Date,Open,High,Low,Close,Volume
2008-06-26,0.3831335392346752,0.372260630488749,0.3784592176446109,0.3755147000970389,0.012451480420396802
2008-06-27,0.41773543422499093,0.4059738942423192,0.37669059508947145,0.37362637362637363,0.03217487412501535
2008-06-30,0.42383395278228553,0.4121933641192643,0.37892738243861857,0.3745443101051693,0.026971989609775888
2008-07-01,0.3652567659529916,0.36334516723166854,0.34248855597170214,0.36460436937763907,0.08300676048543675
2008-07-02,0.3744961524367899,0.3653204495101834,0.35684560965459844,0.3482388732985391,0.11829994543733299
2008-07-03,0.3570643354446946,0.3450070736459976,0.34974511027881827,0.3512549503002964,0.015524710981086497
2008-07-07,0.3572999005391825,0.3448202226196513,0.34386704119850187,0.3489732224815756,0.0837995513736268
2008-07-08,0.34235460398890216,0.3393214638443265,0.32977007906783196,0.35107136300453723,0.08148491287849936
2008-07-09,0.371145893315186,0.3584603475429091,0.3460778193924261,0.3382464790579349,0.035860574509130314
2008-07-10,0.34669947128723233,0.3335290820276007,0.3393934665002081,0.3365417398830288,0.021293430561622393
2008-07-11,0.3453384285190809,0.33214104583188764,0.33016021639617166,0.3317422434367543,0.024320026364183265
2008-07-14,0.35777103072815775,0.3448202226196513,0.3321629213483146,0.32809672427810854,0.05207547991052344
2008-07-15,0.3186410511437995,0.3134559431972881,0.31106949646275495,0.3116000944163235,0.028411449144019014
2008-07-16,0.31366801026016866,0.31991565010810663,0.3166354556803994,0.33331584882897514,0.026496315076861853
2008-07-17,0.34669947128723233,0.33836051570883274,0.3448293799417397,0.34713734952398423,0.03070743373589493
2008-07-18,0.3505732083965868,0.33908122681045305,0.34069392426134004,0.3460358257494296,0.01669524341012005
2008-07-21,0.3598387687797727,0.34692896991698485,0.35466084061589687,0.34941907734270505,0.016522694805043394
2008-07-22,0.3464639061927447,0.34255131729973587,0.3479244694132335,0.35555613837236755,0.036644038445694596
2008-07-23,0.371145893315186,0.36027547179884145,0.36948605909280063,0.3641585145165098,0.06872875203832755
2008-07-24,0.36185415903261264,0.34898433120679084,0.3479244694132335,0.33968895066747096,0.05571299104457195
2008-07-25,0.3397110401507616,0.33123348370392147,0.3464679567207656,0.34443599360067156,0.0
2008-07-28,0.3510705124849499,0.3379868136561408,0.3146587598834789,0.3269689737470167,0.11306908006721622
2008-07-29,0.32929382819452446,0.3240530656914822,0.3357521847690388,0.33738099609221317,0.019253937139455026
2008-07-30,0.3498926870125111,0.3430317913674825,0.355076987099459,0.35555613837236755,0.04396724996385806
2008-07-31,0.3586609433073339,0.3457277847476179,0.3528401997503121,0.34443599360067156,0.010405769030478924
2008-08-01,0.3440035596503167,0.37298134159036933,0.3426966292134832,0.33803666500563856,0.06756910105285739
2008-08-04,0.35258859864942693,0.33953500787443636,0.33099250936329594,0.3221694773007422,0.032933466190577604
2008-08-05,0.35531068418573,0.3432453353975924,0.3342176446109031,0.3484749141073724,0.04675445400802429
2008-08-06,0.35214364235983886,0.3478632250487148,0.35351643778610065,0.3558184059377376,0.02357853370993491
2008-08-07,0.35319059833533994,0.3401489469610015,0.3393934665002081,0.33064071966219943,0.06559489629207038
2008-08-08,0.3317803486363399,0.3323812828657611,0.3274292550977944,0.3448818484618008,0.05695192111886112
2008-08-11,0.3498926870125111,0.34113658810025904,0.3479244694132335,0.3514385375960556,0.04553573232892427
2008-08-12,0.3523792074543265,0.3393214638443265,0.34113607990012484,0.3363056990741955,0.04556371318380158
2008-08-13,0.3328534785112286,0.3194084830365962,0.32365792759051204,0.32432007133677776,0.06319476074037342
2008-08-14,0.3107627074281526,0.31556469049462144,0.31960049937578017,0.3290408875134412,0.14125201889640399
2008-08-15,0.3306810448620635,0.31812721885593787,0.3065699126092385,0.32809672427810854,0.02314793944321208
2008-08-18,0.33853321467832276,0.325200864853322,0.31892426133999163,0.3102363030763986,0.026183862197398714
2008-08-19,0.31099827252264045,0.2971198248938953,0.30831252600915526,0.3011618453145899,0.029669033121559715
2008-08-20,0.31251635868711725,0.29866801911219065,0.3114856429463171,0.31068215793752785,0.020570591810625576
2008-08-21,0.29901062660315125,0.30753009636174355,0.30792238868081556,0.31878622570746673,0.020862836294899555
2008-08-22,0.32717374234413443,0.31831406988228395,0.32950998751560534,0.3245298853890741,0.023992028565343843
2008-08-25,0.29901062660315125,0.30680938526012325,0.30792238868081556,0.3048598179863098,0.0747710621998859
2008-08-26,0.2996126262890647,0.2964258067960388,0.3077143154390345,0.3102363030763986,0.051960447507139004
2008-08-27,0.30940166466000096,0.3044604009289167,0.31507490636704105,0.3116000944163235,0.031024550091170954
2008-08-28,0.3321991310265403,0.3205829752021996,0.3344517270079068,0.33397151774240097,0.04525126030433843
2008-08-29,0.34261634298277766,0.32936497344046134,0.33239700374531833,0.32432007133677776,0.019869515946755543
2008-09-02,0.3243731351096687,0.31916824600272276,0.3034228048272991,0.294369115371502,0.035597865371671256
2008-09-03,0.30346018949903153,0.29984251127779427,0.30703807740324596,0.29801463453014776,0.039062827900643096
2008-09-04,0.3046903627702454,0.29068681098684035,0.26880461922596754,0.25946130242072973,0.1893992976805426
2008-09-05,0.27184211903889455,0.25718709126338,0.2512744486059093,0.25287838652993777,0.11986687331046159
2008-09-08,0.31031775113856475,0.2964258067960388,0.27983250104036617,0.28120328358991853,0.08237408226682233
2008-09-09,0.2897188923205779,0.27541841283399626,0.26165210153974205,0.25560596920978784,0.06023189910725528
2008-09-10,0.2707428152646182,0.25718709126338,0.26292655014565136,0.2637362637362637,0.07433269547347493
2008-09-11,0.2444642202795373,0.24845847903264562,0.24992197253433213,0.26310682157937526,0.11277061761519175
2008-09-12,0.2707428152646182,0.26276592904999596,0.2672440699126092,0.27438432689029346,0.01815957481536522
2008-09-15,0.2582840391561535,0.2536903077703334,0.23842592592592604,0.23247396994413694,0.2067132288818384
2008-09-16,0.22098623252892213,0.23415102901529528,0.21353516437786102,0.24878701251016277,0.21500333438520622
2008-09-17,0.2354342249908391,0.23185543069161563,0.20411985018726597,0.19486480107005166,0.19632922273848627
2008-09-18,0.18164686174946343,0.22950644636040907,0.07527049521431539,0.24448582443809186,0.2159500199752214
2008-09-19,0.31709679107993505,0.3863812294797535,0.2816011235955056,0.3036271604290697,0.12442619816352321
2008-09-22,0.30346018949903153,0.3028588207030938,0.26831044527673753,0.2655983634503922,0.0881925455893623
2008-09-23,0.2801915929435167,0.28489442917011454,0.25847898460258023,0.27218127934118397,0.1541822828335901
2008-09-24,0.31709679107993505,0.30333929477084065,0.24383583021223476,0.2399485955571875,0.06353830345858912
2008-09-25,0.26841333821912794,0.2652216853962577,0.25559196837286724,0.2680636785648718,0.0891174682922507
2008-09-26,0.24357430770036115,0.2698929610549077,0.25283499791926756,0.27782003199664285,0.14957476873046197
2008-09-29,0.2639114275244726,0.24909911112297478,0.16310341240116522,0.2127514490282988,0.1671187647385267
2008-09-30,0.22431031775113863,0.2802765395189921,0.20388576779026213,0.2266254032363817,0.1604437763583539
2008-10-01,0.19470763754384135,0.20713770920641716,0.20427590511860172,0.21233182092370628,0.14621862063712407
2008-10-02,0.20831806522535734,0.19838240397191897,0.17080212234706615,0.16063888378924185,0.25863325959859906
2008-10-03,0.1949432026383291,0.17924352027333645,0.1629213483146068,0.15269217655852507,0.1849845405776803
2008-10-06,0.1497147044966759,0.13263753570189252,0.08606429463171039,0.10965406908127673,0.3296346788497381
2008-10-07,0.14115583939695342,0.12390892347115823,0.07862567623803585,0.0702877075192111,0.2620624688130055
2008-10-08,0.07870491545830505,0.061180364626431394,0.051966292134831504,0.0575415038422199,0.19481048411542412
2008-10-09,0.06949170287389417,0.053305928516135914,0.0007022471910113071,0.018988171732801873,0.23867513761139875
2008-10-13,0.11919593781081517,0.10151349331340265,0.03974198918019145,0.09470481785517582,0.6474008117556898
2008-10-14,0.1467570538658849,0.1296212262765929,0.07168123179359143,0.11256523905688587,0.4081100953369905
2008-10-15,0.06127309846620954,0.04956890798921609,0.004707657095297635,0.008130294526475956,0.23720303374646545
2008-10-17,0.01701303460189496,0.028881830072338133,0.012406367041198574,0.018542316871672515,0.13594342892940586
2008-10-20,0.027665811652620054,0.05424018364786598,0.02814190595089472,0.07228094101602456,0.18803756274318084
2008-10-21,0.06378579280741248,0.04500440434562103,0.02988451935081149,0.0215846206299668,0.2720796148590775
2008-10-30,0.03554415536826683,0.016202653284574153,0.004473574698293792,0.017676833905950873,0.11093476263685359
2008-11-03,0.03779511071559438,0.019379120732456068,0.010325634623387425,0.01804400849746912,0.13445578014509627
2008-11-04,0.038658849395383,0.04340282411979812,0.04611423220973787,0.05932492328673722,0.18590790878863106
2008-11-05,0.06802596450819243,0.04932867095534266,0.02814190595089472,0.017021164992525484,0.2456128351290306
2008-11-10,0.029393289012197066,0.00992979740010147,0.0,0.0,0.2438764676347006
2009-01-02,0.0,0.002829458398953655,0.008140865584685852,0.019460253350468193,0.3531494783902303
2009-01-05,0.04004606606292216,0.020793849931932895,0.016853932584269704,0.02176820792572587,0.41007186416227653
2009-01-06,0.013767471077841154,0.0058190748204896,0.022341864336246298,0.018988171732801873,0.18220666348513984
2009-01-07,0.019656598440035644,0.0,0.0067883895131086724,0.002045687009887498,0.1324271681664923
2009-05-04,0.015887556928231183,0.005338600752742728,0.014617145235122697,0.02423352304020565,0.13729739140707947
2009-05-05,0.025362508506517334,0.0058190748204896,0.024734706616729163,0.01972252091583837,0.12308933509716352
2009-05-06,0.026278594985080894,0.017830926514160628,0.032901581356637566,0.031970416218626174,0.24649112307379017
2009-05-07,0.0495210176412082,0.03045671729439714,0.026113191843528893,0.023053318996039796,0.1828424506876295
2009-05-08,0.039339370779458815,0.034647518885300155,0.0449438202247191,0.050565186603372836,0.3669937835867414
2009-05-11,0.06127309846620954,0.04244187598430449,0.037115064502704964,0.02743318733772193,0.18733337789543555
2009-05-12,0.03386902580746487,0.01711021541254032,0.032901581356637566,0.03176060216633014,0.05556686880243496
2009-05-13,0.0302832015913731,0.010837359528067636,0.018050353724511026,0.00902200424873456,0.06205220916621716
2009-05-14,0.008349473904622373,0.0014414222032405055,0.017114024136495987,0.01473943717380466,0.030464932993625026
2009-05-15,0.013767471077841154,0.0019218962709873777,0.01851851851851849,0.010674289910566848,0.051187865014138106
2009-05-19,0.03598911165785479,0.031177428396017448,0.04655638784852267,0.04322169477300741,0.1001761239365332
2009-05-20,0.043841281474114036,0.04105383978859145,0.05396899708697467,0.0428282934249522,0.12121617231232229
2009-05-21,0.03687902423703082,0.018044470544270386,0.035788597586350335,0.03556348186419789,0.12980784925158986
2009-05-22,0.036669633041930605,0.02583882764327472,0.04470973782771537,0.038264837787510886,0.09976262908112427
2009-05-26,0.03177511385646237,0.03766382831059978,0.03126300457761133,0.05457788035353672,0.1381741248599014
2009-05-27,0.057922839344605626,0.03947895256653233,0.04900124843945075,0.04101864722389792,0.07234294579331164
2009-05-28,0.04454797675757738,0.03646264314123271,0.04881918435289223,0.05368617063127812,0.04101216079042806
2009-05-29,0.06425692299638808,0.04684622160531726,0.06517894298793181,0.06501612945527024,0.04882814625281946
2009-06-01,0.0674239648222793,0.07684915783573132,0.07779338327091134,0.08906606519971683,0.18143408099213892
2009-06-02,0.08705438936292731,0.07388623441795905,0.08679255097794425,0.08764982034671776,0.07300205037486573
2009-06-03,0.0755116997330263,0.06021941649093776,0.07287765293383275,0.0702877075192111,0.04466210785997758
2009-06-04,0.07624456891587716,0.06227477778074364,0.078391593841032,0.07815573448031687,0.13131415193915097
2009-06-05,0.08817986703659109,0.069882283853402,0.078391593841032,0.07409058721707884,0.12938502744455516
2009-06-08,0.0674239648222793,0.05472065771561274,0.06793591344153138,0.0702877075192111,0.044940361916812915
2009-06-09,0.0739936135685495,0.060005872460828,0.08096650020807328,0.07752629232342845,0.0963303108828426
2009-06-10,0.08072030571114486,0.06691936043562985,0.07862567623803585,0.0749560701828006,0.0480975350421345
2009-06-11,0.08867717112495421,0.078450738061554,0.08837910944652516,0.08744000629442161,0.17236206604414445
2009-06-12,0.08344239124744801,0.06739983450337672,0.08837910944652516,0.08521073198877493,0.16722602468222297
2009-06-15,0.0827618698633722,0.06435683207431331,0.06452871410736583,0.05979700490440343,0.08102322877302397
2009-06-16,0.07674187300424018,0.058217441208659126,0.05846858094049112,0.04891290094154055,0.18148537922608063
2009-06-17,0.054075276134638584,0.03510129994928324,0.048142946317103585,0.04555587610480216,0.12720096627218844
2009-06-18,0.04567345443124127,0.0348610629154098,0.05396899708697467,0.047365522305856556,0.12482725708343115
2009-06-19,0.04821232267183162,0.039959426634279205,0.05870266333749474,0.049621023368040085,0.29769453300730453
2009-06-22,0.04821232267183162,0.029122067106211458,0.03643882646691643,0.02515145951900133,0.12716210397374775
2009-06-23,0.03779511071559438,0.01849825160825347,0.038701622971285876,0.03349156809777332,0.0297529756861916
2009-06-24,0.04617075851960428,0.03323278968582333,0.048142946317103585,0.04080883317160178,0.0641181289513242
2009-06-25,0.039339370779458815,0.0392387155326589,0.04567207657095296,0.0575415038422199,0.06035159498645261
2009-06-26,0.0603831858870334,0.06326241892000106,0.06408655846858091,0.05801358545988622,0.023943839315277392
2009-06-29,0.06334083651782452,0.0481007927822118,0.06749375780274658,0.06454404783760392,0.04865404315580517
2009-06-30,0.06718839972779145,0.048474494834903736,0.05906679151061178,0.051011041464502194,0.19910243635521385
2009-07-01,0.06441396639271313,0.05197127832795023,0.07464627548897218,0.06525217026410346,0.16828463369174734
2009-07-02,0.05860336072868144,0.03971918960040577,0.05240844777361631,0.041254688032731024,0.08066569562736962
2009-07-06,0.031513374862587096,0.021487868029789414,0.040236163129421576,0.04010071074510224,0.17075938485645042
2009-07-07,0.04187823902004928,0.022662360195392806,0.03415002080732421,0.02423352304020565,0.1562590840622605
2009-07-08,0.023713552845102903,0.00992979740010147,0.021171452351227638,0.022187836030318153,0.10358978823156334
2009-07-09,0.030047636496885355,0.01404051997971334,0.036906991260923894,0.028980565973406147,0.03703421592203912
2009-07-10,0.02329477045490247,0.00648639991458233,0.02814190595089472,0.02536127357129747,0.25920531263164603
2009-07-13,0.027665811652620054,0.022662360195392806,0.027491677070328735,0.040336751553935346,0.32590856167524485
2009-07-14,0.04617075851960428,0.04500440434562103,0.04920932168123182,0.04555587610480216,0.19518356218045474
2009-07-15,0.06221535884416063,0.05645570296025415,0.0707969205160216,0.07275302263369099,0.4886032423592835
2009-07-16,0.06991048526409471,0.06160745268665091,0.07862567623803585,0.07663458260116973,0.26581034887462557
2009-07-17,0.07648013401036491,0.06206123375063399,0.08294319600499378,0.07836554853261302,0.11444325094007901
2009-07-20,0.09139925666125748,0.0765822277980941,0.0962078651685393,0.09399669542867628,0.1625516674257769
2009-07-21,0.10223525100769515,0.08512398900248241,0.0973002496878902,0.09399669542867628,0.15839806496843603
2009-07-22,0.09187038685023297,0.0839761898406427,0.09797648772367873,0.09651446405623021,0.3849217391034001
2009-07-24,0.1130450714547454,0.10033900114779915,0.1160008322929672,0.11757454955545643,0.13214735961771934
2009-07-27,0.11919593781081517,0.10356885460320853,0.12141073657927592,0.12074798709643586,0.05544561843130001
2009-07-28,0.11445846202167198,0.10033900114779915,0.11685913441531426,0.11715492145086415,0.042603960534558685
2009-07-29,0.11537454850023565,0.09761631476390042,0.11467436537661257,0.10781819612368537,0.07420522713458946
2009-07-30,0.12416897869444588,0.11576755732322563,0.1325946733250104,0.12531144273387707,0.10824393709282026
2009-07-31,0.12963932366643993,0.12041213997811173,0.1351435705368289,0.1318943586246688,0.12263075997556339
2009-08-03,0.1488509658168874,0.13562715212342846,0.15301186017478163,0.15093498387054483,0.13014983747786793
2009-08-04,0.1422813170706172,0.13538691508955503,0.1504109446525177,0.14794513362532458,0.16420098337159975
2009-08-05,0.14858922682301212,0.13359848383738626,0.1472118185601331,0.147027197146529,0.19401458424335882
2009-08-06,0.15327435481338014,0.13725542535301505,0.14611943404078243,0.14117863043877377,0.08406692398689875
2009-08-07,0.14790870543893642,0.13517337105944527,0.15241364960466086,0.14749927876419533,0.26771149251434406
2009-08-10,0.14790870543893642,0.1307957184421964,0.14635351643778616,0.14186052610873612,0.11075755055596403
2009-08-11,0.13864314505575037,0.12249419427168151,0.13797856845609657,0.1323139867292613,0.12224213699115649
2009-08-12,0.1327540176935561,0.13124949950617948,0.14164585934248852,0.14209656691756933,0.08186887238709337
2009-08-13,0.15918965607496205,0.14230040306435687,0.15301186017478163,0.15311180466311736,0.43891546206495596
2009-08-14,0.1549494843741821,0.13797613645463536,0.1470297544735747,0.14390621311862373,0.08524678336755806
2009-08-17,0.12233680573731875,0.10543736486666844,0.12427174365376614,0.1173647355031604,0.11120368974206316
2009-08-18,0.12537297806627234,0.11472653017644074,0.13194444444444453,0.12919300270135603,0.19414516156611952
2009-08-19,0.11964089410040302,0.12086592104209493,0.11959009571369117,0.13273361483385349,0.10401727351441091
2009-08-20,0.13796262367167467,0.12892720817873649,0.14765397419891801,0.14296204988329098,0.11423339452849929
2009-08-21,0.15327435481338014,0.14742545978698984,0.16167290886392016,0.16111096540690817,0.22305249363824173
2009-08-24,0.16261843689472866,0.15546005391986772,0.17035996670828124,0.162238715938,0.318190509204924
2009-08-26,0.16261843689472866,0.14742545978698984,0.16658863920099876,0.16176663432033367,0.8064735262250562
2009-08-27,0.15877087368476162,0.15295091156607865,0.16073657927590512,0.16449421700018363,0.30979625274173517
2009-08-28,0.17688321206093294,0.16034487360862726,0.16991781106949655,0.16428440294788738,0.15927946189707087
2009-08-31,0.17167460608281415,0.1550329658596481,0.15980024968789008,0.15547221275144896,0.379613149136402
2009-09-01,0.15445218028581909,0.14579718655740337,0.1435705368289637,0.1357496918356108,0.5457292665751589
2009-09-02,0.13408888656232,0.12460294156901475,0.1400593008739076,0.1372970704712948,0.06584206051015316
2009-09-03,0.14701879285976016,0.13031524437444952,0.14809612983770293,0.147027197146529,0.12060525698083466
2009-09-04,0.15042139978013924,0.14416891332781678,0.15441635455680391,0.1583833827270582,0.12934927412998973
2009-09-08,0.1784798199235723,0.16469583322211245,0.17982729920932172,0.17488001258884311,0.13948300707138384
2009-09-09,0.17167460608281415,0.17067506606518446,0.18138784852267997,0.1832988014372262,0.1727195991897988
2009-09-10,0.18455216458147938,0.177134772976003,0.1874479816895548,0.1930289281124603,0.165038854525981
2009-09-11,0.1960948542113804,0.18268691775885537,0.19821577195172713,0.19195363109444263,0.10636611083216617
2009-09-14,0.20423493692090244,0.18823906254170775,0.19283187682064096,0.19486480107005166,0.07090970422681903
2009-09-15,0.19517876773281684,0.18551637615780914,0.19735746982937996,0.1989299483332897,0.13749325739122054
2009-09-16,0.21033345547819715,0.20137202039345492,0.213040990428631,0.2152692176558525,0.23639003446308626
2009-09-17,0.21483536617285237,0.21111496676721042,0.21865896795672068,0.21366938550709436,0.2977333953057452
2009-09-18,0.21664136523059208,0.2022795825214212,0.2195432792342905,0.2141152403682237,0.08229013970219043
2009-09-21,0.20402554572580234,0.19261671515895684,0.20809925093632953,0.20616853313750683,0.18772977333953056
2009-09-23,0.22431031775113863,0.21111496676721042,0.21595401581356632,0.20761100474704286,0.19252848995098687
2009-09-24,0.21483536617285237,0.19904972906601182,0.1989180191427382,0.1935272364866637,0.08205852040348392
2009-09-25,0.19334659477568972,0.18180604863465277,0.1968893050353725,0.19127173542448006,0.12016378127054844
2009-09-28,0.1940794639585406,0.19307049622294004,0.20245526425301708,0.20530305017178518,0.2038483002407908
2009-09-29,0.20939119510024606,0.19349758428315944,0.20809925093632953,0.20393925883186015,0.2868146439358492
2009-09-30,0.21033345547819715,0.1958732616181299,0.20245526425301708,0.20275905478769451,0.09834026895819505
2009-10-01,0.19968067842747206,0.18359447988682165,0.18612151477320016,0.17813213039943354,0.15091007730488407
2009-10-05,0.1752342563995184,0.17254357632864437,0.1820120682480233,0.18628865168244646,0.16297293474087396
2009-10-06,0.19792702716850752,0.19077489789926072,0.20227320016645867,0.1977759710456607,0.340161698251352
2009-10-08,0.21509710516672786,0.20436163681499098,0.21780066583437374,0.2155052584646857,0.1686934650713434
2009-10-09,0.21483536617285237,0.20137202039345492,0.21845089471493973,0.21684282304807367,0.0880122245245975
2009-10-12,0.21849971208710672,0.21570616341456905,0.22791822721597998,0.22182590679010727,0.10438568810362865
2009-10-13,0.22004397215097116,0.20580305901823137,0.22227424053266753,0.2197802197802199,0.1155873570061729
2009-10-14,0.23928178820080626,0.22745108507060308,0.24162505201831042,0.2424663641847412,0.18103457656416866
2009-10-15,0.23839187562163,0.2290259722926622,0.24427798585101945,0.2435416612027591,0.1707966926629535
2009-10-16,0.23271213945453595,0.22005712302805436,0.2344205160216396,0.2322641558918409,0.11731128856500186
2009-10-19,0.2386536146155055,0.2329498438459281,0.24474615064502703,0.24613811009992392,0.20544165447685905
2009-10-20,0.24674134952625237,0.23551237220724452,0.24050665834373697,0.23588344829394947,0.4089324215719955
2009-10-21,0.23661205046327805,0.2329498438459281,0.24162505201831042,0.23205434183954476,0.23727920385140921
2009-10-22,0.23362822593309962,0.22926620932653563,0.23285996670828124,0.24204673608014893,0.13658077062383317
2009-10-23,0.24108778725854574,0.22787817313082237,0.23265189346650028,0.22840882268089902,0.1823527857272768
2009-10-26,0.23271213945453595,0.2241945386114299,0.22136392009987527,0.2152692176558525,0.24414539473991015
2009-10-27,0.21373606239857612,0.2022795825214212,0.2144454848106533,0.20713892312937654,0.09724746112604286
2009-10-28,0.20174841647908703,0.1870378773723408,0.18898252184769038,0.18036140470508022,0.34373858419983305
2009-10-29,0.1918023347118255,0.1972079118063157,0.20047856845609657,0.2127514490282988,0.22709572716801105
2009-10-30,0.20852745642045745,0.19261671515895684,0.18430087390761551,0.17876157255632208,0.2774876923100838
2009-11-02,0.18434277338637906,0.1806315564690495,0.18430087390761551,0.1848724068294474,0.14620152122581015
2009-11-03,0.17643825577134487,0.17208979526466117,0.18268830628381194,0.18694432059587196,0.31963463221498
2009-11-04,0.19470763754384135,0.1880255185115982,0.20227320016645867,0.1930289281124603,0.3908832156842018
2009-11-05,0.20282154635397587,0.19373782131703288,0.20921764461090298,0.20845026095622754,0.7917213977369706
2009-11-06,0.19855520075380828,0.19373782131703288,0.2074750312109862,0.20845026095622754,0.15036289614283915
2009-11-09,0.2273464900800921,0.22232602834797,0.23124739908447767,0.2370111988250413,0.3709903823583819
2009-11-10,0.22889075014395643,0.22256626538184343,0.23670932168123182,0.2352015526239869,0.1499323018761163
2009-11-11,0.2444642202795373,0.23137495662386875,0.24498023304203076,0.24107634608827933,0.2696048636943744
2009-11-12,0.2363764853687902,0.22488855670928665,0.23416042446941332,0.22683521728867795,0.14645490341164347
2009-11-13,0.23250274825943573,0.22443477564530334,0.2360330836454433,0.23682761152928222,0.10515360712081667
2009-11-16,0.24634874103543947,0.24221231615193672,0.2541614648356221,0.25224894437304957,0.21812009072014948
2009-11-17,0.24108778725854574,0.23551237220724452,0.2501300457761132,0.24994098979779178,0.07931328764163365
2009-11-18,0.3267811338533214,0.31321570616341465,0.2512744486059093,0.25830732513310073,0.11280481643781953
2009-11-19,0.23907239700570593,0.22558257480714294,0.23369225967540574,0.23362794723176594,0.3630686914442318
2009-11-20,0.22593309951316543,0.2131436350532525,0.2303890969621306,0.22709748485404813,0.15334752066308407
2009-11-23,0.24357430770036115,0.23505859114326144,0.24992197253433213,0.24335807390699982,0.12963685513845083
2009-11-25,0.24564204575197612,0.2352721351733711,0.2510403662089056,0.24970494898895856,0.11966323486663236
2009-11-27,0.20559597968905396,0.2152256893468223,0.21509571369121927,0.2238453670434577,0.13924050632911392
2009-11-30,0.23140344448515948,0.21658703253877165,0.22877652933832715,0.22814655511552884,0.12203849854732729
2009-12-01,0.24653195833115216,0.23756773349705052,0.25176862255513943,0.24878701251016277,0.7517289836576262
2009-12-02,0.2505889127362194,0.24106451699009712,0.25686641697877655,0.25062288546775413,0.12368936898508776
2009-12-03,0.2607443856985815,0.2458692576675654,0.25327715355805247,0.24380392876812929,0.13374848631347575
2009-12-04,0.2573941265769776,0.24562902063369196,0.24921972534332093,0.2456660284822576,0.13585482288896109
2009-12-07,0.24540648065748827,0.23319008087980153,0.24945380774032466,0.24042067717485383,0.1087087301821709
2009-12-08,0.23472752970737587,0.22443477564530334,0.23369225967540574,0.2272810721498072,0.21190367746157684
2009-12-09,0.2295189237292572,0.2140245041774551,0.22856845609654597,0.22906449159432463,0.0784816344550029
2009-12-10,0.23682144165837837,0.2218989402877507,0.23983042030794832,0.23362794723176594,0.05241902262873914
2009-12-11,0.2386536146155055,0.22334036249099132,0.2407407407407408,0.2352015526239869,0.13576155337270343
2009-12-15,0.23789457153326699,0.22443477564530334,0.24274344569288386,0.2354375934328201,0.2331053929988792
2009-12-16,0.24469978537402515,0.23137495662386875,0.24856949646275495,0.2413386136536494,0.13979545995084697
2009-12-17,0.22930953253415698,0.21453167124896555,0.22971285892634208,0.22182590679010727,0.43766565054710344
2009-12-18,0.2273464900800921,0.21266316098550586,0.22588951310861427,0.22641558918408566,0.1675991027472536
2009-12-21,0.23318326964351144,0.22147185222753119,0.23842592592592604,0.23158226022187833,0.10626817784009564
2009-12-22,0.23765900643877924,0.22307343245335387,0.24274344569288386,0.23722101287733754,0.19485090090580245
2009-12-23,0.24422865518504955,0.2290259722926622,0.2463587182688307,0.24270240499357443,0.2364941854229073
2009-12-24,0.2322933570643354,0.21864239382857753,0.24027257594673324,0.23362794723176594,0.10620599816259053
2009-12-28,0.23928178820080626,0.22398099458132026,0.24274344569288386,0.23588344829394947,0.15166866937044632
2009-12-29,0.2388630058106056,0.2276913221044765,0.24383583021223476,0.2354375934328201,0.15707985580532785
2009-12-30,0.2304873580065958,0.22171208926140462,0.23842592592592604,0.23339190642293273,0.18097239688666356
2009-12-31,0.23993613568549443,0.24538878359981853,0.23670932168123182,0.22840882268089902,0.22740040758778604
2010-01-04,0.24310317751138555,0.23756773349705052,0.24836142322097376,0.2513047811377167,0.6454110620755265
2010-01-06,0.2530754331780348,0.24450791447561593,0.26094985434873086,0.2592252616118964,0.2278045754915692
2010-01-08,0.2555357797204628,0.24725729386327866,0.25847898460258023,0.2619266175352095,0.14996339171486886
2010-01-11,0.26841333821912794,0.2555855110375571,0.27039117769454846,0.2651000550761886,0.29385338342942685
2010-01-12,0.2589383866408418,0.24402744040786906,0.25889513108614237,0.25379632300873345,0.16399889941970816
2010-01-14,0.26166047217714505,0.2500867522622321,0.26789429879317517,0.2642083453539301,0.1536475376070462
2010-01-15,0.26050882060409364,0.24800469796866254,0.2562421972534331,0.2531144273387709,0.5267349295892876
2010-01-19,0.2541747369523111,0.2502469102848144,0.25847898460258023,0.2648640142673555,0.502854824443453
2010-01-20,0.2515049992147831,0.23644662733897448,0.24453807740324596,0.2446956384903879,0.29061382223141097
2010-01-22,0.21737423441344295,0.2053225849504845,0.2097118185601332,0.20275905478769451,0.2319612869327853
2010-01-25,0.21281997592001256,0.20113178335958148,0.2171244277985851,0.2100500931049858,0.23580709998647592
2010-01-26,0.20538658849395386,0.1963003496783493,0.20809925093632953,0.20530305017178518,0.25161006502439776
2010-01-27,0.200858503899911,0.18778528147772477,0.1995682480233043,0.20191979857850983,0.4872803697203624
2010-01-28,0.2080825001308696,0.19216293409497387,0.19194756554307124,0.18783603031813056,0.4340918735824976
2010-01-29,0.19455059414751608,0.18180604863465277,0.18430087390761551,0.1785779852605628,0.255549147594346
2010-02-01,0.18816416269695857,0.18159250460454324,0.1966292134831461,0.19740879645414255,0.24740827331699045
2010-02-02,0.2024027639637752,0.19654058671222274,0.20726695796920525,0.21185973930603996,0.22385150249418231
2010-02-03,0.21007171648432188,0.19419160238101607,0.20921764461090298,0.20372944477956412,0.13256396345700353
2010-02-04,0.19287546458671412,0.17665429890825612,0.17597794423637114,0.16997560911642062,0.31132898179223595
2010-02-05,0.16397947966288018,0.14948082107679572,0.1512952559300874,0.16200267512916677,0.6566267214055094
2010-02-08,0.15853530859027387,0.15177641940047515,0.1635715771951728,0.1561803351779485,0.19910399084715147
2010-02-09,0.17146521488771405,0.16544323732749644,0.1719205160216396,0.1756143617718796,0.1707966926629535
2010-02-10,0.1752342563995184,0.15866321437151332,0.17215459841864333,0.17063127802984612,0.19697433689260171
2010-02-11,0.17052295450976285,0.1679523796812855,0.175067623803579,0.18264313252380082,0.15557821659357962
2010-02-12,0.16939747683609907,0.16146597976670307,0.17441739492301278,0.17697815311180465,0.07888269337491081
2010-02-16,0.18638433753860661,0.18036462643141238,0.19106325426550141,0.19596632484460652,0.3575549085414668
2010-02-17,0.200858503899911,0.18727811440621422,0.20497815230961303,0.19961184400325205,0.13907262119985014
2010-02-18,0.1972465057844318,0.19026773082775006,0.20542030794839772,0.20509323611948915,0.21624692793530825
2010-02-19,0.19879076584829602,0.1896270987374209,0.2036516853932584,0.20275905478769451,0.25099448621709725
2010-02-22,0.20559597968905396,0.19216293409497387,0.21012796504369546,0.20372944477956412,0.34399973884535445
2010-02-23,0.20221954666806263,0.18618370125190187,0.19462650853100283,0.18647223897820564,0.23084049824575584
2010-02-24,0.19112181332774958,0.1833542428529482,0.19821577195172713,0.19439271945238534,0.24633256489615218
2010-02-25,0.18164686174946343,0.17646744788191027,0.18492509363295884,0.19237325919903492,0.2895179054153836
2010-02-26,0.19384389886405273,0.18383471692069508,0.19917811069496472,0.1977759710456607,0.15415430197871277
2010-03-01,0.20174841647908703,0.19373782131703288,0.21085622138992932,0.20616853313750683,0.14867782688245088
2010-03-02,0.21439040988326452,0.20390785575100767,0.2198033707865169,0.21435128117705693,0.11294627520414366
2010-03-03,0.22253049259278657,0.21063449269946355,0.22588951310861427,0.21749849196149917,0.2779151775929314
2010-03-04,0.22030571114484643,0.20689747217254373,0.22271639617145245,0.21933436491909053,0.11602261474870859
2010-03-05,0.2277129246715176,0.22307343245335387,0.23348418643362456,0.236591570720449,0.13214735961771934
2010-03-08,0.23928178820080626,0.22558257480714294,0.24498023304203076,0.2376668677384668,0.1474388968081617
2010-03-09,0.2322933570643354,0.22702399701038356,0.24050665834373697,0.2376668677384668,0.11122234364531469
2010-03-10,0.23928178820080626,0.23070763152977602,0.2463587182688307,0.24228277688898214,0.09642979836685077
2010-03-12,0.2505889127362194,0.23551237220724452,0.25236683312526,0.2459020692910907,0.1150121949892507
2010-03-15,0.24129717845364607,0.2276913221044765,0.24357573866000837,0.24178446851477886,0.10771074635821401
2010-03-16,0.24634874103543947,0.23804820756479717,0.2515345401581357,0.25287838652993777,0.06231802728755148
2010-03-17,0.2578390828665654,0.24701705682940522,0.26472118185601323,0.2572058013585461,0.189514330083927
2010-03-18,0.2576296916714652,0.24450791447561593,0.2586870578443612,0.25332424139106724,0.06434663926615544
2010-03-19,0.2537297806627232,0.24106451699009712,0.2510403662089056,0.2459020692910907,0.11101248723373497
2010-03-22,0.2359053551798147,0.23575260924111796,0.24274344569288386,0.24855097170132967,0.12137317599802269
2010-03-23,0.25223786839763385,0.24336011531377633,0.25847898460258023,0.2574418421673792,0.1619656239652913
2010-03-25,0.2580746479610533,0.24402744040786906,0.2539533915938411,0.24613811009992392,0.10636921981604143
2010-03-26,0.2524472595927342,0.24082427995622369,0.2546556387848522,0.24994098979779178,0.3490704915458956
2010-03-29,0.260090038213893,0.2466166617729495,0.2652153558052436,0.2592252616118964,0.12784918941017911
2010-03-30,0.26346647123488454,0.2502469102848144,0.2656835205992508,0.2616905767263764,0.22498783610058806
2010-03-31,0.26050882060409364,0.24957958519072143,0.2652153558052436,0.2607988670041177,0.11278149905875512
2010-04-01,0.2714233366486939,0.2608707257827725,0.27710153974198914,0.2732303496026647,0.20180569783474817
2010-04-05,0.2777312464010887,0.2673571256973548,0.28245942571785276,0.2809672427810854,0.15734567392666218
2010-04-06,0.2765795948280375,0.26759736273122825,0.28206928838951306,0.28120328358991853,0.15074685565143317
2010-04-07,0.2795372454588284,0.2650348343699116,0.27868809821056995,0.2732303496026647,0.150196565505513
2010-04-08,0.26841333821912794,0.2615914368843928,0.2719777361631295,0.27485640850795967,0.08699403230545145
2010-04-09,0.279118463068628,0.270586979152764,0.2874791926758218,0.28484880274856406,0.15997898326900328
2010-04-12,0.2847458514369471,0.27541841283399626,0.29374739908447767,0.2868420362453774,0.305456111251879
2010-04-13,0.28566193791551064,0.2730694285027895,0.2858666250520183,0.28600278003619306,0.20010042017917073
2010-04-14,0.2940114118201328,0.28468088514000467,0.2991573033707866,0.298460489391277,0.367488112022907
2010-04-15,0.3068366225200231,0.29287563729546484,0.3011860174781522,0.2973065121036482,0.13537293038829654
2010-04-16,0.2919960215672931,0.27774070416143926,0.27983250104036617,0.27692832227438435,0.2289828803802909
2010-04-19,0.2666596869601633,0.2620185249446121,0.2717176446109031,0.27577434498675557,0.20049681562326577
2010-04-20,0.28521698162592257,0.2708272161866374,0.2879213483146068,0.28348501140863913,0.11581120384519125
2010-04-21,0.2840653300528714,0.26965272402103424,0.28316167290886396,0.2798394922499936,0.23355464116885358
2010-04-22,0.26959116369156677,0.26367349117796235,0.2719777361631295,0.27666605470901406,0.21615676740292586
2010-04-23,0.27843794168455205,0.2708272161866374,0.28092488555971706,0.28508484355739716,0.15477143527795093
2010-04-26,0.2844841124430718,0.2744841577022663,0.29127652933832704,0.2832489705998058,0.19144345457852283
2010-04-27,0.2740930743862221,0.26367349117796235,0.25847898460258023,0.2513047811377167,0.3117673485186469
2010-04-28,0.2578390828665654,0.24474815150948936,0.2539533915938411,0.25287838652993777,0.2887748582691976
2010-04-29,0.26166047217714505,0.256065985105304,0.2708073241781106,0.26966351071363004,0.17633845642059576
2010-04-30,0.2720776841333822,0.25742732829725345,0.26498127340823974,0.2563140916362874,0.32043985903867106
2010-05-03,0.26050882060409364,0.25393054480420685,0.26789429879317517,0.2655983634503922,0.1305431239380877
2010-05-04,0.24310317751138555,0.22950644636040907,0.2360330836454433,0.23158226022187833,0.30380834979799376
2010-05-05,0.21261058472491223,0.21357072311347203,0.2205056179775282,0.21888851005796106,0.5593668243439655
2010-05-06,0.21509710516672786,0.20553612898059426,0.16856533499791937,0.18172519604500526,0.6453411099383333
2010-05-07,0.18544207716065542,0.18778528147772477,0.16786308780690806,0.17488001258884311,0.43465770864779407
2010-05-10,0.21959901586138308,0.22651682993887312,0.22679983354140654,0.22746465944556649,0.3701338573007491
2010-05-11,0.20918180390514574,0.21338387208712595,0.21865896795672068,0.21571507251698185,0.36817364296740074
2010-05-12,0.21624875673977917,0.21453167124896555,0.2256814398668331,0.22746465944556649,0.13090065708374204
2010-05-13,0.22548814322357746,0.21338387208712595,0.2247711194340407,0.21660678223924057,0.2965861802557761
2010-05-14,0.20763754384128152,0.19307049622294004,0.1966292134831461,0.19399931810433002,0.2788509817393832
2010-05-17,0.1960948542113804,0.1841016469583323,0.1845609654598418,0.19578273754884723,0.15248477763770077
2010-05-18,0.20329267654295147,0.1905079678616235,0.1853932584269663,0.17991554984395086,0.2368657089960003
2010-05-19,0.1727739098570905,0.16496276325974957,0.17127028714107373,0.17380471557082544,0.24443297574837125
2010-05-20,0.15539444066377006,0.13842991751861833,0.14611943404078243,0.13892312937659002,0.5786316429269839
2010-05-21,0.13120975762969167,0.14206016603048344,0.13490948813982517,0.1583833827270582,0.6940915315942713
2010-05-24,0.15518504946866996,0.14072551584229787,0.15327195172700792,0.14458810878858608,0.15978156279292458
2010-05-25,0.12416897869444588,0.12390892347115823,0.1220609654598418,0.13845104775892358,0.5104889343491419
2010-05-26,0.14607653248180918,0.1367482582815045,0.1422960882230545,0.1329696556426867,0.10896366685994183
2010-05-27,0.15853530859027387,0.15802258228118415,0.1640657511444028,0.1742505704319547,0.10337837732804599
2010-05-28,0.17099408469873845,0.1559138349838507,0.1640657511444028,0.15701959138713328,0.09621061500364528
2010-06-01,0.14947913940218815,0.15044176921228947,0.15618497711194346,0.1458994466154372,0.23017362120451362
2010-06-02,0.14995026959116364,0.15481942182953856,0.1587078651685393,0.17110335964751244,0.03370293969970324
2010-06-03,0.17253834476260277,0.16034487360862726,0.17238868081564718,0.171942615856697,0.11244572880022757
2010-06-04,0.14814427053342416,0.1389103915863652,0.14380461922596743,0.1372970704712948,0.20907916561090756
2010-06-07,0.14251688216510494,0.12809972506206113,0.13620994590095725,0.12643919326496889,0.10503857471743223
2010-06-08,0.12689106423074914,0.12273443130555495,0.13347898460258012,0.13892312937659002,0.14534965964399024
2010-06-09,0.14654766267078478,0.1367482582815045,0.14247815230961303,0.13666762831440638,0.23170168677920153
2010-06-10,0.15717426582212224,0.14998798814830627,0.16097066167290885,0.16470403105247977,0.10793770218110764
2010-06-11,0.15717426582212224,0.15223020046445834,0.16521015397419891,0.16855936426342155,0.04470097015841827
2010-06-14,0.17711877715542068,0.16656434348557247,0.17821473158551804,0.1681135094022922,0.3911925595797897
2010-06-15,0.17978851489294878,0.17993753837119286,0.1885923845193508,0.19578273754884723,0.09382757886326222
2010-06-16,0.18727425011778254,0.18036462643141238,0.19530274656679159,0.19326496892129352,0.05833697343528728
2010-06-17,0.19748207087891956,0.1813522675706698,0.19600499375780278,0.1937632772954968,0.04570206296625043
2010-06-18,0.1962780715070932,0.18180604863465277,0.20185705368289653,0.19486480107005166,0.06700792946337383
2010-06-21,0.20852745642045745,0.1958732616181299,0.20245526425301708,0.19693671483647623,0.09721792577922794
2010-06-22,0.19677537559545621,0.1852761391239357,0.19106325426550141,0.18172519604500526,0.11701904408072789
2010-06-23,0.18614877244411876,0.17347783146037432,0.18656367041198507,0.183062760628393,0.05409942841331454
2010-06-24,0.1784798199235723,0.16197314683821384,0.17527569704535995,0.16659235752314505,0.12276289179026173
2010-06-25,0.17033973721405027,0.16034487360862726,0.1726227632126509,0.17262451152665959,0.04924008661629077
2010-06-28,0.1727739098570905,0.15965085551077063,0.17733042030794832,0.1681135094022922,0.07230252900293332
2010-06-29,0.15374548500235574,0.1367482582815045,0.14380461922596743,0.13821500695009037,0.3066188712212244
2010-06-30,0.1383814060618751,0.12871366414862673,0.14050145651269252,0.13171077132890974,0.057914151628252586
2010-07-01,0.13641836360781034,0.12134639510984169,0.1306179775280899,0.13412363293031548,0.15099557436145358
2010-07-02,0.13953305763492652,0.12364199343352111,0.13706824802330408,0.1329696556426867,0.11955131144712317
2010-07-06,0.1522012249384913,0.14141953394015427,0.1474719101123596,0.14435206797975297,0.2528692034938761
2010-07-07,0.14835366172852427,0.1550329658596481,0.1575634623387433,0.1708935455952162,0.08227459478281415
2010-07-08,0.1773281683505208,0.16330779702639941,0.1779806491885143,0.1785779852605628,0.17799399033416913
2010-07-09,0.1773281683505208,0.1688332488054881,0.18588743237619643,0.1848724068294474,0.0666053160515283
2010-07-12,0.17978851489294878,0.16843285374903239,0.1853932584269663,0.18080725956620947,0.0817693849030852
2010-07-13,0.19384389886405273,0.18244668072498194,0.20118081564710777,0.19596632484460652,0.15113081516002716
2010-07-14,0.19564989792179244,0.18383471692069508,0.20003641281731177,0.19620236565343974,0.08411200425308994
2010-07-15,0.1977176359734074,0.1841016469583323,0.19553682896379532,0.19761861050643859,0.16174488611014817
2010-07-16,0.19088624823326183,0.17462563062221392,0.17912505201831053,0.16997560911642062,0.1040157190224733
2010-07-19,0.17957912369784845,0.16424205215812948,0.17982729920932172,0.17608644338954604,0.3666999846105298
2010-07-20,0.16466000104695588,0.1711822331366949,0.17309092800665837,0.18694432059587196,0.04349468441481928
2010-07-21,0.19088624823326183,0.17462563062221392,0.18006138160632545,0.17356867476199223,0.07663645252503898
2010-07-22,0.18860911898654675,0.1870378773723408,0.19821577195172713,0.1989299483332897,0.09082585493170339
2010-07-23,0.19748207087891956,0.19261671515895684,0.20411985018726597,0.2073487371816728,0.08603335628799762
2010-07-26,0.20538658849395386,0.19904972906601182,0.2137432376196421,0.21456109522935296,0.23967156694341807
2010-07-27,0.2222949274982987,0.2066572351386703,0.2205056179775282,0.2152692176558525,0.1761550263719557
2010-07-28,0.21462597497775227,0.20049115126925243,0.2173845193508115,0.21096802958378136,0.08090975086157716
2010-07-29,0.21959901586138308,0.2084990523983664,0.21353516437786102,0.21075821553148533,0.05171639227293148
2010-07-30,0.20174841647908703,0.19904972906601182,0.21085622138992932,0.21254163497600254,0.05231642616085572
2010-08-02,0.23069674920169603,0.22443477564530334,0.23624115688722425,0.23884707178263265,0.1983049819912109
2010-08-03,0.23472752970737587,0.22211248431786035,0.23800977944236368,0.233811534527525,0.09927140962883396
2010-08-04,0.2363764853687902,0.22443477564530334,0.24136496046608413,0.23842744367804036,0.02665953673031275
2010-08-05,0.23203161807046024,0.22256626538184343,0.2407407407407408,0.2376668677384668,0.1020197513745595
2010-08-06,0.2302779668114956,0.22171208926140462,0.23348418643362456,0.2352015526239869,0.18425392936699533
2010-08-09,0.23839187562163,0.22675706697274656,0.24427798585101945,0.23926669988722493,0.07060968728285691
2010-08-10,0.2281840548604932,0.2210180711635481,0.23215771951727016,0.23247396994413694,0.09701739631927399
2010-08-11,0.2110401507616605,0.19517924352027338,0.20583645443196008,0.19761861050643859,0.06197293007739815
2010-08-12,0.18839972779144643,0.18159250460454324,0.19600499375780278,0.19439271945238534,0.11297736504289621
2010-08-13,0.19455059414751608,0.1829271547927288,0.20138888888888895,0.1914815494767763,0.06453317829867075
2010-08-16,0.1918023347118255,0.18268691775885537,0.1966292134831461,0.1953368826877181,0.19835472573321497
2010-08-17,0.20716641365230593,0.19838240397191897,0.21257282563462343,0.20868630176506076,0.08210670965355038
2010-08-18,0.20897241271004563,0.19814216693804554,0.21257282563462343,0.2100500931049858,0.06596641986516337
2010-08-19,0.20763754384128152,0.19349758428315944,0.20003641281731177,0.1953368826877181,0.040015731458408796
2010-08-20,0.19088624823326183,0.17462563062221392,0.19220765709529763,0.1894358624668887,0.03604555904970799
2010-08-23,0.1918023347118255,0.18036462643141238,0.19530274656679159,0.18558052925594692,0.030886200308722096
2010-08-24,0.17549599539339367,0.1605851106425007,0.17597794423637114,0.17110335964751244,0.26662801163381766
2010-08-25,0.16759147777835937,0.15828951231882116,0.17035996670828124,0.17262451152665959,0.1868281680157066
2010-08-26,0.175705386588494,0.16330779702639941,0.17597794423637114,0.16855936426342155,0.0639999875640645
2010-08-27,0.178663037219285,0.17142247017056833,0.17527569704535995,0.18694432059587196,0.09761898469913585
2010-08-30,0.18141129665497557,0.1688332488054881,0.18315647107781952,0.1730965931443259,0.055308823140788776
2010-08-31,0.1723027796681149,0.16352134105650917,0.17912505201831053,0.1742505704319547,0.1442179895133974
2010-09-01,0.19358215987017746,0.1891733176734378,0.20118081564710777,0.20393925883186015,0.1981075615151322
2010-09-02,0.20329267654295147,0.19445853241865318,0.21280690803162727,0.2100500931049858,0.03779902595535188
2010-09-03,0.21737423441344295,0.2066572351386703,0.22339263420724098,0.22093419706784867,0.09637072767322093
2010-09-07,0.21624875673977917,0.20187918746496547,0.21886704119850187,0.2097878255396156,0.056853988126790586
2010-09-08,0.21394545359367634,0.206203454074687,0.22339263420724098,0.21734113142227707,0.07150662913086801
2010-09-09,0.2277129246715176,0.21453167124896555,0.2305971702039118,0.22366177974769863,0.06736235362515293
2010-09-10,0.22391770926032561,0.21357072311347203,0.2323918019142739,0.2277007002543996,0.12092859130386119
2010-09-13,0.2388630058106056,0.22835864719856924,0.24794527673741162,0.2428859922893335,0.10678582365532562
2010-09-14,0.23928178820080626,0.234818354109388,0.2474511027881815,0.2459020692910907,0.10806517051999309
2010-09-15,0.24043343977385756,0.2324960627819448,0.24612463587182698,0.2467937790133493,0.06669858556778595
2010-09-16,0.2420038737371094,0.22950644636040907,0.24921972534332093,0.24424978362925864,0.30053148079347486
2010-09-17,0.24674134952625237,0.2320689747217255,0.24794527673741162,0.24154842770594565,0.09278917824892702
2010-09-20,0.24490917656912525,0.2438138963777594,0.2526009155222637,0.25673371974087966,0.17475909261196618
2010-09-21,0.2576296916714652,0.24773776793102553,0.2602996254681649,0.25607805082745405,0.20322183998992688
2010-09-22,0.25650421399780143,0.24725729386327866,0.26003953391593837,0.2548978467832883,0.128304655547904
2010-09-23,0.24401926398994922,0.23850198862878047,0.2512744486059093,0.24448582443809186,0.05756439094228638
2010-09-24,0.25671360519290165,0.25350345674398733,0.2611839367457346,0.2680636785648718,0.18341450372067644
2010-09-27,0.2679945558289273,0.25465125590582716,0.27281002913025376,0.2642083453539301,0.3234011661798516
2010-09-28,0.2659791655760876,0.25718709126338,0.2660996670828132,0.2705814471924257,0.09988387945225922
2010-09-29,0.2664764696644505,0.2587619784854389,0.2743965875988348,0.26966351071363004,0.09358663261292996
2010-09-30,0.27566350834947395,0.26479459733603816,0.2696629213483147,0.26693592803377997,0.21793044270375891
2010-10-01,0.2761608124378371,0.26276592904999596,0.2789221806075739,0.27530226336908914,0.1868468219189581
2010-10-04,0.2707428152646182,0.25972292662093266,0.2701310861423223,0.2660442183115215,0.13093641039830747
2010-10-05,0.2765795948280375,0.2779809411953127,0.2856325426550146,0.28983188649059777,0.09344517384660585
2010-10-06,0.2917342825734178,0.2800363024851187,0.2970505617977528,0.29211361430931837,0.11446812281108104
2010-10-07,0.29812071402397533,0.28398686704214837,0.29262900540990433,0.28959584568176466,0.0603795758413299
2010-10-08,0.2897188923205779,0.28468088514000467,0.29663441531419066,0.29573290671142693,0.13300388467535212
2010-10-11,0.2985656703135634,0.28468088514000467,0.30155014565126925,0.29481497023263126,0.31237360037432166
2010-10-12,0.28995445741506576,0.28398686704214837,0.29262900540990433,0.29615253481601944,0.13976592460403203
2010-10-13,0.3027534942155682,0.29866801911219065,0.3106013316687475,0.3074562668834746,0.1324038507874279
2010-10-14,0.3112338376171281,0.29757360595787863,0.3103932584269662,0.3079283485011408,0.14499834446608642
2010-10-15,0.311914359001204,0.2980540800256253,0.30901477320016646,0.3069841852658082,0.07002208933043369
2010-10-18,0.3056064492488092,0.2988815631423005,0.31164169787765283,0.3095806341629732,0.14765030771167906
2010-10-19,0.29327854263728204,0.28398686704214837,0.29148460258010833,0.2871043038107479,0.30718470628652084
2010-10-20,0.29424697691462065,0.2933561113632117,0.30272055763628813,0.3043615096121062,0.047575225751091646
2010-10-21,0.30825001308694977,0.2984277820783172,0.30454119850187267,0.3028928112460332,0.07153771896962056
2010-10-22,0.30730775270899857,0.2933561113632117,0.31106949646275495,0.30530567284743904,0.12198409132951032
2010-10-25,0.31251635868711725,0.3039799268611698,0.31736371202663327,0.3100002622675655,0.18398500226178577
2010-10-26,0.3017065382400671,0.2922350052051357,0.30792238868081556,0.30569907419549414,0.2396311501530397
2010-10-27,0.29940323509396427,0.28529482422657026,0.29663441531419066,0.29754255291248133,0.16081685442338453
2010-10-28,0.3056064492488092,0.2938365854309586,0.30792238868081556,0.3043615096121062,0.06878315925614452
2010-10-29,0.30031932157252805,0.2922350052051357,0.30901477320016646,0.3055154868997352,0.17620166113008454
2010-11-01,0.3068366225200231,0.29866801911219065,0.3077143154390345,0.3048598179863098,0.10682624044570392
2010-11-02,0.3175417473695231,0.3055815070869925,0.3231637536412817,0.31747488788061573,0.18721989998398872
2010-11-03,0.32241009265560383,0.3095320716440222,0.31936641697877644,0.32311364053607483,0.14777777605056452
2010-11-04,0.33683191121813316,0.3326482129033981,0.345505617977528,0.34582601169713345,0.17796134600347896
2010-11-05,0.34557399361356855,0.3344099511518033,0.3492769454848108,0.3455637441317634,0.3084018734736832
2010-11-08,0.3397110401507616,0.3288578063689507,0.344361215147732,0.3419444517296546,0.10787707699554017
2010-11-09,0.34779877506150847,0.3346501881856765,0.33710466084061586,0.3321618715413466,0.16730996724685487
2010-11-10,0.33518295555671884,0.3231988895710436,0.33143466500208074,0.3346796401689003,0.14882861260040076
2010-11-11,0.32717374234413443,0.3164722526225876,0.33143466500208074,0.3299325972356999,0.11569617144180683
2010-11-12,0.32387583102130557,0.3134559431972881,0.31892426133999163,0.31566524167956156,0.14948927167389245
2010-11-15,0.3188504423388997,0.3095320716440222,0.3233978360382854,0.31477353195730284,0.1386233730298758
2010-11-16,0.3057896665445218,0.29359634839708515,0.2962182688306285,0.2931626845707991,0.30651316576946575
2010-11-17,0.297414018740512,0.28646931639217366,0.3022263836870578,0.29615253481601944,0.08738265528985834
2010-11-18,0.3134324451656808,0.30491418199289977,0.31936641697877644,0.31747488788061573,0.1267486091183388
2010-11-19,0.31031775113856475,0.3039799268611698,0.315230961298377,0.31747488788061573,0.09873044643453957
2010-11-22,0.3089305344710255,0.30128393348103466,0.3106013316687475,0.3135933279131371,0.17179312199497276
2010-11-23,0.2964455844631734,0.28227851480127075,0.29447565543071175,0.28844186839413566,0.13529520579141516
2010-11-24,0.29880123540805104,0.29068681098684035,0.30724615064502725,0.3045975504209395,0.05606275173053815
2010-11-26,0.29259802125320633,0.2820916637749247,0.29803890969621305,0.29269060295313265,0.03740418500319448
2010-11-29,0.2840653300528714,0.2747510877399033,0.28433208489388284,0.2871043038107479,0.15056342560279312
2010-11-30,0.27252264042297025,0.26919894295705094,0.2816011235955056,0.27758399118780974,0.1526153549604615
2010-12-01,0.2978851489294875,0.2918079171449164,0.30612775697045347,0.303863201237903,0.1127286463328758
2010-12-02,0.30597288384023436,0.3095320716440222,0.3146587598834789,0.32311364053607483,0.36150176357110325
2010-12-03,0.3207349630948019,0.31529776045698443,0.3290418227215979,0.32833276508694165,0.06939407458763215
2010-12-06,0.3245825263047689,0.3138830312575074,0.33016021639617166,0.3254215951113326,0.12552056048761304
2010-12-07,0.3397110401507616,0.3264020500226892,0.332865168539326,0.32432007133677776,0.28508449440926975
2010-12-08,0.3267811338533214,0.31671248965646104,0.328313566375364,0.326077264024758,0.10840871323820879
2010-12-09,0.3311521750510392,0.32036943117208994,0.33263108614232206,0.3290408875134412,0.13728961894739133
2010-12-10,0.32908443699942425,0.32178416037156654,0.33507594673325025,0.3335256628812715,0.39091896899876727
2010-12-13,0.3446840810343924,0.3323812828657611,0.3479244694132335,0.34060688714626663,0.2635407906456893
2010-12-14,0.34261634298277766,0.33328884499372724,0.34693612151477327,0.3419444517296546,0.2893453568103069
2010-12-15,0.3354185206512065,0.32733630515441914,0.33801498127340834,0.3315586561409949,0.19846043118497364
2010-12-16,0.33400513008428,0.3244534607479379,0.33710466084061586,0.3375383566314354,0.22911501219498925
2010-12-17,0.33471182536774313,0.3222913274430772,0.3393934665002081,0.3344435993600672,0.07900860722185865
2010-12-20,0.34015599644034966,0.32685583108667227,0.34048585101955897,0.3358860709696032,0.1167330175642044
2010-12-21,0.34128147411401344,0.33286175693350795,0.3499271743653767,0.3451441160271709,0.07056771600054096
2010-12-22,0.32814217662147305,0.3146037423591277,0.33143466500208074,0.3271263342862387,0.3254888488520854
2010-12-23,0.32654556875883356,0.3129754691295412,0.3316687473990845,0.3252117810590365,0.06541612971924321
2010-12-27,0.32290739674396696,0.3123081440354485,0.328313566375364,0.3258412232159249,0.0954224875912681
2010-12-28,0.33159713134062707,0.31812721885593787,0.3321629213483146,0.3252117810590365,0.09006259939032826
2010-12-29,0.33308904360571645,0.3215439233376931,0.33845713691219315,0.33258149964593864,0.2924185873709966
2010-12-30,0.33471182536774313,0.32295865253717015,0.3366364960466084,0.3317422434367543,0.1299850613324794
2010-12-31,0.330209914673088,0.32309211755598866,0.3386652101539742,0.3352566288127148,0.09033308098747546
2011-01-03,0.34421295084541714,0.33585137335504367,0.35075946733250096,0.3448818484618008,0.3446090996849045
2011-01-04,0.34874103543945967,0.336305154419027,0.344361215147732,0.34304597550420945,0.20542455506554513
2011-01-05,0.33568025964508197,0.33099324667004804,0.34316479400749067,0.34351805712187566,0.15582538081166242
2011-01-06,0.3458357326074438,0.3326482129033981,0.341552226383687,0.3358860709696032,0.8079580660254905
2011-01-07,0.33756478040098414,0.32472039078557513,0.3344517270079068,0.3321618715413466,0.15053078127210293
2011-01-10,0.32717374234413443,0.31529776045698443,0.3292759051186016,0.32759841590390515,0.10724439877692574
2011-01-11,0.3354185206512065,0.3249339348156848,0.3409019975031211,0.33714495528338007,0.09441362232374782
2011-01-12,0.3453384285190809,0.3406294210287484,0.3528401997503121,0.35366781190170204,0.08280467653354516
2011-01-13,0.35622677066429353,0.3448202226196513,0.35892634207240937,0.3529596894752025,0.10189694651148692
2011-01-14,0.3510705124849499,0.3466620398793476,0.3584841864336248,0.3595950588790684,0.16968212194367455
2011-01-18,0.3622991153222007,0.35103969249659683,0.3686017478152308,0.36300453722888104,0.2629469747255156
2011-01-19,0.36546615714809183,0.3526679657261833,0.35983666250520185,0.35319573028403584,0.1041804951678618
2011-01-20,0.3480343401559963,0.33585137335504367,0.34743029546400317,0.34737339033281756,0.11761130550896398
2011-01-21,0.3539234675181907,0.3439126604916851,0.35663753641281715,0.3501009730126674,0.09060356258462265
2011-01-24,0.35033764330209916,0.34457998558577807,0.3564034540158134,0.3573133310603478,0.20406437462012103
2011-01-25,0.35415903261267856,0.3416170621680059,0.355076987099459,0.35416612027590544,0.3207460939503837
2011-01-26,0.3600743338742606,0.35058591143261353,0.3660788597586351,0.3609850769755303,0.13861404607825
2011-01-27,0.3627440716117888,0.3526679657261833,0.36787349146899717,0.36439455532534293,0.3329550736285106
2011-01-28,0.3616447678375124,0.3503456743987401,0.3476643778610071,0.3401348055286004,0.16458960635600664
2011-01-31,0.3452075590221432,0.33937484985185407,0.3534124011652102,0.3503632405780377,0.2542340474151131
2011-02-01,0.3598387687797727,0.36000854176120445,0.36743133583021237,0.3716069133730231,0.10937094374760026
2011-02-02,0.36881641626969597,0.3598216907348586,0.376222430295464,0.3690891447454694,0.07577215500771806
2011-02-03,0.36727215620583153,0.3580065664789258,0.3676394090719932,0.37050538959846846,0.12532469450347195
2011-02-04,0.3690519813641836,0.35915436564076564,0.3719309196837286,0.3718691809383934,0.0754021859265627
2011-02-07,0.3718264146992619,0.3660411606118037,0.38001976695796924,0.3747803509140024,0.12172915465173939
2011-02-08,0.3767732816835053,0.3679096708752636,0.3809300873907615,0.38047155708253566,0.06279836529627839
2011-02-09,0.37567397790922896,0.3648666684462003,0.3791614648356221,0.3731805187652444,0.11611743875690389
2011-02-10,0.36250850651730093,0.3577663294450526,0.36787349146899717,0.3670959112486558,0.10811491426199718
2011-02-11,0.36250850651730093,0.36286469316392167,0.37081252600915526,0.37362637362637363,0.05354758377545675
2011-02-14,0.37339684866251377,0.364439580385981,0.37983770287141083,0.37638018306276066,0.0675240207866662
2011-02-15,0.3754645867141285,0.3635320182580146,0.38001976695796924,0.37386241443520696,0.08195436944366288
2011-02-16,0.3774276291681936,0.3711662173344368,0.3849615064502705,0.38225497652705287,0.13778705636743216
2011-02-18,0.3898864052766581,0.38080239169313734,0.39531315022888047,0.39222114401112007,0.1269335936589165
2011-02-22,0.3781081505522693,0.3679096708752636,0.3690699126092385,0.36321435128117696,0.37153134555267625
2011-02-23,0.36659163482175583,0.3554707311213732,0.36072097378277146,0.3600933672532718,0.1256262659393717
2011-02-24,0.3622991153222007,0.35317513279769375,0.3609550561797754,0.36166697264549286,0.10234774917339891
2011-02-25,0.3683714599801077,0.3621172890585378,0.37669059508947145,0.37344278633061445,0.09203058618336477
2011-02-28,0.3836046694236507,0.37364866668446206,0.3858458177278403,0.382491017335886,0.1376829054076111
2011-03-01,0.38739988483484267,0.3755171769479222,0.3757542655014565,0.3673057253009522,0.1469088150574307
2011-03-02,0.36795267758990724,0.3646798174198542,0.37643050353724505,0.37344278633061445,0.0926927997487941
2011-03-03,0.3831335392346752,0.37874703040333135,0.38927902621722854,0.39043772456660286,0.14966026578703148
2011-03-04,0.39014814427053335,0.37783946827536496,0.38225655430711614,0.3818091216659236,0.23537495122781543
2011-03-07,0.38585562477097823,0.3755171769479222,0.3770807324178109,0.37386241443520696,0.10105752086516803
2011-03-08,0.3740773700465895,0.3699650321650696,0.3753121098626717,0.3800257022214064,0.05452225022034923
2011-03-09,0.37949536721980837,0.3683901449430105,0.3820224719101124,0.3781636025072779,0.05759858976491418
2011-03-10,0.36366015809035235,0.35082614846648696,0.3596545984186432,0.35259251488368437,0.23676777600392973
2011-03-11,0.34669947128723233,0.34596802178149133,0.35531106949646274,0.3567363424165333,0.16662132731848586
2011-03-14,0.3430612992723655,0.33398286309158376,0.3450114440282981,0.34713734952398423,0.16702238623839377
2011-03-15,0.302596450819243,0.31831406988228395,0.30971702039117766,0.3271263342862387,0.556643354469242
2011-03-16,0.3258912212741455,0.3129754691295412,0.3024604660840615,0.3022895958456817,0.46878347015453203
2011-03-17,0.32479191749986913,0.31623201558871417,0.3290418227215979,0.3256576359201657,0.2822864089215401
2011-03-18,0.3428519080772655,0.3344099511518033,0.34113607990012484,0.3341813317946969,0.22102232716770015
2011-03-21,0.35319059833533994,0.34548754771374446,0.3584841864336248,0.3558184059377376,0.27901886686864696
2011-03-22,0.35889650840182175,0.34692896991698485,0.3596545984186432,0.35319573028403584,0.15785088380639115
2011-03-23,0.35080877349107464,0.34548754771374446,0.3533083645443196,0.3550840567547011,0.13680461746285152
2011-03-24,0.3622991153222007,0.3604890158289513,0.3663129421556388,0.36935141231083946,0.21295295951947546
2011-03-25,0.3663822436266554,0.3604890158289513,0.3726331668747398,0.3673057253009522,0.13999132593498803
2011-03-28,0.36727215620583153,0.3598216907348586,0.3714887640449438,0.3641585145165098,0.13268365933620085
2011-03-29,0.36366015809035235,0.3593679096708753,0.36719725343320864,0.3720789949906895,0.15349830638103396
2011-03-30,0.37593571690310423,0.37247417451885867,0.3843632958801497,0.3831991397623855,0.10608941126726847
2011-03-31,0.38069936659163484,0.3728745695753144,0.3869902205576363,0.38186157517899777,0.11255920671167438
2011-04-01,0.3878710150238184,0.3824306649227238,0.3919839783603829,0.3911196202365652,0.1398529761525392
2011-04-04,0.3923729257184735,0.3838187011184371,0.3982261756138161,0.39287681292454546,0.12585322176226532
2011-04-05,0.38920588389258215,0.3831780690281079,0.39598938826466923,0.39287681292454546,0.0716185525503772
2011-04-06,0.3973197927027169,0.3883832047620319,0.40275176862255524,0.39862047260615285,0.1021441107295697
2011-04-07,0.3961943150290531,0.3875557216453569,0.3973418643362465,0.394738912638674,0.07224345830930348
2011-04-08,0.40577396220488937,0.393775191522302,0.4013732833957553,0.3958928899263028,0.27494454350012515
2011-04-11,0.398759357169031,0.38865013479966914,0.3973418643362465,0.3924571848199534,0.10989791651445599
2011-04-12,0.3880804062189184,0.3757307209780316,0.38454535996670813,0.38094363870020187,0.10409655260322992
2011-04-13,0.39213736062398563,0.3798681365614074,0.3869902205576363,0.382491017335886,0.17823960006031428
2011-04-14,0.37834371564675695,0.37527693991404876,0.38410320432792355,0.3865823913556612,0.03628650530004027
2011-04-15,0.38289797414018734,0.37687852013987144,0.3896431543903456,0.38702824621679044,0.040412126902503814
2011-04-18,0.3699942417421348,0.36286469316392167,0.36527257594673324,0.3673057253009522,0.19822414841045427
2011-04-19,0.37339684866251377,0.3648666684462003,0.37869330004161483,0.3772981195415561,0.14544914712799842
2011-04-20,0.3951211851541644,0.3895843899313991,0.40069704535996675,0.39885651341498596,0.10358046127993757
2011-04-21,0.4018740511961473,0.3974054400341671,0.41013836870578446,0.4067507671326287,0.16834059540150195
2011-04-25,0.4066377008846779,0.3974054400341671,0.408083645443196,0.40564924335807384,0.09176165907815519
2011-04-26,0.40891483013139285,0.40343805888476636,0.4140137328339575,0.4135434970757166,0.10539144438727369
2011-04-27,0.41747369523111566,0.4126738381870112,0.4171348314606742,0.4232736237509507,0.10117099877661484
2011-04-28,0.41909647699314234,0.4151295945332729,0.42725239284228045,0.4260536599438747,0.16527202831662513
2011-04-29,0.42786473328796515,0.42150922243280053,0.43375468164794007,0.43106297044244535,0.27870796848112145
2011-05-02,0.4348793383238235,0.42668766516296075,0.43414481897627977,0.42754858506648485,0.21886935583408595
2011-05-03,0.4223943883159712,0.4126738381870112,0.4193196004993758,0.4187626216265834,0.1352734429042884
2011-05-04,0.4184683034078417,0.4067212983477031,0.40969621306699966,0.4073802092895171,0.09023203901152967
2011-05-05,0.40281631157409825,0.39185329525131474,0.39375260091552233,0.3911196202365652,0.23934978711232913
2011-05-06,0.40368005025388676,0.3985799321997705,0.39960466084061586,0.3962862912743581,0.140496535814717
2011-05-09,0.3975553577972045,0.3923337693190616,0.40069704535996675,0.4024233523040206,0.09150672240038427
2011-05-10,0.40776317855834165,0.4038117609374583,0.4142218060757388,0.41490728841564173,0.13553615204174743
2011-05-11,0.40844369994241736,0.3964978779062007,0.39531315022888047,0.39452909858637786,0.12615790218204034
2011-05-12,0.3917185782337852,0.3876891866641754,0.3919839783603829,0.3954732618217105,0.2780954986576962
2011-05-13,0.39538292414803966,0.3849131142727491,0.3847534332084894,0.38201893571821977,0.1338650732087978
2011-05-16,0.38242684395121185,0.37829324933934827,0.3854296712442782,0.3781636025072779,0.15280344848491442
2011-05-17,0.3749672826257656,0.3692710140672131,0.37752288805659595,0.38154685410055356,0.097772879400961
2011-05-18,0.3802020625032717,0.3789872674372048,0.38652205576362886,0.39135566104539854,0.0485032574378553
2011-05-19,0.3942050986756006,0.3829111389904707,0.3946109030378693,0.39379474940334136,0.04721613811349967
2011-05-20,0.3910380568497095,0.37874703040333135,0.3867561381606326,0.3818091216659236,0.026971989609775888
2011-05-23,0.36413128827932784,0.3529348957638203,0.36584477736163135,0.36232264155891847,0.18018582396622398
2011-05-24,0.37022980683662265,0.35958145370098515,0.3719309196837286,0.36599438747410096,0.09232593965151399
2011-05-25,0.36297963670627664,0.3635320182580146,0.37081252600915526,0.37228880904298567,0.03513773575813349
2011-05-26,0.37473171753127776,0.37017857619517924,0.3780170620058261,0.38047155708253566,0.10567280742798428
2011-05-27,0.38650997225566674,0.37805301230547483,0.3919839783603829,0.3879461826955861,0.09283581300705585
2011-05-31,0.40436057163796246,0.3925740063529348,0.4038701622971286,0.40423299850507477,0.09760033079588433
2011-06-01,0.4014290949065592,0.3900114779916186,0.3867561381606326,0.3800257022214064,0.09705625861771468
2011-06-02,0.38423284300895155,0.3738622107145717,0.38269870994590094,0.38131081329172023,0.2743958078461426
2011-06-03,0.37022980683662265,0.3711662173344368,0.3772888056595922,0.3777177476461486,0.06715716068938608
2011-06-06,0.37358006595822657,0.36187705202466436,0.37081252600915526,0.36232264155891847,0.07856713151157242
2011-06-07,0.3738156310527144,0.3646798174198542,0.3757542655014565,0.3673057253009522,0.04375739355227834
2011-06-08,0.36297963670627664,0.35360222085791304,0.365428630878069,0.360565448870938,0.24391688442507892
2011-06-09,0.36140920274302457,0.35958145370098515,0.3667550977944236,0.3695874531196728,0.03601757819483069
2011-06-10,0.36117363764853694,0.3482903131089341,0.3509935497295047,0.34713734952398423,0.11513344536038564
2011-06-13,0.3529550332408523,0.3416170621680059,0.3516957969205161,0.34941907734270505,0.19663545765019888
2011-06-14,0.36297963670627664,0.35475002001975287,0.3681075738660009,0.3661517480133232,0.3418809663343681
2011-06-15,0.3516986860702508,0.3406294210287484,0.3448293799417397,0.3382464790579349,0.15337550151796137
2011-06-16,0.3354185206512065,0.32733630515441914,0.3346337910944652,0.3344435993600672,0.3271288378462825
2011-06-17,0.3428519080772655,0.33606491738515354,0.34623387432376185,0.34126255605969225,0.07458763215124585
2011-06-20,0.3371721719101711,0.3314737207377947,0.3448293799417397,0.3421018122688766,0.36852962162111746
2011-06-21,0.34874103543945967,0.35176040359821714,0.35733978360382856,0.3618767866977892,0.11772478342041079
2011-06-22,0.3572999005391825,0.349891893334757,0.3624895963379109,0.35440216108473854,0.27357503610307526
2011-06-23,0.3378003454954718,0.33534420628353323,0.3375468164794009,0.3484749141073724,0.10722419038173658
2011-06-24,0.3494215568235356,0.336305154419027,0.34459529754473595,0.33738099609221317,0.03834776160933441
2011-06-27,0.33756478040098414,0.33678562848677385,0.34386704119850187,0.3462718665582627,0.13756787300422665
2011-06-28,0.34874103543945967,0.348770787176681,0.35733978360382856,0.36119489102782665,0.045890156490703354
2011-06-29,0.36881641626969597,0.36395910631823414,0.3730753225135248,0.3755147000970389,0.5489361834424845
2011-06-30,0.3809349316861227,0.37858687238074906,0.38722430295464005,0.38881166566130765,0.10016057901715693
2011-07-01,0.3883159713134062,0.3920935322851882,0.3926081980857261,0.4017676833905952,0.14431592250546793
2011-07-05,0.40025126943412037,0.3895843899313991,0.40472846441947574,0.3993285950326524,0.08026308221552408
2011-07-06,0.39488562005967653,0.38614099244588007,0.39710778193924257,0.3961027039785989,0.21184149778407174
2011-07-07,0.4020834423912475,0.3960174038384541,0.4094621306699959,0.4069343544283879,0.9439963189630916
2011-07-08,0.39488562005967653,0.3836051570883272,0.39531315022888047,0.3956568491174697,0.08750079667711803
2011-07-11,0.3774276291681936,0.3660411606118037,0.3726331668747398,0.3688531039366363,0.19071128887590025
2011-07-12,0.3622991153222007,0.35958145370098515,0.3686017478152308,0.360565448870938,0.09880972552335858
2011-07-13,0.37091032822069836,0.3706857432666899,0.3770807324178109,0.3716069133730231,0.07392697307775413
2011-07-14,0.37834371564675695,0.3679096708752636,0.37057844361215153,0.36321435128117696,0.09136526363406017
2011-07-15,0.3718264146992619,0.3598216907348586,0.37102059925093633,0.37003330798080203,0.05650578193276201
2011-07-18,0.3616447678375124,0.3494381122707739,0.3561693716188099,0.35602821999003376,0.07063611364579658
2011-07-19,0.3663822436266554,0.36286469316392167,0.3748699542238867,0.3743082692963362,0.19006151124597193
2011-07-20,0.3810396272836728,0.3711662173344368,0.3847534332084894,0.38131081329172023,0.057545737039034844
2011-07-21,0.38624823326179125,0.388836985826015,0.39398668331252584,0.39977444989378164,0.1600194000593816
2011-07-22,0.3961943150290531,0.3883832047620319,0.4009311277569705,0.39990558367646667,0.1417494563164448
2011-07-25,0.38852536250850644,0.38445933320876624,0.3955472326258842,0.3911196202365652,0.17762713023688903
2011-07-26,0.39328901219703727,0.3856605183781332,0.3984862671660425,0.39287681292454546,0.10670188109069373
2011-07-27,0.38899649269748215,0.3766649761097618,0.3739596337910944,0.3682498885362846,0.24001821864550898
2011-07-28,0.36860702507459553,0.36510690548007374,0.37286724927174375,0.36641401557869324,0.1726807368913581
2011-07-29,0.36140920274302457,0.36144996396444506,0.36436225551394097,0.36439455532534293,0.29952572450982984
2011-08-01,0.38195571376223636,0.36948455809732295,0.3564034540158134,0.35602821999003376,0.3932771332681483
2011-08-02,0.3480343401559963,0.33908122681045305,0.33710466084061586,0.32833276508694165,0.22299342294461189
2011-08-03,0.33159713134062707,0.3201291941382165,0.3207449022055764,0.33258149964593864,0.32197258808917184
2011-08-05,0.28204993980003146,0.2772335370899288,0.25236683312526,0.2730467623069055,0.4911495001531175
2011-08-09,0.22431031775113863,0.24010356885460338,0.2065387016229714,0.2510687403288836,0.7478085549909295
2011-08-10,0.23203161807046024,0.21864239382857753,0.21174053266749893,0.202339426683102,0.39015104998157923
2011-08-11,0.2115112809506361,0.24450791447561593,0.21865896795672068,0.24834115764903364,0.19654218813394123
2011-08-12,0.259147777835942,0.249339348156848,0.2577767374115689,0.2574418421673792,0.3195740070294125
2011-08-15,0.26576977438098737,0.26759736273122825,0.2748907615480649,0.2798394922499936,0.1301653823972442
2011-08-16,0.2666596869601633,0.2634332541440889,0.2685705368289638,0.2691914290959636,0.18756344270220443
2011-08-17,0.27731246401088827,0.27149454128073036,0.2759831460674156,0.2737286579768681,0.2638470255574019
2011-08-18,0.24375752499607395,0.22854549822491532,0.22742405326674997,0.22814655511552884,0.9131551989205607
2011-08-19,0.21554206145631571,0.2237674505512106,0.22118185601331664,0.2134595714547981,0.13174630069781143
2011-08-22,0.23661205046327805,0.2237674505512106,0.2231845609654598,0.2141152403682237,0.1480264947605849
2011-08-23,0.22253049259278657,0.2324960627819448,0.2249791926758219,0.24742322117023785,0.19699454528779087
2011-08-24,0.24064283096895778,0.23871553265889012,0.24542238868081567,0.2520391303207532,0.927507822980676
2011-08-25,0.2524472595927342,0.24055734991858624,0.23800977944236368,0.23069055049961973,0.2128659079709683
2011-08-26,0.2275297073758048,0.23505859114326144,0.22521327507282562,0.24613811009992392,0.1277574743858591
2011-08-29,0.25964508192430513,0.2594826895870592,0.26880461922596754,0.2730467623069055,0.1136815498906415
2011-08-30,0.26754959953933943,0.26367349117796235,0.2685705368289638,0.2741745128379973,0.1610857815285941
2011-08-31,0.2829398523792076,0.2779809411953127,0.28825946733250096,0.2837472789740094,0.14080277072642963
2011-09-01,0.28547872061979807,0.2800363024851187,0.28433208489388284,0.27643001390018096,0.5879166232704334
2011-09-02,0.25726325708003983,0.24675012679176778,0.2576727007906783,0.25332424139106724,0.05336726271069195
2011-09-06,0.21281997592001256,0.22005712302805436,0.2157199334165626,0.23339190642293273,0.22866887300889013
2011-09-07,0.24875673977909218,0.2458692576675654,0.2551238035788598,0.2605628261952846,0.11527956760252261
2011-09-08,0.2499083913521437,0.24610949470143884,0.25283499791926756,0.2446956384903879,0.12113067525575277
2011-09-09,0.23250274825943573,0.21706750660651852,0.22029754473574703,0.21597734008235203,0.2601784245846009
2011-09-12,0.19808407056483268,0.19931665910364904,0.2026893466500208,0.21482336279472325,0.2812231364362029
2011-09-13,0.2159870177459039,0.21063449269946355,0.22248231377444871,0.2238453670434577,0.1204933335613255
2011-09-14,0.22687535989111662,0.22881242826255255,0.22248231377444871,0.23472947100632058,0.23056535317279575
2011-09-16,0.24899230487358004,0.24221231615193672,0.2537193091968374,0.2535340554433634,0.9446492055768951
2011-09-19,0.22865518504946858,0.22443477564530334,0.2316895547232627,0.23428361614519133,0.10575519550067854
2011-09-20,0.23993613568549443,0.2324960627819448,0.24050665834373697,0.23402134857982126,0.05323357640405599
2011-09-21,0.23203161807046024,0.2191228678963244,0.2137432376196421,0.20393925883186015,0.39331599556658897
2011-09-23,0.16102182903208928,0.15828951231882116,0.1689814814814815,0.17262451152665959,0.33537541757539674
2011-09-26,0.17688321206093294,0.17622721084803683,0.17309092800665837,0.1921372183902017,0.21881183963239373
2011-09-27,0.2153326702612155,0.21087472973333699,0.21465355805243447,0.2102861339138189,0.17777791595483888
2011-09-28,0.2110401507616605,0.20203934548754776,0.19936017478152313,0.1894358624668887,0.14886902939077906
2011-09-29,0.2123750196304245,0.19977044016763212,0.19821577195172713,0.2025230139788613,0.49855976321978807
2011-09-30,0.18641051143799403,0.1768411499346021,0.18310445276737408,0.17304413963125187,0.5339570991315052
2011-10-03,0.1701041721195624,0.16242692790219682,0.15891593841032048,0.15001704739174904,0.8133676979684344
2011-10-04,0.13796262367167467,0.15132263833649207,0.13870682480233043,0.16766765454116295,0.44624489155086994
2011-10-05,0.16824582526304765,0.17067506606518446,0.16991781106949655,0.18466259277715125,0.3059939654622981
2011-10-06,0.18499712087106734,0.19216293409497387,0.18991885143570542,0.2073487371816728,0.22805173970965198
2011-10-07,0.210569020572685,0.19838240397191897,0.2047440699126093,0.19913976238558573,0.12633666875486751
2011-10-10,0.21823797309323145,0.2191228678963244,0.2276581356637537,0.23428361614519133,0.11297581055095857
2011-10-11,0.22347275297073754,0.21776152470437504,0.2316895547232627,0.2304545096907865,0.6593874990867359
2011-10-13,0.24064283096895778,0.2311881055975229,0.2418331252600916,0.24424978362925864,0.1913626209977662
2011-10-14,0.2584934303512537,0.24637642473907606,0.2586870578443612,0.26106113456948776,0.2029233775379024
2011-10-17,0.25509082343087475,0.24010356885460338,0.24542238868081567,0.236591570720449,0.1440951846503248
2011-10-18,0.23451813851227554,0.2458692576675654,0.23579900124843955,0.25584201001862117,0.17702709634896477
2011-10-19,0.2524472595927342,0.24154499105784377,0.24768518518518512,0.24086653203598307,0.2789473602395161
2011-10-20,0.24129717845364607,0.22881242826255255,0.23579900124843955,0.23950274069605815,0.11706878782273195
2011-10-21,0.2515049992147831,0.24845847903264562,0.260715771951727,0.26310682157937526,0.14304123911661332
2011-10-24,0.2664764696644505,0.26639617756186107,0.2746306699958385,0.2785019276666054,0.3613851766757812
2011-10-25,0.27527089985866093,0.2606838747564264,0.26766021639617144,0.26009074457761816,0.16046398475354307
2011-10-26,0.2740930743862221,0.2622587619784855,0.26292655014565136,0.27438432689029346,0.2993671663321918
2011-10-27,0.3114432288122285,0.3146037423591277,0.31164169787765283,0.3194681213774293,0.5450888158968563
2011-10-28,0.3122807935926294,0.3030990577369672,0.31777985851019563,0.316137323297228,0.22924869850162521
2011-10-31,0.2919960215672931,0.2809972506206124,0.2871410736579276,0.2779511657793281,0.10063780804200859
2011-11-01,0.24357430770036115,0.24538878359981853,0.24794527673741162,0.24723963387447878,0.23619727746282043
2011-11-02,0.26367586242998475,0.2541707818380803,0.2652153558052436,0.2648640142673555,0.07621673970187953
2011-11-03,0.2786473328796525,0.2730694285027895,0.2706252600915522,0.28574051247082255,0.16524871093756072
2011-11-04,0.2762655080353872,0.26380695619678085,0.27606117353308357,0.27726927010936575,0.12587343015745447
2011-11-07,0.27707689891640064,0.2694124869871608,0.27775176862255524,0.28191140601641806,0.07683698198499293
2011-11-08,0.28765115426896315,0.28227851480127075,0.2874791926758218,0.2946051561803351,0.27938261798205183
2011-11-09,0.26147725488143225,0.24885887408910135,0.2539533915938411,0.24653151144797925,0.6841225747982658
2011-11-10,0.26097995079306935,0.24773776793102553,0.25686641697877655,0.256969760549713,0.0755716255477641
2011-11-11,0.2712139454535937,0.26687665162960794,0.28030066583437385,0.27915759658003103,0.04247182871986034
2011-11-14,0.27273203161807047,0.2587619784854389,0.26810237203495635,0.2637362637362637,0.16212107315905405
2011-11-15,0.26166047217714505,0.2567600032031605,0.26656783187682076,0.2642083453539301,0.1035540349169979
2011-11-17,0.24831178348950433,0.23783466353468774,0.23530482729920932,0.23247396994413694,0.1443827656587859
2011-11-18,0.2420038737371094,0.22675706697274656,0.23842592592592604,0.23339190642293273,0.07502133540184394
2011-11-21,0.21624875673977917,0.20089154632570805,0.21215667915106107,0.21096802958378136,0.2843616556582729
2011-11-22,0.2110401507616605,0.20049115126925243,0.21353516437786102,0.20957801148731936,0.21181818040500733
2011-11-23,0.1972465057844318,0.18314069882283857,0.19327403245942565,0.18447900548139218,0.42845217683278486
2011-11-25,0.18188242684395117,0.177134772976003,0.1853932584269663,0.18154160874924596,0.17802508017292168
2011-11-28,0.21664136523059208,0.20390785575100767,0.2180087390761548,0.21637074143040735,0.20014239146148669
2011-11-29,0.2180024079987437,0.20946000053386005,0.22339263420724098,0.2197802197802199,0.37920431775680596
2011-11-30,0.25221169449824643,0.2512879374315993,0.25905118601747823,0.26426079886700427,0.4124549003026596
2011-12-01,0.26147725488143225,0.25465125590582716,0.265891593841032,0.25969734322956284,0.30208286374722715
2011-12-02,0.2711615976548186,0.2587886714892027,0.26802434456928836,0.2589105405334522,0.2299808642042478
2011-12-05,0.2747735957702978,0.26479459733603816,0.2743965875988348,0.27126334286238807,0.26150751519127247
2011-12-06,0.26901533790504095,0.2583615834289834,0.2719517270079066,0.26861444045214933,0.20753244613296812
2011-12-07,0.2630476888446841,0.26236553399354023,0.2666718684977112,0.272155052584647,0.19173103558698393
2011-12-08,0.2588598649426791,0.2474975308971521,0.2517426133999169,0.24451205119462882,0.4063162116409683
2011-12-09,0.24935873946500553,0.2512879374315993,0.2578547648772369,0.26313304833591245,0.15631349128007746
2011-12-12,0.24490917656912525,0.2320689747217255,0.24162505201831042,0.23950274069605815,0.20344568682894526
2011-12-13,0.2481809139925666,0.2359661532712276,0.23491468997086973,0.22895958456817644,0.24030424516203247
2011-12-14,0.22506936083337703,0.2122894589328138,0.22245630461922594,0.21718377088305485,0.7252140146775128
2011-12-15,0.22687535989111662,0.21381096014734546,0.22791822721597998,0.22072438301555242,0.5220730082683426
2011-12-16,0.22674449039417888,0.21658703253877165,0.22776217228464413,0.22224553489469956,0.8844561687680806
2011-12-19,0.22454588284562638,0.21092811574086434,0.21832084893882642,0.210443494453041,0.3407695045989644
2011-12-20,0.22674449039417888,0.2285721912286791,0.23444652517686237,0.24128616014057536,0.7690631232541112
2011-12-21,0.23938648379835625,0.2262498999012359,0.23855597170203902,0.2389782055653178,0.5878000363751112
2011-12-22,0.24310317751138555,0.2364199343352107,0.25124843945068653,0.2503081643893099,0.4103920895014278
2011-12-23,0.2528398680835472,0.24373381736646826,0.2594933416562629,0.25639277190589826,0.48139972672031733
2011-12-27,0.2539915196565985,0.2432533432987214,0.2629525593008739,0.25492407353982527,0.4528374918583485
2011-12-28,0.25375595456211064,0.239196006726637,0.24755513940907203,0.2398699152875764,0.6988747032863514
2011-12-29,0.23985761398733185,0.2382884445986706,0.24914169787765295,0.2514883684334759,0.528590992962815
2011-12-30,0.24933256556561811,0.2411979820089154,0.2585570120682481,0.25379632300873345,0.33181096756241674
2012-01-03,0.2732031618070462,0.2640471932306543,0.28180919683728667,0.2725746806892393,0.39421138292266245
2012-01-04,0.2679160341307648,0.25932253156447693,0.2740584685809404,0.2725746806892393,0.2351868577033625
2012-01-05,0.2641731665183481,0.25553212503002953,0.266905950894715,0.2672506491122242,0.13641754897038227
2012-01-06,0.2665549913626132,0.2517951045031097,0.2673481065334997,0.2596448897164887,0.08445554697130564
2012-01-09,0.26393760142386025,0.2508074633638524,0.26617769454848117,0.26313304833591245,0.3429644472148945
2012-01-10,0.2785688111814898,0.26612924752422407,0.2855024968789013,0.2786330614492907,0.21300425775341716
2012-01-11,0.27299377061194574,0.26380695619678085,0.2795464003329171,0.27726927010936575,0.14931361408494054
2012-01-12,0.2803748102392295,0.26759736273122825,0.28206928838951306,0.28046893440688203,0.3355464116885358
2012-01-13,0.2695126419934041,0.2576675653311269,0.2712494798168956,0.27144693015814747,0.13606157031666555
2012-01-17,0.28273046118410716,0.27250887542375146,0.2869069912609239,0.28002307954575256,0.39416630265647123
2012-01-18,0.2822593309951317,0.28008968849264604,0.29127652933832704,0.2937134464580764,0.5437535073224342
2012-01-19,0.29872271370988834,0.29052665296425806,0.30506138160632545,0.30291903800257014,0.3706048683578502
2012-01-20,0.30241323352353044,0.2914876010997518,0.308468580940491,0.3053843531170499,0.15867321004139612
2012-01-23,0.30793592629429944,0.298454475082081,0.31190178942987923,0.3064071966219939,0.7661935311372506
2012-01-24,0.29804219232581264,0.28999279288898383,0.30391697877652946,0.30249940989797786,0.3835833215451028
2012-01-25,0.3019682772339424,0.3029922857219123,0.30550353724511026,0.31532429384458016,0.22387481987324673
2012-01-26,0.32099670208867714,0.3105730987908071,0.3172856845609655,0.3116000944163235,0.30040867593040227
2012-01-27,0.30934931686122613,0.3018177935563089,0.31796192259675404,0.3126753914343412,0.17589387172643428
2012-01-30,0.30220384232843,0.2942369804874143,0.3059977111943404,0.3062236093262347,0.3112372667679159
2012-01-31,0.31421766214730684,0.30163094252996303,0.3107313774448608,0.3085315639014923,0.44885022003833375
2012-02-01,0.32099670208867714,0.3157248485172037,0.3280274656679152,0.323166094049149,0.45753516649385895
2012-02-02,0.32691200335025916,0.3171929637242079,0.3326831044527674,0.3273099215819979,0.5146596362177966
2012-02-03,0.3357849552426321,0.33011237754584544,0.34324282147315865,0.34239030659078384,0.2375652303679327
2012-02-06,0.3357849552426321,0.32661559405279883,0.3430087390761549,0.339662723910934,0.14044834656465055
2012-02-07,0.3373292153064963,0.33083308864746575,0.3413701622971286,0.3433344698261167,0.1979723207165586
2012-02-08,0.3457310370098937,0.3362784614152632,0.3490428630878071,0.3474782973589656,0.21045955445152084
2012-02-09,0.348453122546197,0.33675893548300984,0.35153974198918014,0.3489469957250386,0.13347955920826615
2012-02-10,0.33431921687693034,0.3221578624242587,0.3389253017062006,0.3342862388208452,0.19747488329651777
2012-02-13,0.3457310370098937,0.33371593305394653,0.3492769454848108,0.3438327782003199,0.26971367813000835
2012-02-14,0.34109825681830086,0.32803032325227566,0.34074594257178537,0.3394266831021009,0.10380119913508068
2012-02-15,0.34594042820499393,0.33323545898619966,0.3451414898044112,0.33730231582260206,0.0972039353517893
2012-02-16,0.33774799769669694,0.33913461281798063,0.34446525176862264,0.35219911353562905,0.11067516248326978
2012-02-17,0.3559126838716432,0.34404612551050384,0.3591604244694131,0.3551889637808492,0.046109339853908846
2012-02-21,0.3579280741244829,0.34764968101860516,0.36139721181856,0.35571349891158976,0.14995717374711837
2012-02-22,0.35473485839920416,0.3417238341830606,0.35869225967540563,0.3524351543444624,0.15357603097791533
2012-02-23,0.35261477254881435,0.3449803806422336,0.35479088639200995,0.3564216213380891,0.3380475892161785
2012-02-24,0.3603098989687482,0.3525611937111284,0.3686017478152308,0.3626111358808257,0.13184423368988196
2012-02-27,0.35243155525310177,0.3506659904439047,0.3570536828963795,0.35985732644443846,0.3418125686891125
2012-02-28,0.36167094173689984,0.35421615994447864,0.3676394090719932,0.36609929450024903,0.24684865621944452
2012-02-29,0.37025598073601007,0.36032885780636903,0.3653766125676239,0.35888693645256886,0.6341161236567245
2012-03-01,0.3630581584044391,0.35827349651656304,0.3708645443196006,0.3695874531196728,0.2460434293957534
2012-03-02,0.36329372349892697,0.3525611937111284,0.3662609238451935,0.3614833853497339,0.7689791806894792
2012-03-06,0.33528765115426895,0.3218909323866217,0.3326831044527674,0.3273099215819979,0.7308412754917246
2012-03-07,0.3331675653038789,0.32760323519205636,0.3393934665002081,0.33895460148443446,0.3395865362344298
2012-03-08,0.3508349473904623,0.3466620398793476,0.35728776529338324,0.35726087754727365,0.2991184476221714
2012-03-09,0.3564099879600061,0.3481301550863518,0.3625676238035789,0.3564216213380891,0.13833423752947704
2012-03-12,0.355703292676543,0.3449803806422336,0.3598626716604245,0.3545332948674238,0.23433188713766734
2012-03-13,0.35910589959692196,0.36177028000960965,0.3674053266749895,0.37399354821789177,0.194961269833374
2012-03-14,0.3732398052661884,0.36177028000960965,0.373855597170204,0.3698234939285059,0.6099375560588655
2012-03-15,0.3714338062084489,0.3650535194725464,0.37726279650436956,0.3765113168454457,0.3821189901398576
2012-03-16,0.38203423546039905,0.3705255852441076,0.3879005409904286,0.3802879697867765,0.1518598718787745
2012-03-19,0.3790242370308329,0.3754904839441582,0.38602788181439873,0.3835138608408297,0.15804364080665695
2012-03-20,0.37229754488823763,0.36323839521661383,0.37663857677902635,0.37467544388785434,0.13508690387177308
2012-03-21,0.37439145683924,0.3622507540773565,0.37663857677902635,0.3725773033648927,0.15312367382406572
2012-03-22,0.36054546406323607,0.3506659904439047,0.3653766125676239,0.35933279131369833,0.4015392579166388
2012-03-23,0.3603098989687482,0.3554173451138458,0.36519454848106525,0.36796139421437757,0.5456220066314625
2012-03-26,0.376275977595142,0.3723940955075675,0.38379109446525184,0.38440557056308844,0.3188278508993513
2012-03-27,0.38433753860650144,0.3721271654699305,0.38602788181439873,0.3776652941330745,0.224566568785491
2012-03-28,0.37784641155839405,0.3657742305741667,0.3722430295464003,0.3693251855543025,0.1776597745675792
2012-03-29,0.36167094173689984,0.3547233270159891,0.36373803578859754,0.3675155393532481,0.6111485052782772
2012-03-30,0.3746793697325027,0.36206390305101044,0.3752080732417813,0.3719478612080045,0.8253341769042913
2012-04-02,0.3709626760194734,0.37570402797426805,0.3768466500208072,0.3835138608408297,0.46249710475876615
2012-04-03,0.3832382348322253,0.37079251528174484,0.37663857677902635,0.37278711741718906,0.10231821382658399
2012-04-04,0.35957702978589745,0.3481301550863518,0.3603048272992093,0.35571349891158976,0.294549795817484
2012-04-05,0.3503638172014868,0.345220617676107,0.35895235122763225,0.3547431089197197,0.1950856291883842
2012-04-09,0.34214521279380217,0.33459680217814913,0.34350291302538505,0.3438327782003199,0.6757982704722701
2012-04-10,0.3415432131078887,0.3306195446173559,0.32854764877236775,0.32198589000498323,0.5467754396491822
2012-04-11,0.3379835627911846,0.3253877158796681,0.3416042446941323,0.3342862388208452,0.18658722176537432
2012-04-12,0.33897817096791083,0.34097643007767675,0.346650020807324,0.3530383697448136,0.2399980102503198
2012-04-13,0.3452075590221432,0.33299522195232645,0.3437369954223888,0.3350205880038817,0.18794740221079842
2012-04-16,0.34290425587604034,0.33083308864746575,0.3418643362463587,0.3386923339190644,0.09652617686698368
2012-04-17,0.34546929801601844,0.34343218642393825,0.3531523096129836,0.3554512313462195,0.0696054854911495
2012-04-18,0.348453122546197,0.33977524490830957,0.355233042030795,0.34868472815966856,0.16657624705229465
2012-04-19,0.3501020782076113,0.3404692630061661,0.34714419475655434,0.3438327782003199,0.20638834006687423
2012-04-20,0.35148929487515057,0.341510290152951,0.3559092800665835,0.34729471006320645,0.20174818163305597
2012-04-24,0.33337695649897936,0.32803032325227566,0.3420724094881398,0.33706627501376896,0.09553130202690203
2012-04-25,0.3489504266345601,0.3417238341830606,0.35549313358302115,0.35172703191796284,0.3537028775200257
2012-04-26,0.3505732083965868,0.3485839361503351,0.35728776529338324,0.36103753048860443,0.841943923257842
2012-04-27,0.3637386797885148,0.3535221418466219,0.3662609238451935,0.36331925830732525,0.5121646766579044
2012-04-30,0.36088572475527403,0.3479966900675333,0.36405014565126925,0.35872957591334664,0.17085109988077046
2012-05-01,0.3564099879600061,0.35755278541494273,0.3649604660840615,0.3642634215426577,0.10960722652211966
2012-05-02,0.35614824896613084,0.3474094439847317,0.3616052850603413,0.3600933672532718,0.26115153653755574
2012-05-03,0.3588703345024341,0.34692896991698485,0.3560913441531419,0.3508353221957041,0.43946108873506323
2012-05-04,0.34431764644296703,0.3315804927528496,0.3396275488972118,0.331322615332162,0.8540300980728962
2012-05-07,0.3292414803957494,0.324640311774284,0.33728672492717426,0.33601720475228825,0.272737164948694
2012-05-08,0.327356959639847,0.3140431892800897,0.3223054515189345,0.3250806472763512,0.24963586026361073
2012-05-09,0.3105009684342773,0.30771694738808963,0.3139044943820226,0.31485221222691395,0.173757999804134
2012-05-10,0.32272417944825416,0.31030616875316985,0.32464627548897207,0.317606021663301,0.9028955521322187
2012-05-11,0.30984662094958904,0.3093185276139123,0.3172856845609655,0.31411786304387723,0.3393549169357233
2012-05-14,0.3007904517615033,0.28924538878359995,0.30461922596754043,0.2967295234598337,0.49531087507014643
2012-05-15,0.2947704549023714,0.2846008061287135,0.29455368289637973,0.2878648797503214,0.45667708694428855
2012-05-16,0.28969271842119027,0.2791020473533887,0.28825946733250096,0.2797608119803825,0.19283627935463712
2012-05-17,0.2790399413704655,0.26498144836238424,0.27517686225551397,0.2661491253376693,0.22562984127082825
2012-05-18,0.2674187300424017,0.25577236206390297,0.2643050353724511,0.25707466757586084,0.2623889121199073
2012-05-21,0.26069203789980644,0.26188505992579336,0.269844985434873,0.2758530252563667,0.22829579494385951
2012-05-22,0.2776003769041512,0.2699463470624348,0.27767374115688725,0.2739646987857012,0.12365672465439759
2012-05-23,0.2657959482803748,0.2564930731655233,0.2614180191427383,0.27052899367935157,0.393103030171134
2012-05-24,0.2716065539444067,0.2583615834289834,0.2696109030378694,0.26638516614650265,0.1284119154916003
2012-05-25,0.26718316494791383,0.2548114139284092,0.2719517270079066,0.2654147761546328,0.15115257804715396
2012-05-29,0.27644872533109976,0.26802445079144777,0.28048272992093226,0.27934118387579,0.3197170202876743
2012-05-30,0.26833481652096547,0.25406400982302535,0.2684665002080734,0.25912035458574856,0.5875995069151573
2012-05-31,0.26244568915877087,0.2497664362170675,0.2606637536412817,0.25993338403839594,0.1479005809136371
2012-06-01,0.24640108883421452,0.2314550356351599,0.24599459009571367,0.23688006504235615,0.892973230094342
2012-06-04,0.24268439512118511,0.22905266529642576,0.2404286308780691,0.23939783366991008,0.5065545152550065
2012-06-05,0.23826100612469248,0.23100125457117704,0.2473210570120683,0.24451205119462882,0.11807143512250173
2012-06-06,0.2556143014186253,0.25742732829725345,0.26227632126508527,0.2716829709669806,0.08212847254067716
2012-06-07,0.2868659372873371,0.27250887542375146,0.27907823553890965,0.2716829709669806,0.15502637195572186
2012-06-08,0.26393760142386025,0.25974961962469645,0.26919475655430714,0.2730467623069055,0.3151732403539889
2012-06-11,0.28155263571166833,0.2696794170247978,0.26802434456928836,0.25985470376878506,0.14017164699975285
2012-06-12,0.2657959482803748,0.2602300936924433,0.2684665002080734,0.2746728212122007,0.4275117092105202
2012-06-13,0.2702193372768674,0.2616982088994475,0.27283603828547665,0.26638516614650265,0.12490653617225014
2012-06-14,0.2685703816154531,0.2626324640311777,0.2742145235122764,0.27351884392457193,0.2377859682230758
2012-06-15,0.28061037533371735,0.27296265648773455,0.28623075322513536,0.2862650476015631,0.1911310016990597
2012-06-18,0.2838821127571586,0.2760857379280892,0.2896379525593009,0.2871829840803588,0.16497356586460063
2012-06-19,0.29568654138093475,0.29348957638203044,0.3043851435705367,0.30210600854992253,0.22983474196211082
2012-06-20,0.3052400146573836,0.2961588767584018,0.3048272992093217,0.3036796139421438,0.5054197361405385
2012-06-21,0.30301523320944346,0.28999279288898383,0.2848002496878903,0.2762988801174957,0.09743710914243343
2012-06-22,0.28529550332408526,0.273202893521608,0.2876092384519351,0.286055233549267,0.06824996852153827
2012-06-25,0.2734125530021462,0.2587886714892027,0.2719517270079066,0.2656245902069292,0.08913923117937748
2012-06-26,0.26901533790504095,0.2604970237300803,0.27283603828547665,0.27144693015814747,0.128755458209816
2012-06-27,0.2762655080353872,0.2692256359608147,0.2836558468580941,0.28141309764221445,0.0913388372711205
2012-06-28,0.27393603098989694,0.264714518324747,0.27587910944652516,0.27842324739699453,0.09967713202455475
2012-06-29,0.3074124483065487,0.2980540800256253,0.31119954223886803,0.3116263211728605,0.18829871738870227
2012-07-02,0.31327540176935564,0.30275204868803907,0.3158291718684978,0.3155341078968763,0.20925637769179709
2012-07-03,0.3179081819609485,0.3140431892800897,0.32670099875156056,0.32686406672086865,0.11259185104236458
2012-07-05,0.31814374705543635,0.3073165523316339,0.32095297544735746,0.3166880851845051,0.12638019452912108
2012-07-06,0.3076741873004242,0.2942369804874143,0.3078443612151478,0.3051483123082168,0.34695016454297156
2012-07-09,0.302596450819243,0.2887382217120893,0.3052694548481065,0.3023158226022189,0.12809946261213717
2012-07-10,0.3074386222059363,0.2937298134159039,0.30045776113191835,0.2939494872669097,0.12711391472368128
2012-07-11,0.2954509762864471,0.285695219283026,0.29957344985434875,0.2960214010333342,0.12118041899775686
2012-07-12,0.2868659372873371,0.27560526386034234,0.2878173116937164,0.28560937868813774,0.20294358593309156
2012-07-13,0.2889860231377269,0.2910338200357687,0.29796088223054507,0.30210600854992253,0.2222503757984259
2012-07-16,0.3002931476731404,0.28999279288898383,0.3043851435705367,0.30186996774108943,0.0834047104214694
2012-07-17,0.306731926922473,0.29519792862290806,0.3041250520183105,0.3083479766057331,0.06799347735182971
2012-07-18,0.3041668847824949,0.30235165363158334,0.31304619225967545,0.3139080489915813,0.1404747729275902
2012-07-19,0.3174632256713604,0.3093185276139123,0.32464627548897207,0.32041228461276194,0.4141182066759211
2012-07-20,0.3088781866722504,0.2961588767584018,0.31265605493133597,0.3051483123082168,0.26472065002634865
2012-07-23,0.28597602470816097,0.2779809411953127,0.2878173116937164,0.29025151459519005,0.10160470202721293
2012-07-24,0.2903470659058788,0.2760590449243254,0.28092488555971706,0.2787117417189018,0.13900733253846978
2012-07-25,0.28555724231796054,0.27181485732589494,0.285736579275905,0.282121220068714,0.1945213486150254
2012-07-26,0.30126158195047903,0.29234177722019083,0.3066999583853518,0.3044401898817173,0.13950943343432348
2012-07-27,0.3096110558551014,0.3157248485172037,0.31845609654598417,0.32573631618977683,0.1554352033353179
2012-07-30,0.32225304925927867,0.3135627152123428,0.33060237203495624,0.323166094049149,0.07276110412453346
2012-07-31,0.32481809139925677,0.3154846114833303,0.3281315022888056,0.3192845340816701,0.3671663321918181
2012-08-01,0.3246610480029316,0.3119878279902839,0.3239440282979609,0.31600618951454273,0.1638729855727603
2012-08-02,0.3086426215777628,0.3011237754584526,0.3071421140241364,0.3053843531170499,0.11471062355335093
2012-08-03,0.3232214835366173,0.3218909323866217,0.3319808572617562,0.33176847019329125,0.10748379053532038
2012-08-06,0.3355493901481442,0.32848410431625874,0.34350291302538505,0.33706627501376896,0.20902164940921533
2012-08-07,0.3431398209705282,0.3365186984491364,0.3501872659176031,0.34477694143565274,0.16329471457196287
2012-08-08,0.34015599644034966,0.33414302111416605,0.3488087806908031,0.3438327782003199,0.3155571998625829
2012-08-09,0.34175260430298915,0.3365186984491364,0.35039533915938414,0.3461669595321146,0.08054755424010994
2012-08-10,0.3396848662513742,0.3355577503136429,0.3469101123595506,0.34818641978546516,0.07766241720387318
2012-08-13,0.34709207977804535,0.3350505832421322,0.3488087806908031,0.3457211046709854,0.06015728349424916
2012-08-14,0.3508349473904623,0.33774657662226737,0.35268414481897636,0.3461669595321146,0.06891995454665574
2012-08-15,0.34452703763806725,0.3350505832421322,0.35268414481897636,0.34687508195861416,0.21250060236562582
2012-08-16,0.3501020782076113,0.3466620398793476,0.35570120682480244,0.3577329591649401,0.34710095026092147
2012-08-17,0.35816363921897076,0.34692896991698485,0.3635039533915938,0.35865089564373576,0.3161883235892597
2012-08-20,0.3564099879600061,0.34546085470998045,0.3600707449022056,0.35726087754727365,0.17353726194899088
2012-08-21,0.3600743338742606,0.3547233270159891,0.36399812734082393,0.357496918356107,0.1561969043847554
2012-08-22,0.35243155525310177,0.345220617676107,0.3577559300873909,0.3566576621469222,0.19221137359571083
2012-08-23,0.35517981468879223,0.34217761524704393,0.3563514357053683,0.349156809777335,0.07515035823266702
2012-08-24,0.3464115583939694,0.341243360115314,0.3513056595921764,0.3510975897610742,0.309258398531316
2012-08-27,0.35261477254881435,0.34217761524704393,0.35799001248439466,0.35057305463033384,0.20647850059925663
2012-08-28,0.34709207977804535,0.3399887889384192,0.35570120682480244,0.3508353221957041,0.15766123579000058
2012-08-29,0.35196042506412606,0.3388943757841072,0.3550249687890137,0.3489469957250386,0.18511356340850338
2012-08-30,0.34431764644296703,0.33110001868510275,0.34490740740740744,0.3379579847360277,0.13287641633646666
2012-08-31,0.3470397319792703,0.3372661025545205,0.3491468997086975,0.34564242440137427,0.12326343819417782
2012-09-04,0.34635921059519437,0.3338760910765288,0.3477424053266749,0.3444622203572085,0.22690918813549574
2012-09-05,0.34374182065644143,0.3338760910765288,0.3479764877236786,0.34278370793883917,0.9328692656735534
2012-09-06,0.3505732083965868,0.3551504150762086,0.3591604244694131,0.3679351674578404,0.7178566043367215
2012-09-07,0.3721143275925246,0.36638816966073184,0.3805659592176447,0.3787405911510924,0.6957159756690922
2012-09-10,0.376066586400042,0.36553399354029326,0.3784592176446109,0.3705316163550054,0.37352731320059007
2012-09-11,0.37297806627231334,0.3679630568827912,0.38142426133999163,0.37745548008077834,0.18003503824827413
2012-09-12,0.383709365021201,0.37338173664682484,0.3874323761964211,0.3820976159878309,0.1075179893579482
2012-09-13,0.3822698005548867,0.3922269973040067,0.38766645859342486,0.40182013690366913,0.4902836481438589
2012-09-14,0.4067685703816154,0.40794917652083384,0.4148200166458593,0.4106847806131815,0.5430555404424394
2012-09-17,0.4096215254148562,0.39793930010944134,0.4099823137744485,0.4048624406619632,0.18022624075660232
2012-09-18,0.40184787729675964,0.3910258121346395,0.4066531419059509,0.40098088069448456,0.16011888754338977
2012-09-19,0.40349683295817396,0.3939086565411207,0.40784956304619224,0.4033937422958902,0.08723497855578372
2012-09-20,0.3960110977333403,0.3864880014948082,0.3970817727840199,0.39772876288389414,0.4460770064216062
2012-09-21,0.4067685703816154,0.3947895256653231,0.4047544735746982,0.39772876288389414,0.2595208744949844
2012-09-24,0.39344605559336243,0.38472626324640324,0.3989804411152724,0.39494872669097014,0.11455517435958817
2012-09-25,0.4001989216353451,0.3893174598937619,0.39333645443195997,0.38555954785071744,0.35338109768893683
2012-09-26,0.38263623514631206,0.37044550623281647,0.3819704535996671,0.3768522646804271,0.28932514841511775
2012-09-27,0.3849657121918023,0.38021514561033554,0.38826466916354563,0.3909622596973432,0.5780020736922448
2012-09-28,0.3855415379783279,0.3731414996129514,0.38477944236371187,0.37973720789949916,0.4199972951840285
2012-10-02,0.39344605559336243,0.38264420895283346,0.3935965459841866,0.3897558288966403,0.38357554908541464
2012-10-03,0.3899125791760455,0.3788004164108587,0.39200998751560556,0.38833958404364144,0.10152853192226918
2012-10-04,0.3938910118829503,0.3864880014948082,0.39942259675405745,0.39846311206693064,0.17493319570898044
2012-10-05,0.4059048317018269,0.39647118490243716,0.4041042446941323,0.39896142044113403,0.14675336586366794
2012-10-08,0.3908810134533841,0.3818968048474496,0.39921452351227615,0.3937422958902672,0.06726908410889527
2012-10-09,0.3906454483588965,0.3783466353468756,0.38875884311277575,0.380864958430591,0.5330539393157436
2012-10-10,0.37891954143328255,0.36831006593171933,0.3810081148564295,0.3749639382097616,0.1068417853650802
2012-10-11,0.3836308433230383,0.37570402797426805,0.38849875156054936,0.38041910356946174,0.16129097446436094
2012-10-12,0.3809872794848975,0.3699383391613058,0.3819704535996671,0.3756982873927981,0.07513636780522838
2012-10-15,0.37986180181123375,0.373755438699517,0.38454535996670813,0.38579558865955055,0.19184606799036835
2012-10-16,0.3932104904988746,0.38832981875450456,0.40126924677486464,0.400298985024522,0.3484984385128486
2012-10-17,0.4016384861016594,0.3962576408723275,0.40784956304619224,0.4070917149676099,0.34447852236214377
2012-10-18,0.40328744176307396,0.39866001121106165,0.4091500208073242,0.40480998714888927,0.09260574820028696
2012-10-19,0.40140292100717156,0.3893174598937619,0.3931283811901791,0.38694956594717933,0.08862935782383564
2012-10-22,0.39109040464848455,0.3806956196780824,0.39200998751560556,0.39161792861076883,0.1424660770996911
2012-10-23,0.3746793697325027,0.3623041400848839,0.3735955056179774,0.3716855936426342,0.25094629696703075
2012-10-24,0.37891954143328255,0.36710888076235215,0.3784592176446109,0.3705578431115424,0.14265883409995694
2012-10-25,0.3803591058995971,0.3714331473720738,0.37988972118185615,0.37753416035038945,0.421715008775107
2012-10-26,0.3759095430037168,0.3656140725515844,0.3780170620058261,0.37401977497442873,0.0630688468934256
2012-10-31,0.37795110715594393,0.36638816966073184,0.3784592176446109,0.3728395709302632,0.34896634058607456
2012-11-01,0.379128932628383,0.3773589942076183,0.3843372867249273,0.3894935613312702,0.6205096557266705
2012-11-02,0.3924776213160236,0.3806956196780824,0.3858978360382854,0.37753416035038945,0.23744708898067302
2012-11-05,0.37842223734491964,0.3687371539919386,0.38262068248023295,0.3791864460122216,0.33750351703800885
2012-11-06,0.3833691043291628,0.377866161279129,0.38985122763212643,0.38857562485247454,0.13267277789263746
2012-11-07,0.379128932628383,0.3666017136908417,0.37031835205992514,0.36746308584017395,0.2877209127354861
2012-11-08,0.3674291996021567,0.3587539705843099,0.3635559717020391,0.3562380340423299,0.3747848971781308
2012-11-09,0.3528503376433022,0.35157355257187084,0.3600707449022056,0.3567363424165333,0.514541494830537
2012-11-12,0.3613306810448621,0.3484504711315164,0.36431023720349565,0.3575755986257181,0.2670834777715425
2012-11-13,0.34986651311312345,0.3470357419320398,0.35676758218893045,0.3508353221957041,0.5383469843633655
2012-11-15,0.3395539967544364,0.32979206150068086,0.3413701622971286,0.33625324556112135,0.45870569892289254
2012-11-16,0.33654399832487025,0.3283773323012038,0.3367665418227217,0.33976763093708207,0.19370679483970857
2012-11-19,0.35355703292676555,0.3498652003309932,0.3600707449022056,0.36274226966351053,0.4591207482702391
2012-11-20,0.35897503009998444,0.35013213036863045,0.3628797336662506,0.36135225156704864,0.1965452971178165
2012-11-21,0.36203737632832544,0.35229426367349115,0.36917394923012914,0.3651289045083794,0.13411068293494297
2012-11-23,0.3754384128147411,0.37044550623281647,0.3838691219309198,0.3829630989535524,0.0979205561350356
2012-11-27,0.3772705857718682,0.3687371539919386,0.3814502704952143,0.3733116525479294,0.31122949430822777
2012-11-28,0.36879024237030833,0.37282118356778704,0.37265917602996246,0.3829630989535524,0.77779159548389
2012-11-29,0.38849918860911903,0.379254197474842,0.39200998751560556,0.38904770647014075,0.8714590616775765
2012-11-30,0.3909595351515468,0.38005498758775325,0.3945848938826466,0.3900967767316217,0.16129252895629856
2012-12-03,0.3964560540229284,0.3852334303179137,0.3952351227632127,0.3872118335125494,0.2908298966107412
2012-12-04,0.38805423231953096,0.3800016015802259,0.39385663753641276,0.38857562485247454,0.2286890814040793
2012-12-05,0.38849918860911903,0.38574059738942434,0.39450686641697885,0.3918801961761389,0.2590747353088853
2012-12-06,0.3936554467884624,0.38427248218241994,0.39986475239284247,0.39631251803089507,0.46709840089414373
2012-12-07,0.3958017065382401,0.3876624936604116,0.401763420724095,0.3987253796323007,0.14214740625247746
2012-12-10,0.3966654452180286,0.3880895817206311,0.4041042446941323,0.3992236880065043,0.3181190025757931
2012-12-11,0.40234518138512276,0.3981528441395512,0.4106065334997919,0.4080621049594797,0.5150529226780165
2012-12-12,0.40891483013139285,0.40503963911058904,0.4168747399084478,0.4101864722389783,0.34756729784220974
2012-12-13,0.4096215254148562,0.3993273363051544,0.4089679567207656,0.40294788743476095,0.31367781910999115
2012-12-14,0.40443909333612515,0.39526999973307,0.4089679567207656,0.40360355634818634,0.22826625959704458
2012-12-17,0.40349683295817396,0.40172970664388874,0.41084061589679566,0.41325500275380933,0.3700452512603043
2012-12-19,0.42642516882165105,0.4172917278381336,0.42969725343320864,0.42238191402869196,0.3504975151446377
2012-12-20,0.4128670889389102,0.40605397325361037,0.41900749063670406,0.4167431613732331,0.5845962284916608
2012-12-21,0.3991257917604566,0.3959907108346903,0.40592488555971706,0.40688190091531373,0.933606094851989
2012-12-24,0.4069779615767156,0.3959907108346903,0.4106065334997919,0.40507225471425956,0.38310920150412636
2012-12-26,0.4059048317018269,0.39796599311320513,0.4080576362879733,0.40318392824359406,0.6064928019250827
2012-12-27,0.40744909176569133,0.39548354376317985,0.4024396587598835,0.4042854520181489,0.7708523434743205
2012-12-28,0.3988640527665811,0.3902784080292556,0.4022055763628798,0.39723045450969074,0.6981736274224812
2012-12-31,0.39737214050149194,0.4022101807116356,0.4042863087806907,0.4122059324923286,0.49266668428424193
2013-01-03,0.43045594932733067,0.42655420014414225,0.4369277985851019,0.4310891971989823,0.5884420415453514
2013-01-04,0.4309270795163064,0.42610041908015917,0.4369277985851019,0.43670172309790445,0.6433995495082364
2013-01-10,0.440087944301942,0.43309398606625216,0.44296192259675404,0.4437829473628996,0.7359073647164528
2013-01-11,0.4423912474480448,0.43234658196086806,0.4457449022055764,0.4430485981798631,0.6934697348192203
2013-01-14,0.44309794273150815,0.43309398606625216,0.44647315855181025,0.4437829473628996,0.3768554804390507
2013-01-15,0.4346699471287233,0.4315991778554842,0.4427278401997503,0.4425765165621969,0.33436810679981405
2013-01-16,0.43747055436318905,0.4296772815844967,0.4443404078235538,0.4402685619869391,0.7444928236879699
2013-01-17,0.4468408103439251,0.4399807810372902,0.4520651269246776,0.44797922840882265,0.49851623744553447
2013-01-18,0.4480186358163639,0.4388062888716868,0.4508687057844363,0.4491856592095256,0.6516492382212259
2013-01-23,0.45223263361775634,0.44281023943624387,0.457423012900541,0.4529360853943192,0.40395027491189917
2013-01-24,0.45385541537978324,0.44836238421909624,0.45789117769454846,0.45527026672611415,0.8649395224911665
2013-01-25,0.46042506412605355,0.450711368550303,0.46389929255097795,0.4618269558603687,0.25290184782456626
2013-01-28,0.4611317594095169,0.450711368550303,0.46179255097794436,0.45713236644024224,0.30297203313555016
2013-01-29,0.45861906506831385,0.4539145290019486,0.4648356221389929,0.463715282331034,0.3679793314751973
2013-01-30,0.4662880175888603,0.45594319728799104,0.4685289221806077,0.462089223425739,0.29782821931394055
2013-01-31,0.45937810815055224,0.45196593972719756,0.4644454848106534,0.4588895591282227,0.39509744332711016
2013-02-01,0.46652358268334815,0.4607746309692231,0.4711298377028714,0.47006215741299284,0.4303377755531271
2013-02-05,0.4597445427419776,0.4533806689266744,0.46389929255097795,0.46111883343386917,0.31318970864157614
2013-02-06,0.4555305449405854,0.4512185356218137,0.46205264253017075,0.4623252642345721,0.4420182279724606
2013-02-07,0.4616028895984924,0.450711368550303,0.4559925093632957,0.4559521623960765,0.4181116964636863
2013-02-08,0.46063445532115377,0.4526332648212903,0.4674365376612568,0.4632432007133678,0.38421755425565485
2013-02-11,0.4632518452599067,0.45239302778741686,0.4665262172284643,0.4615909150515356,0.4838278431268916
2013-02-12,0.4627545411715438,0.45719776846488536,0.4687890137328341,0.46542002150594053,0.3168707455498782
2013-02-13,0.4700832330000523,0.46101486800309655,0.47328859758635056,0.46767552256812395,0.30568617605864784
2013-02-14,0.4627545411715438,0.45594319728799104,0.4687890137328341,0.46578719609745867,0.4642086003820941
2013-02-15,0.4674396691619117,0.45666390838961113,0.4674365376612568,0.46277111909570134,0.4960414862808314
2013-02-19,0.4696121028110768,0.4636574753757041,0.4758114856429463,0.47334050198012023,0.6769097322076738
2013-02-20,0.47565827356959633,0.4650455115714174,0.4667342904702456,0.45951900128511114,0.41682924061514354
2013-02-21,0.45317489399570754,0.44211622133838735,0.4501404494382024,0.44703506517349,0.33381781665389393
2013-02-22,0.4548500235565095,0.4481221471852228,0.4585674157303372,0.45928296047627803,0.21325919443118807
2013-02-25,0.4693503638172015,0.4586124976643624,0.4443404078235538,0.43670172309790445,0.5130445190946017
2013-02-26,0.4450348112861854,0.4358166724501509,0.44225967540574285,0.444255028980566,0.4516700684131902
2013-02-27,0.44212950845416954,0.44951018338093607,0.44852788181439873,0.45736840724907557,0.2961555859890533
2013-02-28,0.4588546301628017,0.45271334383258144,0.4627808988764046,0.4550604526738178,0.7712969281684819
2013-03-01,0.4492488090875778,0.4472412780610202,0.4537037037037037,0.4581552099451862,0.6189334009019162
2013-03-04,0.4555305449405854,0.44999065744868294,0.4597378277153559,0.4608565658684991,0.5963886043305036
2013-03-05,0.46728262576558655,0.4637909403945226,0.47513524760715775,0.47226520496210234,0.5066897560535801
2013-03-06,0.4774642726273358,0.46739449590262416,0.47916666666666674,0.4741797581893048,0.7214770160594561
2013-03-07,0.4772287075328482,0.4687558390945734,0.4842904702455264,0.478454719504839,0.2538531968903943
2013-03-08,0.48233261791341675,0.47337372874569583,0.48475863503953387,0.4833328962207244,0.6999783925620668
2013-03-11,0.4834319216876929,0.4764968101860503,0.48764565126924686,0.48689973510975904,0.11926373043866209
2013-03-12,0.4845835732607445,0.4757494060806664,0.48561693716188103,0.4806315402974115,0.3157484023709111
2013-03-13,0.4810500968434276,0.47174545551610936,0.4834581772784021,0.479897191114375,0.19752773602239712
2013-03-14,0.48319635659320526,0.47871232949843856,0.48975239284228045,0.4885782475281282,0.3102284015003956
2013-03-15,0.4878029628854107,0.478392013453274,0.49133895131086147,0.48501140863909376,0.49896704010744647
2013-03-18,0.47262210124064297,0.47219923658009244,0.4781783187682065,0.47709092816491383,0.32259127588034764
2013-03-20,0.4795058367795634,0.47115820943330755,0.4840563878485227,0.47911038841826437,0.4087878538217961
2013-03-21,0.47251740564309264,0.4651522835864721,0.47539533915938414,0.4696949828214745,0.6820146837308427
2013-03-22,0.47442810029838245,0.46739449590262416,0.4803370786516854,0.47795641113063536,0.22167676827344135
2013-03-25,0.48073601005077726,0.471398446467181,0.4731325426550146,0.47069159956988127,0.30485607736395476
2013-03-26,0.4755274040726588,0.4695032431999575,0.48239180191427367,0.47976605733168975,0.19585510269750986
2013-03-27,0.46945505941475163,0.46896938312468306,0.476123595505618,0.478454719504839,0.27256461634361734
2013-03-28,0.4788514892948751,0.4740677468435526,0.48475863503953387,0.4833328962207244,0.45766418932468206
2013-04-01,0.4818876616238287,0.47161199049729063,0.47729400749063666,0.47276351333630573,0.7927660163190563
2013-04-02,0.4769669685389729,0.4738542028134427,0.48475863503953387,0.4800283248970598,0.4629385804690524
2013-04-03,0.482594356907292,0.47259963163654817,0.4726643778610071,0.46660022555010605,0.3104600207991021
2013-04-04,0.46945505941475163,0.46491204655259866,0.47539533915938414,0.4734454090062683,0.204582020435351
2013-04-05,0.45558289273936026,0.46010730587513016,0.46350915522263825,0.4694327152561044,0.3667730457315983
2013-04-08,0.4701879285976024,0.464698502522489,0.47399084477736153,0.4753337354769336,0.2996034491067112
2013-04-09,0.4764958383499974,0.47364065878333284,0.48075322513524776,0.47911038841826437,0.22579928089202964
2013-04-10,0.48521174684604496,0.4862397565598058,0.49295151893466493,0.4958168323323455,0.5187355140782561
2013-04-11,0.4995288698110244,0.4953687638469957,0.505331876820641,0.5019276666054708,0.37427813280646416
2013-04-12,0.4962833062869706,0.4862397565598058,0.4969309196837288,0.496577408271919,0.26783274288547904
2013-04-15,0.48824791917499877,0.47812508341563675,0.47334061589679566,0.46570851582784756,0.34418627787786976
2013-04-16,0.47976757577343865,0.4757227130769026,0.482885975863504,0.48548349025675974,0.5243441209892165
2013-04-17,0.4759985342616343,0.46539252062034553,0.4655898876404494,0.463531695035275,0.7649001938451445
2013-04-18,0.4678061037533371,0.45703761044230307,0.462598834789846,0.4578929423798157,0.2989769888558473
2013-04-19,0.465031670418259,0.4606411659504046,0.47144194756554314,0.4713210417267695,0.29103975302232094
2013-04-22,0.4729361880332933,0.46638016175960284,0.47144194756554314,0.4753337354769336,0.24493041316841208
2013-04-23,0.482594356907292,0.47887248752102085,0.4875416146483562,0.48902410238925764,0.4176422398985227
2013-04-24,0.49060357011987643,0.48698716066518966,0.49716500208073255,0.4941907734270501,0.4323632785478558
2013-04-25,0.4995288698110244,0.4961161679523798,0.5062421972534332,0.5012457709355085,0.306528710688842
2013-04-26,0.4985866094330732,0.49008354910178054,0.5022627965043696,0.4979674263683811,0.09734073064230052
2013-04-29,0.5049206930848557,0.5020687077916879,0.510715771951727,0.5102153216711689,0.3051312224369148
2013-04-30,0.5114379940323509,0.5061260443637725,0.5138368705784437,0.5162737024312205,0.3335177997099318
2013-05-01,0.5119614720201017,0.505698956303553,0.5099615064502705,0.5041044873980434,0.41764845786627325
2013-05-02,0.5067790399413704,0.5054854122734433,0.5139409071993342,0.5137559338036666,0.4981929031225079
2013-05-03,0.5225619012720516,0.5212609774977981,0.5300665834373701,0.5273676204463793,0.2590063376636297
2013-05-06,0.5265665078783438,0.5203534153698317,0.5321993341656261,0.5288100920559153,0.43917972569435265
2013-05-07,0.5319583311521751,0.5248645330058994,0.5344881398252184,0.5342390306590783,0.23796162581202773
2013-05-08,0.5364340679474427,0.5342070843231992,0.5426550145651268,0.543182354638202,0.4322342557170327
2013-05-09,0.5420614563157619,0.5349277954248193,0.5413025384935497,0.5368092527997061,0.31052997293629536
2013-05-10,0.5338690258074646,0.5282278514801271,0.5373491468997087,0.5373075611739098,0.27090286446229345
2013-05-13,0.5364340679474427,0.5279876144462536,0.5391437786100708,0.5363896246951139,0.652521308198235
2013-05-14,0.5352300685756163,0.5359154365640768,0.5426550145651268,0.5445723727346639,0.3125648028826498
2013-05-15,0.5432654556875883,0.5423751434748953,0.5496774864752394,0.5495554564766976,0.23134881710936006
2013-05-16,0.5472177144951055,0.5411205722980008,0.5485330836454432,0.5426840462639986,0.2730838166507849
2013-05-17,0.5465633670104172,0.5438432586818995,0.5512900540990429,0.5533321094180284,0.4283153815422736
2013-05-20,0.5535256242475005,0.5485679203480769,0.5590667915106118,0.5546696740014163,0.45786627327657364
2013-05-21,0.5547819714181018,0.5505698956303555,0.5567259675405742,0.5566366807416927,0.579382462532858
2013-05-22,0.5599644034968329,0.5601259909777647,0.5461662505201832,0.5434183954470351,0.8253730392027321
2013-05-23,0.5237659006438781,0.5277740704161442,0.5216656263004578,0.5375436019827429,0.6703653211502618
2013-05-28,0.5385018059990577,0.53708992872968,0.5387016229712858,0.5346848855202078,0.47591237018049204
2013-05-29,0.5302570276919855,0.5207271174225236,0.5275176862255513,0.5251121193841957,0.7827752966359239
2013-05-30,0.5274825943569071,0.5248645330058994,0.5331096545984186,0.5311442733877103,0.3660735243596659
2013-05-31,0.5228759880647017,0.5163761578090384,0.5164377861007075,0.5091662514096882,0.30516075778372975
2013-06-03,0.51060042925195,0.5071670715105572,0.5125364128173115,0.517034278370794,0.9053625308372337
2013-06-04,0.5161754698214941,0.5116781891466249,0.513368705784436,0.5122085551679825,0.28526792445790977
2013-06-05,0.5069099094383079,0.49790459920454877,0.49830940491052855,0.49112224291221906,0.3764279951562031
2013-06-06,0.49222635188190333,0.4911779622560928,0.49399188514357073,0.5015867187704897,0.3548345476506186
2013-06-07,0.5038999110087422,0.5029762699196543,0.5079327923429047,0.5127068635421856,0.15115879601490448
2013-06-10,0.5190284248547349,0.5092758188078905,0.5170099875156056,0.5134936662382963,0.44260116244907094
2013-06-11,0.4986651311312359,0.49475482476043053,0.5001820640865586,0.4967872223242151,0.6511067205349939
2013-06-12,0.5058629534628069,0.49923924939273423,0.4957344985434875,0.4899420388680531,0.3478191255361054
2013-06-13,0.4913364393027272,0.4997464164642449,0.4952663337494798,0.5083007684439667,0.21293119663234866
2013-06-14,0.5057582578652567,0.4988922403438061,0.5022888056595922,0.49749534475071466,0.1804578600553088
2013-06-17,0.5110977333403129,0.50690014147292,0.5114180191427382,0.5104513624800022,0.33160266564277463
2013-06-18,0.5116997330262262,0.511197715078878,0.5183364544319602,0.5198405413202549,0.555712213798603
2013-06-19,0.5180861644767837,0.5083148706723968,0.5037193091968373,0.49749534475071466,0.4273686959522584
2013-06-20,0.47966288017588854,0.4693697781811388,0.4643674573449854,0.4595452280416481,0.6214376874134342
2013-06-21,0.46707323457048633,0.4601873848864213,0.45872347066167296,0.46187940937344263,0.6013303342002216
2013-06-24,0.44461602889598495,0.4413154312254759,0.4417655014565127,0.4428650108841039,0.6967574852673025
2013-06-25,0.45814793487933814,0.44953687638469964,0.45469205160216397,0.45883710561514857,0.541404670004679
2013-06-26,0.4630686279641941,0.4595200597923286,0.47003745318352075,0.46806892391617927,0.32046628540161076
2013-06-27,0.4784588808040623,0.4732936497344047,0.4853828547648773,0.48065776705394847,0.42797650229987083
2013-06-28,0.4754227084751087,0.4732936497344047,0.48041510611735316,0.47567468331191476,0.5189484794737111
2013-07-01,0.4851593990472701,0.4816752529162107,0.4910008322929671,0.48590311836135225,0.5738049454606503
2013-07-03,0.47277914463696813,0.47203907855751015,0.47755409904286306,0.4808938078627816,0.34259447813373917
2013-07-05,0.4856305292362456,0.4790860315511305,0.4860851019558885,0.48970599805922,0.5642883458184943
2013-07-08,0.4941632204365808,0.4875477137442277,0.49945380774032455,0.4944530409924206,0.3049151480575846
2013-07-09,0.5031670418258912,0.4943544297039748,0.5039794007490637,0.5027406960581184,0.17465805063602038
2013-07-10,0.5017013034601895,0.5005738995809199,0.5086610486891388,0.5044454352330248,0.23761963758574967
2013-07-11,0.5237920745432655,0.5233430317913677,0.5284280066583438,0.5319310760838207,0.6053533593348017
2013-07-12,0.5256765952991677,0.5209673544563971,0.5327195172700792,0.5288887723255264,0.1771172568813472
2013-07-15,0.5330314610270638,0.5267330432693593,0.5374531835205993,0.5355241417293923,0.22361677421160053
2013-07-16,0.5346542427890907,0.5252115420548276,0.5350083229296714,0.5316950352749874,0.19479027572023497
2013-07-17,0.5386850232947705,0.531324239916718,0.5423168955472326,0.5369666133389284,0.3161447978150061
2013-07-18,0.538213893105795,0.5356751995302034,0.5447097378277153,0.5436282094993312,0.45642836823426813
2013-07-19,0.5410930220384232,0.5346341723834185,0.5442675821889307,0.5436282094993312,0.20292804101371528
2013-07-22,0.5449144113490029,0.5402397031737982,0.5510559717020391,0.5495816832332345,0.17890181362574362
2013-07-23,0.5507773648118096,0.544083495715773,0.5555555555555556,0.5502635789031971,0.4789140941120509
2013-07-24,0.5553054494058526,0.5462723220243975,0.5491573033707864,0.5459886175876629,0.2778032541734222
2013-07-25,0.5415379783280113,0.5397592291060516,0.5460882230545152,0.5486112932413649,0.43793146866843774
2013-07-26,0.5425064126053499,0.5358887435603128,0.5416666666666667,0.5453067219177006,0.7707093302160587
2013-07-29,0.5408574569439356,0.531778020980701,0.542576987099459,0.5383566314353905,0.34613094729184185
2013-07-30,0.5425064126053499,0.5341803913194352,0.5414065751144403,0.5374386949565946,0.25799902688804704
2013-07-31,0.5401769355598597,0.538771587966794,0.5447097378277153,0.5388024862965197,0.21449346102966435
2013-08-02,0.5558289273936029,0.5504364306115368,0.5595869746150646,0.559810118282672,0.3377024920060252
2013-08-05,0.5576611003507302,0.5486746923631316,0.5602892218060758,0.5569514018201369,0.1593991577762682
2013-08-06,0.5558289273936029,0.5468061820996717,0.5548272992093217,0.5506832070077894,0.1872976245808701
2013-08-07,0.5463016280165419,0.53708992872968,0.5484810653349981,0.5433921686904981,0.3826366359550876
2013-08-08,0.5527665811652619,0.5468061820996717,0.5529546400332916,0.5550106218363975,0.3038378851448087
2013-08-09,0.5533947547505628,0.5477404372314019,0.5569860590928006,0.5540140050879909,0.10770763737433876
2013-08-12,0.549861278333246,0.5458185409604144,0.5552954640033292,0.5533845629311023,0.5054306175841018
2013-08-13,0.5563000575825786,0.5515842297733764,0.5571941323345819,0.5595478507173017,0.19839669701553092
2013-08-14,0.5598335339998953,0.5520647038411233,0.5631242197253432,0.5567153610113036,0.2465548572432329
2013-08-15,0.5430037166937131,0.5349011024210555,0.5407043279234292,0.5414776154632956,0.39827016137180804
2013-08-16,0.5422446736114747,0.5351680324586927,0.5451779026217229,0.5398253298014635,0.18134392045975653
2013-08-19,0.5389467622886458,0.5295891946720765,0.5364908447773618,0.5293870806997298,0.20021078910674228
2013-08-20,0.5290268544207716,0.5274537543709796,0.5336558468580941,0.5333997744498937,0.17706129517159258
2013-08-21,0.5280322462440453,0.5233430317913677,0.5230441115272577,0.520076582129088,0.22659984423990784
2013-08-22,0.5240538135371408,0.5237968128553507,0.5315491052850603,0.5314589944661543,0.17498293945098453
2013-08-23,0.5351515468774538,0.5308437658489711,0.5402621722846441,0.5398253298014635,0.18921275864802728
2013-08-27,0.522588075171439,0.5131463043536291,0.5176342072409488,0.5113430722022607,0.5730479078870256
2013-08-28,0.5104957336543997,0.5080479406347598,0.513368705784436,0.5131789451598521,0.17856915235109133
2013-08-29,0.5116997330262262,0.5105303899847851,0.5192727840199749,0.5139132943428886,0.8293463205953081
2013-08-30,0.5143171229649793,0.5049515521981689,0.5124063670411985,0.5072254714259488,0.2889038811000207
2013-09-04,0.5219337276867507,0.5231828737687854,0.527049521431544,0.5317737155445985,0.19176523440961174
2013-09-05,0.5266712034758939,0.5258254811413929,0.5341500208073242,0.5344750714679116,0.32043830454673344
2013-09-06,0.5385541537978328,0.5338867682780346,0.5346441947565543,0.5375436019827429,0.07027236253239173
2013-09-09,0.5449144113490029,0.5462723220243975,0.5520443196004994,0.5552728894017676,0.2308560431651321
2013-09-10,0.5666910956394283,0.5586578757707605,0.5694444444444444,0.5678879592960739,0.4056804244384786
2013-09-11,0.5657488352614773,0.5627419053466087,0.5699126092384519,0.5716383854808675,0.44763927081892185
2013-09-12,0.5695178767732817,0.5617542642073514,0.5710830212234708,0.5647407485116316,0.18769091104108987
2013-09-13,0.5681306601057426,0.5605263860342204,0.5705888472742406,0.5690419365837027,0.25850734575165124
2013-09-16,0.5818719572841963,0.5786776285935458,0.5842696629213484,0.5782999816412704,0.4399320997921644
2013-09-17,0.5778935245772915,0.5734191068520942,0.5850499375780276,0.5814734191822497,0.203667979176026
2013-09-18,0.5836256085431607,0.6011264447588289,0.5860122763212652,0.6074903616669727,0.34562418292017527
2013-09-19,0.6095639428362037,0.6023276299281961,0.6066115272575947,0.6031629468383644,0.35588227521657956
2013-09-20,0.6038580327697219,0.595787844006086,0.5975863503953391,0.5912559993705577,0.3939797636239559
2013-09-23,0.5879181280427158,0.5841230013613434,0.591708281315023,0.5890529518214482,0.360225525690311
2013-09-24,0.5897764748992306,0.5855911165683476,0.5912141073657928,0.5867187704896537,0.33914350603220594
2013-09-25,0.5840967387321364,0.5816672450150817,0.5902517686225552,0.5854861129324136,0.7372069199763095
2013-09-26,0.5900120399937182,0.5860448976323307,0.5926446109030379,0.5898135277610217,0.40519075947812594
2013-09-27,0.586949693765377,0.578544163574727,0.5876508531002913,0.5854861129324136,0.402936746168566
2013-09-30,0.5683923990996179,0.57101673651336,0.5756086142322099,0.5773820451624747,0.4937004214227643
2013-10-01,0.5795686541380934,0.5801991298080775,0.5860122763212652,0.5879514280468934,0.5539571924010215
2013-10-02,0.5831283044547978,0.5780369965032166,0.58408759883479,0.5860106480631542,0.6156332145183329
2013-10-04,0.5800136104276815,0.576328644262339,0.5822409488139826,0.5835977864617483,0.6097152637117846
2013-10-07,0.5722137884101973,0.5697888583402291,0.5764929255097795,0.5728972697946446,0.3734697969988979
2013-10-08,0.574569439355075,0.5671462509676215,0.5653870162297128,0.5587610480211913,0.5584341291813889
2013-10-09,0.5655394440663769,0.5571630675599928,0.5604452767374117,0.56140995043143,0.40456119024338677
2013-10-10,0.5777103072815789,0.5797453487440942,0.5829431960049938,0.5883972829080228,0.4846237429989569
2013-10-14,0.5890697796157672,0.5938125617275714,0.5947773616312944,0.6009861260457918,0.2582741719610071
2013-10-15,0.5989111657854785,0.5911966473587273,0.5973522679983354,0.5917280809882242,0.3896986928277296
2013-10-16,0.5974192535203896,0.5979499773109469,0.6042186849771121,0.6064937449185659,0.8388986735520295
2013-10-17,0.6076270742815265,0.6125243573659345,0.6132178526841447,0.6199218442655197,0.6315403305160757
2013-10-18,0.6209495890697797,0.6210127325627954,0.6278349979192677,0.6279472317658474,0.6351312068919954
2013-10-21,0.6293514107731769,0.62226730373969,0.6323605909280068,0.6294159301319207,0.6289552104238011
2013-10-22,0.6359472334188346,0.6360675866855299,0.6412037037037037,0.6392509638333028,0.6086271193554453
2013-10-23,0.6310265403339789,0.6234951819128209,0.6302278401997503,0.627029295287052,0.7506470572690374
2013-10-24,0.6333560173794691,0.6275525184849053,0.6356897627965044,0.6344514673870283,0.20522713458946645
2013-10-25,0.6352405381353715,0.6277927555187788,0.6369121930919683,0.6358152587269532,0.49340973143042793
2013-10-28,0.6352405381353715,0.6300349678349306,0.6387068248023304,0.6355792179181201,0.49547098773972204
2013-10-29,0.6381720148667748,0.6315297760456986,0.6418019142738245,0.6389886962679325,0.2685415912090372
2013-10-30,0.6405276658116527,0.6341456904145426,0.634493341656263,0.6336908914474546,0.5114744822375978
2013-10-31,0.6344029733549704,0.6273656674585593,0.6326206824802332,0.6265572136693855,0.4709193420768323
2013-11-01,0.6257655865570854,0.6210127325627954,0.625078027465668,0.625822864486349,0.8717590786215387
2013-11-04,0.6308171491388787,0.6256306222139179,0.631476279650437,0.6336908914474546,0.4344773875830293
2013-11-05,0.6241166308956708,0.6181298881563144,0.6255982105701205,0.6234624563980171,0.26985980037214535
2013-11-06,0.6318902790137676,0.6258708592477913,0.6335830212234708,0.629914238506124,0.3255152752150251
2013-11-07,0.6312097576296917,0.6236820329391668,0.616729088639201,0.6105326654252667,0.3282636169607506
2013-11-08,0.6090928126472283,0.614713183674559,0.6153506034124012,0.6224658396496106,0.597167404791255
2013-11-11,0.6231481966183322,0.6166884659530738,0.6271587598834789,0.6234624563980171,0.27620989993735395
2013-11-12,0.6219180233471183,0.6144729466406855,0.6222170203911779,0.6196858034566866,0.19923767715378743
2013-11-13,0.6107679422080302,0.6193310733256816,0.6172232625884313,0.627291562852422,0.14328063087500797
2013-11-14,0.6283829764958383,0.627205509435977,0.6328547648772369,0.6336908914474546,0.25842651217089463
2013-11-15,0.6352405381353715,0.6366014467608041,0.6420359966708282,0.643709512444596,0.5622177625575744
2013-11-18,0.6481180966340364,0.6438352507807705,0.6465615896795673,0.6430276167746336,0.5750905102930682
2013-11-19,0.6400303617232895,0.6363345167231671,0.6427382438618392,0.6385166146502661,0.35652428038681977
2013-11-20,0.6407894048055279,0.6358273496516564,0.6347014148980441,0.6317763382202524,0.36884518348445583
2013-11-21,0.6326754959953932,0.6331847422790489,0.6376404494382022,0.6411130635474311,0.3316617363364045
2013-11-22,0.6371774066900487,0.6388169660731924,0.6439606741573034,0.6464108683679088,0.28452176832784853
2013-11-25,0.6458147934879338,0.6388169660731924,0.6463795255930087,0.6411130635474311,0.2467242968644343
2013-11-26,0.6414699261896039,0.6366014467608041,0.644480857261756,0.6415589184085604,0.6315729748467659
2013-11-27,0.6390881013453383,0.6396444491898674,0.6458593424885559,0.6468567232290383,0.4732386440477726
2013-11-29,0.6478825315395488,0.6458105330592854,0.6535840615896795,0.6477222061947601,0.33100574073872563
2013-12-02,0.6460503585824217,0.6388169660731924,0.643700582605077,0.638280573841433,0.8360228634674185
2013-12-03,0.6348217557451709,0.6273656674585593,0.632126508531003,0.6308846284979936,0.4786622664181552
2013-12-04,0.623881065801183,0.6215198996343061,0.6231013316687475,0.625822864486349,0.48322159127121683
2013-12-05,0.6229126315238444,0.6181298881563144,0.6258322929671245,0.6208135539877784,0.5778932592566108
2013-12-06,0.6314714966235669,0.6310226089741879,0.6371462754889721,0.6372577303364892,0.3391326245886426
2013-12-09,0.6397947966288017,0.6326775752075384,0.6427382438618392,0.6385166146502661,0.4870456414377807
2013-12-10,0.6354761032298591,0.6315297760456986,0.6409436121514773,0.6363135671011566,0.3144239752400524
2013-12-11,0.6369156676961735,0.6295011077596564,0.6255982105701205,0.620341472370112,0.36218574002365933
2013-12-12,0.6173899387530754,0.611830339268078,0.6160528506034124,0.6138896902620052,0.4440297405397507
2013-12-13,0.6157148091922734,0.6081200117449219,0.6160528506034124,0.6134176086443388,0.2855181976598678
2013-12-16,0.6179134167408259,0.6183701251901879,0.6245578443612152,0.6236984972068504,0.5503461076299127
2013-12-17,0.6231481966183322,0.6156741318100527,0.6210205992509363,0.6181908783340764,0.4516296516228118
2013-12-18,0.6229126315238444,0.6315297760456986,0.617457344985435,0.6370216895276561,0.7396101645118817
2013-12-20,0.6406585353085902,0.6387101940581374,0.6462494798168956,0.645125757297595,0.7410434060783743
2013-12-23,0.6557608752551954,0.6489336144996398,0.6571733250104035,0.656114768286606,0.5716597465867242
2013-12-24,0.6562320054441712,0.6523770119851589,0.6616729088639202,0.6594717931233443,0.2372170241739041
2013-12-26,0.6646338271475684,0.6582761658169396,0.6688254265501457,0.664559783891526,0.43334416296049877
2013-12-27,0.6681934774642727,0.6639083896110831,0.6724146899708698,0.6688347452070602,0.42889209805113343
2013-12-30,0.6703920850128252,0.665590048848197,0.6750416146483562,0.6726900784180021,0.417035988042848
2013-12-31,0.6754436475946185,0.6721565277740706,0.6797752808988764,0.6784337380996093,0.9913881146655432
2014-01-02,0.6681934774642727,0.6626538184341886,0.6600603412401165,0.6573211990873089,0.9759520097249015
2014-01-03,0.6605506988431137,0.6572885246776821,0.6628953391593841,0.6587636706968449,0.5334891970582794
2014-01-06,0.6629063497879913,0.6582761658169396,0.6593320848938826,0.654908337485903,0.413483973965369
2014-01-07,0.6605506988431137,0.6555000934255133,0.6647940074906369,0.6614125731070839,0.3773296004800271
2014-01-08,0.6624090456996282,0.6570482876438086,0.6633635039533916,0.661674840672454,0.7365229435237534
2014-01-09,0.663927131864105,0.6572885246776821,0.6593320848938826,0.6614125731070839,0.48844934765745834
2014-01-10,0.6669633041930586,0.6636414595734459,0.6678630878069081,0.6710377927561697,0.46430031540641414
2014-01-13,0.6641626969585929,0.6624135814003151,0.6588119017894298,0.6551706050512733,0.6592771301591643
2014-01-14,0.6612312202271894,0.6608653871820198,0.6628953391593841,0.6678381284586534,0.38108214401746004
2014-01-15,0.6696330419305868,0.6677521821530579,0.67478152309613,0.6721917700437987,0.7028231128079253
2014-01-16,0.6756530387897189,0.6690067533299524,0.6730649188514357,0.6726900784180021,0.3161836601134468
2014-01-17,0.6681934774642727,0.6653231188105599,0.6717384519350811,0.6673398200844503,0.40212063790131153
2014-01-21,0.6715437365858766,0.6709553426047035,0.6707761131918435,0.67130006032154,0.6385775155177157
2014-01-23,0.667669999476522,0.661399247257294,0.6616729088639202,0.6618584279682131,0.8014089914922655
2014-01-27,0.6250850651730094,0.6208525745402131,0.616651061173533,0.6181646515775394,0.5621695733075079
2014-01-28,0.6233837617128198,0.6233350238902386,0.6292915106117354,0.6294421568884576,0.5567459509371254
2014-01-29,0.61914359001204,0.6169553959907108,0.6188358302122348,0.6155419759238374,0.6685356841396741
2014-01-30,0.6250850651730094,0.6235485679203481,0.6273668331252602,0.6292061160796245,0.563717847277385
2014-02-04,0.5939381249018479,0.5927181485732591,0.5966760299625469,0.5989928925489785,0.5816333668585427
2014-02-05,0.596267601947338,0.5927181485732591,0.5948033707865168,0.5979962758005719,0.3305518290929384
2014-02-06,0.600848034340156,0.611830339268078,0.6078599667082814,0.6189514542736501,0.312280330858064
2014-02-07,0.6277024551117626,0.62765929049996,0.6280690803162712,0.6342678800912691,0.4991660150754628
2014-02-10,0.63631366801026,0.628887168673091,0.6359758635039534,0.6333237168559362,0.5614078722580704
2014-02-11,0.63631366801026,0.6474921922963994,0.6431023720349562,0.6515250858926276,0.3499581064422809
2014-02-12,0.6540857456943935,0.6504284227104078,0.6567571785268413,0.6542264418159407,0.6919727590832849
2014-02-13,0.6440349683295817,0.6528574860529057,0.6497607157719518,0.6592357523145111,0.513719168595532
2014-02-14,0.6593466994712872,0.6616661772949313,0.6652621722846441,0.6662645230664324,0.3963550273046509
2014-02-18,0.6720410406742398,0.6682593492245683,0.67478152309613,0.672454037609169,0.4989157418735048
2014-02-19,0.6715437365858766,0.6697274644315727,0.6685653349979193,0.6632746728212122,0.7514289667136641
2014-02-20,0.6631419148824792,0.6658035928783068,0.6662245110278819,0.67130006032154,0.2687172487979891
2014-02-21,0.6754174736952311,0.6704748685369566,0.6772263836870578,0.6715098743738361,0.8202882960747523
2014-02-24,0.6725121708632152,0.6816859301177163,0.6790730337078652,0.6803745180833487,0.47841665669201006
2014-02-25,0.6820656441396639,0.6775485145343407,0.6805295464003329,0.6767814524377771,0.2754404264282283
2014-02-26,0.6787415589174476,0.6743453540826951,0.6795411985018727,0.6770174932466102,0.22834242970198834
2014-02-27,0.6780348636339842,0.6760803993273365,0.6797752808988764,0.682262844554014,0.3230467420180725
2014-02-28,0.6864366853373814,0.6865974428102395,0.6845609654598419,0.6861444045214928,0.6132797137247646
2014-03-03,0.6664660001046955,0.6662840669460537,0.6662245110278819,0.6667103779275616,0.6757531902060789
2014-03-05,0.6882950321938962,0.685823345701092,0.6938462338743239,0.6914159825854336,0.23161929870650724
2014-03-07,0.7001256347170602,0.6963670821877588,0.6943143986683313,0.693356762569173,0.4681181476052274
2014-03-10,0.6895513793644977,0.6831807383284842,0.6864596337910944,0.6868525269479924,0.7666598787185389
2014-03-11,0.6902842485473485,0.6851026345994717,0.6831044527673742,0.6794041280914789,0.5030102736372157
2014-03-12,0.6732188661466786,0.6711688866348133,0.6726747815230962,0.6779878832384798,0.3010771074635821
2014-03-13,0.6815945139506882,0.6755465392520621,0.6612307532251354,0.6587636706968449,0.38427817944122233
2014-03-14,0.6538501805999059,0.6560072604970237,0.6585778193924261,0.6573211990873089,0.548996808628052
2014-03-17,0.6648955661414436,0.6660171369084165,0.6700218476903872,0.6693592803378006,0.6303029549337241
2014-03-18,0.6729833010521907,0.6745855911165686,0.6778766125676239,0.6801647040310523,0.405161224131311
2014-03-19,0.6801811233837617,0.6736246429810748,0.6652621722846441,0.6662645230664324,0.5052285336322102
2014-03-20,0.6624090456996282,0.6639083896110831,0.6631294215563879,0.6688347452070602,0.16973808365342913
2014-03-21,0.6761241689786944,0.6724234578117076,0.6707761131918435,0.6664481103621915,0.27236253239172575
2014-03-24,0.6727215620583155,0.6670314710514376,0.6645599250936329,0.6652679063180256,0.8101374637220443
2014-03-25,0.6736114746374914,0.6698609294503912,0.6731689554723261,0.6740276430013898,0.4385548199354264
2014-03-26,0.6786630372192849,0.6765341803913196,0.6741312942155637,0.6681790762936346,0.5676771382425224
2014-03-27,0.6675391299795842,0.6681525772095136,0.6723366625052019,0.6718508222088173,0.3975084603223705
2014-03-28,0.6796576453960109,0.6799775778768387,0.6844829379941739,0.680794146187941,0.6583304445691491
2014-03-31,0.6893158142700099,0.6880655580172439,0.6952767374115689,0.6931207217603399,0.62824169862443
2014-04-01,0.6976914620740197,0.6979152764060541,0.7029754473574699,0.7037687849143694,0.6976466546556256
2014-04-02,0.7027953724545882,0.7003710327523156,0.7067727840199751,0.7059456057069422,0.6303542531676659
2014-04-03,0.7039993718264147,0.6995969356431682,0.7032095297544736,0.7027721681659629,0.7282064116574458
2014-04-04,0.7098099774904464,0.704721992365801,0.6943143986683313,0.6902357785412678,0.5112894976970201
2014-04-07,0.6907292048369366,0.6861169687424926,0.6821161048689139,0.6803220645702746,0.22565782212570554
2014-04-08,0.6786630372192849,0.680698288978459,0.6828183520599251,0.6856198693907523,0.3103170075408404
2014-04-09,0.688085640998796,0.6956997570936658,0.6928838951310863,0.7025361273571298,0.5431192746118821
2014-04-10,0.7010678950950112,0.6949256599845184,0.6789950062421972,0.6757323821762964,0.34521224255670396
2014-04-11,0.670522954509763,0.6684195072471506,0.6686433624635872,0.6646384641611371,0.8028779863733236
2014-04-15,0.6724336491650525,0.6684195072471506,0.6598262588431127,0.6720868630176506,0.3841429386426487
2014-04-17,0.6854420771606554,0.6885727250887543,0.6914273824386183,0.6928584541949696,0.2695644469039961
2014-04-21,0.6938438988640526,0.6890531991565012,0.696265085310029,0.6950352749875421,0.25302154370376356
2014-04-22,0.6974820708789197,0.6969543282705604,0.7021951727007907,0.7003855333210942,0.29263777073420205
2014-04-23,0.7001779825158351,0.6944184929130075,0.7014669163545568,0.6975005901020221,0.24451847280494077
2014-04-24,0.6976914620740197,0.6959399941275393,0.696265085310029,0.6981824857719847,0.5073923864093878
2014-04-25,0.6921687693032507,0.6861169687424926,0.690022888056596,0.6868263001914554,0.1846067990368368
2014-04-28,0.6912265089252997,0.6885727250887543,0.6851851851851853,0.6912061685331374,0.32214669118618616
2014-04-29,0.6919070303093754,0.6940180978565518,0.6971754057428214,0.6983922998242806,0.15119921280528278
2014-05-01,0.705648327487829,0.7026132450684677,0.70770911360799,0.7066275013769046,0.2299746462364973
2014-05-02,0.7039993718264147,0.7052558524410752,0.7103620474406991,0.707125809751108,0.24084365386438922
2014-05-05,0.7003873737109355,0.7010917438539359,0.7012588431127755,0.707361850559941,0.4928392328893186
2014-05-06,0.7071140658535308,0.7010917438539359,0.7055763628797338,0.7008838416952974,0.4334778492671348
2014-05-07,0.7052295450976286,0.7003710327523156,0.7007646691635456,0.7068897689422748,0.22156329036199454
2014-05-08,0.707323457048631,0.7072845207271174,0.7074490220557637,0.7047129481497023,0.16425228160554145
2014-05-09,0.7039993718264147,0.6989029175453114,0.7032095297544736,0.7051588030108316,0.14366148139972673
2014-05-12,0.7129508454169501,0.7126765074873878,0.7175145651269246,0.718009913713971,0.38841312799531164
2014-05-13,0.7196775375595456,0.7139043856605185,0.7216240116521015,0.7172493377743974,0.397398091394799
2014-05-14,0.7160393655446787,0.7124095774497505,0.7175145651269246,0.7136824988853627,0.1790867981663213
2014-05-15,0.7114589331518609,0.7082454688626112,0.7029754473574699,0.7032442497836293,0.303811458781869
2014-05-16,0.707323457048631,0.7033606491738518,0.7067727840199751,0.7098271656744211,0.2790328572960856
2014-05-19,0.7064073705700674,0.7052558524410752,0.7108042030794841,0.7112171837708832,0.1347604605648713
2014-05-20,0.7088677171124954,0.7040279742679445,0.7038857677902624,0.701513283852186,0.22512929486691216
2014-05-21,0.7061718054755796,0.7057897125163497,0.7122607157719516,0.7114007710666421,0.41546439669390656
2014-05-22,0.712453541328587,0.7129434375250248,0.7185289221806075,0.7172493377743974,0.26256301521692155
2014-05-23,0.7189970161754698,0.717588020179911,0.7239648356221391,0.7235437593432821,0.34236285883503265
2014-05-27,0.7245197089462386,0.727197501534848,0.7307532251352475,0.7303102625298328,0.31577171974997553
2014-05-28,0.7302256190127204,0.7251688332488055,0.7307532251352475,0.7276351333630571,0.21739725196915266
2014-05-29,0.7309846620949588,0.7303472759789662,0.7350447357469831,0.7365784573421805,0.44286698057040524
2014-05-30,0.7355389205883892,0.7300803459413288,0.7361891385767791,0.7334837000708123,0.5201532107253725
2014-06-02,0.7362456158718526,0.7333368924005021,0.7383999167707034,0.7392535865089565,0.3587627487770035
2014-06-03,0.735329529393289,0.7310412940768225,0.738139825218477,0.7370243122033098,0.17043760502536154
2014-06-04,0.7341517039208502,0.7326161812988818,0.7369173949230128,0.7385454640824569,0.20735834303595385
2014-06-05,0.7420823954352719,0.7443611029549158,0.7426394090719932,0.7496393820976159,0.5532763249323407
2014-06-06,0.7541223891535359,0.7524757760990846,0.7580368289637951,0.7578221301371659,0.2531863198491521
2014-06-09,0.7545935193425116,0.7553853135093294,0.760637744486059,0.7595793228251462,0.3066530700438522
2014-06-10,0.7577605611684027,0.7527427061367218,0.7580368289637951,0.7583204385113693,0.26348793791980996
2014-06-11,0.7541223891535359,0.7490323786135655,0.7558520599250937,0.7530226336908914,0.3430110819730233
2014-06-12,0.7486258702821545,0.7480981234818356,0.7496358718268832,0.7472265204962103,0.4370003279977988
2014-06-13,0.7486258702821545,0.7455889811280465,0.7501300457761133,0.7513178945159851,0.21119327464608104
2014-06-16,0.7488352614772548,0.7465766222673038,0.7522627965043696,0.7503475045241155,0.14191889593764623
2014-06-17,0.7476050882060409,0.7480981234818356,0.7515345401581355,0.7532586744997245,0.34054721225188367
2014-06-18,0.752447259592734,0.7576008328217176,0.7549157303370786,0.7619397309134779,0.6382091009284979
2014-06-19,0.7657174265822123,0.7625657315217684,0.767114024136496,0.764641086836791,0.1990900004197128
2014-06-20,0.7666335130607757,0.7622988014841312,0.7695328755722013,0.7670014949251225,0.19831741792671193
2014-06-23,0.7647228184054861,0.7603769052131439,0.7668539325842698,0.764641086836791,0.9437600361885722
2014-06-24,0.76605768727425,0.7636601446760805,0.7613660008322929,0.7571402344672034,0.5534675274406688
2014-06-25,0.7538868240590483,0.7547446814190004,0.7585049937578028,0.7598415903905165,0.622556921608526
2014-06-26,0.7616604721771448,0.756719963697515,0.7558260507698711,0.7596055495816834,0.6174488611014818
2014-06-27,0.7567921268910641,0.7593892640738864,0.7628225135247608,0.7647197671064019,0.303427499273275
2014-07-01,0.7713709888499188,0.776285935456317,0.7768154390345401,0.7790395761756144,0.4340296939049925
2014-07-02,0.7786996806784273,0.7775138136294479,0.78381190178943,0.7802460069763173,0.36614503098879675
2014-07-03,0.7839868083547087,0.7824787123294985,0.7852684144818978,0.7870649636759421,0.14747931359854002
2014-07-07,0.781788200806156,0.7772468835918107,0.7801706200582605,0.7773086102441711,0.8156123843263686
2014-07-08,0.772862901115008,0.7708138696847557,0.7666458593424885,0.7651131684544572,0.4460941058329201
2014-07-09,0.7672355127466891,0.7671569281691271,0.7702611319184354,0.7714600435364158,0.38418957340077753
2014-07-10,0.7550908234308747,0.7576809118330088,0.7548637120266333,0.7614676492958115,0.5115879601490446
2014-07-11,0.7614249070826572,0.7569868937351523,0.762094257178527,0.761992184426552,0.1925471438542384
2014-07-14,0.7713709888499188,0.7671569281691271,0.7749427798585102,0.7709617351622124,0.17399739156252866
2014-07-15,0.7721300319321572,0.7679043322745109,0.7664117769454848,0.7663982795247712,0.2862612448060538
2014-07-16,0.7752447259592733,0.7705736326508823,0.7746826883062838,0.772981195415563,0.4307916871989143
2014-07-17,0.7667382086583258,0.7661159010223422,0.7577507282563463,0.7542552912481313,0.3769984936973124
2014-07-18,0.7631262105428466,0.7661159010223422,0.7611319184352894,0.7700437986834168,0.241023974929154
2014-07-21,0.7648013401036485,0.761658169393802,0.7647992093216813,0.7666605470901413,0.29656752635252454
2014-07-23,0.7779144636968015,0.7738301791100555,0.7801706200582605,0.7780954129402817,0.1850187394003081
2014-07-24,0.781788200806156,0.7772468835918107,0.7831356637536413,0.7793018437409844,0.31171915926858046
2014-07-25,0.776710464324975,0.7728158449670344,0.7736943404078236,0.772981195415563,0.6158974781477295
2014-07-29,0.774040726587447,0.7723353708992875,0.7707813150228879,0.7661622387159379,0.654904344338618
2014-07-30,0.7703502067738052,0.7666230680938528,0.7664117769454848,0.7668965878989744,0.1893992976805426
2014-07-31,0.7572632570800398,0.7525024691028483,0.7444860590928009,0.7396469878570118,0.36529316940697687
2014-08-01,0.7386012668167304,0.7351520166564345,0.7326518934665001,0.7345065435757561,0.525276816151793
2014-08-04,0.7378945715332669,0.7405973894242321,0.7372555139409072,0.7440268561986938,0.5630089989538268
2014-08-05,0.7371093545516411,0.7322157862424261,0.7290366208905534,0.7289202444333709,0.4189324682067536
2014-08-06,0.7220855363031985,0.7245015081547128,0.7247191011235954,0.7271892785019276,0.33047721347993225
2014-08-07,0.7317960529759725,0.726263246403118,0.719647315855181,0.7181935010097302,0.5678434688798486
2014-08-08,0.7159870177459037,0.7233003229853456,0.7208177278401997,0.729182511998741,0.4842195750951737
2014-08-11,0.7354080510914517,0.734457998558578,0.7389721181856013,0.7361850559941252,0.3816821779053843
2014-08-12,0.7344919646128879,0.7319488562047889,0.7362671660424469,0.7345065435757561,0.39767789994357194
2014-08-13,0.7381563105271421,0.7386488001494811,0.7440439034540158,0.7432925070156573,0.23294061685349068
2014-08-14,0.7456158718525886,0.744334409951152,0.7517166042446941,0.7503212777675785,0.14941154707701107
2014-08-15,0.7550908234308747,0.7525024691028483,0.7443039950062422,0.7495869285845418,0.24813577554380012
2014-08-18,0.7580484740616656,0.7569868937351523,0.760429671244278,0.7624904928007554,0.21052795209677644
2014-08-19,0.762157776265508,0.761658169393802,0.7676602163961714,0.7663982795247712,0.3341535869124215
2014-08-20,0.762602732555096,0.7636601446760805,0.7679203079483978,0.767578483568937,0.17503112870105098
2014-08-22,0.7694341202952414,0.7658489709847052,0.7702611319184354,0.7693094495003803,0.23808909415091317
2014-08-25,0.7752447259592733,0.7735632490724182,0.7790262172284643,0.7763382202523015,0.47470142096108014
2014-08-26,0.7759775951421243,0.776285935456317,0.7818872243029547,0.7778331453749114,0.6985498144713872
2014-08-27,0.7791446369680154,0.77601900541868,0.7828755722014149,0.7805082745416874,0.15337550151796137
2014-08-28,0.774040726587447,0.7708138696847557,0.7765553474823137,0.7753416035038947,0.2828724523820257
2014-08-29,0.7752447259592733,0.7740971091476925,0.7780638784852267,0.7790395761756144,0.3232768068248414
2014-09-02,0.7810815055226926,0.7777540506633214,0.7811589679567208,0.78145243777702,0.5281215363976514
2014-09-03,0.787703502067738,0.7881910151349334,0.7879213483146066,0.7846783288310735,0.4629556798803663
2014-09-04,0.7866827199916243,0.784667538638123,0.7823553890969621,0.779826378871725,0.2755414684041741
2014-09-05,0.7776788986023139,0.7787683848063425,0.7787921348314606,0.7831571769519263,0.33078655737552015
2014-09-08,0.7754802910537612,0.7747911272455492,0.775384935497295,0.7739515854074326,0.6760842969887936
2014-09-09,0.7718944668376694,0.7671569281691271,0.7671660424469413,0.7658999711505676,0.3412731599867557
2014-09-10,0.7631262105428466,0.7658489709847052,0.7664117769454848,0.7709617351622124,0.42626034320073
2014-09-11,0.7597236036224676,0.7621386434615489,0.7657355389096963,0.7678145243777701,0.3756662941067656
2014-09-12,0.7674710778411767,0.7626458105330596,0.7613660008322929,0.7602874452516457,0.2798862733698432
2014-09-15,0.7590169083390043,0.754477751381363,0.759493341656263,0.7571402344672034,0.2750720118390106
2014-09-16,0.752447259592734,0.7636601446760805,0.7565543071161049,0.7671064019512708,0.6252337567251207
2014-09-17,0.76605768727425,0.7641940047513549,0.7645651269246776,0.7614676492958115,0.6509419443896053
2014-09-19,0.7713709888499188,0.7673971652030005,0.7669059508947149,0.7629888011749586,0.18789765846879436
2014-09-22,0.7609014290949064,0.7569868937351523,0.7544215563878485,0.7517637493771145,0.5003971726900638
2014-09-23,0.7475789143066532,0.744334409951152,0.746410736579276,0.7415090875711399,0.44855020309437166
2014-09-24,0.7453803067581007,0.7488455275872195,0.7457084893882646,0.7535209420650948,0.2502281216918468
2014-09-25,0.7432078731089359,0.7398766783226118,0.7337962962962963,0.7291038317291301,0.4653200621174978
2014-09-26,0.7304611841072083,0.7344313055548142,0.735252808988764,0.7376013008471243,0.17879455368204733
2014-09-29,0.7236821441658378,0.7259162373541896,0.7258114856429463,0.7303102625298328,0.5559733684441245
2014-09-30,0.7286028372506937,0.7264234044257003,0.7274500624219726,0.7281072149807233,0.47521284880855963
2014-10-01,0.7216929278123855,0.7159597469503245,0.7101019558884727,0.7061029662461644,0.6153549604614975
2014-10-02,0.703920850128252,0.6988228385340203,0.6930139409071994,0.7016444176348711,0.46876170726740524
2014-10-06,0.7183164947913941,0.7140111576755734,0.7141593841032043,0.7137087256418999,0.7015484294190707
2014-10-07,0.7068261529602681,0.7012785948802822,0.6978776529338329,0.6931469485168771,0.5154244462511094
2014-10-08,0.6924566821965136,0.7102474441448898,0.691167290886392,0.7156232788691024,0.5611451631206114
2014-10-10,0.6799979060880489,0.6759202413047543,0.6676029962546817,0.6615961604028429,0.9608563385186002
2014-10-13,0.6685599120556981,0.6674852521154206,0.6571733250104035,0.6518135802145348,0.49664618364456853
2014-10-14,0.6563367010417213,0.6594773509863066,0.6564970869746152,0.6537805869548112,0.8591599214670672
2014-10-17,0.6617023504161649,0.6592371139524331,0.6605805243445693,0.6601536887933068,0.7048688241978432
2014-10-20,0.6592681777731247,0.6655099698369058,0.6639617145235124,0.6723753573395579,0.6003618857230796
2014-10-21,0.6792912108045858,0.6873715399193874,0.6843268830628382,0.6928846809515066,0.618278959796175
2014-10-22,0.6921949432026383,0.6895870592317754,0.6860434873075323,0.6801909307875895,0.6101458579785075
2014-10-23,0.6946291158456787,0.6968475562555057,0.6976695796920516,0.6953237693094496,0.4491688908855474
2014-10-24,0.6970894623881067,0.6968475562555057,0.6976695796920516,0.7029033019486481,0.7573173821733973
2014-10-27,0.6966183321991309,0.6955662920748473,0.6971754057428214,0.7009887487214457,0.27012561849347966
2014-10-28,0.7060932837774171,0.7133171395777169,0.7121826883062838,0.7198457866715624,0.8627383619074859
2014-10-29,0.7224781447940113,0.7187625123455144,0.7131710362047441,0.7146528888772326,0.554614742490638
2014-10-30,0.7102549337800347,0.7199370045111178,0.7141593841032043,0.7227045031340973,0.49449010332707904
2014-11-03,0.7398052661885567,0.7351253236526707,0.7395963379109447,0.7366309108552545,0.5944796882310969
2014-11-04,0.7322148353661729,0.7269305714972107,0.7282043279234289,0.7312281990086287,0.5442835890731652
2014-11-05,0.736114746374915,0.7306675920241308,0.7337962962962963,0.734716357628052,0.5866668117525807
2014-11-07,0.7327121394545358,0.7306675920241308,0.7340563878485227,0.7366309108552545,0.6989990626413616
2014-11-10,0.7390985709050933,0.7366201318634389,0.7422752808988764,0.7410370059534739,0.3783680010943623
2014-11-11,0.7429461341150604,0.7391559672209915,0.7454483978360384,0.7449710194340267,0.5136134631437733
2014-11-12,0.7385750929173428,0.7361129647919282,0.7415210153974199,0.7412730467623068,0.40759244952176055
2014-11-13,0.7424750039260847,0.7411312494995064,0.74201518934665,0.7407747383881034,0.5729033401368263
2014-11-14,0.7399884834842695,0.7386488001494811,0.7439918851435705,0.7447349786251933,0.5959844364267204
2014-11-17,0.739569701094069,0.7371539919387129,0.7427174365376612,0.7420073959453435,0.31640439796858993
2014-11-18,0.7434434382034235,0.7490857646210929,0.7493237619642115,0.7517899761336515,0.3037725964834283
2014-11-19,0.7511909124221327,0.7475909564103251,0.7485955056179774,0.7503475045241155,0.2545838081010793
2014-11-20,0.7424750039260847,0.7431332247817848,0.7461246358718268,0.7483804977838391,0.457956433808956
2014-11-21,0.765665078783437,0.7619784854389666,0.7618861839367457,0.7611004747042933,0.5965440535242663
2014-11-24,0.7643825577134481,0.7600298961642156,0.7658135663753642,0.7640378714364393,0.48928100084408915
2014-11-25,0.7646442967073234,0.7619784854389666,0.7675041614648357,0.7654803430459753,0.3361573270200234
2014-11-26,0.7665811652620006,0.7649947948642664,0.7706252600915522,0.7694143565265283,0.32103056597496954
2014-11-28,0.7641731665183479,0.7608039932733632,0.7648512276321264,0.76086443389546,0.35277018235744917
2014-12-01,0.7555881275192379,0.7507941168619707,0.7517166042446941,0.749613155341079,0.5354680652948792
2014-12-02,0.7500392608490812,0.7505271868243335,0.7548897211818562,0.7549896404311678,0.6911022435982135
2014-12-03,0.7551431712296498,0.7557590155620213,0.7590251768622556,0.76086443389546,0.30704324752019674
2014-12-05,0.757080039784327,0.7562928756372957,0.7614180191427382,0.7591859214770911,0.540010290736627
2014-12-09,0.7358530073810395,0.737901396044097,0.7333021223470662,0.7417451283799732,0.7080679686054807
2014-12-10,0.7398052661885567,0.7371539919387129,0.7238347898460258,0.7202916415326917,0.8601034980732072
2014-12-12,0.7153850180599904,0.7104876811787633,0.7013108614232211,0.6960581184924861,0.48345165607798574
2014-12-15,0.6995236350311468,0.6971144862931427,0.6819340407823555,0.6804269715964228,0.7253725728551508
2014-12-16,0.6751295608019682,0.6941248698716069,0.6792030794839783,0.6779878832384798,0.6693828822456811
2014-12-19,0.7299900539182328,0.7344313055548142,0.7340563878485227,0.7356867476199218,0.8085254555827245
2014-12-22,0.7333664869392241,0.7381416330779704,0.7395443196004994,0.7442366702509902,0.7642364257877776
2014-12-23,0.7439407422917866,0.7408910124656329,0.7475811485642947,0.7435023210679534,0.5988136117532026
2014-12-24,0.7466366539287023,0.7443877959586793,0.7505461922596754,0.7476461486008026,0.482461444713717
2014-12-26,0.749829869653981,0.7508741958732619,0.7554099042863087,0.7543601982742794,0.7315749956862848
2014-12-29,0.7493325655656179,0.7466300082748314,0.7531991260923845,0.7503737312806524,0.6221760710838072
2014-12-31,0.7458776108464639,0.7406240824279957,0.7349406991260923,0.7309134779301845,0.6299578577235708
2015-01-02,0.7311678793906716,0.732402637268772,0.7263316687473991,0.7269794644496315,0.8577919685619549
2015-01-07,0.6987645919489086,0.6965806262178684,0.696629213483146,0.7024049935744445,0.5387775786300883
2015-01-08,0.7117730199445113,0.7195899954621896,0.7119486059092801,0.7243305620393927,0.5979275513487549
2015-01-12,0.71496623566979,0.7113418572992021,0.7058884727424053,0.7068373154292009,0.6133372299264569
2015-01-14,0.6965659844003559,0.6955662920748473,0.6927018310445279,0.7011723360172046,0.5775901333287734
2015-01-15,0.7100455425849342,0.705843098523877,0.7017270079067832,0.6964777465970782,0.45073737325061364
2015-01-16,0.6935821598701776,0.7083522408776661,0.699802330420308,0.7142332607726403,0.4031559295317715
2015-01-21,0.7194157985656703,0.7216186637482318,0.7193352059925093,0.7277400403892049,0.6868538171326773
2015-01-22,0.7316390095796471,0.7399033713263754,0.7278141905950894,0.7447349786251933,0.6022894557257378
2015-01-23,0.7409569177616081,0.7356057977204176,0.7390761548064919,0.7336672873665713,0.7447788502044933
2015-01-26,0.7383133539234675,0.7396364412887384,0.7370994590095712,0.7437383618767865,0.5587263736656629
2015-01-30,0.7169292781238549,0.7176414061874385,0.7115064502704953,0.7068373154292009,0.3883602752694323
2015-02-02,0.7154635397581531,0.7216186637482318,0.7112463587182687,0.726245115266595,0.9588323900158091
2015-02-03,0.7338899649269749,0.7426260577102743,0.736839367457345,0.7476461486008026,0.7650058992969032
2015-02-04,0.7439407422917866,0.7454021301017006,0.7452143154390345,0.7410107791969367,0.6484532027974637
2015-02-05,0.7458776108464639,0.7529295571630676,0.7507542655014565,0.7587662933724986,0.8589904818458658
2015-02-06,0.754959953933937,0.750393721805515,0.7463587182688307,0.7447349786251933,0.7891689219753861
2015-02-09,0.7402240485787571,0.7399033713263754,0.7426654182272161,0.7407485116315664,0.3438691615225937
2015-02-10,0.7486258702821545,0.7486853695646372,0.7465928006658344,0.7533373547693356,0.29387203733267836
2015-02-11,0.7458776108464639,0.7466300082748314,0.7468268830628382,0.749901649662986,0.2941098745991354
2015-02-12,0.7584410825524784,0.7636868376798442,0.7639669163545568,0.7688373678827138,0.7314910531216529
2015-02-13,0.7716850756425692,0.7729493099858529,0.7756450270495214,0.7784363607752629,0.4382843383382792
2015-02-17,0.7783070721876143,0.7771668045805196,0.7781158967956721,0.7801410999501692,0.6013085713130948
2015-02-18,0.7792755064649531,0.7802365000133467,0.783005617977528,0.7850717301791286,0.26840479591852595
2015-02-19,0.7792755064649531,0.7819715452579881,0.7834737827715355,0.7830784966823152,0.7808663805365172
2015-02-20,0.7810029838245302,0.7914475615941063,0.781497086974615,0.7953788454981772,0.6815700990366813
2015-02-23,0.7893001099303772,0.7872300669994396,0.7912505201831044,0.7914448320176244,0.4440639393623785
2015-02-24,0.7910799350887295,0.7940100899554228,0.7922648772367873,0.7968475438642504,0.5153591575897291
2015-02-25,0.7959482803748102,0.7942503269892962,0.7983770287141074,0.7966115030554173,0.5486019676758945
2015-02-26,0.7962100193686855,0.7942503269892962,0.7956460674157304,0.7941724146974742,0.4450183974120818
2015-02-27,0.7954509762864471,0.7940100899554228,0.7976227632126509,0.7934642922709747,0.896245435623048
2015-03-02,0.7937496728262575,0.7942503269892962,0.7976227632126509,0.7988670041176007,0.49289674909101083
2015-03-03,0.7935402816311573,0.791954728665617,0.7905742821473158,0.7907104828345879,0.8087726198008073
2015-03-04,0.7837250693608332,0.7792221658703256,0.7798064918851435,0.7818720658816123,0.2850720584737687
2015-03-05,0.7871538501805998,0.7834663534687558,0.7866468997086975,0.784101340187259,0.8874936460142049
2015-03-06,0.7812385489190178,0.7776739716520302,0.7681023720349562,0.7651131684544572,0.6407242688835794
2015-03-09,0.7672355127466891,0.7649147158529752,0.7678682896379525,0.7680767919431404,0.3762243567123739
2015-03-10,0.7522640422970214,0.7484451325307637,0.7456824802330422,0.7405649243358075,0.7574013247380291
2015-03-11,0.7439407422917866,0.7386488001494811,0.7429255097794425,0.7412468200057698,0.41185486641473534
2015-03-12,0.751504999214783,0.753943891306089,0.7573085726175612,0.7595006425555351,0.49985776398770704
2015-03-13,0.7520284772025335,0.7481782024931267,0.7459165626300459,0.749901649662986,0.4087070202410395
2015-03-16,0.754959953933937,0.7629127405706966,0.7610018726591761,0.7680767919431404,0.3198755784653123
2015-03-17,0.7616081243783698,0.7618984064276755,0.7627184769038702,0.7656377035851976,0.3442375761118115
2015-03-18,0.7640422970214104,0.7892320422817181,0.7659176029962547,0.790972750399958,0.3402611857353602
2015-03-19,0.7810029838245302,0.7787149987988149,0.7805087390761549,0.7791707099582994,0.610565570801667
2015-03-20,0.790818196094854,0.7984945145877267,0.7922648772367873,0.8003357024836737,0.697073047130641
2015-03-23,0.8028843637125057,0.8009769639377522,0.8056856013316687,0.8019879881455061,0.9198115333974819
2015-03-24,0.8010783646547662,0.799508848730748,0.8009779442363711,0.7971098114296205,0.4380418375960093
2015-03-26,0.7724179448254201,0.7704134746283,0.7667759051186018,0.7702798394922499,0.5337192618650483
2015-03-27,0.7694341202952414,0.7699063075567896,0.7739024136496047,0.7749482021558394,0.22931865063881846
2015-03-30,0.7800345495471915,0.7840002135440303,0.7839419475655431,0.7856224920664061,0.5769263652714064
2015-03-31,0.7778097680992514,0.7749779782718951,0.7717436537661255,0.7747121613470063,0.8230226473930392
2015-04-01,0.7750876825629481,0.7742305741665112,0.7709893882646692,0.7756825513388759,0.6136947630721112
2015-04-02,0.7793016803643406,0.7827723353708995,0.7851903870162298,0.7858585328752392,0.3579373135581232
2015-04-06,0.7852169816259226,0.7996423137495663,0.791068456096546,0.7992079519525821,0.44005801363911223
2015-04-07,0.7985656703135632,0.8013773589942079,0.8008739076154807,0.7961918749508248,0.7138615600570187
2015-04-08,0.8081714913887871,0.8048741424872543,0.8035788597586351,0.8051089721734113,0.8557695745511015
2015-04-09,0.8062084489347222,0.805381309558765,0.8057896379525593,0.8090954391670382,0.6742189066636405
2015-04-10,0.8103700989373396,0.8116808584470012,0.8138784852268,0.8164913845104775,0.7759604039813647
2015-04-13,0.8155525310160706,0.8129354296238958,0.8133583021223469,0.8085709040362978,0.5838500723615996
2015-04-14,0.8096372297544888,0.8116808584470012,0.8131242197253432,0.8152587269532376,0.3646993534868031
2015-04-15,0.8167827042872847,0.8220377439073221,0.8224354972950478,0.8241758241758241,0.44270842239276725
2015-04-16,0.8219913102654034,0.8255345274003685,0.8246982937994174,0.8256707492984343,0.28701983687161603
2015-04-17,0.8128827932785426,0.8104262872701067,0.8055555555555556,0.8066038972960214,0.6663003247333656
2015-04-20,0.8088781866722504,0.8126951925900223,0.8143726591760301,0.8147604185790345,0.5337348067844245
2015-04-21,0.8239805266188557,0.8212636467981744,0.8222014148980441,0.8187468855726612,0.4332151401296757
2015-04-22,0.8224886143537663,0.8215038838320479,0.8194964627548897,0.8251724409242309,0.39332843150209
2015-04-23,0.8200020939119509,0.8308197421455839,0.8224354972950478,0.8318340370846338,0.5998457943997872
2015-04-24,0.8330890436057162,0.8333288844993729,0.8319808572617562,0.8360303181305568,0.3009620750601977
2015-04-27,0.8414646914097262,0.8409096975682675,0.8384051186017478,0.8358205040782607,0.5154182282833589
2015-04-28,0.8357587813432444,0.8363718869284362,0.8327351227632125,0.8397545175588135,0.3143680135302978
2015-04-29,0.8316233052400147,0.8300456450364362,0.8295880149812735,0.8298670303443572,0.6400791547294639
2015-04-30,0.8249489608961943,0.8215038838320479,0.8143726591760301,0.8135539877783313,0.611224675383221
2015-05-01,0.822226875359891,0.8245468862611112,0.8234498543487307,0.8291326811613207,0.3148996497729664
2015-05-04,0.8291367847981991,0.8293249339348159,0.8337494798168954,0.8303653387185608,0.6179836063280257
2015-05-05,0.8274093074386223,0.8242799562234739,0.8143726591760301,0.8118230218468883,0.6141922004921521
2015-05-06,0.8195309637229754,0.8164055201131786,0.8062578027465668,0.8083348632274645,0.5761739911735947
2015-05-07,0.8041930586818825,0.8061554066679124,0.8045672076570953,0.8100396024023708,0.39165113470138985
2015-05-08,0.8190598335339999,0.8308197421455839,0.8246982937994174,0.833328962207244,0.4113667559463203
2015-05-11,0.8318588703345026,0.8399220564290102,0.8276113191843528,0.8239135566104538,0.2721915382785867
2015-05-12,0.8175679212689105,0.8207831727304276,0.8180919683728674,0.8224186314878439,0.5276240989776105
2015-05-13,0.8303407841700258,0.8293249339348159,0.8293539325842696,0.8264050984814708,0.3202999547642846
2015-05-14,0.8365178244254828,0.8383471692069511,0.8393414481897628,0.841931338351386,0.6400791547294639
2015-05-15,0.8414646914097262,0.8409096975682675,0.8423064918851435,0.8449474153531433,0.3449557513869954
2015-05-18,0.8407056483274876,0.8416571016736516,0.8438410320432794,0.8442392929266438,0.7716793331851384
2015-05-19,0.842982777574203,0.8409096975682675,0.8445432792342904,0.8421936059167563,0.401943425820422
2015-05-20,0.8414646914097262,0.842164268745162,0.8430607573866002,0.8416952975425529,0.6945454432400585
2015-05-21,0.842197560592577,0.8446734110989513,0.8462078651685392,0.8476749980329932,0.2845606306262892
2015-05-22,0.8434539077631785,0.8414168646397782,0.845947773616313,0.8414330299771826,0.43494839864013046
2015-05-26,0.8348426948646809,0.8318073832848412,0.8224354972950478,0.8216580555482704,0.5188878542881437
2015-05-27,0.8234832225304926,0.8318073832848412,0.8258166874739907,0.8352959689475201,0.3823443914708136
2015-05-28,0.8274093074386223,0.8255345274003685,0.8254005409904286,0.8298670303443572,0.5242726143600855
2015-05-29,0.8274093074386223,0.8245468862611112,0.8197305451518935,0.8187468855726612,0.5347110277212547
2015-06-01,0.8247133958017064,0.821023409764301,0.8167915106117352,0.8187468855726612,0.5488071606116615
2015-06-02,0.8167827042872847,0.823238929076689,0.819262380357886,0.8211335204175298,0.8300909222334317
2015-06-04,0.8192692247291001,0.8200357686250437,0.8136183936745733,0.8118230218468883,0.3937186089784345
2015-06-05,0.8007381039627285,0.8031390972426129,0.8013420724094882,0.8021191219281911,0.34408523590192397
2015-06-08,0.8014709731455792,0.7973200224221233,0.7993913857677903,0.7954837525243252,0.2939590888811855
2015-06-09,0.7929121080458564,0.7908069295037774,0.7917967124427798,0.7917857798526056,0.5103288216795663
2015-06-11,0.8200020939119509,0.817473240263727,0.8197305451518935,0.8195074615122349,0.2996998276068441
2015-06-12,0.8076480134010363,0.8069295037770603,0.8094829379941739,0.8093577067324085,0.33419244921086216
2015-06-15,0.7955556718839972,0.7956116701812457,0.7949698293799417,0.800702877075192,0.3175376225911204
2015-06-16,0.797073758048474,0.8008701919226973,0.7996514773200165,0.8048729313645782,0.29000135240798575
2015-06-17,0.8024917552216929,0.8046605984571447,0.7996514773200165,0.8048729313645782,0.5643924967783154
2015-06-19,0.8209705281892895,0.8172063102260898,0.8180919683728674,0.8135539877783313,0.6300231463849512
2015-06-22,0.8281683505208605,0.8330619544617357,0.8337494798168954,0.8310472343885231,0.40361605914530924
2015-06-23,0.8345809558708056,0.831567146250968,0.8364284228048273,0.833591229772614,0.8311153324203283
2015-06-24,0.830602523163901,0.8278301257240479,0.8265969621306699,0.8229431666185842,0.4116963082370973
2015-06-25,0.8271475684447468,0.8258014574380057,0.823215771951727,0.8185108447638278,0.9268409459394338
2015-06-26,0.8198450505156257,0.819635373568588,0.8200166458593425,0.8198221825906791,0.2424603254795219
2015-07-02,0.7959744542741977,0.7922483517070178,0.7928890969621307,0.792415222009494,0.44383698353948486
2015-07-06,0.7724179448254201,0.778795077810106,0.7751248439450686,0.7759710456607831,0.7180695697321765
2015-07-07,0.7676542951368895,0.7716947388089583,0.752887016229713,0.7762070864696162,0.8329993766487329
2015-07-08,0.7601947338114431,0.7567733497050424,0.7479192675821891,0.7441055364683049,0.7218361036970481
2015-07-13,0.7949798460974714,0.7935296158876759,0.7995474406991261,0.7973983057515277,0.6920364932527276
2015-07-14,0.7982515835209129,0.8029255532125033,0.8030066583437372,0.8066038972960214,0.9828461814682797
2015-07-16,0.8103962728367272,0.8104529802738705,0.8145807324178111,0.8145768312832751,0.6162348028981947
2015-07-17,0.8150814008270951,0.8112003843792543,0.8141385767790261,0.8120590626557214,0.35084105786285336
2015-07-20,0.8134324451656808,0.8112003843792543,0.8131242197253432,0.8115869810380549,0.3239949821000253
2015-07-22,0.7979898445270376,0.7963056882791022,0.8007698709945901,0.7996538068137113,0.731657383758979
2015-07-23,0.8016803643406795,0.7986012866027814,0.7955940491052851,0.7929397571402346,0.5062156360126038
2015-07-24,0.7917866303721927,0.7874436110295493,0.7765553474823137,0.7744761205381732,0.9133868182192673
2015-07-27,0.7694341202952414,0.7648613298454476,0.7645131086142323,0.762044637939626,0.6759894729805983
2015-07-28,0.7646966445060984,0.7740170301364013,0.7672180607573866,0.7786986283406332,0.8701626154015951
2015-07-29,0.7793540281631158,0.7864025838827646,0.7839939658759885,0.7884549817724043,0.5594243405456577
2015-07-30,0.7855310684185729,0.7853882497397433,0.7847742405326676,0.7901597209473104,0.30614786016412326
2015-07-31,0.7937496728262575,0.792515281744655,0.7943456096545984,0.7916546460699205,0.8259606371551553
2015-08-03,0.7912893262838298,0.7889651122440811,0.7842540574282146,0.7852028639618138,0.30190720615827527
2015-08-04,0.7855310684185729,0.7848810826682329,0.7864648356221391,0.7854651315271839,0.302872545651542
2015-08-05,0.7942208030152332,0.7917144916317436,0.7928890969621307,0.7891893309554407,0.22854451365387993
2015-08-06,0.7875726325708005,0.7846141526305959,0.7783499791926758,0.7794854310367436,0.6597683496114547
2015-08-07,0.7763440297335497,0.7724955289218698,0.7760611735330838,0.7779905059141337,0.8223573248437346
2015-08-10,0.7825472438883946,0.7935296158876759,0.7884155222638369,0.7971360381861574,0.2257619730855266
2015-08-11,0.780845940428205,0.7770066465579373,0.7768154390345401,0.7774659707833931,0.39896501926792755
2015-08-12,0.7631785583416216,0.7689186664175323,0.7575426550145652,0.7737417713551367,0.38850017954381877
2015-08-13,0.7736219441972464,0.7714545017750849,0.7723938826466918,0.7717223111017859,0.3058214168572215
2015-08-14,0.7696435114903418,0.7709473347035745,0.7719517270079068,0.7762070864696162,0.29043039218277095
2015-08-17,0.7686750772130032,0.7732162400234901,0.7689086558468581,0.7784625875318001,0.3880105145834661
2015-08-18,0.7728890750143956,0.7696660705229161,0.7741364960466086,0.7707256943533793,0.29697946671599584
2015-08-19,0.7617128199759199,0.7608573792808908,0.754109446525177,0.7572713682498886,0.33136016490050474
2015-09-02,0.6575930482123228,0.6604116061180365,0.6561069496462755,0.6678643552151904,0.48312987624689685
2015-09-03,0.6720148667748519,0.677441742519286,0.6725967540574282,0.6698838154685411,0.6674786296220874
2015-09-04,0.6470973145579227,0.643701785761952,0.6422180607573866,0.6424768548873561,0.5859486364773968
2015-09-08,0.6695021724336491,0.6733577129434376,0.6725967540574282,0.6798762097091453,0.33676357887569813
2015-09-09,0.6931372035805893,0.6893201291941384,0.6704119850187265,0.6663956568491174,0.705462640118017
2015-09-11,0.6685337381563105,0.6716226676987962,0.6711922596754056,0.6783550578299982,0.4423633251826139
2015-09-14,0.6759671255823693,0.669327069375117,0.6725967540574282,0.6713787405911511,0.412728490883682
2015-09-15,0.6729571271528031,0.6807249819822225,0.6760819808572618,0.6860657242518817,0.2763482497198028
2015-09-16,0.6935821598701776,0.6982088994474549,0.697773616312942,0.704319546801647,0.22167055030569083
2015-09-17,0.6995759828299221,0.7169740810933456,0.7042238868081565,0.704319546801647,0.6507662868006534
2015-09-22,0.656074962047846,0.6495742465899688,0.6496306699958385,0.6532298250675339,0.8778589049847892
2015-09-24,0.6372035805894362,0.6369217628059687,0.6328547648772369,0.6427391224527261,0.4651475135124212
2015-09-25,0.6561273098466208,0.6508822037743909,0.6447149396587599,0.643709512444596,0.9833545003318839
2015-09-29,0.6136732450400461,0.6126578223847532,0.6111631294215563,0.6124472186524692,0.5923857875911126
2015-10-06,0.6923519865989635,0.6901209193070497,0.6923116937161882,0.6915471163681188,0.6717192836279354
2015-10-07,0.7033711982411138,0.7056295544937674,0.7027673741156886,0.7095648981090508,0.6815498906414921
2015-10-08,0.7031094592472386,0.7163334490030167,0.707423012900541,0.7220226074641349,0.5518228749706588
2015-10-12,0.7233418834738,0.7176414061874385,0.7245890553474823,0.7217865666553018,0.44029118742975637
2015-10-13,0.7103334554781972,0.7145450177508477,0.7116885143570537,0.7070471294814968,0.36139139464353165
2015-10-14,0.7093388473014709,0.7084323198889573,0.7094777361631295,0.7062865535419234,0.5166385044543965
2015-10-15,0.7150709312673401,0.7231935509702909,0.7173585101955888,0.7293398725379632,0.2605530571415691
2015-10-16,0.7295712715280324,0.7255158422977339,0.7295828131502289,0.7313068792782396,0.5107734063737278
2015-10-19,0.7250431869339894,0.7222059098310336,0.7270599250936329,0.727818720658816,0.30432599561322377
2015-10-20,0.7255404910223525,0.7255158422977339,0.7295828131502289,0.7260615279708358,0.49953287517274286
2015-10-21,0.730539705805371,0.7252489122600967,0.7213639200998752,0.7170395237221012,0.6783973809919834
2015-10-22,0.7248337957388892,0.7339241384833037,0.7300509779442366,0.7368144981510136,0.5516627623010832
2015-10-23,0.7495419567607181,0.7471371753463418,0.747425093632959,0.7506097720894855,0.8940800283539329
2015-10-26,0.7490446526723552,0.7440941729172785,0.7496618809821058,0.7460987699651185,0.5563853088075958
2015-10-27,0.7372925718473536,0.7336839014494303,0.7375156054931336,0.7368144981510136,0.6205687264203004
2015-10-28,0.7412971784536461,0.7468969383124684,0.7392322097378277,0.7493508877757089,0.5088178555161923
2015-10-29,0.7398314400879441,0.7387555721645358,0.7437057844361217,0.7423221170237877,0.3209932581684665
2015-10-30,0.7430246558132229,0.740784240450578,0.7424053266749895,0.7370243122033098,0.47867936582946913
2015-11-03,0.7500654347484689,0.7593892640738864,0.75561797752809,0.76086443389546,0.35029076771693324
2015-11-06,0.7448044809715751,0.7415583375597259,0.7416770703287556,0.746833119148155,0.5060493053752776
2015-11-09,0.7415327435481339,0.7364332808370928,0.7315334997919267,0.7325657635920166,0.6709871179253128
2015-11-10,0.7270585771868293,0.726263246403118,0.7293227215980025,0.7318314144089799,0.7212422877768744
2015-11-11,0.7375543108412291,0.7336839014494303,0.7360330836454432,0.7308347976605734,0.44854553961855875
2015-11-12,0.7220593624038109,0.7193764514320797,0.7183728672492717,0.7133153242938446,0.4306253565615882
2015-11-16,0.6973512013819819,0.7097135840696154,0.7027673741156886,0.7160691337302316,0.9291058406925572
2015-11-18,0.7200439721509709,0.7298401089074555,0.7245890553474823,0.734585223845367,0.9519133464014288
2015-11-19,0.7372925718473536,0.7361930438032194,0.7431856013316687,0.7395945343439376,0.5871766851081226
2015-11-20,0.7432863948070983,0.7423057416651098,0.745968580940491,0.7423221170237877,0.8041604422218663
2015-11-23,0.7393079621001938,0.7377145450177509,0.7389721181856013,0.7362899630202733,0.42769203027528496
2015-11-24,0.7280531853635556,0.7354189466940717,0.7312734082397003,0.7398568019093079,0.9219396328600941
2015-11-25,0.7390723970057059,0.736967140912367,0.7416770703287556,0.7403551102835113,0.35780984521923775
2015-12-01,0.7407737004658953,0.7458826041694475,0.7469049105285059,0.7515801620813554,0.8614450246153798
2015-12-04,0.7177930168036434,0.7354189466940717,0.7233406158967957,0.7403551102835113,0.7127734157006794
2015-12-10,0.7068261529602681,0.7058964845314044,0.7076831044527674,0.7030606624878701,0.8417900285560168
2016-02-05,0.5961105585510128,0.5914902704001284,0.5816947565543071,0.579244144876603,0.9661618195017231
2016-02-12,0.5387897188923206,0.546138857005579,0.5427070328755723,0.5545385402187311,0.5052876043258401
2016-02-19,0.5883369104329162,0.5889811280463393,0.5921764461090304,0.5968685252694801,0.56514953435194
2016-02-25,0.602915772391771,0.6053172463497318,0.6044007490636705,0.613732329722783,0.6165643551889717
2016-02-26,0.6182536774328639,0.6153271227611243,0.6159228048272991,0.6119751370348028,0.8424786684843858
2016-03-04,0.6614667853216772,0.6658302858820704,0.6646119434040783,0.6663956568491174,0.9480006901944202
2016-03-09,0.6552112233680573,0.6514961428609563,0.6578755722014149,0.6568228907131055,0.6751749192052815
2016-03-11,0.6718316494791393,0.6784026906547795,0.6778766125676239,0.6855411891211414,0.5728784682658242
2016-03-14,0.6833481652096528,0.6781624536209061,0.6832084893882646,0.682262844554014,0.7210028960184797
2016-03-15,0.6718316494791393,0.6676454101380029,0.672830836454432,0.671431194104225,0.3575517995575916
2016-03-16,0.66599486991572,0.6807783679897501,0.6725967540574282,0.686354218573789,0.5092888665732934
2016-03-17,0.6851803381667799,0.6948989669807544,0.6891645859342488,0.6994938235988355,0.8983828620372859
2016-03-18,0.7015651991833743,0.6987961455302567,0.7044579692051602,0.7020115922263892,0.5451245692114217
2016-03-21,0.7003088520127728,0.6964738542028137,0.7019350811485643,0.7020115922263892,0.5216859397758733
2016-03-24,0.6737946919332042,0.6748525211542056,0.6773824386183935,0.6820530305017178,0.48589531740393627
2016-03-30,0.712453541328587,0.711448629314257,0.7134571369121931,0.7116105851189385,1.0
2016-04-04,0.7083965869235197,0.7054693964711851,0.706200582605077,0.7025361273571298,0.43626816229517623
2016-04-05,0.6862011202428938,0.6812855350612605,0.6878901373283397,0.6833381415720319,0.5143098755318305
2016-04-06,0.6841595560906665,0.6936443958038601,0.6879681647940075,0.7000183587295761,0.7102178309552196
2016-04-11,0.7020886771711249,0.7010917438539359,0.6986839367457345,0.6934616695953213,0.7396536902861353
2016-04-12,0.700073286918285,0.7062701865840966,0.6992041198501873,0.7106664218836056,0.6361602805547049
2016-04-14,0.729859184421295,0.727090729519793,0.7332761131918435,0.7293660992945004,0.5915214900737916
2016-04-15,0.7278437941684551,0.7234604810079279,0.7310653349979193,0.7272941855280757,0.37800891345677035
2016-04-18,0.7235512746689,0.7317353121746792,0.7277361631294215,0.7371554459859948,0.39787998389546353
2016-04-19,0.7507983039313196,0.7507674238582069,0.750364128173117,0.7526030055862991,0.622539822197212
2016-04-21,0.7530754331780348,0.7479646584630171,0.7470609654598419,0.7445251645728972,0.5694570315111059
2016-04-22,0.7432340470083233,0.7409977844806879,0.7435757386600084,0.7437645886333237,0.5769714455375976
2016-04-25,0.7382086583259174,0.7332835063929746,0.7387900540990429,0.7389913189435862,0.5026589584593119
2016-04-26,0.7414280479505836,0.7404906174091772,0.7438358302122345,0.7442891237640641,0.6804804001884044
2016-04-27,0.7409307438622205,0.7429997597629663,0.7430555555555556,0.7462823572608774,0.32484684368184524
2016-04-28,0.7363764853687903,0.7424392066839283,0.7367873491468997,0.7346639041149781,0.38416781051365073
2016-04-29,0.7305920536041458,0.7268504924859196,0.7237567623803578,0.7255894463531694,0.5958678495313984
2016-05-02,0.7293357064335445,0.7312014520994048,0.7335362047440699,0.7359227884287551,0.4673051483218482
2016-05-04,0.7071140658535308,0.7046952993620375,0.706356637536413,0.7040835059928139,0.428923187889886
2016-05-06,0.6972988535832066,0.702399701038358,0.702169163545568,0.7085945081171812,0.3296098069787361
2016-05-09,0.7078731089357692,0.7031737981475057,0.706200582605077,0.7035589708620735,0.2978530911849426
2016-05-10,0.7106475422708475,0.717588020179911,0.7169683728672493,0.7240420677174855,0.3444210061604515
2016-05-11,0.7177144951054807,0.7168139230707633,0.718502913025385,0.7129219229457893,0.2356594232524013
2016-05-12,0.7217452756111605,0.7168139230707633,0.710232001664586,0.7113745443101052,0.582166557593149
2016-05-13,0.7040778935245772,0.7026666310759953,0.6999063670411985,0.6969760549712816,0.39594775041699243
2016-05-16,0.6985813746531958,0.7093665750206872,0.704978152309613,0.7131841905111593,0.4514881928564877
2016-05-17,0.7111448463592106,0.7065371166217336,0.7029494382022472,0.7010149754779826,0.7878134050057749
2016-05-18,0.696278071507093,0.7061100285615143,0.6989440282979609,0.7002806262949461,0.4634422358568437
2016-05-20,0.6983196356593205,0.7001841817259697,0.7047180607573866,0.7045555876104801,0.47255622208715414
2016-05-23,0.7028477202533633,0.6982622854549825,0.704978152309613,0.7000183587295761,0.584274448660572
2016-05-24,0.7089200649112705,0.7165469930331261,0.7132490636704121,0.7209997639591912,0.3460641041385239
2016-05-25,0.7250431869339894,0.7282652216853964,0.7312734082397003,0.7321461354874241,0.5791321893308999
2016-05-26,0.7338899649269749,0.7328030323252277,0.7375676238035789,0.7339033281754044,0.4394781881463772
2016-05-27,0.7311155315918966,0.7306942850278944,0.7373075322513525,0.7356867476199218,0.5524944154877139
2016-06-01,0.7295974454274198,0.7325361022875907,0.7327559300873909,0.7379422486821055,0.3264541883453521
2016-06-02,0.731874574674135,0.7353121746790168,0.7352788181439867,0.7414566340580662,0.4513234167110992
2016-06-03,0.7409307438622205,0.7409977844806879,0.7399344569288389,0.7462823572608774,0.653990303079293
2016-06-06,0.7467413495262524,0.7510343538958442,0.7528349979192677,0.7543864250308163,0.809462814221114
2016-06-07,0.7603517772077683,0.7608306862771268,0.7656575114440285,0.7637231503579951,0.3940061899868956
2016-06-08,0.7659791655760876,0.7637669166911354,0.7694028297960882,0.767735844108159,0.4675694119512449
2016-06-09,0.757080039784327,0.7536235752609244,0.7581148564294631,0.7579008104067768,0.7167466970932554
2016-06-10,0.7404334397738576,0.7350719376451433,0.7322617561381606,0.7298381809121666,0.5283422742527946
2016-06-17,0.7143380620844894,0.7110749272615648,0.711298377028714,0.7148364761729917,0.8687511367222293
2016-06-20,0.7400408312830445,0.739102581213464,0.7398564294631711,0.7349786251934223,0.9622165189640243
2016-06-21,0.7403025702769198,0.7408910124656329,0.7407667498959634,0.7413255002753809,0.6928090757457286
2016-06-29,0.7013558079882741,0.7090996449830502,0.7069548481065335,0.7138398594245849,0.7203655543240524
2016-07-05,0.7275820551745799,0.7219656727971602,0.7201414898044112,0.7191638910015998,0.7939116768770877
2016-07-06,0.7105166727739097,0.716760537063236,0.709009571369122,0.7229667706994676,0.9548233553086676
2016-07-07,0.7240485787572631,0.7240477270907295,0.719647315855181,0.7186393558708593,0.9408888895797741
2016-07-08,0.7298853583206827,0.7372607639537678,0.7360851019558885,0.7420860762149546,0.6617363364044911
2016-07-11,0.7504842171386693,0.7534367242345783,0.7565543071161049,0.7556453093445934,0.8267176747287799
2016-07-12,0.7669737737528136,0.7675840162293464,0.77020911360799,0.7693881297699914,0.832744439970962
2016-07-13,0.7710830759566559,0.7676374022368739,0.7694288389513109,0.7686013270738807,0.9474426275888119
2016-07-14,0.7766842904255876,0.7777540506633214,0.7820952975447357,0.7795903380628917,0.5137051781680934
2016-07-15,0.7802177668429041,0.7759122334036253,0.7785580524344569,0.7767840751134307,0.3331524941045893
2016-07-19,0.7738575092917342,0.7691589034514057,0.7745006242197254,0.7721943927194523,0.5760636222460231
2016-07-22,0.7779406375961891,0.7761791634412623,0.7803006658343736,0.7813475307508722,0.41250930752047654
2016-07-25,0.779511071559441,0.7754050663321144,0.7779338327091136,0.7767840751134307,0.5210703609685727
2016-07-26,0.7769460294194629,0.7798361049568909,0.7810809404910528,0.782894909386556,0.5341280932446443
2016-07-27,0.7832801130712453,0.7816512292128235,0.7803006658343736,0.7831571769519263,0.7159896595196308
2016-07-28,0.7817620269067685,0.7813842991751865,0.7828495630461922,0.7849405963964438,0.4030269067009484
2016-07-29,0.7855834162173482,0.7904599204548488,0.7894038701622972,0.7933593852448269,0.4958984730225697
2016-08-01,0.7911846306862796,0.7896591303419376,0.7909384103204327,0.7879829001547378,0.482461444713717
2016-08-02,0.7845888080406217,0.7826655633558446,0.7772836038285476,0.7782790002360407,0.865141606443058
2016-08-03,0.771868292938282,0.7759122334036253,0.776763420724095,0.7813475307508722,0.8589998087974916
2016-08-04,0.7830445479767575,0.7811173691375493,0.7843580940491053,0.7841537937003331,0.5283951269786739
2016-08-05,0.7873632413757,0.7916077196166886,0.792212858926342,0.7961394214377508,0.36967217319527373
2016-08-08,0.7975448882374497,0.795665056188773,0.801784228048273,0.7981851084476381,0.8400396706342481
2016-08-12,0.8125687064858923,0.8101860502362332,0.8131502288805661,0.81171811482074,0.46069233961918055
2016-08-15,0.8155787049154583,0.8170995382110351,0.8211610486891388,0.8191140601641795,0.2716707834794815
2016-08-17,0.8089828822698005,0.8083709259803009,0.807038077403246,0.8124524640037767,0.8108027862713489
2016-08-18,0.811521750510391,0.8140832287857356,0.8165834373699543,0.8188517925988092,0.32981033643869007
2016-08-19,0.8079621001936869,0.8089047860555749,0.8106533499791926,0.8132392666998873,0.3231944187521471
2016-08-22,0.8087473171753127,0.8072498198222249,0.8095089471493966,0.8109575388811665,0.8611123633407275
2016-08-23,0.8163639218970841,0.816912687184689,0.820042655014565,0.815757035327441,0.8088565623654392
2016-08-24,0.8140867926503691,0.8101860502362332,0.8098730753225134,0.8073906999921319,0.6158150900750352
2016-08-25,0.8054232319530962,0.8053012305474738,0.8092228464419475,0.8068661648613915,0.37758142817392276
2016-08-26,0.8062084489347222,0.8143501588233726,0.7979348730753226,0.7999947546486925,0.9029515138419734
2016-08-29,0.8003193215725278,0.8052478445399462,0.8058416562630046,0.8083610899840017,0.43045591694038676
2016-08-30,0.8074386222059363,0.8049809145023092,0.8062578027465668,0.8053187862257074,0.45883161276984036
2016-08-31,0.8021253206302675,0.7985212075914903,0.798038909696213,0.7992079519525821,0.453477942536651
2016-09-01,0.8010783646547662,0.8000960948135496,0.8005357885975863,0.804558210286134,0.9457451223929226
2016-09-02,0.8130921844736428,0.8156314230040309,0.8185081148564295,0.8186157517899761,0.7272317452125534
2016-09-06,0.820159137308276,0.8239329471745458,0.8248283395755307,0.8285294657609694,0.46805285894384707
2016-09-09,0.8109982725226405,0.807036275792115,0.7906783187682065,0.7857011723360172,0.8781822393078157
2016-09-14,0.7737266397947965,0.7799962629794732,0.7761131918435289,0.7741089459466548,0.9986833453288293
2016-09-15,0.7755588127519236,0.7888850332327899,0.7784280066583438,0.7917857798526056,0.587187566551686
2016-09-16,0.7819452442024811,0.777407041614393,0.7796504369538078,0.7792231634713735,0.5542525458691707
2016-09-19,0.7888289797414018,0.7891252702666633,0.787037037037037,0.7845996485614624,0.46877880667871913
2016-09-20,0.793671151128095,0.790566692469904,0.7924209321681233,0.7884549817724043,0.7023660921782628
2016-09-21,0.7970475841490864,0.8081840749539546,0.7974927174365376,0.811534527524981,0.9803558853842004
2016-09-23,0.8151599225252576,0.8118143234658197,0.8144766957969205,0.8104854572635001,0.516594978680143
2016-09-26,0.8016280165419044,0.7980140405199798,0.8007698709945901,0.7964016890031209,0.779273026300449
2016-09-28,0.805999057739622,0.812081253503457,0.804593216812318,0.8163602507277925,0.4869306090343963
2016-09-29,0.8141653143485316,0.8126151135787312,0.8002496878901373,0.8005192897794329,0.6016676589506867
2016-09-30,0.802151494529655,0.8107466033152713,0.8068560133166875,0.8112722599596107,0.6362799764339021
2016-10-03,0.8062607967334973,0.8050343005098366,0.8082865168539326,0.8086758110624459,0.5412865286174192
2016-10-06,0.805999057739622,0.8037263433254145,0.805373491468997,0.8076791943140391,0.7999104612643926
2016-10-07,0.8065225357273725,0.8042602034006889,0.7980129005409906,0.8017519473366728,0.5603321638372322
2016-10-12,0.7832277652724703,0.7854950217547982,0.787037037037037,0.7869338298932571,0.9265860092616629
2016-10-14,0.7890907187352773,0.7870699089768574,0.7852944236371202,0.7805345012982243,0.873823443914708
2016-10-17,0.7788828979741401,0.7755652243546967,0.7791822721598003,0.775892365391172,0.43428929405857636
2016-10-18,0.791158456786892,0.7874169180257855,0.7911204744069913,0.7892155577119777,0.4952642403120176
2016-10-20,0.7939328901219703,0.7933160718575665,0.79416354556804,0.7950903511762701,0.912385725411435
2016-10-21,0.7863162854001989,0.7881109361236422,0.7888316687473991,0.7917857798526056,0.49425071156868444
2016-10-25,0.7960006281735853,0.7917411846355071,0.7951779026217229,0.7928348501140863,0.42023513245048555
2016-10-27,0.7906349787991415,0.7878706990897688,0.7875572201414898,0.7833407642476855,0.49210240371088315
2016-10-28,0.7804009841386169,0.7810639831300219,0.7796504369538078,0.7786986283406332,0.6616586118076098
2016-10-31,0.7814217662147306,0.7782078317273045,0.7827455264253016,0.7805345012982243,0.9877972382896234
2016-11-01,0.7827042872847197,0.7802631930171104,0.7679983354140658,0.7712764562406567,0.8210670965355037
2016-11-03,0.7620007328691828,0.759149027040013,0.7588431127756972,0.7566681528495371,0.6603388481525639
2016-11-07,0.7689106423074911,0.7732162400234901,0.7746046608406159,0.7786986283406332,0.7572909558104576
2016-11-14,0.7745118567764225,0.7714278087713213,0.7743445692883895,0.7751055626950616,0.5899203633780352
2016-11-15,0.7758205517457989,0.7841603715666126,0.7817311693716187,0.7894515985208108,0.9226935614498435
2016-11-16,0.777835941998639,0.777407041614393,0.7827455264253016,0.781268850481261,0.8253403948720419
2016-11-17,0.7845102863424592,0.7865360489015831,0.7890917602996255,0.7897138660861811,0.5384775616861263
2016-11-18,0.7855310684185729,0.7839201345327391,0.7852944236371202,0.7820294264208345,0.7957444228715507
2016-11-21,0.7857928074124482,0.7909670875263597,0.7916406575114441,0.7961394214377508,0.9234117367250274
2016-11-23,0.7875726325708005,0.7935830018952035,0.7934092800665835,0.7984473760130086,0.5179738130288186
2016-11-25,0.7996126262890645,0.7990817606705283,0.805373491468997,0.8041123554250045,0.2636760314442629
2016-12-06,0.8077527089985864,0.810025892213651,0.8106793591344152,0.8141047496656089,0.8483748564038072
2016-12-19,0.8338480866879546,0.835571096815525,0.8366104868913857,0.8343255789556505,0.5746847878973474
2016-12-20,0.8371198241113961,0.8360782638870354,0.8400957136912193,0.840462639985313,0.956996535037471
2016-12-22,0.8337695649897919,0.8310332861756935,0.8336974615064503,0.8316504497888746,0.7447881771561191
2016-12-23,0.8322514788253154,0.8302591890665458,0.8359862671660423,0.8342731254425766,0.6895446426767107
2016-12-28,0.8389519970685232,0.835544403811761,0.8317727840199749,0.828031157386766,0.803418949567618
2017-01-05,0.854918075694917,0.8565517977738037,0.8595505617977528,0.8592934511788926,0.7508335963015527
2017-01-09,0.8569596398471443,0.853909190401196,0.8570016645859344,0.8551496236460436,0.8184477776206013
2017-01-10,0.8541328587132911,0.8572458158716603,0.8595505617977528,0.8567232290382647,0.5063026875611109
2017-01-11,0.8561744228655185,0.8615433894776181,0.8574958385351645,0.8654829657216292,0.7499366544535416
2017-01-12,0.8647071140658534,0.8618103195152551,0.8582761131918437,0.862361981693724,0.8376270991470501
2017-01-13,0.8639218970842274,0.8643995408803355,0.8677434456928839,0.867790920296887,0.5943273480212095
2017-01-18,0.8605716379626235,0.8594346421802848,0.862619642114024,0.861103097379947,0.811395047699585
2017-01-19,0.8605716379626235,0.8586338520673733,0.8570016645859344,0.8571953106559311,0.8407547369255568
2017-01-20,0.8598125948803853,0.8599685022555592,0.8615792759051186,0.8626242492590941,0.6389039588246175
2017-01-23,0.8621158980264879,0.8602354322931962,0.8608510195588848,0.8626242492590941,0.8159481545848961
2017-01-24,0.8641836360781029,0.871526572885247,0.868523720349563,0.8737443940307901,0.7773672191849176
2017-01-25,0.8786054546406322,0.884659530736994,0.8838691219309196,0.8881953368826876,0.7522419659970433
2017-01-26,0.8871119719415798,0.884953153778395,0.8882126508531003,0.8848383120459493,0.6750505598502713
2017-01-27,0.8837617128199758,0.8828444064810617,0.8849875156054932,0.8827926250360616,0.7269690360750943
2017-02-06,0.8799141496100088,0.879160771961669,0.8821004993757804,0.8820058223399512,0.9836545172758461
2017-02-07,0.8814584096738732,0.8796412460294158,0.8827247191011236,0.8809829788350074,0.5293604664719406
2017-02-09,0.8837617128199758,0.8902116755198464,0.8876924677486475,0.891290094154056,0.9346320595308232
2017-02-16,0.9188347379992671,0.9198676027013322,0.9197097378277153,0.9212410501193318,0.6142061909195907
2017-02-21,0.921635345233733,0.9272348717401171,0.9255878069080317,0.9292402108631226,0.7465991602634552
2017-02-22,0.926032560330838,0.9269679417024801,0.9277985851019559,0.9289779432977523,0.8765018335232403
2017-02-24,0.9185729990053918,0.9224835170701762,0.9204900124843944,0.9253586508956437,0.6051777017458498
2017-03-06,0.9249856043553369,0.9259002215519314,0.9264981273408239,0.9271945238532351,0.5330679297431823
2017-03-07,0.9231796052975972,0.9227504471078132,0.9243133583021224,0.9217393584935349,0.8581697101027984
2017-03-17,0.9484374182065644,0.9495502228865815,0.9496982937994174,0.947834981247869,0.5656438627881055
2017-03-20,0.947390462231063,0.9482155726983961,0.9469673325010404,0.9455270266726112,0.9922182133602364
2017-03-21,0.9510024603465425,0.9524330672930628,0.9312578027465668,0.9287156757323822,0.8101467906736701
2017-03-23,0.9285976024708161,0.9343885967487924,0.931023720349563,0.9302892811246033,0.935166804757367
2017-03-29,0.9415536826676437,0.9451725702693325,0.94311797752809,0.9471268588213695,0.6506605813488947
2017-03-30,0.9441448987070095,0.9474414755892484,0.9479816895547233,0.946366282881796,0.7832836154995281
2017-04-04,0.9358477726011619,0.9391132584149697,0.937942155638785,0.9416979202182068,0.44899634228047075
2017-04-06,0.9353242946134114,0.9378053012305476,0.9366416978776528,0.9378163602507277,0.8157429616491293
2017-04-07,0.9345652515311732,0.9372714411552736,0.937421972534332,0.9357444464843032,0.9114732386440477
2017-04-10,0.9355860336072869,0.9372447481515096,0.9366416978776528,0.9365050224238767,0.688683454143265
2017-04-11,0.9374182065644138,0.9359634839708513,0.929957344985435,0.938078627816098,0.4931594582284699
2017-04-12,0.936632989582788,0.93516269385794,0.9338327091136078,0.9341970678486193,0.7299412246598382
2017-04-13,0.9288855153640788,0.9314790593385478,0.9268882646691636,0.9235752314511263,0.8432823408161393
2017-04-17,0.9293828194524417,0.93516269385794,0.9304775280898876,0.9378163602507277,0.7866832893671196
2017-04-19,0.9309270795163064,0.9320129194138218,0.9268882646691636,0.9253586508956437,0.7581132820454626
2017-04-20,0.933282730461184,0.9393801884526067,0.9367717436537661,0.9393637388864118,0.627820431309333
2017-04-21,0.9371564675705387,0.9359634839708513,0.9369017894298792,0.9367672899892472,0.8816472018367876
2017-04-24,0.9606868031199286,0.9626031017270376,0.9636392009987518,0.9632038605785622,0.9114965560231121
2017-04-28,0.9730932314296182,0.9723460481007928,0.972014148980441,0.9696818694432059,0.9018695874533845
2017-05-01,0.9733549704234937,0.9760296826201855,0.9750832292967124,0.9733011618453147,0.7836924468791242
2017-05-02,0.978013924514474,0.9781651229212827,0.9793227215980025,0.9800676650318654,0.6830732927403671
2017-05-03,0.9728314924357432,0.9731468382137043,0.973392634207241,0.9740879645414253,0.7576904602384279
2017-05-04,0.9754227084751085,0.9760296826201855,0.9752132750728255,0.977969524508904,0.7607543638474918
2017-05-05,0.9785374025022245,0.9887088594079494,0.9823918019142737,0.9904272338639879,0.7539721155236228
2017-05-10,0.9842171386693187,0.9871072791821265,0.9872815230961298,0.9885913609063968,0.861277139486116
2017-05-11,0.9831701826938176,0.9843312067907002,0.9807272159800251,0.9860211387657689,0.9003803841771374
2017-05-12,0.9834319216876927,0.9852921549261939,0.9863191843528925,0.984972068504288,0.4658237175052891
2017-05-15,0.9891378317541745,0.9958358914128611,0.9937057844361215,0.9966429751632617,0.8107452700696567
2017-05-16,0.9999999999999999,1.0000000000000002,1.0,1.0,0.6522663715204641
2017-05-18,0.9676752342563996,0.9778981928836452,0.9685289221806075,0.9740879645414253,0.7723182293715033
