moving_avg_Open,exp_moving_avg_Open,moving_avg_Close,exp_moving_avg_Close,moving_avg_Low,exp_moving_avg_Low,moving_avg_High,exp_moving_avg_High,moving_avg_Volume,exp_moving_avg_Volume,Open,Close,Low,High,Volume
,0.3831335392346752,,0.3755147000970389,,0.3784592176446109,,0.372260630488749,,0.0124514804203968,0.3831335392346752,0.3755147000970389,0.3784592176446109,0.372260630488749,0.0124514804203968
,0.4038946762288646,,0.37438170421463973,,0.3773980441115272,,0.39248858874089115,,0.0242855166431679,0.4177354342249909,0.3736263736263736,0.3766905950894714,0.4059738942423192,0.0321748741250153
,0.41333959670153764,,0.3744587280575221,,0.37812246752962303,,0.4018224297095942,,0.025558056469455852,0.4238339527822855,0.3745443101051693,0.3789273824386185,0.4121933641192643,0.0269719896097758
,0.3933667285444493,,0.37036537906741684,,0.36332068888248664,,0.38583956683414816,,0.04942136429147866,0.3652567659529916,0.364604369377639,0.3424885559717021,0.3633451672316685,0.0830067604854367
0.3928911689263466,0.38612257373534786,0.367305725300952,0.3618713176111178,0.36668227215980026,0.36083499496088023,0.3838187011184369,0.37796255970978254,0.0545810100155915,0.07586290492092981,0.3744961524367899,0.3482388732985391,0.3568456096545984,0.3653204495101834,0.1182999454373329
0.3876773281683505,0.3755043001945528,0.36245377534160345,0.3579919533155846,0.36093945068664174,0.3567826010093899,0.3783679897498866,0.3659201790879785,0.05519565612772942,0.05381451224817502,0.3570643354446946,0.3512549503002964,0.3497451102788182,0.3450070736459976,0.0155247109810864
0.3755902214311888,0.36905893479932944,0.3575231451126439,0.35479882326313567,0.3543747399084478,0.35220977774463164,0.366137255425353,0.3584496262635926,0.06552059157745171,0.06443087627073663,0.3572999005391825,0.3489732224815756,0.3438670411985018,0.3448202226196513,0.0837995513736268
0.3592943516725121,0.35979606858483226,0.3528285556925174,0.35350588819801987,0.34454327923429046,0.34442617409575593,0.35156287537036546,0.3518146871341818,0.0764231762311964,0.07034636842952757,0.3423546039889021,0.3510713630045372,0.3297700790678319,0.3393214638443265,0.0814849128784993
0.360472177144951,0.36368038343830106,0.3475569776285766,0.34828357411069544,0.34526113191843527,0.34499142602791666,0.3505859114326136,0.3540890691665046,0.06699393903593515,0.05854409969489055,0.371145893315186,0.3382464790579349,0.3460778193924261,0.3584603475429091,0.0358605745091303
0.3549128409150395,0.357920188800309,0.34521755094547457,0.3443005577711321,0.3417707032875572,0.3430925093991551,0.344227637936097,0.3471147955455645,0.04759263606079302,0.04590808210677993,0.3466994712872323,0.3365417398830288,0.3393934665002081,0.3335290820276007,0.0212934305616223
0.3525676595299168,0.35367721560887877,0.34131500957276617,0.34006549130512903,0.3378537245110279,0.33873132532881106,0.341654432373275,0.34206516678216264,0.04935169913741238,0.03862789716257925,0.3453384285190809,0.3317422434367543,0.3301602163961716,0.3321410458318876,0.0243200263641832
0.35266188556771183,0.35505241982421204,0.33713970993207276,0.33604491431561445,0.3355129005409905,0.3365248512749507,0.341654432373275,0.34299065176152843,0.043006884844791704,0.043145241483754315,0.3577710307281577,0.3280967242781085,0.3321629213483146,0.3448202226196513,0.0520754799105234
0.3479191749986913,0.34285261149634555,0.32924545621443,0.3278545570676324,0.33177278401997506,0.3279959093295829,0.33648132824386734,0.3330949022590671,0.03239219209789564,0.03820861182654361,0.3186410511437995,0.3116000944163235,0.3110694964627549,0.3134559431972881,0.028411449144019
0.33642359838768776,0.3330909727137234,0.32825933016863806,0.3296812449510582,0.3258843112775697,0.3241960751624953,0.32877238875690684,0.3286867180292515,0.030519340211441936,0.03429109350035349,0.3136680102601686,0.3333158488289751,0.3166354556803994,0.3199156501081066,0.0264963150768618
0.3364235983876878,0.33763752166897154,0.3303784520968291,0.33551326481570626,0.32697149396587605,0.3310895858448572,0.3297386754931532,0.3319186979935218,0.03240214084629646,0.0330938060501581,0.3466994712872323,0.3471373495239842,0.3448293799417397,0.3383605157088327,0.0307074337358949
0.33747055436318896,0.3419559918515802,0.33323716855936414,0.33902613325429937,0.3290782355389097,0.3342959134213221,0.33112671168886637,0.3343098479787762,0.03087718425548382,0.027619283878291944,0.3505732083965868,0.3460358257494296,0.34069392426134,0.339081226810453,0.01669524341012
0.337884101973512,0.347922973737633,0.3375016391722835,0.342493967660963,0.33357781939242614,0.34109111934312936,0.33154846114833303,0.33852049559382724,0.0237666272343878,0.023916662844493772,0.3598387687797727,0.349419077342705,0.3546608406158968,0.3469289699169848,0.0165226948050433
0.343448672983301,0.347436288578942,0.34629284796349225,0.3468509726863993,0.34094881398252186,0.343370444981556,0.3373675359688226,0.33986501258241225,0.0254131450947229,0.02816199393686964,0.3464639061927447,0.3555561383723675,0.3479244694132335,0.3425513172997358,0.0366440384456945
0.3549442495943045,0.3553430568454265,0.3524613811009992,0.3526227569078366,0.3515189346650021,0.35207957831429726,0.34543950030696957,0.3466715693779433,0.03385963248701604,0.04169034918356999,0.371145893315186,0.3641585145165098,0.3694860590928006,0.3602754717988414,0.0687287520383275
0.35797518714338056,0.3575140771291756,0.3509717013296966,0.34831019124895707,0.35213795255930086,0.35069412536853506,0.34756426340656116,0.34744272189522224,0.038860743948751435,0.046365969230187744,0.3618541590326126,0.3396889506674709,0.3479244694132335,0.3489843312067908,0.0557129910445719
0.35580275349421553,0.3515785414792501,0.35065173489994494,0.3470185330737739,0.353292759051186,0.3492851200004145,0.34599471478525484,0.3420385590403534,0.03552169526672744,0.03090754695971693,0.3397110401507616,0.3444359936006715,0.3464679567207656,0.3312334837039214,0.0
0.35404910223525093,0.3514091758442165,0.3461617141808073,0.34033445325624784,0.34529234290470245,0.3377414570679768,0.344206283533086,0.3406877967065286,0.05483097231916201,0.05829838564453183,0.3510705124849499,0.3269689737470167,0.3146587598834789,0.3379868136561408,0.1130690800672162
0.3506150866356069,0.3440367363746625,0.3425266857247764,0.3393498798046942,0.3428578859758635,0.3370783072118368,0.34050663321143537,0.33514239224609044,0.05135295205791411,0.04528240969039364,0.3292938281945244,0.3373809960922131,0.3357521847690388,0.3240530656914822,0.019253937139455
0.34636444537507194,0.345988835881554,0.34080621049594795,0.3447522869141458,0.33997607157719517,0.3430782235885625,0.33705789712516354,0.3377723481809986,0.04640065164302022,0.04484399707177277,0.3498926870125111,0.3555561383723675,0.355076987099459,0.3430317913674825,0.043967249963858
0.34572580223001614,0.3502130389775792,0.34175561908258806,0.3446468516341929,0.3409592176446109,0.34633234451259254,0.336406587833329,0.3404242653914366,0.037339207240201615,0.0333641330976318,0.3586609433073339,0.3444359936006715,0.3528401997503121,0.3457277847476179,0.0104057690304789
0.34658430612992724,0.3481431578873611,0.3404757533635815,0.3424433979170373,0.3402049521431544,0.34512040741603073,0.3447561594106185,0.3512769106496456,0.05085302745077307,0.044766090110548,0.3440035596503167,0.3380366650056385,0.3426966292134832,0.3729813415903693,0.0675691010528573
0.3468879233628226,0.34962499755649606,0.33951585407432655,0.3356853054294528,0.3434717020391178,0.34041102517553756,0.34506579825427763,0.34736287416716527,0.03482590467544536,0.040821812714211876,0.3525885986494269,0.3221694773007422,0.3309925093632959,0.3395350078744363,0.0329334661905776
0.3520912945610637,0.35152024867171544,0.3417346376773584,0.33994855834694837,0.34316479400749067,0.3383465407627406,0.3489042521954997,0.34599034513876825,0.040326008049159194,0.042799383016887786,0.35531068418573,0.3484749141073724,0.3342176446109031,0.3432453353975924,0.0467544540080242
0.3525414856305292,0.351728048193298,0.34178709119043243,0.3452385489255836,0.342852684144819,0.34340321266039747,0.34987053893174613,0.3466146433257454,0.03624826479837458,0.036392383128233376,0.3521436423598388,0.3558184059377376,0.3535164377861006,0.3478632250487148,0.0235785337099349
0.35144741663613044,0.3522155674497713,0.339028036402738,0.34037258046130076,0.34016333749479816,0.3420666236365622,0.3487547713744229,0.34445939996436514,0.04728609025069286,0.046126604947737716,0.3531905983353399,0.3306407196621994,0.3393934665002081,0.3401489469610015,0.0655948962920703
0.3490027744333351,0.3454038041626321,0.34039707309397044,0.3418756750206548,0.3371098626716604,0.3371874838268544,0.34063475962950124,0.3404333469339976,0.04516265426389362,0.04973505621705641,0.3317803486363399,0.3448818484618008,0.3274292550977944,0.3323812828657611,0.0569519211188611
0.3484635921059519,0.34690010191407394,0.34625088515303315,0.34506330326747037,0.34049625468164796,0.34076648731780007,0.34095507567466576,0.3406677611994149,0.04768310749156294,0.04833527834324583,0.3498926870125111,0.3514385375960556,0.3479244694132335,0.341136588100259,0.0455357323289242
0.3478772967596712,0.34872647324962486,0.34381704214639774,0.34214409735891615,0.34187994173949227,0.3408896850356084,0.3401703013640126,0.34021899472094547,0.0474449593267184,0.04741142186254235,0.3523792074543265,0.3363056990741955,0.3411360799001248,0.3393214638443265,0.0455637131838015
0.3440192639899492,0.34343546955300636,0.3375173752262058,0.33620274923110305,0.3359082397003746,0.33514575997018314,0.33447935296158887,0.3332821503468927,0.055368204732806105,0.05267254024151961,0.3328534785112286,0.3243200713367777,0.323657927590512,0.3194084830365962,0.0631947607403734
0.33553368580851173,0.33254454136525174,0.33719740879645416,0.33381546035238435,0.33194964627548895,0.32996400288008426,0.3295625016683128,0.3273763263402431,0.07049962925367281,0.08219905340415315,0.3107627074281526,0.3290408875134412,0.3196004993757801,0.3155646904946214,0.1412520188964039
0.3353138250536564,0.33192337557979384,0.3338403839597157,0.3319092141215347,0.3277777777777778,0.3221659692195429,0.32671168886634816,0.3242932891006005,0.063738832918543,0.06251533973849512,0.3306810448620635,0.3280967242781085,0.3065699126092385,0.3181272188559378,0.023147939443212
0.33304193058681875,0.33412665595180485,0.3255999370557843,0.3246849082347671,0.32197773616312936,0.3210853995965397,0.32352454421696075,0.32459581444384666,0.059868458892237894,0.05040484352834192,0.3385332146783227,0.3102363030763986,0.3189242613399916,0.325200864853322,0.0261838621973987
0.32476574360048155,0.3264171932399909,0.3185711663038632,0.31684388566584515,0.3154130253849355,0.31682777420104913,0.3150842164268745,0.31543714939687967,0.056689522879789546,0.04349290531960623,0.3109982725226404,0.3011618453145899,0.3083125260091552,0.2971198248938953,0.0296690331215597
0.3206983196356593,0.32178358109378635,0.3158435836240132,0.3147899761444463,0.3129785684560965,0.31504706354123996,0.3109361236419934,0.3098474385437022,0.04816468909383996,0.03585213311342488,0.3125163586871172,0.3106821579375278,0.3114856429463171,0.2986680191121906,0.0205705918106255
0.318347903470659,0.31419259557706314,0.3137926512628183,0.31612205945259036,0.31064294631710354,0.31267217170631867,0.30932920481541787,0.3090749910798576,0.024086852573539076,0.03085570038871707,0.2990106266031512,0.3187862257074667,0.3079223886808155,0.3075300963617435,0.0208628362948995
0.3176464429670732,0.3185196447603059,0.3130792834850114,0.31892466826705934,0.3152309612983769,0.31828477731447513,0.30936657502068704,0.31215468419968,0.024255670397965435,0.028567809642984894,0.3271737423441344,0.3245298853890741,0.3295099875156053,0.3183140698822839,0.0239920285653438
0.3097419253520389,0.31201663844653565,0.3120039864669936,0.31423638465169945,0.3130305867665418,0.31483064763108476,0.3056882791020473,0.31037291781487714,0.033973110398462875,0.04396889444765816,0.2990106266031512,0.3048598179863098,0.3079223886808155,0.3068093852601232,0.0747710621998859
0.30746479610532373,0.30788196761658454,0.3138188780193554,0.31290302409086995,0.31291094465251756,0.3124585368368374,0.305549475482476,0.3057238806840204,0.038431393275578735,0.04663274553886663,0.2996126262890647,0.3102363030763986,0.3077143154390345,0.2964258067960388,0.051960447507139
0.30684185729990043,0.3083885333067728,0.3140024653151145,0.3124687141915959,0.3136287973366624,0.3133306600291518,0.3067079518458212,0.3053027207581288,0.04052218493168781,0.04143001363002519,0.3094016646600009,0.3116000944163235,0.315074906367041,0.3044604009289167,0.0310245500911709
0.3134795581845783,0.316325399307886,0.3170395237221014,0.31963631546056004,0.3189346650020806,0.32037101577258387,0.30931852761391243,0.31039613896681245,0.04539986973357559,0.04270376253663263,0.3321991310265403,0.3339715177424009,0.3344517270079068,0.3205829752021996,0.0452512603043384
0.31656807831230693,0.32508904726909693,0.3169975609116421,0.32119756743169514,0.3195120682480232,0.32437967846198945,0.3115287083255479,0.31671908384156416,0.04457536720985793,0.03509234694624152,0.3426163429827776,0.3243200713367777,0.3323970037453183,0.3293649734404613,0.0198695159467555
0.3216405800136105,0.3248504098813577,0.3148994203886806,0.31225475003096215,0.31861215147731997,0.31739405388011704,0.3140004804740678,0.31753547123293824,0.03674072784421499,0.035260853088943334,0.3243731351096687,0.294369115371502,0.3034228048272991,0.3191682460027227,0.0355978653716712
0.32241009265560383,0.31772033639542213,0.3124550866794304,0.3075080448472741,0.31847690387016225,0.3139420617089788,0.31468382137041895,0.3116378178937456,0.034161203922915793,0.03652817803064862,0.3034601894990315,0.2980146345301477,0.3070380774032459,0.2998425112777942,0.039062827900643
0.3214678322776527,0.31337701184347894,0.3020273282803116,0.29149246400074946,0.30922284644194753,0.29889624751257987,0.31192910338200364,0.3046541489083482,0.06583615344079012,0.08748521803382267,0.3046903627702454,0.2594613024207297,0.2688046192259675,0.2906868109868403,0.1893992976805426
0.3093964298801235,0.29953204755357066,0.28580870203781894,0.2786211048236257,0.29258739076154805,0.28302231451879417,0.2992499265942397,0.28883179633521083,0.08075927604201474,0.09827910314296397,0.2718421190388945,0.2528783865299377,0.2512744486059093,0.25718709126338,0.1198668733104615
0.302936711511281,0.30312728208566103,0.2771853444884471,0.2794818310799565,0.2820744902205576,0.28195904335820643,0.2926620932653552,0.29136313315813345,0.09326018930602811,0.09297742951204024,0.3103177511385647,0.2812032835899185,0.2798325010403661,0.2964258067960388,0.0823740822668223
0.29600586295346276,0.29865781882751796,0.26943271525610424,0.2715232104510195,0.27372034956304614,0.2751900627473334,0.2839121266316099,0.2860482263797164,0.0981869960531449,0.08206225270283697,0.2897188923205779,0.2556059692097878,0.261652101539742,0.2754184128339962,0.0602318991072552
0.28946238810658015,0.28935281763556076,0.26257704109732743,0.2689275615448947,0.26489804411152723,0.27110222521153976,0.2753810426287271,0.2764278480031338,0.1052409695677113,0.07948573362518567,0.2707428152646182,0.2637362637362637,0.2629265501456513,0.25718709126338,0.0743326954734749
0.27741715960843855,0.2743899518455842,0.2633061449290566,0.2669873148891204,0.26112151477320017,0.2640421409836167,0.26693537623788816,0.26710472501008287,0.08991523355464112,0.09058069495862482,0.2444642202795373,0.2631068215793752,0.2499219725343321,0.2484584790326456,0.1127706176151917
0.27719729885358324,0.2731742396516778,0.2676073330011277,0.26945298555668734,0.26431543903454013,0.26510945062683466,0.2680511437952113,0.2656584596897552,0.06957377385562187,0.06644032157255261,0.2707428152646182,0.2743843268902934,0.2672440699126092,0.2627659290499959,0.0181595748153652
0.26679055645710104,0.26821083948581964,0.25786147027197137,0.25712664701747334,0.2560341240116521,0.2562149423919738,0.25950404399007027,0.26166907571606535,0.09444160317862509,0.1131979573487524,0.2582840391561535,0.2324739699441369,0.238425925925926,0.2536903077703334,0.2067132288818384
0.25304402449876984,0.25246930383207555,0.2564976789320464,0.25434676884811463,0.2464107365792759,0.241988349719297,0.25125056722633,0.25249639348163333,0.12539589023421527,0.14713308303068526,0.2209862325289221,0.2487870125101627,0.213535164377861,0.2341510290152952,0.2150033343852062
0.24598230644401403,0.2467909442179826,0.24272338639880395,0.23451944625421361,0.2346493965875988,0.22936551654118087,0.24618423511197712,0.2456160725512064,0.14979519568721752,0.1635317962676224,0.2354342249908391,0.1948648010700516,0.2041198501872659,0.2318554306916156,0.1963292227384862
0.23341883473799924,0.22507625006092366,0.2389991869705473,0.23784157231564187,0.19971910112359548,0.1780005094301302,0.24239382857752984,0.24024619715405485,0.17043107615922348,0.18100453750420156,0.1816468617494634,0.2444858244380918,0.0752704952143153,0.229506446360409,0.2159500199752214
0.24268962990106263,0.25574976373476166,0.24484775367830255,0.25977010168738085,0.2025905118601748,0.21253404748619456,0.2671168886634813,0.28895787459727923,0.19168440082885507,0.16214509105679586,0.317096791079935,0.3036271604290697,0.2816011235955056,0.3863812294797535,0.1244261981635232
0.25172485996963817,0.27165323898980664,0.2514726323795536,0.26171285560841984,0.20856741573033705,0.2311261800833793,0.2769505912500334,0.29359152329930144,0.16798026417035986,0.1374942425672044,0.3034601894990315,0.2655983634503922,0.2683104452767375,0.3028588207030938,0.0881925455893623
0.26356593205255713,0.2744993569744111,0.2561514857457578,0.26520233018605005,0.21755617977528088,0.24024378158988982,0.28709927128099727,0.2906924919228708,0.15581605386003666,0.1430569226560669,0.2801915929435167,0.2721812793411839,0.2584789846025802,0.2848944291701145,0.1541822828335901
0.2798984452703763,0.2886985016763668,0.265168244643185,0.25678441864302803,0.22549937578027465,0.2414411311306811,0.3013960440968423,0.29490809287222797,0.1292578700040572,0.11655071625669403,0.317096791079935,0.2399485955571875,0.2438358302122347,0.3033392947708406,0.0635383034585891
0.29725174056430925,0.2819367805239175,0.269883815468541,0.2605441719503295,0.261563670411985,0.24615807687810182,0.308539091904012,0.28501262371351804,0.10389135966746307,0.10740630026849712,0.2684133382191279,0.2680636785648718,0.2555919683728672,0.2652216853962577,0.0891174682922507
0.2825472438883944,0.26914928958268625,0.2647223897820557,0.2663027919657879,0.2558104452767374,0.24838371722516503,0.28524143821904285,0.2799727361606299,0.10892107378085081,0.12146245642253573,0.2435743077003611,0.2778200319966428,0.2528349979192675,0.2698929610549077,0.1495747687304619
0.27463749149348265,0.26740333556327756,0.254153006897637,0.24845234431991556,0.23476903870162294,0.21995694895043055,0.274489496303019,0.26968152781472027,0.1247063176106837,0.1366812258612357,0.2639114275244726,0.2127514490282988,0.1631034124011652,0.2490991111229747,0.1671187647385267
0.263461236455007,0.25303899629254173,0.24504183167667654,0.24117669729205934,0.22385039533915935,0.21459988856369921,0.2735659183727946,0.27321319838281655,0.12595861631563646,0.14460207602695438,0.2243103177511386,0.2266254032363817,0.2038857677902621,0.2802765395189921,0.1604437763583539
0.23898340574778829,0.23359521004295428,0.23951847674998022,0.2315617385025981,0.2159384103204327,0.21115856074866307,0.2543256012599099,0.2511880353239934,0.14249467975134344,0.14514092423034483,0.1947076375438413,0.2123318209237062,0.2042759051186017,0.2071377092064171,0.146218620637124
0.22696435114903418,0.22516949510374934,0.21803351779485425,0.2079207869314626,0.19898044111527252,0.1977064146147879,0.2409577449750421,0.23358615820662276,0.1763978380126131,0.18297170268645632,0.2083180652253573,0.1606388837892418,0.1708021223470661,0.1983824039719189,0.258633259598599
0.2172381301366278,0.21509406428193784,0.1930079467072307,0.1895112501404747,0.18099771119434038,0.18611139251472208,0.22282785681872785,0.21547194556218544,0.18347979238205678,0.18364264865019794,0.1949432026383291,0.152692176558525,0.1629213483146068,0.1792435202733364,0.1849845405776803
0.19439878553106843,0.19330094435351036,0.1723884707178263,0.16289218978740033,0.1655898876404494,0.152762359887041,0.1995355417345114,0.18786047560874575,0.21598297520429907,0.23230665871672665,0.1497147044966759,0.1096540690812767,0.0860642946317103,0.1326375357018925,0.3296346788497381
0.1777678898602314,0.1759192427013211,0.14112093157439215,0.1320240290313308,0.14053786933000414,0.1280501320040341,0.16826201852494463,0.16654329156287875,0.2363067136952294,0.242225262082155,0.1411558393969534,0.0702877075192111,0.0786256762380358,0.1239089234711582,0.2620624688130055
0.15456734544312414,0.14351446695364453,0.11016286815809491,0.10719652063495702,0.1100759467332501,0.10268885204762969,0.13907054960894744,0.13142231591739137,0.2460250863908894,0.2264203360932425,0.078704915458305,0.0575415038422199,0.0519662921348315,0.0611803646264313,0.1948104841154241
0.12680207297283147,0.1188402122603921,0.08183272574680689,0.07779373766756921,0.07605597170203915,0.0686933170954204,0.11005525451779086,0.10538352011697047,0.24203346199344936,0.23050526993262824,0.0694917028738941,0.0189881717328018,0.0007022471910113,0.0533059285161359,0.2386751376113987
0.1116526200073287,0.11895878744386643,0.07023525400613706,0.08343076439677176,0.051420099875156056,0.05904287445701014,0.0945092491258041,0.10409351118244776,0.33451671622905127,0.36947045054032396,0.1191959378108151,0.0947048178551758,0.0397419891801914,0.1015134933134026,0.6474008117556898
0.1110610898811705,0.1282248762512063,0.07081748800125888,0.09314225595014351,0.04854348730753229,0.06325566023587073,0.09390598724074418,0.11260274954716316,0.3502117995265017,0.3823503321392133,0.1467570538658849,0.1125652390568858,0.0716812317935914,0.1296212262765929,0.4081100953369905
0.0950845416950217,0.10590761698954007,0.05838600540271184,0.06480493547558687,0.03375988347898464,0.04373965918901249,0.07903798414435574,0.09159146902784686,0.34523991251319364,0.33396789934162935,0.0612730984662095,0.0081302945264759,0.0047076570952976,0.049568907989216,0.2372030337464654
0.08274616552373969,0.07627608952699115,0.05058616800860236,0.049384062607615124,0.02584789846025804,0.033295228473074305,0.0725782772335371,0.0706882560426769,0.33346650147599,0.26795974253755367,0.0170130346018949,0.0185423168716725,0.0124063670411985,0.0288818300723381,0.1359434289294058
0.07438098727948486,0.06007266356886724,0.0612447218652469,0.05701635541041834,0.031335830212234725,0.03157745429901442,0.0727651282598831,0.0652055652444065,0.32333898650234644,0.24131901593942912,0.02766581165262,0.0722809410160245,0.0281419059508947,0.0542401836478659,0.1880375627431808
0.06329895827880434,0.06131037331504897,0.0466206824202051,0.04520577715026774,0.02936433624635872,0.03101314264961341,0.06146331046632678,0.05847184494481129,0.248274747123024,0.25157254891264536,0.0637857928074124,0.0215846206299668,0.0298845193508114,0.045004404345621,0.2720796148590775
0.04105637857928072,0.05272163399945486,0.0276430013900181,0.036029462735495385,0.01592280482729918,0.02216661999917346,0.038779595867923025,0.04438211439139882,0.1888396805829966,0.2046932868207145,0.0355441553682668,0.0176768339059508,0.0044735746982937,0.0162026532845741,0.1109347626368535
0.036360781029157685,0.047746126238167985,0.02962574418421674,0.030034311322819942,0.017046400332917138,0.01821962487391143,0.03274163841657102,0.03604778317175119,0.16829022986272274,0.18128078459550837,0.0377951107155943,0.0180440084974691,0.0103256346233874,0.019379120732456,0.1344557801450962
0.040689943987855304,0.04471703395723965,0.03778226546722968,0.03979784864412572,0.023787973366625,0.02751782731918691,0.035645837226063015,0.03849946348776684,0.1782831258345678,0.18282315932654927,0.038658849395383,0.0593249232867372,0.0461142322097378,0.0434028241197981,0.185907908788631
0.04876197455896978,0.05248667747422391,0.02673031026252986,0.032205620760258936,0.023787973366625,0.02772585352975617,0.03466353468755836,0.0421091993102921,0.18979818031173776,0.20375305126070975,0.0680259645081924,0.0170211649925254,0.0281419059508947,0.0493286709553426,0.2456128351290306
0.0418834737999267,0.044788881320214934,0.0224133861365365,0.021470413840172616,0.017811069496462724,0.01848390235317077,0.027648613298454437,0.03138273200689519,0.1841575508668624,0.2171275233853734,0.029393289012197,0.0,0.0,0.0099297974001014,0.2438764676347006
0.03477464272627334,0.029859254213476617,0.02277007002543996,0.020800360343604444,0.01854452767374114,0.015036223430342447,0.02497397432133034,0.02186497413758132,0.23260049401753774,0.26246817505365905,0.0,0.0194602533504681,0.0081408655846858,0.0028294583989536,0.3531494783902303
0.035224833795738895,0.033254858163291774,0.0235149099110913,0.021122976204311562,0.019850187265917602,0.01564212648165153,0.025256920161225705,0.02150793273569848,0.28772371082097375,0.31166940475653154,0.0400460660629221,0.0217682079257258,0.0168539325842697,0.0207938499319328,0.4100718641622765
0.030246558132230518,0.026759062468141546,0.015447559600304219,0.020411374713808307,0.015095713691219282,0.017875372433183087,0.017740170301364,0.01627831343062885,0.28698346176027556,0.26851515766606765,0.0137674710778411,0.0189881717328018,0.0223418643362462,0.0058190748204896,0.1822066634851398
0.02057268491859916,0.024391574458772897,0.01245246400377662,0.014289478812501338,0.01082501040366206,0.014179711459824926,0.00787443611029548,0.010852208953752567,0.2643463283677679,0.22315249449954253,0.0196565984400356,0.0020456870098874,0.0067883895131086,0.0,0.1324271681664923
0.01787153850180598,0.021556901948592295,0.01729916861181774,0.017604160221736092,0.013748439450686581,0.014325522718257483,0.006956196780823739,0.009014339553415945,0.24303051312224366,0.1945341268020548,0.0158875569282311,0.0242335230402056,0.0146171452351226,0.0053386007527427,0.1372973914070794
0.022944040203109438,0.02282543746790063,0.01735162212489178,0.018310280453103494,0.01706720765709524,0.01779525068441469,0.00755412006513094,0.007949251309107163,0.1970184844636303,0.17071919623375773,0.0253625085065173,0.0197225209158383,0.0247347066167291,0.0058190748204896,0.1230893350971635
0.02019054598754118,0.023976489973627352,0.01939206378347184,0.02286365904161103,0.020276737411568803,0.022830694241822297,0.0069615353815765,0.011243143044124973,0.164302336245933,0.1959765051804352,0.0262785949850808,0.0319704162186261,0.0329015813566375,0.0178309265141606,0.2464911230737901
0.0273412553002146,0.03249133252948763,0.02020509323611942,0.022926879026420585,0.021031002913025322,0.023924860109057797,0.011889063876358,0.01764766779421568,0.16442949368643095,0.19159848701616664,0.0495210176412082,0.0230533189960397,0.0261131918435288,0.0304567172943971,0.1828424506876295
0.03127780976809924,0.03477401194614469,0.029908993154816498,0.03213964821873799,0.028662089055347423,0.030931180147611564,0.01881856765341802,0.023314284824577158,0.21134281677048078,0.2500635858730249,0.0393393707794588,0.0505651866033728,0.0449438202247191,0.0346475188853001,0.3669937835867414
0.040354918075694926,0.04360704078616629,0.03054892601431976,0.030570827925065963,0.03316167290886388,0.03299247493264268,0.026239222699730357,0.029690148544486237,0.221350014068152,0.22915351654716176,0.0612730984662095,0.0274331873377219,0.0371150645027049,0.0424418759843044,0.1873333778954355
0.04205622153588442,0.0403610357932658,0.03295654226441812,0.030967419338820676,0.03479504785684556,0.03296217707397429,0.0284974508181405,0.025496837500504257,0.20784552080920626,0.1712913006322528,0.0338690258074648,0.0317606021663301,0.0329015813566375,0.0171102154125403,0.0555668688024349
0.042857142857142885,0.03700175772596823,0.028366859870439798,0.023652280975458618,0.03182480233042027,0.02799156929081986,0.0270987374209219,0.02061034484302537,0.17095773802769168,0.13487827014357426,0.0302832015913731,0.0090220042487345,0.018050353724511,0.0108373595280676,0.0620522091662171
0.0346228341098257,0.027450996452186256,0.026704083505992782,0.020681333041573945,0.030024968789013683,0.024365720906045205,0.02129567840269058,0.01422070396309708,0.1404822344888908,0.10007382442692452,0.0083494739046223,0.0147394371738046,0.0171140241364959,0.0014414222032405,0.030464932993625
0.02950845416950216,0.02288982132740454,0.018725904167431577,0.017345651997904898,0.02473990844777354,0.022416653443536272,0.014750553879828019,0.010121101399060488,0.07732105077437013,0.08377850462266238,0.0137674710778411,0.0106742899105668,0.0185185185185184,0.0019218962709873,0.0511878650141381
0.0244516568078312,0.027256251437554595,0.02188360565448868,0.02597099958960573,0.026628173116937083,0.030463231578531712,0.01249766436217062,0.017139877064712792,0.05988959998258966,0.089244377727286,0.0359891116578547,0.0432216947730074,0.0465563878485226,0.0311774283960174,0.1001761239365332
0.02644610794116104,0.0327845947830744,0.0240971439062131,0.03159009753472122,0.030841656263004502,0.03829848674801267,0.01728638923738084,0.02511119797267233,0.07301946068456713,0.09990164258896472,0.043841281474114,0.0428282934249522,0.0539689970869746,0.0410538397885914,0.1212161723123222
0.02776527247029258,0.03414940460105986,0.029405439429305756,0.032914558977880086,0.03438930503537236,0.03746185702745855,0.01872781144062138,0.022755622163204984,0.08657058870164167,0.10987037814317309,0.0368790242370308,0.0355634818641978,0.0357885975863503,0.0180444705442703,0.1298078492515898
0.033429304297754245,0.03498948074801678,0.034110519552047,0.03469798524775699,0.03990844777361624,0.0398778172942108,0.02360729252862822,0.023783357323228223,0.1004301279191415,0.10650112845582345,0.0366696330419306,0.0382648377875108,0.0447097378277153,0.0258388276432747,0.0997626290811242
0.03703083285347848,0.03391802511749862,0.042891237640640976,0.04132461694968356,0.04245734498543482,0.0370062130553443,0.0307556789365507,0.028410180985685384,0.11782737988829414,0.11705879392384944,0.0317751138564623,0.0545778803535367,0.0312630045776113,0.0376638283105997,0.1381741248599014
0.04141757839082866,0.041919629859867615,0.04245062813081908,0.04122262704108834,0.04294631710362044,0.04100455818337977,0.032415983770653675,0.03209977151263436,0.11226074425964985,0.10215351121367015,0.0579228393446056,0.0410186472238979,0.0490012484394507,0.0394789525665323,0.0723429457933116
0.04155891744752132,0.04279574549243751,0.044622203572084254,0.04537714157115159,0.04191635455680397,0.04360943357321725,0.03149774444118194,0.03355406205550047,0.09621994195527099,0.08177306107258943,0.0445479767575773,0.0536861706312781,0.0488191843528922,0.0364626431412327,0.041012160790428
0.04703449719939276,0.04994947132708768,0.050512733090298745,0.051923470865857795,0.04779442363712026,0.050799270044788764,0.03725809465339132,0.03798478190543938,0.08002400135551692,0.07079142279933275,0.064256922996388,0.0650161294552702,0.0651789429879318,0.0468462216053172,0.0488281462528194
0.05318536355546251,0.05577430249215156,0.06067297857273994,0.06430433564381079,0.05441115272575946,0.0597973077868296,0.04746016069188264,0.050939573882203354,0.09635829173771986,0.10767230886360146,0.0674239648222793,0.0890660651997168,0.0777933832709113,0.0768491578357313,0.1814340809921389
0.0642412186567555,0.06620099811574347,0.06728736657137614,0.07208616387811309,0.06551706200582604,0.0687957221838678,0.0547046419133545,0.05858846072745524,0.08332387684071271,0.09611555603402289,0.0870543893629273,0.0876498203467177,0.0867925509779442,0.073886234417959,0.0730020503748657
0.06775899073443964,0.0693045653215044,0.07314117863043879,0.07148667842514576,0.07029234290470245,0.07015636576718944,0.05885273469823558,0.05913211264861606,0.0777877092540459,0.07896440664267441,0.0755116997330263,0.0702877075192111,0.0728776529338327,0.0602194164909377,0.0446621078599775
0.0740983091660996,0.07161789985296196,0.07803509140024652,0.07370969711020277,0.0762068248023304,0.07290144179180362,0.06401516162613777,0.06017966769265857,0.0958481074837905,0.09641432174149993,0.0762445689158771,0.0781557344803168,0.078391593841032,0.0622747777807436,0.1313141519391509
0.07888289797414019,0.0771385555808383,0.07984998295260824,0.07383666047916145,0.07884935497295045,0.07473149247487974,0.06862237407575471,0.06341387307957304,0.11195948372213764,0.10740455697585165,0.088179867036591,0.0740905872170788,0.078391593841032,0.069882283853402,0.1293850274445551
0.07888289797414019,0.07390035866131864,0.0760943114165071,0.07265367615917799,0.07687786100707443,0.0724662994637636,0.06419667405173099,0.060516134624919594,0.08466073990707243,0.08658315862283873,0.0674239648222793,0.0702877075192111,0.0679359134415313,0.0547206577156127,0.0449403619168129
0.07627074281526465,0.0739314436303956,0.07406960581184924,0.07427788154726146,0.07571265085310025,0.0752996997118668,0.061420601660304795,0.06034604723688906,0.08932639200866781,0.08983220937617335,0.0739936135685495,0.0775262923234284,0.0809665002080732,0.060005872460828,0.0963303108828426
0.07731246401088834,0.076194397657312,0.07500327834456713,0.0745039444257745,0.07686225551394085,0.07640835855392314,0.06276059044924322,0.0625371516364693,0.0900134774450992,0.07592065126482707,0.0807203057111448,0.0749560701828006,0.0786256762380358,0.0669193604356298,0.0480975350421345
0.07979898445270375,0.08035532214652606,0.07686013270738809,0.07881596504865686,0.07885975863503948,0.08039860885145712,0.0659957825054053,0.06784168044483087,0.09822306026609791,0.1080677895245995,0.0886771711249542,0.0874400062944216,0.0883791094465251,0.078450738061554,0.1723620660441444
0.07885148929487515,0.0813843451801667,0.07908416166172731,0.0809475540286962,0.0808572617561381,0.08305877571647978,0.06549929263540025,0.06769439846434615,0.10579125971363146,0.1277872012438073,0.083442391247448,0.0852107319887749,0.0883791094465251,0.0673998345033767,0.1672260246822229
0.08191907030309373,0.08184352007456853,0.07698602113876578,0.07389737098726527,0.08017582188930501,0.07688208851344179,0.06742652750714036,0.0665818763343352,0.11300783308487365,0.11219921042021282,0.0827618698633722,0.0597970049044034,0.0645287141073658,0.0643568320743133,0.0810232287730239
0.08246872219023185,0.08014297105112572,0.0712633428623882,0.06556921430535702,0.07567623803578857,0.07074425265579155,0.06706884125670658,0.06379373129244316,0.13003884675352126,0.13529460002216875,0.0767418730042401,0.0489129009415405,0.0584685809404911,0.0582174412086591,0.1814853792260806
0.0771397162749306,0.07145373941229664,0.06538330404678849,0.05889810157183872,0.06957969205160212,0.06321048387622887,0.060705229159437255,0.05422958751138984,0.14585953299953203,0.13259672210550863,0.0540752761346385,0.0455558761048021,0.0481429463171035,0.0351012999492832,0.1272009662721884
0.068538972936188,0.06286031108527816,0.05736840724907548,0.05505390848317798,0.06269766957969201,0.060129988279810774,0.05198729413020842,0.04777341264606316,0.13635257120738936,0.1300069004314828,0.0456734544312412,0.0473655223058565,0.0539689970869746,0.0348610629154098,0.1248272570834311
0.061492959221064715,0.05797764828079597,0.0502504655249285,0.05324294677813199,0.056762380357885944,0.05965421329903875,0.04649921255638891,0.04516875064213518,0.1624462728724057,0.1859027779567567,0.0482123226718316,0.04962102336804,0.0587026633374947,0.0399594266342792,0.2976945330073045
0.0545830497827566,0.05472253974447452,0.04332135644784808,0.04387911769175509,0.051144402829796064,0.05191575102166463,0.03945225956276854,0.039819856130160584,0.17167404791255045,0.1663225532957537,0.0482123226718316,0.0251514595190013,0.0364388264669164,0.0291220671062114,0.1271621039737477
0.04679369732502744,0.04908006340151444,0.04023708987909465,0.04041660116042783,0.047191011235955004,0.04751104167153836,0.0315084216426874,0.03271265462285819,0.14132756720457265,0.12079936075923302,0.0377951107155943,0.0334915680977733,0.0387016229712858,0.0184982516082534,0.0297529756861916
0.045212793802020576,0.04811029510754436,0.039287681292454565,0.040547345164152454,0.047191011235955004,0.047721676553393405,0.03113471958999542,0.032886032977179895,0.12871099974039982,0.10190561682326342,0.0461707585196042,0.0408088331716017,0.0481429463171035,0.0332327896858233,0.0641181289513242
0.0439459770716641,0.045186653664849176,0.04132287759972724,0.04621206472350827,0.04553162713275066,0.04703847655924657,0.032010250113445236,0.03500359382900623,0.1158158673210041,0.08805427621099315,0.0393393707794588,0.0575415038422199,0.0456720765709529,0.0392387155326589,0.0603515949864526
0.04638014971470446,0.05025216440557725,0.04300139001809648,0.050145904968967585,0.0466084061589679,0.052721170529024676,0.036670848570589595,0.04442320219267115,0.06106572858259868,0.06668413057908787,0.0603831858870334,0.0580135854598862,0.0640865584685809,0.063262418920001,0.0239438393152773
0.04940585248390304,0.054615055109659666,0.05087990768181701,0.054945285925179686,0.05281939242613391,0.057645366286931954,0.04046659370578968,0.045649065722518034,0.045364116419010156,0.060674101437993615,0.0633408365178245,0.0645440478376039,0.0674937578027465,0.0481007927822118,0.0486540431558051
0.05528451028634246,0.05880616998237024,0.054383802355162755,0.05363387110495382,0.0568924261339991,0.0581191746948252,0.04646184235111974,0.04659087542664659,0.0792340085528146,0.10681687974373368,0.0671883997277914,0.0510110414645021,0.0590667915106117,0.0484744948349037,0.1991024363552138
0.05893315186096424,0.06067543545248453,0.05927246977366309,0.05750663749133702,0.06219309196837282,0.06362820829287417,0.050209540079545124,0.048384343060414454,0.10006730950089922,0.1273061310597382,0.0644139663927131,0.0652521702641034,0.0746462754889721,0.0519712783279502,0.1682846336917473
0.06278594985080876,0.05998474387788349,0.05601510661176532,0.05208932100513502,0.06354036620890549,0.05988828811978822,0.050305634893094475,0.04549595857374487,0.10413012962908261,0.11175931924894866,0.0586033607286814,0.041254688032731,0.0524084477736163,0.0397191896004057,0.0806656956273696
0.057011987645919485,0.05049428753945132,0.05243253166880853,0.04809311758512408,0.058770287141073616,0.053337579789665975,0.04195072471505216,0.03749326172575971,0.13349323873731725,0.13142600778478256,0.031513374862587,0.0401007107451022,0.0402361631294215,0.0214878680297894,0.1707593848564504
0.052719468146364426,0.04762227136631728,0.04437042670932886,0.04013991940348458,0.05210153974198915,0.04694172679555205,0.03686303819768836,0.03254962788230407,0.1550142469186083,0.13970369987727518,0.0418782390200492,0.0242335230402056,0.0341500208073242,0.0226623601953928,0.1562590840622605
0.044024498769826725,0.03965269852591249,0.03860578562249206,0.03415589161242909,0.04452247191011234,0.038351635314110566,0.0291540987107279,0.025009684388236513,0.13591171729387821,0.12766572932870454,0.0237135528451029,0.0221878360303181,0.0211714523512276,0.0099297974001014,0.1035897882315633
0.03715123279066116,0.03645101118290343,0.031351464764352605,0.03243078306608809,0.03697461506450268,0.037870087296381645,0.02156794704108052,0.02135329625206211,0.10966163373993658,0.09745522485981606,0.0300476364968853,0.0289805659734061,0.0369069912609238,0.0140405199797133,0.0370342159220391
0.03008951473590536,0.032065597606903085,0.02817278187206588,0.030074279901157863,0.03212130669995836,0.034627360181219334,0.014921389103915838,0.016397664139568842,0.14536955714079186,0.15137192078375936,0.0232947704549024,0.0253612735712974,0.0281419059508947,0.0064863999145823,0.259205312631646
0.029320002093911963,0.030599002288808724,0.0282199900338325,0.03349510378541701,0.0295724094881398,0.03224879914425579,0.01515628753703652,0.018485896158176827,0.17639939250455075,0.20955080108092117,0.02766581165262,0.0403367515539353,0.0274916770703287,0.0226623601953928,0.3259085616752448
0.030178505993822963,0.03578958769907389,0.0324844606467518,0.03751536122521204,0.032584269662921314,0.037902306656581126,0.01962469636708216,0.027325398887324884,0.18418428812818957,0.20476172144743235,0.0461707585196042,0.0455558761048021,0.0492093216812318,0.045004404345621,0.1951835621804547
0.0378788671936345,0.044598178080769456,0.04259749796742636,0.04926124836137166,0.04250936329588012,0.04886717794306128,0.028929877479112697,0.037035500244967955,0.26118697895373366,0.29937556175138275,0.0622153588441606,0.0727530226336909,0.0707969205160216,0.0564557029602541,0.4886032423592835
0.04585143694707638,0.05303561380854454,0.05212830129297909,0.05838569310797101,0.05085310029130252,0.05878667737471945,0.03844326402050022,0.04522615105886227,0.3069422055442509,0.2881871574591303,0.0699104852640947,0.0766345826011697,0.0786256762380358,0.0616074526866509,0.2658103488746255
0.05648850965816887,0.06085045387581799,0.0627291562852422,0.06504564491618502,0.061813358302122326,0.06683885025147752,0.049558230787710544,0.050837845289452815,0.2779897932059375,0.2302725219527799,0.0764801340103649,0.078365548532613,0.0829431960049937,0.0620612337506339,0.114443250940079
0.06923519865989636,0.07103338813763112,0.07346114506019039,0.07469599508701541,0.07555659592176443,0.07662852189049811,0.0603422043082508,0.05941930612566657,0.24531841435604393,0.20769890377711223,0.0913992566612574,0.0939966954286762,0.0962078651685393,0.0765822277980941,0.1625516674257769
0.08044809715751454,0.08143400909431911,0.0831493089249652,0.081129561867569,0.08517478152309613,0.08351909782296214,0.06836612123962307,0.06798753375127185,0.2379613149136402,0.1912652908408868,0.1022352510076951,0.0939966954286762,0.0973002496878902,0.0851239890024824,0.158398064968436
0.086379102758729,0.08491280167962371,0.08790159720947306,0.08625786259712274,0.09061069496462755,0.08833822778986766,0.0738702186157008,0.07331708578106214,0.2172250142624635,0.2558174402617246,0.0918703868502329,0.0965144640562302,0.0979764877236787,0.0839761898406427,0.3849217391034001
0.09500601999685913,0.09429022493799762,0.0960895906003304,0.09669675824990064,0.09808572617561381,0.09755909595756751,0.08161652830793044,0.08232439090330779,0.19049241641108225,0.21459408004705616,0.1130450714547454,0.1175745495554564,0.1160008322929672,0.1003390011477991,0.1321473596177193
0.10354918075694919,0.10259212922893678,0.10456607831309497,0.10471383453207901,0.10577923429047024,0.10550964283147031,0.08991805247844535,0.0894058788032747,0.17869288990932647,0.1615445928418041,0.1191959378108151,0.1207479870964358,0.1214107365792759,0.1035688546032085,0.0554456184313
0.10816102182903206,0.10654757349318182,0.10919772351753254,0.10886086350500739,0.10990948813982523,0.10929280669275161,0.09466940714838637,0.09305025291811618,0.1547033485310828,0.12189771540605561,0.1144584620216719,0.1171549214508641,0.1168591344153142,0.1003390011477991,0.0426039605345586
0.11078888132754017,0.10948989849553308,0.11196202365653436,0.10851330771123335,0.11338431127756969,0.1110866595873719,0.09716787230066995,0.09457227353337759,0.13786478096431348,0.10600021931556687,0.1153745485002356,0.1078181961236853,0.1146743653766125,0.0976163147639004,0.0742052271345894
0.11724859969638277,0.11438292522850398,0.11772141939206371,0.11411268605211457,0.12030794839783603,0.11825599749991807,0.10352614579718653,0.10163736812999359,0.0825292205621975,0.10674812524131798,0.1241689786944458,0.125311442733877,0.1325946733250104,0.1157675573232256,0.1082439370928202
0.12056745013872168,0.11946839137448262,0.1205853812059062,0.12003991024296597,0.1241364960466084,0.12388518851222168,0.10754077356324906,0.10789562541269963,0.08062590063376629,0.11204233681939975,0.1296393236664399,0.1318943586246688,0.1351435705368289,0.1204121399781117,0.1226307599755633
0.12649845573993612,0.12926258285528422,0.126622780560728,0.13033826811882557,0.13045672076570952,0.13359407906640833,0.11395243306729304,0.11713946764960921,0.09556674444307987,0.11807817037222246,0.1488509658168874,0.1509349838705448,0.1530118601747816,0.1356271521234284,0.1301498374778679
0.1320630267497252,0.13360216092706187,0.13278082299562008,0.13620722328765855,0.13716708281315024,0.13919970092844478,0.12096201585564421,0.12322195012959114,0.11988614901048808,0.13345244137201487,0.1422813170706172,0.1479451336253245,0.1504109446525177,0.135386915089555,0.1642009833715997
0.1387059624142805,0.13859784955904528,0.1406226232001888,0.13981388124061536,0.14367457344985435,0.14187040680567423,0.12815844967034137,0.12668079469885615,0.14384802043224199,0.1536398223291295,0.1485892268230121,0.147027197146529,0.1472118185601331,0.1335984838373862,0.1940145842433588
0.14452703763806735,0.14349001797715688,0.14379606074116816,0.14026879764000147,0.14637952559300876,0.14328674921737694,0.13245602327629927,0.13020567158357577,0.1390126178110577,0.13044885621505256,0.1532743548133801,0.1411786304387737,0.1461194340407824,0.137255425353015,0.0840669239868987
0.14818091399256664,0.14496291379775006,0.14691704476907347,0.14267895801473274,0.14983354140657512,0.14632904934647156,0.13540826949256596,0.1318615714088656,0.1680287643188138,0.17620306831481636,0.1479087054389364,0.1474992787641953,0.1524136496046608,0.1351733710594452,0.267711492514344
0.14799246191697643,0.14594484434481217,0.14510215321671174,0.14240614737940052,0.14850187265917603,0.14633720504357642,0.13444198275631955,0.13150628708664253,0.16415030693443305,0.15438789572853223,0.1479087054389364,0.1418605261087361,0.1463535164377861,0.1307957184421964,0.110757550555964
0.14726482751400305,0.14351094458179156,0.14197592383749907,0.13904209382935412,0.14601539741989178,0.14355099284774978,0.13186343859274488,0.1285022561483222,0.15575853765834438,0.14367264281607361,0.1386431450557503,0.1323139867292613,0.1379785684560965,0.1224941942716815,0.1222421369911564
0.14409778568811185,0.13992530228571307,0.14098979779170714,0.14006025152542587,0.14490220557636285,0.142915948345996,0.1313936417265035,0.1294180039342746,0.13332939528709126,0.1230713860064135,0.1327540176935561,0.1420965669175693,0.1416458593424885,0.1312494995061794,0.0818688723870933
0.14528084594042823,0.14634675354879603,0.14337643263657587,0.14441076923798968,0.1462806908031627,0.14628125228892452,0.13240263726877186,0.13371213697763532,0.20429910290270273,0.22835274469259428,0.159189656074962,0.1531118046631173,0.1530118601747816,0.1423004030643568,0.4389154620649559
0.1466890017274774,0.14921433049059138,0.14265781950746154,0.14424258386486769,0.14520391177694547,0.14653075301714125,0.13296319034780987,0.13513347013663532,0.1678061610733455,0.18065075758424887,0.1549494843741821,0.1439062131186237,0.1470297544735747,0.1379761364546353,0.085246783367558
0.14157462178715383,0.14025515557283383,0.1377586613863464,0.13528330107763192,0.1407875572201415,0.13911108322934954,0.12789151963270426,0.12523476837997968,0.16789538891056535,0.15750173497018694,0.1223368057373187,0.1173647355031604,0.1242717436537661,0.1054373648666684,0.1112036897420631
0.13892058838925822,0.13529442973731332,0.13713446458076534,0.1332532016188733,0.13958073241781105,0.13672220363438117,0.1263379868136561,0.12173202231213336,0.18227599382555798,0.16971621050216446,0.1253729780662723,0.129193002701356,0.1319444444444445,0.1147265301764407,0.1941451615661195
0.1362979636706276,0.1300765845250099,0.1352618741640222,0.1330800060238667,0.1351695796920516,0.13101150099415115,0.12426127112083922,0.1214433218887872,0.1867056740510215,0.14781656483957994,0.119640894100403,0.1327336148338534,0.1195900957136911,0.1208659210420949,0.1040172735144109
0.13205255718997014,0.1327052642405648,0.13323192320805688,0.13637402064367476,0.1340980024968789,0.13655899206240676,0.12158663214371515,0.1239379506521036,0.12176926054373013,0.13662217473588636,0.1379626236716746,0.1429620498832909,0.147653974198918,0.1289272081787364,0.1142333945284992
0.13171753127780975,0.13956162776483658,0.13667287366571376,0.1446196688980859,0.13702663337494797,0.1449302976629112,0.12347649681018602,0.1317671203637323,0.14933040259786687,0.16543228103667149,0.1532743548133801,0.1611109654069081,0.1616729088639201,0.1474254597869898,0.2230524936382417
0.13977385750929172,0.14724723080813393,0.14564766975268167,0.15049268457805726,0.146244277985851,0.1534068540113679,0.1334810346208259,0.1396647648824441,0.19072776649043904,0.216351690426089,0.1626184368947286,0.162238715938,0.1703599667082812,0.1554600539198677,0.318190509204924
0.14722294927498297,0.15237096617033216,0.15216239607647722,0.15425066782548272,0.1531731169371618,0.15780078240791148,0.14002082054293571,0.14225166318395932,0.3131934394222264,0.41305896902574474,0.1626184368947286,0.1617666343203336,0.1665886392009987,0.1474254597869898,0.8064735262250562
0.1550489451918547,0.15450426867514197,0.15851451650974324,0.15766518421704967,0.16140241364960461,0.15877938136390934,0.14643781864773245,0.14581807931133242,0.35434923526769124,0.37863806359774155,0.1587708736847616,0.1644942170001836,0.1607365792759051,0.1529509115660786,0.3097962527417351
0.16283306286970636,0.16196391647040562,0.16277898712266253,0.1598715904606622,0.16585518102372032,0.16249219126577172,0.15272135173371063,0.15066034407709736,0.36335844874140555,0.30551852969751797,0.1768832120609329,0.1642844029478873,0.1699178110694965,0.1603448736086272,0.1592794618970708
0.16651311312359315,0.16520081300787512,0.16165123659157069,0.15840513122425778,0.1654806491885143,0.16159487740647782,0.1542428529482423,0.15211788467128093,0.3946705798410376,0.330216736177146,0.1716746060828141,0.1554722127514489,0.15980024968789,0.1550329658596481,0.379613149136402
0.16487986180181124,0.1616179354338564,0.15635343177109284,0.15085331809470878,0.1601227632126508,0.15558676388063977,0.1523102794757494,0.15001098529998838,0.44017833131508455,0.40205424630981695,0.154452180285819,0.1357496918356108,0.1435705368289637,0.1457971865574033,0.5457292665751589
0.15917395173532953,0.15244158581001094,0.15145951900128507,0.14633456888690413,0.1548168955472326,0.1504109428783957,0.14774577583215437,0.14154163738966383,0.292052038172104,0.289983517709929,0.13408888656232,0.1372970704712948,0.1400593008739076,0.1246029415690147,0.0658420605101531
0.15682353557032921,0.15063398815992732,0.14796611503055418,0.14656544497344576,0.15228880565959213,0.1496393385314981,0.14321864239382856,0.13779950638459237,0.2542138390199239,0.2335240974668975,0.1470187928597601,0.147027197146529,0.1480961298377029,0.1303152443744495,0.1206052569808346
0.15153117311417047,0.1505631253666646,0.14678591098638832,0.15050475755798323,0.1491885143570536,0.15123167720660002,0.13998345033766646,0.13992264203233382,0.24822780146650766,0.1987991563545949,0.1504213997801392,0.1583833827270582,0.1544163545568039,0.1441689133278167,0.1293492741299897
0.1528922158823221,0.15986869021896719,0.15066747095386718,0.15862984256826984,0.15319392426133996,0.16076355120750727,0.1419160238101593,0.14818037242892668,0.200201773053504,0.17902710659352453,0.1784798199235723,0.1748800125888431,0.1798272992093217,0.1646958332221124,0.1394830070713838
0.15633670104172112,0.16380399550691616,0.16017729287419027,0.16685282885792196,0.16075738660008318,0.16763831697923148,0.14689159971171556,0.15567860364101258,0.125599839576432,0.17692460412561595,0.1716746060828141,0.1832988014372262,0.1813878485226799,0.1706750660651844,0.1727195991897988
0.16642935664555297,0.17072005186510386,0.17132366440242336,0.1755781952761014,0.17023512276321262,0.17424153854933924,0.1573979659931132,0.16283066008600938,0.14543919837959757,0.1729626875924043,0.1845521645814793,0.1930289281124603,0.1874479816895548,0.177134772976003,0.165038854525981
0.17624456891587706,0.17917831931386272,0.1803089511920061,0.18103667388221514,0.18025905118601748,0.1822329496834685,0.16787230066999434,0.16944941264362468,0.14259136914986387,0.15076382867232488,0.1960948542113804,0.1919536310944426,0.1982157719517271,0.1826869177588553,0.1063661108321661
0.1870072763440297,0.18753052518287594,0.18760523486060476,0.18564604961149397,0.18794215563878489,0.18576592539585932,0.17668633051277255,0.175712629276319,0.13090345516922974,0.12414578719048959,0.2042349369209024,0.1948648010700516,0.1928318768206409,0.1882390625417077,0.070909704226819
0.1903470659058786,0.19007993936618958,0.19241522200949407,0.19007401585209252,0.1914481897627965,0.18962977354036617,0.18085043909991189,0.17898054490348236,0.13050550523319707,0.12859494392406656,0.1951787677328168,0.1989299483332897,0.1973574698293799,0.1855163761578091,0.1374932573912205
0.1980788357849552,0.1968311114035254,0.19880930525321933,0.19847241645334587,0.19777881814398673,0.1974335125031211,0.18698982996556598,0.18644437006680656,0.14323959228785457,0.16452664077040643,0.2103334554781971,0.2152692176558525,0.213040990428631,0.2013720203934549,0.2363900344630862
0.20413547610322982,0.2028325296599677,0.2029373967321461,0.20353807280459535,0.20402101539741993,0.2045086643209876,0.1937858687238075,0.1946679023002745,0.1697785004438074,0.20892889228218603,0.2148353661728523,0.2136693855070943,0.2186589679567206,0.2111149667672104,0.2977333953057452
0.20824477830707208,0.2074354748501758,0.20736971858690234,0.2070637953258048,0.2082865168539326,0.20952020262542193,0.19770440167632067,0.19720512904065676,0.16496330621781227,0.16671597475552083,0.216641365230592,0.2141152403682237,0.2195432792342905,0.2022795825214212,0.0822901397021904
0.2082029000680521,0.20629883180871797,0.20963046500039342,0.20676537459637212,0.21133999167707032,0.20904655206239112,0.1985799321997705,0.19567565774675677,0.18832732004035457,0.17372057428352405,0.2040255457258023,0.2061685331375068,0.2080992509363295,0.1926167151589568,0.1877297733395305
0.21402921007171644,0.2123026604561915,0.211366676283144,0.20704725131326232,0.2150593008739076,0.2113490399794495,0.20369965032165074,0.200822094086908,0.19933436655230782,0.17998987950601164,0.2243103177511386,0.2076110047470428,0.2159540158135663,0.2111149667672104,0.1925284899509868
0.2149295922106475,0.21314689569507841,0.20701828004930628,0.20254057970439612,0.21223470661672902,0.20720536636721243,0.20323519205616208,0.20023130574660927,0.16846806374038736,0.1473460931385024,0.2148353661728523,0.1935272364866637,0.1989180191427382,0.1990497290660118,0.0820585204034839
0.21063183793121495,0.2065467953886155,0.2025387500327834,0.19878429827775743,0.2078807740324594,0.2037666792565991,0.19737340842965057,0.1940895533759571,0.132954140933348,0.13828532251585104,0.1933465947756897,0.19127173542448,0.1968893050353725,0.1818060486346527,0.1201637812705484
0.2061194576768047,0.2023910182452572,0.2007763119934957,0.20095721557576665,0.20446317103620473,0.20332954092207176,0.19553159116995433,0.19374986765828472,0.1572657730410681,0.16013964842416428,0.1940794639585406,0.2053030501717851,0.202455264253017,0.19307049622294,0.2038483002407908
0.20719258755169342,0.20472441053025348,0.20033045713236636,0.20195122999446447,0.20446317103620468,0.20491944426015765,0.19570776499479486,0.19366577319990963,0.17708274716033184,0.20236464692805925,0.209391195100246,0.2039392588318601,0.2080992509363295,0.1934975842831594,0.2868146439358492
0.20439721509710512,0.206594092179568,0.19936006714049667,0.20222050492554114,0.2017634207240948,0.2040980509244441,0.19265942396497876,0.19440160267264972,0.15824510296177347,0.16768985427143782,0.2103334554781971,0.2027590547876945,0.202455264253017,0.1958732616181299,0.098340268958195
0.20136627754802908,0.20428962092886935,0.19628104592305065,0.19419104675017193,0.1992041198501872,0.19810587220736275,0.1895683741291407,0.19079922841070704,0.1720154143420535,0.16209659528258655,0.199680678427472,0.1781321303994335,0.1861215147732001,0.1835944798868216,0.150910077304884
0.19774380987279483,0.19460449941908572,0.1952844291746439,0.1915569150609301,0.19622867249271736,0.19274127088758294,0.18771587966793907,0.18471401105001947,0.18057724503611858,0.162388708435349,0.1752342563995184,0.1862886516824464,0.1820120682480233,0.1725435763286443,0.1629729347408739
0.1985133225147882,0.19571200866889296,0.19377901334941902,0.19362993372250695,0.1961922596754057,0.19591858064720816,0.18725676000320318,0.1867343066664332,0.20783992463823084,0.22164637170735002,0.1979270271685075,0.1977759710456607,0.2022732001664586,0.1907748978992607,0.340161698251352
0.19965450452808456,0.20217370750150457,0.19609221327598417,0.20092170863656653,0.19813254265501454,0.20321260904293,0.1894295705095695,0.1926100833826191,0.18421568886532966,0.20399540282868114,0.2150971051667278,0.2155052584646857,0.2178006658343737,0.2043616368149909,0.1686934650713434
0.20055488666701562,0.20639426039195383,0.19890896692805998,0.20622874677373557,0.20133166874739908,0.20829203760026657,0.19052932226463448,0.1955307290528977,0.18215007997861016,0.1653343433939866,0.2148353661728523,0.2168428230480736,0.2184508947149397,0.2013720203934549,0.0880122245245975
0.20431869339894254,0.21042941095700476,0.2076477222061947,0.21142780011252613,0.20969101123595504,0.21483410080550436,0.19695165897018396,0.20225587384012145,0.17284520213835905,0.14501812496386726,0.2184997120871067,0.2218259067901072,0.2279182272159799,0.215706163414569,0.1043856881036286
0.21328063654923307,0.21363426468832689,0.2143460358257494,0.2142119400017574,0.2177434456928839,0.21731414738122543,0.20360355550810136,0.20343826889949138,0.16336808659141888,0.13520786897796913,0.2200439721509711,0.2197802197802199,0.2222742405326675,0.2058030590182313,0.1155873570061729
0.22155158875569284,0.22218343919248665,0.2232841144535655,0.22363008139608534,0.22561381606325423,0.22541778226025375,0.21093879294236978,0.2114425409565286,0.1315426622539822,0.15048343817336896,0.2392817882008062,0.2424663641847412,0.2416250520183104,0.227451085070603,0.1810345765641686
0.22621054284667325,0.22758625133553445,0.22889139500118022,0.23026727466497662,0.23090928006658337,0.23170451679050896,0.2158716600379041,0.21730368473523978,0.13196330777230422,0.15725452300323048,0.23839187562163,0.2435416612027591,0.2442779858510194,0.2290259722926622,0.1707966926629535
0.22978589750300998,0.22929488070853496,0.23197566156993363,0.23093290174059802,0.23410320432792334,0.2326098498675525,0.219608680564824,0.21822149749951128,0.1378231205803851,0.1439401115238209,0.2327121394545359,0.2322641558918409,0.2344205160216396,0.2200571230280543,0.1173112885650018
0.23381667800868974,0.2324144586775251,0.236838102231897,0.23600130452703996,0.23746878901373275,0.23665528346004402,0.22305741665109577,0.2231309462816502,0.15803431385503117,0.1644406258415003,0.2386536146155055,0.2461381100999239,0.244746150645027,0.2329498438459281,0.205441654476859
0.239156153483746,0.23719008896043417,0.2400587479346429,0.23596201911600978,0.24111527257594667,0.23793907508794165,0.2289992792888984,0.22725808825684832,0.21670332676819565,0.24593789108499867,0.2467413495262523,0.2358834482939494,0.2405066583437369,0.2355123722072445,0.4089324215719955
0.23862220593624034,0.23699740946138212,0.23797634346560362,0.23465946002385474,0.24111527257594667,0.23916773406473124,0.2300990310439634,0.22915534011987493,0.2279522522256438,0.2430516620071355,0.236612050463278,0.2320543418395447,0.2416250520183104,0.2329498438459281,0.2372792038514092
0.23766947599853427,0.23587434828528794,0.23767735844108157,0.2371218853759528,0.23883166874739903,0.23706514494591457,0.2301470784507381,0.22919229652209516,0.22110906781781972,0.20756136487936802,0.2336282259330996,0.2420467360801489,0.2328599667082812,0.2292662093265356,0.1365807706238331
0.23934460555933618,0.23761216127637386,0.23690629179889316,0.23421753114426822,0.23847794423637114,0.23559406111944312,0.2317112884712917,0.22875425539167085,0.2341173672502747,0.19915850516200428,0.2410877872585457,0.228408822680899,0.2326518934665002,0.2278781731308223,0.1823527857272768
0.2381563105271423,0.23597882066909456,0.2307325133100789,0.22790142664812962,0.23380149812734077,0.23085068077958715,0.22996022742439207,0.22723434979825718,0.24185811530288492,0.21415413502130623,0.2327121394545359,0.2152692176558525,0.2213639200998752,0.2241945386114299,0.2441453947399101
0.23155525310160704,0.22856456791225507,0.2249836082771643,0.2209805921418786,0.22858926342072405,0.22538228212327585,0.2233136694872274,0.21891609403931186,0.1795211232136944,0.1751852437228851,0.2137360623985761,0.2071389231293765,0.2144454848106533,0.2022795825214212,0.0972474611260428
0.22458252630476885,0.2196258507678657,0.21464502085027143,0.20744086299627915,0.21806075738660002,0.21324902869808068,0.21413127619250996,0.20829002181698816,0.20081299928337915,0.2313696905485344,0.201748416479087,0.1803614047050802,0.1889825218476903,0.1870378773723408,0.343738584199833
0.21621734806051401,0.21035134541585232,0.2087859634399014,0.20921105834028567,0.21158447773616312,0.2089922086174193,0.20771961668846597,0.20459598514676403,0.21891599059221473,0.22994503608835992,0.1918023347118255,0.2127514490282988,0.2004785684560965,0.1972079118063157,0.227095727168011
0.2097052818928964,0.20974338241738733,0.198856513414986,0.19906122974563112,0.20191427382438615,0.20076176371415136,0.20066732509409285,0.2006028951508283,0.23794297190877614,0.24579258816226787,0.2085274564204574,0.178761572556322,0.1843008739076155,0.1926167151589568,0.2774876923100838
0.200031408679265,0.20127651274038452,0.19277715124970496,0.19433162210690322,0.1945016645859342,0.19527480044530607,0.19195472866561678,0.19394578225690204,0.2183541972059561,0.2125955658501153,0.184342773386379,0.1848724068294474,0.1843008739076155,0.1806315564690495,0.1462015212258101
0.19257184735381874,0.19299709375070462,0.18873823074300405,0.19186918826989277,0.18815022888056593,0.19107930239147466,0.18591677121426478,0.1866604532594884,0.2628316314237436,0.24827525463840353,0.1764382557713448,0.1869443205958719,0.1826883062838119,0.1720897952646611,0.31963463221498
0.1911636915667696,0.1935672750150835,0.1912717354244801,0.1922557682174153,0.19080836454431963,0.19481060164980266,0.18611429944211627,0.18711547501019168,0.2722605577206173,0.2958112416536696,0.1947076375438413,0.1930289281124603,0.2022732001664586,0.1880255185115982,0.3908832156842018
0.19336753389519964,0.1966520321280476,0.19041149781006583,0.19765393246368604,0.1925561797752809,0.19961294930350273,0.18542028134425967,0.18932292377913873,0.3851856918344093,0.46111462701476996,0.2028215463539758,0.2084502609562275,0.2092176446109029,0.1937378213170328,0.7917213977369706
0.19137308276186982,0.1972864216699678,0.19634923549004696,0.2012527086278665,0.197191011235955,0.2022336432726639,0.18564450257587486,0.19079455629177008,0.3597607326009603,0.35753071672412634,0.1985552007538082,0.2084502609562275,0.2074750312109862,0.1937378213170328,0.1503628961428391
0.19997382610061246,0.20730644447334257,0.2067769938891657,0.21317220536025813,0.20658031627132747,0.21190489520993516,0.19398339695165898,0.20130504697717008,0.4047185048274747,0.36201727193554484,0.2273464900800921,0.2370111988250413,0.2312473990844776,0.22232602834797,0.3709903823583819
0.2104643249751348,0.21450121303021386,0.2164284402947887,0.22051532111483438,0.21738451935081143,0.22017303736703406,0.20407869097509543,0.20839211977872785,0.37077803875970194,0.29132228191573534,0.2288907501439564,0.2352015526239869,0.2367093216812318,0.2225662653818434,0.1499323018761163
0.22041564152227394,0.22448888211332166,0.2260379238899525,0.22736899610598268,0.2259259259259258,0.22844210259203293,0.21274857859754953,0.2160530653937748,0.34652236836173644,0.28408314250861505,0.2444642202795373,0.2410763460882793,0.2449802330420307,0.2313749566238687,0.2696048636943744
0.22712662932523683,0.22845141653181114,0.22971491515644255,0.22719106983354775,0.23091448189762792,0.23034820988449303,0.2189787256760003,0.21899822916561207,0.21746906949667105,0.23820706280962453,0.2363764853687902,0.2268352172886779,0.2341604244694133,0.2248885567092866,0.1464549034116434
0.23391613882636234,0.22980186044101933,0.2353903852710535,0.2304032503987926,0.23662609238451932,0.2322431678048098,0.2251181165416544,0.22081041132550916,0.20842721169226652,0.19385591091335522,0.2325027482594357,0.2368276115292822,0.2360330836454433,0.2244347756453033,0.1051536071208166
0.2377165890174318,0.23531748730582602,0.23843793438065516,0.23768514839021157,0.24120890553474822,0.23954926681508057,0.22909537410244774,0.22794437960098501,0.17785315336462004,0.2019439708489533,0.2463487410354394,0.2522489443730495,0.2541614648356221,0.2422123161519367,0.2181200907201494
0.24015599644034968,0.23724092062339927,0.24138582181541612,0.24177042885940495,0.2438930503537245,0.24307619313542475,0.23168459546752795,0.2304670438030715,0.16372935051772347,0.16106707644651339,0.2410877872585457,0.2499409897977917,0.2501300457761132,0.2355123722072445,0.0793132876416336
0.25661937915510646,0.2670876583667066,0.24483201762438042,0.24728272761730352,0.24515189346650024,0.24580894495891958,0.24805274537543714,0.2580499312565192,0.1323693410664125,0.14497965644361543,0.3267811338533214,0.2583073251331007,0.2512744486059093,0.3132157061634146,0.1128048164378195
0.2571585614824896,0.2577492379130397,0.24619056361299801,0.24273113415545766,0.2450582605076987,0.24177004986441494,0.2481915489950084,0.24722747910672713,0.17569209867293017,0.2176760014438209,0.2390723970057059,0.2336279472317659,0.2336922596754057,0.2255825748071429,0.3630686914442318
0.2558446317332356,0.24714385844641495,0.24424453827795117,0.23751991772165448,0.24392946317103617,0.23797639889698682,0.24593332087659828,0.23586619775556894,0.18533088138138365,0.19623317451690858,0.2259330995131654,0.2270974848540481,0.2303890969621306,0.2131436350532525,0.153347520663084
0.2552897450662199,0.24595400819773036,0.24246636418474124,0.23946596978343626,0.2430815647107782,0.24195825677610192,0.2445025758748632,0.23559699555146643,0.16763423426504395,0.174034401390756,0.2435743077003611,0.2433580739069998,0.2499219725343321,0.2350585911432614,0.1296368551384508
0.256200596764906,0.24585002071581227,0.24241915602297462,0.24287896285194366,0.24326362879733665,0.2449856265870365,0.2444545284680885,0.23548870875876796,0.17570422371004368,0.1559106792160481,0.2456420457519761,0.2497049489889585,0.2510403662089056,0.2352721351733711,0.1196632348666323
0.23196356593205247,0.23243200704022615,0.235526764405046,0.23653443091578166,0.23602788181439865,0.2350223222884307,0.22485652510477,0.22873436895478605,0.18099136168830257,0.15035395492040335,0.2055959796890539,0.2238453670434577,0.2150957136912192,0.2152256893468223,0.1392405063291139
0.23042977542794318,0.2320891528552039,0.23443048598179858,0.23373847231569736,0.23504473574698292,0.23294039130506283,0.22305741665109577,0.22468525681611454,0.13278532310892163,0.1409154694627113,0.2314034444851594,0.2281465551155288,0.2287765293383271,0.2165870325387716,0.1220384985473272
0.2345495471915405,0.23690342134718664,0.2387683915130215,0.23875465238051916,0.23932064086558463,0.2392164683884217,0.2279422363398554,0.22897941570975985,0.2524616157078301,0.3445199741943496,0.2465319583311521,0.2487870125101627,0.2517686225551394,0.2375677334970505,0.7517289836576262
0.23595246819871218,0.24146525181019754,0.24022135382517237,0.24271073007626412,0.24070952975447354,0.24509978458520662,0.2291434215092225,0.23300778280320558,0.25127211847715747,0.27090977245792897,0.2505889127362194,0.2506228854677541,0.2568664169787765,0.2410645169900971,0.1236893689850877
0.23897293618803328,0.2478916297729922,0.2390411497810065,0.24307512964021916,0.2411568872243029,0.2478255742428219,0.23126284600806138,0.2372949410913255,0.25408916876652615,0.2251893437431112,0.2607443856985815,0.2438039287681292,0.2532771535580524,0.2458692576675654,0.1337484863134757
0.249332565565618,0.251059128707654,0.2434052820687665,0.2439387625875653,0.24798168955472324,0.24829029127632155,0.23734351226543532,0.24007296760544763,0.25341203207849555,0.19541117012506115,0.2573941265769776,0.2456660284822576,0.2492197253433209,0.2456290206336919,0.135854822888961
0.2521331728000838,0.2491749126909321,0.24586010648063147,0.24276606744999482,0.2521171452351228,0.2486781300976559,0.2406641219336413,0.23777867203023226,0.2507460784054643,0.1665103568107644,0.2454064806574882,0.2404206771748538,0.2494538077403246,0.2331900808798015,0.1087087301821709
0.2497722870753285,0.24435911836308,0.24155891840856034,0.23760440234993227,0.24850187265917603,0.24368283995690584,0.23803753036329187,0.23333070656858926,0.1427810171662544,0.18164146369436854,0.2347275297073758,0.2272810721498072,0.2336922596754057,0.2244347756453033,0.2119036774615768
0.24555828927393603,0.2394123868184724,0.23724723963387445,0.23475776543139637,0.24284228048272993,0.23864471200345252,0.23262952780076346,0.22689530577154451,0.13373947026023744,0.14725485394791332,0.2295189237292572,0.2290644915943246,0.2285684560965459,0.2140245041774551,0.0784816344550029
0.2407737004658954,0.23854873843177438,0.23521204332660184,0.2343811593648529,0.24015293383270908,0.2390399481049511,0.22783546432480054,0.2252298506102799,0.11747357752329016,0.11564291017485524,0.2368214416583783,0.2336279472317659,0.2398304203079483,0.2218989402877507,0.0524190226287391
0.237025598073601,0.23858369715968475,0.23311914815494766,0.23465462378456423,0.23845713691219306,0.23960687898354768,0.22337773269626035,0.2246000212371837,0.11745492362003862,0.12234912457413798,0.2386536146155055,0.2352015526239869,0.2407407407407408,0.2233403624909913,0.1357615533727034
0.23552321624875674,0.23835398861754545,0.23212253140654093,0.2349156136673162,0.23711506450270492,0.24065240121999307,0.22162667164936076,0.2245449393732236,0.14233425618338028,0.15926788071571837,0.2378945715332669,0.2354375934328201,0.2427434456928838,0.2244347756453033,0.2331053929988792
0.2375176673820866,0.24046925420303866,0.23493403970730936,0.23705661366276062,0.24009051186017474,0.24329143296758035,0.2230147078450738,0.2268216117901053,0.1279126126812343,0.15277707379409455,0.2446997853740251,0.2413386136536494,0.2485694964627549,0.2313749566238687,0.1397954599508469
0.2374757891430665,0.23674934698007807,0.2334863227464659,0.23197971137187615,0.24031939242613398,0.23876524162050092,0.2231161412593759,0.2227249649430587,0.1997494158996544,0.24773993271176417,0.2293095325341569,0.2218259067901072,0.229712858926342,0.2145316712489655,0.4376656505471034
0.23558079882740932,0.23361506134674945,0.23204385113692982,0.23012500397594596,0.23753121098626714,0.23447333211653867,0.22126898539892692,0.21937103029054109,0.2227854319233573,0.221026322723594,0.2273464900800921,0.2264155891840856,0.2258895131086142,0.2126631609855058,0.1675991027472536
0.2344867298330105,0.23347113077900342,0.2313199926565081,0.2306107560579234,0.23706824802330417,0.23579086338633445,0.2208952833462349,0.22007130426953778,0.21688675681683572,0.18277360776242788,0.2331832696435114,0.2315822602218783,0.238425925925926,0.2214718522275311,0.1062681778400956
0.23443961681411296,0.234867089332262,0.2316766765454116,0.23281417499772808,0.23706824802330417,0.2381083908218509,0.22062301470784496,0.2210720136641431,0.2092358583982204,0.18679937214355272,0.2376590064387792,0.2372210128773375,0.2427434456928838,0.2230734324533538,0.1948509009058024
0.23434539077631783,0.23798761128319115,0.23194943481339658,0.23611025166301017,0.23662609238451932,0.24085849997084416,0.2201532178416037,0.2237233332069828,0.22857560349263245,0.20336430990333756,0.2442286551850495,0.2427024049935744,0.2463587182688307,0.2290259722926622,0.2364941854229073
0.23494215568235352,0.2360895265435726,0.23430984290172835,0.23528281685259542,0.2387380357885976,0.24066319196280717,0.22097536235752607,0.22202968674751436,0.16228367301572988,0.17097820598975522,0.2322933570643354,0.2336279472317659,0.2402725759467332,0.2186423938285775,0.1062059981625905
0.23732921530649637,0.23715361376265046,0.2362034147237011,0.23548302733304674,0.2421088223054515,0.24135660987283272,0.22323892907668896,0.22268012269211632,0.15909758634036844,0.16454169378331893,0.2392817882008062,0.2358834482939494,0.2427434456928838,0.2239809945813202,0.1516686693704463
0.23846516253991518,0.23772341111196882,0.23697448136588944,0.23546788269963784,0.24319080316271324,0.2421830166526334,0.22448282305207803,0.2243505224962364,0.16925992193341485,0.16205441445732188,0.2388630058106056,0.2354375934328201,0.2438358302122347,0.2276913221044765,0.1570798558053278
0.23703083285347853,0.23531139341017782,0.2362086600750085,0.23477589060740278,0.24232729920932167,0.24093065307706427,0.22421055441368817,0.22347104475129245,0.16648422112958708,0.16836040860043577,0.2304873580065958,0.2333919064229327,0.238425925925926,0.2217120892614046,0.1809723968866635
0.2361723289535675,0.2368529741686167,0.23334994361247344,0.23265353463190153,0.24039741989180188,0.23952354261178677,0.22748311667511945,0.23077695770080112,0.16466546556256284,0.18804040826288584,0.2399361356854944,0.228408822680899,0.2367093216812318,0.2453887835998185,0.227400407587786
0.23833429304297749,0.23893637528287295,0.2368853103936636,0.23887061680050659,0.24201518934665,0.24246950281484905,0.23126818460881404,0.23304054963288423,0.27250647834514996,0.34049729286709934,0.2431031775113855,0.2513047811377167,0.2483614232209737,0.2375677334970505,0.6454110620755265
0.24109302203842323,0.24364939458126025,0.241553673057253,0.2456554984043032,0.24565647107781938,0.24862961999280964,0.23537356858767317,0.23686300458046147,0.2877336595693746,0.30293305374192264,0.2530754331780348,0.2592252616118964,0.2609498543487308,0.2445079144756159,0.2278045754915692
0.24442757682039468,0.24761152296099445,0.24685147787773082,0.251079204781272,0.2485851019558885,0.2519127415293998,0.2392867629394336,0.24032776767473385,0.2863103667512828,0.25194316639957137,0.2555357797204628,0.2619266175352095,0.2584789846025802,0.2472572938632786,0.1499633917148688
0.2520127728629011,0.25454546138037226,0.25319310760838204,0.2557528215462442,0.25497815230961296,0.25807222025111604,0.24606144729466412,0.24541368212900827,0.3088865640598354,0.2659132387428565,0.2684133382191279,0.2651000550761886,0.2703911776945484,0.2555855110375571,0.2938533834294268
0.2558132230539706,0.25600976980052875,0.2582706076739489,0.2551006553670739,0.2594153141905951,0.2583465238627915,0.2457891786562742,0.2449516015552952,0.29620626242621984,0.23194179230180703,0.2589383866408418,0.2537963230087334,0.2588951310861423,0.244027440407869,0.1639988994197081
0.2595246819871225,0.25789333725940083,0.26085132051719156,0.2581365520293593,0.2633218893050354,0.2615291155062527,0.24829298240931053,0.24666331845760747,0.19785355753252382,0.20584370740355343,0.261660472177145,0.2642083453539301,0.2678942987931751,0.2500867522622321,0.1536475376070462
0.2610113594723342,0.2587651650409651,0.2596291536625665,0.25646251046582985,0.2623803578859758,0.2597668094219795,0.24899233910791985,0.2471104449612925,0.25763962835206755,0.31280744813213146,0.2605088206040936,0.2531144273387709,0.2562421972534331,0.2480046979686625,0.5267349295892876
0.2607391509187039,0.2572350223447471,0.26021663300899567,0.2592630117330051,0.2623803578859758,0.2593375344821797,0.24959026239222704,0.24815593340246647,0.32821791489778435,0.37615657356923865,0.2541747369523111,0.2648640142673555,0.2584789846025802,0.2502469102848144,0.502854824443453
0.2573574831178349,0.2553250146347591,0.2561357496918356,0.25440722065213267,0.2572097378277153,0.2544043821225351,0.24576248565251047,0.24425283138130247,0.32757000265818115,0.34764232312329607,0.2515049992147831,0.2446956384903879,0.2445380774032459,0.2364466273389744,0.2906138222314109
0.24904465267235515,0.242674754560987,0.2459282960476278,0.23719116536398663,0.24737307532251349,0.2395068609350678,0.23802151456103354,0.23127608257102983,0.3411624801607966,0.3090819777264591,0.2173742344134429,0.2027590547876945,0.2097118185601332,0.2053225849504845,0.2319612869327853
0.23927655342092863,0.23272316168066218,0.23509664559783894,0.22814414127765303,0.2372191011235955,0.23204604988957356,0.2282305207805034,0.22122798283388034,0.3575943926366826,0.284657018479798,0.2128199759200125,0.2100500931049858,0.2171244277985851,0.2011317833595814,0.2358070999864759
0.22825210699890067,0.22361097061842605,0.22553437016444175,0.2205304442423637,0.2275905118601748,0.22406378357182555,0.2178896511224408,0.21291877178203666,0.3025694197237046,0.2736413673279979,0.2053865884939538,0.2053030501717851,0.2080992509363295,0.1963003496783493,0.2516100650243977
0.21758886038842068,0.2160268150455877,0.21294552702667263,0.21432689568774574,0.21580836454431962,0.2158986050556518,0.20539732536102284,0.20454094168059933,0.29945452877908646,0.3448543681254527,0.200858503899911,0.2019197985785098,0.1995682480233043,0.1877852814777247,0.4872803697203624
0.20890436057163794,0.213378710074015,0.2015736053922211,0.20549660723120733,0.20529026217228466,0.20791492521812494,0.19654058671222274,0.20041493915205746,0.3281501390493038,0.374600203277801,0.2080825001308696,0.1878360303181305,0.1919475655430712,0.1921629340949738,0.4340918735824976
0.2043396325184526,0.20710267143184866,0.1967373914867948,0.19652373324099248,0.2002080732417811,0.20004357478128845,0.19183727944905637,0.1942119756462559,0.33286771118161596,0.3349165180499827,0.194550594147516,0.1785779852605628,0.1843008739076155,0.1818060486346527,0.255549147594346
0.19940846987384178,0.20078983518688528,0.19420913215662614,0.19681875431204246,0.19610903037869332,0.19890545434857435,0.18792942369804874,0.1900054852990183,0.3351879458477188,0.3057471031389853,0.1881641626969585,0.1974087964541425,0.1966292134831461,0.1815925046045432,0.2474082733169904
0.19881170496780606,0.20132747811251525,0.1955204699834771,0.20183241597670828,0.19594257178526847,0.20169262222211795,0.18797747110482343,0.1921838524367531,0.32963623334167574,0.2784485695907176,0.2024027639637752,0.2118597393060399,0.2072669579692052,0.1965405867122227,0.2238515024941823
0.2006543474846882,0.20424222423645078,0.19588239922368794,0.20246475891099355,0.19787245110278817,0.20420096301837962,0.18925873528548168,0.19285310241817408,0.2586929520890039,0.22982036754614624,0.2100717164843218,0.2037294447795641,0.2092176446109029,0.194191602381016,0.1325639634570035
0.19761294037585714,0.20045330435320521,0.19231031498334597,0.19163504231280257,0.19467852684144815,0.19479329009104343,0.18615700824813813,0.1874535012482014,0.23414037373095162,0.25698990562817614,0.1928754645867141,0.1699756091164206,0.1759779442363711,0.1766542989082561,0.3113289817922359
0.19149871747892994,0.18829536278976353,0.18899525295706673,0.18175758658492394,0.18807740324594255,0.18029394537072477,0.17969196273656673,0.17479594119106615,0.3143558884931843,0.39020217755395387,0.1639794796628801,0.1620026751291667,0.1512952559300874,0.1494808210767957,0.6566267214055094
0.185572946657593,0.17837534472326697,0.18074956070182796,0.1732318361159321,0.1814658759883479,0.17471982264554078,0.1737287456957531,0.16712276726086914,0.30469503199921644,0.3265027819850197,0.1585353085902738,0.1561803351779485,0.1635715771951728,0.1517764194004751,0.1991039908471514
0.17938543684238076,0.17607196811141598,0.1735004851949959,0.1740260113345813,0.17439658759883475,0.17378672043757373,0.16750927581880784,0.1665629239497449,0.2940840700329707,0.2746007522109976,0.171465214887714,0.1756143617718796,0.1719205160216396,0.1654432373274964,0.1707966926629535
0.17241794482542008,0.17579273087411681,0.16688085184505227,0.17289443356633624,0.16698397836038284,0.17324267976459692,0.1604035982169073,0.16392968742366767,0.3069661447200903,0.24872528043819897,0.1752342563995184,0.1706312780298461,0.1721545984186433,0.1586632143715133,0.1969743368926017
0.1679474428100298,0.17403613875266546,0.16941435652652834,0.1761439998854911,0.16680191427382443,0.17385099444425758,0.15866321437151318,0.16527058484287363,0.27581599168035914,0.2176762591566592,0.1705229545097628,0.1826431325238008,0.175067623803579,0.1679523796812855,0.1555782165935796
0.16903104224467358,0.17248991811380998,0.17240945212305592,0.17642205096092892,0.1714263420724095,0.17403979460384264,0.16106024610949468,0.16400238315081675,0.1602671860742394,0.17141173722940972,0.169397476836099,0.1769781531118046,0.1744173949230127,0.161465979766703,0.0788826933749108
0.17460084803434014,0.17712139125540885,0.1803666500563875,0.18293680892215478,0.17692467748647517,0.1797142811577289,0.1667778875156821,0.1694564642443486,0.1919573696131025,0.23345946100009543,0.1863843375386066,0.1959663248446065,0.1910632542655014,0.1803646264314123,0.3575549085414668
0.18047950583677957,0.18503376213690959,0.185166146502662,0.18849515394918717,0.1835362047440699,0.18813557154169025,0.17114486293142567,0.1753970142983038,0.1856125553204818,0.2019971810666803,0.200858503899911,0.199611844003252,0.204978152309613,0.1872781144062142,0.1390726211998501
0.18488195571376223,0.18910467668608366,0.1920585381205906,0.1940278480059545,0.19018934665002077,0.19389715034392607,0.17746576622267302,0.1803539198081192,0.1894670735290231,0.20674709668955626,0.1972465057844318,0.2050932361194891,0.2054203079483977,0.19026773082775,0.2162469279353082
0.1905355179814689,0.19233337307348777,0.19608172257336934,0.19693825026653447,0.19590615896795666,0.19714866202703685,0.18180071003390008,0.18344497945121976,0.20855032745372665,0.2214962265320699,0.198790765848296,0.2027590547876945,0.2036516853932584,0.1896270987374209,0.2509944862170972
0.19777521855205987,0.19675424194534316,0.20143198090692124,0.19920198177087767,0.2030482729920932,0.201475096365923,0.1879401008995542,0.18635096433247111,0.26157373654781535,0.2623307306364981,0.2055959796890539,0.2037294447795641,0.2101279650436954,0.1921629340949738,0.3439997388453544
0.20094226037795107,0.19857601018624962,0.19953316373364105,0.19495873417332032,0.20376092384519345,0.19919223375428294,0.18910391586365213,0.18629520997228136,0.23623085448867315,0.25183398650625066,0.2022195466680626,0.1864722389782056,0.1946265085310028,0.1861837012519018,0.2308404982457558
0.19899492226351875,0.19609127790008293,0.1984893388234677,0.19477006259967533,0.20240844777361627,0.1988667464867643,0.18831914155299895,0.18531488759917028,0.25768284322793356,0.2500001793028845,0.1911218133277495,0.1943927194523853,0.1982157719517271,0.1833542428529482,0.2463325648961521
0.1958749934565251,0.1912764725165431,0.1959453434393769,0.19397112813279518,0.1983094049105285,0.19421952886882912,0.18555908496383097,0.18236574102675027,0.27233703872394865,0.26317275467371753,0.1816468617494634,0.1923732591990349,0.1849250936329588,0.1764674478819102,0.2895179054153836
0.1948856200596764,0.19213228129904628,0.19494872669097013,0.19523940910375037,0.19741468997086975,0.19587238947754096,0.18440060860048582,0.1828553996580652,0.2529690018762717,0.22683327044204926,0.1938438988640527,0.1977759710456607,0.1991781106949647,0.183834716920695,0.1541543019787127
0.19411610741768306,0.19533765969239317,0.19543654436255867,0.19888245044833586,0.19756034124011654,0.20086700011500372,0.18471558604489763,0.18648287354438772,0.21390461948369102,0.2007814559221831,0.201748416479087,0.2061685331375068,0.2108562213899293,0.1937378213170328,0.1486778268824508
0.19655028006072342,0.2016885764226836,0.20101235280232893,0.20403872735790954,0.20259571369121937,0.2071791236721748,0.18826041694471876,0.19229120094659435,0.19032577487536856,0.17150306234950327,0.2143904098832645,0.2143512811770569,0.2198033707865169,0.2039078557510076,0.1129462752041436
0.20283201591373082,0.2086358818127179,0.20563350730415167,0.20852531555910606,0.20813046192259677,0.21341592015098795,0.1937164669140218,0.19840563153088406,0.19664229741472442,0.206973767430646,0.2225304925927865,0.2174984919614991,0.2258895131086142,0.2106344926994635,0.2779151775929314
0.2105637857928074,0.2125258249234274,0.21102572844816278,0.2121283320124342,0.21568872243029552,0.2165160788244761,0.19980247177214852,0.20123624507810392,0.16194323928138937,0.1766567165366668,0.2203057111448464,0.2193343649190905,0.2227163961714524,0.2068974721725437,0.1160226147487085
0.2173375909543004,0.2175881915061241,0.21878884838312046,0.2202827449151058,0.22254993757802746,0.22217211469419226,0.2076502148786803,0.20851530753652056,0.15754185080919073,0.16182026423035098,0.2277129246715176,0.236591570720449,0.2334841864336245,0.2230734324533538,0.1321473596177193
0.22484426529864426,0.22481939040435148,0.22508851530331248,0.2260774525228928,0.22937473990844773,0.22977482081013842,0.21401916557670225,0.214204396626728,0.1572940647943329,0.15702647508962123,0.2392817882008062,0.2376668677384668,0.2449802330420307,0.2255825748071429,0.1474388968081617
0.2284248547348584,0.2273107126243461,0.22975163261559445,0.22994059092808414,0.23351539741989175,0.23335209998800457,0.21864239382857747,0.21847759675461317,0.1569492784825671,0.14175843127485235,0.2322933570643354,0.2376668677384668,0.2405066583437369,0.2270239970103835,0.1112223436453146
0.23177511385646238,0.2313010711498328,0.23470848960109106,0.23405465291505012,0.23760923845193505,0.2376876394149466,0.22265702159464001,0.22255427501300076,0.12065220263735095,0.12664888697218513,0.2392817882008062,0.2422827768889821,0.2463587182688307,0.230707631529776,0.0964297983668507
0.23783175417473695,0.23773035167862835,0.24002203047549106,0.23800379170706365,0.24353932584269655,0.24258070398505108,0.22838000160158015,0.22687364074441532,0.12045011868545938,0.12276998964454032,0.2505889127362194,0.2459020692910907,0.25236683312526,0.2355123722072445,0.1150121949892507
0.24054860493116265,0.23891929393696756,0.24106061003435703,0.23926401730963534,0.2455576362879733,0.24291238221003683,0.22930357953180466,0.22714620119776904,0.11556279603355835,0.11775024188243155,0.241297178453646,0.2417844685147788,0.2435757386600083,0.2276913221044765,0.107710746358214
0.2419619954980893,0.24139577630312484,0.24410291379265123,0.24380214038306947,0.2468684977111943,0.24578643485940313,0.23179670608333552,0.23078020332011173,0.09853862212943627,0.09927283701747151,0.2463487410354394,0.2528783865299377,0.2515345401581357,0.2380482075647971,0.0623180272875514
0.2470711406585353,0.2468768784909384,0.2480107005166671,0.248270027374895,0.2517114024136496,0.25209801719160646,0.23579531804713985,0.23619248782320956,0.11419701941715876,0.12935333470629,0.2578390828665654,0.2572058013585461,0.2647211818560132,0.2470170568294052,0.189514330083927
0.25074072135266706,0.250461149551114,0.2502189934170841,0.24995476538028574,0.2541770703287557,0.25429436407585804,0.23855537463630788,0.238964296707345,0.10778038759701969,0.10768443622624514,0.2576296916714652,0.2533242413910672,0.2586870578443612,0.2445079144756159,0.0643466392661554
0.2513688949379679,0.25155069325498375,0.2502189934170841,0.24860386668388737,0.2539117769454848,0.2532096981202072,0.23966580359287834,0.23966437013492903,0.10698044604591654,0.10879378656207506,0.2537297806627232,0.2459020692910907,0.2510403662089056,0.2410645169900971,0.1110124872337349
0.2502905302832016,0.24633558056326074,0.25157229405439424,0.24858623502303479,0.2537453183520599,0.24972094731109942,0.24127806102020663,0.238360449836992,0.10971293197387826,0.11298691637405757,0.2359053551798147,0.2485509717013296,0.2427434456928838,0.2357526092411179,0.1213731759980226
0.25146835575564047,0.2483030098413851,0.25248498518188256,0.25153810407114957,0.25513420724094876,0.25264029307492636,0.24234044257000248,0.2400270049959201,0.12964245130942623,0.12931315223780215,0.2522378683976338,0.2574418421673792,0.2584789846025802,0.2433601153137763,0.1619656239652913
0.25151546877453806,0.25156022254794114,0.2502714469301581,0.249738106080741,0.2529806491885144,0.25307799258123126,0.24174251928569523,0.24136048346656977,0.11301342925584912,0.1216651747638819,0.2580746479610533,0.2461381100999239,0.2539533915938411,0.244027440407869,0.1063692198160414
0.25047898235879185,0.25185590156287213,0.249594796611503,0.24980573398642458,0.25217436537661253,0.2536038746491049,0.2410057923818168,0.24118174896312106,0.16995819971179715,0.19746694702455314,0.2524472595927342,0.2499409897977917,0.2546556387848522,0.2408242799562236,0.3490704915458956
0.25175103386902575,0.2546006137798791,0.2522594350756641,0.2529455765282485,0.2550093632958802,0.2574743683678178,0.24211622133838726,0.2429933865663972,0.17332554014708598,0.1742610278197618,0.260090038213893,0.2592252616118964,0.2652153558052436,0.2466166617729495,0.1278491894101791
0.2572632570800398,0.2575558995982142,0.2548873560806736,0.2558605765942911,0.25959737827715357,0.2602107524449621,0.24501508154712653,0.24541122780586963,0.19404847216759907,0.19116996391337052,0.2634664712348845,0.2616905767263764,0.2656835205992508,0.2502469102848144,0.224987836100588
0.2589174475213317,0.258540206600174,0.2555587610480212,0.25750667339756667,0.2609446525176863,0.2618789535650559,0.24625897552251558,0.2468006802674869,0.18421164718629185,0.16504047562849872,0.2605088206040936,0.2607988670041177,0.2652153558052436,0.2495795851907214,0.1127814990587551
0.2615871852588598,0.26283458328301396,0.2609772089485694,0.262747898799266,0.2655742821473158,0.26695314895736694,0.24962763259749626,0.2514906954392488,0.2032989427900332,0.1772955496972485,0.2714233366486939,0.2732303496026647,0.2771015397419891,0.2608707257827725,0.2018056978347481
0.26664398262053074,0.26780013765570554,0.2671824595452281,0.26882101345987247,0.271135039533916,0.2721219078775288,0.2549342017457225,0.2567795055252841,0.1649539792661865,0.17064559110705302,0.2777312464010887,0.2809672427810854,0.2824594257178527,0.2673571256973548,0.1573456739266621
0.26994189394335966,0.2707266233798162,0.2715780639408325,0.27294843683655445,0.27450582605076984,0.2754377013815235,0.2591303419373783,0.2603854579272655,0.16953351251443727,0.16401267928851304,0.2765795948280375,0.2812032835899185,0.282069288389513,0.2675973627312282,0.1507468556514331
0.2731560487881484,0.2736634974061536,0.2738860185160902,0.2730424077585912,0.2771067415730336,0.2765211669912056,0.26208792675439774,0.26193525007481416,0.15457525839542227,0.15940730802751302,0.2795372454588284,0.2732303496026647,0.2786880982105699,0.2650348343699116,0.150196565505513
0.27473695231115525,0.27191344434381165,0.27669752681685855,0.2736470746750473,0.27845921764461085,0.2750066900485136,0.264490297093132,0.26182064567800706,0.14941776504476154,0.13526954945349248,0.2684133382191279,0.2748564085079596,0.2719777361631295,0.2615914368843928,0.0869940323054514
0.2762759775951421,0.27431511725208374,0.27902121744603847,0.2773809840328862,0.28053474823137736,0.27916419092428296,0.2664335477671303,0.26474275683625936,0.14105242213161256,0.14350602739199605,0.279118463068628,0.284848802748564,0.2874791926758218,0.270586979152764,0.1599789832690032
0.27767889860231376,0.27779202864703817,0.2801961761388968,0.2805346681037166,0.2827923429047024,0.2840252603110145,0.2680458051944586,0.268301308835505,0.17067450959665592,0.19748938867862367,0.2847458514369471,0.2868420362453774,0.2937473990844776,0.2754184128339962,0.305456111251879
0.27949536721980844,0.280415331736529,0.28115607542815174,0.2823573720812087,0.28355181023720344,0.28463904855801575,0.26914021834877083,0.26989068205793315,0.18054522250220345,0.19835973251213934,0.2856619379155106,0.286002780036193,0.2858666250520183,0.2730694285027895,0.2001004201791707
0.28239020049206925,0.2849473584310636,0.2862021033858742,0.28772507785123147,0.2876456512692468,0.28947846682893935,0.2730694285027894,0.27482074975195697,0.22400353180568225,0.25473585901572854,0.2940114118201328,0.298460489391277,0.2991573033707866,0.2846808851400046,0.367488112022907
0.2900748573522483,0.2922437797940501,0.2906921241050119,0.29091888926870374,0.29348730753225133,0.2933809837120103,0.27932626858500387,0.2808390455997929,0.2336793114222513,0.21494821613991788,0.3068366225200231,0.2973065121036482,0.3011860174781522,0.2928756372954648,0.1353729303882965
0.29265036905198133,0.29216119371846444,0.289108028010176,0.2862553669372639,0.29195796920516015,0.28886482282146225,0.2807570135867389,0.2798062651203417,0.24748009084450887,0.21962643755337555,0.2919960215672931,0.2769283222743843,0.2798325010403661,0.2777407041614392,0.2289828803802909
0.2890331361566246,0.2836606914656974,0.2868944897584516,0.2827616929537611,0.28755201831044525,0.28314909675127586,0.278077036008862,0.2738770183950985,0.22648823171878618,0.21324989691000562,0.2666596869601633,0.2757743449867555,0.2717176446109031,0.2620185249446121,0.2004968156232657
0.28894414489870696,0.28417945485243906,0.28639093603294086,0.2830027991053871,0.287962962962963,0.28473984727238616,0.27762859354563163,0.2728604176589448,0.20963038845199025,0.18077033255506747,0.2852169816259225,0.2834850114086391,0.2879213483146068,0.2708272161866374,0.1158112038451912
0.2869549285452547,0.2841414132525832,0.2826667366046841,0.2819483634869226,0.2847638368705784,0.28421378915121204,0.2746229613218375,0.2717911864463079,0.18284369428117958,0.19836510209299615,0.2840653300528714,0.2798394922499936,0.2831616729088639,0.2696527240210342,0.2335546411688535
0.2795058367795634,0.2792913300655777,0.27853864512575727,0.2801875938942864,0.27892218060757384,0.28013510482185117,0.268782532098337,0.269085288023526,0.19900046168410543,0.20429565719630605,0.2695911636915667,0.276666054709014,0.2719777361631295,0.2636734911779623,0.2161567674029258
0.2767942208030152,0.27900686727190244,0.28016994938235984,0.2818200104486566,0.279140657511444,0.2803983650678064,0.2673998345033767,0.26966593074456313,0.1841581726636374,0.187787583223521,0.278437941684552,0.2850848435573971,0.280924885559717,0.2708272161866374,0.1547714352779509
0.2803591058995969,0.28083261566229223,0.2816648745049699,0.2822963304990397,0.28305243445692885,0.2840244198246466,0.26989296105490757,0.27127200639713084,0.18234750045468884,0.18900620700852158,0.2844841124430718,0.2832489705998058,0.291276529338327,0.2744841577022663,0.1914434545785228
0.2781343244516568,0.27858610190360217,0.27522882845078545,0.2719658140452654,0.2771639617145235,0.2755092747506245,0.2684622160531725,0.2687391679907413,0.22153872938937996,0.22992658751189668,0.2740930743862221,0.2513047811377167,0.2584789846025802,0.2636734911779623,0.3117673485186469
0.27288907501439563,0.2716704288912566,0.2698366073067743,0.2656033382068228,0.271322305451519,0.26832398036503,0.2634813015508635,0.2607421624969906,0.2325827728094488,0.24954267776433028,0.2578390828665654,0.2528783865299377,0.2539533915938411,0.2447481515094893,0.2887748582691976
0.27130293671151123,0.2683337766532194,0.26843609850769745,0.26695672904242523,0.2710882230545152,0.26915176163605686,0.2619598003363318,0.25918343669976174,0.22461911061298276,0.2251412706497521,0.261660472177145,0.26966351071363,0.2708073241781106,0.256065985105304,0.1763384564205957
0.27003088520127727,0.26958174581327365,0.26268194812347556,0.26340918324037926,0.2678995006242197,0.26776159889345114,0.25927982275845507,0.258598067232259,0.2577527953651268,0.25690746677939175,0.2720776841333822,0.2563140916362874,0.2649812734082397,0.2574273282972534,0.320439859038671
0.2652358268334817,0.2665574374102136,0.2591518266935928,0.26413890997705025,0.26322305451518935,0.26780583219335913,0.25516910017884314,0.25704222642290825,0.24557272923703977,0.21478601916562376,0.2605088206040936,0.2655983634503922,0.2678942987931751,0.2539305448042068,0.1305431239380877
0.2590378474585143,0.2587393507772709,0.2552073225104251,0.25328669339199295,0.258733874323762,0.2572149160107205,0.2483356912153325,0.24786363306874182,0.24398092949290912,0.24446012937641373,0.2431031775113855,0.2315822602218783,0.2360330836454433,0.229506446360409,0.3038083497979937
0.2499921478301837,0.24336309542648468,0.24840934721602975,0.24182063228064896,0.2520443196004994,0.24497848333298974,0.24210020553612904,0.23643266308365188,0.2980993227078627,0.34942902769893097,0.2126105847249122,0.218888510057961,0.2205056179775282,0.213570723113472,0.5593668243439655
0.24067947442810028,0.2339410986732324,0.23082168428230482,0.22178882020210103,0.23159592176446112,0.21950743388796626,0.2319942343111871,0.22613381838263266,0.39189985341141026,0.44806638844539837,0.2150971051667278,0.1817251960450052,0.1685653349979193,0.2055361289805942,0.6453411099383333
0.22335235303355488,0.21777475816904004,0.21453486847281597,0.2061525509976817,0.21217228464419477,0.20229265186094683,0.21806582494728133,0.21335097274766335,0.4147434233332349,0.4435968285128636,0.1854420771606554,0.1748800125888431,0.167863087806908,0.1877852814777247,0.434657708647794
0.21517039208501282,0.2183828440664877,0.2069081276718508,0.2132565871469766,0.20395339159384104,0.21046171242110004,0.21258308197421458,0.21773959181139993,0.46266157000576713,0.4191091714421587,0.219599015861383,0.2274646594455664,0.2267998335414065,0.2265168299388731,0.3701338573007491
0.2083861173637648,0.21531583067937368,0.2037346901308715,0.2140760822703117,0.20047856845609652,0.21319413093297357,0.20935856711955797,0.2162876852366419,0.47553462863964857,0.4021306619505727,0.2091818039051457,0.2157150725169818,0.2186589679567206,0.2133838720871259,0.3681736429674007
0.20911375176673822,0.21562680603284215,0.20544992000839257,0.21853894132872995,0.20151373283395752,0.21735656724426008,0.20955075674665666,0.21570234724074977,0.3898413951876038,0.31172066032829576,0.2162487567397791,0.2274646594455664,0.2256814398668331,0.2145316712489655,0.130900657083742
0.21119195937810814,0.2189139184297539,0.21242623724723964,0.21789488829890014,0.21275488972118178,0.21982808464085365,0.21112030536796303,0.21492952218954184,0.3200904092510924,0.3066758336374559,0.2254881432235774,0.2166067822392405,0.2247711194340407,0.2133838720871259,0.2965861802557761
0.21563105271423333,0.2151551269002631,0.21625009835033698,0.20992969823404342,0.2185081148564294,0.21209512758828444,0.21217734831700605,0.20764318020067454,0.2889290638694102,0.29740088300476497,0.2076375438412815,0.19399931810433,0.1966292134831461,0.19307049622294,0.2788509817393832
0.21093022038423284,0.20880170267063555,0.20991371397099318,0.20521404467231133,0.21006034124011644,0.20291707354547026,0.20369431172089794,0.19979600245322712,0.2453992479368005,0.24909551454907689,0.1960948542113804,0.1957827375488472,0.1845609654598418,0.1841016469583323,0.1524847776377007
0.20975239491179395,0.20696536062807416,0.202753809436387,0.1967812130628578,0.2034071993341656,0.19707580183930226,0.19911913087579744,0.1966999909226926,0.21913766114252048,0.24501891269805134,0.2032926765429514,0.1799155498439508,0.1853932584269663,0.1905079678616235,0.2368657089960003
0.20105742553525627,0.19556821037107963,0.19202182066143877,0.18912238056551367,0.19252496878901373,0.1884739636065594,0.18920534927795424,0.1861209150350449,0.2418441248754463,0.24482360038149129,0.1727739098570905,0.1738047155708254,0.1712702871410737,0.1649627632597495,0.2444329757483712
0.18703868502329477,0.1821769538019764,0.1764850900889087,0.17238929683587245,0.17679463171036205,0.17435578708463373,0.17421455836425273,0.17022391586290272,0.29825321740968785,0.35609294789665547,0.15539444066377,0.13892312937659,0.1461194340407824,0.1384299175186183,0.5786316429269839
0.1717531277809768,0.1651878884112148,0.16936190301345433,0.16772065879960105,0.16445068664169787,0.1612070207696975,0.1640124923257614,0.16083599925209627,0.38130132738066547,0.4687591424625274,0.1312097576296916,0.1583833827270582,0.1349094881398251,0.1420601660304834,0.6940915315942713
0.16357116683243467,0.16185360876369984,0.15912297726140207,0.16000980879592938,0.15819288389513106,0.15856199775546764,0.1553372661025545,0.15413250478216345,0.38276068441171024,0.36576661590599313,0.1551850494686699,0.144588108788586,0.1532719517270079,0.1407255158422978,0.1597815627929245
0.14774642726273357,0.14929206540728182,0.15083007684439662,0.15282355511692744,0.14552642530170617,0.14639498699025902,0.14201745722446144,0.14405797767849504,0.43748532948233854,0.41400738872037607,0.1241689786944458,0.1384510477589235,0.1220609654598418,0.1239089234711582,0.5104889343491419
0.1424069517876773,0.14822022109879093,0.14266306485876887,0.14620558862551386,0.13973158551810233,0.14502868740119085,0.13637455622881245,0.14162140454616487,0.4103914677046527,0.3123261481002313,0.1460765324818091,0.1329696556426867,0.1422960882230545,0.1367482582815045,0.1089636668599418
0.14303512537297802,0.15165858359595188,0.1497285530698418,0.15555391589432746,0.1433208489388264,0.15137437531559483,0.1402930891813256,0.14708846379117127,0.31534081458486507,0.2426768911761695,0.1585353085902738,0.1742505704319547,0.1640657511444028,0.1580225822811841,0.1033783773280459
0.1509919907867874,0.15810375063021406,0.1494557948018568,0.1560424743919294,0.14915210153974195,0.1556048339251975,0.14306382297199907,0.1500302541887311,0.19576463126673985,0.1938547991186614,0.1709940846987384,0.1570195913871332,0.1640657511444028,0.1559138349838507,0.0962106150036452
0.14985080877349105,0.15522888022087208,0.14971806236722704,0.15266146513309867,0.14973470661672908,0.15579821498744614,0.14500707364599738,0.15016742586325052,0.20984304294905765,0.20596107314727882,0.1494791394021881,0.1458994466154372,0.1561849771119434,0.1504417692122894,0.2301736212045136
0.1550070669528346,0.1534693433443026,0.15624852474494483,0.15880876330456992,0.15706408655846854,0.15676809838114386,0.15118917331767343,0.15171809118534652,0.11448584401916992,0.14854169533142028,0.1499502695911636,0.1711033596475124,0.1587078651685393,0.1548194218295385,0.0337029396997032
0.1602994294089933,0.15982567715040263,0.1640431167877469,0.16318671415527894,0.16308260507698707,0.16197495919264493,0.15590849638309798,0.15459368532644008,0.11518225640722705,0.13650970648768937,0.1725383447626027,0.171942615856697,0.1723886808156471,0.1603448736086272,0.1124457288002275
0.15822122179762338,0.15593187494474312,0.15665241679561492,0.15455683292728423,0.1590303786933,0.15591817920375242,0.1520860582441342,0.1493659207464151,0.13632241406379939,0.16069952619542874,0.1481442705334241,0.1372970704712948,0.1438046192259674,0.1389103915863652,0.2090791656109075
0.15252578129089667,0.1514602106848637,0.15053633717118203,0.14518428637317907,0.15345921764461087,0.1493487681028207,0.14652323625977628,0.14227718885163043,0.13808800600655677,0.14214587570276324,0.1425168821651049,0.1264391932649688,0.1362099459009572,0.1280997250620611,0.1050385747174322
0.1480081662566089,0.14327049520015886,0.1491410737234126,0.1430972340409827,0.14891801914273822,0.14405884026940716,0.14098176867842938,0.13576293633627193,0.12112321369445209,0.14321380368317224,0.1268910642307491,0.13892312937659,0.1334789846025801,0.1227344313055549,0.1453496596439902
0.14732764487253308,0.14436288435703415,0.14225392745679138,0.1409540321321239,0.14567207657095296,0.1435319442828091,0.1373675359688226,0.1360913769846828,0.16072296311035178,0.17270976471518198,0.1465476626707847,0.1366676283144063,0.142478152309613,0.1367482582815045,0.2317016867792015
0.14425482908443701,0.14863334484539684,0.1408062104959479,0.14887069843890918,0.1433884727424053,0.149344850079509,0.13529615887675836,0.1407235807058906,0.15982135778652778,0.15111907720382386,0.1571742658221222,0.1647040310524797,0.1609706616729088,0.1499879881483062,0.1079377021811076
0.14606082814217664,0.1514803185043053,0.14705866925437325,0.15543358704707996,0.14766957969205158,0.1546332847110723,0.137960120652377,0.14455912062541318,0.12694571869602994,0.1156463748553553,0.1571742658221222,0.1685593642634215,0.1652101539741989,0.1522302004644583,0.0447009701584182
0.15298120714023974,0.1600264713880104,0.15539353248183793,0.1596602278321507,0.15607053682896374,0.16249376700255422,0.14565304433707923,0.15189419491213293,0.1841765156685014,0.20749510309683342,0.1771187771554206,0.1681135094022922,0.178214731585518,0.1665643434855724,0.3911925595797897
0.1635606972726797,0.16661381922298982,0.16676545411628937,0.17170106440438285,0.1670932168123179,0.17119330617481973,0.15709366575020683,0.1612419760651529,0.17387209951235583,0.1696059283523097,0.1797885148929487,0.1957827375488472,0.1885923845193508,0.1799375383711928,0.0938275788632622
0.17170601476207925,0.17350062952125403,0.1780849222376668,0.1788890325766864,0.1776581356637536,0.179229786305477,0.1658169393801884,0.16761619285390603,0.13919915684357295,0.1325162767133022,0.1872742501177825,0.1932649689212935,0.1953027465667915,0.1803646264314123,0.0583369734352872
0.17976757577343871,0.1814944433071425,0.18389677148627026,0.18384711414962318,0.1846650020807324,0.1848215221229189,0.17208979526466112,0.17219488442616063,0.1267520290006015,0.10357820546428494,0.1974820708789195,0.1937632772954968,0.1960049937578027,0.1813522675706698,0.0457020629662504
0.18758833691043292,0.18642231937379275,0.18915785884759626,0.18751967645643264,0.1919943820224719,0.19050003264291146,0.1780049648987,0.17539860582899133,0.13121342086159266,0.09138811346398124,0.1962780715070932,0.1948648010700516,0.2018570536828965,0.1818060486346527,0.0670079294633738
0.19387007276344026,0.19379069838934762,0.19492249993443306,0.1906586892497805,0.1968424885559717,0.19448510984627998,0.1838667485252115,0.1822234910920375,0.07241849410148028,0.09333138423573012,0.2085274564204574,0.1969367148364762,0.202455264253017,0.1958732616181299,0.0972179257792279
0.19726744490394177,0.1947855907913838,0.19211099163366466,0.18768085818152205,0.19733666250520182,0.1933444913193538,0.18493446867576008,0.18324104043600356,0.07705678714497341,0.10122727085072936,0.1967753755954562,0.1817251960450052,0.1910632542655014,0.1852761391239357,0.1170190440807278
0.197042349369209,0.19190665134229543,0.19007054997508455,0.18614149233047902,0.1955888472742405,0.1910842176835642,0.18355710968155248,0.17998663744412713,0.07620927814057886,0.08551799003825773,0.1861487724441187,0.183062760628393,0.186563670411985,0.1734778314603743,0.0540994284133145
0.19324189917813955,0.1874310408693877,0.18463636602061423,0.1796251140613677,0.19144298793175193,0.18581471080416279,0.17968128553506127,0.17398214057548933,0.09162144390538111,0.09793295728892572,0.1784798199235723,0.166592357523145,0.1752756970453599,0.1619731468382138,0.1227628917902617
0.18805423231953095,0.18173393965094187,0.18018830811193579,0.17729157988313163,0.18559612983770285,0.1814173949403255,0.17538905052985618,0.16943638491986865,0.0880678753359645,0.08170200039804738,0.1703397372140502,0.1726245115266595,0.1726227632126509,0.1603448736086272,0.0492400866162907
0.18090352300685758,0.1787472630529914,0.17442366702509898,0.17423222305618516,0.18057116104868912,0.18005507006286645,0.16814456930838434,0.16617454178350263,0.08308479598070559,0.07856884326634268,0.1727739098570905,0.1681135094022922,0.1773304203079483,0.1596508555107706,0.0723025290029333
0.17229754488823748,0.17041333703611283,0.16572162920611602,0.16222648435415354,0.1711194340407823,0.16797158645056676,0.1584389931398981,0.15636578061616993,0.1210047614088049,0.15458551925130326,0.1537454850023557,0.1382150069500903,0.1438046192259674,0.1367482582815045,0.3066188712212244
0.16274407161178878,0.1597360267113669,0.15545123134621935,0.1520545800124056,0.16190699126092378,0.15881487647127535,0.14948615967754855,0.14714840846032218,0.1217677060517925,0.12236173004361968,0.1383814060618751,0.1317107713289097,0.1405014565126925,0.1287136641486267,0.0579141516282525
0.15433178034863634,0.1519634723435147,0.1489574864276534,0.14607759765170888,0.1529754473574698,0.1494159101568802,0.14136080933187412,0.13854773734349532,0.12741424256603087,0.13190634481623095,0.1364183636078103,0.1341236329303154,0.1306179775280899,0.1213463951098416,0.1509955743614535
0.14817044443281163,0.1478200007739853,0.14102651525085888,0.1417082836487015,0.14586454431960041,0.14530002277902146,0.1340202332968529,0.1335791560401706,0.14147648753219733,0.12778800035986168,0.1395330576349265,0.1329696556426867,0.137068248023304,0.1236419934335211,0.1195513114471231
0.14405590744909177,0.14928040882882063,0.136274226966351,0.1425895450923853,0.13989284228048268,0.14602398522346752,0.13037396898272963,0.13619261534016514,0.1775898224303859,0.16948173473786646,0.1522012249384913,0.1443520679797529,0.1474719101123596,0.1414195339401542,0.2528692034938761
0.14297754279432548,0.14897149312872182,0.1428099346953762,0.15202421192666227,0.14264461090303784,0.14987047759522612,0.13403091049835836,0.1424727321799928,0.13272096714270382,0.14041268808618235,0.1483536617285242,0.1708935455952162,0.1575634623387433,0.1550329658596481,0.0822745947828141
0.1507668952520546,0.1584237182026548,0.1521833774817068,0.1608754697046291,0.15014044943820223,0.15924053479298886,0.14094973707391287,0.14941775379546166,0.15673693488388712,0.15293978883551126,0.1773281683505208,0.1785779852605628,0.1779806491885143,0.1633077970263994,0.1779939903341691
0.1589488562005967,0.1647252015852768,0.1623331322615332,0.16887444874623517,0.16119434040782352,0.16812283398739136,0.15044710781304216,0.15588958546547046,0.1398588832219021,0.12416163124085028,0.1773281683505208,0.1848724068294474,0.1858874323761964,0.1688332488054881,0.0666053160515283
0.16699994765220114,0.16974630602116744,0.17190065304623775,0.17285205235289325,0.170859342488556,0.17387964213391635,0.15940527987614442,0.1600706748933244,0.13230249791309454,0.11003088246159526,0.1797885148929487,0.1808072595662094,0.1853932584269663,0.1684328537490323,0.0817693849030852
0.17532848243731342,0.17777883696879584,0.18222350441920845,0.180556809850131,0.1816011235955056,0.18298003330498014,0.16761070923310994,0.1675293435038769,0.11195482024632475,0.12373086002773921,0.1938438988640527,0.1959663248446065,0.2011808156471077,0.1824466807249819,0.1511308151600271
0.18478772967596707,0.18373585728646136,0.18728526843085316,0.18577199511790057,0.1900957136912193,0.18866549314242398,0.17337105944531936,0.17296446797614962,0.1123223021403799,0.11052457476952278,0.1956498979217924,0.1962023656534397,0.2000364128173117,0.183834716920695,0.0841120042530899
0.1888656232005444,0.18839645018211004,0.1910933934800283,0.18972086691407988,0.19360694964627548,0.19095593841621442,0.17752982943170595,0.17667686097021051,0.1090724812955757,0.12759801188306455,0.1977176359734074,0.1976186105064385,0.1955368289637953,0.1841016469583323,0.1617448861101481
0.19157723917709263,0.1892263828658273,0.18811403393742293,0.1831391143148601,0.19225447357469833,0.1870123096169131,0.17868830579505107,0.17599311752087832,0.1165545618897647,0.1197372475962008,0.1908862482332618,0.1699756091164206,0.1791250520183105,0.1746256306222139,0.1040157190224733
0.19153536093807255,0.18601062980983432,0.18716987070209026,0.18078822400642205,0.19114128173116937,0.18461730614771596,0.17785014547687047,0.17207609573329533,0.17354068183125362,0.20205815993431045,0.1795791236978484,0.176086443389546,0.1798272992093217,0.1642420521581294,0.3666999846105298
0.18569858137465317,0.1788937535555415,0.18536546985234334,0.18284025620290534,0.1855233042030795,0.18077518010069674,0.1755972559592131,0.17177814153442852,0.15201345568221206,0.14920366809448002,0.1646600010469558,0.1869443205958719,0.1730909280066583,0.1711822331366949,0.0434946844148192
0.18474585143694705,0.18289125178144827,0.18083873167405384,0.1797497290559343,0.18152829796088224,0.18053724726923961,0.17375543869951687,0.17272730456369031,0.15051834533660186,0.12501459623799963,0.1908862482332618,0.1735686747619922,0.1800613816063254,0.1746256306222139,0.0766364525250389
0.1829241480395749,0.18479720751648107,0.18110099923942408,0.18614313548171943,0.1820640865584686,0.18643008883006876,0.17434268478231857,0.17749749549990712,0.1363345391009129,0.11361834913590085,0.1886091189865467,0.1989299483332897,0.1982157719517271,0.1870378773723408,0.0908258549317033
0.18424331256870644,0.18902549530396054,0.1885756248524745,0.19321166938170387,0.1870630461922597,0.19232667594913447,0.17794090168966717,0.18253723538625702,0.13273806655401774,0.1044233515199331,0.1974820708789195,0.2073487371816728,0.2041198501872659,0.1926167151589568,0.0860333562879976
0.18940480552792754,0.1944791930339583,0.1962705552204359,0.20032814466425353,0.19384623387432376,0.19946552983930368,0.18490243707124362,0.18804139994617527,0.10733238302059538,0.14950608999442808,0.2053865884939538,0.2145610952293529,0.2137432376196421,0.1990497290660118,0.239671566943418
0.2009317908181961,0.20375110452207176,0.20193553463243202,0.20530850232811984,0.20332917186849775,0.20647889255204518,0.19199743747163872,0.1942466783436736,0.1338644514120227,0.1583890687869373,0.2222949274982987,0.2152692176558525,0.2205056179775282,0.2066572351386703,0.1761550263719557
0.2056797361670942,0.2073760613406319,0.20941540559678984,0.20719501141334032,0.21079379941739496,0.2101141014849673,0.19717054160104644,0.19632816931886654,0.13471911107933032,0.13256262947848388,0.2146259749777522,0.2109680295837813,0.2173845193508115,0.2004911512692524,0.0809097508615771
0.21187771554206142,0.2114503795142156,0.211781059036429,0.20838274611938865,0.21385767790262172,0.21125445578259852,0.20146277660625156,0.2003851303453665,0.12689721854757594,0.10561388374329972,0.219599015861383,0.2107582155314853,0.213535164377861,0.2084990523983664,0.0517163922729314
0.21273098466209497,0.2082163918358394,0.21281963859529487,0.20976904240492658,0.2152049521431544,0.2111217109850421,0.20274937938766255,0.1999399965855816,0.12015383252214758,0.08784806454915171,0.201748416479087,0.2125416349760025,0.2108562213899293,0.1990497290660118,0.0523164261608557
0.21779301680364335,0.21570984429112494,0.21767683390595086,0.2194617188641619,0.2197045359966708,0.21949485961910278,0.20782638870352085,0.20810492293882218,0.11188051553170615,0.12466703702983811,0.230696749201696,0.2388470717826326,0.2362411568872242,0.2244347756453033,0.1983049819912109
0.22027953724545882,0.22204907276320854,0.22138529728028536,0.22424499075194962,0.2232053682896379,0.22566649956018972,0.21091743853935885,0.21277411006516822,0.09650379218308178,0.11620182789617005,0.2347275297073758,0.233811534527525,0.2380097794423636,0.2221124843178603,0.0992714096288339
0.22462963932366642,0.22682487696506906,0.22687718009913715,0.22897247506064652,0.22800145651269244,0.2308993198621545,0.21570616341456902,0.21666099859187993,0.0856537493568289,0.08635439750755093,0.2363764853687902,0.2384274436780403,0.2413649604660841,0.2244347756453033,0.0266595367303127
0.22711615976548183,0.22856045733353278,0.23225891054053344,0.2318706059532533,0.2334425717852684,0.23417979348834994,0.2185196060112644,0.2186294208552011,0.09571442117715452,0.09157618212988712,0.2320316180704602,0.2376668677384668,0.2407407407407408,0.2225662653818434,0.1020197513745595
0.23282206983196355,0.22913296049285373,0.23679089407013035,0.2329809215101645,0.23796816479400745,0.23394792447010815,0.22305207805034297,0.21965697699060227,0.12210192181838245,0.12246876454225653,0.2302779668114956,0.2352015526239869,0.2334841864336245,0.2217120892614046,0.1842539293669953
0.23436109511595035,0.23221926553577918,0.2368748196910488,0.23507618096918462,0.23957553058676648,0.2373912782637452,0.22351653631583163,0.22202367365131703,0.09656286287671163,0.10518240545578998,0.23839187562163,0.2392666998872249,0.2442779858510194,0.2267570669727465,0.0706096872828569
0.23305240014657383,0.23087419531068387,0.23660730677437117,0.2342087772941687,0.2384051186017478,0.23564675868158683,0.22329765368496918,0.22168847282206072,0.09611206021479965,0.10246073574361796,0.2281840548604932,0.2324739699441369,0.2321577195172701,0.2210180711635481,0.0970173963192739
0.2279851332251479,0.22426284712767608,0.22844554014005078,0.22201205503159196,0.23129941739492293,0.2257099905983779,0.2174465472599632,0.21285206305479823,0.10317473888421672,0.08896480052154467,0.2110401507616605,0.1976186105064385,0.20583645443196,0.1951792435202733,0.0619729300773981
0.21925875516934515,0.21230847401559952,0.2197907104828345,0.21280560983852306,0.22235226799833532,0.21580832498485283,0.20925179510450315,0.20243221023804656,0.10536626161788405,0.09696898869532851,0.1883997277914464,0.1943927194523853,0.1960049937578027,0.1815925046045432,0.1129773650428962
0.2121132806365492,0.20638918072623835,0.2110467098533924,0.2056975897179408,0.2159332084893882,0.2110018462861982,0.20149480821076798,0.1959305250896073,0.08142211140421914,0.08615705189644257,0.194550594147516,0.1914815494767763,0.2013888888888889,0.1829271547927288,0.0645331782986707
0.20279537245458829,0.20152689872143406,0.20226074641349104,0.20224402070786654,0.20640345401581356,0.20621096868518082,0.19268077836798975,0.19151598931268995,0.10697111909429073,0.1235562765087,0.1918023347118255,0.1953368826877181,0.1966292134831461,0.1826869177588553,0.1983547257332149
0.19859184421295084,0.20340673703172465,0.19750321277767577,0.20439144772693127,0.20248647523928423,0.20833158766832835,0.1881536449296639,0.1938047941990996,0.10398898176114602,0.10973975422365011,0.2071664136523059,0.2086863017650607,0.2125728256346234,0.1983824039719189,0.0821067096535503
0.19817829660262787,0.20526196225783164,0.19998950929738524,0.20627766285294946,0.2038337494798169,0.20974533365709336,0.18874622961321835,0.19525058511208157,0.10478767971869904,0.09514864277082118,0.2089724127100456,0.2100500931049858,0.2125728256346234,0.1981421669380455,0.0659664198651633
0.20202585981259488,0.20605382278564824,0.20017834194445178,0.20263073613120566,0.2046400332917187,0.20650902671049945,0.1911272455489416,0.19466625150244085,0.09019535300180155,0.07677100566668368,0.2076375438412815,0.1953368826877181,0.2000364128173117,0.1934975842831594,0.0400157314584087
0.20129299062974404,0.20099796460151942,0.1997692045424743,0.1982324449097667,0.20280378693300047,0.20174190350543217,0.1894669407148386,0.1879860445423652,0.084497829152009,0.06319585679435842,0.1908862482332618,0.1894358624668887,0.1922076570952976,0.1746256306222139,0.0360455590497079
0.20129299062974404,0.1979327546382881,0.19781793385612004,0.19401513969182674,0.2025384935497295,0.1995955178592186,0.18900248244935,0.18544557183871424,0.05100412406711041,0.05242597129914628,0.1918023347118255,0.1855805292559469,0.1953027465667915,0.1803646264314123,0.030886200308722
0.1949589069779616,0.19045383488998993,0.19030134543261037,0.1863778796770553,0.19521951727007908,0.19172299331826945,0.18144302378346636,0.1771587514399764,0.08790838446316387,0.12382665141070338,0.1754959953933936,0.1711033596475124,0.1759779442363711,0.1605851106425007,0.2666280116338176
0.18668271999162436,0.18283304918611307,0.18281622911694512,0.18179342362692338,0.18677694548481064,0.18460198444827336,0.17347249285962146,0.17086900506625793,0.11208073409327254,0.14482715694570444,0.1675914777783593,0.1726245115266595,0.1703599667082812,0.1582895123188211,0.1868281680157066
0.18029628854106686,0.18045716165357337,0.1774607254320858,0.17738207050575608,0.1819652517686225,0.1817273043776393,0.1674345354082695,0.16834860238630509,0.11687758531440369,0.11788476715182446,0.175705386588494,0.1685593642634215,0.1759779442363711,0.1633077970263994,0.0639999875640645
0.1778516463382715,0.17985912017547726,0.17696241705788243,0.18056948720246135,0.17857885975863494,0.17957676860021285,0.16679390331794036,0.16937322498105947,0.1291922704442893,0.11112950633426157,0.178663037219285,0.1869443205958719,0.1752756970453599,0.1714224701705683,0.0976189846991358
0.1757734387269015,0.18037651233531002,0.17446562983555822,0.1780785225164162,0.17614960466084056,0.18077000275941504,0.16448762779275553,0.1691932329225357,0.13407679501070263,0.09252261193643728,0.1814112966549755,0.1730965931443259,0.1831564710778195,0.1688332488054881,0.0553088231407887
0.17513479558184575,0.17768526811291166,0.1750950719924467,0.17680253848826236,0.17677902621722844,0.18022168584571352,0.1650748738755572,0.16730260230052685,0.10959479058661858,0.10975440446209066,0.1723027796681149,0.1742505704319547,0.1791250520183105,0.1635213410565091,0.1442179895133974
0.18033293200020933,0.18298423203200023,0.18135802145348684,0.18584811193612827,0.18294319600499373,0.18720806244617827,0.17125163494648055,0.17459284075816384,0.1118506692865037,0.1392054568131045,0.1935821598701774,0.2039392588318601,0.2011808156471077,0.1891733176734378,0.1981075615151322
0.18585038999110085,0.18975371353565063,0.18965616722179968,0.19391543899241412,0.19030898876404495,0.19574101097466123,0.17748178202493128,0.1812147379783269,0.10661047696476116,0.1054033131938536,0.2032926765429514,0.2100500931049858,0.2128069080316272,0.1944585324186531,0.0377990259553518
0.19359262942993244,0.19896055382824804,0.19645414251619503,0.2029216916842256,0.19993237619642115,0.20495821871885445,0.1845287350185517,0.18969557036510806,0.10636082555957818,0.10239245135364271,0.2173742344134429,0.2209341970678486,0.2233926342072409,0.2066572351386703,0.0963707276732209
0.20056012144689314,0.20472328813209173,0.20379238899525295,0.20521040296935564,0.20707449022055763,0.2095944928787369,0.19113792275044714,0.1937567760650605,0.10666985855677853,0.08721296361135865,0.2162487567397791,0.2097878255396156,0.2188670411985018,0.2018791874649654,0.0568539881267905
0.20888865623200542,0.20779734328595326,0.21241050119331742,0.20925397912032942,0.2159280066583437,0.21419387332157158,0.19967434535408274,0.197905668734936,0.09212758648027267,0.08197751878452843,0.2139454535936763,0.217341131422277,0.2233926342072409,0.206203454074687,0.071506629130868
0.21571480919227345,0.21443587041447473,0.2163550053764851,0.21405657932945246,0.22181127756970448,0.21966163894901833,0.20474601606918824,0.20344766957294583,0.0659785449022768,0.07710579706473658,0.2277129246715176,0.2236617797476986,0.2305971702039118,0.2145316712489655,0.0673623536251529
0.21983981573574832,0.21759648336309168,0.21988512680636788,0.21860461963776814,0.22572825634623386,0.22390502660410352,0.208568454208152,0.2068220207531212,0.08260445797197866,0.09171339514444476,0.2239177092603256,0.2277007002543996,0.2323918019142739,0.213570723113472,0.1209285913038611
0.22413757001518086,0.22468532417892964,0.22427548585066487,0.2266984105216233,0.23063878485226802,0.2319184433152062,0.2129087366201318,0.2140008962349372,0.0846874771683996,0.09673753798140505,0.2388630058106056,0.2428859922893335,0.2479452767374116,0.2283586471985692,0.1067858236553256
0.22874417630738625,0.22955081218622184,0.2314983346009599,0.23309963011144577,0.2363555971702039,0.23709599647286464,0.21949656994901634,0.22094004885975416,0.0949297136470401,0.10051341549426769,0.2392817882008062,0.2459020692910907,0.2474511027881815,0.234818354109388,0.108065170519993
0.2340417735434225,0.23317835471543372,0.23738886411917431,0.2376643464120803,0.2409019975031211,0.2401055429391854,0.22475509169046787,0.22479205350048437,0.09396810493442367,0.08924180551877377,0.2404334397738575,0.2467937790133493,0.2461246358718269,0.2324960627819448,0.0666985855677859
0.23689996335654087,0.23612019438932563,0.24150646489548633,0.23985949215113975,0.24462650853100296,0.2431436037405639,0.2277500467127566,0.22636351778712593,0.14060193036808805,0.15967169727700745,0.2420038737371094,0.2442497836292586,0.2492197253433209,0.229506446360409,0.3005314807934748
0.2414646914097262,0.23966057943496785,0.24427601038579555,0.24042247066940836,0.2477372034956305,0.2447441614061798,0.23144969703440732,0.2282653367653258,0.13497404775710123,0.1373775242676473,0.2467413495262523,0.2415484277059456,0.2479452767374116,0.2320689747217255,0.092789178248927
0.24267392556143014,0.2414101118130203,0.24704555587610474,0.24585955369323212,0.24866833125260093,0.24736307944487446,0.23454074687024534,0.23344818996947034,0.14856870154842933,0.1498380470490869,0.2449091765691252,0.2567337197408796,0.2526009155222637,0.2438138963777594,0.1747590926119661
0.2463435062555619,0.24681663843250193,0.2490807521833774,0.2492657194046394,0.2512380357885976,0.2516752614526379,0.23712462963457287,0.23821138262332206,0.1676000354424161,0.16763264469603353,0.2576296916714652,0.256078050827454,0.2602996254681649,0.2477377679310255,0.2032218399899268
0.24955766110035071,0.25004583028760174,0.25070156573736524,0.25114309519752237,0.2540210153974199,0.25446335227373806,0.2400768758508396,0.24122668636997424,0.17992124943843973,0.15452331497999036,0.2565042139978014,0.2548978467832883,0.2600395339159383,0.2472572938632786,0.128304655547904
0.24996073915091865,0.2480369748550509,0.2507487738991319,0.24892400494437883,0.2544319600499375,0.25340038438446183,0.24187598430451387,0.24031845378957628,0.131327831468202,0.12220367363408902,0.2440192639899492,0.2444858244380918,0.2512744486059093,0.2385019886287804,0.0575643909422863
0.2519551902842485,0.2509291849676678,0.2560518240709171,0.2553038961512098,0.2570796920516022,0.25599490183821944,0.24616288070896625,0.24471345477437997,0.1494528965625519,0.14260728366295147,0.2567136051929016,0.2680636785648718,0.2611839367457346,0.2535034567439873,0.1834145037206764
0.256572266136209,0.25661764192142095,0.25754674919352716,0.2582720458854499,0.2611215147732001,0.2615999442688975,0.24833035261457978,0.248026055151529,0.17918131127612896,0.20287191116858483,0.2679945558289273,0.2642083453539301,0.2728100291302537,0.2546512559058271,0.3234011661798516
0.2582421609171334,0.2597381498063098,0.2604474284665216,0.26237517965444185,0.26228152309612984,0.2630998518735361,0.2502202172810507,0.2510797338554793,0.15851371916859547,0.16854256726314296,0.2659791655760876,0.2705814471924257,0.2660996670828132,0.25718709126338,0.0998838794522592
0.2602366120504632,0.26198425642569007,0.26340056125258987,0.2648046233408379,0.2651529338327091,0.26686543044863564,0.2525211542054827,0.25364048206546586,0.15157011458160063,0.14355725571307196,0.2664764696644505,0.26966351071363,0.2743965875988348,0.2587619784854389,0.0935866326129299
0.26656546092236816,0.26654400706695136,0.26789058197172755,0.26551505823848526,0.2688306283811902,0.2677979274151953,0.2577796759469343,0.25735852048898994,0.18364332493389518,0.16834831804330094,0.2756635083494739,0.2669359280337799,0.2696629213483147,0.2647945973360381,0.2179304427037589
0.2704549023713553,0.2697496088572466,0.269338298932571,0.2687774599486865,0.272378277153558,0.2715060118126548,0.259632170408136,0.25916099000932524,0.1843297885735515,0.17451448600185335,0.2761608124378371,0.2753022633690891,0.2789221806075739,0.2627659290499959,0.1868468219189581
0.27100455425849346,0.2700806776597038,0.26970547352408925,0.2678663794029648,0.27184248855597176,0.2710477032558773,0.2606465045511571,0.2593483022131944,0.14583683741724268,0.15998846080067136,0.2707428152646182,0.2660442183115215,0.2701310861423223,0.2597229266209326,0.1309364103983074
0.27312464010888343,0.2722469833824817,0.27355556138372367,0.27518821509884245,0.275749063670412,0.2759093163889231,0.26480527453754366,0.2655591818739005,0.144549096296112,0.13780736514931616,0.2765795948280375,0.2898318864905977,0.2856325426550146,0.2779809411953127,0.0934451738466058
0.2781762026906769,0.2787427497794604,0.2780455821028613,0.2808300148356677,0.28027985851019566,0.2829563981918663,0.2690601393374796,0.27038488874430655,0.14872539433574222,0.13002761770323776,0.2917342825734178,0.2921136143093183,0.2970505617977528,0.2800363024851187,0.114468122811081
0.2826676438255772,0.2852020711942987,0.2825775656324582,0.28375195845103335,0.28487307532251355,0.2861806005978789,0.27289859327870164,0.27491888151025384,0.11721522096325643,0.10681160374926847,0.2981207140239753,0.2895958456817646,0.2926290054099043,0.2839868670421483,0.0603795758413299
0.2853792598021253,0.28670767823639176,0.2866636943009258,0.2877456078711645,0.2884155222638369,0.28966520550331615,0.27728158449670337,0.27817288272017077,0.10644663351453523,0.11554236405796302,0.2897188923205779,0.2957329067114269,0.2966344153141906,0.2846808851400046,0.1330038846753521
0.2909438308119144,0.2906603422621156,0.2924178446851477,0.2901020619916534,0.29469933416562627,0.29362685221930046,0.2822731762005178,0.28034221686011535,0.14273407150973808,0.18115277616341588,0.2985656703135634,0.2948149702326312,0.3015501456512692,0.2846808851400046,0.3123736003743216
0.29361880332932,0.290425047313099,0.293681974350232,0.29211888626644206,0.29609862671660425,0.2932942366161684,0.2834743613698849,0.28155710025412634,0.1519982216612233,0.16735715897695458,0.2899544574150657,0.2961525348160194,0.2926290054099043,0.2839868670421483,0.139765924604032
0.29582264565775007,0.29453452961392207,0.2967505048650633,0.2972313464721196,0.29880878069080313,0.2990632683003614,0.2872007046952993,0.28726073987348105,0.1555853672564927,0.15570605624711234,0.3027534942155682,0.3074562668834746,0.3106013316687475,0.2986680191121906,0.1324038507874279
0.29844527037638063,0.3001009656149907,0.30041700542893857,0.30079701381512663,0.30236163129421556,0.30283993167589635,0.2899180524784454,0.2906983619016135,0.17250912098144397,0.15213681898677037,0.3112338376171281,0.3079283485011408,0.3103932584269662,0.2975736059578786,0.1449983444660864
0.3028843637125059,0.30403876341039515,0.3026672611398148,0.30285940429868713,0.3048377028714107,0.30489821218398633,0.2925926914555695,0.2931502679429508,0.1599127619124603,0.1247652424346581,0.311914359001204,0.3069841852658082,0.3090147732001664,0.2980540800256253,0.0700220893304336
0.30429251949955505,0.3045613253565332,0.30562039392588325,0.3050998142534492,0.30685601331668744,0.3071460407485418,0.29543282705602864,0.29506069967606735,0.12696810337993175,0.1323935975269984,0.3056064492488092,0.3095806341629732,0.3116416978776528,0.2988815631423005,0.147650307711679
0.30495733654399826,0.30080039778344947,0.30381074772482897,0.29910131077254876,0.3066271327507283,0.30192556135906395,0.29543282705602864,0.29136942213142764,0.1604518597164295,0.19065730044683918,0.293278542637282,0.2871043038107479,0.2914846025801083,0.2839868670421483,0.3071847062865208
0.3032560330838088,0.2986159241605065,0.30319179627055526,0.3008547103857346,0.3050509779442364,0.30219056011813866,0.29437044550623287,0.2920316518753557,0.14348613470916224,0.14296327554825664,0.2942469769146206,0.3043615096121062,0.3027205576362881,0.2933561113632117,0.0475752257510916
0.3026592681777731,0.30182728713598755,0.30218468881953375,0.30153407733916743,0.3038805659592176,0.30297410624605,0.2945412807303206,0.29416369527634284,0.12879400960986906,0.11915475668871127,0.3082500130869497,0.3028928112460332,0.3045411985018726,0.2984277820783172,0.0715377189696205
0.301737946919332,0.3036541089936579,0.3018489863358599,0.3027912758419246,0.3042915106117353,0.30567256965161826,0.29360168699783784,0.2938945006386325,0.1391864100096844,0.12009786823564428,0.3073077527089985,0.305305672847439,0.3110694964627549,0.2933561113632117,0.1219840913295103
0.30311992880699357,0.306608192224811,0.30193291195677835,0.3051942713171382,0.3054359134415314,0.3095696171099566,0.29462135974161174,0.2972563093794783,0.14645334891970574,0.14139357957769141,0.3125163586871172,0.3100002622675655,0.3173637120266332,0.3039799268611698,0.1839850022617857
0.3048055279275506,0.3049743075632297,0.3056518660337276,0.3053625389432568,0.3087234706616728,0.30902054096690956,0.2962709873742092,0.2955825413213641,0.13294263769300954,0.17413943643614083,0.3017065382400671,0.3056990741954941,0.3079223886808155,0.2922350052051357,0.2396311501530397
0.3058367795634193,0.3031172834068079,0.30428807469380265,0.3027558769329983,0.3075062421972533,0.30489183241600326,0.2946587299468809,0.29215330228976616,0.15559096342746812,0.16969857576522207,0.2994032350939642,0.2975425529124813,0.2966344153141906,0.2852948242265702,0.1608168544233845
0.30530806679579126,0.30394700535414165,0.30458181436701726,0.30329108782603426,0.30818248023304196,0.30590201783760734,0.2937404906174092,0.29271439667016363,0.1550400514847729,0.13606010359552956,0.3056064492488092,0.3043615096121062,0.3079223886808155,0.2938365854309586,0.0687831592561445
0.3039103805684972,0.3027377774269371,0.30462377717747646,0.30403255418393454,0.3077715355805243,0.30693960295846034,0.293516269385794,0.29255459951515433,0.16588356544488775,0.14944062277371453,0.300319321572528,0.3055154868997352,0.3090147732001664,0.2922350052051357,0.1762016611300845
0.30277443333507836,0.3041040591246324,0.3035956883212253,0.3043083087847263,0.3058416562630045,0.30719784045198506,0.2924538878359982,0.29459240604749976,0.1504518130816714,0.13523582866437764,0.3068366225200231,0.3048598179863098,0.3077143154390345,0.2986680191121906,0.1068262404457039
0.30594147516096953,0.308583288539596,0.3059508510582496,0.3086971684833561,0.30888992925509773,0.31251981151508396,0.29512318821236955,0.29825543972733065,0.13996956304786118,0.15256385243758133,0.3175417473695231,0.3174748878806157,0.3231637536412817,0.3055815070869925,0.1872198999839887
0.31054284667329746,0.31319222324493196,0.3110650685829683,0.3135026591675956,0.31343632958801493,0.31480201333631475,0.2999706376958599,0.3020143170328945,0.13736174737329718,0.15096849364190904,0.3224100926556038,0.3231136405360748,0.3193664169787764,0.3095320716440222,0.1477777760505645
0.31678793906716224,0.32107211923599904,0.31935796899997376,0.32427711001077486,0.3209529754473574,0.3250365482167192,0.3077329631903478,0.31222561565639567,0.15919738472276407,0.15996611109576567,0.3368319112181331,0.3458260116971334,0.345505617977528,0.3326482129033981,0.1779613460034789
0.3258388734753703,0.32923941069518886,0.3273676204463794,0.33137265471777105,0.32900540990428623,0.3331166806394164,0.3161679523796813,0.3196203941548649,0.18563742719148382,0.20944469855507153,0.3455739936135685,0.3455637441317634,0.3492769454848108,0.3344099511518033,0.3084018734736832
0.332413757001518,0.33272995384704646,0.3347845471950484,0.33489658705506553,0.3363347898460257,0.33686485880885497,0.32220590983103337,0.32269953155956016,0.18584759450145102,0.17558882470189438,0.3397110401507616,0.3419444517296546,0.344361215147732,0.3288578063689507,0.1078770769955401
0.3384651625399151,0.3377528942518671,0.33772194392719457,0.33398501521715923,0.3391229712858926,0.33694479281944195,0.32801964605077016,0.3266830837682656,0.18186560795402426,0.17282920555021453,0.3477987750615084,0.3321618715413466,0.3371046608406158,0.3346501881856765,0.1673099672468548
0.3410197351201381,0.336896248020151,0.34003514385375966,0.33421655686773954,0.3415366208905534,0.3351080835469882,0.33075300963617443,0.32552168570252493,0.18207577526399152,0.16482900790027658,0.3351829555567188,0.3346796401689003,0.3314346650020807,0.3231988895710436,0.1488286126004007
0.33908810134533834,0.33365541279481215,0.3368564609614729,0.33278857032372633,0.338722430295464,0.3338836106986857,0.3275178175800123,0.3225052080092125,0.1696227403516571,0.14845139574745334,0.3271737423441344,0.3299325972356999,0.3314346650020807,0.3164722526225876,0.1156961714418068
0.3347484688268857,0.33039555220364325,0.3308767604710326,0.32708079410900476,0.33265189346650015,0.3288971609124543,0.3233270159891093,0.3194887864052377,0.13784021999169893,0.1487973543895997,0.3238758310213055,0.3156652416795615,0.3189242613399916,0.3134559431972881,0.1494892716738924
0.3305763492645134,0.32654718224872875,0.32544257651656217,0.32297837339177077,0.32845921764461083,0.3270640526210647,0.3194618690441236,0.31616988148483255,0.14398947919856608,0.14540602726969173,0.3188504423388997,0.3147735319573028,0.3233978360382854,0.3095320716440222,0.1386233730298758
0.322174527561116,0.3196280103473264,0.31764273912245267,0.31303981045144685,0.3202819392426134,0.3167821246909193,0.3112511010864053,0.3086453704555834,0.17183011890308825,0.1991084067696164,0.3057896665445218,0.2931626845707991,0.2962182688306285,0.2935963483970851,0.3065131657694657
0.31462074019787467,0.3122233464783883,0.3099373180518765,0.30741071857297103,0.3144402829796088,0.3119302110229655,0.3039051864506313,0.3012533524344468,0.15954092744097978,0.16186648960969702,0.297414018740512,0.2961525348160194,0.3022263836870578,0.2864693163921736,0.0873826552898583
0.31187248076218393,0.31262637937415244,0.30744577618085966,0.3107654416755192,0.3120266333749479,0.31440894634156913,0.30159357232469375,0.3024736289539311,0.16175141497628615,0.15016052944591093,0.3134324451656808,0.3174748878806157,0.3193664169787764,0.3049141819928997,0.1267486091183388
0.30916086478563576,0.3118568366289565,0.3078077054210705,0.31300192374388475,0.311287973366625,0.3146829513271718,0.29969836905747005,0.302975728256344,0.1515996499284156,0.13301716844212044,0.3103177511385647,0.3174748878806157,0.315230961298377,0.3039799268611698,0.0987304464345395
0.30717688321206094,0.31088140257631286,0.3075716646122374,0.3131990584669689,0.30872867249271746,0.31332241144103035,0.2980487414248726,0.30241179666457424,0.15823359972143497,0.1459424862930712,0.3089305344710255,0.3135933279131371,0.3106013316687475,0.3012839334810346,0.1717931219949727
0.30530806679579126,0.30606946320526635,0.3066275013769047,0.3049466617760244,0.30838014981273404,0.30704015943759083,0.2957851747057097,0.2957007027101397,0.12399000772582484,0.14239339279251917,0.2964455844631734,0.2884418683941356,0.2944756554307117,0.2822785148012707,0.1352952057914151
0.3055855101292991,0.3036467206061946,0.3083165044978887,0.3048302913243294,0.30938410320432796,0.30710882317340293,0.296628673624643,0.29402940546903994,0.1177260270139608,0.11361651243852548,0.298801235408051,0.3045975504209395,0.3072461506450272,0.2906868109868403,0.0560627517305381
0.3014186253468042,0.2999638208218651,0.3033596475123921,0.3007837285339305,0.30511860174781524,0.3040855186810063,0.292064169981048,0.29005015823766817,0.09985714219093193,0.08821240329341512,0.2925980212532063,0.2926906029531326,0.298038909696213,0.2820916637749247,0.0374041850031944
0.2961681411296655,0.2946643238988672,0.29728553069841857,0.29622392029286965,0.29893882646691644,0.29750104075196515,0.2862184021567947,0.28495046807174657,0.11022373802458266,0.10899607739654112,0.2840653300528714,0.2871043038107479,0.2843320848938828,0.2747510877399033,0.1505634256027931
0.28888656232005444,0.28728376274023487,0.2900836633533531,0.290010610591183,0.2931387848522681,0.29220106836647863,0.27980140405199794,0.2796999597001813,0.10638818461768043,0.12353583658451457,0.2725226404229702,0.2775839911878097,0.2816011235955056,0.2691989429570509,0.1526153549604615
0.2891744752133173,0.2908175581366524,0.29316792992210655,0.2946281408067563,0.2954692051602164,0.2968432979011369,0.2817072845207271,0.283735945515093,0.10187487272597258,0.11993343983396831,0.2978851489294875,0.303863201237903,0.3061277569704534,0.2918079171449164,0.1127286463328758
0.2906088048997539,0.2958693333711797,0.29687114794513364,0.30412330738319576,0.29695172700790673,0.30278178522858423,0.2854763366521635,0.2923346542247361,0.16296267509408557,0.20045621441301328,0.3059728838402343,0.3231136405360748,0.3146587598834789,0.3095320716440222,0.3615017635711032
0.29623619326807304,0.3041578766123871,0.3039995803718954,0.3121931266177777,0.3031523096129837,0.3115351310595888,0.2921175559885755,0.29998902296881885,0.1693606530109731,0.15676883447121956,0.3207349630948019,0.3283327650869416,0.3290418227215979,0.3152977604569844,0.0693940745876321
0.3043396325184526,0.31096609317651436,0.31166303863201233,0.31660261611562934,0.3123179359134415,0.3177434928384497,0.2999439446920963,0.30462035906504836,0.1643520799879371,0.1463527431433507,0.3245825263047689,0.3254215951113326,0.3301602163961716,0.3138830312575074,0.125520560487613
0.3177773124640108,0.3205477421679301,0.32101025466180594,0.3191751011893455,0.3225707449022056,0.3227840514054085,0.3113845661052239,0.3118809227175953,0.19084590787769873,0.19259666023199037,0.3397110401507616,0.3243200713367777,0.332865168539326,0.3264020500226892,0.2850844944092697
0.3235565094487776,0.3226255393963939,0.32545306721917694,0.321475822134483,0.3270079067831877,0.3246272230620603,0.31636548060753283,0.31349144503055054,0.1899819212587653,0.16453401123406317,0.3267811338533214,0.326077264024758,0.328313566375364,0.316712489656461,0.1084087132382087
0.3285923676909386,0.32546775128127564,0.3266385166146502,0.32399751059413573,0.3306023720349563,0.32729517742214753,0.31853295251314634,0.3157841070777303,0.14513949233402293,0.15545254713850587,0.3311521750510392,0.3290408875134412,0.332631086142322,0.3203694311720899,0.1372896189473913
0.3302622624718631,0.3266733131873252,0.3276770961735162,0.3271735613565143,0.33180919683728677,0.3298887671925151,0.3198302324960628,0.31778412484234236,0.20944447121624993,0.23394135442525965,0.3290844369994242,0.3335256628812715,0.3350759467332502,0.3217841603715665,0.3909189689987672
0.3342825734177878,0.3326769024696809,0.330714154580503,0.3316513366197651,0.33536204744069914,0.3359006679327545,0.3235298828177135,0.3226498441834819,0.23704851724786521,0.24380783316540286,0.3446840810343924,0.3406068871462666,0.3479244694132335,0.3323812828657611,0.2635407906456893
0.33486363398419094,0.3359900493073798,0.3342390306590784,0.33508237498972826,0.33817623803578856,0.3395791524600941,0.3249072418119211,0.32619617778689697,0.23790068972807266,0.2589870077137042,0.3426163429827776,0.3419444517296546,0.3469361215147732,0.3332888449937272,0.2893453568103069
0.33659111134376796,0.335799539755322,0.3353353090823258,0.33390780204015047,0.34011652101539747,0.33905776206453214,0.3270320049115127,0.32657622024273764,0.2559110333174256,0.23881148220412732,0.3354185206512065,0.3315586561409949,0.3380149812734083,0.3273363051544191,0.1984604311849736
0.33716170235041615,0.335201403198308,0.3370348029059246,0.3351179869039121,0.34101123595505617,0.33840672832322666,0.3278488108266823,0.32586863374447106,0.2742761119669452,0.2355793255344146,0.33400513008428,0.3375383566314354,0.3371046608406158,0.3244534607479379,0.2291150121949892
0.3382871800240799,0.3350382105881197,0.33721839020168376,0.33489319105596377,0.3418747399084478,0.3387356410488871,0.32795024424098446,0.3246761983106731,0.21189403961156353,0.18338908609689594,0.3347118253677431,0.3344435993600672,0.3393934665002081,0.3222913274430772,0.0790086072218586
0.33738156310527134,0.3367441392055297,0.33627422696635106,0.3352241510271769,0.34038701622971285,0.33931904437244437,0.3268451538851667,0.3254027425693395,0.1825324849952665,0.16117039658599877,0.3401559964403496,0.3358860709696032,0.3404858510195589,0.3268558310866722,0.1167330175642044
0.3371145893315185,0.33825658417502424,0.3369141598258543,0.33853080602717495,0.34098522679983356,0.3428550877034218,0.3267597362731228,0.3278890806907289,0.13877695683331331,0.13096950305751281,0.3412814741140134,0.3451441160271709,0.3499271743653767,0.3328617569335079,0.0705677160005409
0.3356593205255718,0.33488511499050716,0.3360276954549031,0.33472931544686285,0.33966916354556803,0.3390482801363081,0.3242132237140646,0.3234606345801952,0.16418264036673566,0.19580928498903702,0.328142176621473,0.3271263342862387,0.3314346650020807,0.3146037423591277,0.3254888488520854
0.3341674082604825,0.33210526624661596,0.3335623803404233,0.3315568039842541,0.33858198085726177,0.3365884358905669,0.32191762539038526,0.3199655794299772,0.13144286387158646,0.15234489989910574,0.3265455687588335,0.3252117810590365,0.3316687473990845,0.3129754691295412,0.0654161297192432
0.3318065225357273,0.3290393097457329,0.33184190511159484,0.329651610394811,0.33636600083229296,0.33383014605216593,0.3199209887088595,0.3174131009651343,0.13472563994546838,0.13337076246315985,0.3229073967439669,0.3258412232159249,0.328313566375364,0.3123081440354485,0.0954224875912681
0.33009474951578277,0.3298919169440309,0.3297070471294815,0.32817166728288616,0.3347014148980441,0.33327440448421547,0.31817526626271264,0.3176511402620688,0.12939155631069316,0.11893470810554929,0.331597131340627,0.3252117810590365,0.3321629213483146,0.3181272188559378,0.0900625993903282
0.3284562634141234,0.3309576258312594,0.327194523853235,0.32964161140390363,0.3324074074074074,0.335001981960208,0.3159116995435497,0.31894873462061024,0.17376173058478428,0.17676266786069839,0.3330890436057164,0.3325814996459386,0.3384571369121931,0.3215439233376931,0.2924185873709966
0.32977019316337736,0.332209025676754,0.3281177056833381,0.3303418220815205,0.33344777361631295,0.33554681998900815,0.31758268157915814,0.3202853739261302,0.13466097308086306,0.16117013235129204,0.3347118253677431,0.3317422434367543,0.3366364960466084,0.3229586525371701,0.1299850613324794
0.3305030623462283,0.3315426553421987,0.3301266752340738,0.3319800909919186,0.3348470661672909,0.33658628337733015,0.3196060112644476,0.321220955136083,0.13964436333450952,0.1375577818966865,0.330209914673088,0.3352566288127148,0.3386652101539742,0.3230921175559886,0.0903330809874754
0.33476417316651835,0.33576608717660483,0.333934800283249,0.3362806768152127,0.3393362463587183,0.34131067802905374,0.32431465712836666,0.32609776120906986,0.1894816857532368,0.20657488782609248,0.3442129508454171,0.3448818484618008,0.3507594673325009,0.3358513733550436,0.3446090996849045
0.3381929539862848,0.3400910699308897,0.33750163917228354,0.3385357763782116,0.34177590511860173,0.3423275237352798,0.32795024424098446,0.3295002256123889,0.21255407688828015,0.20619144357257668,0.3487410354394596,0.3430459755042094,0.344361215147732,0.336305154419027,0.2054245550655451
0.338711197194158,0.3386207998356205,0.339688950667471,0.34019653662609955,0.3427174365376612,0.3426066138260167,0.32984010890745546,0.3299978992982753,0.18523543557641334,0.18940275598560527,0.3356802596450819,0.3435180571218756,0.3431647940074906,0.330993246670048,0.1558253808116624
0.3409359786420981,0.34102577742622825,0.34051771617404075,0.3387597147406008,0.3437005826050769,0.3422551513452401,0.331778020980701,0.3308813371666495,0.3208300365150155,0.39558785933223367,0.3458357326074438,0.3358860709696032,0.341552226383687,0.3326482129033981,0.8079580660254905
0.34240695178767727,0.3398721117511469,0.3398987647197671,0.33656043367418276,0.3428578859758634,0.3396540098994623,0.33210367562661836,0.328827688372958,0.33286957657194105,0.31390216664552345,0.3375647804009841,0.3321618715413466,0.3344517270079068,0.3247203907855751,0.1505307812721029
0.3389991100874208,0.3356393219488094,0.336442078208188,0.33357309441742355,0.33856117353308357,0.33619464163917545,0.3279929530470065,0.3243177124009668,0.2853966363903453,0.24501624402265754,0.3271737423441344,0.3275984159039051,0.3292759051186016,0.3152977604569844,0.1072443987769257
0.33633460712977015,0.33556572151627506,0.3352618741640221,0.33476371470607574,0.3378693300041614,0.33776376026049065,0.32571870912633805,0.32452311987253946,0.2631944498419858,0.19481537012302097,0.3354185206512065,0.33714495528338,0.3409019975031211,0.3249339348156848,0.0944136223237478
0.3382662409045699,0.3388232905172104,0.33729182511998734,0.34106508043795114,0.33980441115272575,0.34278924009043116,0.3276459439980781,0.3298918869246091,0.24859030898636236,0.15747847225986236,0.3453384285190809,0.353667811901702,0.3528401997503121,0.3406294210287484,0.0828046765335451
0.34034444851593987,0.3446244505662381,0.34070654882110724,0.3450299501170349,0.3432792342904702,0.34816827408442386,0.33008034594132873,0.33486799882295654,0.10737808508356164,0.13895129701040387,0.3562267706642935,0.3529596894752025,0.3589263420724093,0.3448202226196513,0.1018969465114869
0.343045594932733,0.3467731378724754,0.3461931862886516,0.34988498637104604,0.3480857261756138,0.3516069115341575,0.3344686757600833,0.3387993458417536,0.11120835321787595,0.14919490532149407,0.3510705124849499,0.3595950588790684,0.3584841864336248,0.3466620398793476,0.1696821219436745
0.3500706695283463,0.3519484636890505,0.3532744105536468,0.3542581699903244,0.3559508947149396,0.3572718569611819,0.3416170621680058,0.34287946139336795,0.14234886840759392,0.18711226178950124,0.3622991153222007,0.363004537228881,0.3686017478152308,0.3510396924965968,0.2629469747255156
0.35608019682772335,0.35645436150873094,0.35648456555377794,0.3539040234215615,0.3597378277153558,0.3581267921425219,0.3471638683501055,0.34614229617097303,0.14430224297641675,0.1594683395822881,0.3654661571480918,0.3531957302840358,0.3598366625052018,0.3526679657261833,0.1041804951678618
0.3566193791551065,0.35364768772448607,0.35522568124000103,0.3517271457253135,0.35865584685809393,0.3545612932496823,0.34620825881536454,0.34271198856566326,0.1512635687715005,0.14551599489118003,0.3480343401559963,0.3473733903328175,0.3474302954640031,0.3358513733550436,0.1176113055089639
0.3561587185258859,0.35373961432238765,0.35465393794749406,0.35118508815443145,0.3581980857261755,0.3552533743040605,0.3460267463897713,0.3431122125410038,0.14900489198612765,0.12721185078899422,0.3539234675181907,0.3501009730126674,0.3566375364128171,0.3439126604916851,0.0906035625846226
0.35601214468931575,0.35260562398229145,0.35419759238374987,0.35322783578973693,0.35778193924261326,0.3556367342079782,0.34561033553105736,0.3436014702225952,0.15588134252141694,0.15282935873270315,0.3503376433020991,0.3573133310603478,0.3564034540158134,0.344579985585778,0.204064374620121
0.35438412814741127,0.3531234268590871,0.35242990899315474,0.35354059728512643,0.3550769870994589,0.35545015183847184,0.34372580946533915,0.34294000087106546,0.16744116636639056,0.20880160380526336,0.3541590326126785,0.3541661202759054,0.355076987099459,0.3416170621680059,0.3207460939503837
0.35330576349264503,0.35544039586414494,0.3539877783314537,0.35602209051526107,0.35632542655014554,0.35899305447852625,0.34330939860662524,0.34548863772491484,0.1743278765484682,0.18540575122959224,0.3600743338742606,0.3609850769755303,0.3660788597586351,0.3505859114326135,0.13861404607825
0.3562477097838035,0.3578749544466929,0.3573920113299588,0.35881291211862165,0.3604140657511443,0.36195320014201654,0.3466727170808531,0.34788174705867103,0.21739663017237754,0.23458885869589838,0.3627440716117888,0.3643945553253429,0.3678734914689971,0.3526679657261833,0.3329550736285106
0.35779196984766787,0.3591315589102994,0.35539877783314533,0.3525868765886146,0.35861943404078234,0.3571902593816801,0.34795931986226414,0.3487030561720274,0.23219383892665432,0.21125577458260114,0.3616447678375124,0.3401348055286004,0.3476643778610071,0.3503456743987401,0.1645896063560066
0.35676595299167674,0.3544902256142473,0.35400875973668333,0.351845664585089,0.35802122347066173,0.3559309733095235,0.34691829271547936,0.3455936540653029,0.24222777348565278,0.22558186552677176,0.3452075590221432,0.3503632405780377,0.3534124011652102,0.339374849851854,0.2542340474151131
0.35790190022509555,0.3562730733360891,0.35749691835610686,0.3584327475144004,0.3604920932168124,0.35976442748308646,0.350596588634119,0.3503986166306034,0.19995274344509606,0.18684489160038123,0.3598387687797727,0.3716069133730231,0.3674313358302123,0.3600085417612044,0.1093709437476002
0.35965031670418257,0.36045418764729137,0.3591177319100947,0.3619848799247567,0.3625208073241782,0.3652504284205456,0.3524437444945681,0.35353964133202176,0.18738436523098964,0.1498206460694935,0.3688164162696959,0.3690891447454694,0.376222430295464,0.3598216907348586,0.075772155007718
0.3605559336229912,0.3627268438334714,0.36033989876471983,0.36482504981599395,0.3624739908447774,0.3660467553043614,0.3535114646451166,0.35502861638098976,0.1458582894059819,0.14165532888081964,0.3672721562058315,0.3705053895984684,0.3676394090719932,0.3580065664789258,0.1253246945034719
0.3620373763283254,0.36483522301037546,0.3666867738466784,0.36717309352346045,0.36732729920932167,0.3680081434308171,0.35527320289352166,0.35640386613424835,0.12802080532009313,0.11957094789606733,0.3690519813641836,0.3718691809383934,0.3719309196837286,0.3591543656407656,0.0754021859265627
0.36736114746374915,0.36716562024000426,0.37157019591387136,0.3697088459869744,0.3726487723678734,0.3720120179398678,0.36060646504551164,0.3596162976267668,0.10151982676741837,0.12029035014795798,0.3718264146992619,0.3747803509140024,0.3800197669579692,0.3660411606118037,0.1217291546517393
0.3707480500444956,0.3703681740545046,0.3733431246557738,0.3732964163521615,0.37534852267998325,0.3749847077568324,0.36218669086832345,0.36238075537626574,0.09220531107715399,0.1011263551973981,0.3767732816835053,0.3804715570825356,0.3809300873907615,0.3679096708752636,0.0627983652962783
0.37211956237240223,0.3721367753394127,0.3741613994597288,0.37325778382318914,0.37593632958801493,0.3763769601164289,0.3631956864105918,0.3632093930662439,0.10027436782699115,0.10612338305056668,0.3756739779092289,0.3731805187652444,0.3791614648356221,0.3648666684462003,0.1161174387569038
0.3711668324346961,0.3689273523987087,0.3734795037897663,0.37120382629834464,0.3759831460674157,0.37354247056728496,0.3631476390038172,0.3613950385258468,0.0968324117786962,0.10678722678771015,0.3625085065173009,0.3670959112486558,0.3678734914689971,0.3577663294450526,0.1081149142619971
0.3698581374653196,0.36678773710490614,0.37383094232736236,0.37201134207435427,0.375759467332501,0.3726324890479084,0.3638897045084484,0.36188492340520506,0.092461491348475,0.089040679116959,0.3625085065173009,0.3736263736263736,0.3708125260091552,0.3628646931639216,0.0535475837754567
0.37017222425797,0.36899077429077537,0.374150908757114,0.3734676224038231,0.3757230545151894,0.37503422698907585,0.3635693884632838,0.36273647573213036,0.08162046457546038,0.08186845967352806,0.3733968486625137,0.3763801830627606,0.3798377028714108,0.364439580385981,0.0675240207866662
0.36991048526409454,0.3711487117652264,0.37282908022764827,0.3735992197476177,0.3755409904286308,0.37669607364537366,0.36269385793983405,0.36300165657409184,0.08545166540493727,0.08189709626357297,0.3754645867141285,0.3738624144352069,0.3800197669579692,0.3635320182580146,0.0819543694436628
0.37026121551588753,0.3732416842328821,0.3746439717800099,0.3764844720074294,0.3767009987515606,0.3794512179136726,0.3639537677174813,0.3657231768275402,0.08978558892704294,0.10052708296485935,0.3774276291681936,0.3822549765270528,0.3849615064502705,0.3711662173344368,0.1377870563674321
0.37573679526775894,0.37878992458080746,0.3796690183325028,0.38173002934199296,0.3821889305035372,0.38473852868540853,0.36856098016709826,0.37074958178273926,0.09354932480642682,0.10932925319621173,0.3898864052766581,0.39222114401112,0.3953131502288804,0.3808023916931373,0.1269335936589165
0.3788567240747526,0.3785626665712947,0.3775866138634635,0.3755581366550543,0.3818404078235539,0.3795156566600186,0.36956997570936667,0.36980294481358067,0.15714607716187073,0.19672995064836654,0.3781081505522693,0.3632143512811769,0.3690699126092385,0.3679096708752636,0.3715313455526762
0.37749568130660105,0.37457232265478174,0.3743292507015657,0.37040321352112676,0.37801706200582597,0.37325076236760285,0.3677762058564451,0.3650255402495115,0.1687665261924118,0.17302872241203493,0.3665916348217558,0.3600933672532718,0.3607209737827714,0.3554707311213732,0.1256262659393717
0.3748625870282155,0.3704812535439214,0.3718901623436229,0.36749113322924876,0.37420411985018726,0.369152193638327,0.36570482876438093,0.3610754044322389,0.17284520213835902,0.14946839799915626,0.3622991153222007,0.3616669726454928,0.3609550561797754,0.3531751327976937,0.1023477491733989
0.3730513531905983,0.3697779890226502,0.37012772430433516,0.36947501759637064,0.37254993757802746,0.3716649941220418,0.3638950431092011,0.3614226993076719,0.16369390810154555,0.13032246072722573,0.3683714599801077,0.3734427863306144,0.3766905950894714,0.3621172890585378,0.0920305861833647
0.3717950060199969,0.37438688248965035,0.3681816989692884,0.373813684176209,0.3706564710778194,0.37639193532397464,0.36246429810746605,0.36549802176660195,0.16584377045128448,0.1327759422873542,0.3836046694236507,0.382491017335886,0.3858458177278403,0.373648666684462,0.1376829054076111
0.37365335287651147,0.37872454993804777,0.36899997377324345,0.3716443645511234,0.371993341656263,0.3761793787164686,0.36398579932199776,0.36883774016037535,0.12091926435223539,0.1374868998773797,0.3873998848348426,0.3673057253009522,0.3757542655014565,0.3755171769479222,0.1469088150574307
0.3739255614301418,0.37513392582200095,0.37166985758871196,0.3722438384776204,0.3751352476071578,0.3762630869900607,0.36582761658169394,0.36745176591353496,0.11433257111411985,0.12255553316785117,0.3679526775899072,0.3734427863306144,0.376430503537245,0.3646798174198542,0.0926927997487941
0.37809244621263666,0.3778004636262257,0.37742400797293396,0.37830846717394784,0.3808000416146483,0.3806017333991167,0.37094199610282147,0.3712168540768004,0.12379507443684637,0.13159044404091125,0.3831335392346752,0.3904377245666028,0.3892790262172285,0.3787470304033313,0.1496602657870314
0.3824477830707218,0.38191635717432826,0.3790972750399958,0.3794753520046064,0.3819132334581773,0.3811533403684498,0.3740864319461869,0.37342439214298856,0.1524639474457365,0.1661852797698793,0.3901481442705333,0.3818091216659236,0.3822565543071161,0.3778394682753649,0.2353749512278154
0.3828979741401873,0.38322944637321155,0.37737155445986004,0.3776043728148066,0.38016021639617137,0.3797958043849035,0.374460133998879,0.37412198707796646,0.1451388705372479,0.1444760268016422,0.3858556247709782,0.3738624144352069,0.3770807324178109,0.3755171769479222,0.101057520865168
0.3802334711825367,0.38017875426433756,0.3799155498439509,0.37841148261700647,0.38007178526841445,0.3783012395441596,0.37334970504230847,0.3727363354403342,0.12666155756983158,0.11449143460787786,0.3740773700465895,0.3800257022214064,0.3753121098626717,0.3699650321650696,0.0545222502203492
0.3825420091085169,0.3799509585828278,0.38085971307928357,0.37832885591376364,0.38119017894298796,0.37954165033281057,0.37409177054693965,0.3712876052745597,0.11964271557305557,0.09552715299355662,0.3794953672198083,0.3781636025072779,0.3820224719101124,0.3683901449430105,0.0575985897649141
0.3786473328796523,0.3745206917520026,0.3732906711426998,0.3697500755704039,0.37526529338327086,0.3729126330280881,0.36850759415957085,0.36446711967186873,0.13706421761643522,0.142607360663681,0.3636601580903523,0.3525925148836843,0.3596545984186432,0.3508261484664869,0.2367677760039297
0.3699575982829921,0.36524695159707915,0.3682761152928218,0.3654121645191137,0.3698761964211402,0.36704544518421295,0.3621333048607961,0.3583007537084096,0.12331349283456931,0.1506120162152826,0.3466994712872323,0.3567363424165333,0.3553110694964627,0.3459680217814913,0.1666213273184858
0.3613987331832696,0.3578517341555079,0.3629311023105772,0.35932055952073716,0.36346233874323763,0.3597007781322413,0.3538264420895284,0.3501947901694676,0.13650646590921447,0.15608213955631964,0.3430612992723655,0.3471373495239842,0.3450114440282981,0.3339828630915837,0.1670223862383937
0.34710254933780027,0.33943330637675295,0.35235122872354363,0.34858915110923766,0.35034332084893877,0.3430395255518867,0.34349624963297126,0.339567883407073,0.236930686758993,0.2896025445272938,0.302596450819243,0.3271263342862387,0.3097170203911776,0.3183140698822839,0.556643354469242
0.33638172014866774,0.33491927800921717,0.33717642739122444,0.3331559660213857,0.3344309196837286,0.32951317239594496,0.3324133144702774,0.3307037453145624,0.31916766283691655,0.3493295197363732,0.3258912212741455,0.3022895958456817,0.3024604660840615,0.3129754691295412,0.468783470154532
0.3286080720305711,0.33154349117276777,0.3317894515985207,0.3306565226543124,0.32830836454431955,0.3293560558378293,0.32549448789472285,0.3258798354059463,0.32827138942043865,0.32698181613142885,0.3247919174998691,0.3256576359201657,0.3290418227215979,0.3162320155887141,0.2822864089215401
0.32783855938857775,0.33531296347426703,0.3272784494741534,0.33183145903444056,0.32547336662505194,0.3332827305252611,0.3231828737687853,0.32872320732123195,0.33915158939028156,0.2916619864768526,0.3428519080772655,0.3341813317946969,0.3411360799001248,0.3344099511518033,0.2210223271677001
0.3298644192011726,0.34127217509462465,0.3290146607569041,0.3398271080022062,0.3281679151061173,0.34168321582804895,0.32548381069321736,0.33431132078540277,0.3615508855163322,0.28744761327411733,0.3531905983353399,0.3558184059377376,0.3584841864336248,0.3454875477137444,0.2790188668686469
0.3411244307176883,0.34714695286369035,0.33422853995646357,0.3442833154294827,0.3381554307116104,0.3476736766915804,0.33120679070015757,0.3385172038292634,0.281792391383762,0.24424870345154193,0.3588965084018217,0.3531957302840358,0.3596545984186432,0.3469289699169848,0.1578508838063911
0.3461079411610742,0.3483675597394851,0.34478743213826746,0.3478835625378888,0.34832501040366204,0.34955190597582675,0.3377092064169982,0.3408406517907571,0.21539662084542593,0.20843400812197843,0.3508087734910746,0.3550840567547011,0.3533083645443196,0.3454875477137444,0.1368046174628515
0.3536093807255405,0.35301141160039035,0.3535261874164022,0.35503951246220566,0.35577923429047026,0.3551389180357641,0.3465606064650456,0.3473901064701552,0.20152993096501293,0.20994032525447745,0.3622991153222007,0.3693514123108394,0.3663129421556388,0.3604890158289513,0.2129529595194754
0.3583154478354184,0.35746835560914536,0.36015106611765324,0.35912825007512117,0.3620786516853932,0.36097033431542264,0.3517764194004752,0.3517564095897539,0.18532373071847053,0.18662399214798098,0.3663822436266554,0.3673057253009522,0.3726331668747398,0.3604890158289513,0.139991325934988
0.3611317594095168,0.36073628914137407,0.36181908783340766,0.36080500488891737,0.36467956720765704,0.3644764775585963,0.35464324800469804,0.35444483663812215,0.15605668921198132,0.16864388121072094,0.3672721562058315,0.3641585145165098,0.3714887640449438,0.3598216907348586,0.1326836593362008
0.3620844893472229,0.36171091212436685,0.36559574077473844,0.36456300158950805,0.36618809821057013,0.3653834028501337,0.3571310359554762,0.35608586098237316,0.15518617372690988,0.16359535626749191,0.3636601580903523,0.3720789949906895,0.3671972534332086,0.3593679096708753,0.1534983063810339
0.3671098780296288,0.3664525137172793,0.3712187573762753,0.37077504764713387,0.3723990844777362,0.37171003386013907,0.362528361316499,0.36154863216120164,0.14904313248779327,0.14442670793408408,0.3759357169031042,0.3831991397623855,0.3843632958801497,0.3724741745188586,0.1060894112672684
0.37078992828351565,0.37120146467539783,0.373720789949907,0.3744705568244218,0.37653454015813564,0.37680342942597145,0.36500547206577166,0.3653239446325725,0.12896438192623302,0.13380420752661415,0.3806993665916348,0.3818615751789977,0.3869902205576363,0.3728745695753144,0.1125592067116743
0.3750876825629482,0.37675798145820466,0.3784835689370295,0.38002024462846967,0.38040470245526425,0.3818636124041086,0.36939380188452614,0.37102618472928955,0.12893671196974327,0.13582046373525583,0.3878710150238184,0.3911196202365652,0.3919839783603829,0.3824306649227238,0.1398529761525392
0.38010783646547663,0.3819629628782943,0.3842272286186367,0.3843057673938282,0.3857521847690387,0.3873178001406778,0.37419320396124184,0.3752903568590054,0.12757062445495615,0.13249804974425897,0.3923729257184735,0.3928768129245454,0.3982261756138161,0.3838187011184371,0.1258532217622653
0.3852169816259226,0.3843772698830569,0.38838679220540784,0.38716278257073394,0.39151061173533086,0.39020832951534157,0.37895523583268836,0.3779195942487063,0.11119467368882482,0.11220488401296504,0.3892058838925821,0.3928768129245454,0.3959893882646692,0.3831780690281079,0.0716185525503772
0.3894937967858451,0.38869144415627693,0.39147105877416133,0.39098201258254023,0.3951883062838119,0.3943894758844128,0.382137041881323,0.3814074644198149,0.11040561358128509,0.10885129291849993,0.3973197927027169,0.3986204726061528,0.4027517686225552,0.3883832047620319,0.1021441107295697
0.3925927864733288,0.391192401113869,0.3940465262660966,0.39223431260125147,0.397258635039534,0.3953736053683574,0.3850732722953315,0.38345688349499557,0.10234246390081092,0.09664868138210109,0.3961943150290531,0.394738912638674,0.3973418643362465,0.3875557216453569,0.0722434583093034
0.396173375909543,0.3960529214775424,0.3950011802040441,0.3934538383762686,0.39913649604660845,0.3973734980441567,0.38734217761524714,0.3868963195040977,0.12936077737032808,0.15608063542144243,0.4057739622048893,0.3958928899263028,0.4013732833957553,0.393775191522302,0.2749445435001251
0.39745066219965447,0.3969550667080386,0.3949172545831257,0.3931216205241636,0.3989596337910945,0.39736295347485334,0.3883084643514936,0.38748092460262146,0.1261697163207662,0.14068639578578027,0.398759357169031,0.3924571848199534,0.3973418643362465,0.3886501347996691,0.1098979165144559
0.3972255666649217,0.39399684654499856,0.392530619738257,0.38906229324950964,0.3966708281315023,0.3930904223054716,0.3868189947414783,0.38356419006109155,0.13266531633133677,0.1284897813915968,0.3880804062189184,0.3809436387002018,0.3845453599667081,0.3757307209780316,0.1040965526032299
0.3961890802491755,0.3933770179046609,0.38930472868420357,0.38687186794496836,0.39351851851851855,0.3910570217228598,0.38511598110135337,0.3823321722278635,0.1478844141974857,0.14507305428116926,0.3921373606239856,0.382491017335886,0.3869902205576363,0.3798681365614074,0.1782396000603142
0.39261896037271626,0.38836591715202623,0.387673424427601,0.38677537574853266,0.3908707865168539,0.3887390825912143,0.38266022475509176,0.37998042812325855,0.14069302359563302,0.10881087128745957,0.3783437156467569,0.3865823913556612,0.3841032043279235,0.3752769399140487,0.0362865053000402
0.3880437627597758,0.38654326948141327,0.3859004956856985,0.38685966590461857,0.38852476071577197,0.38904043985759146,0.37928089047860564,0.3789464587954628,0.09378654027610875,0.08601128982580765,0.3828979741401873,0.3870282462167904,0.3896431543903456,0.3768785201398714,0.0404121269025038
0.3822907396743966,0.3810269269016538,0.3808702037818983,0.3803416857033965,0.3821109030378694,0.38111781855397203,0.37412380215145613,0.3735858702516157,0.11145178665530842,0.12341557602068982,0.3699942417421348,0.3673057253009522,0.3652725759467332,0.3628646931639216,0.1982241484104542
0.3793540281631157,0.3784835674886071,0.38014109995016915,0.3793271636494497,0.38094049105285066,0.3803096457165196,0.3719509916450899,0.3706794696498106,0.11972230556026212,0.130760099723126,0.3733968486625137,0.3772981195415561,0.3786933000416148,0.3648666684462003,0.1454491471279984
0.3799507930691514,0.3840294400437929,0.3834141991659892,0.3858369469046284,0.3836818560133167,0.38710544559766863,0.37389424231908824,0.37698110974367344,0.10479047780418678,0.12170022024206317,0.3951211851541644,0.3988565134149859,0.4006970453599667,0.3895843899313991,0.1035804612799375
0.38465686017902945,0.38997764376124433,0.3874478743213826,0.3928082203139618,0.38888888888888895,0.3947830866337072,0.37831994234311195,0.3837892198405046,0.13120129582447912,0.13724701196187608,0.4018740511961473,0.4067507671326287,0.4101383687057844,0.3974054400341671,0.1683405954015019
0.3894048055279276,0.3955309961357221,0.39117207374963936,0.3970885613286658,0.392576987099459,0.3992166062368701,0.38242532632197107,0.3883279599050588,0.14147120225960935,0.12208522766730241,0.4066377008846779,0.4056492433580738,0.408083645443196,0.3974054400341671,0.0917616590781551
0.3971889232057792,0.399992274134279,0.4004196281045922,0.402573539911016,0.40232521847690383,0.4041489817692326,0.39053999946613993,0.3933646595649613,0.12290466145497328,0.11652063324062616,0.4089148301313928,0.4135434970757166,0.4140137328339575,0.4034380588847663,0.1053914443872736
0.40600429251949954,0.40581941449989123,0.4096147289464711,0.4094735678576609,0.4100135247607158,0.4084775983330465,0.40010143341430215,0.39980105243897796,0.11404903178469654,0.11140408841928905,0.4174736952311156,0.4232736237509507,0.4171348314606742,0.4126738381870112,0.1011709987766148
0.41079935088729513,0.4102451019976416,0.41505415825224884,0.41500026521973216,0.4153245942571785,0.41473586316945776,0.4052104743346769,0.4049105664704096,0.12638734519203404,0.12936006838506772,0.4190964769931423,0.4260536599438747,0.4272523928422804,0.4151295945332729,0.1652720283166251
0.4159974873056587,0.41611831242774944,0.4199165989142122,0.42035450029396987,0.4200478568456096,0.42107546932895185,0.4100312308144036,0.41044345179120656,0.14846081980795794,0.17914270175041894,0.4278647332879651,0.4310629704424453,0.43375468164794,0.4215092224328005,0.2787079684811214
0.4216458147934879,0.42237198772644086,0.4242964672558944,0.4227525285514748,0.4252600915522263,0.42543191921139445,0.41588767584016234,0.41585818958179127,0.17388235915914413,0.19238491977830793,0.4348793383238235,0.4275485850664848,0.4341448189762797,0.4266876651629607,0.2188693558340859
0.4243417264304036,0.4223794545896176,0.4253402921660678,0.42142255957651104,0.42632126508531004,0.4233944796407216,0.4177348317006112,0.41479673911686454,0.17985875886254707,0.17334776082030143,0.4223943883159712,0.4187626216265834,0.4193196004993758,0.4126738381870112,0.1352734429042884
0.4245406480657488,0.42107573752902566,0.42216160927378105,0.4167417761475131,0.42483354140657514,0.41882839078281425,0.41654432373274963,0.41210492552714406,0.17767096690953005,0.14564252021737747,0.4184683034078417,0.4073802092895171,0.4096962130669996,0.4067212983477031,0.0902320390115296
0.4212846149819399,0.4149892622107165,0.4151748013323192,0.40820105751053043,0.4181335830212235,0.4104697941603836,0.41188906387635804,0.40535438210186764,0.1924865186686708,0.17687827584902802,0.4028163115740982,0.3911196202365652,0.3937526009155223,0.3918532952513147,0.2393497871123291
0.4164476783751242,0.4112195248917732,0.4082194654987017,0.4042294687651397,0.41130357885975866,0.40684808305379433,0.407303205829752,0.40309623213450196,0.16484423213538996,0.16475102917092435,0.4036800502538867,0.3962862912743581,0.3996046608406158,0.3985799321997705,0.140496535814717
0.40898288226980045,0.406664802526917,0.4031944189462089,0.40362742994476664,0.40461402413649605,0.40479773715585177,0.40043242666097223,0.3995087445293552,0.13937170544864963,0.14033626024741097,0.3975553577972045,0.4024233523040206,0.4006970453599667,0.3923337693190616,0.0915067224003842
0.40605664031827454,0.4070309278707252,0.40242335230402054,0.40738738276839165,0.4035944652517687,0.40793909346248075,0.39866001121106165,0.4009430833320562,0.13942424727614142,0.13873622417885645,0.4077631785583416,0.4149072884156417,0.4142218060757388,0.4038117609374583,0.1355361520417474
0.4040517196251896,0.40750185189462257,0.3998531301633927,0.40310128804105366,0.40071785268414484,0.4037304457179473,0.39661532712276115,0.39946134819010437,0.14660941991024354,0.13454345017991773,0.4084436999424173,0.3945290985863778,0.3953131502288804,0.3964978779062007,0.1261579021820403
0.40183217295712703,0.40224076067434344,0.40072385848042175,0.4005586126346059,0.4003641281731169,0.39981495659875915,0.39578250540533333,0.39553729434812807,0.15435856221931699,0.18239413300584392,0.3917185782337852,0.3954732618217105,0.3919839783603829,0.3876891866641754,0.2780954986576962
0.4001727477359577,0.39995481516557546,0.39787038736919406,0.39437872032914384,0.3973938826466917,0.3947944488020026,0.393049141819929,0.39199590098966847,0.15303226969813316,0.1662177797401619,0.3953829241480396,0.3820189357182197,0.3847534332084894,0.3849131142727491,0.1338650732087978
0.3971470449667591,0.3941121580941209,0.3930184374098455,0.38897368105518854,0.39434040782355395,0.3916728562827611,0.39024103782398634,0.3874283504395617,0.1652916149150392,0.16174633598841273,0.3824268439512118,0.3781636025072779,0.3854296712442782,0.3782932493393482,0.1528034484849144
0.39058786578024385,0.3877305329380025,0.38634635054682787,0.3864980720703102,0.38700062421972536,0.3869562002073727,0.3833328884499373,0.38137590498211216,0.1577389603868819,0.14042185045926214,0.3749672826257656,0.3815468541005535,0.3775228880565959,0.3692710140672131,0.097772879400961
0.3849395382924148,0.3852210427930922,0.385711663038632,0.3881172683953396,0.38524240532667503,0.38681148539279137,0.3798307663561381,0.380579692467143,0.1422080314380449,0.10978231945212653,0.3802020625032717,0.3913556610453985,0.3865220557636288,0.3789872674372048,0.0485032574378553
0.3854368423807778,0.3882157280872616,0.38537596055495815,0.39000976206467347,0.3857677902621723,0.38941129127448404,0.37887515682139716,0.3813568413082522,0.09603215932920559,0.08892692567258421,0.3942050986756006,0.3937947494033413,0.3946109030378693,0.3829111389904707,0.0472161381134996
0.38456786892111183,0.3891565043414109,0.385333997744499,0.38727621526509015,0.38616833125260097,0.38852624023653354,0.3776419400475136,0.38048690433994525,0.07465354260940119,0.06827528031831474,0.3910380568497095,0.3818091216659236,0.3867561381606326,0.3787470304033313,0.0269719896097758
0.38090875778673505,0.38081476565404987,0.38216580555482704,0.3789583573630329,0.38225135247607156,0.3809657526115661,0.372570269332408,0.37130290148123696,0.08013001770566308,0.10557879486761779,0.3641312882793278,0.3623226415589184,0.3658447773616313,0.3529348957638203,0.1801858239662239
0.3799612626289064,0.3772864460482408,0.37905531222953653,0.3746370340667222,0.3811329588014981,0.3779541416356203,0.37063235725916244,0.367395752221153,0.07904062975577365,0.10116117646224983,0.3702298068366226,0.3659943874741009,0.3719309196837286,0.3595814537009851,0.0923259396515139
0.3765167774695074,0.3725175096009194,0.37524194182905396,0.37385429239214335,0.37799105285060336,0.37557360309346527,0.36754130742332436,0.36610784090010684,0.07636752541982927,0.07915336289421102,0.3629796367062766,0.3722888090429856,0.3708125260091552,0.3635320182580146,0.0351377357581334
0.3726221012406429,0.37325557891103883,0.3725773033648928,0.37606004728894077,0.3746722846441948,0.37638808939758556,0.3649947948642661,0.36746475266513096,0.08805885928272619,0.08799317773880207,0.3747317175312777,0.3804715570825356,0.3780170620058261,0.3701785761951792,0.1056728074279842
0.37171648432183424,0.3776737100259148,0.37380471557082534,0.38002209242448926,0.3757178526841448,0.3815867190518514,0.3648559912446948,0.3709941725452455,0.10123162396218219,0.08960738949488666,0.3865099722556667,0.3879461826955861,0.3919839783603829,0.3780530123054748,0.0928358130070558
0.3797623409935612,0.38656933056326404,0.3821867869600566,0.3880923944513511,0.38332292967124426,0.38901453346694376,0.3727838133625177,0.37818745048114194,0.08471452532811427,0.09227170326188587,0.4043605716379624,0.4042329985050747,0.4038701622971286,0.3925740063529348,0.0976003307958843
0.38600219860754853,0.39152258534436246,0.3849930499095177,0.38540349704136956,0.38628797336662507,0.38826173503150674,0.37886981822064436,0.3821287929846342,0.08566058912135441,0.09386655504716211,0.4014290949065592,0.3800257022214064,0.3867561381606326,0.3900114779916186,0.0970562586177146
0.39025283986808346,0.3890926712325588,0.3867974507592646,0.3840392691248198,0.3886652101539742,0.3864073933363048,0.3809358567119558,0.37937326556128004,0.13351220353895626,0.1540429726468223,0.3842328430089515,0.3813108132917202,0.3826987099459009,0.3738622107145717,0.2743958078461426
0.3893524577291525,0.3828050497672468,0.3862466888719872,0.38193209529859606,0.38851955888472745,0.3833678641107339,0.3811333849398073,0.37663758281899895,0.1258090741912366,0.12508103532767686,0.3702298068366226,0.3777177476461486,0.3772888056595922,0.3711662173344368,0.067157160689386
0.38676647646966444,0.37973005516424,0.38112198064465364,0.37539561071870353,0.38428526841448185,0.3791827514102077,0.37789819288364523,0.3717174058875541,0.12295533789213993,0.10957640072230872,0.3735800659582265,0.3623226415589184,0.3708125260091552,0.3618770520246643,0.0785671315115724
0.3806574883526148,0.3777585804603982,0.3737365260038292,0.37269898224611975,0.3786620890553475,0.3780399227739573,0.37231935509702907,0.3693715430649875,0.11218675044341872,0.0876367316656319,0.3738156310527144,0.3673057253009522,0.3757542655014565,0.3646798174198542,0.0437573935522783
0.37296759671255836,0.372832265875691,0.36984447533373543,0.36865447112105915,0.37439658759883476,0.37383615880866117,0.365037503670288,0.36411510232929595,0.1415588756048916,0.1397301159187809,0.3629796367062766,0.360565448870938,0.365428630878069,0.353602220857913,0.2439168844250789
0.36840286865937294,0.3690245781648022,0.367499803299326,0.3689654651205971,0.37120786516853926,0.37147580513724865,0.36218135226757064,0.362603886119859,0.09388322967462918,0.10515927001079746,0.3614092027430245,0.3695874531196728,0.3667550977944236,0.3595814537009851,0.0360175781948306
0.3665916348217558,0.3664075979927138,0.36138372367489313,0.36168942658839276,0.36594881398252177,0.36464838666800065,0.35760617142247014,0.35783269511621735,0.1034784866088291,0.10848399512732683,0.3611736376485369,0.3471373495239842,0.3509935497295047,0.3482903131089341,0.1151334453603856
0.3624666282782809,0.3619234097420933,0.3588030108316504,0.35759931017316354,0.36212546816479396,0.3603308567521724,0.3535541734511385,0.3524274841334802,0.12709215183655437,0.13786781596828415,0.3529550332408523,0.349419077342705,0.3516957969205161,0.3416170621680059,0.1966354576501988
0.3602994294089934,0.3622754853968211,0.3585722153741246,0.36045012278655014,0.36059612983770284,0.3629230957901153,0.3515682139711182,0.3532016627622377,0.18671686639297236,0.20587219942364546,0.3629796367062766,0.3661517480133232,0.3681075738660009,0.3547500200197528,0.3418809663343681
0.3580432392817882,0.3587498856212976,0.354108421411524,0.3530489082103451,0.356476279650437,0.3568918571739901,0.3489736540052853,0.34901091551774127,0.16860858981154883,0.18837330012175077,0.3516986860702508,0.3382464790579349,0.3448293799417397,0.3406294210287484,0.1533755015179613
0.35284510286342463,0.35097276396460053,0.3470796506596029,0.34684713859358585,0.3500520183104453,0.34947250181414846,0.342524624295972,0.3417860453966339,0.2268308417418392,0.234625146029928,0.3354185206512065,0.3344435993600672,0.3346337910944652,0.3273363051544191,0.3271288378462825
0.34918075694917033,0.3482658120021555,0.34590469196674445,0.344985611082288,0.34910008322929675,0.3483929593173529,0.3400795451512159,0.3398790027261404,0.21872167910001122,0.18127930807036727,0.3428519080772655,0.3412625560596922,0.3462338743237618,0.3360649173851535,0.0745876321512458
0.3460241846830341,0.34456793197149405,0.34444123895197876,0.34402434481115085,0.3477267998335415,0.34720509952548184,0.33805087686517366,0.33707724206335854,0.253100511894195,0.24369607925395065,0.3371721719101711,0.3421018122688766,0.3448293799417397,0.3314737207377947,0.3685296216211174
0.3431764644296707,0.34595896646081586,0.343586246688872,0.34997515877336366,0.34557324178110693,0.35058332755159743,0.3374529535808666,0.34197162924164476,0.2082692753114035,0.20170564730943732,0.3487410354394596,0.3618767866977892,0.3573397836038285,0.3517604035982171,0.1177247834204107
0.3442967073234571,0.3497392778202714,0.3468173830942327,0.35145082621048856,0.3491052850603412,0.3545520838137019,0.33930544804206825,0.34461171727268214,0.23230918222842628,0.22566211024064997,0.3572999005391825,0.3544021610847385,0.3624895963379109,0.349891893334757,0.2735750361030752
0.3447730722923101,0.34575963371200485,0.3496236460436938,0.35045885550944983,0.34968789013732837,0.34888366136893484,0.3409070282678911,0.34152254694296585,0.1883282527355171,0.18618280362101214,0.3378003454954718,0.3484749141073724,0.3375468164794009,0.3353442062835332,0.1072241903817365
0.3460870020415642,0.34698027474918175,0.34884733405019797,0.3460995690370376,0.3493601747815232,0.3474542067608685,0.34095507567466576,0.33978341610165286,0.1810802786271348,0.13690445628378622,0.3494215568235356,0.3373809960922131,0.3445952975447359,0.336305154419027,0.0383477616093344
0.3461655237397267,0.3438417766331159,0.34968134490807523,0.34615700154411266,0.34916770703287564,0.34625848490674627,0.3420174572244616,0.33878415356335984,0.13488792890375662,0.13712559519059966,0.3375647804009841,0.3462718665582627,0.3438670411985018,0.3367856284867738,0.1375678730042266
0.3461655237397267,0.3454748629018971,0.34954496577408267,0.35116963137201734,0.3491677070328756,0.34995225113910705,0.34141953394015434,0.3421130314344669,0.12052100351781517,0.10671378229063422,0.3487410354394596,0.3611948910278266,0.3573397836038285,0.348770787176681,0.0458901564907033
0.3484688268858294,0.35325538069116336,0.3537674735765427,0.3592846542803579,0.3512848522679984,0.35765994159724634,0.3442329765368498,0.34939505639572266,0.175593232985697,0.25412124934125097,0.3688164162696959,0.3755147000970389,0.3730753225135248,0.3639591063182341,0.5489361834424845
0.3570957441239596,0.3624818976894832,0.3618348238873298,0.3691269914073411,0.3612203495630462,0.3675147287163776,0.35288150975629295,0.3591256617240648,0.1741805107127811,0.20280102589988627,0.3809349316861227,0.3888116656613076,0.38722430295464,0.378586872380749,0.1001605790171569
0.3648746270219337,0.3710932555641242,0.3747121613470062,0.38000722206842585,0.37082292967124425,0.3758792185061604,0.3640391853295252,0.37011495191110594,0.19537414289200777,0.18330599143508017,0.3883159713134062,0.4017676833905952,0.3926081980857261,0.3920935322851882,0.1443159225054679
0.37741192482856095,0.38081259352078956,0.3853235070418841,0.386447679723168,0.38299521431543904,0.3854956338105988,0.3745989376184503,0.37660476458453696,0.18391318473426727,0.14895835502856145,0.4002512694341203,0.3993285950326524,0.4047284644194757,0.3895843899313991,0.080263082215524
0.3866408417526043,0.3855036023670852,0.3923050696320386,0.38966602114164495,0.39094881398252185,0.38936634985348006,0.3820729786722901,0.37978350720498466,0.21710345299294093,0.16991940261373153,0.3948856200596765,0.3961027039785989,0.3971077819392425,0.38614099244588,0.2118414977840717
0.3932942469769146,0.39103021570847263,0.3985890004983084,0.39542213223722594,0.398226175613816,0.39606494345898535,0.38848463817633405,0.3851948060828078,0.29611548009706234,0.4279450413968515,0.4020834423912475,0.4069343544283879,0.4094621306699959,0.3960174038384541,0.9439963189630916
0.39608438465162543,0.3923153504922072,0.3999580371895408,0.39550037119730713,0.3998439450686641,0.3958143457156171,0.38948829511784966,0.38466492308464756,0.2935835236290546,0.31446362649027365,0.3948856200596765,0.3956568491174697,0.3953131502288804,0.3836051570883272,0.087500796677118
0.3939067162225829,0.387352776717536,0.393375121298749,0.3866179487770835,0.3958489388264669,0.38808728610199134,0.3842778207831728,0.3784570022603663,0.302862596903141,0.2732128472854825,0.3774276291681936,0.3688531039366363,0.3726331668747398,0.3660411606118037,0.1907112888759002
0.386316285400199,0.37900155625242427,0.38562249206640614,0.3779337821417017,0.38862359550561787,0.3815921066730712,0.37827723353709,0.37216515274057255,0.3065719255647079,0.2150784733647745,0.3622991153222007,0.360565448870938,0.3686017478152308,0.3595814537009851,0.0988097255233585
0.3815212270324033,0.3763044802418489,0.380723333945291,0.3758248258854755,0.38461818560133154,0.3800883152546511,0.37518618370125195,0.3716720162492783,0.2789890206234444,0.16802797326910104,0.3709103282206983,0.3716069133730231,0.3770807324178109,0.3706857432666899,0.0739269730777541
0.3767732816835052,0.37698422537681825,0.3719793333158488,0.3716213343507093,0.3768414481897627,0.3769183580404845,0.3695646371086139,0.3704179011246067,0.10846280955763812,0.1424737367240874,0.3783437156467569,0.3632143512811769,0.3705784436121515,0.3679096708752636,0.0913652636340601
0.3721614406114223,0.37526495515096614,0.3668546250885153,0.3710919922274069,0.37198293799417387,0.3749524384439684,0.3648079438379202,0.3668858309946907,0.10226380660876691,0.1138177517936456,0.3718264146992619,0.370033307980802,0.3710205992509363,0.3598216907348586,0.056505781932762
0.36900486834528606,0.3707248927131482,0.36428964829919475,0.3660707348149492,0.3686901789429879,0.3686914161689156,0.36148733416971424,0.36106992475338506,0.07824877156274616,0.09942387241102923,0.3616447678375124,0.3560282199900337,0.3561693716188099,0.3494381122707739,0.0706361136457965
0.369821494006177,0.3692773430176506,0.3670382123842744,0.36881657964207815,0.36994382022471906,0.3707509288539059,0.36214398206230153,0.3616681808902306,0.09649912870726886,0.12963641868934347,0.3663822436266554,0.3743082692963362,0.3748699542238867,0.3628646931639216,0.1900615112459719
0.3718473538187719,0.373198104439658,0.3689789923680138,0.37298132419195884,0.37147836038285476,0.37541843030543376,0.3622400768758509,0.3648341930382994,0.09322288149952498,0.10560619147257393,0.3810396272836728,0.3813108132917202,0.3847534332084894,0.3711662173344368,0.0575457370390348
0.37342825734177876,0.37754814738036907,0.3762910120905347,0.38191236609256646,0.3761600083229296,0.38160784797446445,0.3664255398660012,0.372835123967538,0.10695370878458929,0.12374392766817648,0.3862482332617912,0.3997744498937816,0.3939866833125258,0.388836985826015,0.1600194000593816
0.378301837407737,0.38376353659659707,0.38226546722966764,0.3879101052871998,0.38214211402413645,0.3880489412352998,0.37213784267143585,0.3780178175657027,0.12400244366132585,0.1297457705509326,0.3961943150290531,0.3999055836764666,0.4009311277569705,0.3883832047620319,0.1417494563164448
0.3836779563419358,0.38535081190056686,0.38928374727897397,0.38897994360365495,0.39001768622555133,0.3905483716988279,0.37914208685903433,0.38016498944672383,0.14540064697954436,0.14570622377958473,0.3885253625085064,0.3911196202365652,0.3955472326258842,0.3844593332087662,0.177627130236889
0.38905931005601213,0.387996878666057,0.3929974560046158,0.39027890004395177,0.3947409488139825,0.3931943368545661,0.38370125190187665,0.3819968324238603,0.12872872094848872,0.13270477621662105,0.3932890121970372,0.3928768129245454,0.3984862671660425,0.3856605183781332,0.1067018810906937
0.39065068313877405,0.3883300833431987,0.3903852710535287,0.3829358962080627,0.3925821889305035,0.3867827691667422,0.38480100365694164,0.38021954698582744,0.16522321726978356,0.168475923692917,0.3889964926974821,0.3682498885362846,0.3739596337910944,0.3766649761097618,0.2400182186455089
0.3871224415013349,0.38175573058699763,0.383713184190511,0.37742860266493955,0.38835830212234707,0.382144262535076,0.38005498758775336,0.3751819998172428,0.16775548463617884,0.16987752809239734,0.3686070250745955,0.3664140155786932,0.3728672492717437,0.3651069054800737,0.1726807368913581
0.38016541904412915,0.37497355463900656,0.37661097852028624,0.3730839202184073,0.38104452767374114,0.37621692686136426,0.37466833942823596,0.37060465453297686,0.19931073827485585,0.2130935935648748,0.3614092027430245,0.3643945553253429,0.3643622555139409,0.361449963964445,0.2995257245098298
0.3788514892948751,0.3773009410134165,0.36959269847098,0.36739868680894944,0.373215771951727,0.36961243591284737,0.3716733844059473,0.37023128905442554,0.2424407388811077,0.273154773465966,0.3819557137622363,0.3560282199900337,0.3564034540158134,0.3694845580973229,0.3932771332681483
0.36980055488666697,0.3675454073942765,0.35668388890345915,0.3543767129016135,0.3609394506866417,0.35877651088877016,0.3623575260924113,0.35984793497310136,0.2656990472518913,0.25643432329218124,0.3480343401559963,0.3283327650869416,0.3371046608406158,0.339081226810453,0.2229934229446118
0.3583206826152959,0.3555626487097267,0.34955021112539,0.3471116418163885,0.350296504369538,0.3460993079943722,0.3510503696981022,0.3466083546948064,0.2820899211406239,0.2782804115578448,0.331597131340627,0.3325814996459386,0.3207449022055764,0.3201291941382165,0.3219725880891718
0.3410092655603831,0.331058412406495,0.3308767604710324,0.3224233486465608,0.32619642114024133,0.31485514970466816,0.33347569602007326,0.32348341549318055,0.34578367379297575,0.34923677442293566,0.2820499398000314,0.2730467623069055,0.25236683312526,0.2772335370899288,0.4911495001531175
0.31358948856200597,0.29547571418804286,0.3082115974717406,0.29863847920733505,0.2946317103620474,0.27874966701076925,0.3092064169981049,0.29569013328032145,0.4354402398891956,0.4820940346122669,0.2243103177511386,0.2510687403288836,0.2065387016229714,0.2401035688546033,0.7478085549909295
0.2836046694236507,0.2743276821488487,0.27747383881035426,0.2665387950325907,0.2656991260923845,0.2564132888963458,0.2790379841443558,0.2700075534630735,0.43481502323188187,0.45144637306870433,0.2320316180704602,0.202339426683102,0.2117405326674989,0.2186423938285775,0.3901510499815792
0.2563000575825786,0.25338888174944446,0.2614755173227727,0.26047291590473837,0.24200998751560543,0.24382851524980406,0.2601233216773884,0.26150767380058765,0.4295247762697477,0.3664783114237833,0.2115112809506361,0.2483411576490336,0.2186589679567206,0.2445079144756159,0.1965421881339412
0.24181018688164166,0.25530851377827696,0.24644758582706078,0.2594625579922853,0.22941635455680393,0.24847792263705903,0.24596535248111467,0.25745156525267443,0.42904506005779586,0.3508435432923263,0.259147777835942,0.2574418421673792,0.2577767374115689,0.249339348156848,0.3195740070294125
0.23855415379783285,0.2587956006458471,0.2478061318156784,0.2662548694115214,0.23392114024136493,0.257282202274061,0.24403811760937458,0.2608334977455257,0.35684823650662123,0.2772841563272989,0.2657697743809873,0.2798394922499936,0.2748907615480649,0.2675973627312282,0.1301653823972442
0.24702402763963777,0.26141696275061915,0.25143066956909443,0.26723372263966877,0.24632750728256342,0.26104498045902863,0.24870405466727172,0.26170008321171345,0.24479921404887622,0.24737725178560074,0.2666596869601633,0.2691914290959636,0.2685705368289638,0.2634332541440889,0.1875634427022044
0.2560801968277234,0.2667154631707089,0.2657085158278476,0.26939870108540187,0.2591760299625468,0.26602436899515763,0.25927448415770227,0.26496490256805244,0.21953840916404074,0.25286717637620115,0.2773124640108882,0.2737286579768681,0.2759831460674156,0.2714945412807303,0.2638470255574019
0.2625294456368109,0.2590628171124972,0.26166959532114664,0.25564798576211084,0.2609290470245526,0.25315759708568836,0.2560820009075621,0.25282510112034007,0.3628610113213647,0.47296318389098774,0.2437575249960739,0.2281465551155288,0.2274240532667499,0.2285454982249153,0.9131551989205609
0.25380830236088564,0.2445558985604367,0.25287314117863047,0.2415851809930066,0.25361007074490216,0.24249901672823113,0.25096762138643464,0.24313921759729692,0.32529547005504444,0.3592242228265956,0.2155420614563157,0.2134595714547981,0.2211818560133166,0.2237674505512106,0.1317463006978114
0.2479767575773438,0.24190794919471714,0.23972829080227648,0.23242853411807896,0.24326883062838114,0.23606086480730734,0.24220163895043118,0.23668196191526816,0.32886769252771264,0.2888249801379254,0.236612050463278,0.2141152403682237,0.2231845609654598,0.2237674505512106,0.1480264947605849
0.23915091870386845,0.2354487969940736,0.2353746492171313,0.23742676313546526,0.23455056179775274,0.23236697409681217,0.23601420067800233,0.23528666220416036,0.33075391304482993,0.2582148351878805,0.2225304925927865,0.2474232211702378,0.2249791926758219,0.2324960627819448,0.1969945452877908
0.23181699209548237,0.2371801416523683,0.23103674368590835,0.24229755219722793,0.22843841032043274,0.23671877895814664,0.2294583989536343,0.2364296190224036,0.4634860725294847,0.481312497785479,0.2406428309689577,0.2520391303207532,0.2454223886808156,0.2387155326588901,0.927507822980676
0.2335549390148144,0.2422691809658236,0.2315455427627265,0.23842855163135854,0.23055555555555549,0.2371491124528856,0.23186076929236848,0.2378055293211311,0.3234282143395662,0.3918303011806421,0.2524472595927342,0.2306905504996197,0.2380097794423636,0.2405573499185862,0.2128659079709683
0.23595246819871224,0.23735602310248397,0.23808125049175163,0.24099840445421364,0.2313618393674573,0.23317049999286563,0.23411899741077863,0.2368898832618412,0.32263044907717575,0.3038060255823811,0.2275297073758048,0.2461381100999239,0.2252132750728256,0.2350585911432614,0.1277574743858591
0.24055907449091762,0.24478570937642433,0.24986755487948803,0.2516811904051109,0.2404858510195588,0.24504853973723292,0.24126204521794836,0.24442081870358057,0.315761460103187,0.24043120035180124,0.2596450819243051,0.2730467623069055,0.2688046192259675,0.2594826895870592,0.1136815498906415
0.24956289588022823,0.2523736727640627,0.25521781321303993,0.25917896454940637,0.24920411985018723,0.2528892054344765,0.24749753089715182,0.2508383761950412,0.3085797073513477,0.2139827274107322,0.2675495995393394,0.2741745128379973,0.2685705368289638,0.2636734911779623,0.1610857815285941
0.25802230016227823,0.26256239930244435,0.2615594429436912,0.2673684026909407,0.2577715355805243,0.26467929273381796,0.25535061260443637,0.25988589786179833,0.15123869690049843,0.1895894085159647,0.2829398523792076,0.2837472789740094,0.2882594673325009,0.2779809411953127,0.1408027707264296
0.264628592367691,0.2702011730748956,0.2707073356238034,0.2703889397606874,0.2670359966708281,0.27123022345383957,0.26324640311774283,0.2666026994029051,0.22624883996039147,0.32236514676745426,0.285478720619798,0.2764300139001809,0.2843320848938828,0.2800363024851187,0.5879166232704334
0.270575302308538,0.2658885344099437,0.27214456188203207,0.264700706970814,0.27352788181439863,0.2667110492327858,0.2655847102474441,0.2599851751991926,0.211370797625358,0.23269918541520015,0.2572632570800398,0.2533242413910672,0.2576727007906783,0.2467501267917677,0.0533672627106919
0.2612102811076794,0.2481990149133,0.26421359070523753,0.2542644401215202,0.26291094465251763,0.24971401062737808,0.25769959693564315,0.24667582447547987,0.2343682622490077,0.23135574794643013,0.2128199759200125,0.2333919064229327,0.2157199334165626,0.2200571230280543,0.2286688730088901
0.25745170915563,0.24838492320189734,0.26149125337669493,0.2563639021461083,0.2602215980024969,0.2515172749445386,0.2541387502335638,0.24640696887284172,0.22520701946379346,0.1926636878317943,0.2487567397790921,0.2605628261952846,0.2551238035788598,0.2458692576675654,0.1152795676025226
0.2508454169502172,0.24889274591864616,0.25368092527997066,0.25247448092753483,0.2531367041198502,0.25195651593611496,0.24776446093478902,0.2463078108157074,0.22127260036965804,0.1688193503064471,0.2499083913521437,0.2446956384903879,0.2528349979192675,0.2461094947014388,0.1211306752557527
0.2402502224781448,0.243429413365576,0.24159039051640488,0.2403087673124739,0.24032979608822305,0.2414035255359923,0.23517070175906896,0.23656104274597778,0.15572496063249155,0.1992723750658317,0.2325027482594357,0.215977340082352,0.220297544735747,0.2170675066065185,0.2601784245846009
0.22841438517510335,0.22831429909866152,0.23389021479713606,0.23181363247322365,0.22933312526009156,0.2284987992406685,0.22568400822144521,0.22414624819853488,0.20129613537759372,0.22658929552262208,0.1980840705648326,0.2148233627947232,0.2026893466500208,0.199316659103649,0.2812231364362029
0.22904779354028162,0.224205205314409,0.23198090692124107,0.229157543996635,0.23068560133166877,0.2264933040852619,0.22379948215572706,0.21964232969884442,0.17966102748808083,0.19122397486885656,0.2159870177459039,0.2238453670434577,0.2224823137744487,0.2106344926994635,0.1204933335613255
0.2246715175626865,0.2250952568399782,0.22681423588344826,0.2310148529998635,0.22415730337078651,0.2251563073149908,0.22038811627472446,0.22269902922008045,0.20271818460213545,0.20433776763683628,0.2268753598911166,0.2347294710063205,0.2224823137744487,0.2288124282625525,0.2305653531727957
0.22448830026697375,0.23306093951784546,0.22858191927404334,0.23852125381436343,0.22433416562630054,0.234677307942273,0.21960868056482402,0.22920345819736587,0.367421890666364,0.45110824695018925,0.24899230487358,0.2535340554433634,0.2537193091968374,0.2422123161519367,0.9446492055768952
0.2237187876249803,0.23159235469505313,0.23224317448661122,0.23710870792463937,0.2266125676238037,0.23368139020260292,0.22108213437258098,0.22761389734667836,0.3365372448495795,0.3359905631336857,0.2286551850494685,0.2342836161451913,0.2316895547232627,0.2244347756453033,0.1057551955006785
0.2320892006491127,0.23437361502520024,0.2360827716436308,0.23607958814303331,0.23417602996254688,0.23595647958298094,0.22771801510824013,0.2292412858251005,0.2909393328431501,0.2417382342238091,0.2399361356854944,0.2340213485798212,0.2405066583437369,0.2324960627819448,0.0532335764040559
0.23529812071402395,0.2335929493736202,0.23210155000131133,0.22536614503930888,0.23242821473158556,0.22855206559520133,0.22941569014761232,0.2258684798488418,0.34550386524420273,0.2922641546714024,0.2320316180704602,0.2039392588318601,0.2137432376196421,0.2191228678963244,0.3933159955665889
0.22212741454221846,0.2094025759264432,0.21968055810537906,0.20778560053509243,0.2217280482729921,0.20869520422396137,0.21531110695886607,0.2033421573388349,0.366465878124723,0.3066345756394005,0.1610218290320892,0.1726245115266595,0.1689814814814815,0.1582895123188211,0.3353754175753967
0.20770559597968904,0.1985627879712731,0.20740119069474675,0.2025694731534622,0.2056023720349563,0.196827112151527,0.2021140858980861,0.1943038418419022,0.22129840493582265,0.2773603303037316,0.1768832120609329,0.1921372183902017,0.1730909280066583,0.1762272108480368,0.2188118396323937
0.20504109302203846,0.20415274873458725,0.2026016942484723,0.20514169340691443,0.20219517270079063,0.2027692607851628,0.19940207671569282,0.19982747113904709,0.23570294902665467,0.244166192187434,0.2153326702612155,0.2102861339138189,0.2146535580524344,0.2108747297333369,0.1777779159548388
0.19926189603727165,0.20644854941027835,0.19368459702588575,0.19990641642690585,0.19396587598834786,0.20163289878394955,0.1933107332568134,0.2005647625885473,0.2548300396239993,0.21240047125521566,0.2110401507616605,0.1894358624668887,0.1993601747815231,0.2020393454875477,0.148869029390779
0.1953305763492645,0.2084240394836604,0.19340134805528603,0.20077861561089097,0.19086038285476487,0.20049385650654206,0.18944024771107493,0.20029998844824223,0.27587879315463915,0.30778690191007313,0.2123750196304245,0.2025230139788613,0.1982157719517271,0.1997704401676321,0.498559763219788
0.20040831283044547,0.20108619680177162,0.19348527367620447,0.19153379028434458,0.19368497711194338,0.19469738859348604,0.19315057523423113,0.19248037561036221,0.3155951294658609,0.38317696765055054,0.186410511437994,0.1730441396312518,0.183104452767374,0.1768411499346021,0.5339570991315052
0.19905250484217138,0.19075885524103522,0.18506123947651396,0.17769487598681274,0.1908499791926758,0.18277023853243082,0.19039051864506312,0.1824625597076404,0.434506301133069,0.5265738777565119,0.1701041721195624,0.150017047391749,0.1589159384103204,0.1624269279021968,0.8133676979684344
0.1835784955242632,0.17316011138458168,0.17653754360198276,0.1743524688382628,0.17566063254265502,0.16808243395573066,0.17848010036569414,0.17208258591725759,0.4881996962522752,0.49979754902129786,0.1379626236716746,0.1676676545411629,0.1387068248023304,0.151322638336492,0.4462448915508699
0.17501963042454063,0.171522016010737,0.17558288966403524,0.17778917681789227,0.16977215980024968,0.16869422632698594,0.1722072444812215,0.17161341263323318,0.519624683466579,0.4351963545016313,0.1682458252630476,0.1846625927771512,0.1699178110694965,0.1706750660651844,0.3059939654622981
0.16954405067266917,0.17601371763084708,0.17654803430459753,0.1876423636058191,0.16811277569704533,0.17576910136322577,0.1706857432666898,0.17846325312048006,0.4655230787645518,0.3661481495709715,0.1849971208710673,0.2073487371816728,0.1899188514357054,0.1921629340949738,0.2280517397096519
0.17437575249960738,0.18753215194479309,0.1817671588554643,0.1914748298657413,0.1724406991260924,0.18542742421302028,0.17499399407415317,0.18510297007095966,0.38399899268922427,0.28621098929893685,0.210569020572685,0.1991397623855857,0.2047440699126093,0.1983824039719189,0.1263366687548675
0.18400251269434117,0.1977674256609392,0.19862047260615276,0.20574442529222461,0.18618913857677905,0.19950432802993143,0.1863331820729787,0.1964429360127479,0.2439206152057291,0.2284659297162774,0.2182379730932314,0.2342836161451913,0.2276581356637537,0.2191228678963244,0.1129758105509585
0.20110453855415375,0.2063358680975386,0.21117784363607753,0.21398112009174527,0.20478568456096552,0.21023273692770852,0.1996209593465553,0.20354913224329027,0.2865491367129023,0.37210645283976357,0.2234727529707375,0.2304545096907865,0.2316895547232627,0.217761524704375,0.6593874990867359
0.21558393969533576,0.21777152238801165,0.22309528180649899,0.2240706746042497,0.2191687473990845,0.22076619970516953,0.21172356725302302,0.21276212336136782,0.26362286781999594,0.3118585088924311,0.2406428309689577,0.2442497836292586,0.2418331252600916,0.2311881055975229,0.1913626209977662
0.23028320159137308,0.23134549170909233,0.23383776128406195,0.2364008279259957,0.2329223886808157,0.23340648575156675,0.22256626538184343,0.22396689048727056,0.258597195385646,0.2755467984409215,0.2584934303512537,0.2610611345694877,0.2586870578443612,0.246376424739076,0.2029233775379024
0.23918756216301099,0.2392606022830198,0.24132812295103462,0.23646440885748013,0.24105805243445694,0.23741178672798302,0.23091049835838034,0.22934578327638147,0.26214889856473744,0.23172959384405592,0.2550908234308747,0.236591570720449,0.2454223886808156,0.2401035688546033,0.1440951846503248
0.24244359524681985,0.237679781026105,0.24563980172572059,0.24292360924452713,0.2426862255513941,0.23687419156813516,0.23625977631262854,0.23485360807344277,0.2749591557243387,0.21349542801235885,0.2345181385122755,0.2558420100186211,0.2357990012484395,0.2458692576675654,0.1770270963489647
0.24823849657121916,0.2426022738816481,0.24772220619475988,0.24223791684167909,0.2458853516437786,0.2404778561071518,0.24101646958332226,0.2370840690682431,0.19887112795489476,0.2353127387547446,0.2524472595927342,0.240866532035983,0.2476851851851851,0.2415449910578437,0.2789473602395161
0.24836936606815682,0.24216724207231408,0.24677279760811982,0.2413261914598054,0.2446785268414482,0.23891823782091437,0.2405413341163282,0.23432685546634624,0.1840123613198879,0.19589808844407372,0.241297178453646,0.2395027406960581,0.2357990012484395,0.2288124282625525,0.1170687878227319
0.24697167984086268,0.24527982778647042,0.2471819350100973,0.24858640149966202,0.24508426966292135,0.24618408253118526,0.2409577449750421,0.2390373966551127,0.17203593363563008,0.1782791386682536,0.2515049992147831,0.2631068215793752,0.260715771951727,0.2484584790326456,0.1430412391166133
0.24924880908757788,0.25234537507913046,0.2555640063993286,0.2585582435553098,0.25092592592592594,0.25566627835273636,0.24621626671649363,0.2481569902906955,0.21549393204072134,0.2393144846707628,0.2664764696644505,0.2785019276666054,0.2746306699958385,0.266396177561861,0.3613851766757812
0.2573993613568549,0.25998721667230723,0.256413753311128,0.2590690772294126,0.2572981689554723,0.2596642577005481,0.24917919013426584,0.2523326184459391,0.212181309721637,0.2130309846983562,0.2752708998586609,0.2600907445776181,0.2676602163961714,0.2606838747564264,0.160463984753543
0.2617285243155525,0.2646891692436122,0.26311731228199003,0.26417416044970615,0.26034644194756557,0.2607516885155825,0.25332194431839417,0.2556413329567879,0.21626527094017217,0.24180971190963474,0.2740930743862221,0.2743843268902934,0.2629265501456513,0.2622587619784855,0.2993671663321918
0.275757734387269,0.2802738557664843,0.2791103884182643,0.2826054807589472,0.2755149812734082,0.27771502496960593,0.2704802071377092,0.2752954694242345,0.301869276554997,0.34290274657204195,0.3114432288122285,0.3194681213774293,0.3116416978776528,0.3146037423591277,0.5450888158968563
0.2879128932628383,0.29094283504186597,0.28971648876183487,0.2937827616050408,0.28692779858510187,0.2910699694831358,0.2814083228785736,0.2845633321951454,0.3191107684319994,0.30501806388190306,0.3122807935926294,0.316137323297228,0.3177798585101956,0.3030990577369672,0.2292486985016252
0.29301680364340676,0.2912938972170083,0.2896063363843794,0.2885055629964699,0.28942987931751973,0.28976033754139974,0.28432853749032383,0.28337463833696774,0.2669612947052448,0.23689131193527155,0.2919960215672931,0.2779511657793281,0.2871410736579276,0.2809972506206124,0.1006378080420085
0.28667748521174685,0.2753873673781259,0.28703611424375153,0.2747502532891395,0.28548689138576777,0.27582198394007035,0.2812695192590023,0.270712686757918,0.28210795324710036,0.23665996711112117,0.2435743077003611,0.2472396338744787,0.2479452767374116,0.2453887835998185,0.2361972774628204
0.2845940428204993,0.2714835323954122,0.2851320517191639,0.27145484028187816,0.28594465251768625,0.2722864412284614,0.27965192323092125,0.26519871845130544,0.23747786792103792,0.18317889130804063,0.2636758624299847,0.2648640142673555,0.2652153558052436,0.2541707818380803,0.0762167397018795
0.2780348636339841,0.2738714658901589,0.2783865299378426,0.2762167310115263,0.27774136496046614,0.271732714182825,0.27134506045965356,0.2678222884684668,0.16150984692917877,0.17720216451788065,0.2786473328796525,0.2857405124708225,0.2706252600915522,0.2730694285027895,0.1652487109375607
0.27083180652253575,0.27466947993856833,0.2706129193002701,0.27656757737747273,0.26939762796504374,0.2731755339662445,0.2634866401516163,0.2664838443779048,0.1408347932603446,0.16009258639773857,0.2762655080353872,0.2772692701093657,0.2760611735330835,0.2638069561967808,0.1258734301574544
0.2678479819923572,0.2754719529311791,0.2714049673476881,0.2783488535904545,0.2675197669579692,0.27470094551834806,0.26116968742492597,0.26746005858099015,0.1360746280489415,0.13234071826015667,0.2770768989164006,0.281911406016418,0.2777517686225552,0.2694124869871608,0.0768369819849929
0.27666335130607755,0.27953168671044043,0.2808780718088594,0.2837676211204147,0.2754265501456513,0.27896036123750595,0.26854763366521645,0.2723995439877503,0.14471169615278776,0.18135468483412173,0.2876511542689631,0.2946051561803351,0.2874791926758218,0.2822785148012707,0.2793826179820518
0.2762236297963671,0.2735135427674377,0.2772115712449841,0.27135558456293624,0.27317415730337075,0.2706247046896177,0.2674852521154206,0.26455265402153394,0.266292863172065,0.34894398148883643,0.2614772548814322,0.2465315114479792,0.2539533915938411,0.2488588740891013,0.6841225747982658
0.27269015337905045,0.2693356787759816,0.2714574208607622,0.2665603098918618,0.2704223886808156,0.266038608786004,0.2624189200010678,0.25894769199136447,0.24835744609410573,0.2578198628418123,0.2609799507930693,0.256969760549713,0.2568664169787765,0.2477377679310255,0.0755716255477641
0.2716798408626918,0.2699617676685189,0.27183508615489527,0.2707594054545848,0.27127028714107365,0.27079262780212726,0.26303285908763324,0.2615906785374456,0.2316771258065869,0.18603718480116163,0.2712139454535937,0.279157596580031,0.2803006658343738,0.2668766516296079,0.0424718287198603
0.27081086740302573,0.2708851889850361,0.2682000576988644,0.2684183582151444,0.26934040782355384,0.26989587587973696,0.26090275738728885,0.26064777852011006,0.2487339440413991,0.17806514758712577,0.2727320316180704,0.2637362637362637,0.2681023720349563,0.2587619784854389,0.162121073159054
0.2656127309846621,0.2678102833824057,0.2621206955335834,0.26701502059473964,0.2651581356637537,0.2687865278787649,0.25579905506766687,0.2593518534144602,0.21356822742838832,0.15322811003041648,0.261660472177145,0.2642083453539301,0.2665678318768207,0.2567600032031605,0.1035540349169979
0.26297963670627655,0.26131078341810526,0.25930918723281493,0.25550133704453876,0.2614284228048273,0.25762596101891305,0.25359421295678414,0.2521794567878694,0.10562026560049236,0.15027966190653963,0.2483117834895043,0.2324739699441369,0.2353048272992093,0.2378346635346877,0.1443827656587859
0.25918442129508457,0.2548751468577733,0.25459361640745887,0.24813152683733675,0.2577403245942572,0.2512259493212507,0.24939807276512832,0.24370532684949509,0.10551020757130831,0.12519355307164107,0.2420038737371094,0.2333919064229327,0.238425925925926,0.2267570669727465,0.0750213354018439
0.24819138355232168,0.24199968348510859,0.24095570300820893,0.23574369441948492,0.24411152725759466,0.2382028592645208,0.23620105170434832,0.22943406667489938,0.15388817295899085,0.178249587267185,0.2162487567397791,0.2109680295837813,0.212156679151061,0.200891546325708,0.2843616556582729
0.23585300738103965,0.2316798392439592,0.23012405255842006,0.22702180010876305,0.2331980857261756,0.22998029430230085,0.22454688626111102,0.2197864282063504,0.1638275944081815,0.18943911831312576,0.2110401507616605,0.2095780114873193,0.213535164377861,0.2004911512692524,0.2118181804050073
0.22297021410249704,0.22020206142411677,0.21417818458391244,0.21284086856630605,0.21853932584269659,0.2177448736880091,0.2098230253850466,0.2075711850785131,0.22880722279133892,0.2691101378196788,0.1972465057844318,0.1844790054813921,0.1932740324594256,0.1831406988228385,0.4284521768327848
0.20968434277338638,0.20742884989739488,0.20399171234493427,0.20240778196061934,0.20855701206824798,0.20696100193432818,0.19768304727330968,0.1974257143776764,0.23553568569416602,0.23874845193742641,0.1818824268439511,0.1815416087492459,0.1853932584269663,0.177134772976003,0.1780250801729216
0.20461184107208288,0.21049968834179392,0.2005874793464292,0.20706210178388199,0.20447357469829375,0.2106435809816037,0.1931132050289619,0.1995864281687868,0.2605598969060946,0.22587976511211316,0.216641365230592,0.2163707414304073,0.2180087390761548,0.2039078557510076,0.2001423914614866
0.2049625713238758,0.2130005948941105,0.20234991738571692,0.21130147444932793,0.2067207657095297,0.21489326539014944,0.1948268958705923,0.20287761895714454,0.27952842932580113,0.2769879493270107,0.2180024079987437,0.2197802197802199,0.2233926342072409,0.20946000053386,0.3792043177568059
0.21319688007119303,0.22607096142882246,0.21328647486165392,0.22895458258855336,0.21582397003745318,0.22961257226592569,0.20498625310306168,0.21901439178196278,0.3196557733053316,0.322143599652227,0.2522116944982464,0.2642607988670042,0.2590511860174782,0.2512879374315993,0.4124549003026596
0.22604302989059305,0.23787305924635904,0.22833014241128802,0.23920216946888984,0.23034748231377442,0.2417055794576278,0.2192883645196594,0.23089334648991755,0.29438191068822006,0.31545668768389373,0.2614772548814322,0.2596973432295628,0.265891593841032,0.2546512559058271,0.3020828637472271
0.24389886405276656,0.24896923871584556,0.24380392876812929,0.24577162649041062,0.24687369954223884,0.25047850116151466,0.23561914422229932,0.24019178815634593,0.3047730674944853,0.28696474652401177,0.2711615976548186,0.2589105405334522,0.2680243445692883,0.2587886714892027,0.2299808642042478
0.25552531016070773,0.25757069106732966,0.25478244905452546,0.2542688652810698,0.2581512692467748,0.2584511966406214,0.24779649253930547,0.24839272454957664,0.31704609224044245,0.27847900274643195,0.2747735957702978,0.271263342862388,0.2743965875988348,0.2647945973360381,0.2615075151912724
0.2657278961419672,0.2613855733465667,0.2645492931889113,0.2590507236714296,0.267863087806908,0.2629513734297165,0.2575768091183301,0.2517156775093789,0.2827117179156749,0.25483015054194397,0.2690153379050409,0.2686144404521493,0.2719517270079066,0.2583615834289834,0.2075324461329681
0.26789509501125475,0.26193961184593917,0.26612814393243983,0.26341883330916877,0.2693872243029546,0.26419153845238136,0.2597923284307183,0.255265629670766,0.23856694497253975,0.23379711222362395,0.2630476888446841,0.272155052584647,0.2666718684977112,0.2623655339935402,0.1917310355869839
0.2673716170235041,0.26091302954485246,0.263091085525453,0.25711657260432214,0.26655742821473155,0.26004189676822653,0.2583615834289833,0.2526762634128947,0.25941361455128803,0.29130347869607204,0.2588598649426791,0.2445120511946288,0.2517426133999169,0.2474975308971521,0.4063162116409683
0.2630110453855415,0.2570615995182368,0.2639355870859451,0.2591220645148522,0.2645235122763213,0.25931285280456334,0.2568614366174626,0.2522134880857962,0.24468013996645394,0.24630681622407383,0.2493587394650055,0.2631330483359124,0.2578547648772369,0.2512879374315993,0.1563134912800774
0.25703816154530695,0.2530107918685329,0.25758346665267917,0.2525822899085875,0.2579692051602164,0.2534169192091457,0.25031631209460004,0.24549865029777262,0.23306777429398848,0.2320197730923643,0.2449091765691252,0.2395027406960581,0.2416250520183104,0.2320689747217255,0.2034456868289452
0.25287127676281207,0.25140083257654416,0.24965249547588453,0.24470805479511712,0.25056179775280907,0.2472495094630537,0.24583722606304895,0.24232115128892429,0.23962213409980135,0.23478126378225364,0.2481809139925666,0.2289595845681764,0.2349146899708697,0.2359661532712276,0.2403042451620324
0.2452756111605507,0.2426236753288218,0.2386582391355661,0.23553329349109633,0.24171868497711196,0.23898510784844443,0.23582201105090364,0.2323105871702208,0.34631872991790713,0.3982588474140067,0.225069360833377,0.2171837708830548,0.2224563046192259,0.2122894589328138,0.7252140146775128
0.23887871015023818,0.23737423684958672,0.23390070549975084,0.23059698999924835,0.23695380774032454,0.23529614763762294,0.2290846969009423,0.22614404482926234,0.36947008924338204,0.43953023436545197,0.2268753598911166,0.2207243830155524,0.2279182272159799,0.2138109601473454,0.5220730082683426
0.23435586033607284,0.23383098803111743,0.22572320281150823,0.2278131716310654,0.230935289221806,0.23278482251996332,0.22214451592237677,0.22295837406576544,0.5150986247409827,0.5878388791663282,0.2267444903941788,0.2222455348946995,0.2277621722846441,0.2165870325387716,0.8844561687680806
0.23028320159137308,0.23073595296928706,0.21991135356290478,0.2220232792383906,0.22627444860590923,0.22796349799291768,0.21791634412620456,0.21894828795746504,0.5425633882949865,0.505482420977207,0.2245458828456263,0.210443494453041,0.2183208489388264,0.2109281157408643,0.3407695045989644
0.22599591687169548,0.22940546544425097,0.22237666867738462,0.22844423953911885,0.22618081564710774,0.23012450705423257,0.21643755171769485,0.22215625571453637,0.6483151639134023,0.5933426550695083,0.2267444903941788,0.2412861601405753,0.2344465251768623,0.2285721912286791,0.7690631232541112
0.22885934146469133,0.23273247156228605,0.2267355556138372,0.23195556154785182,0.22940074906367033,0.23293499527016803,0.21922963991137928,0.22352080377676953,0.6208323682529219,0.5914951155047093,0.2393864837983562,0.2389782055653178,0.238555971702039,0.2262498999012359,0.5878000363751112
0.2321049049887451,0.2361893735453192,0.23265231188858868,0.23807309582833783,0.23406679151061166,0.23903947666367417,0.22375143474895234,0.22782051396291658,0.5984961844995389,0.5311274401702821,0.2431031775113855,0.2503081643893099,0.2512484394506865,0.2364199343352107,0.4103920895014278
0.2373239805266188,0.24173953839139517,0.23948175929082843,0.24417965452085796,0.24041302538493542,0.24585743166120375,0.22918079171449163,0.23312494843076714,0.5178848960899863,0.5145515356869605,0.2528398680835472,0.2563927719058982,0.2594933416562629,0.2437338173664682,0.4813997267203173
0.24321310788881326,0.24582353214646294,0.24837787510818526,0.24776112752718038,0.24933936745734492,0.2515558075410938,0.23564583722606308,0.23650108005341855,0.5402984935418631,0.49398018774408986,0.2539915196565985,0.2549240735398252,0.2629525593008739,0.2432533432987214,0.4528374918583485
0.24861540072239957,0.24846767295167882,0.24809462613758546,0.24513072344731238,0.2519610903037869,0.25022225149708655,0.23777060032565464,0.23739938894449134,0.5262608095483111,0.5622783595915104,0.2537559545621106,0.2398699152875764,0.247555139409072,0.239196006726637,0.6988747032863514
0.2487096267601947,0.2455976532968965,0.2505966587112171,0.24724993844270018,0.2540782355389096,0.2498620669572753,0.24017830926514158,0.23769574082921774,0.5144190008658519,0.5510492373819452,0.2398576139873318,0.2514883684334759,0.2491416978776529,0.2382884445986706,0.528590992962815
0.24995550437104125,0.24684262405313703,0.2512942904351018,0.24943206663137793,0.2555399500624219,0.25276038199426626,0.24113391879988252,0.23886315455578364,0.4987027764780497,0.477969814108769,0.2493325655656181,0.2537963230087334,0.2585570120682481,0.2411979820089154,0.3318109675624167
0.254028163115741,0.25562946997110675,0.25453067219177006,0.25714627131733175,0.2600031210986267,0.262443320275273,0.24519659397271973,0.24725783411407387,0.4812651077185187,0.4500503370467335,0.2732031618070462,0.2725746806892393,0.2818091968372866,0.2640471932306543,0.3942113829226624
0.25681306601057424,0.2597249913576594,0.25806079362165285,0.26228907444130095,0.26222430295464,0.26631503637716214,0.24841043162587084,0.2512793999308749,0.43773498088752144,0.3784291772656098,0.2679160341307648,0.2725746806892393,0.2740584685809404,0.2593225315644769,0.2351868577033625
0.25889650840182177,0.2612077164112223,0.26353694038658243,0.263942932664942,0.2660944652517686,0.2665120078830131,0.2516776552865493,0.25269697496392646,0.3252435500243277,0.2977586345005339,0.2641731665183481,0.2672506491122242,0.266905950894715,0.2555321250300295,0.1364175489703822
0.2642359838768781,0.26299014139501925,0.265168244643185,0.2625102516821242,0.26973574698293795,0.2667907074331753,0.25437898726743713,0.2523963514769875,0.2364164608260258,0.2266576053241245,0.2665549913626132,0.2596448897164887,0.2673481065334997,0.2517951045031097,0.0844555469713056
0.26715699104852647,0.2633059614046329,0.2670355897086208,0.26271785056672026,0.2712598834789846,0.26658636980494393,0.2563008835384245,0.25186672210594246,0.23864715675652137,0.2654265526210478,0.2639376014238602,0.2631330483359124,0.2661776945484811,0.2508074633638524,0.3429644472148945
0.2682301209234152,0.26839357799691854,0.2682472658606311,0.2680229208609104,0.27199854348730745,0.27289174549626305,0.2567172943971385,0.25662089724536963,0.20240573172267232,0.24795245433183757,0.2785688111814898,0.2786330614492907,0.2855024968789013,0.266129247524224,0.2130042577534171
0.26924566821965146,0.2699269755352609,0.26918618374465636,0.2711050372770622,0.2730961298377029,0.27510996377514774,0.25761417932359926,0.25901625022917335,0.18523108299898788,0.21507284091620524,0.2729937706119457,0.2772692701093657,0.2795464003329171,0.2638069561967808,0.1493136140849405
0.2724859969638277,0.2734095871032504,0.27182984080358785,0.27422633632033544,0.27612879733666246,0.27742973864660286,0.26002722686383906,0.2618766210631916,0.22505685554261862,0.25523069784031543,0.2803748102392295,0.280468934406882,0.282069288389513,0.2675973627312282,0.3355464116885358
0.27307752708998584,0.2721106053999683,0.2741902488919196,0.2732998675996061,0.27690907199334164,0.2753696523700338,0.26120171902944245,0.2604736024858367,0.2353780602116906,0.21550765533243213,0.2695126419934041,0.2714469301581474,0.2712494798168956,0.2576675653311269,0.1360615703166655
0.2768360990420352,0.2756505573280146,0.27756825513388766,0.2755409382483216,0.28105493133583015,0.2792154320003305,0.2655420014414223,0.26448536013180823,0.2456184313000059,0.2750605377737785,0.2827304611841071,0.2800230795457525,0.2869069912609239,0.2725088754237514,0.3941663026564712
0.2775742030047636,0.2778534818837203,0.2805843321356448,0.28159844098490655,0.28220973782771536,0.2832357977796627,0.26833408963510663,0.2696868029187542,0.31176828121380934,0.36462486095666374,0.2822593309951317,0.2937134464580764,0.291276529338327,0.280089688492646,0.5437535073224342
0.28271999162435213,0.28480989249244293,0.2857142857142857,0.288705306657461,0.287312734082397,0.29051099238855027,0.2736780289886021,0.2766334196005888,0.35602653206839124,0.36661819675705926,0.2987227137098883,0.3029190380025701,0.3050613816063254,0.290526652964258,0.3706048683578502
0.28712767628121233,0.2906776728361387,0.29069736945631924,0.2942649888106573,0.2925925925925926,0.29649685523919717,0.2784560766623068,0.2815848134336431,0.32065189173896336,0.29730320118517156,0.3024132335235304,0.3053843531170499,0.308468580940491,0.2914876010997518,0.1586732100413961
0.2948123331413913,0.29643042398885894,0.2976894227490886,0.29831239141443616,0.3007230545151893,0.30163183330275783,0.28661345861249765,0.2872080339831224,0.44667828390308034,0.4535999778358646,0.3079359262942994,0.3064071966219939,0.3119017894298792,0.298454475082081,0.7661935311372506
0.29787467936973244,0.29696768010117686,0.3021846888195336,0.29970806424228336,0.3041250520183104,0.30239354846068167,0.29011024210554415,0.2881362869517428,0.4445616876808067,0.43026109240561067,0.2980421923258126,0.3024994098979778,0.3039169787765294,0.2899927928889838,0.3835833215451028
0.3018164686174946,0.2986345458120987,0.30650685829683433,0.30491347410971564,0.306970453599667,0.30343021138882453,0.2946907615513974,0.2930882865417993,0.3805859501909692,0.361465668228156,0.3019682772339424,0.3153242938445801,0.3055035372451102,0.3029922857219123,0.2238748198732467
0.30627126629325235,0.3060885979042915,0.308243069579585,0.3071423475452516,0.30941531419059504,0.30804870244620486,0.2987000507167072,0.29891655729146854,0.3665467117054796,0.3411133374622381,0.3209967020886771,0.3116000944163235,0.3172856845609655,0.3105730987908071,0.3004086759304022
0.30765848296079146,0.3071755042232697,0.3097012772430433,0.30898669550828145,0.31131398252184767,0.3113531091630546,0.3007660892080186,0.2998836360464153,0.3699908440424872,0.28604018221697014,0.3093493168612261,0.3126753914343412,0.317961922596754,0.3018177935563089,0.1758938717264342
0.3065120661676176,0.3055182835916565,0.30966455978389146,0.30806566678093256,0.3101331668747399,0.3095679765068165,0.2999225902890853,0.2980014175267483,0.27899959116862033,0.29443921040061877,0.30220384232843,0.3062236093262347,0.3059977111943404,0.2942369804874143,0.3112372667679159
0.3097471601319165,0.30841807644353997,0.3108709905845944,0.30822096582111913,0.3114960466084062,0.30995577681949793,0.3022502202172811,0.2992112591944865,0.29205297086726645,0.3459095469465237,0.3142176621473068,0.3085315639014923,0.3107313774448608,0.301630942529963,0.4488502200383337
0.3135528451028634,0.3126109516585857,0.31243935062550815,0.3132026752304624,0.31600083229296716,0.3159796731023037,0.3047967327763394,0.3047157889687256,0.3387850401913889,0.3831180867956354,0.3209967020886771,0.323166094049149,0.3280274656679152,0.3157248485172037,0.4575351664938589
0.3147359053551798,0.31737796888914355,0.31558131605864304,0.3179050906809742,0.31908031627132755,0.32154748355245827,0.30612070576301953,0.30887484722055303,0.38163523224886775,0.4269652699363558,0.3269120033502591,0.3273099215819979,0.3326831044527674,0.3171929637242079,0.5146596362177966
0.320023033031461,0.32351363100697306,0.3215242990899315,0.3260668293175774,0.32413649604660844,0.3287792628593584,0.31177962256092684,0.3159540239956505,0.39396950397716746,0.3638319234135481,0.3357849552426321,0.3423903065907838,0.3432428214731586,0.3301123775458454,0.2375652303679327
0.32673925561430145,0.3276040724188594,0.3282121220068714,0.3305987941820296,0.3315387016229714,0.33352242159829054,0.31825534527400373,0.31950788068136654,0.3598117199365144,0.2893707311305822,0.3357849552426321,0.339662723910934,0.3430087390761549,0.3266155940527988,0.1404483465646505
0.3313615662461393,0.33084578671473835,0.33517270319179626,0.3348440193967253,0.3376664585934249,0.3361383351645699,0.32409577449750426,0.32328295000339957,0.3096361400721594,0.2589045943259077,0.3373292153064963,0.3433344698261167,0.3413701622971286,0.3308330886474657,0.1979723207165586
0.3363084332303827,0.3358075368131235,0.3400351438537596,0.33905544538413873,0.34186953807740333,0.3404398444723156,0.3282064970771162,0.3276147871406874,0.26022101766369177,0.24275624770111204,0.3457310370098937,0.3474782973589656,0.3490428630878071,0.3362784614152632,0.2104595544515208
0.34061665706957023,0.3400227320574813,0.34436255868236776,0.3423526288311054,0.3456408655846858,0.34413981031127044,0.3321196914288766,0.3306628365881282,0.18398500226178566,0.20633068487016337,0.348453122546197,0.3489469957250386,0.3515397419891801,0.3367589354830098,0.1334795592082661
0.34032350939642986,0.33812156033063095,0.34274174512838,0.33966383216101864,0.34477736163129424,0.3424016407762472,0.33052878840455924,0.32782784520017166,0.17596693284750267,0.20337875101228145,0.3343192168769303,0.3342862388208452,0.3389253017062006,0.3221578624242587,0.1974748832965177
0.3423127257498822,0.3406580525570519,0.3435757559862572,0.34105348084078574,0.3460310029130254,0.3446934090124351,0.33194885620478876,0.3297905411514299,0.2018199991605742,0.22549039338485707,0.3457310370098937,0.3438327782003199,0.3492769454848108,0.3337159330539465,0.2697136781300083
0.3430665340522431,0.34080478731080155,0.34279419864145405,0.3405112149278908,0.3459061589679568,0.3433775868655518,0.33138830312575074,0.32920380185171183,0.1829857748442786,0.18492732863493158,0.3410982568183008,0.3394266831021009,0.3407459425717853,0.3280303232522756,0.1038011991350806
0.34310841229126315,0.3425166676088656,0.3407590023341813,0.33944158189279455,0.3451258843112776,0.34396555451183825,0.33077970263993806,0.3305476875632078,0.16033465102433228,0.15568619754055082,0.3459404282049939,0.337302315822602,0.3451414898044112,0.3332354589861996,0.0972039353517893
0.3409673873213631,0.34092711097147604,0.34140942589629936,0.343694092440406,0.3437109862671661,0.3441321202640997,0.3312548381069321,0.33340999598146537,0.155773771679333,0.14068251918812377,0.3377479976966969,0.352199113535629,0.3444652517686226,0.3391346128179806,0.1106751624832697
0.3452860807203057,0.34592230193819845,0.3455899708883002,0.3475257162205538,0.3477580108198086,0.34914155499920413,0.3356324907241812,0.3369553724911449,0.12550066299081125,0.10915812607671878,0.3559126838716432,0.3551889637808492,0.3591604244694131,0.3440461255105038,0.0461093398539088
0.3477254881432235,0.34992422600029327,0.34796611503055414,0.35025497711756576,0.35018206408655844,0.35322677393898944,0.33841924031711296,0.3405201420002983,0.10154936211423324,0.12275780863351864,0.3579280741244829,0.3557134989115897,0.36139721181856,0.3476496810186051,0.1499571737471183
0.3504528084594042,0.35152777013326353,0.3505678092790264,0.3509817028598647,0.3537713275072825,0.3550486025177948,0.3411579425032699,0.3409213727278857,0.1115043284828002,0.13303054941498418,0.3547348583992041,0.3524351543444624,0.3586922596754056,0.3417238341830606,0.1535760309779153
0.3517876773281683,0.3518901042717804,0.3543916703821238,0.35279500901927285,0.3557012068248022,0.3549626971425332,0.3435069268344767,0.34227437536600164,0.15967305925567804,0.20136956268204895,0.3526147725488143,0.3564216213380891,0.3547908863920099,0.3449803806422336,0.3380475892161785
0.3563000575825786,0.354696702504103,0.3564740748511632,0.35606705130645716,0.36052850603412384,0.3595090473667657,0.3461922430131063,0.34570331481437727,0.16390687349700048,0.17819445301799328,0.3603098989687482,0.3626111358808257,0.3686017478152308,0.3525611937111284,0.1318442336898819
0.35560383185887023,0.3539416534204359,0.3574077473838811,0.3573304763524509,0.3601071577195171,0.35869059254330365,0.3475162159997865,0.3473575400242197,0.22304751926404123,0.23273382490836636,0.3524315552531017,0.3598573264444384,0.3570536828963795,0.3506659904439047,0.3418125686891125
0.3563524053813536,0.3565180828592572,0.3594849065016129,0.36025341573505026,0.36135559717020377,0.36167353138620023,0.3488295117849612,0.34964374666430603,0.24242581575850647,0.23743876867872574,0.3616709417368998,0.366099294500249,0.3676394090719932,0.3542161599444786,0.2468486562194445
0.3594566298487148,0.36109738215150816,0.36077526292323425,0.3597979226408898,0.36269246774864744,0.3629078917800081,0.3525505165096228,0.353205450378327,0.3385338342942683,0.369664553671392,0.37025598073601,0.3588869364525688,0.3653766125676239,0.360328857806369,0.6341161236567245
0.3615453070198398,0.3617509742358185,0.3634084292795509,0.36306109946715076,0.3659071993341656,0.36556010929320565,0.3552091396844887,0.3548947990910723,0.32013300233018327,0.32845751224617914,0.3630581584044391,0.3695874531196728,0.3708645443196006,0.358273496516563,0.2460434293957534
0.3621420719258755,0.36226522399018796,0.3631828791733326,0.3625351947613451,0.36543903454015814,0.36579371414386824,0.3552091396844887,0.354116930631091,0.4475599917301027,0.47529806839394584,0.3632937234989269,0.3614833853497339,0.3662609238451935,0.3525611937111284,0.7689791806894792
0.35871329110610894,0.3532726997115483,0.3566733982008444,0.350793437034896,0.3605649188514357,0.35475684424683457,0.3494541280730321,0.34337493121626794,0.5253657330906252,0.5604791374265388,0.3352876511542689,0.3273099215819979,0.3326831044527674,0.3218909323866217,0.7308412754917246
0.35301261581950477,0.34657098824232513,0.3512444595976815,0.34684715851807546,0.3549157303370787,0.34963571833129237,0.3441315431225477,0.3381176992081974,0.5439133090936222,0.4868482703625025,0.3331675653038789,0.3389546014844344,0.3393934665002081,0.3276032351920563,0.3395865362344298
0.3491284091503952,0.3479923079583709,0.35091924781662254,0.35031839819447486,0.35329796088223053,0.3521864006519893,0.3413981795371434,0.34096581276524746,0.4769137738867116,0.42427166278239214,0.3508349473904623,0.3572608775472736,0.3572877652933832,0.3466620398793476,0.2991184476221714
0.34779877506150864,0.35079820129224926,0.34828608146030576,0.3523528059090129,0.3516385767790262,0.3556468083691858,0.33936951125110115,0.3433539268722822,0.4553719355134563,0.3289591876980871,0.3564099879600061,0.3564216213380891,0.3625676238035789,0.3481301550863518,0.138334237529477
0.34628068889703184,0.3524332317536805,0.34689606336384377,0.3530796355618165,0.35035892634207244,0.35705209613293204,0.3378533486373222,0.34389607812893264,0.3484424768030939,0.29741675417794716,0.355703292676543,0.3545332948674238,0.3598626716604245,0.3449803806422336,0.2343318871376673
0.35104433858556244,0.3546574543680943,0.35623278869102254,0.36005093978050823,0.35730337078651686,0.3605031729802845,0.3458292181619198,0.34985414542249166,0.24126647567142384,0.26326492606308943,0.3591058995969219,0.3739935482178917,0.3674053266749895,0.3617702800096096,0.194961269833374
0.3590587865780243,0.36085157133412565,0.3624065671798368,0.36330845782984084,0.364195796920516,0.36495398104359095,0.35266262712543045,0.3538261902848643,0.29533667963631094,0.3788224693950148,0.3732398052661884,0.3698234939285059,0.373855597170204,0.3617702800096096,0.6099375560588655
0.36317855834162166,0.3643789829589001,0.36625665503947125,0.3677094108350425,0.3681908031627133,0.3690569195305171,0.3563409230440702,0.357568633347425,0.31193678813984815,0.3799213096432957,0.3714338062084489,0.3765113168454457,0.3772627965043695,0.3650535194725464,0.3821189901398576
0.36830340784170024,0.3702640671260664,0.3710299247292087,0.3719022638189538,0.37325738660008323,0.37533812668382094,0.36082000907562134,0.3618876173129859,0.31464191500970773,0.3039008303884553,0.382034235460399,0.3802879697867765,0.3879005409904286,0.3705255852441076,0.1518598718787745
0.3729675967125582,0.3731841237609886,0.3768260379238899,0.37577279615957915,0.378490428630878,0.37890137839401355,0.3669220297360063,0.36642190619004333,0.29938426574350563,0.2552817671945225,0.3790242370308329,0.3835138608408297,0.3860278818143987,0.3754904839441582,0.1580436408066569
0.37560592577082136,0.3728885974700716,0.3769624170578824,0.37540701206900423,0.3803370786516854,0.3781471111890178,0.3672156527774071,0.36536073586556683,0.2874093925511854,0.21521681275360602,0.3722975448882376,0.3746754438878543,0.3766385767790263,0.3632383952166138,0.135086903871773
0.3758362560854317,0.37338955059312773,0.37751317894515973,0.37446377583430035,0.38089367457344986,0.3776442663856873,0.36731174759095647,0.3643240752694967,0.19604661610422544,0.19451909977709259,0.37439145683924,0.3725773033648927,0.3766385767790263,0.3622507540773565,0.1531236738240657
0.37365858765638904,0.3691081884164971,0.3740774738388103,0.369420114327433,0.3785164377861007,0.3735550484463328,0.3644342417852281,0.35977138032763273,0.19993066965958167,0.26352581915694134,0.360545464063236,0.3593327913136983,0.3653766125676239,0.3506659904439047,0.4015392579166388
0.36931372035805893,0.3661754252672475,0.3716121587243305,0.36893387428974783,0.37397523928422804,0.37076821512457697,0.3614125937591758,0.3583200352563704,0.2786830966101193,0.3575578816484484,0.3603098989687482,0.3679613942143775,0.3651945484810652,0.3554173451138458,0.5456220066314625
0.36876406847092075,0.3695422760432123,0.3717905006687822,0.37409110638086135,0.37352788181439867,0.3751091749048019,0.3607933160718576,0.36301138867343613,0.31083993862865816,0.3446478713987493,0.376275977595142,0.3844055705630884,0.3837910944652518,0.3723940955075675,0.3188278508993513
0.3711720672145735,0.3744740302309753,0.3723884707178263,0.3752825022982657,0.37540574282147315,0.3787487438746675,0.362571070122521,0.3660499809389342,0.32873587161140183,0.3046207705276632,0.3843375386065014,0.3776652941330745,0.3860278818143987,0.3721271654699305,0.224566568785491
0.3718630581584043,0.37559815734011487,0.37173804715570824,0.373296730050278,0.37452663337494796,0.3765801724319118,0.36327576542188306,0.3659580641506784,0.3336430917601045,0.2623004385409685,0.377846411558394,0.3693251855543025,0.3722430295464003,0.3657742305741667,0.1776597745675792
0.3720881536931371,0.3709557521390432,0.3733745967636182,0.37136966648460135,0.3741989180191427,0.3722994602174737,0.36408723273629995,0.36221315177244867,0.3755649412324321,0.3785831274534048,0.3616709417368998,0.3675155393532481,0.3637380357885975,0.3547233270159891,0.6111485052782772
0.374962047845888,0.37219695800352975,0.3741718901623436,0.37156239805906904,0.3762016229712859,0.3732689978922428,0.36541654432373283,0.3621634021986359,0.43150737528699795,0.5275001439370336,0.3746793697325027,0.3719478612080045,0.3752080732417813,0.3620639030510104,0.8253341769042913
0.37389938753075425,0.37178553067551096,0.3739935482178919,0.3755462189863226,0.37481273408239696,0.37446154860176434,0.366078530817073,0.3666769441238466,0.46024122605888096,0.5058324642109444,0.3709626760194734,0.3835138608408297,0.3768466500208072,0.375704027974268,0.4624971047587661
0.373679526775899,0.37560309872774905,0.37301791287471475,0.37462651846327805,0.3729348730753225,0.37518722466085164,0.36581160077943575,0.3680488011764793,0.43579155506709955,0.3713277140828242,0.3832382348322253,0.372787117417189,0.3766385767790263,0.3707925152817448,0.1023182138265839
0.37002565042139973,0.37026107574713185,0.3702955755461722,0.36832217861271527,0.37054723262588435,0.3702264255403042,0.3622827856818728,0.3614092524797701,0.4591695593170805,0.34573507466104414,0.3595770297858974,0.3557134989115897,0.3603048272992093,0.3481301550863518,0.294549795817484
0.3677642255143171,0.3636286562319168,0.3677410894594665,0.3637958220483834,0.3695900957136913,0.3664684007694135,0.36038224381389644,0.35601304087854907,0.37595698409910183,0.2955185928368242,0.3503638172014868,0.3547431089197197,0.3589523512276322,0.345220617676107,0.1950856291883842
0.361257394126577,0.35646750841921193,0.3621180728579296,0.35714147409902885,0.363249063670412,0.35881323818807065,0.3548888236393241,0.3488742946450824,0.3460498028126976,0.4222784853819728,0.3421452127938021,0.3438327782003199,0.343502913025385,0.3345968021781491,0.6757982704722701
0.35537350154426006,0.35149274331543756,0.34981247869076026,0.3454229460676803,0.3535892634207241,0.34872470838283637,0.34587192696794167,0.3427893779691735,0.3629054697907808,0.46377747013770926,0.3415432131078887,0.3219858900049832,0.3285476487723677,0.3306195446173559,0.5467754396491822
0.346322567136052,0.3469896831406866,0.34211230297149153,0.3417107103187353,0.34658239700374527,0.3463512204866017,0.33679096708752637,0.3369888239393384,0.3797592713785389,0.37138072068026423,0.3379835627911846,0.3342862388208452,0.3416042446941323,0.3253877158796681,0.1865872217653743
0.34220279537245457,0.3443191790830947,0.34157727713813635,0.34548659679409477,0.34385143570536825,0.3464508205935091,0.3353602220857913,0.3383180259854512,0.368848914265106,0.3275864838702827,0.3389781709679108,0.3530383697448136,0.346650020807324,0.3409764300776767,0.2399980102503198
0.34117154373658587,0.34461530572944415,0.33763277295496874,0.34199792719735705,0.3408083645443195,0.34554621220313564,0.33291514294103525,0.33654375797440955,0.36742126886958887,0.2810401233171213,0.3452075590221432,0.3350205880038817,0.3437369954223888,0.3329952219523264,0.1879474022107984
0.34132335235303346,0.34404495577830957,0.33660468409871763,0.34089606277125944,0.3404806491885143,0.34431892021754334,0.33216240023489857,0.3346402015320949,0.2515668501485316,0.21953547450040875,0.3429042558760403,0.3386923339190644,0.3418643362463587,0.3308330886474657,0.0965261768669836
0.34210856933465944,0.3445197365242125,0.34329775236696486,0.3457477856295794,0.34540158135663745,0.34726338334935675,0.334724928596215,0.3375708631627093,0.15613285931692503,0.16955881149732233,0.3454692980160184,0.3554512313462195,0.3531523096129836,0.3434321864239382,0.0696054854911495
0.34420248128566194,0.3458308651982073,0.34617745023472957,0.3467267664729425,0.34812734082397,0.3499199362431695,0.3376024344019433,0.3383056570779093,0.15213066437430908,0.16856462334897973,0.348453122546197,0.3486847281596685,0.355233042030795,0.3397752449083095,0.1665762470522946
0.346427262733602,0.34725460286800863,0.3443363319258308,0.34576210371540156,0.3482261756138161,0.3489946890809645,0.3375010009876412,0.33902685905399493,0.14540873033761997,0.1811725289216112,0.3501020782076113,0.3438327782003199,0.3471441947565543,0.3404692630061661,0.2063883400668742
0.3476836099042035,0.34866616687038926,0.34679115633769575,0.34627297249800315,0.350660632542655,0.3512995527428375,0.33920401462776606,0.33985466942031356,0.14816888622207147,0.1880310798254261,0.3514892948751505,0.3472947100632064,0.3559092800665835,0.341510290152951,0.2017481816330559
0.34577815002879125,0.3435697634132526,0.3464659445566366,0.34320407333659175,0.35070224719101123,0.34822383832460496,0.3386434615487281,0.33591322069763424,0.14796991125405515,0.1571978205592514,0.3333769564989793,0.3370662750137689,0.3420724094881398,0.3280303232522756,0.095531302026902
0.3464743757524996,0.34536331782035506,0.34572110467098527,0.3460450595303821,0.35117041198501875,0.350646936744077,0.3383017911005526,0.337850091859443,0.20478938965983043,0.22269950621284285,0.3489504266345601,0.3517270319179628,0.3554931335830211,0.3417238341830606,0.3537028775200257
0.3468983929225776,0.3470999480124323,0.34819166513677247,0.35104254984978955,0.35158135663753637,0.3528605462605124,0.34006352934895767,0.34142803995640697,0.33986292490093983,0.42911431189450927,0.3505732083965868,0.3610375304886044,0.3572877652933832,0.3485839361503351,0.841943923257842
0.3496257132387583,0.3526461919377932,0.3520889611581735,0.3551347860023015,0.3554047024552642,0.35732733878873946,0.3426741051170489,0.3454594072531452,0.40101819221914586,0.45679776681564094,0.3637386797885148,0.3633192583073252,0.3662609238451935,0.3535221418466219,0.5121646766579044
0.351504999214783,0.35539270287695346,0.3543759343282016,0.35633304930598314,0.3570328755722013,0.3595682744095827,0.34397138509996533,0.3463051681912746,0.3948387758686888,0.36148221117068413,0.360885724755274,0.3587295759133466,0.3640501456512692,0.3479966900675333,0.1708510998807704
0.3561116055069884,0.35573179790463766,0.3598153636339793,0.358976506718208,0.3616104868913857,0.36136567163440897,0.3498758775324987,0.3500543739324973,0.3976539607677323,0.277523882954496,0.3564099879600061,0.3642634215426577,0.3649604660840615,0.3575527854149427,0.1096072265221196
0.3575511699733025,0.3558706149251354,0.3614886307010411,0.3593487935632293,0.36283291718684973,0.36144554277638646,0.35101299949283293,0.34917273061657544,0.3791436925712383,0.27206643414884923,0.3561482489661308,0.3600933672532718,0.3616052850603413,0.3474094439847317,0.2611515365375557
0.35921059519447196,0.35687052145090165,0.35944818904246106,0.3565109697740542,0.3625936329588015,0.3596608099019716,0.35068200624616286,0.3484248103833785,0.29864712566668256,0.3278646523442539,0.3588703345024341,0.3508353221957041,0.3560913441531419,0.3469289699169848,0.4394610887350632
0.35532638852536236,0.3526862297815901,0.35304886044742845,0.34811485162675676,0.35726695796920516,0.35298305623371834,0.3462936764274084,0.3428100378398689,0.36702020994968093,0.5032531342538014,0.344317646442967,0.331322615332162,0.3396275488972118,0.3315804927528496,0.8540300980728962
0.3489975396534575,0.3448713133196432,0.3485063862152168,0.34408230266860057,0.35191427382438617,0.3477509457982036,0.34162240076875855,0.33675346248467397,0.3873974229632656,0.42641447781876557,0.3292414803957494,0.3360172047522882,0.3372867249271742,0.324640311774284,0.272737164948694
0.3431869339894257,0.33903319542637783,0.3406698313619555,0.33774841753785073,0.3433832709113608,0.3392691143717806,0.332920481541788,0.3291833714164792,0.4154031497115639,0.3674882719670473,0.327356959639847,0.3250806472763512,0.3223054515189345,0.3140431892800897,0.2496358602636107
0.33405747788305495,0.3295224530956777,0.3316216003566839,0.3301163491008718,0.333843112775697,0.33081424104186125,0.3249819822224595,0.3220278967403493,0.39792444236487956,0.3029115145794095,0.3105009684342773,0.3148522122269139,0.3139044943820226,0.3077169473880896,0.173757999804134
0.32682824687221895,0.32725636187986984,0.32497574025020326,0.32594623995501487,0.32755409904286303,0.32875825252423146,0.31765742198969654,0.31812065407795614,0.4906113350443107,0.5029061937636793,0.3227241794482541,0.317606021663301,0.324646275488972,0.3103061687531698,0.9028955521322188
0.31993404177354334,0.3214531149031095,0.32153478979254635,0.3220034476513023,0.3230857261756138,0.32493406320314283,0.3132050289619091,0.31518661192327485,0.3876762988168761,0.44838910148769395,0.309846620949589,0.3141178630438772,0.3172856845609655,0.3093185276139123,0.3393549169357233
0.31424383604669415,0.3145655605225741,0.3136772535340554,0.3135788062541461,0.31655222638368696,0.3181624507912753,0.3061260443637723,0.3065395375433832,0.43219104084116655,0.4640296926818448,0.3007904517615033,0.2967295234598337,0.3046192259675404,0.2892453887835999,0.4953108750701464
0.30772653509919906,0.30796719198250655,0.30623410002884943,0.30500749741953787,0.311001872659176,0.31029286149297675,0.300237567733497,0.2992266270718266,0.4735992861773021,0.4615788241026593,0.2947704549023714,0.2878648797503214,0.2945536828963797,0.2846008061287135,0.4566770869442885
0.30356488509658164,0.3018757007954011,0.29921581997954316,0.29659193560648606,0.3058728672492717,0.30294839677281815,0.29451458772655686,0.2925184338323473,0.47741494208740276,0.37199797585331856,0.2896927184211902,0.2797608119803825,0.2882594673325009,0.2791020473533887,0.1928362793546371
0.2948280374810239,0.2942637809870892,0.2889244407144168,0.28644433218354715,0.29597898460258004,0.29369121860038344,0.2854496436483997,0.28333943867569295,0.3419617999151246,0.3232085976591551,0.2790399413704655,0.2661491253376693,0.2751768622555139,0.2649814483623842,0.2256298412708282
0.2863424592995864,0.2853154306721934,0.2775158016208135,0.27665444398098504,0.28538285476487724,0.2838958241910727,0.2747404105383978,0.2741504131384296,0.32656859895196144,0.3029353691460725,0.2674187300424017,0.2570746675758608,0.2643050353724511,0.2557723620639029,0.2623889121199073
0.278322776527247,0.27710763308139774,0.27334050198012017,0.27638730440611226,0.2784280066583437,0.27921221127233947,0.2692683447668366,0.27006196206755084,0.273165582926704,0.27805551107866816,0.2606920378998064,0.2758530252563667,0.269844985434873,0.2618850599257933,0.2282957949438595
0.27488876092760295,0.27727188102231554,0.27056046578719606,0.27557976919930854,0.27505201831044523,0.278699387900522,0.2663374529535808,0.27002342373251215,0.2065615104687258,0.2265892489372446,0.2776003769041512,0.2739646987857012,0.2776737411568872,0.2699463470624348,0.1236567246543975
0.2701094068994399,0.2734465701083353,0.2687141021269899,0.27389617735932287,0.2696837286724927,0.27293893164792743,0.2618156581160077,0.2655133068768492,0.24661486063202523,0.28209384268187443,0.2657959482803748,0.2705289936793515,0.2614180191427383,0.2564930731655233,0.393103030171134
0.26862272941422816,0.27283323138702575,0.26876131028875655,0.2713925069550494,0.2685705368289638,0.2718295887779081,0.2604916851293276,0.26312939906089394,0.22717127547617966,0.23086653361844975,0.2716065539444067,0.2663851661465026,0.2696109030378694,0.2583615834289834,0.1284119154916003
0.26857561639533056,0.2709498759073217,0.27042933200451097,0.2693999300215772,0.27009987515605494,0.2718703015212409,0.2602994955022288,0.2603567373500657,0.20492400866162894,0.20429521509468448,0.2671831649479138,0.2654147761546328,0.2719517270079066,0.2548114139284092,0.1511525780471539
0.27172695388158924,0.27278282571524776,0.2711269637283956,0.2727136813063148,0.2722274240532667,0.2747411109878047,0.2615273736753597,0.2629126418305264,0.22320825373039188,0.24276915015901443,0.2764487253310997,0.27934118387579,0.2804827299209322,0.2680244507914477,0.3197170202876743
0.2698738418049521,0.27130015598382035,0.2681580948884051,0.26818257239945936,0.270385975863504,0.2726495740612276,0.25835090622747775,0.259963097828026,0.3159968101825439,0.357712602411062,0.2683348165209654,0.2591203545857485,0.2684665002080734,0.2540640098230253,0.5875995069151573
0.2692037899806313,0.26834866704213717,0.26603897296021395,0.2654328429457715,0.27023512276321265,0.2686543005879123,0.25700557883778663,0.2565642106243732,0.26695632033104444,0.2877752619119204,0.2624456891587708,0.2599333840383959,0.2606637536412817,0.2497664362170675,0.1479005809136371
0.26416269695859285,0.26103280763949627,0.26013795273938467,0.25591525031129975,0.2655118601747815,0.2611010637571794,0.25162426927902193,0.24819448562796875,0.4198685832515928,0.4895079179727276,0.2464010888342145,0.2368800650423561,0.2459945900957136,0.2314550356351599,0.892973230094342
0.2592629429932471,0.25491667013339253,0.2549345642424401,0.2504094447641698,0.259207240948814,0.25421025279747594,0.24647251955262522,0.24181387885078776,0.4909489706931634,0.49519011706682053,0.2426843951211851,0.23939783366991,0.2404286308780691,0.2290526652964257,0.5065545152550065
0.25162539915196563,0.24936478213049248,0.24796873770620786,0.24844364690765616,0.2525749063670412,0.2519138542023401,0.23906788030857107,0.23820967075758417,0.4506198536601288,0.3694838897520476,0.2382610061246924,0.2445120511946288,0.2473210570120683,0.231001254571177,0.1180714351225017
0.2490812961314976,0.25144795522653673,0.25048126098245427,0.25619008826076434,0.2513368705784436,0.2553680098899218,0.23974054400341668,0.24461555660414058,0.34952564678523285,0.2736987506815908,0.2556143014186253,0.2716829709669806,0.2622763212650852,0.2574273282972534,0.0821284725406771
0.25396534575721086,0.2632539492468035,0.2528311783681712,0.26135438249616977,0.25501976695796913,0.2632714184395844,0.24428903184475348,0.25391332954401086,0.3509508049936497,0.2341412911063011,0.2868659372873371,0.2716829709669806,0.2790782355389096,0.2725088754237514,0.1550263719557218
0.25747264827514005,0.2634818333058224,0.2600645178210811,0.2652518424330817,0.2596598002496878,0.2652458644778253,0.24994794864266073,0.25585875957090604,0.2353908070455791,0.26115194085553034,0.2639376014238602,0.2730467623069055,0.2691947565543071,0.2597496196246964,0.3151732403539889
0.26524629639323666,0.269505434107771,0.2641558918408561,0.26345279621164946,0.2651789429879317,0.26617202450831295,0.25807329898833514,0.26046564538886996,0.16211423339452838,0.22082517623693784,0.2815526357116683,0.259854703768785,0.2680243445692883,0.2696794170247978,0.1401716469997528
0.27075328482437316,0.2682689388319723,0.2701880458443705,0.26719280454516653,0.2694080316271327,0.26693684974156645,0.2639190668125885,0.26038712815672777,0.22400228821213206,0.28972068722813193,0.2657959482803748,0.2746728212122007,0.2684665002080734,0.2602300936924433,0.4275117092105202
0.27367429199602156,0.26891907164693735,0.26912848488027485,0.26692359174561187,0.27151997503121095,0.2689032459228698,0.2647732429330273,0.2608241550709677,0.2325579009384467,0.23478263687617132,0.2702193372768674,0.2663851661465026,0.2728360382854766,0.2616982088994475,0.1249065361722501
0.2700151808616448,0.2688028416364426,0.2694956594717931,0.2691220091385986,0.2705472326258843,0.2706736717860053,0.2627979606545125,0.261426924724371,0.24910982019191746,0.2357837473251395,0.2685703816154531,0.2735188439245719,0.2742145235122764,0.2626324640311777,0.2377859682230758
0.2733497356436162,0.2727386862022008,0.27213931653072465,0.2748363552929201,0.27395443196005,0.27585936559904867,0.2654405680271202,0.2652721686454922,0.22430137246093165,0.22089949878311288,0.2806103753337173,0.2862650476015631,0.2862307532251353,0.2729626564877345,0.1911310016990597
0.2738156310527142,0.2764531617205201,0.2776049725930394,0.27895189822206634,0.2782771535580525,0.28045222791913277,0.26672183220777845,0.2688766917396912,0.22926175623390116,0.20225752114360876,0.2838821127571586,0.2871829840803588,0.2896379525593009,0.2760857379280892,0.1649735658646006
0.2797937496728262,0.2828642882739916,0.28309161006058375,0.2866699349980184,0.28546088223054517,0.2884298664696007,0.2733737287456959,0.2770809866204709,0.1897263627842193,0.21144992808310945,0.2956865413809347,0.3021060085499225,0.3043851435705367,0.2934895763820304,0.2298347419621108
0.28679788514892945,0.2903228637351223,0.290550499619712,0.29233982797939356,0.2918591344153142,0.29389567738284106,0.2802658623174867,0.28344028333311455,0.26582900277787697,0.30943986410225244,0.3052400146573836,0.3036796139421438,0.3048272992093217,0.2961588767584018,0.5054197361405385
0.2936868554677275,0.294553653559896,0.2911065068582968,0.28699284535876096,0.29397627965043693,0.2908638681511908,0.2857379280890479,0.28562445318507096,0.2377592309617485,0.2387722791156461,0.3030152332094434,0.2762988801174957,0.2848002496878903,0.2899927928889838,0.0974371091424334
0.2946238810658011,0.2914676034812924,0.29106454404783755,0.28668030808892964,0.29425197669579695,0.2897789915847722,0.28578597549582263,0.28148393329724997,0.2131830243262442,0.18193150891761012,0.2852955033240852,0.286055233549267,0.2876092384519351,0.273202893521608,0.0682499685215382
0.2925299691147986,0.285449253321577,0.28675286527315164,0.2796617354615962,0.2907147315855181,0.28383657005915036,0.28232656220804536,0.2739188460279009,0.19801615738919956,0.15100074967153254,0.2734125530021462,0.2656245902069292,0.2719517270079066,0.2587886714892027,0.0891392311793774
0.2871957284196198,0.27997128151606493,0.2806210495947966,0.27692346702711323,0.2844049105285061,0.2801697261345924,0.27572805167765535,0.2694449052619607,0.1778003006387406,0.14358565251762703,0.2690153379050409,0.2714469301581474,0.2728360382854766,0.2604970237300803,0.128755458209816
0.2814008270952206,0.27873602368917233,0.2761677463348107,0.2784200105654803,0.28017062005826054,0.28133176637575963,0.2703414035181379,0.269371815494912,0.09498412086485701,0.1261700474354582,0.2762655080353872,0.2814130976422144,0.2836558468580941,0.2692256359608147,0.0913388372711205
0.27558498665131126,0.2771360261227472,0.2765926197907105,0.2784210895093184,0.2783863920099875,0.2795142140660148,0.26528574860529053,0.26781938310485703,0.09543212544128125,0.1173390756318237,0.2739360309898969,0.2784232473969945,0.2758791094465251,0.264714518324747,0.0996771320245547
0.2800083756478039,0.28722816685068103,0.28170683731542917,0.2894895000638324,0.28310445276737406,0.2900759901236325,0.270255985906094,0.27789761541177976,0.11944187521471408,0.14099228955078322,0.3074124483065487,0.3116263211728605,0.311199542238868,0.2980540800256253,0.1882987173887022
0.28798094540124586,0.2959105784902392,0.2916887408534186,0.29817103600818035,0.2918799417394923,0.2986603840385876,0.27904866134586126,0.28618242650386616,0.143465304517198,0.1637469855977878,0.3132754017693556,0.3155341078968763,0.3158291718684978,0.302752048688039,0.209256377691797
0.29775951421242736,0.3032431129804756,0.30277216816596286,0.30773537957907643,0.3026529338327091,0.30800725560957853,0.28975789445586314,0.295469347429274,0.14023258308370767,0.14669527407931338,0.3179081819609485,0.3268640667208686,0.3267009987515605,0.3140431892800897,0.1125918510423645
0.30613516201643715,0.30820999100546254,0.30982716567442103,0.310719614780886,0.31011235955056177,0.31232249555550484,0.297376077730027,0.2994184157300606,0.1472408545353078,0.13992358089591592,0.3181437470554363,0.3166880851845051,0.3209529754473574,0.3073165523316339,0.126380194529121
0.3128827932785426,0.30803138977044975,0.31517217865666547,0.3088625139566629,0.3165054099042863,0.31082978410871914,0.30328057016256044,0.2976912706491785,0.19669546103899116,0.2089324421116011,0.3076741873004242,0.3051483123082168,0.3078443612151478,0.2942369804874143,0.3469501645429715
0.31191959378108153,0.3062197434533808,0.31331007894253715,0.30668028350518156,0.315319392426134,0.3089763410218483,0.3014173984998532,0.2947069210034821,0.18465561008367815,0.18198811561177977,0.302596450819243,0.3023158226022189,0.3052694548481065,0.2887382217120893,0.1280994626121371
0.3107522378683977,0.3066260363708993,0.3089931548165438,0.30243668475909097,0.31224511027881807,0.3061368143918716,0.2996129514454262,0.2943812184742894,0.16822711749005498,0.16369671531574692,0.3074386222059363,0.2939494872669097,0.3004577611319183,0.2937298134159039,0.1271139147236812
0.3062607967334974,0.3029010163427486,0.30282462167903695,0.3002982568505054,0.3068196004993758,0.3039490262126973,0.29394335744601346,0.29148588541053494,0.16994483108113342,0.14952461654308355,0.2954509762864471,0.2960214010333342,0.2995734498543487,0.285695219283026,0.1211804189977568
0.30000523477987756,0.29755598999094474,0.29660888037976346,0.29540196412971614,0.30019246774864755,0.2985717880397037,0.2876010997517552,0.286192344893804,0.18525750936192753,0.1673309396730862,0.2868659372873371,0.2856093786881377,0.2878173116937164,0.2756052638603423,0.2029435859330915
0.29626760194733814,0.29469933437320545,0.29600041962810464,0.29763664560311826,0.298215771951727,0.29836815276998413,0.286960467661426,0.28780616994112557,0.16031755161301842,0.18563741838153278,0.2889860231377269,0.3021060085499225,0.297960882230545,0.2910338200357687,0.2222503757984259
0.2958069413181176,0.2965639388065171,0.2959112486558787,0.29904775298244196,0.298038909696213,0.3003738163701683,0.2872113818968049,0.28853504425707827,0.15137860117488486,0.15155984906151165,0.3002931476731404,0.3018699677410894,0.3043851435705367,0.2899927928889838,0.0834047104214694
0.2956656022614249,0.2999532681785024,0.29879094652364335,0.302147827523539,0.29877236787349143,0.3016242282528824,0.2875050049382058,0.2907560057123548,0.13955451370051458,0.12370439182495101,0.306731926922473,0.3083479766057331,0.3041250520183105,0.295197928622908,0.0679934773518297
0.29740878396063447,0.3013578070464999,0.30236827611529277,0.3060679013462198,0.3014669163545568,0.30543154958848007,0.2908362918079172,0.294621221685431,0.14341338448648125,0.12929451885916407,0.3041668847824949,0.3139080489915813,0.3130461922596754,0.3023516536315833,0.1404747729275902
0.30352824163743913,0.3067262799214534,0.30932885730021764,0.31084936243506717,0.30883270911360794,0.3118364582219774,0.29757894455863126,0.2995203236615914,0.18564830863504717,0.22423574813141642,0.3174632256713604,0.3204122846127619,0.324646275488972,0.3093185276139123,0.4141182066759211
0.30750667434434387,0.3074435821717191,0.30993731805187646,0.3089490123927837,0.3117717436537661,0.3121096571250969,0.2986039559031578,0.2983998413605282,0.19414236348063169,0.23773071542972715,0.3088781866722504,0.3051483123082168,0.3126560549313359,0.2961588767584018,0.2647206500263486
0.30464324975134793,0.30028772968386636,0.30761362742269666,0.30271651312691916,0.3084581772784021,0.3040122086479701,0.29620158556442366,0.2915935413054564,0.1977823618017804,0.19235537762888907,0.2859760247081609,0.29025151459519,0.2878173116937164,0.2779809411953127,0.1016047020272129
0.30136627754802914,0.29697417509120383,0.30168638044533036,0.29471492265758004,0.30381814398668333,0.2963164342852191,0.2923738088247071,0.2864153758450794,0.2119851328391084,0.1745726959320826,0.2903470659058788,0.2787117417189018,0.280924885559717,0.2760590449243254,0.1390073325384697
0.2976443490551222,0.293168530833456,0.2953290146607569,0.2905170217946247,0.29835622138992923,0.29278981594878106,0.2862664495635694,0.28154853633868454,0.22279444797659545,0.18122224682639687,0.2855572423179605,0.282121220068714,0.285736579275905,0.2718148573258949,0.1945213486150254
0.29440402031094587,0.29586621453913037,0.292134595714548,0.29515807782365555,0.2947669579692052,0.29742653009430464,0.2828710994848251,0.2851462832991866,0.1678726933282759,0.16731797569570572,0.301261581950479,0.3044401898817173,0.3066999583853518,0.2923417772201908,0.1395094334343234
0.2945505941475161,0.3004478283111207,0.29625219649086,0.30535082394569596,0.29592696629213483,0.3044363855781978,0.28678429383658555,0.295339138371859,0.14601560399006977,0.16335705157557645,0.3096110558551014,0.3257363161897768,0.3184560965459841,0.3157248485172037,0.1554352033353179
0.30180599905773964,0.30771623529384,0.3028351123816518,0.31128924731351365,0.3044839783603828,0.3131583810637839,0.2939006486399915,0.3014136639853536,0.14024688440953387,0.13315840242522878,0.3222530492592786,0.323166094049149,0.3306023720349562,0.3135627152123428,0.0727611041245334
0.3087002041564152,0.3134168539956456,0.31094967085420544,0.31395434290289914,0.3139253017062006,0.3181494214721245,0.3017857619517925,0.30610397981801246,0.18587868434020355,0.21116104568075855,0.3248180913992567,0.3192845340816701,0.3281315022888056,0.3154846114833303,0.3671663321918181
0.31652096529340945,0.31716491866474095,0.31772666474337113,0.314638291773447,0.32156679151061174,0.32008095708073664,0.3098203560846703,0.3080652625421029,0.17974901173175054,0.19539835897809246,0.3246610480029316,0.3160061895145427,0.3239440282979609,0.3119878279902839,0.1638729855727603
0.3179971732188662,0.31432415296908156,0.3179154973904377,0.311553645554648,0.32165522263836865,0.3157680093952032,0.3115767557323227,0.30575143351421946,0.17478924975555604,0.16850244716984528,0.3086426215777628,0.3053843531170499,0.3071421140241364,0.3011237754584526,0.1147106235533509
0.3207192587551694,0.3172899298249268,0.31912192819114055,0.3182919204341957,0.32436017478152307,0.32117229201738756,0.31280997250620624,0.3111312664716869,0.16519896719555655,0.14816289495833695,0.3232214835366173,0.3317684701932912,0.3319808572617562,0.3218909323866217,0.1074837905353203
0.3233785269329425,0.32337641659933264,0.32190196438406454,0.32455003862738674,0.3269402829796088,0.3286158323533867,0.31579425032698943,0.31691554575321085,0.19245107625249291,0.16844914644196307,0.3355493901481442,0.3370662750137689,0.343502913025385,0.3284841043162587,0.2090216494092153
0.32704287284719685,0.3299642180563978,0.3270004458548611,0.3312923395634754,0.3313514357053683,0.3358063102081255,0.3200010677201507,0.323449929985186,0.15167675272852182,0.1667310024852963,0.3431398209705282,0.3447769414356527,0.3501872659176031,0.3365186984491364,0.1632947145719628
0.3301418625346804,0.3333614775177151,0.3325657635920165,0.3354724857757569,0.3363243861839368,0.3401404670356847,0.3244321063449271,0.32701429369484597,0.18201359558648636,0.21633973494439185,0.3401559964403496,0.3438327782003199,0.3488087806908031,0.334143021114166,0.3155571998625829
0.33676385907972567,0.33615851977947314,0.3407222848750295,0.33903731036120943,0.34497503121098627,0.3435587577435845,0.3315110909430638,0.3301824286129428,0.17518098172383817,0.17107567470963123,0.3417526043029891,0.3461669595321146,0.3503953391593841,0.3365186984491364,0.0805475542401099
0.34005653562267707,0.33733396860344017,0.34400587479346423,0.342087013502628,0.34796088223054517,0.34467587594890653,0.33424445452846807,0.33197420251317616,0.1692167070575487,0.13993792220771184,0.3396848662513742,0.3481864197854651,0.3469101123595506,0.3355577503136429,0.0776624172038731
0.3423650735486573,0.3405866723283086,0.3457368407249075,0.34329837722541373,0.3490220557636288,0.3460535108628721,0.33555775031364277,0.3329996627561615,0.13944383387455545,0.11334437596989093,0.3470920797780453,0.3457211046709854,0.3488087806908031,0.3350505832421322,0.0601572834942491
0.34390409883264406,0.34400276401569313,0.34601484434419993,0.3442545713276474,0.34952143154390347,0.3482637221815735,0.33580332594826895,0.33458196737819673,0.12056888186949406,0.09853623549547919,0.3508349473904623,0.3461669595321146,0.3526841448189763,0.3377465766222673,0.0689199545466557
0.3447783070721876,0.3441775218898178,0.3466233050958588,0.345128074871303,0.35029650436953813,0.34973719639404105,0.33598483837386217,0.33473817266617517,0.09995756237010263,0.13652435778552804,0.3445270376380672,0.3468750819586141,0.3526841448189763,0.3350505832421322,0.2125006023656258
0.34644820185311204,0.346152373995749,0.3489365050224239,0.349329702969182,0.35135767790262173,0.35172519987096146,0.3380135066599045,0.33871279507056595,0.15326824157426494,0.20671655527732583,0.3501020782076113,0.3577329591649401,0.3557012068248024,0.3466620398793476,0.3471009502609214
0.3501439564466313,0.35015612907015625,0.351029400194078,0.3524367671940332,0.35467644610903043,0.3556514510445055,0.34028775058057287,0.34145152001937223,0.20097342285134223,0.2432071447146371,0.3581636392189707,0.3586508956437357,0.3635039533915938,0.3469289699169848,0.3161883235892597
0.35200753808302354,0.3522407487001062,0.35333735476933564,0.3540448039784467,0.3569288389513109,0.3571245489970722,0.3423698048741425,0.3427879649162416,0.2236494185422906,0.21998385045942168,0.3564099879600061,0.3572608775472736,0.3600707449022056,0.3454608547099804,0.1735372619489908
0.35385541537978316,0.35485194375815765,0.35560334653413406,0.35519550877100015,0.3591916354556804,0.35941574177832275,0.34576515495288684,0.3467664189494908,0.2411048085099105,0.19872153510119958,0.3600743338742606,0.357496918356107,0.3639981273408239,0.3547233270159891,0.1561969043847554
0.3554363189027901,0.35404514758980565,0.3575598625717957,0.3556828932296408,0.3602059925093633,0.3588624712146788,0.3477991618396818,0.34625115185836286,0.23704696275592757,0.19655148126603664,0.3524315552531017,0.3566576621469222,0.3577559300873909,0.345220617676107,0.1922113735957108
0.35645186619902625,0.3544233699561345,0.3558446326942747,0.35350753207887226,0.3603360382854765,0.358025459378242,0.346902276913221,0.34489330632125653,0.18265684435027665,0.15608444025491341,0.3551798146887922,0.349156809777335,0.3563514357053683,0.3421776152470439,0.075150358232667
0.35410145003402604,0.35175276610207945,0.3543339715177424,0.35270421797293955,0.35789637952559306,0.3557855261162201,0.3457651549528869,0.3436766575859423,0.1812708593386879,0.2071424263470476,0.3464115583939694,0.3510975897610742,0.3513056595921764,0.341243360115314,0.309258398531316
0.35334240695178765,0.3520401015843244,0.3529964069343544,0.3519938301920709,0.35748023304203086,0.35652035490561157,0.34510850706029955,0.3431769768063095,0.18785910706874107,0.20692111776445063,0.3526147725488143,0.3505730546303338,0.3579900124843946,0.3421776152470439,0.2064785005992566
0.3507459561325446,0.3503907609822314,0.3516640877022738,0.3516076608599487,0.35582084893882654,0.35624730554534184,0.3421615994447856,0.3421142475170127,0.1881519733497901,0.19050115710630058,0.3470920797780453,0.3508353221957041,0.3557012068248024,0.3399887889384192,0.1576612357900005
0.3506517300947494,0.3509139823428629,0.3501219544178971,0.3507207724816454,0.3552746566791511,0.35583985995989914,0.3408963510663856,0.3410409569393775,0.18673241131234858,0.18870529254036816,0.351960425064126,0.3489469957250386,0.3550249687890137,0.3388943757841072,0.1851135634085033
0.3484792964455844,0.34871520370956427,0.34788218940963567,0.34646650989977285,0.35298585101955887,0.35219570910906856,0.3386808317539974,0.33772731085461927,0.19827762293310852,0.17009566713906765,0.344317646442967,0.3379579847360277,0.3449074074074074,0.3311000186851027,0.1328764163364666
0.34860493116264457,0.3481567131327996,0.34679115633769564,0.34619181473363997,0.3525540990428631,0.3511794393089449,0.33788538024183873,0.3375735747545863,0.16107863086568086,0.1544849241574377,0.3470397319792703,0.3456424244013742,0.3491468997086975,0.3372661025545205,0.1232634381941778
0.34735381877192056,0.3475575456202645,0.34556898948307063,0.34561528327482954,0.35050457761131915,0.3500337613148549,0.3362250754077357,0.33634108019523384,0.16516476837292868,0.17862634548345704,0.3463592105951943,0.3444622203572085,0.3477424053266749,0.3338760910765288,0.2269091881354957
0.34668376694759984,0.34628563729899015,0.34395866663169766,0.34467142482949936,0.3489596337910944,0.34934800345112943,0.3350025358353576,0.3355194171556655,0.3202063743496393,0.4300406522134892,0.3437418206564414,0.3427837079388391,0.3479764877236786,0.3338760910765288,0.9328692656735534
0.34640632361409196,0.3477148276648557,0.347756300978258,0.35242600570561305,0.34978672492717433,0.35261881045722393,0.3382537436937779,0.3420630831291798,0.42675498253528293,0.5259793029212333,0.3505732083965868,0.3679351674578404,0.3591604244694131,0.3551504150762086,0.7178566043367215
0.35196565984400346,0.355847994307412,0.35591282226127097,0.36119753418743955,0.35691843528922174,0.3619345267106975,0.3453113738889037,0.3501714453063638,0.539322894401808,0.5825581938371863,0.3721143275925246,0.3787405911510924,0.3805659592176447,0.3663881696607318,0.6957159756690922
0.3577710307281578,0.36258752500495534,0.36089066065199715,0.36430889490996154,0.3627808988764044,0.36744275702200196,0.35096495208605827,0.3552922947176736,0.5893756694030905,0.5128812336249876,0.376066586400042,0.3705316163550054,0.3784592176446109,0.3655339935402932,0.37352731320059
0.3630948018635816,0.36605103876074135,0.36748931259671114,0.3686910899669005,0.36951727007906776,0.3721032584613318,0.35778234524731073,0.3595158821060462,0.5800008394256462,0.40193250183274976,0.3729780662723133,0.3774554800807783,0.3814242613399916,0.3679630568827912,0.1800350382482741
0.3710883107365336,0.3719371475142279,0.37535209420650945,0.37315993197387726,0.37740844777361626,0.3772129643730282,0.3656834743613699,0.36413783361963903,0.41493058416252515,0.3037943310078159,0.383709365021201,0.3820976159878309,0.3874323761964211,0.3733817366468248,0.1075179893579482
0.3774276291681935,0.37538136519444754,0.3821290880956752,0.38271333361714116,0.3831096545984186,0.3806974624464938,0.37309879080692954,0.3735008881810949,0.3694159929239526,0.3659574367198302,0.3822698005548867,0.4018201369036691,0.3876664585934248,0.3922269973040067,0.4902836481438589
0.3843584777260117,0.3858437669235035,0.388517925988093,0.3920371492824879,0.38996046608406154,0.39207164717961557,0.3814109921789499,0.38498365096100784,0.33888390587862205,0.42499013796069995,0.4067685703816154,0.4106847806131815,0.4148200166458593,0.4079491765208338,0.5430555404424394
0.3910694655289745,0.39376968642062105,0.39538409084948456,0.39631224640897966,0.3962650853100291,0.39804186937789315,0.38789205349277955,0.3893022006771523,0.30022369138982447,0.3434021722260007,0.4096215254148562,0.4048624406619632,0.4099823137744485,0.3979393001094413,0.1802262407566023
0.3968434277338638,0.3964624167126672,0.4000891709722258,0.3978684578374813,0.4013108614232209,0.4009122935539124,0.3925046045431492,0.389876737829648,0.2962404612488476,0.28230774399846376,0.4018478772967596,0.4009808806944845,0.4066531419059509,0.3910258121346395,0.1601188875433897
0.40080092132125833,0.3988072221278361,0.4043483962338376,0.39971021932361755,0.4053942987931752,0.40322471671800564,0.3966099885220084,0.3912207107334722,0.2921838590884147,0.21728348885090373,0.4034968329581739,0.4033937422958902,0.4078495630461922,0.3939086565411207,0.0872349785557837
0.40354918075694907,0.39787518066300415,0.4035301214298827,0.39904973384370973,0.4072773616312942,0.4011770687400104,0.39546218936016875,0.3896431409872509,0.28334253074396415,0.29354799470780457,0.3960110977333403,0.3977287628838941,0.3970817727840199,0.3864880014948082,0.4460770064216062
0.40354918075694907,0.40083964390254123,0.40093891788402525,0.39860941019043783,0.4052642530170619,0.4023695370182397,0.39283025918906656,0.3913586025466083,0.22663559755447316,0.28220562130353116,0.4067685703816154,0.3977287628838941,0.4047544735746982,0.3947895256653231,0.2595208744949844
0.40031408679265035,0.39837511446614826,0.3989561750898266,0.39738918235728193,0.40306387848522673,0.4012398383839173,0.3901876518164589,0.38914782277987325,0.21350138427507032,0.22632213898888345,0.3934460555933624,0.3949487266909701,0.3989804411152724,0.3847262632464032,0.1145551743595881
0.39998429566036736,0.3989830501892138,0.3958719085210732,0.39344597085509375,0.4004005409904285,0.3986053770665982,0.3898459813682834,0.3892043684845028,0.25215382630417976,0.2686751252222346,0.4001989216353451,0.3855595478507174,0.3933364544319599,0.3893174598937619,0.3533810976889368
0.395812176097995,0.3935341118415799,0.39056361299798054,0.3879147354635382,0.3952247191011235,0.3930604025776212,0.38515335130662254,0.38295141440060737,0.29257186027604654,0.27555846628652897,0.382636235146312,0.3768522646804271,0.3819704535996671,0.3704455062328164,0.2893251484151177
0.3936030989896874,0.3906779786249874,0.3892103123606704,0.38893057687480653,0.3934612983770286,0.39146182477292935,0.383898780129728,0.38203932480385006,0.3189568737301743,0.3763730020884342,0.3849657121918023,0.3909622596973432,0.3882646691635456,0.3802151456103355,0.5780020736922448
0.38935769250902996,0.38896583174276755,0.3856120013637914,0.38586612054970404,0.38946629213483136,0.38923436396985683,0.3795691749192537,0.3790733830735505,0.3510521578679831,0.390914433120299,0.3855415379783279,0.3797372078994991,0.3847794423637118,0.3731414996129514,0.4199972951840285
0.38935769250902996,0.3904592396929658,0.38457342180492543,0.3871626899986828,0.3883895131086142,0.3906884246413001,0.3791527640605397,0.3802636583666448,0.4048562328131483,0.3884681384420042,0.3934460555933624,0.3897558288966403,0.3935965459841866,0.3826442089528334,0.3835755490854146
0.38730042401717,0.3902770195206591,0.3851294290435102,0.387554988013669,0.38812421972534333,0.39112894559940187,0.3770493553639591,0.3797759110480494,0.3544857196598149,0.2928216029354258,0.3899125791760455,0.3883395840436414,0.3920099875156055,0.3788004164108587,0.1015285319222691
0.3895513793644977,0.3914816836414228,0.3894515985208109,0.3911910293647562,0.3916146483562214,0.393893495984287,0.38025785441635745,0.38201327453030237,0.33160732911858737,0.25352546719327734,0.3938910118829503,0.3984631120669306,0.3994225967540574,0.3864880014948082,0.1749331957089804
0.39373920326650264,0.3962893996615575,0.39105143066956904,0.39378115972354877,0.39478256346233875,0.39729707888756877,0.38350906227477777,0.3868325779876806,0.24535758755287201,0.2179347667500742,0.4059048317018269,0.398961420441134,0.4041042446941323,0.3964711849024371,0.1467533658636679
0.39480709836151384,0.39448660425883303,0.3938524482677227,0.3937682051124549,0.3976695796920516,0.3979362270958045,0.38526012332167736,0.3851873202742702,0.17481194533784533,0.16771287253634784,0.3908810134533841,0.3937422958902672,0.3992145235122761,0.3818968048474496,0.0672690841088952
0.39424697691462063,0.39320621895885416,0.3920742741745128,0.38946712288516694,0.3967020391177694,0.39487709910146157,0.38440060860048586,0.38290709196513867,0.20470762338391113,0.28949322812947975,0.3906454483588965,0.380864958430591,0.3887588431127757,0.3783466353468756,0.5330539393157436
0.392048369366068,0.38844399311699696,0.38939914500773687,0.3846327279933652,0.39450166458593416,0.3902541043531175,0.38230253850465795,0.37804141662066554,0.2057702740724734,0.2286094138746799,0.3789195414332825,0.3749639382097616,0.3810081148564295,0.3683100659317193,0.1068417853650802
0.38999633565408565,0.38683960985234406,0.38579034330824313,0.38322818651873064,0.3923168955472326,0.38966898675559475,0.3801457438005499,0.3772622870718663,0.2030418298235495,0.2061699340712402,0.3836308433230383,0.3804191035694617,0.3884987515605493,0.375704027974268,0.1612909744643609
0.3850128252106998,0.3848888330631952,0.38113771669857593,0.3807182201434198,0.38789013732833955,0.38710280903695216,0.37483917465232364,0.3748209711016795,0.18871843021186155,0.16249207864923623,0.3809872794848975,0.3756982873927981,0.3819704535996671,0.3699383391613058,0.0751363678052283
0.3828089828822697,0.383213155979208,0.37954837525243257,0.3824106763154634,0.384956304619226,0.3862503260135375,0.3732109014227371,0.37446579363429205,0.2136338269881562,0.17227674176294694,0.3798618018112337,0.3857955886595505,0.3845453599667081,0.373755438699517,0.1918460679903683
0.38332199131026534,0.3865456008190969,0.3834351805712187,0.3883734458851496,0.3874583853516437,0.3912566329339799,0.37520753810426294,0.3790871353410295,0.17672272682757717,0.2310173073462475,0.3932104904988746,0.400298985024522,0.4012692467748646,0.3883298187545045,0.3484984385128486
0.3878657802439407,0.39157656257995105,0.3898607359227884,0.3946128689126363,0.3928266749895962,0.39678760963805065,0.3807970530923846,0.38481063718479547,0.22425007422698987,0.26883771235154624,0.4016384861016594,0.4070917149676099,0.4078495630461922,0.3962576408723275,0.3444785223621437
0.39179709993194783,0.39548018897432535,0.3947389126386739,0.3980119083247206,0.39695692883895123,0.40090841336114186,0.3853882497397433,0.38942709519355084,0.2105130289741751,0.21009372430112647,0.4032874417630739,0.4048099871488892,0.4091500208073242,0.3986600112110616,0.0926057482002869
0.39588022823640256,0.39745443298527405,0.39698916834955017,0.3943244608655401,0.3991885143570536,0.39831506930415433,0.38926407388623446,0.38939055009362117,0.21321162697789653,0.1696056021420295,0.4014029210071715,0.3869495659471793,0.3931283811901791,0.3893174598937619,0.0886293578238356
0.39812594880385277,0.39533309020634416,0.39815363633979384,0.39342228344728297,0.40068143986683313,0.396213375374638,0.3906521100819476,0.3864922399551083,0.2033356287997611,0.16055909379458336,0.3910904046484845,0.3916179286107688,0.3920099875156055,0.3806956196780824,0.1424660770996911
0.3944197246505784,0.3884485167150637,0.39243095806341627,0.38617672017906673,0.3951466916354557,0.38867408545575116,0.38544697434802344,0.3784295399983668,0.18382520049059753,0.19068816151873247,0.3746793697325027,0.3716855936426342,0.3735955056179774,0.3623041400848839,0.2509462969670307
0.38987593571690304,0.38527219162113663,0.3851241836922028,0.3809704278232253,0.38926862255513944,0.38526912951870446,0.37961722232602835,0.37465598691969526,0.14346126283816013,0.17467838571247393,0.3789195414332825,0.3705578431115424,0.3784592176446109,0.3671088807623521,0.1426588340999569
0.38529026854420767,0.38363449638062347,0.3796690183325028,0.37982500533228003,0.3834165626300458,0.38347599340642163,0.3741718495582308,0.3735817070704881,0.20928311495312418,0.2570239267333516,0.3803591058995971,0.3775341603503894,0.3798897211818561,0.3714331473720738,0.421715008775107
0.38019159294351673,0.3810595119216546,0.3770830601379527,0.3778899285463296,0.38039429879317516,0.3816563496062231,0.3694311720897953,0.3709258288975202,0.20417101276704214,0.19237223345337628,0.3759095430037168,0.3740197749744287,0.3780170620058261,0.3656140725515844,0.0630688468934256
0.3775637334450086,0.38002337699975103,0.37332738860185155,0.37620647600764084,0.3776841448189763,0.38059063895235234,0.3665696820863252,0.3694132758185907,0.24547106546431885,0.2445702691642757,0.3779511071559439,0.3728395709302632,0.3784592176446109,0.3663881696607318,0.3489663405860745
0.37845364602418463,0.37972522887596166,0.3768889821395788,0.3806355044488507,0.3798325010403662,0.38183952154321066,0.3695806529108721,0.37206184861493324,0.3193837372162468,0.3698833980184073,0.379128932628383,0.3894935613312702,0.3843372867249273,0.3773589942076183,0.6205096557266705
0.3811652620007329,0.3839760263559823,0.3782842455873482,0.3796017230826969,0.3813202247191011,0.38319229304156893,0.37229800069401814,0.3749397723026496,0.33834138819239,0.32573796167249586,0.3924776213160236,0.3775341603503894,0.3858978360382854,0.3806956196780824,0.237447088980673
0.38077788828979736,0.3821247633522948,0.37861470271971465,0.3794632973925385,0.38186641697877655,0.38300175618779025,0.3717588020179911,0.3728722328657459,0.32149908984497033,0.3296598134610002,0.3784222373449196,0.3791864460122216,0.3826206824802329,0.3687371539919386,0.3375035170380088
0.3822698005548865,0.3825395436779175,0.3815258726953238,0.3825007398791838,0.3842332501040366,0.38528491333590226,0.3742092197635,0.37453687567020694,0.3354198760448127,0.26399746827154597,0.3833691043291628,0.3885756248524745,0.3898512276321264,0.377866161279129,0.1326727778926374
0.3825053656493744,0.38140267332807265,0.3804505756773059,0.37748818853284716,0.38260507698709945,0.38029605957724316,0.374251928569522,0.37189182167708523,0.32317079047469505,0.2719052830928594,0.379128932628383,0.3674630858401739,0.3703183520599251,0.3666017136908417,0.2877209127354861
0.38016541904412915,0.3767448487527673,0.37379947021951787,0.37040480370267476,0.3784488139825218,0.37471603028550843,0.3705309238448603,0.36751253797949346,0.2740258387649871,0.30619848778794984,0.3674291996021567,0.3562380340423299,0.3635559717020391,0.3587539705843099,0.3747848971781308
0.37223996230958484,0.36878001171627894,0.36963990663274665,0.36584864994062755,0.37328339575530584,0.3698342684910741,0.364706510423618,0.36219954284361927,0.3294447199349599,0.3756461568021456,0.3528503376433022,0.3567363424165333,0.3600707449022056,0.3515735525718708,0.514541494830537
0.3688216510495733,0.3662969014924733,0.36531773715544597,0.363090966168991,0.3696213066999584,0.3679929247285479,0.36064917385153356,0.35761651893958496,0.3153607120816667,0.33945859712527787,0.3613306810448621,0.3575755986257181,0.3643102372034956,0.3484504711315164,0.2670834777715425
0.3621211328063655,0.3608201053660233,0.3577696766240918,0.35900575151122877,0.36300457761131916,0.3642511438820087,0.35448308998211575,0.3540895932704033,0.39649555337581227,0.40575472620464037,0.3498665131131234,0.3508353221957041,0.3567675821889304,0.3470357419320398,0.5383469843633655
0.35420614563157615,0.35373140249549434,0.3515277085682813,0.3514215828611929,0.35721493965875983,0.35662415002038195,0.34712115954408357,0.3459904160138291,0.4306925106132936,0.4234050504440578,0.3395539967544364,0.3362532455611213,0.3413701622971286,0.3297920615006808,0.4587056989228925
0.34802910537611886,0.348002267771953,0.3482336279472318,0.34753693221982257,0.3518570536828963,0.35000494728782855,0.3410458318874623,0.34011938810962067,0.3944768901456091,0.34683896524260804,0.3365439983248702,0.339767630937082,0.3367665418227217,0.3283773323012038,0.1937067948397085
0.34817044443281153,0.34985385615689046,0.34943481339662724,0.3526053780343852,0.3518570536828963,0.3533602131592876,0.3407041614392868,0.34336799218341146,0.3833927408335495,0.3842662262518184,0.3535570329267655,0.3627422696635105,0.3600707449022056,0.3498652003309932,0.4591207482702391
0.347699314243836,0.3528942474712551,0.35019014398489334,0.355521002545273,0.3515709529754474,0.35653338666160855,0.3410404932867096,0.34562270491181774,0.3692851047028043,0.3216925832071511,0.3589750300999844,0.3613522515670486,0.3628797336662506,0.3501321303686304,0.1965452971178165
0.35013348688687634,0.3559419570902785,0.35304886044742834,0.3587236365329751,0.3540522263836871,0.36074690751778205,0.3420921976349999,0.3478465578323755,0.28843784441711984,0.259165283116415,0.3620373763283254,0.3651289045083794,0.3691739492301291,0.3522942636734911,0.1341106829349429
0.35731037009893735,0.36244077566509936,0.3623908311259146,0.3668034573398342,0.36255201831044537,0.3684543123221613,0.35022288658142703,0.3553795406325225,0.21628081585954845,0.20541704078928855,0.3754384128147411,0.3829630989535524,0.3838691219309198,0.3704455062328164,0.0979205561350356
0.3654556875883369,0.36738404570068894,0.36909963544808405,0.36897285574253263,0.3714887640449439,0.3727862983798456,0.35829485091957397,0.3598320784189945,0.23978535575325227,0.24068785862893494,0.3772705857718682,0.3733116525479294,0.3814502704952143,0.3687371539919386,0.3112294943082277
0.3685023294770454,0.36785277792389537,0.3731438013060925,0.3736362701462059,0.3740064502704953,0.37274392426321784,0.36288604756693266,0.36416178013525863,0.30351952519598246,0.4197224375805866,0.3687902423703083,0.3829630989535524,0.3726591760299624,0.372821183567787,0.77779159548389
0.3744071611788724,0.37473491481896987,0.3786828922867108,0.3787734155875175,0.3798325010403662,0.37916594534734704,0.368710460988175,0.3691925859151198,0.43850227810793446,0.5703013122795833,0.388499188609119,0.3890477064701407,0.3920099875156055,0.379254197474842,0.8714590616775765
0.3801915929435167,0.3801431215964955,0.3836764667313593,0.38254786930221885,0.3849146899708697,0.3843055948591136,0.37426260577102743,0.3728133864726642,0.4439386473122055,0.43396505117182166,0.3909595351515468,0.3900967767316217,0.3945848938826466,0.3800549875877532,0.1612925289562985
0.3843951211851541,0.3855807657386398,0.3845262136431587,0.3841025240389957,0.38718789013732835,0.38794877082714657,0.3772201905880469,0.37695340108774733,0.48252051540734664,0.3862533329847948,0.3964560540229284,0.3872118335125494,0.3952351227632127,0.3852334303179137,0.2908298966107412
0.38655185049468666,0.3864052545989369,0.38757900810406776,0.3855935576434886,0.38966916354556796,0.38991805973023524,0.37947308010570435,0.3779694679185735,0.46601243282651694,0.3337319157912229,0.3880542323195309,0.3885756248524745,0.3938566375364127,0.3800016015802259,0.2286890814040793
0.39049363974244883,0.3871032326023309,0.389362427548585,0.38768910382103866,0.3940387016229713,0.39144766195914976,0.3820569628700318,0.3805598444088571,0.3622690607915161,0.308846188963777,0.388499188609119,0.3918801961761389,0.3945068664169788,0.3857405973894243,0.2590747353088853
0.3915248913783175,0.3892873039977081,0.39081538986073594,0.3905635752243241,0.3956096545984187,0.39425335877038065,0.3830606198115474,0.381797390333378,0.2813969286348295,0.3615969262738992,0.3936554467884624,0.396312518030895,0.3998647523928424,0.3842724821824199,0.4670984008941437
0.39249332565565614,0.3914587715112188,0.3925411104408717,0.3932841766936496,0.3970453599667083,0.3967567127549521,0.3845821210260791,0.3837524247757225,0.2775679040940653,0.2884470862667586,0.3958017065382401,0.3987253796323007,0.401763420724095,0.3876624936604116,0.1421474062524774
0.3925352038946762,0.39319432941348875,0.3949434813396627,0.3952640137979346,0.39881918435289226,0.39920589006801216,0.3851533513066226,0.38519814375735867,0.2830257252870757,0.29833772503643674,0.3966654452180286,0.3992236880065043,0.4041042446941323,0.3880895817206311,0.3181190025757931
0.3953933937077946,0.3962446134040334,0.3988407773610637,0.39953004418511623,0.4021691635455681,0.40300610454527214,0.38878359981848765,0.38951637721808946,0.34029849354186315,0.3705761242502967,0.4023451813851227,0.4080621049594797,0.4106065334997919,0.3981528441395512,0.5150529226780165
0.3994765220122493,0.4004680189798198,0.4025020325736316,0.40308218686973696,0.4066427382438619,0.40762898299966405,0.3926434081627206,0.39469079784892264,0.357997006048528,0.362906515447601,0.4089148301313928,0.4101864722389783,0.4168747399084478,0.405039639110589,0.3475672978422097
0.40266973773752807,0.4035191877914986,0.40382910645440473,0.4030374203914116,0.40846337910944647,0.4080753075733646,0.39565437898726746,0.39623631066766657,0.32731288969169753,0.34649695000173103,0.4096215254148562,0.4029478874347609,0.4089679567207656,0.3993273363051544,0.3136778191099911
0.4043972150971051,0.40382582297304076,0.40480474179758186,0.40322613237700317,0.4099042863087806,0.40837285728916495,0.3971758802017991,0.395914207022801,0.3445366603606109,0.3070867198668355,0.4044390933361251,0.4036035563481863,0.4089679567207656,0.39526999973307,0.2282662595970445
0.40576349264513417,0.4037161596347518,0.4076110047470429,0.40656908916927187,0.41125156054931333,0.4091954434917085,0.39990390518645064,0.39785270689649693,0.3549219100975131,0.32807289699799175,0.4034968329581739,0.4132550027538093,0.4108406158967956,0.4017297066438887,0.3700452512603043
0.4105794901324398,0.4112858293637182,0.41047496656088533,0.41184003078907855,0.4150697045359967,0.4160293801388752,0.40373168192616715,0.4043323805437091,0.32201082859083735,0.33554776971354033,0.426425168821651,0.4223819140286919,0.4296972534332086,0.4172917278381336,0.3504975151446377
0.41136994189394327,0.4118129158887822,0.4117863043877363,0.41347440765046334,0.41549625468164786,0.41702208363815146,0.4039345487547714,0.40490624478034287,0.36941661472072757,0.41856392263958053,0.4128670889389102,0.4167431613732331,0.419007490636704,0.4060539732536103,0.5845962284916608
0.40927079516306336,0.40758387451267364,0.41257310708384687,0.41127690540541345,0.41488764044943816,0.4133230176120066,0.4032672236606786,0.401934400131792,0.49340226986912716,0.5902446467103833,0.3991257917604566,0.4068819009153137,0.405924885559717,0.3959907108346903,0.933606094851989
0.40977856881118147,0.40738190353402093,0.41286684675706153,0.4092086885083621,0.4152153558052434,0.41241752290793504,0.4034113658810027,0.39995317036609146,0.5243708582505435,0.5211994983082976,0.4069779615767156,0.4050722547142595,0.4106065334997919,0.3959907108346903,0.3831092015041263
0.41026016855991204,0.40688954625662294,0.41085263185501847,0.4072004350867728,0.4146587598834789,0.41096422736794774,0.40265862317486595,0.3992907779484627,0.5716603683834992,0.5496305995138927,0.4059048317018269,0.403183928243594,0.4080576362879733,0.3979659931132051,0.6064928019250827
0.4064649531487201,0.4070760614263124,0.4072333394529098,0.4062287740638982,0.40920724094881394,0.40812270449859306,0.39829698635987515,0.3980216998867017,0.6557313340494358,0.6233711808340353,0.4074490917656913,0.4042854520181489,0.4024396587598835,0.3954835437631798,0.7708523434743205
0.4036643459142543,0.40433872520640196,0.40333079808020134,0.4032293342124957,0.4058468580940491,0.40615032845335525,0.3951418733150042,0.3954406026008863,0.6784468138355999,0.6483053296968506,0.3988640527665811,0.3972304545096907,0.4022055763628798,0.3902784080292556,0.6981736274224812
0.4033136156624614,0.4020165303047653,0.4043956043956043,0.4062215336391066,0.40551914273824385,0.40552898856246705,0.39638576729039326,0.39769712863780277,0.5902589317220504,0.5964257812259811,0.3973721405014919,0.4122059324923286,0.4042863087806907,0.4022101807116356,0.4926666842842419
0.4080092132125843,0.4114963366456204,0.40959899289254886,0.41451075482573185,0.41078339575530587,0.415995258570012,0.40249846515228366,0.4073161524732492,0.6313254997302955,0.5937645346657713,0.4304559493273306,0.4310891971989823,0.4369277985851019,0.4265542001441422,0.5884420415453514
0.41301366277548024,0.4179732509358491,0.41630255186341103,0.4219077442497894,0.4165574282147316,0.4229727719083753,0.4081253503456745,0.4135775746755525,0.6387068492469262,0.6103095396132597,0.4309270795163064,0.4367017230979044,0.4369277985851019,0.4261004190801591,0.6433995495082364
0.4195414332827304,0.4253448153912134,0.4242020509323611,0.42919947862082614,0.4246618809821056,0.42963582213783486,0.41564743880628885,0.42008304513911904,0.6317178534953527,0.6521754813143241,0.440087944301942,0.4437829473628996,0.442961922596754,0.4330939860662521,0.7359073647164528
0.4282468722190232,0.43102695941015723,0.43336567966639555,0.4338158518071718,0.433369746150645,0.4350055154937487,0.4240610735926114,0.42417089074636866,0.6307770749747004,0.6659402324826228,0.4423912474480448,0.4430485981798631,0.4457449022055764,0.432346581960868,0.6934697348192203
0.43739203266502635,0.43505062051727417,0.43968108264050976,0.43713821699241445,0.44180711610486884,0.4388280631797692,0.4302378346635347,0.42714525585299645,0.6076148342056623,0.5695786484680988,0.4430979427315081,0.4437829473628996,0.4464731585518102,0.4330939860662521,0.3768554804390507
0.43823483222530496,0.43492372938775725,0.4419785465131527,0.4389509835156753,0.4429671244277985,0.44012798885309623,0.4312468302058031,0.4286298965204924,0.5568000472565547,0.49117513457867057,0.4346699471287233,0.4425765165621969,0.4427278401997503,0.4315991778554842,0.334368106799814
0.4395435271946814,0.43577267104623446,0.4426919142909596,0.4393901763394299,0.44444964627548894,0.4415321285099154,0.43196220270667063,0.42897902487516043,0.5770187020925015,0.5756143642817704,0.437470554363189,0.4402685619869391,0.4443404078235538,0.4296772815844967,0.7444928236879699
0.4408941004030781,0.43946205081213136,0.44353117050014423,0.44225319369589416,0.44627028714107364,0.4450431279815028,0.43333956170087823,0.43264627692920365,0.5295404766383178,0.5499149886696917,0.4468408103439251,0.4479792284088226,0.4520651269246776,0.4399807810372902,0.4985162374455344
0.4420195780767419,0.44231424581354223,0.44475858270607677,0.44456401553377134,0.4472950478568456,0.4469849872491473,0.43463150308304205,0.43469961424336473,0.5211763773187188,0.5838264051868697,0.4480186358163639,0.4491856592095256,0.4508687057844363,0.4388062888716868,0.6516492382212259
0.44384651625399146,0.4456203750816136,0.44658921031236065,0.4473547054872873,0.4494850187265918,0.45046432913294526,0.4365747537570403,0.4374031559743244,0.5265953362132886,0.5238676950952128,0.4522326336177563,0.4529360853943192,0.457423012900541,0.4428102394362438,0.4039502749118991
0.44768360990420347,0.4483653885143368,0.449127960345144,0.44999322590022955,0.45251768622555144,0.4529399453201463,0.43992739502976275,0.441056232055915,0.632709619351559,0.6375583042271974,0.4538554153797832,0.4552702667261141,0.4578911776945484,0.4483623842190962,0.8649395224911665
0.4522745118567764,0.45238528038490905,0.45343963911983004,0.4539378025536093,0.4564294631710363,0.4565930610637568,0.444134212422924,0.44427461088737763,0.5343914241788783,0.5093394854263203,0.4604250641260535,0.4618269558603687,0.4638992925509779,0.450711368550303,0.2529018478245662
0.4551327016698948,0.45530077339311165,0.455270266726114,0.45500265718248695,0.45837494798168954,0.45832622436848597,0.4462803299255266,0.44642019677501943,0.49528258331688146,0.44055033466273025,0.4611317594095169,0.4571323664402422,0.4617925509779443,0.450711368550303,0.3029720331355501
0.4572527875202847,0.45640687061817903,0.4581761913504156,0.45790686556533594,0.46116833125260087,0.46049602362532155,0.4493019779515789,0.44891830751732914,0.43854860196767576,0.4163600002668859,0.4586190650683138,0.463715282331034,0.4648356221389929,0.4539145290019486,0.3679793314751973
0.4600638643145055,0.45970058627507276,0.4600068189566996,0.459300984852137,0.46338951310861426,0.46317365647708364,0.4519285695219284,0.45125993744088305,0.417324190848084,0.3768494066159041,0.4662880175888603,0.462089223425739,0.4685289221806077,0.455943197287991,0.2978282193139405
0.4611684028686593,0.45959309356689926,0.46073067743712126,0.45916384294416557,0.46470037453183527,0.4635975992549402,0.45264928062354864,0.4514952715363212,0.3233557750152728,0.3829320855196394,0.4593781081505522,0.4588895591282227,0.4644454848106534,0.4519659397271975,0.3950974433271101
0.4623881065801182,0.4619032566057155,0.46237771774764613,0.4627966144337747,0.4661464835622139,0.46610834540425056,0.45466193310733266,0.4545883913472885,0.35884296056098497,0.39873398219746864,0.4665235826833481,0.4700621574129928,0.4711298377028714,0.4607746309692231,0.4303377755531271
0.4621106632466104,0.4611836853178029,0.4631750111463715,0.4622373541004728,0.4665678318768207,0.46537199445315963,0.45519579318260694,0.4541858172070838,0.3608864956621901,0.37021922434550447,0.4597445427419776,0.4611188334338691,0.4638992925509779,0.4533806689266744,0.3131897086415761
0.4614929592210647,0.45929930519206374,0.46289700752707913,0.4622666574785059,0.46601123595505617,0.4642655438121633,0.4546565945065799,0.45319672334532707,0.3756942749616428,0.3941522255544898,0.4555305449405854,0.4623252642345721,0.4620526425301707,0.4512185356218137,0.4420182279724606
0.4605559336229912,0.4600671666608733,0.4616695953211466,0.46016182578436277,0.4635039533915938,0.4615078656625407,0.4536102287590424,0.4523682717469857,0.3997509703915919,0.40213871585755534,0.4616028895984924,0.4559521623960765,0.4559925093632957,0.450711368550303,0.4181116964636863
0.4608072030571114,0.46025626288096677,0.46254032363817565,0.4611889507606978,0.46410216396171455,0.4634840896621128,0.4537436937778609,0.45245660277175387,0.3975749925773009,0.39616499532358845,0.4606344553211537,0.4632432007133678,0.4674365376612568,0.4526332648212903,0.3842175542556548
0.46015285557242314,0.4612547903406134,0.46084607516588416,0.4613229388576438,0.4631814398668331,0.4644981321842299,0.45206737314149964,0.45243541111030816,0.40827300609205375,0.42538594459135615,0.4632518452599067,0.4615909150515356,0.4665262172284643,0.4523930277874168,0.4838278431268916
0.4607548552583364,0.4617547072842569,0.4617063127802985,0.4626886330737427,0.46415938410320434,0.4659284260337646,0.4528307930491418,0.4540228635618339,0.40900921347371416,0.38921421157753017,0.4627545411715438,0.4654200215059405,0.4687890137328341,0.4571977684648853,0.3168707455498782
0.4636653928702298,0.46453088252285535,0.46277636444700887,0.46435092957186974,0.4664065751144403,0.46838181655129324,0.4547900595253984,0.4563535317089214,0.38174280309095165,0.361371533071236,0.4700832330000523,0.4676755225681239,0.4732885975863505,0.4610148680030965,0.3056861760586478
0.46389572318484007,0.46393876873908485,0.46474337118728526,0.4648296850803994,0.46896587598834794,0.46851754894514014,0.455836425272936,0.45621675356861124,0.3909621838746332,0.3956505555081887,0.4627545411715438,0.4657871960974586,0.4687890137328341,0.455943197287991,0.4642086003820941
0.46525676595299165,0.4651057355466938,0.464648954863752,0.46414349641883335,0.46896587598834794,0.4681572118505124,0.45664255398660014,0.4563658051756112,0.4133269702796685,0.4291141990990696,0.4674396691619117,0.4627711190957013,0.4674365376612568,0.4566639083896111,0.4960414862808314
0.46652881746322566,0.4666078579681548,0.4669988722494689,0.4672091649392623,0.47082292967124434,0.4707086364479904,0.45889544350425754,0.4587963619089755,0.4519433480958249,0.5117127101352711,0.4696121028110768,0.4733405019801202,0.4758114856429463,0.4636574753757041,0.6769097322076738
0.46910956394283615,0.4696246631686353,0.465818668205303,0.4646457770545452,0.47041198501872666,0.46938385445540876,0.460464992125564,0.46087941179645614,0.471935047108878,0.4800848869618952,0.4756582735695963,0.4595190012851111,0.4667342904702456,0.4650455115714174,0.4168292406151435
0.46572789614196725,0.4641414067776594,0.4616905767263762,0.45877553976086016,0.465782355389097,0.46296938611634,0.4566852627926221,0.45462501497709984,0.47756137522792724,0.4313291968592281,0.4531748939957075,0.44703506517349,0.4501404494382024,0.4421162213383873,0.3338178166538939
0.4641469926189603,0.46104427903727613,0.4603897296021401,0.4589446799993328,0.4637380357885976,0.4615020626543391,0.4551210527720685,0.4524573923798075,0.42737149403774605,0.35863919604988137,0.4548500235565095,0.459282960476278,0.4585674157303372,0.4481221471852228,0.213259194431188
0.4645291315500183,0.4638129739639179,0.45517585040258074,0.45153036103218996,0.459118809821057,0.45578151104407727,0.4555107706270188,0.45450909414132584,0.4307721006005001,0.4101076370647882,0.4693503638172015,0.4367017230979044,0.4443404078235538,0.4586124976643624,0.5130445190946017
0.45961367324504004,0.45755358640467375,0.44935875580266993,0.4491052503483153,0.4524084477736164,0.4512742324979658,0.44994261004190816,0.44827828691093413,0.38572416784160335,0.42396178084758884,0.4450348112861854,0.444255028980566,0.4422596754057428,0.4358166724501509,0.4516700684131902
0.45290792022195464,0.452412227087839,0.44892863699546276,0.45185963598190204,0.44876716604244693,0.45035878227011006,0.4468355444038119,0.4486889190676014,0.36158943691638534,0.38135971589474366,0.4421295084541695,0.4573684072490755,0.4485278818143987,0.449510183380936,0.2961555859890533
0.45404386745537356,0.4545596947794932,0.4505337144955283,0.4529265748792073,0.45129525593008746,0.45449948780554156,0.44895496890265074,0.45003039398926137,0.4490852592193029,0.5113387866526564,0.4588546301628017,0.4550604526738178,0.4627808988764046,0.4527133438325814,0.7712969281684819
0.4529236245615872,0.4527893995488547,0.45030816438931,0.4546694532345336,0.4503225135247607,0.4542342264382622,0.44877879507781016,0.44910068867984765,0.5302201005134486,0.5472036580690763,0.4492488090875778,0.4581552099451862,0.4537037037037037,0.4472412780610202,0.6189334009019162
0.45015966078626396,0.45370311467943164,0.45513913294342895,0.45673182411252206,0.4534019975031211,0.4560687601972934,0.44705442703467424,0.4493973449361261,0.546888917560629,0.5635986401562187,0.4555305449405854,0.4608565658684991,0.4597378277153559,0.4499906574486829,0.5963886043305036
0.4546092236821441,0.4582296183748166,0.46074116813973615,0.46190961772904876,0.45997711194340407,0.4624242560005815,0.45264928062354864,0.454195210088925,0.557892855088707,0.5446290121220059,0.4672826257655865,0.4722652049621023,0.4751352476071577,0.4637909403945226,0.5066897560535801
0.4616761765167775,0.464641169792323,0.46410343832778206,0.46599966454913416,0.4661048689138577,0.46800505955594324,0.4562261431278863,0.4585949720268247,0.6429571411027875,0.6035783467678226,0.4774642726273358,0.4741797581893048,0.4791666666666667,0.4673944959026241,0.7214770160594561
0.4653509919907868,0.4688370157058314,0.4687822916939862,0.47015134953436916,0.4704067831876821,0.4734335297858043,0.4594346421802847,0.4619819277160742,0.53946839484717,0.4870032968086799,0.4772287075328482,0.478454719504839,0.4842904702455264,0.4687558390945734,0.2538531968903943
0.4719677537559545,0.4733355497750265,0.4738178289490939,0.47454519842982085,0.4766177694548481,0.47720856487038077,0.4646611323172197,0.46577919472594803,0.5556773931792002,0.5579949953931421,0.4823326179134167,0.4833328962207244,0.4847586350395338,0.4733737287456958,0.6999783925620668
0.4775480291053761,0.4767010070792486,0.47902646279734584,0.4786633773231335,0.4821993341656263,0.4806875936700028,0.4699623628646933,0.4693517332126487,0.46025241840083175,0.4117512404083154,0.4834319216876929,0.486899735109759,0.4876456512692468,0.4764968101860503,0.119263730438662
0.4810082186044077,0.4793285291397473,0.48069972986440773,0.4793194316478928,0.4842956720765709,0.48233070816729556,0.47235405600192204,0.47148429083532123,0.422064147664298,0.3797502943958473,0.4845835732607445,0.4806315402974115,0.485616937161881,0.4757494060806664,0.3157484023709111
0.48172538344762594,0.47990238504097404,0.4818432164494218,0.47951201813672023,0.48515397419891804,0.48270653120433105,0.47322424792461903,0.47157134572891724,0.31727429165688614,0.3190094416046972,0.4810500968434276,0.479897191114375,0.4834581772784021,0.4717454555161093,0.1975277360223971
0.4829189132596974,0.48100037555838443,0.48386792205407964,0.48253409460052293,0.4862463587182688,0.48505515175031416,0.47521554600539206,0.473951673652091,0.3285493325788864,0.31608242823659666,0.4831963565932052,0.4885782475281282,0.4897523928422804,0.4787123294984385,0.3102284015003956
0.48401298225409617,0.48326790466739317,0.48420362453775345,0.48335986594671315,0.4875624219725344,0.4871497516038299,0.47621920294690767,0.475431786919152,0.28834706208796235,0.37704396552687997,0.4878029628854107,0.4850114086390937,0.4913389513108614,0.478392013453274,0.4989670401074464
0.4818510181646862,0.4797193035251431,0.4822418631487844,0.4812702200194467,0.4856689554723263,0.4841592739919554,0.47535968822571606,0.47435427013946546,0.3290125711762995,0.35889306897803586,0.4726221012406429,0.4770909281649138,0.4781783187682065,0.4721992365800924,0.3225912758803476
0.4808354708684499,0.4796481479432832,0.4819376327729549,0.4805502761523859,0.48535684560965464,0.4841249786108112,0.4744414488962443,0.4732889165707461,0.3476204614664765,0.37552466392595596,0.4795058367795634,0.4791103884182643,0.4840563878485227,0.4711582094333075,0.4087878538217961
0.4791289326283829,0.4772712338432197,0.4798971911143749,0.4769318450420821,0.48374427798585107,0.4812150987936688,0.4731228145103169,0.47057670557598813,0.44451785100816565,0.4776880038609182,0.4725174056430926,0.4696949828214745,0.4753953391593841,0.4651522835864721,0.6820146837308427
0.4773752813694184,0.4763235226616072,0.47777282383487635,0.47727336707159984,0.48186121514773206,0.4809224254130077,0.470859247791154,0.4695159690182001,0.4268075243627747,0.3923509253317592,0.4744281002983824,0.4779564111306353,0.4803370786516854,0.4673944959026241,0.2216767682734413
0.47596189080249174,0.47779435179133056,0.4749088620210339,0.47507944457102697,0.4782199334165626,0.47832579782700996,0.4694605343939354,0.47014346150119374,0.3879853318140764,0.36318597600915775,0.4807360100507772,0.4706915995698812,0.4731325426550146,0.471398446467181,0.3048560773639547
0.47654295136889485,0.47703870255177333,0.47544388785438907,0.4766416488245812,0.47906263004577615,0.4796811325227645,0.4689213357179084,0.46993005540078164,0.36263809717750883,0.30740901823860844,0.4755274040726588,0.4797660573316897,0.4823918019142736,0.4695032431999575,0.1958551026975098
0.4745327958959325,0.4745108215060994,0.4753127540717039,0.4772460057180005,0.47747607157719507,0.4784952868503824,0.4684835704561835,0.4696098313087487,0.33539344968187307,0.29579421760694474,0.4694550594147516,0.478454719504839,0.476123595505618,0.468969383124683,0.2725646163436173
0.475799612626289,0.47595771076902466,0.47804033675155394,0.47927496921890844,0.4793487307532251,0.4805830695800995,0.4702666631075997,0.4710958031536833,0.29052335080064096,0.34975087484619055,0.4788514892948751,0.4833328962207244,0.4847586350395338,0.4740677468435526,0.457664189324682
0.4772915248913783,0.4779343610539593,0.477001757192688,0.47710448392470756,0.47874011652101534,0.4794867155502785,0.4711101620265329,0.47126786560155237,0.4047412004097639,0.4974225886704791,0.4818876616238287,0.4727635133363057,0.4772940074906366,0.4716119904972906,0.7927660163190563
0.47653771658901733,0.47761189688229716,0.47886910225812374,0.47807909758215833,0.48106533499791915,0.4812440220466969,0.4716013132957853,0.47212997800551576,0.4363577010307835,0.4859279192700035,0.4769669685389729,0.4800283248970598,0.4847586350395338,0.4738542028134427,0.4629385804690524
0.477951107155944,0.4792727168906288,0.47623593590180696,0.47425280690480753,0.4791198501872659,0.478384140651467,0.4722205909831034,0.47228652921585984,0.459278684651102,0.42743861977970304,0.482594356907292,0.466600225550106,0.4726643778610071,0.4725996316365481,0.3104600207991021
0.477951107155944,0.4760001643986697,0.4752340738020928,0.47398367427196114,0.4789741989180191,0.47738787348743933,0.47140912366868654,0.4698283683281061,0.44568216546944867,0.35315308666491907,0.4694550594147516,0.4734454090062683,0.4753953391593841,0.4649120465525986,0.204582020435351
0.47329738784484104,0.4691944071788999,0.4724540376091689,0.4724666879333423,0.4747243029546399,0.47276163406583893,0.468617035475002,0.4665880141771141,0.4275039367508319,0.3576930730204788,0.4555828927393602,0.4694327152561044,0.4635091552226382,0.4601073058751301,0.3667730457315983
0.4709574412395958,0.46952558098513403,0.4729680820372944,0.4734223704478728,0.4740636704119849,0.4731713709696798,0.46723433788004165,0.4659581769589057,0.32887142330836294,0.33832986504922297,0.4701879285976024,0.4753337354769336,0.4739908447773615,0.464698502522489,0.2996034491067112
0.4708632152018007,0.4718490001067552,0.47278449474153533,0.4753183764380033,0.47326258843112773,0.47569865569153574,0.4671916290740197,0.4685190042337147,0.2814435633929584,0.3008196703301585,0.4764958383499974,0.4791103884182643,0.4807532251352477,0.4736406587833328,0.2257992808920296
0.4713866931895513,0.47630324901985177,0.4786278160979832,0.48215119506945064,0.47732001664585927,0.4814496101059121,0.4699196540586712,0.474425921675745,0.3230986620487892,0.37345828491285776,0.4852117468460449,0.4958168323323455,0.4929515189346649,0.4862397565598058,0.5187355140782561
0.47740145526880584,0.4840451226169093,0.4843242676178237,0.4887433522481241,0.4833073241781106,0.48941036567748836,0.47601099751755066,0.4814068690661619,0.3570378845230118,0.37373156754405984,0.4995288698110244,0.5019276666054708,0.505331876820641,0.4953687638469957,0.3742781328064641
0.48554153797832794,0.4881245171735964,0.48975320622098667,0.4913547042560557,0.4899916770703287,0.4919172170129018,0.4812374876544858,0.4830178315640432,0.3372498239537879,0.3384319593245329,0.4962833062869706,0.496577408271919,0.4969309196837288,0.4862397565598058,0.267832742885479
0.48915353609380724,0.4881656511740638,0.48782816229116943,0.48280597477998627,0.48986163129421556,0.4857250166408664,0.48392280383311537,0.4813869155145744,0.3461663897080196,0.34035006550897845,0.4882479191749987,0.4657085158278475,0.4733406158967956,0.4781250834156367,0.3441862778778697
0.4898078835784954,0.48536629270718873,0.4891027826588685,0.48369847993891074,0.49028818143986685,0.48477866971507894,0.48433921469182933,0.47949884803535053,0.405875357727457,0.40168141733572443,0.4797675757734386,0.4854834902567597,0.482885975863504,0.4757227130769026,0.5243441209892165
0.4879652410616133,0.4822437065586706,0.4826457551994544,0.4769762183043655,0.4848158551810237,0.4783824090235358,0.48016976750393725,0.4747967388970155,0.4551082936808347,0.5227543428388645,0.4759985342616343,0.463531695035275,0.4655898876404494,0.4653925206203455,0.7649001938451445
0.48162068785007583,0.4774311722902261,0.4738388103543234,0.4706151263295156,0.4762692467748647,0.47312121761230586,0.4725035368229987,0.46887702941211135,0.4400480648907113,0.44816189151119207,0.4678061037533371,0.4578929423798157,0.462598834789846,0.457037610442303,0.2989769888558473
0.47537036067633354,0.47329800499957037,0.4687875370452935,0.47085043146193356,0.4711714523512276,0.47256146093005164,0.4673838187011185,0.4661317415915424,0.44468946691807976,0.395787845348235,0.465031670418259,0.4713210417267695,0.4714419475655431,0.4606411659504046,0.2910397530223209
0.4723080144479924,0.47317739934414466,0.47071258097511065,0.4723448661336002,0.47079171868497716,0.47218828980854877,0.4650348343699117,0.4662145483142292,0.4248382939761882,0.3455020346216273,0.4729361880332933,0.4753337354769336,0.4714419475655431,0.4663801617596028,0.244930413168412
0.4728733706747631,0.4763163851985271,0.4714207034016103,0.47790461155215264,0.47172284644194756,0.47730606475515125,0.4656647892587354,0.47043386138315973,0.40349791775804944,0.36954876971392575,0.482594356907292,0.4890241023892576,0.4875416146483562,0.4788724875210208,0.4176422398985227
0.47579437784641154,0.4810787801723102,0.47755251907996527,0.48333333217711844,0.4780378693300042,0.483925710530345,0.4699837172677042,0.475951627810503,0.33699053469859164,0.39048693932523576,0.4906035701198764,0.4941907734270501,0.4971650020807325,0.4869871606651896,0.4323632785478558
0.482138931057949,0.48722881005188157,0.48622308479110377,0.48930414509658177,0.4867665418227216,0.4913645394380411,0.47779942876971954,0.48267314119112853,0.33850087906519055,0.36250086311310453,0.4995288698110244,0.5012457709355085,0.5062421972534332,0.4961161679523798,0.306528710688842
0.4888499188609119,0.4910147431789455,0.49155236171942623,0.4921919055205149,0.49293071161048696,0.4949972917934839,0.48368790539999473,0.4851432771613458,0.29976107458918655,0.2741141522895032,0.4985866094330732,0.4979674263683811,0.5022627965043696,0.4900835491017805,0.0973407306423005
0.4952468198712244,0.49565005981424887,0.4985286789582732,0.4981997109040662,0.5007854764877238,0.5002367851795649,0.4908256146064117,0.4907850873714598,0.3118012364428871,0.28445317567197376,0.5049206930848557,0.5102153216711689,0.510715771951727,0.5020687077916879,0.3051312224369148
0.5010155472962361,0.5009127045536163,0.5039785989666659,0.504224374746451,0.5060445276737411,0.5047701469791912,0.49627632597496196,0.4958987397022307,0.29497634840516884,0.3008080503512931,0.5114379940323509,0.5162737024312205,0.5138368705784437,0.5061260443637725,0.3335177997099318
0.5052871276762811,0.5045956270424448,0.5059613417608645,0.5041844122969817,0.5086038285476489,0.5065006001362177,0.5000186851026347,0.4991654785693382,0.2920333842688524,0.3397548528562864,0.5119614720201017,0.5041044873980434,0.5099615064502705,0.505698956303553,0.4176484578662732
0.5067371617023504,0.5053234313420867,0.5084633743344961,0.5073749194658767,0.510143570536829,0.5089807024905898,0.5018925339668474,0.5012721231373732,0.3303662227555856,0.3925675362783603,0.5067790399413704,0.5137559338036666,0.5139409071993342,0.5054854122734433,0.4981929031225079
0.5115322200701461,0.5110695879854084,0.5143434131500957,0.5140391531260442,0.515704327923429,0.5160093294728499,0.5081280196460509,0.5079350745908482,0.3626993441598514,0.3480471367401168,0.5225619012720516,0.5273676204463793,0.5300665834373701,0.5212609774977981,0.2590063376636297
0.5158613830288437,0.5162352279497201,0.518062367227045,0.5189627994360012,0.520001040366209,0.5214059977037754,0.5117849611616798,0.512074521517176,0.38950904481133897,0.3784246663915287,0.5265665078783438,0.5288100920559153,0.5321993341656261,0.5203534153698317,0.4391797256943526
0.5199654504528086,0.5214762623505385,0.5216554328726166,0.5240548765103602,0.5241312942155639,0.5257667117442564,0.5155326588901051,0.5163378586800839,0.37039781003175815,0.3316036528650284,0.5319583311521751,0.5342390306590783,0.5344881398252184,0.5248645330058994,0.2379616258120277
0.5248599696382767,0.5264621975495065,0.5294710063206484,0.5304307025529741,0.5306699958385351,0.5313961460178799,0.5212342844940343,0.5222942672277889,0.37331496960191,0.3651471871490299,0.5364340679474427,0.543182354638202,0.5426550145651268,0.5342070843231992,0.4322342557170327
0.531916452913155,0.5316619504715917,0.5340816701198562,0.5325568859685514,0.5361423220973782,0.5346982768431031,0.5271227611243096,0.5265054432934657,0.3357823835646675,0.34694144907811836,0.5420614563157619,0.5368092527997061,0.5413025384935497,0.5349277954248193,0.3105299729362953
0.5341778778202376,0.532397642250216,0.5360696582653623,0.5341404443703376,0.5375988347898459,0.5355819001953049,0.5285161359207753,0.5270795793556862,0.33816168892440024,0.3215952542061767,0.5338690258074646,0.5373075611739098,0.5373491468997087,0.5282278514801271,0.2709028644622934
0.5361513898340574,0.5337431174826249,0.5375855647932021,0.534890171145263,0.5389877236787349,0.5367691930002269,0.5300429757360596,0.5273822577192087,0.38083000542517675,0.4319039388701961,0.5364340679474427,0.5363896246951139,0.5391437786100708,0.5279876144462536,0.652521308198235
0.5368057373187456,0.5342387678469555,0.5396522332083191,0.5381175716750634,0.5406210986267166,0.5387311335218602,0.5322531564476952,0.5302266506674981,0.3957506408393011,0.3921242268743474,0.5352300685756163,0.5445723727346639,0.5426550145651268,0.5359154365640768,0.3125648028826498
0.5381720148667748,0.537247663793833,0.5409268535760183,0.5419301999422748,0.542025593008739,0.5423799178396532,0.5338867682780344,0.5342761482699638,0.3555735531177666,0.3385324236193516,0.5432654556875883,0.5495554564766976,0.5496774864752394,0.5423751434748953,0.23134881710936
0.5392032665026435,0.5405710140275906,0.5421018122688768,0.542181482049516,0.5434717020391178,0.5444309731082498,0.5351253236526707,0.5365576229459762,0.3480843218606645,0.316716221296496,0.5472177144951055,0.5426840462639986,0.5485330836454432,0.5411205722980008,0.2730838166507849
0.541742134743234,0.5425684650218661,0.5453067219177005,0.5458983578390201,0.5462598834789846,0.5467173334385141,0.5382484050930252,0.538986168191284,0.3795668252766606,0.35391594137842186,0.5465633670104172,0.5533321094180284,0.5512900540990429,0.5438432586818995,0.4283153815422736
0.5451604460032455,0.5462208514304109,0.5489627317789608,0.5488221298931522,0.5502444860590929,0.5508338194625467,0.54236446627339,0.5421800855768816,0.34063581829232825,0.3885660520111391,0.5535256242475005,0.5546696740014163,0.5590667915106118,0.5485679203480769,0.4578662732765736
0.5490708265717427,0.5490745580929746,0.5513755933803667,0.551426980175999,0.5530586766541823,0.5527978688218892,0.5452953580866456,0.5449766889280395,0.3939993502223699,0.45217152218504536,0.5547819714181018,0.5566366807416927,0.5567259675405742,0.5505698956303555,0.579382462532858
0.5524106161335915,0.5527045065609273,0.5501481811744342,0.5487574519330111,0.5523564294631711,0.5505873293879872,0.5488455275872195,0.5500264562779479,0.5128041946410443,0.5765720278576075,0.5599644034968329,0.5434183954470351,0.5461662505201832,0.5601259909777647,0.8253730392027321
0.5477202533633461,0.5430583045885776,0.549120092318183,0.5450195019495884,0.546982937994174,0.5409467616921441,0.5461762272108481,0.5426089943240133,0.5922604955409397,0.6078364589551589,0.5237659006438781,0.5375436019827429,0.5216656263004578,0.5277740704161442,0.6703653211502618
0.5461079411610742,0.5415394717254043,0.5453906475386189,0.5415746298064615,0.5444652517686226,0.5401983821185247,0.5448255612204042,0.5407693057925689,0.6017798932685834,0.5638617626969366,0.5385018059990577,0.5346848855202078,0.5387016229712858,0.53708992872968,0.475912370180492
0.5414542218499712,0.537778657047598,0.5394791366151749,0.5360871263323729,0.5381554307116104,0.5359714834875335,0.5392574006352936,0.5340885763358871,0.6667616979404535,0.636832940676599,0.5302570276919855,0.5251121193841957,0.5275176862255513,0.5207271174225236,0.7827752966359239
0.5359943464377322,0.5343466361507011,0.5343806551443784,0.534439508684152,0.5334321681231794,0.5350175405244952,0.5341163281104023,0.5310138952258913,0.624099910305815,0.5465798019042879,0.5274825943569071,0.5311442733877103,0.5331096545984186,0.5248645330058994,0.3660735243596659
0.528576663351306,0.5305230867887013,0.527530226336909,0.5260150895926641,0.5274864752392843,0.5288242890498993,0.5253663614766572,0.5261346494202737,0.5200574540220145,0.46610678719743515,0.5228759880647017,0.5091662514096882,0.5164377861007075,0.5163761578090384,0.3051607577837297
0.5259435690729204,0.5238822009431175,0.5234283616145191,0.5230214858520407,0.5256606325426549,0.52339499697237,0.5212449616955397,0.5198121234503682,0.5670568959594089,0.6125253684107013,0.51060042925195,0.517034278370794,0.5125364128173115,0.5071670715105572,0.9053625308372336
0.5214783018374076,0.521313290569243,0.5189330955440741,0.5194171756240212,0.520594049105285,0.5200528999097254,0.5161626137789287,0.5171008120157871,0.5289280068148925,0.5034395537597708,0.5161754698214941,0.5122085551679825,0.513368705784436,0.5116781891466249,0.2852679244579097
0.5168088781866722,0.516512163525598,0.5121351202496788,0.5099855313867538,0.5147523928422804,0.5128050682433264,0.5115981101353337,0.510702074412041,0.4476585465189483,0.4611023675585815,0.5069099094383079,0.491122242912219,0.4983094049105285,0.4979045992045487,0.3764279951562031
0.5097576296916714,0.5084168929776998,0.5062236093262348,0.5071859271813325,0.5069288389513109,0.5065340072100745,0.5048607959853724,0.5041940370267249,0.44541075117713885,0.4256797609225939,0.4922263518819033,0.5015867187704897,0.4939918851435707,0.4911779622560928,0.3548345476506186
0.5059624142804795,0.5069112323213806,0.5069317317527342,0.5090262393016168,0.5052278401997503,0.5070002689210179,0.5021808184074955,0.5037881146577013,0.4146103588233737,0.33417277262003076,0.5038999110087422,0.5127068635421856,0.5079327923429047,0.5029762699196543,0.1511587960149044
0.5076480134010365,0.5109502964991653,0.5062236093262346,0.5105153816138434,0.5061225551394091,0.5103368417858805,0.5026025678669622,0.505617349374431,0.32205808514574125,0.3703155692297108,0.5190284248547349,0.5134936662382963,0.5170099875156056,0.5092758188078905,0.4426011624490709
0.5041459456629849,0.5068552413765222,0.5031393427574812,0.5059393285173006,0.5034852267998337,0.5069519158861066,0.49921789498972335,0.5019965078364309,0.3952258443611581,0.4639126196648052,0.4986651311312359,0.4967872223242151,0.5001820640865586,0.4947548247604305,0.6511067205349939
0.5039365544678847,0.5065244787386171,0.502903301948648,0.5006068986342181,0.5029702455264254,0.5032127767719002,0.49948482502736047,0.501077421688532,0.3895040704371385,0.4252147882885719,0.5058629534628069,0.4899420388680531,0.4957344985434875,0.4992392493927342,0.3478191255361054
0.5037585719520494,0.5014617989266538,0.5042461118833433,0.5031715219041343,0.5032251352476071,0.5005639624310935,0.5011985158689909,0.5006337532804362,0.36112340023348455,0.35445359106983076,0.4913364393027272,0.5083007684439667,0.4952663337494798,0.4997464164642449,0.2129311966323486
0.5041302413233523,0.502893951906188,0.5012038081250492,0.5012794628529944,0.5020963379109448,0.5011389101739264,0.5003817099538213,0.5000532489682262,0.36698321304156545,0.29645501406499014,0.5057582578652567,0.4974953447507146,0.5022888056595922,0.4988922403438061,0.1804578600553088
0.5025441030204678,0.505628545717563,0.5005953473733904,0.5043367627286637,0.5009779442363713,0.504565279830197,0.49990657448682707,0.5023355464697908,0.3447835136803062,0.3081708979242516,0.5110977333403129,0.5104513624800022,0.5114180191427382,0.50690014147292,0.3316026656427746
0.505151023399466,0.5076522748204507,0.5052060111725982,0.5095046889258608,0.5046088223054516,0.5091556713641181,0.5031951525505166,0.5052896026728199,0.325704612333028,0.3906846698823688,0.5116997330262262,0.5198405413202549,0.5183364544319602,0.511197715078878,0.555712213798603
0.5075956656022613,0.5111302380392284,0.5067166723491306,0.5055015742008121,0.5062057844361215,0.5073435506416911,0.505010276806449,0.5062980253393455,0.34161452641625856,0.402912678572332,0.5180861644767837,0.4974953447507146,0.5037193091968373,0.5083148706723968,0.4273686959522584
0.5052609537768936,0.5006411187514485,0.49696556426866695,0.49018279214775745,0.5000260091552227,0.49301818620945587,0.49893494914982794,0.4939886096199433,0.42331582457247574,0.4757543481860327,0.4796628801758885,0.4595452280416481,0.4643674573449854,0.4693697781811388,0.6214376874134342
0.4975239491179395,0.489451824024461,0.48984237719321244,0.4807483312229858,0.49131294215563875,0.48158661436019484,0.491193978058351,0.4827215347087693,0.5074903194014583,0.5176130101907623,0.4670732345704863,0.4618794093734426,0.4587234706616729,0.4601873848864213,0.6013303342002216
0.48422760822907385,0.4745065589816357,0.47632510687403284,0.4681205577766918,0.47738243861839375,0.4683129100589675,0.47807703600886214,0.4689195002143382,0.5805212833263639,0.5773278352162757,0.4446160288959849,0.4428650108841039,0.4417655014565127,0.4413154312254759,0.6967574852673025
0.4735172485996963,0.46905368428086985,0.46412441973301155,0.46502607372284405,0.4646535580524345,0.46377262390669965,0.4657448682700265,0.46245862560445866,0.577659774567579,0.5653534468124102,0.4581479348793381,0.4588371056151485,0.4546920516021639,0.4495368763846996,0.541404670004679
0.46251374129717837,0.4670586655086446,0.4582391355661045,0.4660403571206224,0.4579171868497712,0.46586090033230665,0.4559859060940129,0.46147910366708195,0.5562792924574496,0.48372439300881037,0.4630686279641941,0.4680689239161792,0.4700374531835207,0.4595200597923286,0.3204662854016107
0.46227294142281317,0.47085873727378386,0.46246164336856455,0.47091282709839777,0.4621202663337495,0.47236821847649685,0.45677068040466595,0.46541728568952284,0.5175870554347368,0.4651417627724972,0.4784588808040623,0.4806577670539484,0.4853828547648773,0.4732936497344047,0.4279765022998708
0.46394283620373766,0.4723800610075588,0.465220698156259,0.4725001125029034,0.4664585934248856,0.47505051435678225,0.4593919333742627,0.46804274037115007,0.5011106844894347,0.4830773350062352,0.4754227084751087,0.4756746833119147,0.4804151061173531,0.4732936497344047,0.5189484794737111
0.4720515102339947,0.47663984035412926,0.47382831965170863,0.4769677811223863,0.4763056595921764,0.4803672870021772,0.4674638977124097,0.4725869112195036,0.47652017652810424,0.5133198718243736,0.4851593990472701,0.4859031183613522,0.4910008322929671,0.4816752529162107,0.5738049454606503
0.4749777521855207,0.4753529417817422,0.4782396601012352,0.478276456702518,0.4808780690803163,0.47942955768240575,0.47196433814697175,0.47240430033217246,0.43675813815391634,0.45641140726082874,0.4727791446369681,0.4808938078627816,0.477554099042863,0.4720390785575101,0.3425944781337391
0.47949013243993094,0.47877880426657665,0.48256707492984335,0.48208630382141865,0.4840875988347898,0.4816480724402334,0.47587753249873216,0.4746315440718251,0.48552255023729296,0.4923703867800506,0.4856305292362456,0.48970599805922,0.4860851019558885,0.4790860315511305,0.5642883458184943
0.48263100036643464,0.4839069429899114,0.48532612971753786,0.486208549545086,0.4869017894298793,0.48758331754026374,0.47872834530069674,0.47893693396262593,0.4609102793888358,0.42988530720589524,0.4941632204365808,0.4944530409924206,0.4994538077403245,0.4875477137442277,0.3049151480575846
0.4881798670365912,0.490326975935238,0.49073933226677846,0.4917192650494302,0.4916146483562214,0.49304867860986373,0.48294050129461075,0.4840760992097422,0.3920521936212976,0.3448095550159369,0.5031670418258912,0.5027406960581184,0.5039794007490637,0.4943544297039748,0.1746580506360203
0.49148824791917506,0.4941184184435552,0.4944477956411131,0.49596132177729507,0.49514669163545566,0.498252801969622,0.48672023062755265,0.4895753660001348,0.3248151320463175,0.3090795825392078,0.5017013034601895,0.5044454352330248,0.5086610486891388,0.5005738995809199,0.2376196375857496
0.5016908339004346,0.5040096371434587,0.5046552492853209,0.5079512398794703,0.5053214731585518,0.5083112035325293,0.4969810212743241,0.5008312545972124,0.37736690828652997,0.40783750813773906,0.5237920745432655,0.5319310760838207,0.5284280066583438,0.5233430317913677,0.6053533593348017
0.509700047113019,0.511231956528695,0.5124918041385822,0.514930417361489,0.5146483562213899,0.5164473081117126,0.5053572858553774,0.5075432878836074,0.2999326904991006,0.33093075771894176,0.5256765952991677,0.5288887723255264,0.5327195172700792,0.5209673544563971,0.1771172568813472
0.5174736952311155,0.5184984580281512,0.5207060242859766,0.5217949921507902,0.5222482313774449,0.5234492665813415,0.5131943517604037,0.5139398730121914,0.2836730157299038,0.29515942988316135,0.5330314610270638,0.5355241417293923,0.5374531835205993,0.5267330432693593,0.2236167742116005
0.5237711354237554,0.523883719615131,0.5264968921293504,0.5250950065255225,0.5284540158135665,0.5273022853641182,0.5193657742305742,0.5176970960264035,0.2876994607467467,0.26170304516218584,0.5346542427890907,0.5316950352749874,0.5350083229296714,0.5252115420548276,0.1947902757202349
0.5311678793906717,0.5288174875083441,0.533001127750531,0.5290522087966578,0.5351851851851853,0.5323071554251563,0.525515842297734,0.522239477323175,0.303404492792598,0.2798502960464593,0.5386850232947705,0.5369666133389284,0.5423168955472326,0.531324239916718,0.3161447978150061
0.5340522431031776,0.5319496227074945,0.5353405544336332,0.5339108756975489,0.5384415314190595,0.5364413495593426,0.5279822758455011,0.5267180513921844,0.2736194945724913,0.3387096534423955,0.538213893105795,0.5436282094993312,0.5447097378277153,0.5356751995302034,0.4564283682342681
0.5371355284510286,0.5349974224844707,0.5382884418683942,0.5371499869648096,0.5407511444028298,0.5390500937692053,0.5307156394309054,0.5293567583892624,0.2787816513989648,0.29344911596616874,0.5410930220384232,0.5436282094993312,0.5442675821889307,0.5346341723834185,0.2029280410137152
0.5395121185154165,0.5383030854393147,0.5410999501691626,0.5412938857209513,0.5434717020391178,0.5430520530801499,0.5334169714117931,0.5329844066507744,0.2698386592817935,0.2552666818526937,0.5449144113490029,0.5495816832332345,0.5510559717020391,0.5402397031737982,0.1789018136257436
0.5427367429199602,0.5424611785634798,0.5448136588948045,0.5442837834483666,0.5475811485642946,0.5472198872386185,0.5371913621439821,0.536684103005774,0.3266634229601567,0.32981581927247944,0.5507773648118096,0.5502635789031971,0.5555555555555556,0.544083495715773,0.4789140941120509
0.5460608281421766,0.546742602177604,0.5466180597445515,0.5448520614947987,0.5489492301290054,0.5478656926160078,0.540180978565518,0.5398801760119818,0.31899511423183996,0.3124782975727937,0.5553054494058526,0.5459886175876629,0.5491573033707864,0.5462723220243975,0.2778032541734222
0.5467256451866198,0.5450077275610731,0.5476146764929581,0.5461051387436541,0.5492249271743654,0.547273202762177,0.5409977844806877,0.5398398603766718,0.31529573431867386,0.35429602127134174,0.5415379783280113,0.5486112932413649,0.5460882230545152,0.5397592291060516,0.4379314686684377
0.5470083233000053,0.5441739559091654,0.5479503789766321,0.5458389998016696,0.5487047440699127,0.5454043573970069,0.5412486987160665,0.5385228214378854,0.42885199215914255,0.4931004575862474,0.5425064126053499,0.5453067219177006,0.5416666666666667,0.5358887435603128,0.7707093302160587
0.5461969324189918,0.5430684562540887,0.5457053686170632,0.5433448770129099,0.5470089471493966,0.5444619006311576,0.5395563622774471,0.536274554618824,0.46229781889236216,0.44411062082144553,0.5408574569439356,0.5383566314353905,0.542576987099459,0.531778020980701,0.3461309472918418
0.5445427419776998,0.5428811083711759,0.5431403918277427,0.5413761496608048,0.5441791510611735,0.5434434587922519,0.5375757413981797,0.5355765001856944,0.41811480544756136,0.382073422843646,0.5425064126053499,0.5374386949565946,0.5414065751144403,0.5341803913194352,0.257999026888047
0.5415170392085014,0.5419797174340705,0.541703165569514,0.5405182618727098,0.5432896379525592,0.543865551804073,0.536075594586659,0.5366415294460609,0.4054528468188098,0.32621343557231874,0.5401769355598597,0.5388024862965197,0.5447097378277153,0.538771587966794,0.2144934610296643
0.5443752290216196,0.5465961207539146,0.5439429305777754,0.5469488806760305,0.5459893882646691,0.5491060260744035,0.538211034887756,0.5412398298345529,0.3854070514863273,0.3300431210502209,0.5558289273936029,0.559810118282672,0.5595869746150646,0.5504364306115368,0.3377024920060252
0.5474061665706957,0.5502844472861864,0.5462718665582628,0.5502830543907327,0.549713899292551,0.5528337579849609,0.5407682246483198,0.5437181173440792,0.26314501699836923,0.27316179995890333,0.5576611003507302,0.5569514018201369,0.5602892218060758,0.5486746923631316,0.1593991577762682
0.5504004606606292,0.552132607321992,0.5487371816727425,0.5504164385964182,0.5521639617145235,0.5534982717264145,0.5437738568721139,0.54474747226261,0.23137835245617486,0.24454040816622558,0.5558289273936029,0.5506832070077894,0.5548272992093217,0.5468061820996717,0.1872976245808701
0.5511595037428675,0.5501889475535086,0.5499278764195232,0.5480750152944448,0.5535788597586351,0.5518258695959424,0.5443557643541628,0.5421949577516333,0.256305874269583,0.2905724840958463,0.5463016280165419,0.5433921686904981,0.5484810653349981,0.53708992872968,0.3826366359550876
0.553677432863948,0.5510481587574264,0.5531695035274987,0.5503868841417624,0.5552278401997504,0.5522021264083922,0.5459626831807383,0.5437320325343128,0.2741747590926119,0.2949942844455004,0.5527665811652619,0.5550106218363975,0.5529546400332916,0.5468061820996717,0.3038378851448087
0.5531905983353399,0.5518303574218052,0.5520102808885625,0.5515959244571719,0.5547076570952976,0.5537967706365283,0.5454234845047113,0.5450681674333425,0.22817578816627457,0.23256540208844653,0.5533947547505628,0.5540140050879909,0.5569860590928006,0.5477404372314019,0.1077076373743387
0.5516306339318431,0.5511739977256188,0.5512969131107557,0.5521921372818154,0.5537089055347483,0.5542963350921286,0.5448522542241678,0.5453182919423665,0.2973820801278413,0.3235204739203316,0.549861278333246,0.5533845629311023,0.5552954640033292,0.5458185409604144,0.5054306175841018
0.5517248599696382,0.5528826843446054,0.5530698418526582,0.5546440417603108,0.5541822721598003,0.5552622675062797,0.5458078637589089,0.5474069378860364,0.2996018946147735,0.28181254828539803,0.5563000575825786,0.5595478507173017,0.5571941323345819,0.5515842297733764,0.1983966970155309
0.554431241166309,0.5551996342297021,0.5557344803168192,0.5553344815106417,0.5571109030378694,0.5578829182459676,0.5488028187811975,0.5489595265377321,0.2723855388724025,0.27005998460467634,0.5598335339998953,0.5567153610113036,0.5631242197253432,0.5520647038411233,0.2465548572432329
0.5524786682719991,0.5511343283843724,0.5530278790421989,0.5507155261615263,0.5546608406158968,0.5521567214717881,0.5464218028454744,0.5442733851655065,0.29127199411780236,0.3127967101937202,0.5430037166937131,0.5414776154632956,0.5407043279234292,0.5349011024210555,0.398270161371808
0.5502486520441816,0.5481711101267398,0.5501901439848933,0.547085460708172,0.5522992093216812,0.5498304485217663,0.5439073218909325,0.5412382675965686,0.305999250734886,0.2689791136157323,0.5422446736114747,0.5398253298014635,0.5451779026217229,0.5351680324586927,0.1813439204597565
0.5480657488352615,0.5450963275140418,0.5453906475386188,0.5411860007053579,0.5485382854764878,0.5453839139402982,0.5406614526332649,0.5373552432884046,0.24495528503941402,0.24605633877940225,0.5389467622886458,0.5293870806997298,0.5364908447773618,0.5295891946720765,0.2002107891067422
0.5426111082029001,0.5397398364829518,0.5401610322851372,0.5385905919535365,0.5438306283811902,0.5414745582462301,0.5358353575527856,0.5340547469825963,0.24068820467062632,0.22305799091013234,0.5290268544207716,0.5333997744498937,0.5336558468580941,0.5274537543709796,0.1770612951715925
0.5362508506517301,0.5358373064033163,0.5328332765086942,0.532419255345387,0.5358146067415731,0.5353310760065727,0.5300910231428344,0.5304841752521867,0.2366972020699613,0.22423860868672416,0.5280322462440453,0.520076582129088,0.5230441115272577,0.5233430317913677,0.2265998442399078
0.5324608700204156,0.5319094754479244,0.5308295523092659,0.5320991683856428,0.5339835622138993,0.5340704190994019,0.5278701652296934,0.5282550544532414,0.19203975768579662,0.20782005227481093,0.5240538135371408,0.5314589944661543,0.5315491052850603,0.5237968128553507,0.1749829394509845
0.5310422446736114,0.5329901659244342,0.5308295523092659,0.5346745555242497,0.5330004161464835,0.536134336827816,0.5270053119077491,0.529117958251818,0.19361352532345077,0.20161762106588302,0.5351515468774538,0.5398253298014635,0.5402621722846441,0.5308437658489711,0.1892127586480272
0.52777050725017,0.5295228023401024,0.527220750609772,0.5268973944169201,0.529229088639201,0.5299676269655269,0.5237167338440596,0.5237940736190884,0.2681809490795074,0.3254277166729305,0.522588075171439,0.5113430722022607,0.5176342072409488,0.5131463043536291,0.5730479078870256
0.5240642830968957,0.5231804461115348,0.5231765847517638,0.5223245779978974,0.5251716604244694,0.5244346532384966,0.5198355710968157,0.5185453626243122,0.2684825205154072,0.2764748618989841,0.5104957336543997,0.5131789451598521,0.513368705784436,0.5080479406347598,0.1785691523510913
0.5207977804533319,0.5193535417497652,0.5219439271945239,0.5195208167795612,0.5244173949230129,0.522714030165656,0.5172730427354992,0.5158737050778032,0.38903181578648727,0.4607653481310921,0.5116997330262262,0.5139132943428886,0.5192727840199749,0.5105303899847851,0.8293463205953081
0.5188504423388995,0.5176747354881699,0.5170972225864828,0.5154223683283571,0.5205888472742404,0.5192781424575035,0.5135039906040627,0.5122329874512584,0.41181600411629454,0.4034781924540683,0.5143171229649793,0.5072254714259488,0.5124063670411985,0.5049515521981689,0.2889038811000207
0.516206878500759,0.5190943995543634,0.5154868997351096,0.5208728174004376,0.5179463171036204,0.521868602115517,0.5119718121880256,0.5158829495571008,0.4123264992686114,0.3329072064392494,0.5219337276867507,0.5317737155445985,0.527049521431544,0.5231828737687854,0.1917652344096117
0.51702350416165,0.5216200008615403,0.52011329958824,0.5254069020895956,0.5212494798168955,0.5259624083461194,0.5145076475455783,0.5191971267518648,0.36180457860055293,0.32875090580841076,0.5266712034758939,0.5344750714679116,0.5341500208073242,0.5258254811413929,0.3204383045467334
0.5226351881903366,0.5272647185069711,0.524986230952818,0.5294524687206447,0.5255045776113192,0.5288563371495977,0.5196754130742335,0.5240936739272547,0.3401452206368131,0.24259139138307106,0.5385541537978328,0.5375436019827429,0.5346441947565543,0.5338867682780346,0.0702723625323917
0.5292781238548919,0.5331479494543151,0.5332581499645939,0.5380592756143523,0.5320588847274241,0.5365856646332315,0.526823799482156,0.5314865566263023,0.22044716515077786,0.23867960864375806,0.5449144113490029,0.5552728894017676,0.5520443196004994,0.5462723220243975,0.2308560431651321
0.5397529183897818,0.5443289981826861,0.5453906475386189,0.5480021701749261,0.5434665002080733,0.5475385912369691,0.5375650641966742,0.5405436630077883,0.24380247381846948,0.2943465472419982,0.5666910956394283,0.5678879592960739,0.5694444444444444,0.5586578757707605,0.4056804244384786
0.5485159399047271,0.5514689438756165,0.5533635815258727,0.55588090861024,0.5520391177694549,0.5549965972374634,0.5454768705122388,0.5479430771207284,0.29497728110033145,0.3454441217676394,0.5657488352614773,0.5716383854808675,0.5699126092384519,0.5627419053466087,0.4476392708189218
0.5570852745642045,0.5574852548415049,0.5594167169346168,0.5588341885773705,0.5594257178526842,0.5603587385661325,0.5526626271254306,0.5525468061496027,0.2684278023992027,0.29285971819212286,0.5695178767732817,0.5647407485116316,0.5710830212234708,0.5617542642073514,0.1876909110410898
0.5630005758257866,0.5610337232629176,0.5657163838548087,0.5622367712461479,0.5666146483562214,0.5637687748021686,0.5579905506766678,0.555206666111142,0.3060747990430547,0.28140892737863227,0.5681306601057426,0.5690419365837027,0.5705888472742406,0.5605263860342204,0.2585073457516512
0.5703920850128252,0.5679798012700105,0.5703218023027092,0.5675911747111887,0.5730597170203912,0.5706024041752286,0.5644716119904973,0.5630303202719432,0.3478900103684611,0.33424998484980967,0.5818719572841963,0.5782999816412704,0.5842696629213484,0.5786776285935458,0.4399320997921644
0.5726325708003979,0.5712843757057708,0.5730388942799444,0.5722185895348757,0.5761808156471078,0.5754182486428282,0.5674238582067641,0.5664932491319935,0.30748752131597057,0.2907226496252151,0.5778935245772915,0.5814734191822497,0.5850499375780276,0.5734191068520942,0.203667979176026
0.5762079254567346,0.5753981199849009,0.5802092895171654,0.5839758469122414,0.5794007490636706,0.5789495912023072,0.5751007660892081,0.578037647674272,0.28708450373622124,0.30902316072353514,0.5836256085431607,0.6074903616669727,0.5860122763212652,0.6011264447588289,0.3456241829201752
0.584217138669319,0.5867867276020018,0.5878937291825119,0.5903715468876157,0.5865064502704953,0.5881702365540696,0.583215439233377,0.58613430842558,0.3207227765713192,0.3246428655545499,0.6095639428362037,0.6031629468383644,0.6066115272575947,0.6023276299281961,0.3558822752165795
0.5913626132021148,0.5924771626579085,0.5923365417398829,0.5906663643819298,0.591905950894715,0.5913089411678262,0.5902677308277502,0.589352153619082,0.3478172601457802,0.3477551649110186,0.6038580327697219,0.5912559993705577,0.5975863503953391,0.595787844006086,0.3939797636239559
0.5925718473538188,0.5909574844528444,0.5944871357759185,0.5901285601951026,0.5933936745734499,0.5914420545502251,0.5913568053813096,0.5876091028665025,0.3318759453254095,0.3519119518374494,0.5879181280427158,0.5890529518214482,0.591708281315023,0.5841230013613434,0.360225525690311
0.5949484374182066,0.5905638146016398,0.5955362060373993,0.5889919636266197,0.594626508531003,0.5913660721554144,0.5937912073245604,0.5869364407671175,0.3589710506966455,0.34765580323570155,0.5897764748992306,0.5867187704896537,0.5912141073657928,0.5855911165683476,0.3391435060322059
0.5950426634560018,0.5884081226451386,0.5911353562904875,0.587823346728551,0.5954744069912609,0.5909946376444614,0.589899367375811,0.5851800421831056,0.43728759810787227,0.47750617548257085,0.5840967387321364,0.5854861129324136,0.5902517686225552,0.5816672450150817,0.7372069199763095
0.5911322828875046,0.5889427617613318,0.588465472475019,0.5884867404060412,0.5926810237203496,0.5915446287306535,0.5866428209166379,0.5854683273328473,0.4471492949601815,0.45340103681442256,0.5900120399937182,0.5898135277610217,0.5926446109030379,0.5860448976323307,0.4051907594781259
0.5877506150866356,0.5882784057626802,0.5873114951873901,0.5874865312481653,0.59069392426134,0.5902467035205328,0.5831940848303662,0.5831602727468072,0.44894069146910365,0.436579606599137,0.586949693765377,0.5854861129324136,0.5876508531002913,0.578544163574727,0.402936746168566
0.583845469298016,0.5816497368749928,0.5849773138555955,0.5841183692196018,0.5874739908447774,0.5853673404244252,0.5805728318607695,0.5791124273356582,0.4756356706155943,0.45561987820701283,0.5683923990996179,0.5773820451624747,0.5756086142322099,0.57101673651336,0.4937004214227643
0.5818039051457886,0.5809560426293596,0.5852238453670434,0.5853960554953657,0.586433624635872,0.5855823190567052,0.5794944345087154,0.5794746614931313,0.5185984078893574,0.48839898293834905,0.5795686541380934,0.5879514280468934,0.5860122763212652,0.5801991298080775,0.5539571924010215
0.5816102182903209,0.5816801299045057,0.5853287523931915,0.5856009196846285,0.585200790678319,0.5850840789827335,0.5787683848063423,0.5789954398298264,0.49428366679776203,0.5308103934650102,0.5831283044547978,0.5860106480631542,0.58408759883479,0.5780369965032166,0.6156332145183329
0.5796105323771135,0.581124623412231,0.5840856041333369,0.584933208610335,0.5831200582605078,0.5841363689264832,0.576825134132344,0.5781065079739972,0.5351885676444939,0.5571120168806017,0.5800136104276815,0.5835977864617483,0.5822409488139826,0.576328644262339,0.6097152637117846
0.5766633513060776,0.5781543450782198,0.5815678355057831,0.5809212290051049,0.5808884727424054,0.5815885544542486,0.5750740730854444,0.5753339580960745,0.5292951778105601,0.4958979435867004,0.5722137884101973,0.5728972697946446,0.5764929255097795,0.5697888583402291,0.3734697969988979
0.5778987593571691,0.5769593765038382,0.5778436360775263,0.5735345020104671,0.5788441531419061,0.5761880417127366,0.5742999759762968,0.5726047223865901,0.542241919362285,0.51674333878493,0.574569439355075,0.5587610480211913,0.5653870162297128,0.5671462509676215,0.5584341291813889
0.5750929173428257,0.5731527323580178,0.5725353405544337,0.5694929848174547,0.5737307532251352,0.5709404533876283,0.5696927635266797,0.5674575041110577,0.5123627189307581,0.4793492892710822,0.5655394440663769,0.56140995043143,0.5604452767374117,0.5571630675599928,0.4045611902433867
0.574009317908182,0.5746719239992047,0.5730126675234074,0.5757944175143107,0.5735018726591761,0.5749413675934169,0.5700344339748552,0.5715534523220699,0.486160824626883,0.4811074405137071,0.5777103072815789,0.5883972829080228,0.5829431960049938,0.5797453487440942,0.4846237429989569
0.575820551745799,0.5794712092047255,0.5764903354402161,0.5841916536914711,0.5760091552226385,0.5815533656060426,0.5735312174679018,0.578973155457237,0.41587260627672745,0.4068296843294738,0.5890697796157672,0.6009861260457918,0.5947773616312944,0.5938125617275714,0.2582741719610071
0.5811600272208552,0.5859511947316433,0.580256497678932,0.5867037961237221,0.5801810237203495,0.5868196664034736,0.5778127752716015,0.5830476527577338,0.41911838544249375,0.4011193538288924,0.5989111657854785,0.5917280809882242,0.5973522679983354,0.5911966473587273,0.3896986928277296
0.5857299900539182,0.5897738809945587,0.5898030370584071,0.5933004457220034,0.5879473574698295,0.5926193392613531,0.5839735205402665,0.5880150942754715,0.4752112943166219,0.5470457937366048,0.5974192535203896,0.6064937449185659,0.6042186849771121,0.5979499773109469,0.8388986735520295
0.5941475160969482,0.595724945423548,0.6015054158252249,0.6021742452365088,0.5985018726591761,0.5994855104022837,0.5950457785014549,0.5961848486389592,0.5206071223711597,0.5752106393297618,0.6076270742815265,0.6199218442655197,0.6132178526841447,0.6125243573659345,0.6315403305160757
0.6027953724545884,0.6041331599722919,0.6094154055967899,0.6107652407462884,0.6074802330420308,0.6089353395746117,0.6032992552651951,0.6044608099469045,0.5507086151497674,0.5951841618505064,0.6209495890697797,0.6279472317658474,0.6278349979192677,0.6210127325627954,0.6351312068919954
0.6108516986860704,0.6125392435725869,0.6151013664140155,0.6169821372081657,0.6149968789013733,0.61674375669241,0.6089902036676189,0.610396307877833,0.6248448228423262,0.6064411780416047,0.6293514107731769,0.6294159301319207,0.6323605909280068,0.62226730373969,0.6289552104238011
0.6182589122127414,0.6203419068546695,0.6246059429830313,0.6244050794165448,0.623767166042447,0.6248970723628412,0.6179643915329793,0.618953400813732,0.6686305081478694,0.6071698251462182,0.6359472334188346,0.6392509638333028,0.6412037037037037,0.6360675866855299,0.6086271193554453
0.6249803695754593,0.6239034513477727,0.6287130530567285,0.6252798180400472,0.6289689970869746,0.6266739949751442,0.6230734324533541,0.6204673278467616,0.650980184891271,0.654995569187158,0.6310265403339789,0.627029295287052,0.6302278401997503,0.6234951819128209,0.7506470572690374
0.6301261581950478,0.6270543066916715,0.6316189776810303,0.6283370344890409,0.6334633791094465,0.6296792509155976,0.6260790646771482,0.6228290580594762,0.5657175457059491,0.505072757654594,0.6333560173794691,0.6344514673870283,0.6356897627965044,0.6275525184849053,0.2052271345894664
0.6329843480081662,0.6297830505062382,0.6331925830732514,0.6308297759016783,0.6352788181439868,0.6320902316410545,0.6274350692683449,0.6244836238792437,0.5373732506136356,0.5011850822465386,0.6352405381353715,0.6358152587269532,0.6369121930919683,0.6277927555187788,0.4934097314304279
0.6341621734806051,0.6316022130492827,0.6344252406304913,0.6324129232404923,0.6365480649188514,0.6342957626948131,0.6289886020873932,0.6263340718644727,0.5106764060768196,0.49928038407759967,0.6352405381353715,0.6355792179181201,0.6387068248023304,0.6300349678349306,0.495470987739722
0.6346071297701932,0.6337921469884468,0.6343727871174172,0.6346048475829723,0.6366677070328757,0.6367978132211503,0.6280810399594268,0.6280659732582147,0.44265930044753815,0.42236745312141216,0.6381720148667748,0.6389886962679325,0.6418019142738245,0.6315297760456986,0.2685415912090372
0.6365073548657278,0.6360373199295154,0.6357051063494977,0.6343001955377997,0.6375208073241782,0.6360296560328546,0.6302111416597711,0.6300925456436574,0.3948247854412502,0.45206979616014076,0.6405276658116527,0.6336908914474546,0.634493341656263,0.6341456904145426,0.5114744822375978
0.6367167460608282,0.6354925377380004,0.6341262556059691,0.6317192015816616,0.6369069912609239,0.6348933315153141,0.6301737714545019,0.6291835862486247,0.44796322693872337,0.45835297813237125,0.6344029733549704,0.6265572136693855,0.6326206824802332,0.6273656674585593,0.4709193420768323
0.634821755745171,0.6322502206776953,0.6321277767578485,0.6297537558832241,0.6345401581356638,0.6316215634987654,0.6288177668633053,0.6264599683533483,0.5236330963769456,0.5961550116287604,0.6257655865570854,0.625822864486349,0.625078027465668,0.6210127325627954,0.8717590786215387
0.6339370779458724,0.6317725301647564,0.6317501114637153,0.6310661344046343,0.6330940491052851,0.6315731355493226,0.6279368977391028,0.6261835196402048,0.511434376345607,0.5422624702801834,0.6308171491388787,0.6336908914474546,0.631476279650437,0.6256306222139179,0.4344773875830293
0.6311260011516515,0.629220563741728,0.6286448634897323,0.6285315750690953,0.6298533083645443,0.6295814938895886,0.6252569201612259,0.6234989758122413,0.5116980181782286,0.45146158031083733,0.6241166308956708,0.6234624563980171,0.6255982105701205,0.6181298881563144,0.2698598003721453
0.6293985237920745,0.6301104688324078,0.6278895329014661,0.6289924628814382,0.6296712442779858,0.630915336334216,0.6236019539278755,0.6242896036240914,0.4745061767737141,0.40947947861223327,0.6318902790137676,0.629914238506124,0.6335830212234708,0.6258708592477913,0.3255152752150251
0.6287598806470188,0.6304768984315025,0.6246846232526424,0.6228391970627144,0.6264929255097794,0.6261865871025444,0.6228652270239972,0.6240870800624498,0.44597503175049774,0.3824075247284057,0.6312097576296917,0.6105326654252667,0.616729088639201,0.6236820329391668,0.3282636169607506
0.6254253258650474,0.6233488698367444,0.6240132182852947,0.6227147445916797,0.624547440699126,0.6225745925391634,0.6216053172463498,0.6209624479331529,0.391056696984441,0.4539941514160222,0.6090928126472283,0.6224658396496106,0.6153506034124012,0.614713183674559,0.597167404791255
0.6238915353609381,0.6232819787639404,0.621967531275407,0.6229639818604589,0.6236839367457344,0.6241026483206019,0.619816885994181,0.6195377872731266,0.35940319945530597,0.3947327342564661,0.6231481966183322,0.6234624563980171,0.6271587598834789,0.6166884659530738,0.2762098999373539
0.6234518138512277,0.622827326958333,0.6212122006871409,0.6218712557258681,0.623007698709946,0.6234741056774605,0.6190854976910553,0.6178495070623129,0.3452787748116344,0.3295677152222399,0.6219180233471183,0.6196858034566866,0.6222170203911779,0.6144729466406855,0.1992376771537874
0.61922734649008,0.6188075320415654,0.6206876655564006,0.6236780247680528,0.6197357469829381,0.6213904913144508,0.6177775405066334,0.6183433624834358,0.3088318459436309,0.2674720204398292,0.6107679422080302,0.627291562852422,0.6172232625884313,0.6193310733256816,0.1432806308750079
0.6186619902633094,0.6219993468596563,0.6253193107608382,0.6270156469945201,0.6229608822305452,0.6252119158353795,0.6184822358059954,0.6212974114676162,0.29486442498565973,0.264456851016851,0.6283829764958383,0.6336908914474546,0.6328547648772369,0.627205509435977,0.2584265121708946
0.6238915353609381,0.6264130772848947,0.6295680453198352,0.632580268811212,0.6282979608822308,0.6308199427805291,0.6228598884232444,0.6263987565653455,0.2878744965389236,0.3637104881970921,0.6352405381353715,0.643709512444596,0.6420359966708282,0.6366014467608041,0.5622177625575744
0.6288855153640789,0.6336480837346086,0.6334810773951587,0.6360627181323525,0.6321785268414483,0.6360671584135419,0.6282892453887838,0.6322109213038205,0.3476506186100664,0.4341704955624175,0.6481180966340364,0.6430276167746336,0.6465615896795673,0.6438352507807705,0.5750905102930682
0.6325079830393132,0.6357755097308355,0.6372472396338745,0.6368806836383237,0.6362827715355805,0.6382908535629743,0.63266155940528,0.6335854531102694,0.3791079392566729,0.40828842383721825,0.6400303617232895,0.6385166146502661,0.6427382438618392,0.6363345167231671,0.3565242803868197
0.6385122755588128,0.6374468080890664,0.6381441947074405,0.6351792351656332,0.6397784019975032,0.6370943740079976,0.635960814670475,0.6343327519573984,0.4242208497785625,0.39514067705296413,0.6407894048055279,0.6317763382202524,0.6347014148980441,0.6358273496516564,0.3688451834844558
0.6393707794587238,0.6358563707245087,0.6396286291274358,0.6371571779595658,0.6407355389096961,0.6372763991513991,0.6371566612390894,0.6339500820646152,0.43886789461166453,0.3739810301474442,0.6326754959953932,0.6411130635474311,0.6376404494382022,0.6331847422790489,0.3316617363364045
0.6397581531696591,0.6362967160463554,0.6401689003120985,0.6402417414290135,0.6411204744069912,0.6395044908200339,0.637599765101567,0.6355723767341409,0.38332869576571926,0.34416127620757897,0.6371774066900487,0.6464108683679088,0.6439606741573034,0.6388169660731924,0.2845217683278485
0.6392974925404387,0.6394694085268816,0.639785989666658,0.6405321821351527,0.6410840615896796,0.6417961690776922,0.6365961081600514,0.6366539065138247,0.31765545307999254,0.3116822830931974,0.6458147934879338,0.6411130635474311,0.6463795255930087,0.6388169660731924,0.2467242968644343
0.6395854054337015,0.640136247747789,0.6403944504183168,0.640874427559622,0.6414325842696629,0.6426910651390468,0.6366494941675789,0.6366364199294845,0.3726651919719818,0.4183125136777202,0.6414699261896039,0.6415589184085604,0.644480857261756,0.6366014467608041,0.6315729748467659
0.6392451447416636,0.6397868656136388,0.643410527420074,0.6428685261160941,0.6436641697877652,0.6437471575888832,0.6374129140752209,0.6376390963496121,0.39354388408464513,0.436621223801071,0.6390881013453383,0.6468567232290383,0.6458593424885559,0.6396444491898674,0.4732386440477726
0.6422865518504948,0.6424854209222755,0.6447323559495397,0.6444864194756494,0.6468528922180606,0.6470261255891486,0.6399380722312683,0.6403629085861698,0.39341268496510934,0.4014160627802892,0.6478825315395488,0.6477222061947601,0.6535840615896795,0.6458105330592854,0.3310057407387256
0.6440611422289693,0.6436737334756576,0.6431062970442445,0.642417804264244,0.6468008739076154,0.6459176112611248,0.6399380722312683,0.6398475944151774,0.5037129039930234,0.5462849963426656,0.6460503585824217,0.638280573841433,0.643700582605077,0.6388169660731924,0.8360228634674185
0.6418625346804168,0.640723074232162,0.6410606100343571,0.6385734123421606,0.6439502704952142,0.6413205770177509,0.6376478125083417,0.6356869520963047,0.5501004979037675,0.5237440863678288,0.6348217557451709,0.6308846284979936,0.632126508531003,0.6273656674585593,0.4786622664181552
0.6383447626027325,0.6351090714218356,0.6379133992499147,0.6343232297235567,0.6396743653766126,0.6352474952347498,0.6346315030830422,0.6309646012756385,0.5204302211886577,0.5102365880022914,0.623881065801183,0.625822864486349,0.6231013316687475,0.6215198996343061,0.4832215912712168
0.6351096686384337,0.6310435914558385,0.6327047654016628,0.6298200044782972,0.6356689554723263,0.6321090944788746,0.6303285908763316,0.6266863635691972,0.5413611442304254,0.5327888117537313,0.6229126315238444,0.6208135539877784,0.6258322929671245,0.6181298881563144,0.5778932592566108
0.6318274616552373,0.631186226511748,0.6306118702300088,0.6322992464310279,0.6323813982521849,0.6337881548155738,0.6273710060593121,0.6281317787041941,0.5429865210004088,0.46823674936536835,0.6314714966235669,0.6372577303364892,0.6371462754889721,0.6310226089741879,0.3391326245886426
0.6305763492645134,0.6340557498840993,0.6306590783917752,0.6343717025041072,0.6321889305035373,0.6367715178309956,0.6261431278861812,0.6296470442053089,0.4731910765944812,0.47450638005617246,0.6397947966288017,0.6385166146502661,0.6427382438618392,0.6326775752075384,0.4870456414377807
0.6307072187614511,0.6345292009993525,0.6317448661124079,0.6350189907031237,0.633952351227632,0.6381622159378229,0.6269759496036091,0.6302746214854388,0.44034341835886065,0.4211455784507991,0.6354761032298591,0.6363135671011566,0.6409436121514773,0.6315297760456986,0.3144239752400524
0.6333141391404491,0.6353246898982928,0.6306485876891604,0.6301264845921198,0.6344517270079066,0.6339742141485888,0.6285721912286792,0.6300167835768447,0.41613624810934907,0.4014922989750858,0.6369156676961735,0.620341472370112,0.6255982105701205,0.6295011077596564,0.3621857400236593
0.6322096005862953,0.6293464395165537,0.6292638149440059,0.624714219815415,0.6324958385351642,0.6280004263001967,0.6273122814510319,0.6239546354739224,0.3893635443659771,0.4156714461633075,0.6173899387530754,0.6138896902620052,0.6160528506034124,0.611830339268078,0.4440297405397507
0.6290582631000365,0.6248025627417936,0.6244957906055758,0.6209486827583895,0.6282771535580525,0.6240179010679353,0.6227317620051787,0.6186764275642556,0.37864065898022214,0.3722870299954943,0.6157148091922734,0.6134176086443388,0.6160528506034124,0.6081200117449219,0.2855181976598678
0.6246819871224415,0.622506180741471,0.6215321671168926,0.6218652875745432,0.6246410736579275,0.6241978821656953,0.6198702720017085,0.6185743267728997,0.3913007522186486,0.43164005587363374,0.6179134167408259,0.6236984972068504,0.6245578443612152,0.6183701251901879,0.5503461076299127
0.622216405800136,0.622720186033758,0.6179076293634767,0.6206404844943876,0.6206564710778194,0.6231387878607756,0.6166991431545794,0.6176075951186174,0.4187418874952004,0.4383032544566931,0.6231481966183322,0.6181908783340764,0.6210205992509363,0.6156741318100527,0.4516296516228118
0.6194157985656702,0.6227843345304535,0.6212436727949854,0.6261008861721438,0.6190282979608822,0.6212449735689954,0.6171048768117877,0.6222483220943111,0.4942267723928449,0.538738891141756,0.6229126315238444,0.6370216895276561,0.617457344985435,0.6315297760456986,0.7396101645118817
0.6240695178767732,0.6287424014564991,0.6274908862021034,0.6324425098806276,0.6250676238035788,0.6295798089849621,0.6224808477697996,0.6277356127489199,0.5536295055005696,0.6061737294539621,0.6406585353085902,0.645125757297595,0.6462494798168956,0.6387101940581374,0.7410434060783743
0.6320787310893576,0.6377485593893978,0.6360303181305568,0.6403332626826204,0.6332917186849771,0.6387776476601092,0.6306435683207432,0.6348016133324932,0.6108578152859409,0.5946690684982161,0.6557608752551954,0.656114768286606,0.6571733250104035,0.6489336144996398,0.5716597465867242
0.6397424488300267,0.6439097080743222,0.6431849773138556,0.6467127728295283,0.6407147315855182,0.6464094013947129,0.6374449456797375,0.6406600795500484,0.5482319985947391,0.47551838705677874,0.6562320054441712,0.6594717931233443,0.6616729088639202,0.6523770119851589,0.2372170241739041
0.6480395749358739,0.6508177477654042,0.6524587584253455,0.6526617765168609,0.65027569704536,0.6538814097798572,0.6459653524811149,0.6465321083056789,0.5445749008622766,0.46146031235801876,0.6646338271475684,0.664559783891526,0.6688254265501457,0.6582761658169396,0.4333441629604987
0.6570957441239595,0.656609657665027,0.6588213695612264,0.6580527660802606,0.661267166042447,0.6600591698435281,0.6524410751941918,0.652324202074147,0.4824312875701269,0.45060424092239026,0.6681934774642727,0.6688347452070602,0.6724146899708698,0.6639083896110831,0.4288920980511334
0.6630424540648066,0.661203800114293,0.6643342337853078,0.6629318701928412,0.6670255930087391,0.6650533181118041,0.6578170461522037,0.6567461509988303,0.41762980396302163,0.43941482329587617,0.6703920850128252,0.6726900784180021,0.6750416146483562,0.665590048848197,0.417035988042848
0.6669790085326912,0.6659504159410682,0.6687980277479083,0.6680991594950972,0.6715459841864335,0.6699606390408283,0.6624616288070898,0.6618829432572437,0.5015754775787855,0.6234059204190986,0.6754436475946185,0.6784337380996093,0.6797752808988764,0.6721565277740706,0.9913881146655432
0.6693713029367114,0.6666981031154697,0.6683679089407013,0.6645065060258345,0.6712234706616729,0.6666605397739244,0.6645169900968957,0.6621399016495587,0.649322474688985,0.7409212835210329,0.6681934774642727,0.6573211990873089,0.6600603412401165,0.6626538184341886,0.9759520097249016
0.6685546772758205,0.6646489683580178,0.667208686301765,0.662592227582838,0.6700374531835205,0.6654054729024109,0.6643194618690442,0.6605227759922665,0.6693514815085411,0.6717772547001152,0.6605506988431137,0.6587636706968449,0.6628953391593841,0.6572885246776821,0.5334891970582794
0.6674972517405643,0.6640680955013423,0.6644234047575337,0.6600309308838597,0.6674209321681233,0.6633810102329015,0.6631930171102155,0.6597739059338242,0.6662698566913882,0.5856794944551998,0.6629063497879913,0.654908337485903,0.6593320848938826,0.6582761658169396,0.413483973965369
0.665528974506622,0.6628956299485994,0.6621679036953501,0.660491478291601,0.6653714107365792,0.6638520093188133,0.6611750260256789,0.6583493017643872,0.658328579178824,0.5162295297968089,0.6605506988431137,0.6614125731070839,0.6647940074906369,0.6555000934255133,0.3773296004800271
0.662922054127624,0.6627334351989423,0.658816124209919,0.660885932418552,0.6620890553474823,0.663689174197006,0.6581533779996265,0.657915630390861,0.6073555449504661,0.5896606677057904,0.6624090456996282,0.661674840672454,0.6633635039533916,0.6570482876438086,0.7365229435237534
0.6620687850075904,0.6631313340873298,0.659634399013874,0.6610614793147293,0.6619434040782355,0.6622368110959649,0.6570803192483251,0.6577065951531347,0.5098550125369774,0.555923561023013,0.663927131864105,0.6614125731070839,0.6593320848938826,0.6572885246776821,0.4884493476574583
0.6633513060775794,0.664408657455906,0.662089223425739,0.6643869171285427,0.6629369538077403,0.6641122366662793,0.6583509062274778,0.6596848832932384,0.4960172362066043,0.5253824791508134,0.6669633041930586,0.6710377927561697,0.6678630878069081,0.6636414595734459,0.4643003154064141
0.6636025755116997,0.6643266706234683,0.662141676938813,0.6613148131027863,0.6628329171868497,0.6623454583739962,0.659178389344153,0.6605944493289306,0.5451758674453634,0.5700140294869304,0.6641626969585929,0.6551706050512733,0.6588119017894298,0.6624135814003151,0.6592771301591643
0.6637386797885148,0.6632948538247087,0.6634267880091269,0.663489251554742,0.6624531835205992,0.6625287519691255,0.6602514480954543,0.6606847619466271,0.54592637615285,0.5070367343304403,0.6612312202271894,0.6678381284586534,0.6628953391593841,0.6608653871820198,0.38108214401746
0.6651834790347065,0.6654075831933347,0.6655301738833959,0.6663900910510943,0.664736787349147,0.6666130090114604,0.6623922269973042,0.663040568682104,0.5391864100096844,0.5722988604896019,0.6696330419305868,0.6721917700437987,0.67478152309613,0.6677521821530579,0.7028231128079253
0.6675286604198293,0.6688227350587961,0.6677856749455795,0.6684900868400635,0.6674833541406575,0.6687636456247855,0.6647358727277582,0.6650292968980535,0.504733272500882,0.48692712703088353,0.6756530387897189,0.6726900784180021,0.6730649188514357,0.6690067533299524,0.3161836601134468
0.6677746950740721,0.6686129825272883,0.6670460804112356,0.6681066645881923,0.6682584269662921,0.6697552477282174,0.6650722045751809,0.6651272375355556,0.49229733699986156,0.4586582973210262,0.6681934774642727,0.6673398200844503,0.6717384519350811,0.6653231188105599,0.4021206379013115
0.6692509029995289,0.6695899005468178,0.6702719714652889,0.6691711298326416,0.6706512692467749,0.6700955362160927,0.6667805568160586,0.6670699392252715,0.48815741407157176,0.518631370053256,0.6715437365858766,0.67130006032154,0.6707761131918435,0.6709553426047035,0.6385775155177157
0.6705386588493955,0.6689499335233858,0.6690760313672008,0.6667335625444988,0.6704067831876821,0.6672879937653686,0.6668873288311135,0.665179708569279,0.5722227835665329,0.6128905771995925,0.667669999476522,0.6618584279682131,0.6616729088639202,0.661399247257294,0.8014089914922655
0.6616290634978799,0.654328310739927,0.658270607673949,0.6505439255555123,0.6587806908031627,0.6504090162347568,0.6575074073085446,0.6504039972262571,0.5440920756664495,0.595983575902231,0.6250850651730094,0.6181646515775394,0.616651061173533,0.6208525745402131,0.5621695733075079
0.6511752080825002,0.6440134610642246,0.6496210233680401,0.643510002666494,0.6500260091552226,0.6433698476937496,0.6483730614206018,0.641381006114251,0.5922045338311851,0.5829043675805292,0.6233837617128198,0.6294421568884576,0.6292915106117354,0.6233350238902386,0.5567459509371254
0.6413652305920535,0.6357235040468298,0.6392614545359174,0.6341873270856085,0.6394454848106534,0.635191841866578,0.638699516856632,0.6332391360730709,0.6454875430788577,0.6114481397669108,0.61914359001204,0.6155419759238374,0.6188358302122348,0.6169553959907108,0.6685356841396741
0.6320734963094801,0.6321773577555563,0.6308426656875344,0.6325269234169472,0.6307636287973367,0.6325835056194721,0.6292181619197609,0.63000894668883,0.6305156094307915,0.5955380422704022,0.6250850651730094,0.6292061160796245,0.6273668331252602,0.6235485679203481,0.563717847277385
0.6173271213945454,0.6194309468043202,0.6182695586036875,0.6213489131276243,0.6177642530170621,0.6206143470671637,0.615481942182954,0.6175786806503064,0.586560484504047,0.590903150466449,0.5939381249018479,0.5989928925489785,0.5966760299625469,0.5927181485732591,0.5816333668585427
0.6115636287494111,0.6117098318519928,0.6142358834482939,0.6135647006852735,0.6133947149396588,0.612010688306948,0.6098550569895631,0.6092918366246239,0.5402369356611332,0.5041193766752788,0.596267601947338,0.5979962758005719,0.5948033707865168,0.5927181485732591,0.3305518290929384
0.6070564832748783,0.6080892326813805,0.6121377429253325,0.6153602852147323,0.609108406158968,0.6106271144407258,0.607554120065131,0.6101380041724419,0.4913438116453208,0.44017302806954056,0.600848034340156,0.6189514542736501,0.6078599667082814,0.611830339268078,0.312280330858064
0.6087682562948228,0.6146269734915079,0.6158829237588188,0.6216628168402446,0.6109550561797753,0.6164411030659076,0.6096948989669808,0.6159784329482813,0.45746987783247856,0.45983735707151463,0.6277024551117626,0.6342678800912691,0.6280690803162712,0.62765929049996,0.4991660150754628
0.6110139768622729,0.6218558716644252,0.616706443914081,0.6255497835121419,0.6126768622555139,0.6229526898785895,0.6107626191175294,0.6202813448565512,0.45700788282861565,0.49369419546703325,0.63631366801026,0.6333237168559362,0.6359758635039534,0.628887168673091,0.5614078722580704
0.6194890854839553,0.6266751371130369,0.627212882582811,0.6342082176389704,0.6219621306699958,0.6296692505973784,0.6217174278621576,0.6293516273365006,0.41067283074536326,0.44578216579211577,0.63631366801026,0.6515250858926276,0.6431023720349562,0.6474921922963994,0.3499581064422809
0.6310527142333664,0.6358120066401557,0.6384589157858848,0.6408809590312938,0.6343528922180607,0.6386985599071994,0.6332594826895873,0.6363772257944696,0.4829570167434326,0.5278456968891722,0.6540857456943935,0.6542264418159407,0.6567571785268413,0.6504284227104078,0.6919727590832849
0.6396901010312515,0.6385529938699643,0.646515775394057,0.6469992234590329,0.6427330420307948,0.6423859451954502,0.6414649120465528,0.641870645880615,0.5232447842909262,0.5231368541246254,0.6440349683295817,0.6592357523145111,0.6497607157719518,0.6528574860529057,0.513719168595532
0.6460189499031564,0.6454842290704054,0.6529151039890896,0.6534209899948328,0.6501716604244694,0.6500113542251815,0.6482662894055471,0.6484691563520538,0.5026825867367638,0.48087624518463395,0.6593466994712872,0.6662645230664324,0.6652621722846441,0.6616661772949313,0.3963550273046509
0.6531644244359525,0.6543364996050168,0.6607411681397363,0.6597653391996116,0.6579327923429047,0.6582680771821644,0.6561407255158425,0.6550658873095586,0.49018416065985065,0.4868894107475909,0.6720410406742398,0.672454037609169,0.67478152309613,0.6682593492245683,0.4989157418735048
0.6602104381510758,0.6600722452653035,0.6630910855254531,0.6609351170734784,0.6630253849354973,0.6617004964540827,0.6605877799428772,0.6599530796835633,0.5704783327141273,0.575069262736282,0.6715437365858766,0.6632746728212122,0.6685653349979193,0.6697274644315727,0.7514289667136641
0.6620216719886929,0.6610954684710287,0.666505809226573,0.6643900981561656,0.6649188514357054,0.6632085013120158,0.663662813976457,0.6619032507484778,0.48582723065706823,0.47295192475685105,0.6631419148824792,0.67130006032154,0.6662245110278819,0.6658035928783068,0.2687172487979891
0.6682981730618227,0.6658694702124296,0.6689606336384379,0.6667633568953891,0.6704119850187266,0.6678811287703631,0.6671862904732672,0.6647604566779707,0.5471410561529122,0.5887307151961515,0.6754174736952311,0.6715098743738361,0.6772263836870578,0.6704748685369566,0.8202882960747523
0.6709312673402084,0.6680837037626914,0.6717826326418213,0.6713004106247089,0.6731741573033708,0.6716117637495304,0.6711902410378242,0.6704022811578859,0.5635533820303841,0.5519593623614377,0.6725121708632152,0.6803745180833487,0.6790730337078652,0.6816859301177163,0.47841665669201
0.6729361880332932,0.6727443505550156,0.6726481156075428,0.6731274245623983,0.6743237619642114,0.6745843579664644,0.6730480740997786,0.6727843589500374,0.5188583189413287,0.45978638371703456,0.6820656441396639,0.6767814524377771,0.6805295464003329,0.6775485145343407,0.2754404264282283
0.6743757524996074,0.6747434200091597,0.6753966796926225,0.6744241141238022,0.6765189346650021,0.676236638144934,0.6739716520300032,0.6733046906609234,0.41424101153899356,0.3826383990453525,0.6787415589174476,0.6770174932466102,0.6795411985018727,0.6743453540826951,0.2283424297019883
0.6773543422499084,0.6758405678841012,0.6775892365391172,0.677037024267206,0.679229088639201,0.6774161857295814,0.6760270133198091,0.674229926883061,0.4251069101830103,0.36277451336959254,0.6780348636339842,0.682262844554014,0.6797752808988764,0.6760803993273365,0.3230467420180725
0.6795581845783385,0.6793726070351945,0.6805161425686486,0.6800728176853017,0.6806960049937578,0.6797977789730015,0.6792515281744657,0.6783524321921206,0.3837051937130127,0.44627624682131656,0.6864366853373814,0.6861444045214928,0.6845609654598419,0.6865974428102395,0.6132797137247646
0.6783489504266346,0.6750704047250281,0.6777833145374912,0.6756186710993882,0.6781263004577612,0.6752733563246283,0.6761711555401331,0.674329643776765,0.4231725004158265,0.5227685612829039,0.6664660001046955,0.6667103779275616,0.6662245110278819,0.6662840669460537,0.6757531902060789
0.679594828037481,0.6794786138813175,0.6807102205670225,0.6808844415947366,0.6807896379525593,0.6814643155078602,0.6778261217734833,0.6781608777515405,0.41440827487148224,0.42571880709077164,0.6882950321938962,0.6914159825854336,0.6938462338743239,0.685823345701092,0.2316192987065072
0.6838716431974035,0.6863609541598984,0.683978074431535,0.6850418819195486,0.6837442779858511,0.6857476765613506,0.6822304673944961,0.6842296125636134,0.46236341845213014,0.43985192059559025,0.7001256347170602,0.693356762569173,0.6943143986683313,0.6963670821877588,0.4681181476052274
0.6861749463435063,0.6874244292280981,0.6848960109103308,0.6856454302623632,0.6850811485642947,0.6859849956379319,0.6836505351947256,0.6838799878185703,0.5510860457922234,0.5487879066365732,0.6895513793644977,0.6868525269479924,0.6864596337910944,0.6831807383284842,0.7666598787185389
0.6869444589854996,0.6883777023345149,0.6835479556243278,0.6835649962054018,0.6847898460258011,0.6850248146810793,0.683351573552572,0.6842875367455376,0.5290321577747136,0.5335286956367874,0.6902842485473485,0.6794041280914789,0.6831044527673742,0.6851026345994717,0.5030102736372157
0.6882950321938962,0.6833247569385694,0.6858034566865114,0.681705958549761,0.6860799001248441,0.6809081369617517,0.6843285374903241,0.6799146533752962,0.45409694122621425,0.4560448329123856,0.6732188661466786,0.6779878832384798,0.6726747815230962,0.6711688866348133,0.3010771074635821
0.6869549285452546,0.6827480092759424,0.6792729943087938,0.6740585292654556,0.6795568039950063,0.6743490090495463,0.6822731762005181,0.6784586153342183,0.48462871737315727,0.4321226150886645,0.6815945139506882,0.6587636706968449,0.6612307532251354,0.6755465392520621,0.3842781794412223
0.6776998377218237,0.6731153997172635,0.672065881612421,0.6684794192060733,0.6724094881398253,0.6690919458305062,0.674201211862371,0.6709748303884867,0.5008044495777222,0.4710806796017937,0.6538501805999059,0.6573211990873089,0.6585778193924261,0.6560072604970237,0.548996808628052
0.6727686750772129,0.6703754551919903,0.6685672322903826,0.6687727062499823,0.6691219309196839,0.6694019131171333,0.6707684915783574,0.66932226589513,0.4735330648207592,0.5241547713791038,0.6648955661414436,0.6693592803378006,0.6700218476903872,0.6660171369084165,0.6303029549337241
0.6693084855781815,0.6712447371453903,0.6687193474782973,0.6725700388436723,0.6680763628797337,0.6722268129339635,0.6686650828817768,0.6710767076356096,0.45396325491957823,0.48449025562983955,0.6729833010521907,0.6801647040310523,0.6778766125676239,0.6745855911165686,0.405161224131311
0.6707009370255981,0.6742235325581808,0.666374675443888,0.6704682002512591,0.6665938410320433,0.669905266050857,0.6691562341510291,0.6719260194174312,0.4947935401533039,0.49140301496396316,0.6801811233837617,0.6662645230664324,0.6652621722846441,0.6736246429810748,0.5052285336322102
0.6668638433753861,0.6702853702719965,0.6683888903459309,0.6699237152365262,0.6669735746982939,0.6676466512193673,0.6668286042228333,0.6692534761486485,0.45188552099574525,0.38418137119378515,0.6624090456996282,0.6688347452070602,0.6631294215563879,0.6639083896110831,0.1697380836534291
0.6713186410511438,0.6722316365075626,0.6702142726009074,0.6687651802784146,0.6694132334581774,0.6686898052101927,0.6701118436857701,0.6703101367030015,0.39655866574848,0.346908424926432,0.6761241689786944,0.6664481103621915,0.6707761131918435,0.6724234578117076,0.2723625323917257
0.6728838402345181,0.6723949450244802,0.6693959977969524,0.6675994222916183,0.6683208489388264,0.6673131785046728,0.6703147105143744,0.6692172481524802,0.43252556750614407,0.5013181045249694,0.6727215620583155,0.6652679063180256,0.6645599250936329,0.6670314710514376,0.8101374637220443
0.6730094749515783,0.6728004548954839,0.6681685855910199,0.6697421625282088,0.667379317519767,0.6692651041605572,0.669369778181139,0.6694318085851171,0.4392042866669671,0.4803970096617884,0.6736114746374914,0.6740276430013898,0.6731689554723261,0.6698609294503912,0.4385548199354264
0.6727058577186829,0.6747546490034176,0.6685514962364604,0.6692211337833508,0.6691531419059509,0.670887167512226,0.669951685663188,0.6717992658538513,0.4516940075890295,0.5094903858553664,0.6786630372192849,0.6681790762936346,0.6741312942155637,0.6765341803913196,0.5676771382425224
0.6737318745746741,0.6723494759954732,0.6691547116368117,0.6700976965918396,0.6709945900957137,0.6713703325098846,0.670800523182874,0.6705837029724053,0.49724808292281775,0.47216307734436774,0.6675391299795842,0.6718508222088173,0.6723366625052019,0.6681525772095136,0.3975084603223705
0.6744385698581373,0.6747855324623191,0.6720239188019617,0.6736631797905401,0.6737359550561797,0.6757412010046476,0.6723113471959001,0.6737149946072165,0.5744416653583025,0.534218866419295,0.6796576453960109,0.680794146187941,0.6844829379941739,0.6799775778768387,0.6583304445691491
0.6777574203004761,0.6796289597315494,0.6775944818904245,0.6801490271138068,0.6798793175197669,0.6822530464736213,0.6765181645890614,0.6784985157438923,0.5380625123387797,0.5655598104876733,0.6893158142700099,0.6931207217603399,0.6952767374115689,0.6880655580172439,0.62824169862443
0.6825734177877819,0.6856497938457061,0.6835427102730204,0.6880222797139943,0.6858406158967956,0.6891605134349041,0.682129033980194,0.6849707692979462,0.5898808792828195,0.6095887585436573,0.6976914620740197,0.7037687849143694,0.7029754473574699,0.6979152764060541,0.6976466546556256
0.6873998848348426,0.6913649867153335,0.6910960161556818,0.6939967217116436,0.692368913857678,0.6950312702965945,0.6868964044523932,0.6901041904494027,0.6024163022678481,0.6165105900849935,0.7027953724545882,0.7059456057069422,0.7067727840199751,0.7003710327523156,0.6303542531676659
0.6946919332042087,0.6955764484190272,0.6972802853471111,0.6969218705297501,0.6985434873075322,0.6977573567825542,0.6931852761391241,0.6932684388473245,0.6685558925348631,0.6537425306091443,0.7039993718264147,0.7027721681659629,0.7032095297544736,0.6995969356431682,0.7282064116574458
0.7007223996230958,0.7003209581095002,0.6991686118177765,0.6946931732002559,0.7005097794423637,0.6966097040778133,0.6981341590369166,0.6970862900201501,0.6391477031604375,0.606258186305103,0.7098099774904464,0.6902357785412678,0.6943143986683313,0.704721992365801,0.5112894976970201
0.7010050777364811,0.6971237070186457,0.6966088803797634,0.6899028036569289,0.6978776529338327,0.6917785043415136,0.6977444411819663,0.6934298495942643,0.5586309278606925,0.4793913982453038,0.6907292048369366,0.6803220645702746,0.6821161048689139,0.6861169687424926,0.2256578221257055
0.6971993927655341,0.6909701504188588,0.69297909727504,0.6884751589015368,0.6938462338743239,0.6887917869143174,0.6943010436964473,0.6891859960556626,0.48116499843773547,0.4230332680104827,0.6786630372192849,0.6856198693907523,0.6828183520599251,0.680698288978459,0.3103170075408404
0.6942574464743757,0.6900086472788378,0.6922972016050775,0.6931621483867344,0.6910684560965461,0.6901558229865737,0.6933667885647173,0.691357249734997,0.46371800272657876,0.4630619368776158,0.688085640998796,0.7025361273571298,0.6928838951310863,0.6956997570936658,0.5431192746118821
0.6936711511280951,0.6936950632175622,0.6868892444071442,0.6873522263165883,0.6862255513940908,0.6864355507384482,0.6924325334329874,0.6925467198181708,0.3871191689064304,0.42377870543731183,0.7010678950950112,0.6757323821762964,0.6789950062421972,0.6949256599845184,0.3452122425567039
0.6858137465319583,0.6859710269816292,0.6817697815311181,0.6797809722647713,0.6810913441531421,0.6805048213134945,0.6851720364092573,0.6845043156278307,0.4454368666416911,0.5501451324159824,0.670522954509763,0.6646384641611371,0.6686433624635872,0.6684195072471506,0.8028779863733236
0.6821546353975816,0.6814585677094369,0.6801227412205932,0.6772162691823977,0.6766333749479817,0.6736119671567007,0.6816325441101888,0.6791427128342707,0.47713388994507966,0.49481106782487116,0.6724336491650525,0.6720868630176506,0.6598262588431127,0.6684195072471506,0.3841429386426487
0.6835104433858556,0.6827864041931764,0.6815704581814368,0.6824303308532551,0.6783551810237205,0.67955043891734,0.6832074313322479,0.6822860502524319,0.4689833778177109,0.41972886085124617,0.6854420771606554,0.6928584541949696,0.6914273824386183,0.6885727250887543,0.2695644469039961
0.6846620949589071,0.6864722357501352,0.6800702877075192,0.6866319788980174,0.6790314190595088,0.685121987714903,0.6818781197448149,0.6845417665537884,0.41096383163608713,0.3641597551354186,0.6938438988640526,0.6950352749875421,0.696265085310029,0.6890531991565012,0.2530215437037635
0.6839449301156886,0.6901421807930633,0.6850009179364787,0.691216497039043,0.6836714523512276,0.6908130493768656,0.6822838534020235,0.6886792871260458,0.40044893727158676,0.3403190936683464,0.6974820708789197,0.7003855333210942,0.7021951727007907,0.6969543282705604,0.292637770734202
0.6898759357169031,0.6934874480339873,0.6915733431246558,0.6933111947267028,0.6902361631294214,0.6943643383694292,0.6874836505351947,0.6905923557216997,0.2887770345579102,0.30838555338054446,0.7001779825158351,0.6975005901020221,0.7014669163545568,0.6944184929130075,0.2445184728049407
0.6949274982986965,0.6948887860473314,0.6967924676755226,0.6949349584084633,0.6975239284228048,0.6949979206829625,0.6929877479112726,0.6923749018569797,0.313426924111258,0.3747211643901589,0.6976914620740197,0.6981824857719847,0.696265085310029,0.6959399941275393,0.5073923864093878
0.6962728367272155,0.6939821137993044,0.6955860368748197,0.6922320723361274,0.6972430295464003,0.6933395764741737,0.6924965966420202,0.6902889241521507,0.2964353945378261,0.31134970927238487,0.6921687693032507,0.6868263001914554,0.690022888056596,0.6861169687424926,0.1846067990368368
0.695749358739465,0.6930635788413029,0.6948202155839388,0.6918901044017973,0.6950270495214316,0.6906214460445108,0.6924005018284708,0.6897168577976852,0.31026042403431064,0.31494870324365193,0.6912265089252997,0.6912061685331374,0.6851851851851853,0.6885727250887543,0.3221466911861861
0.6946343506255561,0.6926780626639938,0.6944215688845761,0.6940575028759585,0.6940230961298377,0.692806099277281,0.6918132557456691,0.691150604483974,0.2819727124485268,0.2603655397641955,0.6919070303093754,0.6983922998242806,0.6971754057428214,0.6940180978565518,0.1511992128052827
0.6957284196199549,0.6970014842719389,0.6962469511395526,0.6982475023762739,0.6952715355805245,0.6977737707208508,0.6934522061767612,0.6949714846788053,0.27906394713483806,0.25023524192162944,0.705648327487829,0.7066275013769046,0.70770911360799,0.7026132450684677,0.2299746462364973
0.6969900015704339,0.6993341134567642,0.6980356159353772,0.7012069381678853,0.6980909280066584,0.7019698629608002,0.6953153778394683,0.6983996072662286,0.2257542006258384,0.24710471256921604,0.7039993718264147,0.707125809751108,0.7103620474406991,0.7052558524410752,0.2408436538643892
0.6986337224519709,0.6996852002081546,0.7021427260090742,0.7032585756319039,0.7003381190178942,0.7017328563447919,0.698310332861757,0.6992969861287976,0.28740068739633473,0.32901621934258357,0.7003873737109355,0.707361850559941,0.7012588431127755,0.7010917438539359,0.4928392328893186
0.7018112338376171,0.7021614887566133,0.7040782606415064,0.7024669976530351,0.704416354556804,0.7030140251897725,0.7008141366147933,0.6998952387038436,0.30966691901252447,0.3638367626507673,0.7071140658535308,0.7008838416952974,0.7055763628797338,0.7010917438539359,0.4334778492671348
0.7044757367952676,0.7031841742036185,0.7057777544651052,0.7039412547494482,0.7051342072409488,0.7022642398476968,0.702084723593946,0.700053836720001,0.32373973452386684,0.31641227188784304,0.7052295450976286,0.7068897689422748,0.7007646691635456,0.7003710327523156,0.2215632903619945
0.7048107627074282,0.704563935151956,0.7053948438196647,0.7041984858828663,0.7050821889305036,0.7039925005837192,0.703018978725676,0.7024640647223732,0.3105952615976756,0.2656922751270758,0.707323457048631,0.7047129481497023,0.7074490220557637,0.7072845207271174,0.1642522816055414
0.704810762707428,0.7043757473767757,0.7050014424716095,0.704518591592188,0.7036516853932584,0.703731510307304,0.7017483917465233,0.7012770156633525,0.2911588271047431,0.2250153438846261,0.7039993718264147,0.7051588030108316,0.7032095297544736,0.6989029175453114,0.1436614813997267
0.7073234570486311,0.7072341133901672,0.7071310551024154,0.7090156989661157,0.7069028297960883,0.7083258619138442,0.7040653444732137,0.7050768462713642,0.27027360612594176,0.2794812719215212,0.7129508454169501,0.718009913713971,0.7175145651269246,0.7126765074873878,0.3884131279953116
0.7098361513898339,0.7113819214466267,0.7104041543182354,0.7117602452355429,0.7101123595505617,0.7127585784932634,0.7066278728345301,0.7080193594010824,0.26305765455147456,0.3187868784126138,0.7196775375595456,0.7172493377743974,0.7216240116521015,0.7139043856605185,0.397398091394799
0.7119981154792441,0.712934402812644,0.7117627003068531,0.7124009964521495,0.7134623387432376,0.7143439073711505,0.7090355817740172,0.709482765417305,0.2545623561123399,0.272220184997183,0.7160393655446787,0.7136824988853627,0.7175145651269246,0.7124095774497505,0.1790867981663213
0.71282521069989,0.7124425795923829,0.7114689606336384,0.7093487475626428,0.7125676238035789,0.7105544206999236,0.7092277714011159,0.7090703332324071,0.28247419154760545,0.2827506095920783,0.7114589331518609,0.7032442497836293,0.7029754473574699,0.7082454688626112,0.303811458781869
0.7134900277443333,0.7107362054111322,0.7124026331663563,0.7095082202665689,0.7132802746566792,0.7092938751399407,0.7101193177268239,0.7071671052128886,0.30954846672687725,0.28151135882674744,0.707323457048631,0.7098271656744211,0.7067727840199751,0.7033606491738518,0.2790328572960856
0.7121813327749568,0.7092932604641106,0.7110440871777387,0.710077874768007,0.7119382022471911,0.7097973177864553,0.7086351867175613,0.7065300209556176,0.2588179332407892,0.23259439273945537,0.7064073705700674,0.7112171837708832,0.7108042030794841,0.7052558524410752,0.1347604605648713
0.7100193686855467,0.7091514126802388,0.7078968763932965,0.7072230111294,0.7083905534748232,0.7078268011210577,0.7066599044390467,0.7056960053930599,0.22436417393521185,0.23010602678194095,0.7088677171124954,0.701513283852186,0.7038857677902624,0.7040279742679445,0.2251292948669121
0.7080458566717269,0.7081582102786858,0.7074405308295523,0.7086155977751473,0.7073397836038285,0.7093047726713557,0.7053359314523664,0.7057272411008232,0.2716396936407289,0.29189215008592945,0.7061718054755796,0.7114007710666421,0.7122607157719516,0.7057897125163497,0.4154643966939065
0.708244778307072,0.7095899872953195,0.710241548427706,0.7114935111082307,0.7104504785684561,0.7123794891744396,0.7062755251848492,0.7081326399088903,0.26339000492773934,0.28211577179626013,0.712453541328587,0.7172493377743974,0.7185289221806075,0.7129434375250248,0.2625630152169215
0.7105794901324398,0.7127256635887029,0.7129848671614781,0.7155102605199145,0.7138888888888889,0.7162412713236727,0.7091209993860611,0.711284433332564,0.27605600523552876,0.3021981341425176,0.7189970161754698,0.7235437593432821,0.7239648356221391,0.717588020179911,0.3423628588350326
0.714201957807674,0.7166570120412148,0.7168034829132681,0.7204435945232207,0.7178786933000416,0.7210785892608643,0.7135093292048156,0.7165887893999919,0.31225825707254956,0.30672266267833687,0.7245197089462386,0.7303102625298328,0.7307532251352475,0.727197501534848,0.3157717197499755
0.7184735381877191,0.7211798810317167,0.7220278528154422,0.7228407741364995,0.7232521847690385,0.7243034678856587,0.7177375010009879,0.7194488040162632,0.3107118484929977,0.2769475257752754,0.7302256190127204,0.7276351333630571,0.7307532251352475,0.7251688332488055,0.2173972519691526
0.723436109511595,0.7244481413861307,0.72706339007055,0.7274200018717266,0.727808988764045,0.7278838905061003,0.7226490136935111,0.7230816280038308,0.3161923652682974,0.33225401070698535,0.7309846620949588,0.7365784573421805,0.7350447357469831,0.7303472759789662,0.4428669805704052
0.7280531853635555,0.7281450677868836,0.730310262529833,0.7294412346047552,0.7313410320432793,0.7306523065296598,0.7260763953767719,0.7254145339829968,0.3677104043699876,0.394887077379781,0.7355389205883892,0.7334837000708123,0.7361891385767791,0.7300803459413288,0.5201532107253725
0.7315029053028319,0.7308452504818733,0.7334522279629678,0.7327120185728223,0.734228048272992,0.7332348432766743,0.7292261698208902,0.7280553201221652,0.37099038235838183,0.3828456345121885,0.7362456158718526,0.7392535865089565,0.7383999167707034,0.7333368924005021,0.3587627487770035
0.7336648693922421,0.732340010119012,0.7347950378976632,0.7341494497829849,0.735705368289638,0.7348698372572752,0.729994928329285,0.7290506447737176,0.34192355941345903,0.3120429580165795,0.735329529393289,0.7370243122033098,0.738139825218477,0.7310412940768225,0.1704376050253615
0.734450086373868,0.732943908052958,0.7369771040415433,0.7356147878828089,0.7369382022471911,0.7355523564791877,0.7314843979393004,0.7302391569487723,0.33991577762681924,0.27714808635637095,0.7341517039208502,0.7385454640824569,0.7369173949230128,0.7326161812988818,0.2073583430359538
0.7366696330419306,0.7359900705137292,0.7395892889926303,0.7402896526210778,0.7384571369121932,0.7379147073434562,0.7342871633344903,0.7349464722841534,0.3619976464992064,0.3691908325483609,0.7420823954352719,0.7496393820976159,0.7426394090719932,0.7443611029549158,0.5532763249323407
0.7403863267549599,0.7420341767269981,0.744456975005901,0.7461338117931072,0.7428266749895963,0.7446220812169025,0.7387662493660413,0.7407895735557971,0.30860426832396226,0.3305226616486246,0.7541223891535359,0.7578221301371659,0.7580368289637951,0.7524757760990846,0.2531863198491521
0.7440559074490917,0.7462206242655026,0.748522122269139,0.7506156488037868,0.7472742405326674,0.7499606356399546,0.7431759335878068,0.7456548202069745,0.29818233257733195,0.32256613111370047,0.7545935193425116,0.7595793228251462,0.760637744486059,0.7553853135093294,0.3066530700438522
0.7485421138041144,0.7500672698998027,0.7527813475307509,0.7531839120396476,0.751253641281731,0.7526527000812347,0.7475162159997867,0.7480174488502236,0.3167923991562217,0.30287340004907026,0.7577605611684027,0.7583204385113693,0.7580368289637951,0.7527427061367218,0.2634879379198099
0.7525362508506517,0.7514189763177138,0.7556767814524378,0.7531301525900623,0.7550405742821472,0.7537191533625212,0.7507994554627233,0.7483557587713375,0.34392294694363557,0.3162526273570546,0.7541223891535359,0.7530226336908914,0.7558520599250937,0.7490323786135655,0.3430110819730233
0.7538449458200281,0.7504879409725275,0.7551942091321566,0.751162275225445,0.7564398668331253,0.7523580595173085,0.7515468595681074,0.7482698803415037,0.3206677475567273,0.35650186090396935,0.7486258702821545,0.7472265204962103,0.7496358718268832,0.7480981234818356,0.4370003279977988
0.7527456420457519,0.7498672507424032,0.7538933620079205,0.7512141483222917,0.7548585101955888,0.7516153882702433,0.7501695005738996,0.7473762472703512,0.31226913851611304,0.30806566548467323,0.7486258702821545,0.7513178945159851,0.7501300457761133,0.7455889811280465,0.211193274646081
0.7515939904727005,0.7495232543206871,0.7520469983477144,0.7509252670562331,0.753183520599251,0.7518311910149521,0.7484077623254947,0.7471097056026688,0.27932230369487177,0.25268340896899755,0.7488352614772548,0.7503475045241155,0.7522627965043696,0.7465766222673038,0.1419188959376462
0.7495628958802281,0.748883865615805,0.7510346455453852,0.7517030695373969,0.751883062838119,0.7517323073960132,0.7474788457945174,0.7474391782290577,0.29473415856128654,0.2819713433966262,0.7476050882060409,0.7532586744997245,0.7515345401581355,0.7480981234818356,0.3405472122518836
0.7492278699680678,0.7500716636081147,0.7528180649899026,0.7551152899960906,0.751695796920516,0.7527934483763682,0.7491925366361478,0.750826396426611,0.35377376235238145,0.40071726257391677,0.752447259592734,0.7619397309134779,0.7549157303370786,0.7576008328217176,0.6382091009284979
0.7526461812280794,0.755286917932814,0.7563009782580188,0.7582905556096574,0.7551914273824385,0.7575669736297441,0.7520860582441344,0.7547395081249967,0.3061916968367642,0.33350817518918213,0.7657174265822123,0.764641086836791,0.767114024136496,0.7625657315217684,0.1990900004197128
0.7562477097838036,0.7590691163088011,0.7594376983398463,0.7611942020481458,0.7590719933416562,0.7615556076105632,0.7554280223153513,0.7572592725780415,0.3036165254928904,0.2884445894350254,0.7666335130607757,0.7670014949251225,0.7695328755722013,0.7622988014841312,0.1983174179267119
0.7594252211694498,0.7609536836743628,0.7622964148023813,0.7623431636443608,0.7619902205576362,0.763321715935132,0.7581880789045193,0.758298483456409,0.4639847535430756,0.5068830716862077,0.7647228184054861,0.764641086836791,0.7668539325842698,0.7603769052131439,0.9437600361885722
0.7631157409830915,0.7626550182076586,0.7630727267958772,0.7606088539186416,0.7639565126924678,0.7626698109008524,0.7613004831433683,0.7600857038629663,0.5065688165808326,0.5224112236043614,0.76605768727425,0.7571402344672034,0.7613660008322929,0.7636601446760805,0.5534675274406688
0.7634036538763544,0.7597322868247884,0.762653098691285,0.7603530994092665,0.7646743653766126,0.7612815385198358,0.760729252862825,0.758305363048311,0.5034383807168383,0.555793122939083,0.7538868240590483,0.7598415903905165,0.7585049937578028,0.7547446814190004,0.622556921608526
0.762592262995341,0.7603750152755739,0.7616459912402632,0.7601039161334056,0.7624167707032875,0.7594630426031809,0.7595600992979742,0.7577768965980457,0.5871101528531921,0.5763450356598826,0.7616604721771448,0.7596055495816834,0.7558260507698711,0.756719963697515,0.6174488611014818
0.7606239857613987,0.759180719147404,0.7611896456765193,0.7616425331244043,0.7610746982937995,0.7605828662437076,0.7589781918159252,0.7583143524233259,0.6081321691225047,0.4853725235310134,0.7567921268910641,0.7647197671064019,0.7628225135247608,0.7593892640738864,0.303427499273275
0.7619536198502852,0.7632441423815757,0.7640693435442838,0.7674415474748076,0.7630669995838535,0.7659937238406518,0.7621599978645598,0.7643048801009895,0.5061861006657888,0.4682582469890064,0.7713709888499188,0.7790395761756144,0.7768154390345401,0.776285935456317,0.4340296939049925
0.7644820185311207,0.7683959884805263,0.7686904980461067,0.7717097006419774,0.767556179775281,0.7719331164902444,0.7649307316552333,0.768707857943809,0.4687216013754144,0.4342205083222699,0.7786996806784273,0.7802460069763173,0.78381190178943,0.7775138136294479,0.3661450309887967
0.7705020153902529,0.7735929284385871,0.7741351727031918,0.7768281216532991,0.7729088639200999,0.7763782158207956,0.7704775378373331,0.7732981427390389,0.37370607977341713,0.33864011008102657,0.7839868083547087,0.7870649636759421,0.7852684144818978,0.7824787123294985,0.14747931359854
0.774527561116055,0.7763246858944434,0.7776757848356894,0.7769882845169231,0.7777777777777779,0.7776423505666172,0.7745829218161921,0.7746143896899628,0.4133387844183945,0.49763086816280727,0.781788200806156,0.7773086102441711,0.7801706200582605,0.7772468835918107,0.8156123843263686
0.7777417159608437,0.7751707576346316,0.7777544651053004,0.7730299124961011,0.7785424469413235,0.7739768534919076,0.7768678429383659,0.773347549688227,0.44187210573032354,0.4804519473861782,0.772862901115008,0.7651131684544572,0.7666458593424885,0.7708138696847557,0.4460941058329201
0.7769146207401978,0.7725256760053174,0.7762385585774607,0.7725066228428726,0.7772315855181025,0.7727382796340835,0.775042041480928,0.7712840091818604,0.4319040816294805,0.4483644893910446,0.7672355127466891,0.7714600435364158,0.7702611319184354,0.7671569281691271,0.3841895734007775
0.7721928492906873,0.7667140584805031,0.7724828870413596,0.7688269649938523,0.7714419475655431,0.7667800904316001,0.7710754611216402,0.7667496433989097,0.4609926674615301,0.4694389796437113,0.7550908234308747,0.7614676492958115,0.7548637120266333,0.7576809118330088,0.5115879601490446
0.7676804690362771,0.7649510080145544,0.7674683311914815,0.7665487048047522,0.766807116104869,0.765218146013909,0.7659770974027709,0.7634953935109906,0.4700062335126698,0.3771417010472203,0.7614249070826572,0.761992184426552,0.762094257178527,0.7569868937351523,0.1925471438542384
0.7655970266450296,0.7670910016263425,0.7661989561750898,0.7680197149239056,0.7657615480649189,0.7684596906287761,0.7639591063182343,0.7647159050637028,0.34168323495990177,0.30942693121898973,0.7713709888499188,0.7709617351622124,0.7749427798585102,0.7671569281691271,0.1739973915625286
0.7654504528084594,0.7687706783949474,0.7664559783891527,0.7674792364575275,0.7657147315855182,0.7677770527343456,0.7633771988361853,0.7657787141339721,0.3097166627545285,0.3017050357480111,0.7721300319321572,0.7663982795247712,0.7664117769454848,0.7679043322745109,0.2862612448060538
0.7670522954509763,0.7709286942497227,0.7667602087649821,0.7693132227768725,0.7665990428630878,0.770078931258325,0.7640605397325363,0.7673770203062755,0.3190370855141559,0.34473391956497884,0.7752447259592733,0.772981195415563,0.7746826883062838,0.7705736326508823,0.4307916871989143
0.7693817724964664,0.769531865719257,0.7653177371554459,0.7642939122672922,0.7671764461090305,0.7659695302576655,0.7657475375704029,0.766956647211631,0.29211919222380944,0.35548877760909003,0.7667382086583258,0.7542552912481313,0.7577507282563463,0.7661159010223422,0.3769984936973124
0.7697220331885043,0.7673966473271202,0.7669280600068189,0.7662105410726671,0.7669839783603829,0.7643569929835401,0.767573339027841,0.766676398481868,0.3018145584387926,0.3173338433824447,0.7631262105428466,0.7700437986834168,0.7611319184352894,0.7661159010223422,0.241023974929154
0.7684081034392503,0.7665315449192963,0.7660678223924047,0.7663605430784918,0.7649552642530171,0.7645043984295872,0.7664735872727759,0.7650036554525127,0.32632858539679177,0.3104117377058046,0.7648013401036485,0.7666605470901413,0.7647992093216813,0.761658169393802,0.2965675263525245
0.769564989792179,0.7703258511784647,0.7684072490755068,0.7702721663657551,0.7677070328755723,0.7697264723058117,0.7676587566398849,0.7679458300050269,0.3060800843156426,0.26861407160397244,0.7779144636968015,0.7780954129402817,0.7801706200582605,0.7738301791100555,0.1850187394003081
0.7708736847615556,0.7741466343876952,0.7696713787405911,0.7732820588241648,0.7693976279650437,0.7741962027884215,0.7689934068280705,0.7710461812006214,0.2822655787295758,0.2829824341588418,0.781788200806156,0.7793018437409844,0.7831356637536413,0.7772468835918107,0.3117191592685804
0.7728681358948856,0.7750012443667885,0.7734165595740774,0.7731817710212976,0.7725863503953392,0.7740289153282222,0.770333395617009,0.7716360691227591,0.33004537561965924,0.393954115488471,0.776710464324975,0.772981195415563,0.7736943404078236,0.7728158449670344,0.6158974781477295
0.7750510391038057,0.7746810717736747,0.7726402475805816,0.7708419269195111,0.7745162297128589,0.7729463818931107,0.771577289592398,0.7718691697149351,0.412821449501552,0.48093752510518667,0.774040726587447,0.7661622387159379,0.7707813150228879,0.7723353708992875,0.654904344338618
0.776160812437837,0.7732374501070516,0.7726874557423484,0.7695268139126655,0.7748387432376196,0.770768180243902,0.7725702693324082,0.7701204691745743,0.39138780376715565,0.3837581159636387,0.7703502067738052,0.7668965878989744,0.7664117769454848,0.7666230680938528,0.1893992976805426
0.7720305711144846,0.7679127190980477,0.7649977707256943,0.7595668718941143,0.7677018310445277,0.762007473193535,0.7683047273309667,0.764247802483999,0.4274426897684894,0.37760313377808474,0.7572632570800398,0.7396469878570118,0.7444860590928009,0.7525024691028483,0.3652931694069768
0.7633931843165994,0.7581422350042754,0.7560387106926486,0.7512134291213283,0.7576050769870994,0.75222227995119,0.7598857539438916,0.7545492072081442,0.47015422114513195,0.42682769456932085,0.7386012668167304,0.7345065435757561,0.7326518934665001,0.7351520166564345,0.525276816151793
0.7556300057582579,0.7513930138472725,0.7502478428492748,0.7488179048137834,0.7503173116937161,0.7472333579477622,0.7534420628353311,0.7498986012801735,0.4595765253063514,0.4722214626974895,0.7378945715332669,0.7440268561986938,0.7372555139409072,0.7405973894242321,0.5630089989538268
0.7482437313510967,0.746631794082062,0.7427994439927614,0.7421853513536458,0.7419683728672493,0.7411677789286927,0.7454181459039587,0.7440043296009243,0.4123821500799785,0.45445846453391087,0.7371093545516411,0.7289202444333709,0.7290366208905534,0.7322157862424261,0.4189324682067536
0.7385907972569753,0.7384497081557742,0.734857982113352,0.737186660403073,0.7336298377028714,0.7356848863269936,0.7369938339161308,0.7375033891188538,0.44059773323985646,0.41313138084925133,0.7220855363031985,0.7271892785019276,0.7247191011235954,0.7245015081547128,0.3304772134799322
0.733497356436162,0.7362318230958403,0.7305672847438957,0.7308556072719586,0.7286620890553474,0.7303390295030562,0.7317459893761846,0.7337566748802752,0.48110779313443086,0.4647020768594505,0.7317960529759725,0.7181935010097302,0.719647315855181,0.726263246403118,0.5678434688798486
0.7289745066219966,0.7294835546458615,0.7295024784284927,0.7302979088475526,0.7262952559300874,0.727165262282104,0.7293756506419669,0.7302712242486319,0.47289634492310695,0.47120790960469155,0.7159870177459037,0.729182511998741,0.7208177278401997,0.7233003229853456,0.4842195750951737
0.7284772025336335,0.7314583867943916,0.7279341183875789,0.7322602912297436,0.7266385767790261,0.731100880916603,0.7281477724688361,0.7316668156852805,0.43663098071341844,0.44136599903825574,0.7354080510914517,0.7361850559941252,0.7389721181856013,0.734457998558578,0.3816821779053843
0.7279537245458829,0.732469579400557,0.729051378216056,0.7330090420117478,0.728084685809405,0.732822975958551,0.7280943864613088,0.7317608291917832,0.43238006706078214,0.42680329934002775,0.7344919646128879,0.7345065435757561,0.7362671660424469,0.7319488562047889,0.3976778999435719
0.7311678793906716,0.734365156442752,0.7322720239188019,0.7364368636797177,0.731949646275489,0.736563285123706,0.7309238448602623,0.7340568195110159,0.41287274773549376,0.36218240517784867,0.7381563105271421,0.7432925070156573,0.7440439034540158,0.7386488001494811,0.2329406168534906
0.7339318431659947,0.7381153949126976,0.7386975792703716,0.7410650017090047,0.7383635039533916,0.7416143914973686,0.7345380775698691,0.7374826829910613,0.32918636337492624,0.29125878581090275,0.7456158718525886,0.7503212777675785,0.7517166042446941,0.744334409951152,0.149411547077011
0.7417526043029891,0.7437738710854234,0.7427784625875318,0.7439056440008504,0.7430607573866,0.7425109260003264,0.7403785067933696,0.7424892783616569,0.28196960346465155,0.2768844490552019,0.7550908234308747,0.7495869285845418,0.7443039950062422,0.7525024691028483,0.2481357755438001
0.7462806888970318,0.748532072077504,0.7480395499488578,0.7501005936008186,0.7473522679983354,0.7484838410816437,0.7448842858286845,0.7473218168194887,0.24773875830292996,0.25476561673572673,0.7580484740616656,0.7624904928007554,0.760429671244278,0.7569868937351523,0.2105279520967764
0.7518138512275558,0.7530739734735054,0.7544178971386609,0.7555331555754695,0.7536308780690802,0.7548759661864862,0.7508261484664872,0.7521006010109265,0.23503389569669988,0.28122827346129164,0.762157776265508,0.7663982795247712,0.7676602163961714,0.761658169393802,0.3341535869124215
0.7567031356331466,0.7562502265007023,0.7592750924493168,0.7595482649066253,0.7584061589679567,0.7592240801071234,0.755828417371807,0.7559537822326444,0.2234519980662119,0.24582922520787806,0.762602732555096,0.767578483568937,0.7679203079483978,0.7636601446760805,0.1750311287010509
0.7614667853216772,0.7606448577655486,0.7630727267958771,0.7628019931045437,0.7621150645027048,0.7629030973775608,0.7601313295785177,0.7592521784833313,0.24118750748099232,0.24324918152222308,0.7694341202952414,0.7693094495003803,0.7702611319184354,0.7658489709847052,0.2380890941509131
0.7654975658273568,0.7655114804967901,0.7684229851294291,0.7673140688204629,0.7690595089471494,0.7682774706611953,0.7643434855724316,0.7640225353463602,0.28650063656444835,0.3203999280018421,0.7752447259592733,0.7763382202523015,0.7790262172284643,0.7735632490724182,0.4747014209610801
0.7690833900434486,0.7690001853785682,0.7714915156442602,0.7708204276719458,0.7733510195588847,0.7728140552084485,0.7682032939166645,0.7681103353830124,0.3841050090393705,0.4464498901583571,0.7759775951421243,0.7778331453749114,0.7818872243029547,0.776285935456317,0.6985498144713872
0.7724807621839501,0.7723816692417173,0.7743135146476435,0.7740497099618597,0.7763940907199334,0.7761678942061039,0.7710754611216402,0.7707465587282348,0.34794939196047847,0.3487584272782252,0.7791446369680154,0.7805082745416874,0.7828755722014149,0.77601900541868,0.1533755015179613
0.7747683609904203,0.7729346883569606,0.775866138634635,0.7744803411425382,0.7781210986267166,0.7762970452981738,0.7725062061233752,0.7707689957137417,0.36951765669667347,0.32679643564615873,0.774040726587447,0.7753416035038947,0.7765553474823137,0.7708138696847557,0.2828724523820257
0.7759304821232267,0.7737047008910648,0.7778121639696819,0.7760000861535635,0.7796816479400749,0.7768859896938581,0.7741558337559726,0.7718783668583921,0.3865551992314591,0.32562322603905297,0.7752447259592733,0.7790395761756144,0.7780638784852267,0.7740971091476925,0.3232768068248414
0.7770978380359106,0.7761636357682741,0.7788350074746255,0.7778175366947156,0.7801081980857262,0.778310315781479,0.7749939940741533,0.7738369281267019,0.3972392223187734,0.39312266282525243,0.7810815055226926,0.78145243777702,0.7811589679567208,0.7777540506633214,0.5281215363976514
0.7794430194210333,0.7800102578680953,0.780204044165858,0.780104467406835,0.7813150228880565,0.7815139932925215,0.7773750100098766,0.7786216237961124,0.35012039540056916,0.416400335176957,0.787703502067738,0.7846783288310735,0.7879213483146066,0.7881910151349334,0.4629556798803663
0.780950636025755,0.7822344119092716,0.7800676650318655,0.7800117712284651,0.781210986267166,0.7817944585606683,0.7791047166537652,0.7806369287434493,0.3745535887778117,0.36944737958602936,0.7866827199916243,0.779826378871725,0.7823553890969621,0.784667538638123,0.2755414684041741
0.7816782704287284,0.7807159074736191,0.7816307797214719,0.7810602398029521,0.7816583437369953,0.7807936839842657,0.7806956196780825,0.7800140807644137,0.3841364097765106,0.356560438849193,0.7776788986023139,0.7831571769519263,0.7787921348314606,0.7787683848063425,0.3307865573755201
0.7817253834476261,0.7789707020003331,0.7806131815678354,0.7786906883377789,0.781122555139409,0.7789907678219422,0.780834423297654,0.7782730962581255,0.4546979078093011,0.46306839156239316,0.7754802910537612,0.7739515854074326,0.775384935497295,0.7747911272455492,0.6760842969887936
0.7798879757106214,0.776611956946112,0.777502688242545,0.7744271159420418,0.7783239700374531,0.775049192696942,0.778714998798815,0.7745677068951261,0.4173282325271219,0.42246998103718064,0.7718944668376694,0.7658999711505676,0.7671660424469413,0.7671569281691271,0.3412731599867557
0.774972517405643,0.7721167081450235,0.7747593695087728,0.773271989015432,0.7740220557636288,0.7721700541131229,0.7742465899687694,0.7716614615916525,0.4099891651911946,0.4237334350916971,0.7631262105428466,0.7709617351622124,0.7664117769454848,0.7658489709847052,0.42626034320073
0.7695806941318117,0.7679856733041716,0.7723569986099819,0.7714528341362114,0.7706980857261756,0.7700252157119807,0.7697408109334546,0.7684871888816179,0.430014130331713,0.4077110547633866,0.7597236036224676,0.7678145243777701,0.7657355389096963,0.7621386434615489,0.3756662941067656
0.7675391299795843,0.7678141414831733,0.7677830522699256,0.7677310378413562,0.7672128589263421,0.7671388107520848,0.7665162960787979,0.7665400627654319,0.41983407353057756,0.3651027942988721,0.7674710778411767,0.7602874452516457,0.7613660008322929,0.7626458105330596,0.2798862733698432
0.7642464534366329,0.7648817304351169,0.7644207820818798,0.764200770049972,0.7640345401581357,0.7645903210534776,0.7624536209059608,0.7625192923040757,0.33963161650062096,0.33509253347891826,0.7590169083390043,0.7571402344672034,0.759493341656263,0.754477751381363,0.2750720118390106
0.7603570119876457,0.7607369068209892,0.7646620682420204,0.7651693140170716,0.7619121930919684,0.76191164974102,0.7617542642073515,0.7628995764280773,0.39642373584829393,0.4318062745609857,0.752447259592734,0.7671064019512708,0.7565543071161049,0.7636601446760805,0.6252337567251207
0.7609433073339265,0.7625105003054095,0.7627632510687402,0.7639354257766516,0.7615428630878069,0.7627961421355725,0.7614232709606814,0.7633310525358364,0.441360056086069,0.5048514978371922,0.76605768727425,0.7614676492958115,0.7645651269246776,0.7641940047513549,0.6509419443896053
0.7632727843794167,0.7654639964869125,0.7617981064281779,0.763619884242754,0.7617769454848107,0.7641660783886199,0.7624749753089717,0.7646864234248912,0.40380632895847474,0.39920021804772626,0.7713709888499188,0.7629888011749586,0.7669059508947149,0.7673971652030005,0.1878976584687943
0.7619588546301627,0.7639431406895771,0.7600933672532717,0.7596678392875408,0.7603880565959218,0.7609179043883628,0.7613431919493902,0.7621199135283115,0.44790850882251887,0.43293253626183875,0.7609014290949064,0.7517637493771145,0.7544215563878485,0.7569868937351523,0.5003971726900638
0.7596712558236925,0.7584883985619358,0.756967137874059,0.7536149220487406,0.7577715355805243,0.7560821817853339,0.7593145236633481,0.7561914123359251,0.48260414707359106,0.43813842520601637,0.7475789143066532,0.7415090875711399,0.746410736579276,0.744334409951152,0.4485502030943716
0.7582578652567659,0.7541190346273242,0.7542500458968239,0.7535835953875253,0.7556023720349563,0.7526242843196442,0.7563516002455758,0.7537427840863566,0.40760302006693633,0.3755016573679599,0.7453803067581007,0.7535209420650948,0.7457084893882646,0.7488455275872195,0.2502281216918468
0.7536879024237031,0.7504819807878614,0.7477772823834876,0.7454236741680602,0.7494486059092801,0.7463482883118616,0.7514881349598272,0.7491207488317752,0.3704786436125148,0.4054411256178059,0.7432078731089359,0.7291038317291301,0.7337962962962963,0.7398766783226118,0.4653200621174978
0.7455059414751609,0.7438083818943104,0.7426997823179207,0.7428162163944149,0.74311797752809,0.7426497952041625,0.74489496303019,0.7442242677394549,0.3686580226551654,0.32989226830588636,0.7304611841072083,0.7376013008471243,0.735252808988764,0.7344313055548142,0.1787945536820473
0.7380620844893471,0.7370996359848195,0.7384090849484644,0.7386475651062208,0.7373959633791095,0.7370370253504238,0.7386808317539973,0.7381215909443665,0.3797732618059776,0.40525263501863246,0.7236821441658378,0.7303102625298328,0.7258114856429463,0.7259162373541896,0.5559733684441245
0.7342668690781553,0.734267369740111,0.735728710430381,0.7351341150643883,0.7336038285476487,0.7338413710409402,0.7350986306489071,0.7342221954381444,0.3851057909488152,0.4285727062819415,0.7286028372506937,0.7281072149807233,0.7274500624219726,0.7264234044257003,0.4752128488085596
0.7295293932890122,0.7300758890975358,0.726245115266595,0.7254570654583136,0.7264825218476905,0.7259282326567843,0.7285214745215282,0.728134712608871,0.4581311587027453,0.4908334576751268,0.7216929278123855,0.7061029662461644,0.7101019558884727,0.7159597469503245,0.6153549604614975
0.7216719886928754,0.7213575427744412,0.7207532324477431,0.7175195161838328,0.718326050769871,0.7149568020735894,0.7203107065638098,0.7183640879172541,0.45881948773272674,0.4834762075392196,0.703920850128252,0.7016444176348711,0.6930139409071994,0.6988228385340203,0.4687617072674052
0.7192430508297126,0.7203438601134255,0.7159747174066983,0.7162492526698552,0.714107365792759,0.7146909960834611,0.7162266769879617,0.7169131111700272,0.5633702628801315,0.5561669481658367,0.7183164947913941,0.7137087256418999,0.7141593841032043,0.7140111576755734,0.7015484294190707
0.7158718525885988,0.7158379577290397,0.7085420546041071,0.7085484846188624,0.7085205992509364,0.7090865483669183,0.7112991484931802,0.7117016057401123,0.5552604784415284,0.5425861141942608,0.7068261529602681,0.6931469485168771,0.6978776529338329,0.7012785948802822,0.5154244462511094
0.7086426215777626,0.7080441992181976,0.706045267381783,0.7109067493689425,0.7012640449438201,0.7031134625400762,0.708063956437018,0.7112168852083715,0.5724469413039388,0.5487724638363777,0.6924566821965136,0.7156232788691024,0.691167290886392,0.7102474441448898,0.5611451631206114
0.7003036172328954,0.6986954348414813,0.6971439062131186,0.6944698863802427,0.6927642530170621,0.6912766404449447,0.700056055307904,0.699451337240499,0.6415472169153593,0.6861337553971185,0.6799979060880489,0.6615961604028429,0.6676029962546817,0.6759202413047543,0.9608563385186002
0.6932314296183846,0.6886502605795536,0.6871777387290514,0.6802511176583401,0.6855961298377029,0.679908868633431,0.6937885380241842,0.6887959755321397,0.6471241121907919,0.6229712314796019,0.6685599120556981,0.6518135802145348,0.6571733250104035,0.6674852521154206,0.4966461836445685
0.68083547086845,0.6778790740669428,0.6751921109916337,0.6714276074238305,0.6740636704119851,0.6721049414138257,0.6828817766863308,0.6790231006835287,0.6786464106003912,0.7017007948087569,0.6563367010417213,0.6537805869548112,0.6564970869746152,0.6594773509863066,0.8591599214670672
0.6718107103596294,0.6724868328500168,0.6685934590469197,0.6676696345469892,0.6666042446941323,0.6682634690574069,0.674473480500761,0.6724277717731635,0.716535286189738,0.702756804605119,0.6617023504161649,0.6601536887933068,0.6605805243445693,0.6592371139524331,0.7048688241978432
0.6651730094749515,0.6680806144910528,0.6599438747410107,0.6692382088111787,0.6611631294215565,0.6668295508794421,0.6655259856391641,0.670121837794411,0.7243786307102317,0.6686251649777725,0.6592681777731247,0.6723753573395579,0.6639617145235124,0.6655099698369058,0.6003618857230796
0.665031670418259,0.6718174799288971,0.6662015788507435,0.677120366191288,0.6645079067831877,0.6726619949405741,0.6678162453620906,0.6758717385027365,0.6558631549657467,0.6518430965839066,0.6792912108045858,0.6928846809515066,0.6843268830628382,0.6873715399193874,0.618278959796175
0.6697586766476469,0.6786099676868108,0.6718770489653544,0.6781438877233885,0.6702819392426135,0.6771224923962268,0.6722366067853617,0.6804435120790829,0.6785630898325344,0.6379440170487736,0.6921949432026383,0.6801909307875895,0.6860434873075323,0.6895870592317754,0.6101458579785075
0.6774171596084384,0.6839496837397667,0.6801856854362821,0.6838705149187422,0.6785164377861007,0.6839715214948351,0.6797106478392015,0.6859115268045572,0.5965648837162305,0.5750189749943648,0.6946291158456787,0.6953237693094496,0.6976695796920516,0.6968475562555057,0.4491688908855474
0.6844945820028269,0.68832960995588,0.6887356080673503,0.6902147772620442,0.6859342488555972,0.6885375408939073,0.687232736299816,0.6895568699548734,0.6070545953113413,0.635785110720709,0.6970894623881067,0.7029033019486481,0.6976695796920516,0.6968475562555057,0.7573173821733973
0.6919646128880281,0.691092517370297,0.694458286343728,0.6938061010818446,0.6925769870994589,0.6914168291768786,0.6932440007474042,0.6915600106615315,0.5410073418654213,0.5138986133116324,0.6966183321991309,0.7009887487214457,0.6971754057428214,0.6955662920748473,0.2701256184934796
0.6973250274825944,0.696092772839337,0.6998505074877391,0.7024859962784172,0.6981481481481481,0.6983387822200138,0.6984331206790702,0.6988123869669266,0.5898992222876835,0.6301785295102502,0.7060932837774171,0.7198457866715624,0.7121826883062838,0.7133171395777169,0.8627383619074859
0.7033816678008689,0.7048878968242285,0.7067428991056677,0.706541627144689,0.7035736579275905,0.7032828668815906,0.7042682113018179,0.7054624287597893,0.5787929991901095,0.6049906005037128,0.7224781447940113,0.7146528888772326,0.7131710362047441,0.7187625123455144,0.554614742490638
0.7065068313877402,0.7066769091428305,0.7122190458705973,0.7119292524744919,0.7068716188098211,0.7069083726221285,0.7088861009529405,0.7102872873435654,0.5878572416784159,0.5681571014448349,0.7102549337800347,0.7227045031340973,0.7141593841032043,0.7199370045111178,0.494490103327079
0.71504999214783,0.7177196948247393,0.7189645676519184,0.7201631386014128,0.7152569704535997,0.7178043610517338,0.7165416544323734,0.7185666327799338,0.5552897028899558,0.5769312970402556,0.7398052661885567,0.7366309108552545,0.7395963379109447,0.7351253236526707,0.5944796882310969
0.7221692927812385,0.7225514083385506,0.7250124577093551,0.7238514920704847,0.7214627548897212,0.7212710166756322,0.7228145103168461,0.7213546123523594,0.6101212970058929,0.5660487277178922,0.7322148353661729,0.7312281990086287,0.7282043279234289,0.7269305714972107,0.5442835890731652
0.7281735853007381,0.7270725210173388,0.727986571900653,0.7274731139230072,0.7257854764877236,0.7254461098825202,0.7262846008061288,0.7244589389096165,0.5549069869749119,0.5729214223961216,0.736114746374915,0.734716357628052,0.7337962962962963,0.7306675920241308,0.5866668117525807
0.730220384232843,0.7289523938297378,0.7323821762962573,0.7305257129004229,0.7299625468164794,0.7283162025378545,0.7286656167418522,0.7265284899477878,0.5837838510050566,0.6149473024778683,0.7327121394545358,0.7366309108552545,0.7340563878485227,0.7306675920241308,0.6989990626413616
0.7359891116578547,0.7323344528548562,0.7360486768601326,0.7340294772514399,0.7355857261756137,0.7329692286581951,0.7320022422123162,0.7298923705863382,0.5605594305585133,0.536087535350033,0.7390985709050933,0.7410370059534739,0.7422752808988764,0.7366201318634389,0.3783680010943623
0.7366172852431555,0.735871679941591,0.7377166985758872,0.7376766579789688,0.7367561381606326,0.7371289517174763,0.7328083709259806,0.7329802361312225,0.5443861855410486,0.5285961779479464,0.7429461341150604,0.7449710194340267,0.7454483978360384,0.7391559672209915,0.5136134631437733
0.7378893367533894,0.7367728176001749,0.7397256681266228,0.7388754542400814,0.7394194756554308,0.7385929729441241,0.734644849584924,0.7340244790181245,0.5170479576307676,0.48826160180588446,0.7385750929173428,0.7412730467623068,0.7415210153974199,0.7361129647919282,0.4075924495217605
0.7391613882636234,0.7386735463754781,0.740937344278633,0.7395085489560888,0.7410632542655015,0.7397337117449659,0.7367375810799992,0.7363934025119185,0.5142952633076168,0.5164755145828651,0.7424750039260847,0.7407747383881034,0.74201518934665,0.7411312494995064,0.5729033401368263
0.7406166570695701,0.7391118587450752,0.7425581578326208,0.7412506921791236,0.743050353724511,0.7411531028778341,0.7383338227050692,0.7371452017244394,0.4936923380646885,0.5429784885308169,0.7399884834842695,0.7447349786251933,0.7439918851435705,0.7386488001494811,0.5959844364267204
0.7407108831073652,0.7392644728614065,0.7427522358309948,0.7415029267678636,0.7431387848522679,0.7416745474311098,0.7384405947201239,0.7371481317958639,0.481299617439534,0.4674537916767412,0.739569701094069,0.7420073959453435,0.7427174365376612,0.7371539919387129,0.3164043979685899
0.7408103439250379,0.7406574613087455,0.7441160271709197,0.7449319432231262,0.7439138576779026,0.7442242856088104,0.7404265542001442,0.7411273427376068,0.43933144410746505,0.41289339327897023,0.7434434382034235,0.7517899761336515,0.7493237619642115,0.7490857646210929,0.3037725964834283
0.7433335078259959,0.7441686116798746,0.7459309187232815,0.7467371303234559,0.7453287557220142,0.7456813589451995,0.7427221525238237,0.7432818806285129,0.40872971582332884,0.3601235315530065,0.7511909124221327,0.7503475045241155,0.7485955056179774,0.7475909564103251,0.2545838081010793
0.7433335078259959,0.7436040757619446,0.7474520706024286,0.747284919476917,0.7461506450270494,0.7458291179207418,0.7431225475802793,0.7432323286796034,0.3857403345577547,0.39273449897165635,0.7424750039260847,0.7483804977838391,0.7461246358718268,0.7431332247817848,0.457956433808956
0.7484688268858294,0.7509577434357754,0.7507251698182485,0.7518901045527091,0.7497295047856845,0.7511814732594098,0.7477884846381764,0.749481047599391,0.3858522579772639,0.4606710171558597,0.765665078783437,0.7611004747042933,0.7618861839367457,0.7619784854389666,0.5965440535242663
0.7534313982097052,0.7554326815283329,0.7551312649164676,0.7559393601806192,0.7543487307532251,0.7560588376313945,0.752363665483277,0.7529973304543326,0.4204275785523638,0.4702076783852695,0.7643825577134481,0.7640378714364393,0.7658135663753642,0.7600298961642156,0.4892810008440891
0.7576715699104852,0.7585032199213297,0.7578693382989325,0.7591196878024046,0.75798481065335,0.7598739455758748,0.7549422096468518,0.755991048782544,0.42690452465968276,0.42552422793018746,0.7646442967073234,0.7654803430459753,0.7675041614648357,0.7619784854389666,0.3361573270200234
0.7607496204784587,0.76119586836822,0.761682708699415,0.7625512440437792,0.7623907615480648,0.7634577170811007,0.75842297733764,0.7589922974764515,0.4401938762344608,0.3906930072784481,0.7665811652620006,0.7694143565265283,0.7706252600915522,0.7649947948642664,0.3210305659749695
0.7650892529969114,0.7621883010849292,0.7641794959217393,0.7619889739943394,0.7661360799001249,0.7639222205981092,0.7619571310359557,0.7595961960754222,0.4191566259441594,0.37805206563811505,0.7641731665183479,0.76086443389546,0.7648512276321264,0.7608039932733632,0.3527701823574491
0.7630738627440716,0.7599882432296988,0.7618820320490964,0.7578637011099193,0.7641021639617145,0.7598536818136375,0.7597202573205566,0.7566621696709385,0.40694142829828206,0.4305240655237031,0.7555881275192379,0.749613155341079,0.7517166042446941,0.7507941168619707,0.5354680652948792
0.7602052033711982,0.756671915769493,0.7600723858480422,0.7569056808836688,0.7619173949230129,0.7581990282697104,0.7578197154525801,0.7546171753887368,0.4473056768491069,0.5173834582152065,0.7500392608490812,0.7549896404311678,0.7548897211818562,0.7505271868243335,0.6911022435982135
0.7583049782756635,0.7561623342562119,0.759149204017939,0.7582252652209326,0.7602215980024969,0.7584744111338922,0.756575821477191,0.7549977887798317,0.4414828609491416,0.44727005465020325,0.7551431712296498,0.76086443389546,0.7590251768622556,0.7557590155620213,0.3070432475201967
0.7564047531801288,0.7564682360989169,0.7571035170080516,0.7585454839729854,0.7583801498127342,0.7594556138035076,0.754835437631797,0.7554294843989865,0.4852788059014731,0.4781834666790112,0.757080039784327,0.7591859214770911,0.7614180191427382,0.7562928756372957,0.540010290736627
0.7507407213526671,0.7495964931929578,0.7532796559049542,0.7529453654419814,0.752070328755722,0.750737783318027,0.7502549181859436,0.74958678828069,0.5563383631510794,0.5548116339878343,0.7358530073810395,0.7417451283799732,0.7333021223470662,0.737901396044097,0.7080679686054807
0.7475841490865308,0.7463327508581575,0.7474153531432768,0.7420607908055515,0.7464939658759884,0.7417701188273599,0.747526893201292,0.7454425228333643,0.621265449706745,0.6565755886829586,0.7398052661885567,0.7202916415326917,0.7238347898460258,0.7371539919387129,0.8601034980732072
0.7406533005287127,0.7360168399254352,0.7356290487555404,0.7267265667011964,0.7357781939242614,0.7282836996926468,0.739518992072178,0.7337909089484973,0.5797353322026995,0.5988676111479676,0.7153850180599904,0.6960581184924861,0.7013108614232211,0.7104876811787633,0.4834516560779857
0.7295293932890121,0.7238524382940058,0.719541556295733,0.7112933683329384,0.7203599667082813,0.7128338133892164,0.7277900862184022,0.7215654347300458,0.6634011972696902,0.6410359317170287,0.6995236350311468,0.6804269715964228,0.6819340407823555,0.6971144862931427,0.7253725728551508
0.7131392974925403,0.7076114791299933,0.7033019486480108,0.7001915399681189,0.7039169787765294,0.7016235687541371,0.7153564850652645,0.7124185797772329,0.689275715571501,0.6504849152265795,0.6751295608019682,0.6779878832384798,0.6792030794839783,0.6941248698716069,0.6693828822456811
0.711966706799979,0.7150710040594065,0.7020902724960004,0.7120232758520532,0.7040678318768208,0.7124345084522656,0.714662466967408,0.7197561550364266,0.7093672129669498,0.7031650953452945,0.7299900539182328,0.7356867476199218,0.7340563878485227,0.7344313055548142,0.8085254555827245
0.7106789509501125,0.721169498352679,0.7068792782396601,0.7227610739850322,0.7072097378277153,0.7214711121683436,0.7148599951952594,0.7258846477169412,0.6901937985098638,0.7235222054927889,0.7333664869392241,0.7442366702509902,0.7395443196004994,0.7381416330779704,0.7642364257877776
0.7163900957964717,0.7287599129990482,0.7163681187547537,0.7296748230126727,0.7164637952559302,0.7301744576336606,0.7209406614526335,0.7308867692998384,0.7132661896449073,0.6819526742462602,0.7439407422917866,0.7435023210679534,0.7475811485642947,0.7408910124656329,0.5988136117532026
0.7258126995759828,0.7347188266422662,0.7298119541556296,0.7356652648753826,0.7301862255513941,0.7369650358423323,0.7303953233857408,0.735387111519452,0.6646839640166204,0.6154555977354125,0.7466366539287023,0.7476461486008026,0.7505461922596754,0.7443877959586793,0.482461444713717
0.7407527613463853,0.7397558409795044,0.7450864171627894,0.7418969093416816,0.7454275905118602,0.7431133253236578,0.7417451885860717,0.7405494729707219,0.6771223867047412,0.6541620637190366,0.749829869653981,0.7543601982742794,0.7554099042863087,0.7508741958732619,0.7315749956862848
0.7446212636758623,0.7429480825082089,0.7480238138949357,0.7447225166546719,0.7492561381606325,0.7464752589132333,0.7441849291300752,0.7425763180720918,0.6398525098049579,0.6435000661739602,0.7493325655656179,0.7503737312806524,0.7531991260923845,0.7466300082748314,0.6221760710838072
0.7471234884573104,0.7439245919542938,0.7453591754307745,0.7401195037465094,0.7483354140657511,0.7426304056508529,0.7446814190000802,0.7419255728573931,0.6129967961921163,0.638985996690497,0.7458776108464639,0.7309134779301845,0.7349406991260923,0.7406240824279957,0.6299578577235708
0.7445689158770874,0.7396723544330864,0.7420546041071101,0.7357394906475502,0.744085518102372,0.7371974933497016,0.7429837439607081,0.7387512609945194,0.6647924675538668,0.7119213206476497,0.7311678793906716,0.7269794644496315,0.7263316687473991,0.732402637268772,0.8577919685619549
0.7349945034811286,0.7260364336050271,0.7330063731018385,0.7246279916231817,0.7333021223470662,0.7236747333941831,0.7334223100125459,0.7246943827356357,0.6760556943371412,0.6542067399751292,0.6987645919489086,0.7024049935744445,0.696629213483146,0.6965806262178684,0.5387775786300883
0.7273831335392347,0.7212819623848552,0.7270004458548611,0.7245288484285854,0.7246098626716604,0.7197660242325488,0.7271654699303315,0.7229929203111537,0.6493262054696352,0.6354470104330044,0.7117730199445113,0.7243305620393927,0.7119486059092801,0.7195899954621896,0.5979275513487549
0.7205098675600692,0.7191767201465001,0.7182931626845708,0.718631670762124,0.7151477320016646,0.7151401737358342,0.7201078397352056,0.7191092326405032,0.6475584372381651,0.6280770835974886,0.71496623566979,0.7068373154292009,0.7058884727424053,0.7113418572992021,0.6133372299264569
0.7106475422708474,0.7116398082311187,0.7123449343019749,0.7128118925138175,0.7066999583853517,0.7076607261720653,0.711096281664576,0.7112615857852846,0.6370848923592056,0.6112481001745835,0.6965659844003559,0.7011723360172046,0.6927018310445279,0.6955662920748473,0.5775901333287734
0.7064230749097,0.7111083863490572,0.7062445907314642,0.7073671772082376,0.7017790262172285,0.7056828200836379,0.7057843739155969,0.7094554233648154,0.5556739732969374,0.5577445245332603,0.7100455425849342,0.6964777465970782,0.7017270079067832,0.705843098523877,0.4507373732506136
0.7053865884939539,0.7052663108560973,0.7086102441711033,0.7096558717297051,0.7024136496046609,0.7037226568625279,0.7081386968475565,0.7090876958690989,0.528549643477274,0.5062149928660974,0.6935821598701776,0.7142332607726403,0.699802330420308,0.7083522408776661,0.4031559295317715
0.7069151442181856,0.7099828067592883,0.7092921398410658,0.7156839279495384,0.7038909696213068,0.708926839905855,0.7085444305047648,0.7132646851621433,0.5463348966340584,0.5664279342882907,0.7194157985656703,0.7277400403892049,0.7193352059925093,0.7216186637482318,0.6868538171326773
0.710249699000157,0.7172015410327411,0.7168716724802643,0.7253676115080901,0.7082761131918437,0.7152226234689332,0.7142567333101996,0.7221442472168874,0.5441253417939146,0.5783817747674398,0.7316390095796471,0.7447349786251933,0.7278141905950894,0.7399033713263754,0.6022894557257378
0.7191278856724075,0.7251199999423634,0.7233706627501375,0.7281341701275839,0.7175509779442365,0.7231738005814528,0.7222646344393135,0.7266314307180641,0.5775630851690586,0.633847466579791,0.7409569177616081,0.7336672873665713,0.7390761548064919,0.7356057977204176,0.7447788502044933
0.7247814479401141,0.7295177846027315,0.7328227858060792,0.7333355673773182,0.7246254681647939,0.727815686724159,0.7290233029922859,0.7309664342416222,0.5991608852520685,0.6088071022750816,0.7383133539234675,0.7437383618767865,0.7370994590095712,0.7396364412887384,0.5587263736656629
0.7294508715908495,0.7253216157764393,0.7313435967373915,0.7245028167279458,0.7269662921348315,0.7223792745729378,0.7308811360542403,0.7265247582235611,0.5962017543996007,0.5353248266065318,0.7169292781238549,0.7068373154292009,0.7115064502704953,0.7176414061874385,0.3883602752694323
0.7286604198293462,0.7220355904370105,0.7310446117128695,0.7250835829074956,0.7253485226799834,0.7186683026213814,0.7308811360542403,0.7248893933984514,0.6505974689762271,0.6764940144096242,0.7154635397581531,0.726245115266595,0.7112463587182687,0.7216186637482318,0.9588323900158092
0.7291106108988117,0.725987048600332,0.7316268457079913,0.732604438138598,0.7271535580524345,0.7247253242333693,0.7314256733310203,0.7308016148357256,0.6831407576904601,0.7059979760387173,0.7338899649269749,0.7476461486008026,0.736839367457345,0.7426260577102743,0.7650058992969032
0.7297073758048475,0.7319716131641503,0.7330955440740643,0.7354065518247109,0.728381190178943,0.7315549879685911,0.7333849398072767,0.7356684532577172,0.6638756282090542,0.6868163849582993,0.7439407422917866,0.7410107791969367,0.7452143154390345,0.7454021301017006,0.6484532027974637
0.7312202271894467,0.7366069457249215,0.7361011303732068,0.7431931323406401,0.73111215147732,0.737954747146213,0.7360435629821426,0.7414221545595007,0.7239284498450947,0.7442077505874881,0.7458776108464639,0.7587662933724986,0.7507542655014565,0.7529295571630676,0.8589904818458658
0.7388263623514632,0.7427246151279266,0.7436806630124053,0.7437070811021579,0.7380826050769871,0.7407560708537523,0.7425940261057578,0.7444126769748388,0.8040901791862856,0.7591948077167875,0.754959953933937,0.7447349786251933,0.7463587182688307,0.750393721805515,0.7891689219753861
0.7437784641155839,0.7418910929448702,0.7465813422853996,0.7427208912786275,0.7443664169787766,0.7413925199782403,0.7462509676213867,0.7429095750920176,0.6810975334876426,0.6207529256520562,0.7402240485787571,0.7407485116315664,0.7426654182272161,0.7399033713263754,0.3438691615225937
0.7467256451866199,0.7441360187239651,0.7477195835191062,0.7462597124421969,0.7463171036204744,0.743125946874105,0.7474628299922591,0.7448348399162241,0.5868707610947974,0.5117926295455969,0.7486258702821545,0.7533373547693356,0.7465928006658344,0.7486853695646372,0.2938720373326783
0.7471130188975552,0.7447165494314647,0.7494977576123161,0.7474736915157933,0.7466396171452352,0.7443595922703494,0.7477084056268853,0.7454332293690932,0.5160020954551319,0.4392317112301097,0.7458776108464639,0.749901649662986,0.7468268830628382,0.7466300082748314,0.2941098745991354
0.7496257132387582,0.749291393805136,0.751511972514359,0.7545949169714335,0.7492821473158553,0.7508953669650852,0.7498598617302406,0.7515177654726769,0.4905022097102892,0.5366514918606241,0.7584410825524784,0.7688373678827138,0.7639669163545568,0.7636868376798442,0.7314910531216529
0.7529707375804846,0.7567559544176138,0.7582522489443729,0.7625420649060434,0.7551394090719935,0.7591452536598973,0.7543709793663083,0.7586616136437355,0.4203252929828679,0.5038624406865092,0.7716850756425692,0.7784363607752629,0.7756450270495214,0.7729493099858529,0.4382843383382792
0.7605873423022561,0.7639396603409473,0.7661307666080935,0.768408409920752,0.7622295047856846,0.7654688013718222,0.7618236660171371,0.7648300106226635,0.4718131749409681,0.5363444842287044,0.7783070721876143,0.7801410999501692,0.7781158967956721,0.7771668045805196,0.6013085713130948
0.7667172695388158,0.7690516090489492,0.7724776416900522,0.7739628500068775,0.7695120682480233,0.7713144069070573,0.768133892106879,0.7699655070862246,0.46671972665813755,0.4470312547919782,0.7792755064649531,0.7850717301791286,0.783005617977528,0.7802365000133467,0.2684047959185259
0.7733968486625136,0.7724595748542838,0.779113011093918,0.77700139889869,0.7768414481897628,0.7753675321952166,0.7752021995035102,0.7739675198101458,0.564071027845614,0.5583096300401579,0.7792755064649531,0.7830784966823152,0.7834737827715355,0.7819715452579881,0.7808663805365172
0.777909228916924,0.7753073778443659,0.7844213066170107,0.7831272144318525,0.7803474823137744,0.7774107171216826,0.7807543442863627,0.7797942004047993,0.5540868370286196,0.599396453038999,0.7810029838245302,0.7953788454981772,0.781497086974615,0.7914475615941063,0.6815700990366813
0.7814322357744856,0.7799716218730364,0.7870230008654829,0.7858997536271097,0.783468580940491,0.7820239848088232,0.78361049568908,0.7822728226030128,0.5552427572334395,0.5476189484801255,0.7893001099303772,0.7914448320176244,0.7912505201831044,0.7872300669994396,0.4440639393623785
0.7839868083547087,0.783674392944934,0.7903642896482991,0.7895490170394899,0.786298377028714,0.7854376156181445,0.7869791527640606,0.786185245053816,0.5380528744887664,0.5368656848499933,0.7910799350887295,0.7968475438642504,0.7922648772367873,0.7940100899554228,0.5153591575897291
0.7873213631366801,0.7877656887548928,0.7926722442235569,0.791903179044799,0.78937265917603,0.7897507533167989,0.7897819181592506,0.788873605698976,0.5940923088402401,0.5407777791252938,0.7959482803748102,0.7966115030554173,0.7983770287141074,0.7942503269892962,0.5486019676758945
0.7907082657174266,0.790580465626157,0.7948910278265886,0.792659590929024,0.7918071161048689,0.7917158580164427,0.7922376745055122,0.7906658461290826,0.526922712215353,0.5088579852208898,0.7962100193686855,0.7941724146974742,0.7956460674157304,0.7942503269892962,0.4450183974120818
0.7935978642098099,0.792203969179587,0.7945081171811482,0.7929278247096742,0.795032251352476,0.7936848264151788,0.7927501801777754,0.7917805940711959,0.5698577795326264,0.6379871353549426,0.7954509762864471,0.7934642922709747,0.7976227632126509,0.7940100899554228,0.896245435623048
0.794487776788986,0.7927192037284772,0.7959925516011435,0.794907551178983,0.7963066999583853,0.7949974720143361,0.7941542321757468,0.7926038383772293,0.5796243414783528,0.5896236732669653,0.7937496728262575,0.7988670041176007,0.7976227632126509,0.7942503269892962,0.4928967490910108
0.7949798460974715,0.7929928963627039,0.7947651393952111,0.793508528397518,0.7959685809404912,0.7935230753919961,0.7937431599177858,0.7923874684733585,0.6383070339205684,0.6626733221115794,0.7935402816311573,0.7907104828345879,0.7905742821473158,0.791954728665617,0.8087726198008073
0.792535203894676,0.7899036206954136,0.79181725196045,0.7896297075588827,0.7922544735746984,0.7889508808897118,0.7907375276939915,0.7879990342723474,0.5856010520801433,0.5368062342323091,0.7837250693608332,0.7818720658816123,0.7798064918851435,0.7792221658703256,0.2850720584737687
0.790723970057059,0.788987030523809,0.7898030370584069,0.7877869184350081,0.7904546400332917,0.7881828871627071,0.7885807329898834,0.7864881406711502,0.6740961018005679,0.6537020381596077,0.7871538501805998,0.784101340187259,0.7866468997086975,0.7834663534687558,0.8874936460142049
0.7878814845835731,0.786404203322212,0.7841328122951033,0.7802290017748245,0.7845505617977528,0.7814893821201235,0.785313509329205,0.7835500843314436,0.6229918684526742,0.6493761150675983,0.7812385489190178,0.7651131684544572,0.7681023720349562,0.7776739716520302,0.6407242688835794
0.7825786525676595,0.7800146397970377,0.7779747698602113,0.7761782651642631,0.7785996670828131,0.7769490179593999,0.7794463871019408,0.7773382948386208,0.5996573899769467,0.5583255289491902,0.7672355127466891,0.7680767919431404,0.7678682896379525,0.7649147158529752,0.3762243567123739
0.7743234047008323,0.7707644406303656,0.7679456581604552,0.7643071515547778,0.7696213066999584,0.7665268387172807,0.7707444678749701,0.7677072407360018,0.5893831309643911,0.6246841275454699,0.7522640422970214,0.7405649243358075,0.7456824802330422,0.7484451325307637,0.7574013247380291
0.7663665392870229,0.7618232078508393,0.7598206089852868,0.7566203743717752,0.7622451102788181,0.7586597290713346,0.7626297947308013,0.7580210938738282,0.6147396925525845,0.5537410405018917,0.7439407422917866,0.7412468200057698,0.7429255097794425,0.7386488001494811,0.4118548664147353
0.7592367690938595,0.758383804972154,0.754900469458942,0.7575804637663618,0.756377444860591,0.7582093435867435,0.7567253022982678,0.7566620263512484,0.5372125161472849,0.5357799483304967,0.751504999214783,0.7595006425555351,0.7573085726175612,0.753943891306089,0.499857763987707
0.7533947547505628,0.7562653623822805,0.7518581657006477,0.7550208590652364,0.7519402829796089,0.7541117499345109,0.7508261484664872,0.7538340850652078,0.4908090664187769,0.49342230563401096,0.7520284772025335,0.749901649662986,0.7459165626300459,0.7481782024931267,0.4087070202410395
0.7509396429880123,0.7558302262328326,0.7518581657006477,0.7593728366912044,0.7505669995838535,0.7564084575093993,0.7504257534100314,0.7568603035670374,0.47953931076936457,0.4355733965777781,0.754959953933937,0.7680767919431404,0.7610018726591761,0.7629127405706966,0.3198755784653123
0.752808459404282,0.757756192281345,0.7568727215505258,0.7614611256558689,0.7539741989180192,0.7585117973075564,0.7531164081894138,0.7585396711872501,0.39690656104412103,0.40512812308912255,0.7616081243783698,0.7656377035851976,0.7627184769038702,0.7618984064276755,0.3442375761118115
0.7568287703502067,0.7598515605280335,0.7668179076293634,0.7712983339038986,0.7585726175613816,0.7609803992037891,0.7632330566158612,0.7687704615520726,0.38258782490824605,0.3835058106378684,0.7640422970214104,0.790972750399958,0.7659176029962547,0.7892320422817181,0.3402611857353602
0.7627283672721561,0.766902034960199,0.7707519211099163,0.7739224592553655,0.7632126508531003,0.7674898458279111,0.7681872781144063,0.7720853073009867,0.40472938627103805,0.4591923973591346,0.7810029838245302,0.7791707099582994,0.7805087390761549,0.7787149987988149,0.610565570801667
0.7704863110506203,0.7748740886717508,0.7808387316740537,0.7827268736648015,0.7724823137744485,0.7757481896308699,0.7782505405333263,0.7808883763965667,0.46240259164895836,0.5384859472829701,0.790818196094854,0.8003357024836737,0.7922648772367873,0.7984945145877267,0.697073047130641
0.7800711930063341,0.7842108470186692,0.787620970914527,0.7891472451583698,0.7814190595089471,0.7857273268644694,0.7858633852067374,0.7875845722436287,0.5823897826353923,0.6655944759878074,0.8028843637125057,0.8019879881455061,0.8056856013316687,0.8009769639377522,0.919811533397482
0.7879652410616134,0.7898333528973681,0.7939153924834115,0.7918014339154533,0.7890709529754474,0.7908108659884366,0.793385473667352,0.7915593310726684,0.6011506349322319,0.5897435965238748,0.8010783646547662,0.7971098114296205,0.8009779442363711,0.799508848730748,0.4380418375960093
0.7896403706224153,0.7840282168733855,0.7897768103018699,0.7846275691077188,0.7892426133999167,0.7827992123651585,0.7896217601366684,0.7845107122578789,0.6398422501581695,0.5710688183042659,0.7724179448254201,0.7702798394922499,0.7667759051186018,0.7704134746283,0.5337192618650483
0.7873265979165576,0.7791635180140042,0.7889323087413779,0.7814011134570924,0.7879213483146067,0.7798336127933072,0.7878600218882633,0.7796425773575159,0.5635928661255998,0.4571520957491167,0.7694341202952414,0.7749482021558394,0.7739024136496047,0.7699063075567896,0.2293186506388184
0.785169868607025,0.7794538618583999,0.7859896666579245,0.7828082396601971,0.7862567623803579,0.7812030577173857,0.784961161679524,0.7810951227530207,0.5395635297537528,0.4970768522565466,0.7800345495471915,0.7856224920664061,0.7839419475655431,0.7840002135440303,0.5769263652714064
0.780154949484374,0.7789058306053503,0.7805345012982243,0.7801095468891335,0.7794683728672492,0.7780499230669656,0.7797613645463526,0.7790560745926456,0.5202057525528643,0.6057254506353774,0.7778097680992514,0.7747121613470063,0.7717436537661255,0.7749779782718951,0.8230226473930392
0.7749568130660105,0.7776331145912163,0.7762490492800755,0.7786338817057142,0.7734706616729088,0.7756964114662002,0.7747057096335052,0.7774475744506008,0.5553363376480847,0.6083818881142887,0.7750876825629481,0.7756825513388759,0.7709893882646692,0.7742305741665112,0.6136947630721112
0.7763335601737946,0.7781893031822578,0.7793647879566734,0.7810420987622226,0.7771535580524345,0.7788610699828767,0.7771774817820252,0.779222494757367,0.5201799479866996,0.5249003632622335,0.7793016803643406,0.7858585328752392,0.7851903870162298,0.7827723353708995,0.3579373135581232
0.7794901324399308,0.7805318626634793,0.7842167379160219,0.7870973831590091,0.7805867665418227,0.7829301986874331,0.7831246830205805,0.7860291010881001,0.5623278205867583,0.4966195800545264,0.7852169816259226,0.7992079519525821,0.791068456096546,0.7996423137495663,0.4400580136391122
0.7831963565932052,0.7865431318801739,0.7863306144929056,0.7901288804229477,0.7839731585518102,0.7889114349967823,0.7866001121106161,0.7911451870568027,0.5897148595438809,0.5690335733886905,0.7985656703135632,0.7961918749508248,0.8008739076154807,0.8013773589942079,0.7138615600570187
0.7892687012511124,0.7937525850497117,0.7924099766581867,0.795122244339769,0.7903401997503121,0.7938005765840664,0.7925793449536878,0.7957215055336199,0.5962642449754934,0.6646122404428275,0.8081714913887871,0.8051089721734113,0.8035788597586351,0.8048741424872543,0.8557695745511015
0.795492854525467,0.7979045396780485,0.7990925542238191,0.7997799759488586,0.7973002496878902,0.797796930373564,0.7988094920321386,0.7989414402086682,0.6083690736937991,0.6678144625164318,0.8062084489347222,0.8090954391670382,0.8057896379525593,0.805381309558765,0.6742189066636405
0.801706538240067,0.8020597260978123,0.8052191245508669,0.8053504454693984,0.8030378693300042,0.8031574486579759,0.8045911966473589,0.8031879129547792,0.6919736917784475,0.7038631096714094,0.8103700989373396,0.8164913845104775,0.8138784852268,0.8116808584470012,0.7759604039813647
0.8077736481180965,0.8065573277372318,0.8070917149676099,0.8064239316583649,0.8074958385351643,0.8065577331460996,0.8072498198222249,0.8064370851778181,0.7207321035229449,0.6638587639014728,0.8155525310160706,0.8085709040362978,0.8133583021223469,0.8129354296238958,0.5838500723615996
0.8099879600062817,0.8075839617429841,0.8109050853680925,0.8093688634233226,0.8099459009571369,0.8087465620058474,0.8093105197127833,0.8081850096008791,0.6508996622089018,0.5641389604299162,0.8096372297544888,0.8152587269532376,0.8131242197253432,0.8116808584470012,0.3646993534868031
0.8117102025859811,0.810650209257751,0.8147184557685752,0.8143045170074897,0.8137172284644194,0.8133095404355809,0.8127432399967971,0.8128025877030268,0.568287431777235,0.5236621144175332,0.8167827042872847,0.8241758241758241,0.8224354972950478,0.8220377439073221,0.4427084223927672
0.8148667748521176,0.8144305762603018,0.8180335177948542,0.8180932611044712,0.817498959633791,0.8171057915568598,0.8167738835651178,0.8170465676021408,0.4908476178188301,0.4447813552355608,0.8219913102654034,0.8256707492984343,0.8246982937994174,0.8255345274003685,0.287019836871616
0.815369313720358,0.8139146485997154,0.816056020351963,0.8142634731683213,0.8158343736995424,0.8132557128897583,0.8165229693297388,0.8148398074914628,0.46891560196923027,0.5186210117348291,0.8128827932785426,0.8066038972960214,0.8055555555555556,0.8104262872701067,0.6663003247333656
0.8140344448515939,0.812235827957227,0.8172939232605103,0.814429121638559,0.8160372451102788,0.8136280283185156,0.8164749219229641,0.8141249358576493,0.4588925488537952,0.5236589434180275,0.8088781866722504,0.8147604185790345,0.8143726591760301,0.8126951925900223,0.5337348067844245
0.8169031042244674,0.8161507275111033,0.8179915549843951,0.8158683762832597,0.817852684144819,0.8164858238450251,0.8183914795931988,0.8165045061711577,0.47259570618236973,0.49351100898857697,0.8239805266188557,0.8187468855726612,0.8222014148980441,0.8212636467981744,0.4332151401296757
0.8180442862377637,0.8182633564586577,0.8181908783340764,0.8189697311635834,0.8172648772367873,0.8174893701483134,0.8182847075781439,0.8181709653914545,0.46271970800423434,0.46011681649308134,0.8224886143537663,0.8251724409242309,0.8194964627548897,0.8215038838320479,0.39332843150209
0.8176464429670732,0.8188429356097554,0.8194235358913163,0.823257833137267,0.8168123179359135,0.8191380791972248,0.819341750527187,0.8223872243094976,0.5252848995098687,0.5066931424619833,0.8200020939119509,0.8318340370846338,0.8224354972950478,0.8308197421455839,0.5998457943997872
0.821687693032508,0.8235916382750758,0.8253088200582234,0.8275153281350303,0.8220973782771536,0.8234190052187352,0.8239222699730403,0.8260344443727895,0.45221724957523507,0.4381161199947214,0.8330890436057162,0.8360303181305568,0.8319808572617562,0.8333288844993729,0.3009620750601977
0.828204993980003,0.8295493226532926,0.8295208371580687,0.8302837201161072,0.8269038701622972,0.828414376346406,0.8295651709686893,0.8309928621046154,0.4485539338750219,0.4638834894242672,0.8414646914097262,0.8358205040782607,0.8384051186017478,0.8409096975682675,0.5154182282833589
0.8305606449248808,0.8316191422166099,0.8337223635552992,0.8334406525970093,0.8290106117353307,0.8298546251520081,0.8325868189947417,0.8327858703792224,0.42478450855514627,0.41404499745961076,0.8357587813432444,0.8397545175588135,0.8327351227632125,0.8363718869284362,0.3143680135302978
0.8323875831021305,0.8316205298910782,0.8346612814393243,0.8322494451794586,0.8310289221806076,0.8297657550950966,0.8342951712356192,0.8318724619316269,0.4741346532006211,0.4893897165495618,0.8316233052400147,0.8298670303443572,0.8295880149812735,0.8300456450364362,0.6400791547294639
0.8333769564989792,0.8293966735594501,0.8310052715780639,0.8260176260457496,0.829416354556804,0.8246347231220744,0.8324319995729121,0.8284162692317673,0.47641042939730777,0.5300013694941149,0.8249489608961943,0.8135539877783313,0.8143726591760301,0.8215038838320479,0.611224675383221
0.8312045228498143,0.8270067408262638,0.8296257441842168,0.82705597775094,0.8277101539741988,0.8242397668642932,0.8306755999252597,0.8271264749082152,0.4791979443398615,0.45830079625373205,0.822226875359891,0.8291326811613207,0.8234498543487307,0.8245468862611112,0.3148996497729664
0.8287389415275088,0.8277167554835755,0.8285347111122767,0.8281590980734803,0.8267790262172283,0.8274096711818273,0.8283586471985694,0.8278592945837487,0.4997110199487949,0.5115283996118299,0.8291367847981991,0.8303653387185608,0.8337494798168954,0.8293249339348159,0.6179836063280257
0.8270690467465844,0.8276142728019243,0.8229484119698917,0.822713739331283,0.8231065334997918,0.8230640005132281,0.8259402610575771,0.8266661817969906,0.5596758573411658,0.5457496665719374,0.8274093074386223,0.8118230218468883,0.8143726591760301,0.8242799562234739,0.6141922004921521
0.8246505784431764,0.8249198364422746,0.818641978546513,0.8179207806300101,0.8184404910528507,0.8174619345910076,0.8232122360729255,0.8232459612357199,0.546894824629992,0.5558911081058232,0.8195309637229754,0.8083348632274645,0.8062578027465668,0.8164055201131786,0.5761739911735947
0.820499398000314,0.8180109105221439,0.8179391014713211,0.815293721220797,0.8164794007490638,0.8131636922797035,0.8201425406400984,0.8175491097131173,0.5029801164936256,0.5011444503043454,0.8041930586818825,0.8100396024023708,0.8045672076570953,0.8061554066679124,0.3916511347013898
0.8198659896351359,0.818360551526096,0.8187783576805057,0.8213054682162794,0.816729088639201,0.8170085594529416,0.8213971118169929,0.8219726538572729,0.5222735377282965,0.4712185521850037,0.8190598335339999,0.833328962207244,0.8246982937994174,0.8308197421455839,0.4113667559463203
0.8204104067423966,0.8228599911288982,0.8174880012588843,0.8221748310143374,0.8155014565126925,0.8205428126967454,0.8235165363158318,0.8279557880478521,0.45311512411840865,0.40487621421619807,0.8318588703345026,0.8239135566104538,0.8276113191843528,0.8399220564290102,0.2721915382785867
0.8184421295084542,0.8210959678422357,0.8196071231870754,0.8222560978388396,0.8162453183520599,0.819725864588786,0.8228171796172224,0.8255649162753773,0.43580150381550037,0.4457921758033356,0.8175679212689105,0.8224186314878439,0.8180919683728674,0.8207831727304276,0.5276240989776105
0.8206040935978642,0.8241775732848323,0.8232211702378767,0.82363909805305,0.8208645443196005,0.8229352205872805,0.82540106238155,0.8268182554951902,0.38462669653363835,0.4039614354569852,0.8303407841700258,0.8264050984814708,0.8293539325842696,0.8293249339348159,0.3202999547642846
0.8270690467465844,0.8282909903317158,0.8295995174276797,0.8297365114858287,0.8278193924261339,0.8284039631214414,0.8318394148893578,0.8306612267324439,0.4343123005392531,0.48266734188114474,0.8365178244254828,0.841931338351386,0.8393414481897628,0.8383471692069511,0.6400791547294639
0.8315500183217296,0.832682224024386,0.8319232080568597,0.8348068127749336,0.8313410320432792,0.8330381393760087,0.8338574059738944,0.8340773836777183,0.42103009962738813,0.4367634783830949,0.8414646914097262,0.8449474153531433,0.8423064918851435,0.8409096975682675,0.3449557513869954
0.8333193739203265,0.8353566987920865,0.8359883553200976,0.8379509728255036,0.8345869746150646,0.8366391035984323,0.8342044150228226,0.8366039563430294,0.5209276586086984,0.5484020966504427,0.8407056483274876,0.8442392929266438,0.8438410320432794,0.8416571016736516,0.7716793331851384
0.8384023451813851,0.8378987250527921,0.83994335020588,0.8393651838559212,0.839877236787349,0.839273828810385,0.8382297199903906,0.8380392034181088,0.4957915239772608,0.4995825397071025,0.842982777574203,0.8421936059167563,0.8445432792342904,0.8409096975682675,0.401943425820422
0.8406271266293253,0.8390873805051035,0.8430013900180965,0.8401418884181316,0.8426186017478153,0.8405361383357901,0.8407975869524599,0.8394142251937932,0.5706406216724156,0.5645701742180879,0.8414646914097262,0.8416952975425529,0.8430607573866002,0.842164268745162,0.6945454432400585
0.8417630738627441,0.840124107200928,0.8441501219544179,0.8426529249564189,0.8439918851435706,0.8424267139467064,0.8420628353308599,0.8411672871621793,0.4995369168517806,0.47123365968748826,0.842197560592577,0.8476749980329932,0.8462078651685392,0.8446734110989513,0.2845606306262892
0.8421609171334344,0.8412340407216782,0.8434472448792258,0.8422462932966734,0.8447201414898045,0.8436004005032419,0.8421642687451621,0.8412504796547123,0.5175354463024077,0.4591385726717023,0.8434539077631785,0.8414330299771826,0.845947773616313,0.8414168646397782,0.4349483986401304
0.8409883264408732,0.839103592102679,0.838930997403551,0.835383547380539,0.840439034540158,0.8365454327671772,0.8401943250674,0.8381027808647552,0.4669771505230087,0.47905499987718275,0.8348426948646809,0.8216580555482704,0.8224354972950478,0.8318073832848412,0.5188878542881437
0.837088415432131,0.8338968022452836,0.8375514700097039,0.8353543545695327,0.8366937161880982,0.832969184336115,0.8383738622107147,0.8360043150047839,0.46305734365308704,0.4468181304083931,0.8234832225304926,0.8352959689475201,0.8258166874739907,0.8318073832848412,0.3823443914708136
0.8342773386379102,0.8317343039763965,0.8351858165700647,0.8335252464944741,0.8331616729088639,0.8304463032208863,0.835047913941756,0.832514385803312,0.42900277787709235,0.4726362917256239,0.8274093074386223,0.8298670303443572,0.8254005409904286,0.8255345274003685,0.5242726143600855
0.8313196880071192,0.8302926384638051,0.8294001940779984,0.8285991261872031,0.8278662089055349,0.8268743838645554,0.831022608974188,0.8298585526225785,0.4790328572960855,0.49332787039083414,0.8274093074386223,0.8187468855726612,0.8197305451518935,0.8245468862611112,0.5347110277212547
0.8275715856148249,0.8284328909097721,0.824862965197094,0.8253150459823558,0.8220349563046192,0.8235134261136153,0.8269439179990925,0.8269135050031527,0.5018046096903918,0.5118209671311099,0.8247133958017064,0.8187468855726612,0.8167915106117352,0.821023409764301,0.5488071606116615
0.8239595874993457,0.824549495368943,0.8247580581709458,0.8239212041274139,0.8214003329171866,0.8220964108617056,0.8252302271574623,0.8256886463609981,0.5640452232794494,0.6179109521652172,0.8167827042872847,0.8211335204175298,0.819262380357886,0.823238929076689,0.8300909222334317
0.8231167879390672,0.822789405155662,0.8200634687508195,0.8198884767005721,0.8189606741573033,0.8192704051326615,0.8228759042255026,0.8238043537823466,0.5663200667809736,0.5431801711029564,0.8192692247291001,0.8118230218468883,0.8136183936745733,0.8200357686250437,0.3937186089784345
0.8177825472438884,0.8154389714246841,0.8145138870675863,0.8139653584431118,0.8141489804411153,0.8132942942249372,0.8183968181939516,0.8169159349357686,0.5302825910893413,0.47681519270261224,0.8007381039627285,0.8021191219281911,0.8013420724094882,0.8031390972426129,0.3440852359019239
0.8125948803852797,0.8107829719983158,0.8098612604579192,0.8078048231368496,0.8100811485642947,0.8086599914058882,0.8129514454261539,0.8103839640978868,0.48213220332132734,0.41586315809547,0.8014709731455792,0.7954837525243252,0.7993913857677903,0.7973200224221233,0.2939590888811855
0.8062346228341098,0.804826017347496,0.804469039313908,0.8024651420421017,0.8050821889305034,0.8030388984181854,0.8069081493740493,0.8038582858998504,0.4744365355349084,0.4473517126235021,0.7929121080458564,0.7917857798526056,0.7917967124427798,0.7908069295037774,0.5103288216795663
0.8068785007590431,0.8098847095356477,0.804143827532849,0.8081459151988127,0.805175821889305,0.8086027806627548,0.8057550116114568,0.8083966040211426,0.36835831660959084,0.3981344176179495,0.8200020939119509,0.8195074615122349,0.8197305451518935,0.817473240263727,0.2996998276068441
0.8045542584934303,0.8091391441574439,0.803650764509953,0.8085498457100112,0.8043487307532251,0.8088961664398946,0.8031337586418601,0.8079075706064485,0.35645308465607634,0.3768204281489204,0.8076480134010363,0.8093577067324085,0.8094829379941739,0.8069295037770603,0.3341924492108621
0.803517772077684,0.8046113200662951,0.8033675155393531,0.8059341894984048,0.8030742821473158,0.8042540540865769,0.8016282732295867,0.8038089371313809,0.35114356199391566,0.35705949296298706,0.7955556718839972,0.800702877075192,0.7949698293799417,0.7956116701812457,0.3175376225911204
0.8026383290582629,0.8020987993936881,0.8052453513074038,0.8055804367871292,0.803126300457761,0.8027198618310568,0.8023383071297016,0.802829355395153,0.3503520146992757,0.33470677944465327,0.797073758048474,0.8048729313645782,0.7996514773200165,0.8008701919226973,0.2900013524079857
0.8045542584934303,0.8022297846696897,0.8078627816097983,0.8053446016462789,0.8046972534332084,0.8016970669940434,0.805109040920375,0.8034397697491502,0.3611647497190255,0.4112686852225407,0.8024917552216929,0.8048729313645782,0.7996514773200165,0.8046605984571447,0.5643924967783154
0.804747945348898,0.808476699176223,0.8066720868630177,0.8080810636902963,0.8043695380774032,0.8071620341203181,0.8050556549128476,0.8080286165747967,0.42722941347464694,0.4841868389433442,0.8209705281892895,0.8135539877783313,0.8180919683728674,0.8172063102260898,0.6300231463849512
0.8088520127728629,0.8150405829577688,0.8110099923942405,0.8157364539230386,0.8092228464419475,0.8160245160191772,0.8102821450497826,0.8163730625371097,0.4411141354615363,0.45732991234399917,0.8281683505208605,0.8310472343885231,0.8337494798168954,0.8330619544617357,0.4036160591453092
0.8166570695702244,0.8215540405954478,0.817587662933725,0.8216880458728971,0.8175145651269247,0.8228258182810606,0.8174732402637271,0.8214377571083958,0.5438296774273779,0.5819250523694423,0.8345809558708056,0.833591229772614,0.8364284228048273,0.831567146250968,0.8311153324203283
0.82336282259331,0.8245702014515989,0.8212017099845262,0.8221064194547928,0.8229036620890554,0.8240828662309303,0.8228652270239973,0.8235685466469466,0.5681686685932001,0.5251821376586606,0.830602523163901,0.8229431666185842,0.8265969621306699,0.8278301257240479,0.4116963082370973
0.8282939852379206,0.8254293237826481,0.8239292926643762,0.8209078945578044,0.8276165210153975,0.8237938348045292,0.8270933988201694,0.8243128502439663,0.640658358425424,0.659068407085585,0.8271475684447468,0.8185108447638278,0.823215771951727,0.8258014574380057,0.9268409459394338
0.8280688897031879,0.8235678993603073,0.8251829316268455,0.8205459905687627,0.8280014565126924,0.8225347718228003,0.8275792114886691,0.8227536913521735,0.5631457942443381,0.5201990465502306,0.8198450505156257,0.8198221825906791,0.8200166458593425,0.819635373568588,0.2424603254795219
0.8216301104538554,0.8143700843316041,0.8174565291510397,0.8111690677156731,0.8198293799417394,0.8126528802025771,0.8194164909377253,0.8125852448037882,0.5711899791231732,0.49474502554664873,0.7959744542741977,0.792415222009494,0.7928890969621307,0.7922483517070178,0.4438369835394848
0.8091975082447783,0.8003860378295428,0.8059324923286736,0.7994363936973764,0.8075686641697878,0.8001435347834076,0.8088620772495532,0.8013218558058942,0.5485808265855427,0.569186540275158,0.7724179448254201,0.7759710456607831,0.7751248439450686,0.778795077810106,0.7180695697321765
0.796607862639376,0.7894754569319917,0.7965852762988801,0.7916932912881229,0.7928266749895964,0.7843913619321761,0.7976349998665352,0.7914461501402489,0.6328414402678699,0.657124152399683,0.7676542951368895,0.7762070864696162,0.752887016229713,0.7716947388089583,0.8329993766487329
0.7832172957127153,0.7797152158918088,0.7817042146397755,0.7758307063481835,0.7777673741156887,0.772233997148847,0.7838293783199425,0.7798885499951801,0.5918404718193928,0.6786948028321381,0.7601947338114431,0.7441055364683049,0.7479192675821891,0.7567733497050424,0.7218361036970481
0.7782442548290843,0.784803425960363,0.7772194392719453,0.7830199061492982,0.7736735330836455,0.7813384783322733,0.7786082267837601,0.7844355719593453,0.681755705374034,0.6831420329723347,0.7949798460974714,0.7973983057515277,0.7995474406991261,0.7935296158876759,0.6920364932527276
0.7786996806784274,0.789286145147213,0.7800571743292506,0.7908812365315393,0.7756970453599669,0.7885612050027614,0.7807436670848572,0.7905988990437313,0.7895575449597929,0.7830434158043164,0.7982515835209129,0.8066038972960214,0.8030066583437372,0.8029255532125033,0.9828461814682796
0.7862953462806889,0.796322854377051,0.7877783314537491,0.7987797681154513,0.7835882230545153,0.7972343808077781,0.78707524757761,0.7972169261204444,0.7691905915929965,0.7274405448356092,0.8103962728367272,0.8145768312832751,0.8145807324178111,0.8104529802738705,0.6162348028981947
0.7957807674187298,0.8025757031937323,0.79494872669097,0.8032061996288746,0.7958385351643779,0.8028691127981942,0.7949763766916693,0.801878078873381,0.6727589278358206,0.6019073825113572,0.8150814008270951,0.8120590626557214,0.8141385767790261,0.8112003843792543,0.3508410578628533
0.8064283096895775,0.8061946171843818,0.8084450156049201,0.8059997934319347,0.8088795255930087,0.8062874817739104,0.8058617836265117,0.8049855140420054,0.5931907035164161,0.5092699157075798,0.8134324451656808,0.8115869810380549,0.8131242197253432,0.8112003843792543,0.3239949821000253
0.8070303093754907,0.8034596929652671,0.8088961158173568,0.8038844645591935,0.8091240116521015,0.8044482781808036,0.806416998104797,0.8020922387877043,0.6011148816176662,0.583399071724713,0.7979898445270376,0.7996538068137113,0.8007698709945901,0.7963056882791022,0.731657383758979
0.807716065539444,0.802866583423738,0.8061632877861996,0.8002362287528738,0.8076414898044112,0.8014968684889641,0.8055521447828525,0.8009285880593966,0.5057887725265312,0.5576712598206766,0.8016803643406795,0.7929397571402346,0.7955940491052851,0.7986012866027814,0.5062156360126038
0.8039941370465371,0.7991732657398894,0.798143145637179,0.7916495260146403,0.8000364128173117,0.7931830281534139,0.8009502709339884,0.7964335957161142,0.5652191755907456,0.6762431126202068,0.7917866303721927,0.7744761205381732,0.7765553474823137,0.7874436110295493,0.9133868182192671
0.7948646809401663,0.7892602172583402,0.78814026069396,0.7817812299896355,0.790111319184353,0.7836263883070199,0.791682460027227,0.7859095070925587,0.6302488586142947,0.6761585660736706,0.7694341202952414,0.762044637939626,0.7645131086142323,0.7648613298454476,0.6759894729805983
0.7851175208082499,0.7810723596742596,0.7815625901544756,0.7807536961066347,0.7809300873907615,0.7781569457904755,0.7842457891786564,0.7819453481071729,0.7394823852746086,0.7408265825163122,0.7646966445060984,0.7786986283406332,0.7672180607573866,0.7740170301364013,0.8701626154015951
0.7813903575354656,0.7804995825038783,0.7793228251462143,0.7833207913285579,0.7775749063670412,0.7801026191523132,0.7822651682993887,0.7834310933657035,0.7050357766319444,0.680359168526094,0.7793540281631158,0.7884549817724043,0.7839939658759885,0.7864025838827646,0.5594243405456577
0.7781604983510443,0.7821767444754432,0.7787668179076294,0.7856004345348087,0.7754109446525177,0.7816598262790979,0.7796225609267813,0.7840834788237169,0.6650222214622483,0.5556220657387704,0.7855310684185729,0.7901597209473104,0.7847742405326676,0.7853882497397433,0.3061478601641232
0.7785531068418572,0.786034387259048,0.7822025230139789,0.7876185050465127,0.7789689970869746,0.7858884207375981,0.7806368950698024,0.786894079797363,0.6475369852494259,0.6457349228775654,0.7937496728262575,0.7916546460699205,0.7943456096545984,0.792515281744655,0.8259606371551553
0.782924148039575,0.7877860336006419,0.7868341682184165,0.786813291351613,0.7829171868497712,0.7853436329678036,0.7854576515495291,0.787584423946269,0.5727205318849613,0.5311256839711354,0.7912893262838298,0.7852028639618138,0.7842540574282146,0.7889651122440811,0.3019072061582752
0.7870910328220698,0.7870343785399522,0.7881874688557267,0.7863639047434701,0.7867665418227217,0.7857173671859154,0.7876304620558953,0.7866833101869236,0.45926251793495065,0.4550413045312709,0.7855310684185729,0.7854651315271839,0.7864648356221391,0.7848810826682329,0.302872545651542
0.7900643877924932,0.7894298533650459,0.7883343386923338,0.7873057134807936,0.78854556803995,0.7881079437779871,0.7886928436056913,0.7883603706685302,0.3930865525565951,0.37954237423880727,0.7942208030152332,0.7891893309554407,0.7928890969621307,0.7917144916317436,0.2285445136538799
0.7904727006229388,0.7888107797669641,0.7861994807102206,0.7846989526661102,0.7872607157719518,0.7848552889162166,0.7885380241838617,0.787111631322552,0.46381065044606135,0.4729510326963564,0.7875726325708005,0.7794854310367436,0.7783499791926758,0.7846141526305959,0.6597683496114547
0.7869915720043972,0.7846551964224927,0.7834666526790631,0.7824628037487846,0.7836038285476488,0.781923917121839,0.7845340736193046,0.7822395971889913,0.46308998798377726,0.5894197967454825,0.7763440297335497,0.7779905059141337,0.7760611735330838,0.7724955289218698,0.8223573248437346
0.7852431555253101,0.7839525455777934,0.7858532875239319,0.7873538818945756,0.7844361215147733,0.7840877855025049,0.7854469743480236,0.7860029367552195,0.44786094136922755,0.46820052219216385,0.7825472438883946,0.7971360381861574,0.7884155222638369,0.7935296158876759,0.2257619730855266
0.7843061299272366,0.7829170105279305,0.7842534553751738,0.7840579115241814,0.7825062421972534,0.7816636700131833,0.7838720871259646,0.7830041733561254,0.46707943609250463,0.44512202121741834,0.780845940428205,0.7774659707833931,0.7768154390345401,0.7770066465579373,0.3989650192679275
0.7780976809925143,0.7763375264658275,0.7811639434551129,0.7806191981344998,0.7754369538077404,0.7736233316803105,0.7793129220831222,0.7783090043765943,0.4990705692704923,0.4262480739928851,0.7631785583416216,0.7737417713551367,0.7575426550145652,0.7689186664175323,0.3885001795438187
0.7753075433178035,0.7754323323763005,0.7796113194681213,0.7776535691235952,0.7742457344985436,0.773213515335771,0.7766809919120201,0.7760241701760912,0.42828118271964566,0.3861058549476639,0.7736219441972464,0.7717223111017859,0.7723938826466918,0.7714545017750849,0.3058214168572215
0.7739674396691618,0.7735027254143142,0.7792546355792178,0.7771714082389355,0.773423845193508,0.772792919226483,0.7763713530683609,0.7743318916852523,0.321895796187453,0.3542140340260329,0.7696435114903418,0.7762070864696162,0.7719517270079068,0.7709473347035745,0.2904303921827709
0.7711930063340835,0.7718935093472106,0.7755199454483463,0.777601801336557,0.7695224719101124,0.771498164766608,0.7723086778955237,0.7739600077979981,0.3543455044870409,0.36547952754517726,0.7686750772130032,0.7784625875318001,0.7689086558468581,0.7732162400234901,0.3880105145834661
0.7696016332513217,0.7722253645696057,0.7741718901623436,0.7753097656754978,0.7689866833125262,0.7723776085266083,0.7708405626885195,0.7725286953729708,0.33394839397665455,0.3426461739354501,0.7728890750143956,0.7707256943533793,0.7741364960466086,0.7696660705229161,0.2969794667159958
0.7693084855781814,0.7687211830383771,0.770877809541294,0.769296966533628,0.7683000416146485,0.7662882211927978,0.7692283052611912,0.7686382566756107,0.32252039104799174,0.3388841709238017,0.7617128199759199,0.7572713682498886,0.754109446525177,0.7608573792808908,0.3313601649005047
0.7461027063811967,0.7316784714296923,0.750106218363975,0.7354860960941488,0.7450426550145652,0.7295611306772903,0.7470197261297816,0.7325627064897526,0.3579820829259268,0.38696607269816674,0.6575930482123228,0.6678643552151904,0.6561069496462755,0.6604116061180365,0.4831298762468968
0.7265769774380987,0.7117906032114122,0.7288415641637599,0.7136186692189463,0.7251716604244695,0.7105730051373363,0.7283186076929239,0.7141890518329305,0.4333917304137901,0.4804702583394736,0.6720148667748519,0.6698838154685411,0.6725967540574282,0.677441742519286,0.6674786296220874
0.7022614249070827,0.690226173660249,0.7016444176348711,0.6899047311084162,0.6998335414065752,0.6877880236773531,0.7024157168406162,0.6906932964759376,0.47297935479257625,0.5156297177187813,0.6470973145579227,0.6424768548873561,0.6422180607573866,0.643701785761952,0.5859486364773968
0.6815840443909333,0.6833181732513823,0.6834745207060242,0.6865618906419927,0.6795255930087392,0.6827242671373782,0.6831540453247206,0.684914768631771,0.48093617722451665,0.4560076714377536,0.6695021724336491,0.6798762097091453,0.6725967540574282,0.6733577129434376,0.3367635788756981
0.6678689211118672,0.6865911833611179,0.6652993784258701,0.6798398127110342,0.6627861007074489,0.6786201730978276,0.6688465953073701,0.6863832221525602,0.5557566722680192,0.539159327664508,0.6931372035805893,0.6663956568491174,0.6704119850187265,0.6893201291941384,0.705462640118017
0.6700570591006647,0.6805720349595155,0.6673975189488317,0.6793448944173556,0.665803162713275,0.6761442019570203,0.671088807623522,0.6814630373346389,0.5476033620551626,0.5068939935038766,0.6685337381563105,0.6783550578299982,0.6711922596754056,0.6716226676987962,0.4423633251826139
0.6708475108621682,0.6790370651671335,0.6676965039733537,0.6766895098086207,0.665803162713275,0.674961719323823,0.6694658729946882,0.6774177146814649,0.4966533343074815,0.4755054926304784,0.6759671255823693,0.6713787405911511,0.6725967540574282,0.669327069375117,0.412728490883682
0.6760194733811442,0.6770104191623566,0.6764142778462587,0.6798149146230411,0.6725759467332502,0.6753351398349693,0.6768705122387424,0.6785201371150508,0.43473325695596277,0.40911974499358655,0.6729571271528031,0.6860657242518817,0.6760819808572618,0.6807249819822225,0.2763482497198028
0.6808354708684499,0.6825343327316302,0.6813029452647591,0.687983125349243,0.6776113191843528,0.6828146319942935,0.6818407495395459,0.6850830578925189,0.41171465124196127,0.3466366800976213,0.6935821598701776,0.704319546801647,0.697773616312942,0.6982088994474549,0.2216705503056908
0.6821232267183165,0.6882148827643942,0.688887723255265,0.693428599166711,0.6843736995422388,0.6899510502655811,0.6873715399193873,0.6957133989594612,0.4007753805784885,0.44801321566529867,0.6995759828299221,0.704319546801647,0.7042238868081565,0.7169740810933456,0.6507662868006534
0.6796314714966236,0.6775015758588782,0.6838626767027721,0.6800290078003185,0.6800613816063255,0.6765109235090003,0.6829618556976217,0.6803336815029638,0.4878744965389236,0.5912951121051289,0.656074962047846,0.6532298250675339,0.6496306699958385,0.6495742465899688,0.8778589049847892
0.6718787624980369,0.6640689107690642,0.6781347530750871,0.6675990460177877,0.6721129837702872,0.6619588706317459,0.676480794383792,0.6658630419372987,0.4983583010646714,0.5492459125742263,0.6372035805894362,0.6427391224527261,0.6328547648772369,0.6369217628059687,0.4651475135124212
0.6685127990368006,0.661421710461583,0.6696635107136301,0.6596358681600571,0.6658395755305867,0.6562108936407506,0.6705122387422258,0.6608694292163294,0.6397595511870877,0.6939487751601122,0.6561273098466208,0.643709512444596,0.6447149396587599,0.6508822037743909,0.983354500331884
0.6525310160707742,0.6455055553210708,0.6512890450837945,0.6439063183241945,0.6485174781523095,0.6411949722343525,0.6534020233296854,0.644798893605804,0.713902598644172,0.6600944459704458,0.6136732450400461,0.6124472186524692,0.6111631294215563,0.6126578223847532,0.5923857875911126
0.6510862168245825,0.6611210324137017,0.6487345589970888,0.659786584338836,0.646135039533916,0.6582338793949644,0.6480313909724262,0.6599062355062192,0.7180931980096285,0.6639693918562757,0.6923519865989635,0.6915471163681188,0.6923116937161882,0.6901209193070497,0.6717192836279354
0.660545464063236,0.6752044210228391,0.6600015736053921,0.6763793555955742,0.6567623803578859,0.6730783776352057,0.6592424525531859,0.675147341835402,0.678831395140969,0.6698295581180145,0.7033711982411138,0.7095648981090508,0.7027673741156886,0.7056295544937674,0.6815498906414921
0.6737266397947965,0.6845061004309723,0.6758582706076739,0.6915937728850944,0.6716760299625467,0.6845265893903175,0.6751247897925955,0.688876044224607,0.6961664674326166,0.630493997068896,0.7031094592472386,0.7220226074641349,0.707423012900541,0.7163334490030167,0.5518228749706588
0.6871695545202323,0.6974513614452481,0.6914736814498152,0.7016580374751635,0.6876508531002912,0.6978807447093724,0.6884766302752051,0.6984644982122176,0.587553804852191,0.5670930605225161,0.7233418834738,0.7217865666553018,0.7245890553474823,0.7176414061874385,0.4402911874297563
0.7065015966078626,0.7017453927895644,0.7103936636156206,0.7034544014772747,0.7077559300873907,0.7024833345919328,0.708854069348424,0.7038246713917609,0.5413549262626749,0.4985258385628546,0.7103334554781972,0.7070471294814968,0.7116885143570537,0.7145450177508477,0.3613913946435316
0.7098989687483641,0.7042765442935331,0.7133415510503817,0.7043984521654908,0.7111891385767789,0.7048148017823316,0.7125163494648055,0.7053605542241597,0.5103387704279669,0.5045633938600352,0.7093388473014709,0.7062865535419234,0.7094777361631295,0.7084323198889573,0.5166385044543965
0.7122389153536093,0.7078746732848021,0.717296545936164,0.7127122589563148,0.714107365792759,0.7089960379200839,0.7160291487601101,0.71130488647287,0.4261394037279825,0.42322661495387986,0.7150709312673401,0.7293398725379632,0.7173585101955888,0.7231935509702909,0.2605530571415691
0.7175312778097681,0.7151068726992121,0.7191534002989849,0.7189104657302897,0.7185393258426966,0.7158582963301322,0.7178656274190536,0.7160418717478247,0.41792951000859624,0.45240887876049585,0.7295712715280324,0.7313068792782396,0.7295828131502289,0.7255158422977339,0.5107734063737278
0.7178715385018061,0.7184189774441379,0.7203598310996877,0.7218798840397985,0.7190334997919268,0.7195921725846324,0.7187785281477727,0.7180965511088943,0.39073647164528974,0.4030479177114052,0.7250431869339894,0.727818720658816,0.7270599250936329,0.7222059098310336,0.3043259956132237
0.7209129456106371,0.7207928153035428,0.7241627107975555,0.7232737653501443,0.7226123595505618,0.7229223861064978,0.7209726930571498,0.7205696481718409,0.41836476775113196,0.4352095701985177,0.7255404910223525,0.7260615279708358,0.7295828131502289,0.7255158422977339,0.4995328751727428
0.7251531173114171,0.7240417788041521,0.7263133048335912,0.7211956848074633,0.724989596337911,0.7224028974376235,0.7243360115313778,0.722129402867926,0.45071654305864933,0.5162721737963396,0.730539705805371,0.7170395237221012,0.7213639200998752,0.7252489122600967,0.6783973809919834
0.7271056902057269,0.7243057844490645,0.7278082299562012,0.7264019559219802,0.7275280898876405,0.7249522576064945,0.7264821290339804,0.7260609814063853,0.5089384840905522,0.5280690366312542,0.7248337957388892,0.7368144981510136,0.7300509779442366,0.7339241384833037,0.5516627623010832
0.7310998272522641,0.7327178418862824,0.7316688085184504,0.7344712279778154,0.7310965459841865,0.7324432029486493,0.7308063956437019,0.7330863793863708,0.5855998084865932,0.6500727005388137,0.7495419567607181,0.7506097720894855,0.747425093632959,0.7471371753463418,0.8940800283539329
0.7359001203999371,0.7381601121483067,0.735324818379711,0.7383470753069163,0.735616937161881,0.7381827622931348,0.735184048260951,0.7367556438966734,0.6360116711254676,0.6188435699617411,0.7490446526723552,0.7460987699651185,0.7496618809821058,0.7440941729172785,0.5563853088075958
0.7382505365649374,0.737870932047989,0.7374754124157465,0.7378362162549488,0.737203495630462,0.7379603766931343,0.7368176600912902,0.7357317297475924,0.6602188413749792,0.6194186221145942,0.7372925718473536,0.7368144981510136,0.7375156054931336,0.7336839014494303,0.6205687264203004
0.7404020310945925,0.739013014183208,0.7439376852264681,0.7416744400952021,0.7407771535580524,0.7383843210413654,0.7411472653017646,0.7394534659358843,0.6263029362798209,0.5825516999151269,0.7412971784536461,0.7493508877757089,0.7392322097378277,0.7468969383124684,0.5088178555161923
0.7434015599644034,0.73928582281812,0.7450392090010228,0.7418903324047307,0.7435081148564295,0.7401581421729508,0.7421135520380109,0.7392208346787682,0.5801690354532976,0.4953655526662401,0.7398314400879441,0.7423221170237877,0.7437057844361217,0.7387555721645358,0.3209932581684665
0.7420980997749044,0.7405321004831543,0.7423221170237877,0.7402683256709238,0.7425041614648358,0.7409072036736304,0.7408429650588582,0.7397419699360381,0.49708890294840485,0.48980349038731646,0.7430246558132229,0.7370243122033098,0.7424053266749895,0.740784240450578,0.4786793658294691
0.7423022561901271,0.7437098785715924,0.745275249809856,0.7471336950791025,0.7436953807740325,0.7458107949584503,0.7439019832901798,0.7462910679819875,0.45586999473027223,0.44329924949718874,0.7500654347484689,0.76086443389546,0.75561797752809,0.7593892640738864,0.3502907677169332
0.7438046380149714,0.7440747460382533,0.7472789740092842,0.74703350310212,0.7445276737411569,0.744432886748552,0.7454768705122389,0.7447134911745671,0.43296611052126777,0.46421593478988504,0.7448044809715751,0.746833119148155,0.7416770703287556,0.7415583375597259,0.5060493053752776
0.7438517510338689,0.7432274118748802,0.7439219491725458,0.7422109232654188,0.7429879317519766,0.7401330910963436,0.7433841390171638,0.7419534210620756,0.4653999630030919,0.5331396625016943,0.7415327435481339,0.7325657635920166,0.7315334997919267,0.7364332808370928,0.6709871179253128
0.7412971784536461,0.7378378003121965,0.7418238086495842,0.7387510869799391,0.7401113191843528,0.7365296345968965,0.7408856738648802,0.7367233628424231,0.5454497689247734,0.5958405375934209,0.7270585771868293,0.7318314144089799,0.7293227215980025,0.726263246403118,0.7212422877768744
0.7402031094592473,0.737743303821874,0.7405859057410369,0.7361123238734839,0.7388368705784437,0.7363641176130787,0.7394656060646506,0.7357102090447588,0.5394230036825913,0.5467422049351335,0.7375543108412291,0.7308347976605734,0.7360330836454432,0.7336839014494303,0.4485455396185587
0.7346018949903156,0.7325153233491863,0.731076083820714,0.7285133240136042,0.7313878485226799,0.7303670341584764,0.7314630435362893,0.7302656231738659,0.5554899214515222,0.5080365888106183,0.7220593624038109,0.7133153242938446,0.7183728672492717,0.7193764514320797,0.4306253565615882
0.725111239072397,0.7207939493601182,0.7249232867371292,0.7243652605858134,0.7236059092800666,0.7211671474775471,0.7250940928382672,0.7234149434724491,0.6401012285149783,0.6483930061045979,0.6973512013819819,0.7160691337302316,0.7027673741156886,0.7097135840696154,0.9291058406925572
0.7208134847929644,0.7205439569570692,0.7253271787877993,0.7277719150056646,0.7222170203911776,0.7223077834341921,0.7237754584523397,0.725556665284118,0.6962864742102014,0.7495664528702082,0.7200439721509709,0.734585223845367,0.7245890553474823,0.7298401089074555,0.9519133464014288
0.7228602837250693,0.726126828587164,0.7268798027747907,0.7317127881184223,0.7249895963379108,0.7292670560666843,0.7257614179323602,0.7291021247904851,0.669473353676451,0.6954365302828464,0.7372925718473536,0.7395945343439376,0.7431856013316687,0.7361930438032194,0.5871766851081226
0.7240067005182432,0.7318466839938088,0.7291772666474337,0.7352492310868776,0.7269766957969204,0.7348342310246198,0.727485785975496,0.7335033304153601,0.7405963341971126,0.7316778342625198,0.7432863948070983,0.7423221170237877,0.745968580940491,0.7423057416651098,0.8041604422218663
0.7274564204575198,0.7343337766959371,0.7337721943927195,0.7355961417313428,0.7310965459841864,0.7362135267449469,0.7311534046926301,0.734907068616157,0.7400096689398519,0.6303492329334415,0.7393079621001938,0.7362899630202733,0.7389721181856013,0.7377145450177509,0.4276920302752849
0.7335968172538345,0.73224024625181,0.7385297280285348,0.7370163617906645,0.7367977528089888,0.7345668205765313,0.7362944772175215,0.7350776946421286,0.7385764273733593,0.7275460329089922,0.7280531853635556,0.7398568019093079,0.7312734082397003,0.7354189466940717,0.921939632860094
0.7374025022247814,0.734517629836442,0.7396837053161636,0.7381292779549469,0.7402153558052433,0.7369369038272727,0.7377198836185037,0.7357075100655415,0.6197557271369211,0.6043006370124074,0.7390723970057059,0.7403551102835113,0.7416770703287556,0.736967140912367,0.3578098452192377
0.7380987279484897,0.7366029867129265,0.7420808308636471,0.742612905997083,0.7409592176446107,0.7402595727276838,0.7396577956917494,0.7390992081001769,0.6746093950383726,0.690015432880065,0.7407737004658953,0.7515801620813554,0.7469049105285059,0.7458826041694475,0.8614450246153798
0.7330000523477989,0.7303329967431654,0.7416874295155917,0.7418603074258924,0.7364336246358718,0.734619920450721,0.7382804366975417,0.737872454298142,0.6563319897341351,0.6976014271536032,0.7177930168036434,0.7403551102835113,0.7233406158967957,0.7354189466940717,0.7127734157006794
0.7265036905198137,0.7224973821488664,0.7350415694091111,0.7289270924465517,0.730175821889305,0.7256409817847365,0.7319168246002725,0.7272137977092296,0.7391515893902815,0.7456642942877411,0.7068261529602681,0.7030606624878701,0.7076831044527674,0.7058964845314044,0.8417900285560168
0.7001151651573051,0.6803684409495818,0.7029190380025703,0.6790327765899021,0.7002600915522263,0.6776589067079266,0.7031310893414838,0.6819726219395292,0.7479960267186073,0.8191634693590685,0.5961105585510128,0.579244144876603,0.5816947565543071,0.5914902704001284,0.9661618195017232
0.660058629534628,0.6331755335971615,0.6657557239896141,0.6375346977995118,0.6604660840615897,0.6326749487638085,0.6649654325601262,0.6366947002948792,0.7774915785399278,0.714538181014659,0.5387897188923206,0.5545385402187311,0.5427070328755723,0.546138857005579,0.5052876043258401
0.6295712715280322,0.6182293258757464,0.6348133966272391,0.6239793069561679,0.6295203911776945,0.6191754478788825,0.6335851373355046,0.6207901762120326,0.7182324804872399,0.6647419654604194,0.5883369104329162,0.5968685252694801,0.5921764461090304,0.5889811280463393,0.56514953435194
0.6065958226456578,0.6131248080477546,0.6094888405150934,0.6205636478783729,0.6057324178110696,0.6142505482738118,0.6075647972666365,0.615632532924599,0.6989906683848983,0.6486827620366035,0.602915772391771,0.613732329722783,0.6044007490636705,0.6053172463497318,0.6165643551889717
0.588881327540177,0.6148344311761244,0.5912717354244801,0.6177008109305162,0.5873803578859759,0.6148079671249742,0.5894509249125806,0.6155307295367741,0.6991283963705721,0.7132813975191975,0.6182536774328639,0.6119751370348028,0.6159228048272991,0.6153271227611243,0.8424786684843858
0.6019525728943098,0.630378549224642,0.6087020378189829,0.6339324262367166,0.6039637952559301,0.6314092925513423,0.604318928008969,0.6322972483185395,0.6954961705091115,0.7915211617442717,0.6614667853216772,0.6663956568491174,0.6646119434040783,0.6658302858820704,0.9480006901944202
0.6252368737894571,0.638656107272447,0.6291589079178578,0.6415625810621796,0.6269975031210986,0.6402313857680332,0.6253903851800444,0.6386968798326784,0.7294736334849998,0.7527390808979416,0.6552112233680573,0.6568228907131055,0.6578755722014149,0.6514961428609563,0.6751749192052815
0.6419358215987018,0.6497146213413445,0.64689344068819,0.6562221170818335,0.6441375364128173,0.65277979470123,0.6432746977017325,0.6519321501067121,0.7310194202677767,0.6927855433539025,0.6718316494791393,0.6855411891211414,0.6778766125676239,0.6784026906547795,0.5728784682658242
0.658022300162278,0.6609258026307806,0.6605995436544362,0.6649023595725604,0.6598990844777362,0.6629226929302415,0.6578437391559674,0.6606755846114435,0.7519071284336782,0.7021913275754282,0.6833481652096528,0.682262844554014,0.6832084893882646,0.6781624536209061,0.7210028960184797
0.6687378945715332,0.6645610849135668,0.6724907550683207,0.6670786377497819,0.6712806908031628,0.666225407438305,0.6683073966313431,0.6629988597869633,0.6549217546483195,0.587311484902816,0.6718316494791393,0.671431194104225,0.672830836454432,0.6676454101380029,0.3575517995575916
0.6696435114903416,0.6650390132476178,0.676482467413255,0.6735038313577842,0.6728776529338327,0.6683491896446795,0.671297013052879,0.6689253625212256,0.567179389924094,0.5613039454596418,0.66599486991572,0.686354218573789,0.6725967540574282,0.6807783679897501,0.5092888665732934
0.6756373344500863,0.6717527882206719,0.6850166539904009,0.6821671621048013,0.6791354556803995,0.6752876550745359,0.6799775778768385,0.677583230674402,0.6118209784904949,0.6736635843188564,0.6851803381667799,0.6994938235988355,0.6891645859342488,0.6948989669807544,0.8983828620372859
0.6815840443909333,0.6816902585415727,0.6883107346114505,0.6887819721453307,0.6844517270079068,0.6850110931180774,0.684056268851934,0.6846542022930202,0.6062701986796145,0.6308172459497116,0.7015651991833743,0.7020115922263892,0.7044579692051602,0.6987961455302567,0.5451245692114217
0.6849761817515573,0.6878964563653062,0.6922604841459256,0.6931918455056835,0.6881970453599667,0.690652422461573,0.6877185489683155,0.6885940862629513,0.5664068074310932,0.5944401438917655,0.7003088520127728,0.7020115922263892,0.7019350811485643,0.6964738542028137,0.5216859397758733
0.6853687902423703,0.6831958682212722,0.6943848514254242,0.6894789071710283,0.689107365792759,0.6862290945138465,0.689159971171556,0.6840135645600359,0.5920755110003622,0.558258535062489,0.6737946919332042,0.6820530305017178,0.6773824386183935,0.6748525211542056,0.4858953174039362
0.6946605245249436,0.6929484259237104,0.699436124734454,0.696856133153665,0.697279442363712,0.6953051086466288,0.6952940234364575,0.6931585861447763,0.6902177376857035,0.7055056900416593,0.712453541328587,0.7116105851189385,0.7134571369121931,0.711448629314257,1.0
0.6993037742762916,0.6980978129236468,0.7000445854861128,0.6987494645548199,0.7006866416978776,0.698936933299445,0.6974081093345437,0.6972621895869127,0.5977947977372814,0.6157598474594983,0.7083965869235197,0.7025361273571298,0.706200582605077,0.7054693964711851,0.4362681622951762
0.6962309584881955,0.6941322486967292,0.6963098953552415,0.6936123568938907,0.6973730753225136,0.6952546679757431,0.6939059872407445,0.6919366380783619,0.5916318590013632,0.5819431901502757,0.6862011202428938,0.6833381415720319,0.6878901373283397,0.6812855350612605,0.5143098755318305
0.6930010993037743,0.6908080178280417,0.6959112486558787,0.6957476908391191,0.6945796920516022,0.6928258335818311,0.6933400955609537,0.692505890653528,0.6293382372372325,0.6247014037519237,0.6841595560906665,0.7000183587295761,0.6879681647940075,0.6936443958038601,0.7102178309552196
0.6986598963513584,0.6945682376090695,0.6981929764745995,0.6949856837578533,0.6988399916770703,0.6947785346364656,0.6985879401008998,0.6953678417203305,0.6800899118136723,0.663018832596661,0.7020886771711249,0.6934616695953213,0.6986839367457345,0.7010917438539359,0.7396536902861353
0.6961838454692979,0.6964032540454747,0.698004143827533,0.7002125964664373,0.6959893882646692,0.6962537297077062,0.6975522515548676,0.6990019566749192,0.6073219679246133,0.654065981916009,0.700073286918285,0.7106664218836056,0.6992041198501873,0.7062701865840966,0.6361602805547049
0.7004763649688531,0.7075552308374148,0.703370138215007,0.7099304307424582,0.7014044943820225,0.7085945242024186,0.7018765181645893,0.7083648809565437,0.6383726334803363,0.6332178179686032,0.729859184421295,0.7293660992945004,0.7332761131918435,0.727090729519793,0.5915214900737916
0.7088048997539653,0.714318085281095,0.7121613470062158,0.7157183490043307,0.7100395339159384,0.7160847944675854,0.7103115073539227,0.7133967476403384,0.6111124410653244,0.5481481831313256,0.7278437941684551,0.7272941855280757,0.7310653349979193,0.7234604810079279,0.3780089134567703
0.716683243469612,0.71739581507703,0.7195887644574996,0.7228640479982188,0.7179931335830212,0.7199685840215307,0.7179296906280865,0.7195096024851187,0.5486448716533731,0.4980587833860382,0.7235512746689,0.7371554459859948,0.7277361631294215,0.7317353121746792,0.3978799838954635
0.726425168821651,0.7285299780284599,0.7314170316556952,0.7327770338609122,0.7283291718684978,0.7301004320720595,0.7278648266289407,0.7299288762761481,0.5252220980355885,0.5395524629897629,0.7507983039313196,0.7526030055862991,0.750364128173117,0.7507674238582069,0.622539822197212
0.737025598073601,0.7367117964116515,0.7381887801935534,0.7366930774315739,0.7379005409904286,0.7357539432013204,0.7362037210047248,0.7359408036717712,0.5118814482268685,0.5495206524968772,0.7530754331780348,0.7445251645728972,0.7470609654598419,0.7479646584630171,0.5694570315111059
0.7397005705910066,0.7388858799438754,0.7410684780613181,0.7390502478321572,0.7399604660840616,0.7383612083542164,0.7389851319969039,0.73762646394141,0.5089714393196298,0.558670916843784,0.7432340470083233,0.7437645886333237,0.7435757386600084,0.7409977844806879,0.5769714455375976
0.741773543422499,0.7386601394045561,0.7434079047444202,0.7390306048693002,0.7415054099042864,0.7385041569358252,0.7409497370739132,0.7361788114252649,0.5339014483201382,0.54000026404896,0.7382086583259174,0.7389913189435862,0.7387900540990429,0.7332835063929746,0.5026589584593119
0.7453488980788359,0.7395827755865653,0.7448346403000341,0.7407834445008881,0.7447253433208489,0.740281381361295,0.7427007981208128,0.737616080086569,0.5904215315787263,0.5868269760954414,0.7414280479505836,0.7442891237640641,0.7438358302122345,0.7404906174091772,0.6804804001884044
0.743375386065016,0.7400320983451171,0.7435705106349497,0.7426164154208846,0.7432636287973367,0.7412061060927151,0.7411472653017646,0.7394106399787015,0.5308829358756529,0.49950026529090935,0.7409307438622205,0.7462823572608774,0.7430555555555556,0.7429997597629663,0.3248468436818452
0.740035596503167,0.7388135606863414,0.7415982585433659,0.7399655783189157,0.7412089055347482,0.7397331871107765,0.7400421749459468,0.740420162213777,0.49382509167616184,0.4610561136984898,0.7363764853687903,0.7346639041149781,0.7367873491468997,0.7424392066839283,0.3841678105136507
0.7375071978223315,0.7360730583256095,0.737963230087335,0.7351735343303337,0.7372451102788181,0.7344077122006368,0.7372127165469932,0.7358969389711579,0.4976043724749221,0.505993358976126,0.7305920536041458,0.7255894463531694,0.7237567623803578,0.7268504924859196,0.5958678495313984
0.7357326074438569,0.7338272743615879,0.7373495239843688,0.7354232856964741,0.7361943404078235,0.7341172097151145,0.7367963056882793,0.7343317766805736,0.4905336104474293,0.4930972887580334,0.7293357064335445,0.7359227884287551,0.7335362047440699,0.7312014520994048,0.4673051483218482
0.7288698110244464,0.7249228715255689,0.7293084004301187,0.7249766924619206,0.7286985018726593,0.7248636856555474,0.7296372420788513,0.7244529509077283,0.4402221679877257,0.4717059218019843,0.7071140658535308,0.7040835059928139,0.706356637536413,0.7046952993620375,0.428923187889886
0.7201434329686436,0.7157148655447815,0.7217708306013795,0.7195159643470075,0.7205212234706616,0.717298844952221,0.7215172303339296,0.7171018676179383,0.4411747606471038,0.42434055019423483,0.6972988535832066,0.7085945081171812,0.702169163545568,0.702399701038358,0.3296098069787361
0.7144427576820394,0.7131009466751107,0.7155498439507986,0.7141969665186961,0.7144038701622971,0.7135994241698397,0.7136641486266451,0.7124591777944608,0.4239118167813622,0.38217806385780406,0.7078731089357692,0.7035589708620735,0.706200582605077,0.7031737981475057,0.2978530911849426
0.7104538554153798,0.712283145207023,0.7152403682236619,0.7174786669182925,0.7130461922596755,0.7147224070689763,0.7118116541654433,0.7141687919229441,0.3736224481071728,0.36959237795868655,0.7106475422708475,0.7240420677174855,0.7169683728672493,0.717588020179911,0.3444210061604515
0.708129613149767,0.7140935951731756,0.7106401951270687,0.7159597522607916,0.7100395339159384,0.7159825757211126,0.7089341483597151,0.7150505023055506,0.32729330309328347,0.32494805972325813,0.7177144951054807,0.7129219229457893,0.718502913025385,0.7168139230707633,0.2356594232524013
0.7110558551012929,0.7166441553191706,0.7120984027905269,0.7144313496105626,0.7108146067415732,0.7140657177022703,0.7113578731014603,0.7156383092272881,0.35794197703393604,0.41068755901322174,0.7217452756111605,0.7113745443101052,0.710232001664586,0.7168139230707633,0.582166557593149
0.7124116630895669,0.7124554013876394,0.7097747121613469,0.7086129180641357,0.7103620474406992,0.7093459341485797,0.7114112591089878,0.7113144165101906,0.3712095657215873,0.4057742894811453,0.7040778935245772,0.6969760549712816,0.6999063670411985,0.7026666310759953,0.3959477504169924
0.7105533162330524,0.7078307258094916,0.7116997560911642,0.7101366755464769,0.7101175613816063,0.7078900068689241,0.7126498144836241,0.7106651360136894,0.4019365860558963,0.42101225727292607,0.6985813746531958,0.7131841905111593,0.704978152309613,0.7093665750206872,0.4514881928564877
0.7106527770507249,0.708935432659398,0.7070943376432636,0.7070961088569788,0.707313774448606,0.7062431506466984,0.7104396337719885,0.709289129549704,0.49061506582496095,0.543279306517209,0.7111448463592106,0.7010149754779826,0.7029494382022472,0.7065371166217336,0.7878134050057749
0.7063654923310474,0.7047163122752963,0.704566078313095,0.7048242813363013,0.7034019975031212,0.7038101098637859,0.7082988548701387,0.7082294292203075,0.5361716283458495,0.5166669496304206,0.696278071507093,0.7002806262949461,0.6989440282979609,0.7061100285615143,0.4634422358568437
0.7016803643406794,0.7025840867366377,0.70320228697317,0.7047347167610276,0.7022992093216812,0.7041127601616527,0.7049729066011801,0.7055476800555281,0.5142495612446505,0.5019633737826651,0.6983196356593205,0.7045555876104801,0.7047180607573866,0.7001841817259697,0.4725562220871541
0.7014343296864366,0.7026719645755463,0.7038107477248289,0.7031625974172103,0.7033135663753642,0.7044012242109728,0.7040920374769775,0.7031192151886797,0.5519149008933664,0.5294003987419674,0.7028477202533633,0.7000183587295761,0.704978152309613,0.6982622854549825,0.584274448660572
0.7035020677380516,0.7047546646874543,0.7053738624144351,0.7091083195978706,0.704967748647524,0.7073505040307859,0.7055281210794652,0.7075951411368285,0.5308300831497736,0.4682883005408196,0.7089200649112705,0.7209997639591912,0.7132490636704121,0.7165469930331261,0.3460641041385239
0.7062817358530074,0.7115175054362993,0.7116000944163234,0.716787591561055,0.7106325426550146,0.7153248054337574,0.7098737420921978,0.7144851679863512,0.4890938400147986,0.5052362634708464,0.7250431869339894,0.7321461354874241,0.7312734082397003,0.7282652216853964,0.5791321893308999
0.7138041145369838,0.7189749919331913,0.7183246347924153,0.7224928370991716,0.7183572617561381,0.7227390782236979,0.7152123428449405,0.7205911227659767,0.4843010304727054,0.48331690502935665,0.7338899649269749,0.7339033281754044,0.7375676238035789,0.7328030323252277,0.4394781881463772
0.7203632937234989,0.723021838486093,0.7245508667943035,0.726890807272755,0.7248751560549314,0.7275952295662494,0.7213143635053254,0.7239588435199492,0.5002886691528173,0.5063760751821423,0.7311155315918966,0.7356867476199218,0.7373075322513525,0.7306942850278944,0.5524944154877139
0.7257132387583102,0.7252137074665352,0.7321356447848094,0.7305746210758718,0.7304307116104869,0.7293154630732966,0.728169126871847,0.7268179297758297,0.4487246170897734,0.44640211290321224,0.7295974454274198,0.7379422486821055,0.7327559300873909,0.7325361022875907,0.3264541883453521
0.7303041407108831,0.7274339965357352,0.7362270188045844,0.7342019587366032,0.7348366625052019,0.73130324809686,0.7319221632010252,0.7296493447435587,0.4697764796042884,0.4480425475058412,0.731874574674135,0.7414566340580662,0.7352788181439867,0.7353121746790168,0.4513234167110992
0.7334816520965293,0.7319329123112303,0.7390542631592751,0.7382287582446946,0.7365688722430296,0.7341803177075196,0.7344686757600835,0.7334321579892684,0.484748102353967,0.5166917993636585,0.7409307438622205,0.7462823572608774,0.7399344569288389,0.7409977844806879,0.653990303079293
0.7360519290163848,0.7368690580495709,0.7431508825303574,0.7436146471734019,0.7396223470661674,0.7403985444447688,0.7381149400742067,0.7392995566247936,0.5587450275689144,0.614282137649477,0.7467413495262524,0.7543864250308163,0.7528349979192677,0.7510343538958442,0.809462814221114
0.7418991781395592,0.7446966311023034,0.748758163077972,0.7503174815682664,0.7452923429047026,0.7488182001111886,0.7441422203240533,0.746476599842238,0.5270473824687507,0.5408568217619499,0.7603517772077683,0.7637231503579951,0.7656575114440285,0.7608306862771268,0.3940061899868956
0.7491755221692927,0.7517908092602315,0.7547168821631828,0.7561236024148972,0.752621722846442,0.7556797433394884,0.7503883832047622,0.7522400387918705,0.5552704271899292,0.5164276851583817,0.7659791655760876,0.767735844108159,0.7694028297960882,0.7637669166911354,0.4675694119512449
0.7542166151913311,0.7535538861015967,0.758005717432925,0.756716005078857,0.7571889305035373,0.7564914477028134,0.7540506633211438,0.7527012176148885,0.6083550832663606,0.5832006891366729,0.757080039784327,0.7579008104067768,0.7581148564294631,0.7536235752609244,0.7167466970932554
0.7541171543736586,0.7491804039923503,0.7547168821631827,0.7477567303566269,0.7556543903454015,0.7484148838479291,0.7528654939540349,0.7468247909583067,0.5832254775010608,0.5649145508420468,0.7404334397738576,0.7298381809121666,0.7322617561381606,0.7350719376451433,0.5283422742527946
0.747636496885306,0.7375662900230634,0.7468068923916178,0.7367833122954153,0.747347066167291,0.7360427149081907,0.744873608627179,0.7349081697260594,0.5950831420012839,0.6661934128021075,0.7143380620844894,0.7148364761729917,0.711298377028714,0.7110749272615648,0.8687511367222293
0.7435743077003613,0.7383911371097237,0.7410579873587032,0.7361817499280843,0.7421868497711195,0.7373139530931843,0.7405279876144464,0.7363063068885275,0.7087252077967097,0.7648677815227464,0.7400408312830445,0.7349786251934223,0.7398564294631711,0.739102581213464,0.9622165189640244
0.7384389886405277,0.7390282814987891,0.7357759185921477,0.7378963333771832,0.7364596337910945,0.7384648853607773,0.7359528067693459,0.737834542080896,0.7537731405556064,0.7408482129304071,0.7403025702769198,0.7413255002753809,0.7407667498959634,0.7408910124656329,0.6928090757457286
0.7272941422813171,0.7264707903286175,0.7269637283957093,0.7298775087263172,0.7262276321265085,0.7279615396093627,0.7270480207137711,0.7282562430482807,0.7544969120017658,0.7340206600616223,0.7013558079882741,0.7138398594245849,0.7069548481065335,0.7090996449830502,0.7203655543240524
0.7247238653614615,0.7268412119439382,0.7248288704135959,0.726306302818078,0.7238035788597588,0.7253548563410455,0.7244267677441745,0.7261593862979071,0.8076107925266245,0.753984332333444,0.7275820551745799,0.7191638910015998,0.7201414898044112,0.7219656727971602,0.7939116768770877
0.7239595874993456,0.7213996988872621,0.726454929318891,0.7251931254452079,0.7233458177278402,0.7199064280170709,0.7255638897045087,0.7230264365530168,0.8248252362439121,0.8209306733251852,0.7105166727739097,0.7229667706994676,0.709009571369122,0.716760537063236,0.9548233553086676
0.7207611369941893,0.7222826588439291,0.7231870754543784,0.7230085355870917,0.7193039950062422,0.7198200572964409,0.7225529188799618,0.7233668667322544,0.820559710367062,0.8609167454100483,0.7240485787572631,0.7186393558708593,0.719647315855181,0.7240477270907295,0.940888889579774
0.718677694602942,0.7248168920028469,0.7233391906422932,0.7293677157963794,0.7183676654182273,0.7252417388495901,0.7218268691775889,0.7279981658060922,0.8143451624988145,0.7945232757415291,0.7298853583206827,0.7420860762149546,0.7360851019558885,0.7372607639537678,0.6617363364044911
0.728503376433021,0.733372667048121,0.7317002806262949,0.7381269136457841,0.7282875572201415,0.7356792616050951,0.7306942850278944,0.7364776852822542,0.83561558657976,0.8052547420706127,0.7504842171386693,0.7556453093445934,0.7565543071161049,0.7534367242345783,0.8267176747287799
0.7363817201486678,0.7445730359496853,0.7417451283799732,0.74854731902052,0.7383010819808573,0.7471892122727267,0.7398179537143317,0.7468464622646183,0.8433821391985349,0.8144179747040624,0.7669737737528136,0.7693881297699914,0.77020911360799,0.7675840162293464,0.832744439970962
0.748495000785217,0.7534097159520088,0.7508720396548559,0.7552319883716402,0.7503849354972951,0.7546024211655881,0.7499933267490592,0.7537767755887034,0.8419059936545636,0.8587595256656456,0.7710830759566559,0.7686013270738807,0.7694288389513109,0.7676374022368739,0.947442627588812
0.7590221431188818,0.7611679074432017,0.7630622360932623,0.763351438268724,0.7628745318352059,0.7637667132919707,0.7607345914635776,0.761769200613576,0.7564692513722278,0.7437414098331282,0.7766842904255876,0.7795903380628917,0.7820952975447357,0.7777540506633214,0.5137051781680934
0.7690886248233261,0.7675178605764358,0.7700018358729576,0.7678289838836262,0.7713691219309198,0.7686971596727994,0.7684648853535491,0.7664835448769258,0.6907524829122473,0.6068784379236153,0.7802177668429041,0.7767840751134307,0.7785580524344569,0.7759122334036253,0.3331524941045893
0.7737632832539392,0.7696310768148686,0.7733116525479294,0.769284120162235,0.7749583853516437,0.7706316478551081,0.7716093211969145,0.7673753310684192,0.6406216724156959,0.5966068326977513,0.7738575092917342,0.7721943927194523,0.7745006242197254,0.7691589034514057,0.5760636222460231
0.7759566560226142,0.7724009304086422,0.7757035327441055,0.7733052570251141,0.7769766957969205,0.7738546538481966,0.7733283506392977,0.770309941859367,0.5565746459255988,0.535240990971993,0.7779406375961891,0.7813475307508722,0.7803006658343736,0.7761791634412623,0.4125093075204765
0.7776422551431712,0.7747709774589085,0.7773400823520155,0.7744648630545529,0.7786776945484811,0.7752143801351691,0.7748818834583459,0.7720083166836161,0.471300192601551,0.5305174476375195,0.779511071559441,0.7767840751134307,0.7779338327091136,0.7754050663321144,0.5210703609685727
0.7776946029419463,0.7754959947790933,0.7780009966167484,0.7772748784985538,0.7784748231377445,0.777169900253797,0.7752982943170597,0.7746175794413744,0.4753847756168611,0.5317209961732278,0.7769460294194629,0.782894909386556,0.7810809404910528,0.7798361049568909,0.5341280932446443
0.7783070721876145,0.7780907008764774,0.7792756169844475,0.779235644649678,0.7788233458177279,0.7782134887806559,0.7764460934788995,0.7769621293651907,0.5519522086998694,0.5931438839553621,0.7832801130712453,0.7831571769519263,0.7803006658343736,0.7816512292128235,0.7159896595196308
0.7798879757106214,0.7793144762199078,0.7818248577198459,0.7811372952319333,0.7804931335830212,0.779758846869168,0.7788911726236554,0.7784361859685226,0.5173448655908545,0.5297715582038909,0.7817620269067685,0.7849405963964438,0.7828495630461922,0.7813842991751865,0.4030269067009484
0.7814165314348531,0.7814041228857213,0.7842272286186367,0.7852113252362312,0.782313774448606,0.7829738546335444,0.7817473240263728,0.7824440974639647,0.5340226986912732,0.5184805298101172,0.7855834162173482,0.7933593852448269,0.7894038701622972,0.7904599204548488,0.4958984730225697
0.7837512432602208,0.784664292152574,0.7864669936268982,0.7861351835424001,0.7849146899708697,0.7856287065291738,0.7845981368283375,0.784849108423289,0.526300915440302,0.5064741681113171,0.7911846306862796,0.7879829001547378,0.7909384103204327,0.7896591303419376,0.482461444713717
0.7852797989844527,0.7846391307819233,0.7855438117967951,0.7835164557736136,0.7841552226383687,0.7828470056289651,0.785164028508128,0.7841212600674742,0.5925036180799846,0.6260299808885641,0.7845888080406217,0.7782790002360407,0.7772836038285476,0.7826655633558446,0.865141606443058
0.78299743495786,0.7803821848340428,0.7851818825565843,0.7827934807660331,0.7834477736163128,0.7808191439940084,0.7840162293462886,0.7813849178461911,0.621105647935557,0.7036865901915399,0.771868292938282,0.7813475307508722,0.776763420724095,0.7759122334036253,0.8589998087974916
0.7832539391718578,0.7812696392149476,0.7850245220173621,0.7832469184107996,0.7837494798168956,0.7819987940123742,0.7839628433387611,0.7812957349433104,0.6461792919911019,0.645256102453918,0.7830445479767575,0.7841537937003331,0.7843580940491053,0.7811173691375493,0.5283951269786739
0.7836099042035282,0.7833008399351984,0.7855805292559469,0.7875444194197834,0.7843112775697044,0.78540348231703,0.784192403171129,0.7847330631677698,0.6209340320256429,0.5533947927010365,0.7873632413757,0.7961394214377508,0.792212858926342,0.7916077196166886,0.3696721731952737
0.7848819557137621,0.7880488560359488,0.787620970914527,0.7910913157624017,0.7864804411152726,0.790863730894111,0.7853935883404961,0.7883770608414377,0.6924496772097489,0.6489430853454404,0.7975448882374497,0.7981851084476381,0.801784228048273,0.795665056188773,0.8400396706342481
0.7904779354028163,0.7962221395192633,0.7943087938314668,0.7979669154485144,0.7936537661256763,0.7982925635562627,0.7908976857165739,0.7956467239730362,0.6115598238449735,0.5861928367700204,0.8125687064858923,0.81171811482074,0.8131502288805661,0.8101860502362332,0.4606923396191805
0.7992200177982516,0.8026743279846617,0.8018620997141284,0.8050159636870694,0.8025332917186851,0.8059153919338881,0.7991351466780559,0.802797662052369,0.4940940187813715,0.4813521523398408,0.8155787049154583,0.8191140601641795,0.8211610486891388,0.8170995382110351,0.2716707834794815
0.8044076846568601,0.8047771794130413,0.807521833774817,0.8074947971259719,0.8070692883895131,0.8062896204236741,0.8045858580466062,0.8046554166950131,0.5505755506399066,0.5911690303170102,0.8089828822698005,0.8124524640037767,0.807038077403246,0.8083709259803009,0.8108027862713489
0.8092393864837983,0.8070253697788244,0.8120643080070288,0.8112804622835844,0.8119434040782357,0.8097208927391009,0.8090809598804155,0.8077980207252539,0.5426031832885898,0.5040494656909035,0.811521750510391,0.8188517925988092,0.8165834373699543,0.8140832287857356,0.32981033643869
0.8113228288750458,0.8073376132504452,0.8150751396574785,0.8119333970890187,0.8137172284644196,0.8100317118191315,0.8117289058537759,0.8081669425020275,0.4392341329121695,0.44376445004465137,0.8079621001936869,0.8132392666998873,0.8106533499791926,0.8089047860555749,0.3231944187521471
0.8105585510129298,0.8078075145587343,0.8149230244695639,0.8116081110197347,0.8129889721181855,0.8098574569292198,0.8111416597709743,0.8078612349420933,0.519318137656479,0.5828804211433435,0.8087473171753127,0.8109575388811665,0.8095089471493966,0.8072498198222249,0.8611123633407275
0.810715594409255,0.8106596503381843,0.8142516195022163,0.8129910857889703,0.8127652933832709,0.8132525229576683,0.811104289565705,0.8108783856896252,0.6267552934336705,0.6582058015507087,0.8163639218970841,0.815757035327441,0.820042655014565,0.816912687184689,0.8088565623654392
0.8117363764853687,0.8118020311089126,0.8132392666998871,0.8111242905233574,0.8133322929671245,0.8121260404126166,0.8114673144168915,0.8106476072051612,0.5877577541944078,0.6440755643921509,0.8140867926503691,0.8073906999921319,0.8098730753225134,0.8101860502362332,0.6158150900750352
0.8105166727739098,0.8096757647236404,0.8108421411524036,0.809704915302702,0.8118601747815231,0.8111583090890603,0.8097109147692393,0.8088654816525986,0.5973119725414543,0.5552441856527415,0.8054232319530962,0.8068661648613915,0.8092228464419475,0.8053012305474738,0.3775814281739227
0.8101659425221168,0.8085199927940011,0.8081932387421646,0.8064681950846989,0.809316479400749,0.8067504970844811,0.8107999893227987,0.8106937073761898,0.7132633915594196,0.6711466283824854,0.8062084489347222,0.7999947546486925,0.7979348730753226,0.8143501588233726,0.9029515138419734
0.8084803434015597,0.8057864357201767,0.8076739489627316,0.8070991600511332,0.8085830212234706,0.806447550143989,0.8103995942663429,0.8088784197641087,0.6271321022793515,0.5909163912351192,0.8003193215725278,0.8083610899840017,0.8058416562630046,0.8052478445399462,0.4304559169403867
0.8066952834633303,0.8063371645487633,0.8055862991423849,0.8065057021093246,0.8058260507698709,0.8063843010115148,0.8080132397298669,0.8075792513435088,0.5571271123602315,0.5468881317466928,0.8074386222059363,0.8053187862257074,0.8062578027465668,0.8049809145023092,0.4588316127698403
0.8043029890593101,0.8049332165759314,0.8039497495344751,0.8040731187237439,0.8034592176446109,0.8036025039064142,0.8056802712009186,0.8045599034261693,0.5246596828525548,0.5157514020100122,0.8021253206302675,0.7992079519525821,0.798038909696213,0.7985212075914903,0.453477942536651
0.8034340155996441,0.803648265935543,0.8034881586194235,0.8042348159112072,0.8017218060757386,0.8025802654701382,0.8046392440541336,0.8030719672219627,0.6382924216963548,0.659082642137649,0.8010783646547662,0.804558210286134,0.8005357885975863,0.8000960948135496,0.9457451223929226
0.804810762707428,0.8067962387815762,0.8072123580476802,0.8090284612041302,0.8058364544319601,0.807889548598902,0.8048954968902653,0.8072584524826522,0.6031484679704707,0.6817990098292839,0.8130921844736428,0.8186157517899761,0.8185081148564295,0.8156314230040309,0.7272317452125534
0.8087787258545778,0.8112505382904761,0.811246033203074,0.81552879605641,0.8096337910944651,0.8135358122577783,0.8086325174171851,0.81281661737995,0.6106678563711628,0.6105502928674716,0.820159137308276,0.8285294657609694,0.8248283395755307,0.8239329471745458,0.468052858943847
0.8094906559179187,0.8111664497011976,0.8073225104251358,0.8055862548162791,0.8065178942987933,0.8059166477612543,0.8090435896751463,0.8108898368506717,0.6945379816787579,0.6997609416809197,0.8109982725226405,0.7857011723360172,0.7906783187682065,0.807036275792115,0.8781822393078157
0.8038109197508245,0.7986865130657305,0.8023027092239502,0.7950938185264044,0.8021327507282564,0.7959821624553459,0.8053386007527429,0.8005919788936056,0.8035790622371936,0.7994017428968895,0.7737266397947965,0.7741089459466548,0.7761131918435289,0.7799962629794732,0.9986833453288292
0.7987070093702558,0.7909772796277948,0.7997482231372446,0.7939911389684715,0.7977111943404079,0.7901307771896785,0.803096388436591,0.7966896636733337,0.7318675510689461,0.7286636841151549,0.7755588127519236,0.7917857798526056,0.7784280066583438,0.7888850332327899,0.587187566551686
0.7924776213160236,0.7879666011526902,0.7918697054735241,0.7890684804694388,0.7899396587598835,0.7866373304443882,0.7954515121586635,0.7902621229870203,0.6972717112002697,0.6705266380331603,0.7819452442024811,0.7792231634713735,0.7796504369538078,0.777407041614393,0.5542525458691707
0.7862115898026486,0.7882540606822608,0.7830837420336227,0.7875788698334466,0.7823813982521848,0.7867705659752712,0.7884899767770869,0.7898831720802346,0.6974169007472442,0.6032773609150132,0.7888289797414018,0.7845996485614624,0.787037037037037,0.7891252702666633,0.4687788066787191
0.7827461655237395,0.7900597574975389,0.7836345039209002,0.7878709071464325,0.7827299209321682,0.7886540213728885,0.7851960601126446,0.7901110122101244,0.6622536713213336,0.6363069380027631,0.793671151128095,0.7884549817724043,0.7924209321681233,0.790566692469904,0.7023660921782628
0.7874103543945976,0.7923890330480546,0.7911196202365653,0.7957587806059486,0.78700582605077,0.791600253394105,0.790833622507541,0.7961353664580678,0.6585881793324078,0.7509899204632422,0.7970475841490864,0.811534527524981,0.7974927174365376,0.8081840749539546,0.9803558853842004
0.7953305763492644,0.7999793295404557,0.7948595557187442,0.8006676728251324,0.7942155638784852,0.7992257341950436,0.7954194805541469,0.8013616854606518,0.6444696617580992,0.6728582732022091,0.8151599225252576,0.8104854572635001,0.8144766957969205,0.8118143234658197,0.516594978680143
0.799267130817149,0.800528891874272,0.7982952608250937,0.7992456782177952,0.7984394506866417,0.7997404464615592,0.7995408803352644,0.8002458038137611,0.6894737578443548,0.7083298575682891,0.8016280165419044,0.7964016890031209,0.8007698709945901,0.7980140405199798,0.779273026300449
0.802701146416793,0.8023522804960553,0.8046473812583598,0.8049505357211277,0.8019506866416979,0.8013580365784788,0.804132076982623,0.8041909537103263,0.6931041183154903,0.6345301080569915,0.805999057739622,0.8163602507277925,0.804593216812318,0.812081253503457,0.4869306090343963
0.8067999790608804,0.8062899584468807,0.8070602428597654,0.8034734537405628,0.8035164377861006,0.8009885870156982,0.8085417612043886,0.8069990069997947,0.6729644316699751,0.6235759583548899,0.8141653143485316,0.8005192897794329,0.8002496878901373,0.8126151135787312,0.6016676589506867
0.8078207611369941,0.8049104704744722,0.8070077893466914,0.8060730558135788,0.8053890969621307,0.8029443957826947,0.8090542668766517,0.8082482057716202,0.6041492498799154,0.627810631047894,0.802151494529655,0.8112722599596107,0.8068560133166875,0.8107466033152713,0.6362799764339021
0.8060409359786421,0.8053605792274805,0.8066458601064805,0.8069406408965345,0.804151061173533,0.8047251028064407,0.8076982622854552,0.8071769040176923,0.6090875598673706,0.5989692635710692,0.8062607967334973,0.8086758110624459,0.8082865168539326,0.8050343005098366,0.5412865286174192
0.8069151442181856,0.8055734053981943,0.8089013611686642,0.807186825369036,0.8050717852684144,0.8049412323606262,0.8088407228465421,0.8060267171202664,0.6132150468601594,0.6659496628021769,0.805999057739622,0.8076791943140391,0.805373491468997,0.8037263433254145,0.7999104612643926
0.8070198398157356,0.8058897821745871,0.8059797004904403,0.8053751993582482,0.803755722014149,0.8026317884207477,0.8072765128259884,0.8054378792137405,0.6278953578207266,0.630743829813862,0.8065225357273725,0.8017519473366728,0.7980129005409906,0.8042602034006889,0.5603321638372322
0.8008323300005233,0.7983357765405481,0.8032626085132051,0.7992280762032511,0.8011131918435289,0.7974335379595109,0.8018524944612018,0.7987902600607598,0.6928790278829217,0.7293578896297955,0.7832277652724703,0.7869338298932571,0.787037037037037,0.7854950217547982,0.9265860092616628
0.7982201748416479,0.7952540906054578,0.7971150567809279,0.7929968845682422,0.7968008739076154,0.793387166518714,0.7971171555935191,0.7948834763661257,0.7403877213790829,0.777513074391433,0.7890907187352773,0.7805345012982243,0.7852944236371202,0.7870699089768574,0.873823443914708
0.7927445950897765,0.7897970263950186,0.7905583676466731,0.7872953781758856,0.790980024968789,0.7886522017324094,0.7912233403624912,0.7884440590289827,0.7189882744673144,0.6631051476138141,0.7788828979741401,0.775892365391172,0.7791822721598003,0.7755652243546967,0.4342892940585763
0.7897764748992304,0.790250836525643,0.7868656403262607,0.7879354380212495,0.7881294215563879,0.7894749592906033,0.7879614553025653,0.7881016786945837,0.6580590302768393,0.6071581785132153,0.791158456786892,0.7892155577119777,0.7911204744069913,0.7874169180257855,0.4952642403120176
0.78725854577815,0.7914781877244188,0.7855333210941803,0.7903204090729231,0.7873595505617977,0.7910378213830822,0.7857726289939408,0.7898398097489112,0.72846974259168,0.7089006941459552,0.7939328901219703,0.7950903511762701,0.79416354556804,0.7933160718575665,0.912385725411435
0.7878762498036957,0.7897575536163455,0.78650371108605,0.7908088659994839,0.7877184769038701,0.7903024371711878,0.7862958118677097,0.7892635185404883,0.6420026830530843,0.6373506999535317,0.7863162854001989,0.7917857798526056,0.7888316687473991,0.7881109361236422,0.4942507115686844
0.7892582316913572,0.7918385784687588,0.7889637808492224,0.7914841940376847,0.7896951727007908,0.7919275923213661,0.7872300669994396,0.7900894072388279,0.5512850207602398,0.564978844119183,0.7960006281735853,0.7928348501140863,0.7951779026217229,0.7917411846355071,0.4202351324504855
0.7916086478563577,0.7914373785788863,0.790453460620525,0.7887697174410183,0.7913701622971286,0.7904708015947407,0.7896911619464542,0.7893498378558083,0.5628476426907011,0.5406866973164163,0.7906349787991415,0.7833407642476855,0.7875572201414898,0.7878706990897688,0.4921024037108831
0.7894571533267026,0.7877585804321298,0.7883500747462561,0.78541268774089,0.789076154806492,0.7868640133810963,0.7884205749673013,0.7865878862805461,0.5961265169898196,0.5810106688134807,0.7804009841386169,0.7786986283406332,0.7796504369538078,0.7810639831300219,0.6616586118076098
0.7869549285452546,0.78564630902633,0.7854389047706469,0.7837866255933349,0.7867925509779442,0.7854911843958314,0.7853989269412489,0.7837945347627988,0.6112088195654573,0.716606191972195,0.7814217662147306,0.7805345012982243,0.7827455264253016,0.7782078317273045,0.9877972382896234
0.7862325289221588,0.7846656351124599,0.7813370400482572,0.779616569142442,0.7826258843112776,0.7796602347352429,0.7838293783199426,0.7826174208475694,0.676572096558821,0.7514264934932978,0.7827042872847197,0.7712764562406567,0.7679983354140658,0.7802631930171104,0.8210670965355037
0.7794325498612784,0.7771106676980342,0.7741037005953474,0.771967097044807,0.7753589263420724,0.772721194082061,0.7773109468008437,0.7747946229117172,0.7245928396992367,0.7210639450463865,0.7620007328691828,0.7566681528495371,0.7588431127756972,0.759149027040013,0.6603388481525639
0.7750876825629482,0.7743773259011865,0.7731752734139369,0.7742109408100823,0.7727684144818976,0.7733490163349126,0.7743800549875879,0.7742684952823081,0.7776305501191516,0.7331396153010769,0.7689106423074911,0.7786986283406332,0.7746046608406159,0.7732162400234901,0.7572909558104576
0.7739098570905093,0.7744221695262651,0.7724566602848226,0.7745091481050754,0.771707240948814,0.7736808673194049,0.7724528201158478,0.7733215997786459,0.7632829004332367,0.685399864660063,0.7745118567764225,0.7751055626950616,0.7743445692883895,0.7714278087713213,0.5899203633780352
0.772789614196723,0.7748882969327764,0.7742400797293398,0.7794899649103205,0.7715043695380774,0.7763643013368094,0.7736433280837096,0.776934523707968,0.7502621650652808,0.7644977635899899,0.7758205517457989,0.7894515985208108,0.7817311693716187,0.7841603715666126,0.9226935614498436
0.7718159451395069,0.7758708452880639,0.7762385585774607,0.7800829267673007,0.7744538077403245,0.7784913763663068,0.7730720978031661,0.7770920296767763,0.7511168247325883,0.7847786406840073,0.777835941998639,0.781268850481261,0.7827455264253016,0.777407041614393,0.8253403948720419
0.7763178558341621,0.7787506589728624,0.7828477012247895,0.7832932398735942,0.7805035372451103,0.782024837677413,0.77854950217548,0.7802400360850452,0.7267445674393008,0.7026782810180469,0.7845102863424592,0.7897138660861811,0.7890917602996255,0.7865360489015831,0.5384775616861263
0.7796419410563786,0.7810107954547659,0.7835138608408299,0.7828719687226743,0.7826414898044111,0.7831146996639822,0.7806902810773299,0.7814667355676098,0.7344352608515196,0.7337003283025482,0.7855310684185729,0.7820294264208345,0.7852944236371202,0.7839201345327391,0.7957444228715507
0.7818981311835836,0.78260479944066,0.7877206325893676,0.7872944529610332,0.786100707449022,0.7859566856131361,0.7845981368283376,0.7846335195538598,0.801133535520918,0.7969374644433745,0.7857928074124482,0.7961394214377508,0.7916406575114441,0.7909670875263597,0.9234117367250274
0.784248547348584,0.7842607438173735,0.7895197880878072,0.7910120939783584,0.7884363295880149,0.7884408837642853,0.7864826628940557,0.7876166803343078,0.7201895858367129,0.7039495806385226,0.7875726325708005,0.7984473760130086,0.7934092800665835,0.7935830018952035,0.5179738130288186
0.788603884206669,0.7893780379746039,0.7940884890765558,0.7953788477939071,0.792961922596754,0.7940850863325225,0.7908176067052828,0.7914383737797146,0.6078567131511571,0.5571917309071027,0.7996126262890645,0.8041123554250045,0.805373491468997,0.7990817606705283,0.2636760314442629
0.7932523687378945,0.7955029283159315,0.7989666657924415,0.8016208150844744,0.7972794423637121,0.7996165105998201,0.7955155753676963,0.7976342132576933,0.6698361720946933,0.6542527727393376,0.8077527089985864,0.8141047496656089,0.8106793591344152,0.810025892213651,0.8483748564038072
0.8029157723917709,0.8082846477732725,0.8094258962994048,0.812522403041533,0.807542655014565,0.8119478360303419,0.8058457678242534,0.8102798411103039,0.6256242450998527,0.6277301111253409,0.8338480866879546,0.8343255789556505,0.8366104868913857,0.835571096815525,0.5746847878973474
0.8131811757315605,0.8178963732193137,0.8182905400089171,0.8218358153561264,0.8172336662505202,0.8213304619173011,0.8148680030963886,0.8188793153692145,0.6323412047623413,0.7374855857627175,0.8371198241113961,0.840462639985313,0.8400957136912193,0.8360782638870354,0.956996535037471
0.8224205622153586,0.8231874371428064,0.8249311547640904,0.8251073601670424,0.8252913025384935,0.8254527951136842,0.8223580599524866,0.8229306389713743,0.6777040775878015,0.7399197828938514,0.8337695649897919,0.8316504497888746,0.8336974615064503,0.8310332861756935,0.7447881771561191
0.8289483327226088,0.8262087843703094,0.8309633087676047,0.8281626152588872,0.8314138576779027,0.8289639524644702,0.8285935456316901,0.825373489003098,0.762877799834291,0.7231280694881379,0.8322514788253154,0.8342731254425766,0.8359862671660423,0.8302591890665458,0.6895446426767107
0.8351881903365962,0.8304565219363806,0.8337485903118361,0.8281187959681802,0.8356325426550144,0.8299002296496384,0.8336972479513122,0.8287637939393191,0.7538866184670532,0.7498916961812979,0.8389519970685232,0.828031157386766,0.8317727840199749,0.835544403811761,0.803418949567618
0.8394021881379887,0.8386103731892262,0.8387421647564846,0.8385103477050843,0.840220557636288,0.8397836736990097,0.837893388142968,0.8380264618841474,0.7891163801478942,0.7502056628880496,0.854918075694917,0.8592934511788926,0.8595505617977528,0.8565517977738037,0.7508335963015527
0.8433701512851384,0.8447267954085321,0.8416795614886305,0.8440567730187375,0.8436017478152309,0.8455230039946513,0.8414595734458,0.8433207047231637,0.7614066286645202,0.7729530344655667,0.8569596398471443,0.8551496236460436,0.8570016645859344,0.853909190401196,0.8184477776206013
0.8474428100298382,0.8478621498434519,0.8466941173385087,0.8482789250252466,0.8487723678734914,0.8501988565956852,0.8467020793849933,0.8479624084393292,0.7137095307455187,0.6840695854974147,0.8541328587132911,0.8567232290382647,0.8595505617977528,0.8572458158716603,0.5063026875611109
0.8522273988378787,0.8506329075174741,0.8529360853943192,0.8540136052573741,0.8530742821473158,0.8526311839088448,0.8529589194672077,0.8524894021187589,0.7257879331008849,0.706025275149457,0.8561744228655185,0.8654829657216292,0.8574958385351645,0.8615433894776181,0.7499366544535416
0.8573784222373447,0.8553243097002672,0.8598022502557108,0.8567963974028241,0.8583749479816897,0.8545128270031778,0.8582121026079067,0.8555963745842576,0.7326295630167713,0.7498925498153214,0.8647071140658534,0.862361981693724,0.8582761131918437,0.8618103195152551,0.8376270991470501
0.859179186515207,0.8581901721615872,0.8615017440793096,0.8604612383675118,0.8600135247607158,0.8589230332330798,0.859781651229213,0.858530763349617,0.7013283133607027,0.6980374825506175,0.8639218970842274,0.867790920296887,0.8677434456928839,0.8643995408803355,0.5943273480212095
0.8599015861383028,0.8589839940952659,0.8626924388260904,0.8606751913716568,0.8611371202663338,0.8601552361933945,0.8608867415850308,0.8588320562931729,0.6999177673764994,0.7358233376002733,0.8605716379626235,0.861103097379947,0.862619642114024,0.8594346421802848,0.811395047699585
0.8611893419881692,0.8595132087177184,0.8627868551496236,0.8595152311330816,0.8606273408239702,0.8591040456575745,0.8611643488241734,0.8587659882179063,0.7668081772493885,0.7708004707087012,0.8605716379626235,0.8571953106559311,0.8570016645859344,0.8586338520673733,0.8407547369255568
0.8619169763911426,0.859613004105274,0.8622151118571167,0.8605515705084191,0.861444028297961,0.8599291224067559,0.8608493713797616,0.8591668262304571,0.7446016381236038,0.7268349667473398,0.8598125948803853,0.8626242492590941,0.8615792759051186,0.8599685022555592,0.6389039588246175
0.8613987331832694,0.8604473020790119,0.8622675653701906,0.8612424634253107,0.8619590095713692,0.8602364214574655,0.8605343939353498,0.8595230282513701,0.7402658492111729,0.756539362693192,0.8621158980264879,0.8626242492590941,0.8608510195588848,0.8602354322931962,0.8159481545848961
0.8614510809820446,0.8616927467453755,0.8634582601169711,0.8654097736271371,0.8621150645027049,0.862998854421498,0.8619598003363322,0.8635242097959956,0.7768738234439145,0.7634819815237672,0.8641836360781029,0.8737443940307901,0.868523720349563,0.871526572885247,0.7773672191849176
0.8650578443176464,0.8673303160437945,0.8688767080175193,0.8730049613789873,0.866364960466084,0.8699556102579719,0.867004778047674,0.8705693167763284,0.7650432071034062,0.7597353096815259,0.8786054546406322,0.8881953368826876,0.8838691219309196,0.884659530736994,0.7522419659970433
0.8703659111134376,0.8739242013430563,0.874405308295523,0.876949411601308,0.8726071577195172,0.876041290456348,0.8722686383898782,0.8753639291103505,0.7319023716883492,0.7315070597377744,0.8871119719415798,0.8848383120459493,0.8882126508531003,0.884953153778395,0.6750505598502713
0.8751557347013558,0.8772033718353628,0.8784389834509165,0.8788971494128925,0.8772888056595921,0.8790233655060632,0.8768438192349788,0.8778574215672542,0.7495153871384446,0.7299943851835478,0.8837617128199758,0.8827926250360616,0.8849875156054932,0.8828444064810617,0.7269690360750943
0.8787153850180598,0.8781069644269115,0.882315298067088,0.879933373721912,0.8815387016229714,0.8800490767959689,0.8806288871686734,0.8782918716987259,0.7830566596766344,0.814547762547647,0.8799141496100088,0.8820058223399512,0.8821004993757804,0.879160771961669,0.983654517275846
0.882170339737214,0.8792241128425654,0.8837630150279313,0.8802832420929438,0.8843789013732835,0.8809409575643539,0.8822518217975072,0.8787416631422893,0.7334553091340391,0.7194853305224115,0.8814584096738732,0.8809829788350074,0.8827247191011236,0.8796412460294158,0.5293604664719406
0.8832015913730829,0.8807366461683689,0.8843819664822051,0.8839521927799812,0.885143570536829,0.8831914609591184,0.8833622507540776,0.8825650006014749,0.769933327840795,0.7912009068585487,0.8837617128199758,0.891290094154056,0.8876924677486475,0.8902116755198464,0.9346320595308232
0.8895461445846202,0.8934360101120017,0.8916625140968815,0.8963818118930981,0.8914429879317518,0.8953642199153173,0.8903451405386651,0.8949992013014274,0.7577644540546589,0.7322026682122295,0.9188347379992672,0.9212410501193318,0.9197097378277151,0.9198676027013322,0.6142061909195907
0.8971208710673716,0.9028357884859122,0.900952031262294,0.9073346115497728,0.8995630461922597,0.9054387489128888,0.8992232335904762,0.9057444247809907,0.7616904788923311,0.7370014988959713,0.921635345233733,0.9292402108631226,0.9255878069080316,0.9272348717401172,0.7465991602634552
0.9063445532115374,0.9105680457675541,0.9103464554538541,0.9145490554657659,0.9087026633374947,0.9128920276425778,0.9087846675386382,0.9128189304214871,0.74025994214181,0.7835016104383943,0.926032560330838,0.9289779432977524,0.927798585101956,0.92696794170248,0.8765018335232403
0.9137674710778411,0.9132363635135,0.9192215898659812,0.9181522539423917,0.9162557220141488,0.9154246892565167,0.9173531217467904,0.9160404593043835,0.7554233891965918,0.7240603075408795,0.9185729990053918,0.9253586508956436,0.9204900124843944,0.9224835170701762,0.6051777017458498
0.9220122493849134,0.9171527771274457,0.9264024758058171,0.9211663439126729,0.9240168539325844,0.919115835284619,0.9244908309532074,0.9193270467202327,0.6751105632390636,0.6603961816083137,0.9249856043553368,0.9271945238532352,0.926498127340824,0.9259002215519314,0.5330679297431823
0.9228812228445793,0.9191617198508295,0.9265021374806578,0.9213573487729603,0.9249375780274656,0.9208483429571203,0.9250673998345036,0.9204681801827596,0.7239032670757052,0.7263206911064753,0.9231796052975972,0.9217393584935348,0.9243133583021224,0.9227504471078132,0.8581697101027984
0.9282416374391456,0.9289202859694078,0.930221091557607,0.9301832262645965,0.9297596754057429,0.930464993237886,0.9295304700637965,0.9301621944173669,0.6877122075806352,0.6727617483336855,0.9484374182065644,0.947834981247869,0.9496982937994174,0.9495502228865816,0.5656438627881055
0.9325132178191907,0.9350770113899595,0.9335309082325788,0.9352978264006014,0.9335934248855597,0.9359657729922709,0.9337799962629797,0.9361799871777099,0.7108554835480344,0.7792472366758693,0.947390462231063,0.9455270266726112,0.9469673325010404,0.948215572698396,0.9922182133602364
0.9389991100874207,0.9403854943754871,0.9342023131999266,0.9331037761778617,0.9357469829379941,0.9343964495770362,0.9397699063075569,0.9415976805494942,0.7518493013335985,0.7895470880084696,0.9510024603465425,0.9287156757323822,0.9312578027465668,0.9524330672930628,0.8101467906736701
0.9397215097105166,0.9364561970739301,0.9348212646542,0.9321656111601088,0.9366521015397421,0.9332722065012118,0.9414675813469293,0.9391946526159268,0.8322690763364354,0.8380869935914355,0.928597602470816,0.9302892811246032,0.931023720349563,0.9343885967487924,0.935166804757367
0.943396325184526,0.9381553589385012,0.939898764719767,0.9371526937138625,0.9404130253849354,0.9365541301768379,0.945952005979233,0.9411872918337286,0.7907672505856548,0.7756115228439219,0.9415536826676436,0.9471268588213696,0.94311797752809,0.9451725702693324,0.6506605813488947
0.9425378212846149,0.9401518721946708,0.9396050250465524,0.9402238901031735,0.9400697045359966,0.9403633166361329,0.9455302565197664,0.9432720197522352,0.8342952011279392,0.7781688870624572,0.9441448987070096,0.946366282881796,0.9479816895547232,0.9474414755892484,0.7832836154995281
0.9402292833586348,0.9387171723301678,0.9388392037556716,0.9407152334748513,0.9382646691635456,0.9395562629703503,0.9437097936630812,0.9418857659731467,0.7256508269119861,0.6684447054684618,0.935847772601162,0.9416979202182068,0.937942155638785,0.9391132584149696,0.4489963422804707
0.9370936502120084,0.937586213091249,0.9406593406593405,0.9397489424001434,0.9393414481897627,0.9385847412727845,0.9407842404505782,0.9405256110589469,0.726770061107078,0.717544124195351,0.9353242946134114,0.9378163602507276,0.9366416978776528,0.9378053012305476,0.8157429616491293
0.93828718002408,0.936579225904557,0.9417503737312807,0.9384141104281967,0.9406210986267167,0.9381971516933003,0.9413608093318743,0.9394408877577224,0.722031347884414,0.7821871623449166,0.9345652515311732,0.9357444464843032,0.937421972534332,0.9372714411552736,0.9114732386440476
0.9370936502120086,0.9362481618054669,0.9396260064517822,0.93777774776009,0.9393258426966291,0.9376786670880844,0.9397752449083099,0.9387088412223181,0.7296359224432881,0.7510192596110327,0.9355860336072868,0.9365050224238768,0.9366416978776528,0.9372447481515096,0.688683454143265
0.9357483117834894,0.9366381767251158,0.9379684754386425,0.9378780411120927,0.9357209737827714,0.935104893053868,0.9374796465846303,0.9377937221384958,0.6716110909890765,0.6650659924835117,0.9374182065644138,0.938078627816098,0.929957344985435,0.9359634839708512,0.4931594582284699
0.9359053551798147,0.9366364476776732,0.9364683049647249,0.9366510500242682,0.9348990844777362,0.9346808317404479,0.9366895336732244,0.9369167127116439,0.72780006746495,0.6866910698756206,0.936632989582788,0.9341970678486192,0.9338327091136078,0.93516269385794,0.7299412246598382
0.934617599329948,0.9340528035731417,0.9336200792048046,0.9322924438332209,0.9329483978360382,0.9320833093833532,0.9354242852948245,0.9351041615872786,0.7333079432983519,0.7388881601891267,0.9288855153640788,0.9235752314511264,0.9268882646691636,0.9314790593385478,0.8432823408161393
0.9335811129142018,0.9324961421995749,0.9340344619580897,0.934133749305723,0.9315595089471493,0.931548048952198,0.9350025358353576,0.9351236723441657,0.7083499534429663,0.7548198699151243,0.9293828194524416,0.9378163602507276,0.9304775280898876,0.93516269385794,0.7866832893671196
0.9326493220960057,0.931973121305152,0.9318051876524429,0.9312087165023631,0.9296088223054516,0.9299947875245199,0.9339561700878202,0.9340867547007177,0.7222359190234059,0.7559176739585703,0.9309270795163064,0.9253586508956436,0.9268882646691636,0.9320129194138218,0.7581132820454626
0.9318222268753598,0.932409657690496,0.9320622098665059,0.933927057297046,0.9309717020391177,0.9322537729009354,0.9346395109841712,0.9358512326180141,0.7491681136395785,0.7132185930754913,0.933282730461184,0.9393637388864118,0.936771743653766,0.9393801884526068,0.627820431309333
0.93192692247291,0.9339919276505103,0.9325762542946313,0.9348738015277798,0.9315855181023721,0.9338031117439166,0.9347996690067536,0.9358886497356265,0.7795093090749683,0.76936146266259,0.9371564675705388,0.9367672899892472,0.9369017894298792,0.9359634839708512,0.8816472018367876
0.93828718002408,0.9428902194736497,0.9405019801201184,0.9443171545447072,0.9389357053682896,0.9437484748288617,0.9410244774844514,0.9447934670660968,0.7931521521163629,0.8167398271160974,0.9606868031199286,0.9632038605785622,0.9636392009987518,0.9626031017270376,0.911496556023112
0.9470292624195153,0.9529578901256391,0.9468750819586141,0.9527720595108735,0.9472430295464003,0.9531703662127216,0.948461148333022,0.9539776607443288,0.8161894117336159,0.8451164138951931,0.9730932314296182,0.969681869443206,0.972014148980441,0.9723460481007928,0.9018695874533844
0.9555148406009527,0.9597569168915907,0.9564635841485483,0.9596150936223539,0.9568820224719101,0.9604746539073852,0.9572645009742947,0.9613283347029477,0.8213052447003483,0.8246417582231702,0.9733549704234936,0.9733011618453148,0.9750832292967124,0.9760296826201856,0.7836924468791242
0.9644610794116106,0.9658425860992185,0.9646043693776392,0.9664326174255243,0.9653922180607573,0.966757343137591,0.96502148786803,0.9669405974423927,0.8323558169865549,0.7774522697289026,0.978013924514474,0.9800676650318654,0.9793227215980024,0.9781651229212828,0.6830732927403671
0.9715960843846515,0.9681722215447267,0.9720685042880748,0.9689843997974913,0.9726903870162298,0.9689691068274744,0.9724581587166007,0.9690093443661633,0.807564468666883,0.7708649998987444,0.9728314924357432,0.9740879645414252,0.973392634207241,0.9731468382137044,0.7576904602384279
0.9745432654556876,0.9705890505215207,0.975021637074143,0.9719794413679622,0.9750052018310444,0.9710504962425914,0.9751434748952302,0.971349457117504,0.7774160302317591,0.7674947878816601,0.9754227084751084,0.977969524508904,0.9752132750728256,0.9760296826201856,0.7607543638474918
0.9756320996702087,0.9732385011817554,0.9791707099582995,0.9781287055333041,0.977080732417811,0.9748309314664855,0.9784160371566616,0.9771359245476524,0.7478365358458067,0.762987230428981,0.9785374025022244,0.990427233863988,0.9823918019142736,0.9887088594079494,0.7539721155236228
0.9778045333193738,0.9768980470109433,0.9822287497705158,0.981616257324335,0.9795203911776944,0.9789811286763669,0.9806315564690496,0.9804597094258104,0.7633534743672051,0.795750533448026,0.9842171386693188,0.9885913609063968,0.9872815230961298,0.9871072791821264,0.861277139486116
0.9788357849552425,0.9789887589052347,0.9834194445172966,0.9830845511381462,0.9798012900540991,0.9795631577775863,0.9818647732429332,0.9817502085474402,0.8068148926545591,0.8306271503577299,0.9831701826938176,0.9860211387657688,0.9807272159800252,0.9843312067907002,0.9003803841771374
0.9809558708056324,0.9804698131660542,0.9855962653098691,0.9837137235935268,0.9823866000832293,0.9818151666360216,0.984293836585431,0.9829308573403582,0.7484415441079314,0.709026006073583,0.9834319216876928,0.984972068504288,0.9863191843528925,0.985292154926194,0.4658237175052891
0.9836988954614455,0.9833591526954276,0.9893309554407406,0.9880234741167717,0.9860851019558885,0.9857787059027215,0.9882550783439662,0.9872325353645258,0.7584397253523643,0.7429324274056075,0.9891378317541744,0.9966429751632616,0.9937057844361216,0.9958358914128612,0.8107452700696567
0.9879914149610007,0.9889061017969517,0.9912455086679429,0.9920156494111811,0.9896067415730337,0.990519137268481,0.9905133064623763,0.991488356909684,0.7380985765517326,0.7127104087772264,1.0,1.0,1.0,1.0000000000000002,0.6522663715204641
0.984683034078417,0.9818291459501011,0.9883448293949486,0.9860397544545959,0.9858562213899293,0.9831890655725232,0.9886714892026802,0.9869583022343377,0.7203067945288101,0.732579682308652,0.9676752342563996,0.9740879645414252,0.9685289221806076,0.9778981928836452,0.7723182293715033
