Date,Open,High,Low,Close,Volume,Open_category,High_category,Low_category,Close_category,Volume_category
2008-07-01,42.449,42.857,41.247,42.423,63725,"(41.86, 42.647]","(42.825, 43.611]","(40.814, 41.604]","(41.785, 42.578]","(52136.886000000006, 68907.043]"
2008-07-02,42.802,42.931,41.799,41.799,86429,"(42.647, 43.434]","(42.825, 43.611]","(41.604, 42.395]","(41.785, 42.578]","(84580.086, 100253.129]"
2008-07-07,42.145,42.163,41.3,41.827,64235,"(41.86, 42.647]","(42.038, 42.825]","(40.814, 41.604]","(41.785, 42.578]","(52136.886000000006, 68907.043]"
2008-07-08,41.574,41.957,40.758,41.907,62746,"(41.073, 41.86]","(41.251, 42.038]","(40.023, 40.814]","(41.785, 42.578]","(52136.886000000006, 68907.043]"
2008-07-23,42.674,42.742,42.285,42.406,54540,"(42.647, 43.434]","(42.038, 42.825]","(41.604, 42.395]","(41.785, 42.578]","(52136.886000000006, 68907.043]"
2008-07-28,41.907,41.907,40.177,40.988,83064,"(41.86, 42.647]","(41.251, 42.038]","(40.023, 40.814]","(40.2, 40.992]","(68907.043, 84580.086]"
2008-08-01,41.637,43.218,41.255,41.41,53794,"(41.073, 41.86]","(42.825, 43.611]","(40.814, 41.604]","(40.992, 41.785]","(52136.886000000006, 68907.043]"
2008-08-14,40.367,41.067,40.367,41.067,101194,"(40.286, 41.073]","(40.464, 41.251]","(40.023, 40.814]","(40.992, 41.785]","(100253.129, 115926.171]"
2008-08-25,39.918,40.739,39.918,40.145,58427,"(39.499, 40.286]","(40.464, 41.251]","(39.232, 40.023]","(39.407, 40.2]","(52136.886000000006, 68907.043]"
2008-09-04,40.135,40.135,38.414,38.414,132167,"(39.499, 40.286]","(39.678, 40.464]","(37.651, 38.442]","(37.821, 38.614]","(131599.214, 147272.257]"
2008-09-05,38.88,38.88,37.74,38.163,87437,"(38.712, 39.499]","(38.104, 38.891]","(37.651, 38.442]","(37.821, 38.614]","(84580.086, 100253.129]"
2008-09-08,40.35,40.35,38.838,39.243,63318,"(40.286, 41.073]","(39.678, 40.464]","(38.442, 39.232]","(38.614, 39.407]","(52136.886000000006, 68907.043]"
2008-09-10,38.838,38.88,38.188,38.577,58145,"(38.712, 39.499]","(38.104, 38.891]","(37.651, 38.442]","(37.821, 38.614]","(52136.886000000006, 68907.043]"
2008-09-11,37.834,38.553,37.688,38.553,82872,"(37.138, 37.925]","(38.104, 38.891]","(37.651, 38.442]","(37.821, 38.614]","(68907.043, 84580.086]"
2008-09-15,38.362,38.749,37.246,37.385,143305,"(37.925, 38.712]","(38.104, 38.891]","(36.86, 37.651]","(37.028, 37.821]","(131599.214, 147272.257]"
2008-09-16,36.937,38.017,36.289,38.007,148638,"(36.352, 37.138]","(37.317, 38.104]","(36.07, 36.86]","(37.821, 38.614]","(147272.257, 162945.3]"
2008-09-17,37.489,37.931,35.927,35.951,136625,"(37.138, 37.925]","(37.317, 38.104]","(35.279, 36.07]","(35.442, 36.235]","(131599.214, 147272.257]"
2008-09-18,35.434,37.843,30.973,37.843,149247,"(34.778, 35.565]","(37.317, 38.104]","(30.535, 31.326]","(37.821, 38.614]","(147272.257, 162945.3]"
2008-09-19,40.609,43.72,38.906,40.098,90370,"(40.286, 41.073]","(43.611, 44.398]","(38.442, 39.232]","(39.407, 40.2]","(84580.086, 100253.129]"
2008-09-22,40.088,40.591,38.395,38.648,67061,"(39.499, 40.286]","(40.464, 41.251]","(37.651, 38.442]","(38.614, 39.407]","(52136.886000000006, 68907.043]"
2008-09-23,39.199,39.918,38.017,38.899,109512,"(38.712, 39.499]","(39.678, 40.464]","(37.651, 38.442]","(38.614, 39.407]","(100253.129, 115926.171]"
2008-09-25,38.749,39.181,37.906,38.742,67656,"(38.712, 39.499]","(38.891, 39.678]","(37.651, 38.442]","(38.614, 39.407]","(52136.886000000006, 68907.043]"
2008-09-26,37.8,39.356,37.8,39.114,106548,"(37.138, 37.925]","(38.891, 39.678]","(37.651, 38.442]","(38.614, 39.407]","(100253.129, 115926.171]"
2008-09-29,38.577,38.577,34.35,36.633,117834,"(37.925, 38.712]","(38.104, 38.891]","(33.698, 34.488]","(36.235, 37.028]","(115926.171, 131599.214]"
2008-09-30,37.064,39.745,35.918,37.162,113540,"(36.352, 37.138]","(39.678, 40.464]","(35.279, 36.07]","(37.028, 37.821]","(100253.129, 115926.171]"
2008-10-01,35.933,37.005,35.933,36.617,104389,"(35.565, 36.352]","(36.531, 37.317]","(35.279, 36.07]","(36.235, 37.028]","(100253.129, 115926.171]"
2008-10-02,36.453,36.677,34.646,34.646,176705,"(36.352, 37.138]","(36.531, 37.317]","(34.488, 35.279]","(33.856, 34.649]","(162945.3, 178618.343]"
2008-10-03,35.942,35.96,34.343,34.343,129327,"(35.565, 36.352]","(35.744, 36.531]","(33.698, 34.488]","(33.856, 34.649]","(115926.171, 131599.214]"
2008-10-06,34.214,34.214,31.388,32.702,222380,"(33.991, 34.778]","(34.171, 34.957]","(31.326, 32.116]","(32.27, 33.063]","(209964.429, 225637.471]"
2008-10-07,33.887,33.887,31.102,31.201,178911,"(33.204, 33.991]","(33.384, 34.171]","(30.535, 31.326]","(30.684, 31.477]","(178618.343, 194291.386]"
2008-10-08,31.501,31.537,30.077,30.715,135648,"(30.843, 31.63]","(31.024, 31.81]","(29.744, 30.535]","(30.684, 31.477]","(131599.214, 147272.257]"
2008-10-09,31.149,31.242,28.106,29.245,163866,"(30.843, 31.63]","(31.024, 31.81]","(27.372, 28.163]","(29.098, 29.891]","(162945.3, 178618.343]"
2008-10-10,28.079,30.327,26.671,28.323,448526,"(27.695, 28.482]","(30.237, 31.024]","(26.582, 27.372]","(28.305, 29.098]","(445060.071, 460733.114]"
2008-10-13,33.048,33.048,29.607,32.132,426798,"(32.417, 33.204]","(32.597, 33.384]","(28.954, 29.744]","(31.477, 32.27]","(413713.986, 429387.029]"
2008-10-14,34.101,34.101,30.835,32.813,272863,"(33.991, 34.778]","(33.384, 34.171]","(30.535, 31.326]","(32.27, 33.063]","(272656.6, 288329.643]"
2008-10-15,30.835,31.102,28.26,28.831,162919,"(30.056, 30.843]","(31.024, 31.81]","(28.163, 28.954]","(28.305, 29.098]","(147272.257, 162945.3]"
2008-10-16,28.599,29.524,26.782,29.515,226837,"(28.482, 29.269]","(29.45, 30.237]","(26.582, 27.372]","(29.098, 29.891]","(225637.471, 241310.514]"
2008-10-17,29.144,30.327,28.556,29.228,97779,"(28.482, 29.269]","(30.237, 31.024]","(28.163, 28.954]","(29.098, 29.891]","(84580.086, 100253.129]"
2008-10-20,29.551,31.277,29.161,31.277,131291,"(29.269, 30.056]","(31.024, 31.81]","(28.954, 29.744]","(30.684, 31.477]","(115926.171, 131599.214]"
2008-10-21,30.931,30.931,29.228,29.344,185355,"(30.843, 31.63]","(30.237, 31.024]","(28.954, 29.744]","(29.098, 29.891]","(178618.343, 194291.386]"
2008-10-22,28.582,28.582,26.774,27.19,240234,"(28.482, 29.269]","(27.877, 28.664]","(26.582, 27.372]","(26.72, 27.513]","(225637.471, 241310.514]"
2008-10-23,27.649,27.942,26.31,27.13,155683,"(26.908, 27.695]","(27.877, 28.664]","(25.791, 26.582]","(26.72, 27.513]","(147272.257, 162945.3]"
2008-10-24,25.904,27.155,25.057,26.929,182359,"(25.335, 26.122]","(27.09, 27.877]","(25.0, 25.791]","(26.72, 27.513]","(178618.343, 194291.386]"
2008-10-27,25.807,26.568,25.316,25.426,150046,"(25.335, 26.122]","(26.303, 27.09]","(25.0, 25.791]","(25.134, 25.927]","(147272.257, 162945.3]"
2008-10-28,26.774,28.158,25.461,26.956,59824,"(26.122, 26.908]","(27.877, 28.664]","(25.0, 25.791]","(26.72, 27.513]","(52136.886000000006, 68907.043]"
2008-10-29,26.947,29.038,26.947,28.945,106936,"(26.908, 27.695]","(28.664, 29.45]","(26.582, 27.372]","(28.305, 29.098]","(100253.129, 115926.171]"
2008-10-30,29.852,29.852,28.251,29.195,81691,"(29.269, 30.056]","(29.45, 30.237]","(28.163, 28.954]","(29.098, 29.891]","(68907.043, 84580.086]"
2008-10-31,28.269,29.591,28.202,29.195,103910,"(27.695, 28.482]","(29.45, 30.237]","(28.163, 28.954]","(29.098, 29.891]","(100253.129, 115926.171]"
2008-11-03,29.938,29.971,28.476,29.209,96822,"(29.269, 30.056]","(29.45, 30.237]","(28.163, 28.954]","(29.098, 29.891]","(84580.086, 100253.129]"
2008-11-04,29.971,30.871,29.852,30.783,129921,"(29.269, 30.056]","(30.237, 31.024]","(29.744, 30.535]","(30.684, 31.477]","(115926.171, 131599.214]"
2008-11-05,31.093,31.093,29.161,29.17,168329,"(30.843, 31.63]","(31.024, 31.81]","(28.954, 29.744]","(29.098, 29.891]","(162945.3, 178618.343]"
2008-11-06,27.777,29.186,27.406,27.451,185081,"(27.695, 28.482]","(28.664, 29.45]","(27.372, 28.163]","(26.72, 27.513]","(178618.343, 194291.386]"
2008-11-07,27.795,28.791,27.795,28.791,208011,"(27.695, 28.482]","(28.664, 29.45]","(27.372, 28.163]","(28.305, 29.098]","(194291.386, 209964.429]"
2008-11-10,29.617,29.617,28.079,28.521,167212,"(29.269, 30.056]","(29.45, 30.237]","(27.372, 28.163]","(28.305, 29.098]","(162945.3, 178618.343]"
2008-11-11,27.649,28.685,27.088,27.389,145385,"(26.908, 27.695]","(28.664, 29.45]","(26.582, 27.372]","(26.72, 27.513]","(131599.214, 147272.257]"
2008-11-12,26.881,27.062,26.015,26.138,133361,"(26.122, 26.908]","(26.303, 27.09]","(25.791, 26.582]","(25.927, 26.72]","(131599.214, 147272.257]"
2008-11-13,25.92,28.106,25.343,28.088,243762,"(25.335, 26.122]","(27.877, 28.664]","(25.0, 25.791]","(27.513, 28.305]","(241310.514, 256983.557]"
2008-11-14,28.079,28.079,26.412,26.412,89817,"(27.695, 28.482]","(27.877, 28.664]","(25.791, 26.582]","(25.927, 26.72]","(84580.086, 100253.129]"
2008-11-17,26.956,27.218,25.057,26.187,128157,"(26.908, 27.695]","(27.09, 27.877]","(25.0, 25.791]","(25.927, 26.72]","(115926.171, 131599.214]"
2008-11-18,26.212,26.7,25.411,26.377,205660,"(26.122, 26.908]","(26.303, 27.09]","(25.0, 25.791]","(25.927, 26.72]","(194291.386, 209964.429]"
2008-11-19,26.162,26.275,24.623,24.632,294556,"(26.122, 26.908]","(25.517, 26.303]","(24.21, 25.0]","(24.341, 25.134]","(288329.643, 304002.686]"
2008-11-20,24.491,24.97,22.982,22.999,318550,"(23.761, 24.548]","(24.73, 25.517]","(22.628, 23.419]","(22.755, 23.548]","(304002.686, 319675.729]"
2008-11-21,24.201,24.806,23.026,24.806,284817,"(23.761, 24.548]","(24.73, 25.517]","(22.628, 23.419]","(24.341, 25.134]","(272656.6, 288329.643]"
2008-11-24,25.461,26.811,25.057,26.094,316933,"(25.335, 26.122]","(26.303, 27.09]","(25.0, 25.791]","(25.927, 26.72]","(304002.686, 319675.729]"
2008-11-25,27.19,27.25,25.765,26.36,182308,"(26.908, 27.695]","(27.09, 27.877]","(25.0, 25.791]","(25.927, 26.72]","(178618.343, 194291.386]"
2008-11-26,25.609,27.181,25.609,27.0,88202,"(25.335, 26.122]","(27.09, 27.877]","(25.0, 25.791]","(26.72, 27.513]","(84580.086, 100253.129]"
2008-12-01,26.715,26.715,24.943,24.97,153327,"(26.122, 26.908]","(26.303, 27.09]","(24.21, 25.0]","(24.341, 25.134]","(147272.257, 162945.3]"
2008-12-02,26.025,26.162,25.228,26.162,133722,"(25.335, 26.122]","(25.517, 26.303]","(25.0, 25.791]","(25.927, 26.72]","(131599.214, 147272.257]"
2008-12-03,25.843,26.69,25.316,26.69,141010,"(25.335, 26.122]","(26.303, 27.09]","(25.0, 25.791]","(25.927, 26.72]","(131599.214, 147272.257]"
2008-12-04,26.368,26.602,25.262,25.694,158573,"(26.122, 26.908]","(26.303, 27.09]","(25.0, 25.791]","(25.134, 25.927]","(147272.257, 162945.3]"
2008-12-05,25.54,26.517,24.842,26.517,593256,"(25.335, 26.122]","(26.303, 27.09]","(24.21, 25.0]","(25.927, 26.72]","(586117.457, 601790.5]"
2008-12-08,27.509,27.889,27.053,27.614,293172,"(26.908, 27.695]","(27.877, 28.664]","(26.582, 27.372]","(27.513, 28.305]","(288329.643, 304002.686]"
2008-12-09,27.484,27.805,27.017,27.218,266220,"(26.908, 27.695]","(27.09, 27.877]","(26.582, 27.372]","(26.72, 27.513]","(256983.557, 272656.6]"
2008-12-10,27.105,27.966,27.105,27.769,376639,"(26.908, 27.695]","(27.877, 28.664]","(26.582, 27.372]","(27.513, 28.305]","(366694.857, 382367.9]"
2008-12-11,27.777,28.132,27.163,27.355,254934,"(27.695, 28.482]","(27.877, 28.664]","(26.582, 27.372]","(26.72, 27.513]","(241310.514, 256983.557]"
2008-12-12,27.224,27.665,26.612,27.607,308183,"(26.908, 27.695]","(27.09, 27.877]","(26.582, 27.372]","(27.513, 28.305]","(304002.686, 319675.729]"
2008-12-15,28.088,28.088,26.929,27.389,240821,"(27.695, 28.482]","(27.877, 28.664]","(26.582, 27.372]","(26.72, 27.513]","(225637.471, 241310.514]"
2008-12-16,28.401,28.883,27.362,28.883,212619,"(27.695, 28.482]","(28.664, 29.45]","(26.582, 27.372]","(28.305, 29.098]","(209964.429, 225637.471]"
2008-12-17,28.624,29.011,28.296,28.745,318541,"(28.482, 29.269]","(28.664, 29.45]","(28.163, 28.954]","(28.305, 29.098]","(304002.686, 319675.729]"
2008-12-18,29.367,29.947,27.581,27.856,302800,"(29.269, 30.056]","(29.45, 30.237]","(27.372, 28.163]","(27.513, 28.305]","(288329.643, 304002.686]"
2008-12-19,28.425,28.425,27.517,27.752,210053,"(27.695, 28.482]","(27.877, 28.664]","(27.372, 28.163]","(27.513, 28.305]","(209964.429, 225637.471]"
2008-12-22,29.074,29.074,27.0,27.451,444941,"(28.482, 29.269]","(28.664, 29.45]","(26.582, 27.372]","(26.72, 27.513]","(429387.029, 445060.071]"
2008-12-23,28.459,28.459,27.044,27.2,386903,"(27.695, 28.482]","(27.877, 28.664]","(26.582, 27.372]","(26.72, 27.513]","(382367.9, 398040.943]"
2008-12-24,26.707,27.795,26.707,27.2,183595,"(26.122, 26.908]","(27.09, 27.877]","(26.582, 27.372]","(26.72, 27.513]","(178618.343, 194291.386]"
2008-12-26,27.649,27.649,27.208,27.432,143170,"(26.908, 27.695]","(27.09, 27.877]","(26.582, 27.372]","(26.72, 27.513]","(131599.214, 147272.257]"
2008-12-29,27.26,28.251,27.096,27.415,283186,"(26.908, 27.695]","(27.877, 28.664]","(26.582, 27.372]","(26.72, 27.513]","(272656.6, 288329.643]"
2008-12-30,27.614,28.142,27.276,28.132,283848,"(26.908, 27.695]","(27.877, 28.664]","(26.582, 27.372]","(27.513, 28.305]","(272656.6, 288329.643]"
2008-12-31,28.251,28.727,27.873,28.494,353734,"(27.695, 28.482]","(28.664, 29.45]","(27.372, 28.163]","(28.305, 29.098]","(351021.814, 366694.857]"
2009-01-02,28.494,29.351,28.392,29.263,237507,"(28.482, 29.269]","(28.664, 29.45]","(28.163, 28.954]","(29.098, 29.891]","(225637.471, 241310.514]"
2009-01-05,30.024,30.024,28.727,29.351,274125,"(29.269, 30.056]","(29.45, 30.237]","(28.163, 28.954]","(29.098, 29.891]","(272656.6, 288329.643]"
2009-01-06,29.02,29.463,28.938,29.245,127540,"(28.482, 29.269]","(29.45, 30.237]","(28.163, 28.954]","(29.098, 29.891]","(115926.171, 131599.214]"
2009-01-07,29.245,29.245,28.34,28.599,95517,"(28.482, 29.269]","(28.664, 29.45]","(28.163, 28.954]","(28.305, 29.098]","(84580.086, 100253.129]"
2009-01-08,28.521,28.694,28.251,28.504,211878,"(28.482, 29.269]","(28.664, 29.45]","(28.163, 28.954]","(28.305, 29.098]","(209964.429, 225637.471]"
2009-01-09,28.348,28.348,27.812,27.812,151966,"(27.695, 28.482]","(27.877, 28.664]","(27.372, 28.163]","(27.513, 28.305]","(147272.257, 162945.3]"
2009-01-12,27.908,27.908,26.929,27.105,75514,"(27.695, 28.482]","(27.877, 28.664]","(26.582, 27.372]","(26.72, 27.513]","(68907.043, 84580.086]"
2009-01-13,27.105,27.121,26.757,26.871,134084,"(26.908, 27.695]","(27.09, 27.877]","(26.582, 27.372]","(26.72, 27.513]","(131599.214, 147272.257]"
2009-01-14,26.766,26.766,25.79,25.929,234784,"(26.122, 26.908]","(26.303, 27.09]","(25.0, 25.791]","(25.927, 26.72]","(225637.471, 241310.514]"
2009-01-15,26.17,26.621,25.316,26.23,158203,"(26.122, 26.908]","(26.303, 27.09]","(25.0, 25.791]","(25.927, 26.72]","(147272.257, 162945.3]"
2009-01-16,27.432,27.432,25.913,26.55,91620,"(26.908, 27.695]","(27.09, 27.877]","(25.791, 26.582]","(25.927, 26.72]","(84580.086, 100253.129]"
2009-01-20,27.639,27.639,24.51,24.601,169425,"(26.908, 27.695]","(27.09, 27.877]","(24.21, 25.0]","(24.341, 25.134]","(162945.3, 178618.343]"
2009-01-21,24.851,25.92,24.601,25.92,74394,"(24.548, 25.335]","(25.517, 26.303]","(24.21, 25.0]","(25.134, 25.927]","(68907.043, 84580.086]"
2009-01-22,26.17,26.17,24.858,25.419,192429,"(26.122, 26.908]","(25.517, 26.303]","(24.21, 25.0]","(25.134, 25.927]","(178618.343, 194291.386]"
2009-01-23,25.271,25.609,24.623,25.452,120070,"(24.548, 25.335]","(25.517, 26.303]","(24.21, 25.0]","(25.134, 25.927]","(115926.171, 131599.214]"
2009-01-26,25.506,26.162,25.343,25.627,147696,"(25.335, 26.122]","(25.517, 26.303]","(25.0, 25.791]","(25.134, 25.927]","(147272.257, 162945.3]"
2009-01-27,26.025,26.396,25.627,26.12,229727,"(25.335, 26.122]","(26.303, 27.09]","(25.0, 25.791]","(25.927, 26.72]","(225637.471, 241310.514]"
2009-01-29,26.302,26.792,25.775,25.775,115972,"(26.122, 26.908]","(26.303, 27.09]","(25.0, 25.791]","(25.134, 25.927]","(115926.171, 131599.214]"
2009-02-02,25.057,25.575,24.962,25.359,231266,"(24.548, 25.335]","(25.517, 26.303]","(24.21, 25.0]","(25.134, 25.927]","(225637.471, 241310.514]"
2009-02-05,25.479,26.801,25.452,26.801,65291,"(25.335, 26.122]","(26.303, 27.09]","(25.0, 25.791]","(26.72, 27.513]","(52136.886000000006, 68907.043]"
2009-02-06,26.489,26.964,26.489,26.956,63529,"(26.122, 26.908]","(26.303, 27.09]","(25.791, 26.582]","(26.72, 27.513]","(52136.886000000006, 68907.043]"
2009-02-09,27.19,27.208,26.102,26.881,73350,"(26.908, 27.695]","(27.09, 27.877]","(25.791, 26.582]","(26.72, 27.513]","(68907.043, 84580.086]"
2009-02-10,26.7,26.7,25.479,25.627,58465,"(26.122, 26.908]","(26.303, 27.09]","(25.0, 25.791]","(25.134, 25.927]","(52136.886000000006, 68907.043]"
2009-02-11,26.075,26.075,25.359,25.807,58124,"(25.335, 26.122]","(25.517, 26.303]","(25.0, 25.791]","(25.134, 25.927]","(52136.886000000006, 68907.043]"
2009-02-12,25.445,25.748,25.057,25.748,58363,"(25.335, 26.122]","(25.517, 26.303]","(25.0, 25.791]","(25.134, 25.927]","(52136.886000000006, 68907.043]"
2009-02-13,25.669,25.963,25.47,25.651,80711,"(25.335, 26.122]","(25.517, 26.303]","(25.0, 25.791]","(25.134, 25.927]","(68907.043, 84580.086]"
2009-02-17,24.762,24.779,24.201,24.277,158796,"(24.548, 25.335]","(24.73, 25.517]","(23.419, 24.21]","(23.548, 24.341]","(147272.257, 162945.3]"
2009-02-18,24.538,24.538,23.975,24.13,222698,"(23.761, 24.548]","(23.943, 24.73]","(23.419, 24.21]","(23.548, 24.341]","(209964.429, 225637.471]"
2009-02-19,24.409,24.712,23.967,24.063,163884,"(23.761, 24.548]","(23.943, 24.73]","(23.419, 24.21]","(23.548, 24.341]","(162945.3, 178618.343]"
2009-02-20,23.423,24.02,23.26,23.329,196094,"(22.974, 23.761]","(23.943, 24.73]","(22.628, 23.419]","(22.755, 23.548]","(194291.386, 209964.429]"
2009-02-23,23.888,23.924,22.938,22.956,178745,"(23.761, 24.548]","(23.156, 23.943]","(22.628, 23.419]","(22.755, 23.548]","(178618.343, 194291.386]"
2009-02-24,23.233,23.967,23.026,23.855,159130,"(22.974, 23.761]","(23.943, 24.73]","(22.628, 23.419]","(23.548, 24.341]","(147272.257, 162945.3]"
2009-02-25,23.803,23.839,23.129,23.51,68617,"(23.761, 24.548]","(23.156, 23.943]","(22.628, 23.419]","(22.755, 23.548]","(52136.886000000006, 68907.043]"
2009-02-26,23.776,23.932,23.207,23.345,91261,"(23.761, 24.548]","(23.156, 23.943]","(22.628, 23.419]","(22.755, 23.548]","(84580.086, 100253.129]"
2009-02-27,23.129,23.406,22.724,22.982,408052,"(22.974, 23.761]","(23.156, 23.943]","(22.628, 23.419]","(22.755, 23.548]","(398040.943, 413713.986]"
2009-03-02,22.663,22.663,21.696,21.807,112558,"(22.187, 22.974]","(22.37, 23.156]","(20.994999999999997, 21.838]","(21.116, 21.962]","(100253.129, 115926.171]"
2009-03-03,21.867,22.084,21.489,21.625,137265,"(21.348, 22.187]","(21.531, 22.37]","(20.994999999999997, 21.838]","(21.116, 21.962]","(131599.214, 147272.257]"
2009-03-04,22.541,22.826,22.075,22.541,72894,"(22.187, 22.974]","(22.37, 23.156]","(21.838, 22.628]","(21.962, 22.755]","(68907.043, 84580.086]"
2009-03-05,22.549,22.549,21.374,21.616,124304,"(22.187, 22.974]","(22.37, 23.156]","(20.994999999999997, 21.838]","(21.116, 21.962]","(115926.171, 131599.214]"
2009-03-06,21.928,22.237,21.047,21.539,130792,"(21.348, 22.187]","(21.531, 22.37]","(20.994999999999997, 21.838]","(21.116, 21.962]","(115926.171, 131599.214]"
2009-03-09,21.4,21.583,21.081,21.169,119375,"(21.348, 22.187]","(21.531, 22.37]","(20.994999999999997, 21.838]","(21.116, 21.962]","(115926.171, 131599.214]"
2009-03-10,21.92,22.699,21.78,22.672,188897,"(21.348, 22.187]","(22.37, 23.156]","(20.994999999999997, 21.838]","(21.962, 22.755]","(178618.343, 194291.386]"
2009-03-11,22.699,22.982,22.5,22.69,70113,"(22.187, 22.974]","(22.37, 23.156]","(21.838, 22.628]","(21.962, 22.755]","(68907.043, 84580.086]"
2009-03-12,22.663,23.632,22.5,23.528,75020,"(22.187, 22.974]","(23.156, 23.943]","(21.838, 22.628]","(22.755, 23.548]","(68907.043, 84580.086]"
2009-03-13,23.916,24.194,23.277,24.194,143305,"(23.761, 24.548]","(23.943, 24.73]","(22.628, 23.419]","(23.548, 24.341]","(131599.214, 147272.257]"
2009-03-16,24.219,24.623,23.666,23.666,143315,"(23.761, 24.548]","(23.943, 24.73]","(23.419, 24.21]","(23.548, 24.341]","(131599.214, 147272.257]"
2009-03-17,23.658,24.363,23.484,24.363,160587,"(22.974, 23.761]","(23.943, 24.73]","(23.419, 24.21]","(24.341, 25.134]","(147272.257, 162945.3]"
2009-03-18,24.175,25.126,23.924,24.935,98178,"(23.761, 24.548]","(24.73, 25.517]","(23.419, 24.21]","(24.341, 25.134]","(84580.086, 100253.129]"
2009-03-19,24.097,25.677,23.329,24.806,63265,"(23.761, 24.548]","(25.517, 26.303]","(22.628, 23.419]","(24.341, 25.134]","(52136.886000000006, 68907.043]"
2009-03-20,24.64,24.882,24.27,24.356,118770,"(24.548, 25.335]","(24.73, 25.517]","(24.21, 25.0]","(24.341, 25.134]","(115926.171, 131599.214]"
2009-03-23,24.891,26.238,24.891,26.238,607266,"(24.548, 25.335]","(25.517, 26.303]","(24.21, 25.0]","(25.927, 26.72]","(601790.5, 617463.543]"
2009-03-24,25.97,25.97,25.47,25.488,118298,"(25.335, 26.122]","(25.517, 26.303]","(25.0, 25.791]","(25.134, 25.927]","(115926.171, 131599.214]"
2009-03-25,25.824,26.17,25.186,25.843,84042,"(25.335, 26.122]","(25.517, 26.303]","(25.0, 25.791]","(25.134, 25.927]","(68907.043, 84580.086]"
2009-03-26,26.23,26.31,25.824,26.284,161947,"(26.122, 26.908]","(26.303, 27.09]","(25.791, 26.582]","(25.927, 26.72]","(147272.257, 162945.3]"
2009-03-27,25.987,25.987,25.479,25.558,54236,"(25.335, 26.122]","(25.517, 26.303]","(25.0, 25.791]","(25.134, 25.927]","(52136.886000000006, 68907.043]"
2009-03-30,24.865,24.891,23.76,24.5,156855,"(24.548, 25.335]","(24.73, 25.517]","(23.419, 24.21]","(24.341, 25.134]","(147272.257, 162945.3]"
2009-03-31,25.073,25.401,24.702,25.013,428883,"(24.548, 25.335]","(24.73, 25.517]","(24.21, 25.0]","(24.341, 25.134]","(413713.986, 429387.029]"
2009-04-01,24.444,25.677,24.444,25.54,153075,"(23.761, 24.548]","(25.517, 26.303]","(24.21, 25.0]","(25.134, 25.927]","(147272.257, 162945.3]"
2009-04-02,26.293,27.079,26.293,26.621,62767,"(26.122, 26.908]","(26.303, 27.09]","(25.791, 26.582]","(25.927, 26.72]","(52136.886000000006, 68907.043]"
2009-04-03,27.079,27.079,25.979,26.74,72910,"(26.908, 27.695]","(26.303, 27.09]","(25.791, 26.582]","(26.72, 27.513]","(68907.043, 84580.086]"
2009-04-06,26.956,26.956,26.058,26.465,73253,"(26.908, 27.695]","(26.303, 27.09]","(25.791, 26.582]","(25.927, 26.72]","(68907.043, 84580.086]"
2009-04-07,26.006,26.17,25.775,25.86,77103,"(25.335, 26.122]","(25.517, 26.303]","(25.0, 25.791]","(25.134, 25.927]","(68907.043, 84580.086]"
2009-04-08,25.944,27.181,25.904,26.266,114333,"(25.335, 26.122]","(27.09, 27.877]","(25.791, 26.582]","(25.927, 26.72]","(100253.129, 115926.171]"
2009-04-09,27.2,27.2,26.811,27.181,63169,"(26.908, 27.695]","(27.09, 27.877]","(26.582, 27.372]","(26.72, 27.513]","(52136.886000000006, 68907.043]"
2009-04-13,27.218,27.476,26.645,27.345,67228,"(26.908, 27.695]","(27.09, 27.877]","(26.582, 27.372]","(26.72, 27.513]","(52136.886000000006, 68907.043]"
2009-04-14,27.155,27.649,26.782,26.973,178702,"(26.908, 27.695]","(27.09, 27.877]","(26.582, 27.372]","(26.72, 27.513]","(178618.343, 194291.386]"
2009-04-15,27.232,27.312,26.724,27.302,98572,"(26.908, 27.695]","(27.09, 27.877]","(26.582, 27.372]","(26.72, 27.513]","(84580.086, 100253.129]"
2009-04-16,27.526,27.752,27.172,27.624,89688,"(26.908, 27.695]","(27.09, 27.877]","(26.582, 27.372]","(27.513, 28.305]","(84580.086, 100253.129]"
2009-04-17,27.777,27.795,27.38,27.571,56678,"(27.695, 28.482]","(27.09, 27.877]","(27.372, 28.163]","(27.513, 28.305]","(52136.886000000006, 68907.043]"
2009-04-20,27.821,27.821,26.31,26.31,63109,"(27.695, 28.482]","(27.09, 27.877]","(25.791, 26.582]","(25.927, 26.72]","(52136.886000000006, 68907.043]"
2009-04-21,26.058,26.973,25.963,26.897,74780,"(25.335, 26.122]","(26.303, 27.09]","(25.791, 26.582]","(26.72, 27.513]","(68907.043, 84580.086]"
2009-04-22,27.26,27.345,26.586,26.74,128240,"(26.908, 27.695]","(27.09, 27.877]","(26.582, 27.372]","(26.72, 27.513]","(115926.171, 131599.214]"
2009-04-23,27.146,27.33,26.748,27.302,116242,"(26.908, 27.695]","(27.09, 27.877]","(26.582, 27.372]","(26.72, 27.513]","(115926.171, 131599.214]"
2009-04-24,27.571,27.882,27.451,27.607,140322,"(26.908, 27.695]","(27.877, 28.664]","(27.372, 28.163]","(27.513, 28.305]","(131599.214, 147272.257]"
2009-04-27,27.208,27.598,26.871,27.295,132590,"(26.908, 27.695]","(27.09, 27.877]","(26.582, 27.372]","(26.72, 27.513]","(131599.214, 147272.257]"
2009-04-28,26.992,27.69,26.654,27.071,66844,"(26.908, 27.695]","(27.09, 27.877]","(26.582, 27.372]","(26.72, 27.513]","(52136.886000000006, 68907.043]"
2009-04-29,27.397,28.217,27.397,27.777,76437,"(26.908, 27.695]","(27.877, 28.664]","(27.372, 28.163]","(27.513, 28.305]","(68907.043, 84580.086]"
2009-04-30,28.357,28.504,27.777,28.03,116181,"(27.695, 28.482]","(27.877, 28.664]","(27.372, 28.163]","(27.513, 28.305]","(115926.171, 131599.214]"
2009-05-04,29.101,29.445,28.641,29.445,98650,"(28.482, 29.269]","(28.664, 29.45]","(28.163, 28.954]","(29.098, 29.891]","(84580.086, 100253.129]"
2009-05-05,29.463,29.463,29.03,29.273,89510,"(29.269, 30.056]","(29.45, 30.237]","(28.954, 29.744]","(29.098, 29.891]","(84580.086, 100253.129]"
2009-05-06,29.498,29.913,29.344,29.74,168894,"(29.269, 30.056]","(29.45, 30.237]","(28.954, 29.744]","(29.098, 29.891]","(162945.3, 178618.343]"
2009-05-07,30.386,30.386,29.083,29.4,127949,"(30.056, 30.843]","(30.237, 31.024]","(28.954, 29.744]","(29.098, 29.891]","(115926.171, 131599.214]"
2009-05-08,29.997,30.543,29.807,30.449,246413,"(29.269, 30.056]","(30.237, 31.024]","(29.744, 30.535]","(29.891, 30.684]","(241310.514, 256983.557]"
2009-05-11,30.835,30.835,29.506,29.567,130838,"(30.056, 30.843]","(30.237, 31.024]","(28.954, 29.744]","(29.098, 29.891]","(115926.171, 131599.214]"
2009-05-18,29.533,30.05,29.299,30.05,785537,"(29.269, 30.056]","(29.45, 30.237]","(28.954, 29.744]","(29.891, 30.684]","(774193.971, 789867.014]"
2009-05-19,29.869,30.413,29.869,30.169,74770,"(29.269, 30.056]","(30.237, 31.024]","(29.744, 30.535]","(29.891, 30.684]","(68907.043, 84580.086]"
2009-05-20,30.169,30.783,30.154,30.154,88305,"(30.056, 30.843]","(30.237, 31.024]","(29.744, 30.535]","(29.891, 30.684]","(84580.086, 100253.129]"
2009-05-21,29.903,29.921,29.455,29.877,93832,"(29.269, 30.056]","(29.45, 30.237]","(28.954, 29.744]","(29.098, 29.891]","(84580.086, 100253.129]"
2009-05-22,29.895,30.213,29.798,29.98,74504,"(29.269, 30.056]","(29.45, 30.237]","(29.744, 30.535]","(29.891, 30.684]","(68907.043, 84580.086]"
2009-05-26,29.708,30.656,29.281,30.602,99214,"(29.269, 30.056]","(30.237, 31.024]","(28.954, 29.744]","(29.891, 30.684]","(84580.086, 100253.129]"
2009-05-27,30.707,30.724,29.963,30.085,56865,"(30.056, 30.843]","(30.237, 31.024]","(29.744, 30.535]","(29.891, 30.684]","(52136.886000000006, 68907.043]"
2009-06-01,31.07,32.124,31.07,31.917,127043,"(30.843, 31.63]","(31.81, 32.597]","(30.535, 31.326]","(31.477, 32.27]","(115926.171, 131599.214]"
2009-06-02,31.82,32.013,31.416,31.863,57289,"(31.63, 32.417]","(31.81, 32.597]","(31.326, 32.116]","(31.477, 32.27]","(52136.886000000006, 68907.043]"
2009-06-04,31.407,31.578,31.093,31.501,94801,"(30.843, 31.63]","(31.024, 31.81]","(30.535, 31.326]","(31.477, 32.27]","(84580.086, 100253.129]"
2009-06-05,31.863,31.863,31.093,31.346,93560,"(31.63, 32.417]","(31.81, 32.597]","(30.535, 31.326]","(30.684, 31.477]","(84580.086, 100253.129]"
2009-06-09,31.321,31.493,31.192,31.477,72296,"(30.843, 31.63]","(31.024, 31.81]","(30.535, 31.326]","(30.684, 31.477]","(68907.043, 84580.086]"
2009-06-11,31.882,32.184,31.477,31.855,121207,"(31.63, 32.417]","(31.81, 32.597]","(31.326, 32.116]","(31.477, 32.27]","(115926.171, 131599.214]"
2009-06-12,31.682,31.77,31.477,31.77,117903,"(31.63, 32.417]","(31.024, 31.81]","(31.326, 32.116]","(31.477, 32.27]","(115926.171, 131599.214]"
2009-06-15,31.656,31.656,30.56,30.801,62449,"(31.63, 32.417]","(31.024, 31.81]","(30.535, 31.326]","(30.684, 31.477]","(52136.886000000006, 68907.043]"
2009-06-16,31.426,31.426,30.327,30.386,127076,"(30.843, 31.63]","(31.024, 31.81]","(29.744, 30.535]","(29.891, 30.684]","(115926.171, 131599.214]"
2009-06-17,30.56,30.56,29.93,30.258,92155,"(30.056, 30.843]","(30.237, 31.024]","(29.744, 30.535]","(29.891, 30.684]","(84580.086, 100253.129]"
2009-06-18,30.239,30.551,30.154,30.327,90628,"(30.056, 30.843]","(30.237, 31.024]","(29.744, 30.535]","(29.891, 30.684]","(84580.086, 100253.129]"
2009-06-19,30.336,30.742,30.336,30.413,201833,"(30.056, 30.843]","(30.237, 31.024]","(29.744, 30.535]","(29.891, 30.684]","(194291.386, 209964.429]"
2009-06-22,30.336,30.336,29.48,29.48,92130,"(30.056, 30.843]","(30.237, 31.024]","(28.954, 29.744]","(29.098, 29.891]","(84580.086, 100253.129]"
2009-06-30,31.061,31.061,30.35,30.466,138409,"(30.843, 31.63]","(31.024, 31.81]","(29.744, 30.535]","(29.891, 30.684]","(131599.214, 147272.257]"
2009-07-01,30.955,31.192,30.949,31.009,118584,"(30.843, 31.63]","(31.024, 31.81]","(30.535, 31.326]","(30.684, 31.477]","(115926.171, 131599.214]"
2009-07-02,30.733,30.733,30.094,30.094,62219,"(30.056, 30.843]","(30.237, 31.024]","(29.744, 30.535]","(29.891, 30.684]","(52136.886000000006, 68907.043]"
2009-07-06,29.698,30.05,29.626,30.05,120176,"(29.269, 30.056]","(29.45, 30.237]","(28.954, 29.744]","(29.891, 30.684]","(115926.171, 131599.214]"
2009-07-07,30.094,30.094,29.392,29.445,110848,"(30.056, 30.843]","(29.45, 30.237]","(28.954, 29.744]","(29.098, 29.891]","(100253.129, 115926.171]"
2009-07-08,29.4,29.617,28.893,29.367,76966,"(29.269, 30.056]","(29.45, 30.237]","(28.163, 28.954]","(29.098, 29.891]","(68907.043, 84580.086]"
2009-07-10,29.384,29.488,29.161,29.488,177073,"(29.269, 30.056]","(29.45, 30.237]","(28.954, 29.744]","(29.098, 29.891]","(162945.3, 178618.343]"
2009-07-13,29.551,30.094,29.136,30.059,219983,"(29.269, 30.056]","(29.45, 30.237]","(28.954, 29.744]","(29.891, 30.684]","(209964.429, 225637.471]"
2009-07-14,30.258,30.931,29.971,30.258,135888,"(30.056, 30.843]","(30.237, 31.024]","(29.744, 30.535]","(29.891, 30.684]","(131599.214, 147272.257]"
2009-07-15,30.871,31.36,30.801,31.295,324644,"(30.843, 31.63]","(31.024, 31.81]","(30.535, 31.326]","(30.684, 31.477]","(319675.729, 335348.771]"
2009-07-16,31.165,31.553,31.102,31.443,181322,"(30.843, 31.63]","(31.024, 31.81]","(30.535, 31.326]","(30.684, 31.477]","(178618.343, 194291.386]"
2009-07-17,31.416,31.57,31.268,31.509,83948,"(30.843, 31.63]","(31.024, 31.81]","(30.535, 31.326]","(31.477, 32.27]","(68907.043, 84580.086]"
2009-07-20,31.986,32.114,31.778,32.105,114896,"(31.63, 32.417]","(31.81, 32.597]","(31.326, 32.116]","(31.477, 32.27]","(100253.129, 115926.171]"
2009-07-21,32.4,32.434,31.82,32.105,112224,"(31.63, 32.417]","(31.81, 32.597]","(31.326, 32.116]","(31.477, 32.27]","(100253.129, 115926.171]"
2009-07-22,32.004,32.391,31.846,32.201,257946,"(31.63, 32.417]","(31.81, 32.597]","(31.326, 32.116]","(31.477, 32.27]","(256983.557, 272656.6]"
2009-07-23,32.238,33.048,32.201,32.919,1038851,"(31.63, 32.417]","(32.597, 33.384]","(32.116, 32.907]","(32.27, 33.063]","(1024962.657, 1040635.7]"
2009-07-24,32.813,33.004,32.539,33.004,95337,"(32.417, 33.204]","(32.597, 33.384]","(32.116, 32.907]","(32.27, 33.063]","(84580.086, 100253.129]"
2009-07-29,32.902,32.902,32.488,32.632,58063,"(32.417, 33.204]","(32.597, 33.384]","(32.116, 32.907]","(32.27, 33.063]","(52136.886000000006, 68907.043]"
2009-07-30,33.238,33.582,33.177,33.299,79960,"(33.204, 33.991]","(33.384, 34.171]","(32.907, 33.698]","(33.063, 33.856]","(68907.043, 84580.086]"
2009-07-31,33.447,33.756,33.275,33.55,89215,"(33.204, 33.991]","(33.384, 34.171]","(32.907, 33.698]","(33.063, 33.856]","(84580.086, 100253.129]"
2009-08-03,34.181,34.326,33.962,34.276,94052,"(33.991, 34.778]","(34.171, 34.957]","(33.698, 34.488]","(33.856, 34.649]","(84580.086, 100253.129]"
2009-08-04,33.93,34.317,33.862,34.162,115957,"(33.204, 33.991]","(34.171, 34.957]","(33.698, 34.488]","(33.856, 34.649]","(115926.171, 131599.214]"
2009-08-05,34.171,34.25,33.739,34.127,135136,"(33.991, 34.778]","(34.171, 34.957]","(33.698, 34.488]","(33.856, 34.649]","(131599.214, 147272.257]"
2009-08-06,34.35,34.387,33.697,33.904,64407,"(33.991, 34.778]","(34.171, 34.957]","(32.907, 33.698]","(33.856, 34.649]","(52136.886000000006, 68907.043]"
2009-08-07,34.145,34.309,33.939,34.145,182545,"(33.991, 34.778]","(34.171, 34.957]","(33.698, 34.488]","(33.856, 34.649]","(178618.343, 194291.386]"
2009-08-10,34.145,34.145,33.706,33.93,81577,"(33.991, 34.778]","(33.384, 34.171]","(33.698, 34.488]","(33.856, 34.649]","(68907.043, 84580.086]"
2009-08-11,33.791,33.834,33.384,33.566,88965,"(33.204, 33.991]","(33.384, 34.171]","(32.907, 33.698]","(33.063, 33.856]","(84580.086, 100253.129]"
2009-08-12,33.566,34.162,33.525,33.939,62993,"(33.204, 33.991]","(33.384, 34.171]","(32.907, 33.698]","(33.856, 34.649]","(52136.886000000006, 68907.043]"
2009-08-13,34.576,34.576,33.962,34.359,292680,"(33.991, 34.778]","(34.171, 34.957]","(33.698, 34.488]","(33.856, 34.649]","(288329.643, 304002.686]"
2009-08-14,34.414,34.414,33.732,34.008,65166,"(33.991, 34.778]","(34.171, 34.957]","(33.698, 34.488]","(33.856, 34.649]","(52136.886000000006, 68907.043]"
2009-08-17,33.168,33.195,32.857,32.996,81864,"(32.417, 33.204]","(32.597, 33.384]","(32.116, 32.907]","(32.27, 33.063]","(68907.043, 84580.086]"
2009-08-18,33.284,33.543,33.152,33.447,135220,"(33.204, 33.991]","(33.384, 34.171]","(32.907, 33.698]","(33.063, 33.856]","(131599.214, 147272.257]"
2009-08-19,33.065,33.773,32.677,33.582,77241,"(32.417, 33.204]","(33.384, 34.171]","(32.116, 32.907]","(33.063, 33.856]","(68907.043, 84580.086]"
2009-08-20,33.765,34.075,33.756,33.972,83813,"(33.204, 33.991]","(33.384, 34.171]","(33.698, 34.488]","(33.856, 34.649]","(68907.043, 84580.086]"
2009-08-21,34.35,34.768,34.295,34.664,153816,"(33.991, 34.778]","(34.171, 34.957]","(33.698, 34.488]","(34.649, 35.442]","(147272.257, 162945.3]"
2009-08-24,34.707,35.069,34.629,34.707,215018,"(33.991, 34.778]","(34.957, 35.744]","(34.488, 35.279]","(34.649, 35.442]","(209964.429, 225637.471]"
2009-08-25,35.095,35.156,34.785,34.801,909119,"(34.778, 35.565]","(34.957, 35.744]","(34.488, 35.279]","(34.649, 35.442]","(899578.314, 915251.357]"
2009-08-26,34.707,34.768,34.484,34.689,529129,"(33.991, 34.778]","(34.171, 34.957]","(33.698, 34.488]","(34.649, 35.442]","(523425.286, 539098.329]"
2009-08-27,34.56,34.975,34.259,34.793,209618,"(33.991, 34.778]","(34.957, 35.744]","(33.698, 34.488]","(34.649, 35.442]","(194291.386, 209964.429]"
2009-08-28,35.252,35.252,34.612,34.785,112791,"(34.778, 35.565]","(34.957, 35.744]","(34.488, 35.279]","(34.649, 35.442]","(100253.129, 115926.171]"
2009-08-31,35.053,35.053,34.223,34.449,254531,"(34.778, 35.565]","(34.957, 35.744]","(33.698, 34.488]","(33.856, 34.649]","(241310.514, 256983.557]"
2009-09-01,34.395,34.707,33.599,33.697,361393,"(33.991, 34.778]","(34.171, 34.957]","(32.907, 33.698]","(33.063, 33.856]","(351021.814, 366694.857]"
2009-09-03,34.111,34.127,33.773,34.127,87912,"(33.991, 34.778]","(33.384, 34.171]","(33.698, 34.488]","(33.856, 34.649]","(84580.086, 100253.129]"
2009-09-04,34.241,34.646,34.016,34.56,93537,"(33.991, 34.778]","(34.171, 34.957]","(33.698, 34.488]","(33.856, 34.649]","(84580.086, 100253.129]"
2009-09-08,35.313,35.415,34.993,35.189,100056,"(34.778, 35.565]","(34.957, 35.744]","(34.488, 35.279]","(34.649, 35.442]","(84580.086, 100253.129]"
2009-09-09,35.053,35.639,35.053,35.51,121437,"(34.778, 35.565]","(34.957, 35.744]","(34.488, 35.279]","(35.442, 36.235]","(115926.171, 131599.214]"
2009-09-10,35.545,35.881,35.286,35.881,116496,"(34.778, 35.565]","(35.744, 36.531]","(35.279, 36.07]","(35.442, 36.235]","(115926.171, 131599.214]"
2009-09-11,35.986,36.089,35.7,35.84,78752,"(35.565, 36.352]","(35.744, 36.531]","(35.279, 36.07]","(35.442, 36.235]","(68907.043, 84580.086]"
2009-09-14,36.297,36.297,35.493,35.951,55943,"(35.565, 36.352]","(35.744, 36.531]","(35.279, 36.07]","(35.442, 36.235]","(52136.886000000006, 68907.043]"
2009-09-15,35.951,36.195,35.667,36.106,98776,"(35.565, 36.352]","(35.744, 36.531]","(35.279, 36.07]","(35.442, 36.235]","(84580.086, 100253.129]"
2009-09-16,36.53,36.789,36.27,36.729,162396,"(36.352, 37.138]","(36.531, 37.317]","(36.07, 36.86]","(36.235, 37.028]","(147272.257, 162945.3]"
2009-09-17,36.702,37.154,36.486,36.668,201858,"(36.352, 37.138]","(36.531, 37.317]","(36.07, 36.86]","(36.235, 37.028]","(194291.386, 209964.429]"
2009-09-18,36.771,36.823,36.52,36.685,63264,"(36.352, 37.138]","(36.531, 37.317]","(36.07, 36.86]","(36.235, 37.028]","(52136.886000000006, 68907.043]"
2009-09-21,36.289,36.461,36.08,36.382,131093,"(35.565, 36.352]","(35.744, 36.531]","(36.07, 36.86]","(36.235, 37.028]","(115926.171, 131599.214]"
2009-09-22,36.738,36.962,36.633,36.901,929825,"(36.352, 37.138]","(36.531, 37.317]","(36.07, 36.86]","(36.235, 37.028]","(915251.357, 930924.4]"
2009-09-23,37.064,37.154,36.382,36.437,134180,"(36.352, 37.138]","(36.531, 37.317]","(36.07, 36.86]","(36.235, 37.028]","(131599.214, 147272.257]"
2009-09-24,36.702,36.702,35.727,35.9,63115,"(36.352, 37.138]","(36.531, 37.317]","(35.279, 36.07]","(35.442, 36.235]","(52136.886000000006, 68907.043]"
2009-09-25,35.881,36.056,35.649,35.814,87628,"(35.565, 36.352]","(35.744, 36.531]","(35.279, 36.07]","(35.442, 36.235]","(84580.086, 100253.129]"
2009-09-28,35.909,36.478,35.863,36.349,141462,"(35.565, 36.352]","(35.744, 36.531]","(35.279, 36.07]","(36.235, 37.028]","(131599.214, 147272.257]"
2009-09-29,36.494,36.494,36.08,36.297,194834,"(36.352, 37.138]","(35.744, 36.531]","(36.07, 36.86]","(36.235, 37.028]","(194291.386, 209964.429]"
2009-09-30,36.53,36.583,35.863,36.252,73589,"(36.352, 37.138]","(36.531, 37.317]","(35.279, 36.07]","(36.235, 37.028]","(68907.043, 84580.086]"
2009-10-01,36.123,36.123,35.235,35.313,107407,"(35.565, 36.352]","(35.744, 36.531]","(34.488, 35.279]","(34.649, 35.442]","(100253.129, 115926.171]"
2009-10-05,35.189,35.709,35.077,35.624,115167,"(34.778, 35.565]","(34.957, 35.744]","(34.488, 35.279]","(35.442, 36.235]","(100253.129, 115926.171]"
2009-10-06,36.056,36.392,35.856,36.062,229152,"(35.565, 36.352]","(35.744, 36.531]","(35.279, 36.07]","(35.442, 36.235]","(225637.471, 241310.514]"
2009-10-08,36.712,36.901,36.453,36.738,118847,"(36.352, 37.138]","(36.531, 37.317]","(36.07, 36.86]","(36.235, 37.028]","(115926.171, 131599.214]"
2009-10-09,36.702,36.789,36.478,36.789,66945,"(36.352, 37.138]","(36.531, 37.317]","(36.07, 36.86]","(36.235, 37.028]","(52136.886000000006, 68907.043]"
2009-10-12,36.842,37.326,36.842,36.979,77478,"(36.352, 37.138]","(37.317, 38.104]","(36.07, 36.86]","(36.235, 37.028]","(68907.043, 84580.086]"
2009-10-13,36.901,36.955,36.625,36.901,84684,"(36.352, 37.138]","(36.531, 37.317]","(36.07, 36.86]","(36.235, 37.028]","(84580.086, 100253.129]"
2009-10-14,37.636,37.766,37.369,37.766,126786,"(37.138, 37.925]","(37.317, 38.104]","(36.86, 37.651]","(37.028, 37.821]","(115926.171, 131599.214]"
2009-10-15,37.602,37.825,37.471,37.807,120200,"(37.138, 37.925]","(37.317, 38.104]","(36.86, 37.651]","(37.028, 37.821]","(115926.171, 131599.214]"
2009-10-16,37.385,37.489,37.092,37.377,85793,"(37.138, 37.925]","(37.317, 38.104]","(36.86, 37.651]","(37.028, 37.821]","(84580.086, 100253.129]"
2009-10-19,37.612,37.972,37.489,37.906,142487,"(37.138, 37.925]","(37.317, 38.104]","(36.86, 37.651]","(37.821, 38.614]","(131599.214, 147272.257]"
2009-10-20,37.921,38.068,37.326,37.515,273392,"(37.138, 37.925]","(37.317, 38.104]","(36.86, 37.651]","(37.028, 37.821]","(272656.6, 288329.643]"
2009-10-21,37.534,37.972,37.369,37.369,162968,"(37.138, 37.925]","(37.317, 38.104]","(36.86, 37.651]","(37.028, 37.821]","(162945.3, 178618.343]"
2009-10-22,37.42,37.834,37.032,37.75,98189,"(37.138, 37.925]","(37.317, 38.104]","(36.86, 37.651]","(37.028, 37.821]","(84580.086, 100253.129]"
2009-10-23,37.705,37.782,37.024,37.23,127634,"(37.138, 37.925]","(37.317, 38.104]","(36.86, 37.651]","(37.028, 37.821]","(115926.171, 131599.214]"
2009-10-26,37.385,37.644,36.59,36.729,167385,"(37.138, 37.925]","(37.317, 38.104]","(36.07, 36.86]","(36.235, 37.028]","(162945.3, 178618.343]"
2009-10-27,36.66,36.823,36.324,36.419,72886,"(36.352, 37.138]","(36.531, 37.317]","(36.07, 36.86]","(36.235, 37.028]","(68907.043, 84580.086]"
2009-10-28,36.202,36.252,35.345,35.398,231453,"(35.565, 36.352]","(35.744, 36.531]","(35.279, 36.07]","(34.649, 35.442]","(225637.471, 241310.514]"
2009-10-29,35.822,36.633,35.787,36.633,156417,"(35.565, 36.352]","(36.531, 37.317]","(35.279, 36.07]","(36.235, 37.028]","(147272.257, 162945.3]"
2009-10-30,36.461,36.461,35.165,35.337,188834,"(36.352, 37.138]","(35.744, 36.531]","(34.488, 35.279]","(34.649, 35.442]","(178618.343, 194291.386]"
2009-11-02,35.537,36.012,35.165,35.57,104378,"(34.778, 35.565]","(35.744, 36.531]","(34.488, 35.279]","(35.442, 36.235]","(100253.129, 115926.171]"
2009-11-03,35.235,35.692,35.103,35.649,215947,"(34.778, 35.565]","(34.957, 35.744]","(34.488, 35.279]","(35.442, 36.235]","(209964.429, 225637.471]"
2009-11-04,35.933,36.289,35.856,35.881,261781,"(35.565, 36.352]","(35.744, 36.531]","(35.279, 36.07]","(35.442, 36.235]","(256983.557, 272656.6]"
2009-11-05,36.243,36.503,36.123,36.469,519639,"(35.565, 36.352]","(35.744, 36.531]","(36.07, 36.86]","(36.235, 37.028]","(507752.243, 523425.286]"
2009-11-06,36.08,36.503,36.056,36.469,107055,"(35.565, 36.352]","(35.744, 36.531]","(35.279, 36.07]","(36.235, 37.028]","(100253.129, 115926.171]"
2009-11-09,37.18,37.574,36.97,37.558,248984,"(37.138, 37.925]","(37.317, 38.104]","(36.86, 37.651]","(37.028, 37.821]","(241310.514, 256983.557]"
2009-11-10,37.239,37.583,37.18,37.489,106778,"(37.138, 37.925]","(37.317, 38.104]","(36.86, 37.651]","(37.028, 37.821]","(100253.129, 115926.171]"
2009-11-11,37.834,37.913,37.498,37.713,183763,"(37.138, 37.925]","(37.317, 38.104]","(36.86, 37.651]","(37.028, 37.821]","(178618.343, 194291.386]"
2009-11-12,37.525,37.67,37.082,37.17,104541,"(37.138, 37.925]","(37.317, 38.104]","(36.86, 37.651]","(37.028, 37.821]","(100253.129, 115926.171]"
2009-11-13,37.377,37.653,37.154,37.551,77972,"(37.138, 37.925]","(37.317, 38.104]","(36.86, 37.651]","(37.028, 37.821]","(68907.043, 84580.086]"
2009-11-16,37.906,38.319,37.851,38.139,150643,"(37.138, 37.925]","(38.104, 38.891]","(37.651, 38.442]","(37.821, 38.614]","(147272.257, 162945.3]"
2009-11-17,37.705,38.068,37.696,38.051,61349,"(37.138, 37.925]","(37.317, 38.104]","(37.651, 38.442]","(37.821, 38.614]","(52136.886000000006, 68907.043]"
2009-11-18,40.979,40.979,37.74,38.37,82894,"(40.286, 41.073]","(40.464, 41.251]","(37.651, 38.442]","(37.821, 38.614]","(68907.043, 84580.086]"
2009-11-19,37.628,37.696,37.064,37.429,243888,"(37.138, 37.925]","(37.317, 38.104]","(36.86, 37.651]","(37.028, 37.821]","(241310.514, 256983.557]"
2009-11-20,37.126,37.23,36.937,37.18,108975,"(36.352, 37.138]","(36.531, 37.317]","(36.86, 37.651]","(37.028, 37.821]","(100253.129, 115926.171]"
2009-11-23,37.8,38.051,37.688,37.8,93722,"(37.138, 37.925]","(37.317, 38.104]","(37.651, 38.442]","(37.028, 37.821]","(84580.086, 100253.129]"
2009-11-24,37.843,37.843,37.359,37.593,798019,"(37.138, 37.925]","(37.317, 38.104]","(36.86, 37.651]","(37.028, 37.821]","(789867.014, 805540.057]"
2009-11-25,37.879,38.059,37.731,38.042,87306,"(37.138, 37.925]","(37.317, 38.104]","(37.651, 38.442]","(37.821, 38.614]","(84580.086, 100253.129]"
2009-11-27,36.349,37.308,36.349,37.056,99900,"(35.565, 36.352]","(36.531, 37.317]","(36.07, 36.86]","(37.028, 37.821]","(84580.086, 100253.129]"
2009-11-30,37.335,37.359,36.875,37.22,88834,"(37.138, 37.925]","(37.317, 38.104]","(36.86, 37.651]","(37.028, 37.821]","(84580.086, 100253.129]"
2009-12-01,37.913,38.145,37.759,38.007,493912,"(37.138, 37.925]","(38.104, 38.891]","(37.651, 38.442]","(37.821, 38.614]","(492079.2, 507752.243]"
2009-12-02,38.068,38.276,37.955,38.077,89896,"(37.925, 38.712]","(38.104, 38.891]","(37.651, 38.442]","(37.821, 38.614]","(84580.086, 100253.129]"
2009-12-03,38.456,38.456,37.817,37.817,96367,"(37.925, 38.712]","(38.104, 38.891]","(37.651, 38.442]","(37.028, 37.821]","(84580.086, 100253.129]"
2009-12-04,38.328,38.447,37.661,37.888,97722,"(37.925, 38.712]","(38.104, 38.891]","(37.651, 38.442]","(37.821, 38.614]","(84580.086, 100253.129]"
2009-12-07,37.87,37.981,37.67,37.688,80259,"(37.138, 37.925]","(37.317, 38.104]","(37.651, 38.442]","(37.028, 37.821]","(68907.043, 84580.086]"
2009-12-08,37.462,37.653,37.064,37.187,146644,"(37.138, 37.925]","(37.317, 38.104]","(36.86, 37.651]","(37.028, 37.821]","(131599.214, 147272.257]"
2009-12-09,37.263,37.263,36.867,37.255,60814,"(37.138, 37.925]","(36.531, 37.317]","(36.86, 37.651]","(37.028, 37.821]","(52136.886000000006, 68907.043]"
2009-12-11,37.612,37.612,37.335,37.489,97662,"(37.138, 37.925]","(37.317, 38.104]","(36.86, 37.651]","(37.028, 37.821]","(84580.086, 100253.129]"
2009-12-14,37.766,37.843,37.551,37.782,780779,"(37.138, 37.925]","(37.317, 38.104]","(36.86, 37.651]","(37.028, 37.821]","(774193.971, 789867.014]"
2009-12-15,37.583,37.653,37.412,37.498,160283,"(37.138, 37.925]","(37.317, 38.104]","(36.86, 37.651]","(37.028, 37.821]","(147272.257, 162945.3]"
2009-12-16,37.843,37.913,37.636,37.723,100257,"(37.138, 37.925]","(37.317, 38.104]","(36.86, 37.651]","(37.028, 37.821]","(100253.129, 115926.171]"
2009-12-17,37.255,37.282,36.911,36.979,291876,"(37.138, 37.925]","(36.531, 37.317]","(36.86, 37.651]","(36.235, 37.028]","(288329.643, 304002.686]"
2009-12-18,37.18,37.212,36.764,37.154,118143,"(37.138, 37.925]","(36.531, 37.317]","(36.07, 36.86]","(37.028, 37.821]","(115926.171, 131599.214]"
2009-12-21,37.403,37.542,37.246,37.351,78689,"(37.138, 37.925]","(37.317, 38.104]","(36.86, 37.651]","(37.028, 37.821]","(68907.043, 84580.086]"
2009-12-22,37.574,37.602,37.412,37.566,135674,"(37.138, 37.925]","(37.317, 38.104]","(36.86, 37.651]","(37.028, 37.821]","(131599.214, 147272.257]"
2009-12-23,37.825,37.825,37.551,37.775,162463,"(37.138, 37.925]","(37.317, 38.104]","(36.86, 37.651]","(37.028, 37.821]","(147272.257, 162945.3]"
2009-12-24,37.369,37.436,37.317,37.429,78649,"(37.138, 37.925]","(37.317, 38.104]","(36.86, 37.651]","(37.028, 37.821]","(68907.043, 84580.086]"
2009-12-28,37.636,37.636,37.412,37.515,107895,"(37.138, 37.925]","(37.317, 38.104]","(36.86, 37.651]","(37.028, 37.821]","(100253.129, 115926.171]"
2009-12-29,37.62,37.775,37.454,37.498,111376,"(37.138, 37.925]","(37.317, 38.104]","(36.86, 37.651]","(37.028, 37.821]","(100253.129, 115926.171]"
2009-12-30,37.3,37.551,37.246,37.42,126746,"(37.138, 37.925]","(37.317, 38.104]","(36.86, 37.651]","(37.028, 37.821]","(115926.171, 131599.214]"
2009-12-31,37.661,38.438,37.18,37.23,156613,"(37.138, 37.925]","(38.104, 38.891]","(36.86, 37.651]","(37.028, 37.821]","(147272.257, 162945.3]"
2010-01-04,37.782,38.145,37.628,38.103,425518,"(37.138, 37.925]","(38.104, 38.891]","(36.86, 37.651]","(37.821, 38.614]","(413713.986, 429387.029]"
2010-01-05,38.198,38.294,37.981,38.214,1150347,"(37.925, 38.712]","(38.104, 38.891]","(37.651, 38.442]","(37.821, 38.614]","(1134673.957, 1150347.0]"
2010-01-06,38.163,38.405,38.112,38.405,156873,"(37.925, 38.712]","(38.104, 38.891]","(37.651, 38.442]","(37.821, 38.614]","(147272.257, 162945.3]"
2010-01-07,38.257,38.354,37.972,38.257,1011833,"(37.925, 38.712]","(38.104, 38.891]","(37.651, 38.442]","(37.821, 38.614]","(1009289.614, 1024962.657]"
2010-01-08,38.257,38.508,38.017,38.508,106798,"(37.925, 38.712]","(38.104, 38.891]","(37.651, 38.442]","(37.821, 38.614]","(100253.129, 115926.171]"
2010-01-11,38.749,38.82,38.475,38.629,199362,"(38.712, 39.499]","(38.104, 38.891]","(38.442, 39.232]","(38.614, 39.407]","(194291.386, 209964.429]"
2010-01-12,38.387,38.387,38.033,38.198,115827,"(37.925, 38.712]","(38.104, 38.891]","(37.651, 38.442]","(37.821, 38.614]","(100253.129, 115926.171]"
2010-01-13,38.337,38.56,38.051,38.491,891334,"(37.925, 38.712]","(38.104, 38.891]","(37.651, 38.442]","(37.821, 38.614]","(883905.271, 899578.314]"
2010-01-14,38.491,38.614,38.379,38.595,109168,"(37.925, 38.712]","(38.104, 38.891]","(37.651, 38.442]","(37.821, 38.614]","(100253.129, 115926.171]"
2010-01-15,38.447,38.536,37.931,38.172,349174,"(37.925, 38.712]","(38.104, 38.891]","(37.651, 38.442]","(37.821, 38.614]","(335348.771, 351021.814]"
2010-01-19,38.205,38.62,38.017,38.62,333812,"(37.925, 38.712]","(38.104, 38.891]","(37.651, 38.442]","(38.614, 39.407]","(319675.729, 335348.771]"
2010-01-20,38.103,38.103,37.481,37.851,197278,"(37.925, 38.712]","(37.317, 38.104]","(36.86, 37.651]","(37.821, 38.614]","(194291.386, 209964.429]"
2010-01-21,37.888,37.897,36.911,37.014,1123378,"(37.138, 37.925]","(37.317, 38.104]","(36.86, 37.651]","(36.235, 37.028]","(1119000.914, 1134673.957]"
2010-01-22,36.799,36.937,36.142,36.252,159547,"(36.352, 37.138]","(36.531, 37.317]","(36.07, 36.86]","(36.235, 37.028]","(147272.257, 162945.3]"
2010-01-25,36.625,36.78,36.427,36.53,162021,"(36.352, 37.138]","(36.531, 37.317]","(36.07, 36.86]","(36.235, 37.028]","(147272.257, 162945.3]"
2010-01-26,36.341,36.599,36.08,36.349,172187,"(35.565, 36.352]","(36.531, 37.317]","(36.07, 36.86]","(36.235, 37.028]","(162945.3, 178618.343]"
2010-01-27,36.168,36.28,35.752,36.22,323793,"(35.565, 36.352]","(35.744, 36.531]","(35.279, 36.07]","(35.442, 36.235]","(319675.729, 335348.771]"
2010-01-28,36.444,36.444,35.459,35.683,289577,"(36.352, 37.138]","(35.744, 36.531]","(35.279, 36.07]","(35.442, 36.235]","(288329.643, 304002.686]"
2010-01-29,35.927,36.056,35.165,35.33,174721,"(35.565, 36.352]","(35.744, 36.531]","(34.488, 35.279]","(34.649, 35.442]","(162945.3, 178618.343]"
2010-02-01,35.683,36.048,35.639,36.048,169484,"(35.565, 36.352]","(35.744, 36.531]","(35.279, 36.07]","(35.442, 36.235]","(162945.3, 178618.343]"
2010-02-02,36.227,36.608,36.048,36.599,154330,"(35.565, 36.352]","(36.531, 37.317]","(35.279, 36.07]","(36.235, 37.028]","(147272.257, 162945.3]"
2010-02-03,36.52,36.52,36.123,36.289,95605,"(36.352, 37.138]","(35.744, 36.531]","(36.07, 36.86]","(36.235, 37.028]","(84580.086, 100253.129]"
2010-02-04,35.863,35.863,34.845,35.002,210604,"(35.565, 36.352]","(35.744, 36.531]","(34.488, 35.279]","(34.649, 35.442]","(209964.429, 225637.471]"
2010-02-05,34.759,34.845,33.896,34.698,432733,"(33.991, 34.778]","(34.171, 34.957]","(33.698, 34.488]","(34.649, 35.442]","(429387.029, 445060.071]"
2010-02-08,34.551,34.931,34.368,34.476,138410,"(33.991, 34.778]","(34.171, 34.957]","(33.698, 34.488]","(33.856, 34.649]","(131599.214, 147272.257]"
2010-02-09,35.045,35.443,34.689,35.217,120200,"(34.778, 35.565]","(34.957, 35.744]","(34.488, 35.279]","(34.649, 35.442]","(115926.171, 131599.214]"
2010-02-10,35.189,35.189,34.698,35.027,137040,"(34.778, 35.565]","(34.957, 35.744]","(34.488, 35.279]","(34.649, 35.442]","(131599.214, 147272.257]"
2010-02-11,35.009,35.537,34.81,35.485,110410,"(34.778, 35.565]","(34.957, 35.744]","(34.488, 35.279]","(35.442, 36.235]","(100253.129, 115926.171]"
2010-02-12,34.966,35.294,34.785,35.269,61072,"(34.778, 35.565]","(34.957, 35.744]","(34.488, 35.279]","(34.649, 35.442]","(52136.886000000006, 68907.043]"
2010-02-16,35.615,36.002,35.425,35.993,240341,"(35.565, 36.352]","(35.744, 36.531]","(35.279, 36.07]","(35.442, 36.235]","(225637.471, 241310.514]"
2010-02-17,36.168,36.261,35.96,36.132,99792,"(35.565, 36.352]","(35.744, 36.531]","(35.279, 36.07]","(35.442, 36.235]","(84580.086, 100253.129]"
2010-02-18,36.03,36.373,35.977,36.341,149438,"(35.565, 36.352]","(35.744, 36.531]","(35.279, 36.07]","(36.235, 37.028]","(147272.257, 162945.3]"
2010-02-19,36.089,36.349,35.909,36.252,171791,"(35.565, 36.352]","(35.744, 36.531]","(35.279, 36.07]","(36.235, 37.028]","(162945.3, 178618.343]"
2010-02-22,36.349,36.444,36.158,36.289,231621,"(35.565, 36.352]","(35.744, 36.531]","(36.07, 36.86]","(36.235, 37.028]","(225637.471, 241310.514]"
2010-02-23,36.22,36.22,35.562,35.631,158826,"(35.565, 36.352]","(35.744, 36.531]","(35.279, 36.07]","(35.442, 36.235]","(147272.257, 162945.3]"
2010-02-24,35.796,36.114,35.7,35.933,168792,"(35.565, 36.352]","(35.744, 36.531]","(35.279, 36.07]","(35.442, 36.235]","(162945.3, 178618.343]"
2010-02-25,35.434,35.856,35.189,35.856,196573,"(34.778, 35.565]","(35.744, 36.531]","(34.488, 35.279]","(35.442, 36.235]","(194291.386, 209964.429]"
2010-02-26,35.9,36.132,35.737,36.062,109494,"(35.565, 36.352]","(35.744, 36.531]","(35.279, 36.07]","(35.442, 36.235]","(100253.129, 115926.171]"
2010-03-01,36.202,36.503,36.186,36.382,105971,"(35.565, 36.352]","(35.744, 36.531]","(36.07, 36.86]","(36.235, 37.028]","(100253.129, 115926.171]"
2010-03-02,36.685,36.884,36.53,36.694,82985,"(36.352, 37.138]","(36.531, 37.317]","(36.07, 36.86]","(36.235, 37.028]","(68907.043, 84580.086]"
2010-03-03,36.996,37.136,36.764,36.814,189109,"(36.352, 37.138]","(36.531, 37.317]","(36.07, 36.86]","(36.235, 37.028]","(178618.343, 194291.386]"
2010-03-04,36.911,36.996,36.642,36.884,84964,"(36.352, 37.138]","(36.531, 37.317]","(36.07, 36.86]","(36.235, 37.028]","(84580.086, 100253.129]"
2010-03-05,37.194,37.602,37.056,37.542,95337,"(37.138, 37.925]","(37.317, 38.104]","(36.86, 37.651]","(37.028, 37.821]","(84580.086, 100253.129]"
2010-03-08,37.636,37.696,37.498,37.583,105174,"(37.138, 37.925]","(37.317, 38.104]","(36.86, 37.651]","(37.028, 37.821]","(100253.129, 115926.171]"
2010-03-09,37.369,37.75,37.326,37.583,81876,"(37.138, 37.925]","(37.317, 38.104]","(36.86, 37.651]","(37.028, 37.821]","(68907.043, 84580.086]"
2010-03-10,37.636,37.888,37.551,37.759,72360,"(37.138, 37.925]","(37.317, 38.104]","(36.86, 37.651]","(37.028, 37.821]","(68907.043, 84580.086]"
2010-03-12,38.068,38.068,37.782,37.897,84314,"(37.925, 38.712]","(37.317, 38.104]","(37.651, 38.442]","(37.821, 38.614]","(68907.043, 84580.086]"
2010-03-15,37.713,37.775,37.444,37.74,79617,"(37.138, 37.925]","(37.317, 38.104]","(36.86, 37.651]","(37.028, 37.821]","(68907.043, 84580.086]"
2010-03-17,38.345,38.499,38.257,38.328,132241,"(37.925, 38.712]","(38.104, 38.891]","(37.651, 38.442]","(37.821, 38.614]","(131599.214, 147272.257]"
2010-03-19,38.188,38.276,37.731,37.897,81741,"(37.925, 38.712]","(38.104, 38.891]","(37.651, 38.442]","(37.821, 38.614]","(68907.043, 84580.086]"
2010-03-22,37.507,38.077,37.412,37.998,88406,"(37.138, 37.925]","(37.317, 38.104]","(36.86, 37.651]","(37.821, 38.614]","(84580.086, 100253.129]"
2010-03-23,38.131,38.362,38.017,38.337,114519,"(37.925, 38.712]","(38.104, 38.891]","(37.651, 38.442]","(37.821, 38.614]","(100253.129, 115926.171]"
2010-03-24,37.972,38.362,37.825,38.025,929445,"(37.925, 38.712]","(38.104, 38.891]","(37.651, 38.442]","(37.821, 38.614]","(915251.357, 930924.4]"
2010-03-25,38.354,38.387,37.843,37.906,78754,"(37.925, 38.712]","(38.104, 38.891]","(37.651, 38.442]","(37.821, 38.614]","(68907.043, 84580.086]"
2010-03-26,38.139,38.267,37.87,38.051,234883,"(37.925, 38.712]","(38.104, 38.891]","(37.651, 38.442]","(37.821, 38.614]","(225637.471, 241310.514]"
2010-03-29,38.431,38.484,38.276,38.405,92572,"(37.925, 38.712]","(38.104, 38.891]","(37.651, 38.442]","(37.821, 38.614]","(84580.086, 100253.129]"
2010-03-30,38.56,38.62,38.294,38.499,155061,"(37.925, 38.712]","(38.104, 38.891]","(37.651, 38.442]","(37.821, 38.614]","(147272.257, 162945.3]"
2010-03-31,38.447,38.595,38.276,38.465,82879,"(37.925, 38.712]","(38.104, 38.891]","(37.651, 38.442]","(37.821, 38.614]","(68907.043, 84580.086]"
2010-04-01,38.864,39.018,38.733,38.939,140148,"(38.712, 39.499]","(38.891, 39.678]","(38.442, 39.232]","(38.614, 39.407]","(131599.214, 147272.257]"
2010-04-05,39.105,39.261,38.939,39.234,111547,"(38.712, 39.499]","(38.891, 39.678]","(38.442, 39.232]","(38.614, 39.407]","(100253.129, 115926.171]"
2010-04-06,39.061,39.27,38.924,39.243,107302,"(38.712, 39.499]","(38.891, 39.678]","(38.442, 39.232]","(38.614, 39.407]","(100253.129, 115926.171]"
2010-04-07,39.174,39.174,38.794,38.939,106948,"(38.712, 39.499]","(38.891, 39.678]","(38.442, 39.232]","(38.614, 39.407]","(100253.129, 115926.171]"
2010-04-08,38.749,39.045,38.536,39.001,66290,"(38.712, 39.499]","(38.891, 39.678]","(38.442, 39.232]","(38.614, 39.407]","(52136.886000000006, 68907.043]"
2010-04-09,39.158,39.382,39.132,39.382,113241,"(38.712, 39.499]","(38.891, 39.678]","(38.442, 39.232]","(38.614, 39.407]","(100253.129, 115926.171]"
2010-04-12,39.373,39.563,39.373,39.458,206826,"(38.712, 39.499]","(38.891, 39.678]","(39.232, 40.023]","(39.407, 40.2]","(194291.386, 209964.429]"
2010-04-13,39.408,39.475,39.07,39.426,139051,"(38.712, 39.499]","(38.891, 39.678]","(38.442, 39.232]","(39.407, 40.2]","(131599.214, 147272.257]"
2010-04-14,39.727,39.91,39.581,39.901,246731,"(39.499, 40.286]","(39.678, 40.464]","(39.232, 40.023]","(39.407, 40.2]","(241310.514, 256983.557]"
2010-04-15,40.217,40.217,39.659,39.857,97412,"(39.499, 40.286]","(39.678, 40.464]","(39.232, 40.023]","(39.407, 40.2]","(84580.086, 100253.129]"
2010-04-16,39.65,39.65,38.838,39.08,157631,"(39.499, 40.286]","(38.891, 39.678]","(38.442, 39.232]","(38.614, 39.407]","(147272.257, 162945.3]"
2010-04-19,38.682,39.061,38.526,39.036,139306,"(37.925, 38.712]","(38.891, 39.678]","(38.442, 39.232]","(38.614, 39.407]","(131599.214, 147272.257]"
2010-04-20,39.391,39.391,39.149,39.33,84828,"(38.712, 39.499]","(38.891, 39.678]","(38.442, 39.232]","(38.614, 39.407]","(84580.086, 100253.129]"
2010-04-21,39.347,39.347,38.966,39.191,160572,"(38.712, 39.499]","(38.891, 39.678]","(38.442, 39.232]","(38.614, 39.407]","(147272.257, 162945.3]"
2010-04-22,38.794,39.123,38.536,39.07,149380,"(38.712, 39.499]","(38.891, 39.678]","(38.442, 39.232]","(38.614, 39.407]","(147272.257, 162945.3]"
2010-04-23,39.132,39.391,38.88,39.391,109891,"(38.712, 39.499]","(38.891, 39.678]","(38.442, 39.232]","(38.614, 39.407]","(100253.129, 115926.171]"
2010-04-26,39.363,39.528,39.278,39.321,133482,"(38.712, 39.499]","(38.891, 39.678]","(39.232, 40.023]","(38.614, 39.407]","(131599.214, 147272.257]"
2010-04-27,38.966,39.123,38.017,38.103,210886,"(38.712, 39.499]","(38.891, 39.678]","(37.651, 38.442]","(37.821, 38.614]","(209964.429, 225637.471]"
2010-04-28,38.345,38.414,37.843,38.163,196095,"(37.925, 38.712]","(38.104, 38.891]","(37.651, 38.442]","(37.821, 38.614]","(194291.386, 209964.429]"
2010-04-29,38.491,38.838,38.491,38.803,123765,"(37.925, 38.712]","(38.104, 38.891]","(38.442, 39.232]","(38.614, 39.407]","(115926.171, 131599.214]"
2010-04-30,38.889,38.889,38.267,38.294,216465,"(38.712, 39.499]","(38.104, 38.891]","(37.651, 38.442]","(37.821, 38.614]","(209964.429, 225637.471]"
2010-05-03,38.447,38.758,38.379,38.648,94305,"(37.925, 38.712]","(38.104, 38.891]","(37.651, 38.442]","(38.614, 39.407]","(84580.086, 100253.129]"
2010-05-04,37.782,37.843,37.154,37.351,205766,"(37.138, 37.925]","(37.317, 38.104]","(36.86, 37.651]","(37.028, 37.821]","(194291.386, 209964.429]"
2010-05-05,36.617,37.246,36.557,36.867,370166,"(36.352, 37.138]","(36.531, 37.317]","(36.07, 36.86]","(36.235, 37.028]","(366694.857, 382367.9]"
2010-05-06,36.712,36.945,34.56,35.45,425473,"(36.352, 37.138]","(36.531, 37.317]","(34.488, 35.279]","(35.442, 36.235]","(413713.986, 429387.029]"
2010-05-07,35.579,36.28,34.533,35.189,289941,"(35.565, 36.352]","(35.744, 36.531]","(34.488, 35.279]","(34.649, 35.442]","(288329.643, 304002.686]"
2010-05-10,36.884,37.731,36.799,37.194,248433,"(36.352, 37.138]","(37.317, 38.104]","(36.07, 36.86]","(37.028, 37.821]","(241310.514, 256983.557]"
2010-05-11,36.486,37.239,36.486,36.746,247172,"(36.352, 37.138]","(36.531, 37.317]","(36.07, 36.86]","(36.235, 37.028]","(241310.514, 256983.557]"
2010-05-12,36.756,37.282,36.756,37.194,94535,"(36.352, 37.138]","(36.531, 37.317]","(36.07, 36.86]","(37.028, 37.821]","(84580.086, 100253.129]"
2010-05-13,37.109,37.239,36.721,36.78,201120,"(36.352, 37.138]","(36.531, 37.317]","(36.07, 36.86]","(36.235, 37.028]","(194291.386, 209964.429]"
2010-05-14,36.427,36.478,35.639,35.918,189711,"(36.352, 37.138]","(35.744, 36.531]","(35.279, 36.07]","(35.442, 36.235]","(178618.343, 194291.386]"
2010-05-17,35.986,36.142,35.175,35.986,108420,"(35.565, 36.352]","(35.744, 36.531]","(34.488, 35.279]","(35.442, 36.235]","(100253.129, 115926.171]"
2010-05-18,36.261,36.382,35.207,35.381,162702,"(35.565, 36.352]","(35.744, 36.531]","(34.488, 35.279]","(34.649, 35.442]","(147272.257, 162945.3]"
2010-05-19,35.095,35.425,34.664,35.148,167570,"(34.778, 35.565]","(34.957, 35.744]","(34.488, 35.279]","(34.649, 35.442]","(162945.3, 178618.343]"
2010-05-20,34.431,34.431,33.697,33.818,382559,"(33.991, 34.778]","(34.171, 34.957]","(32.907, 33.698]","(33.063, 33.856]","(382367.9, 398040.943]"
2010-05-21,33.507,34.567,33.266,34.56,456834,"(33.204, 33.991]","(34.171, 34.957]","(32.907, 33.698]","(33.856, 34.649]","(445060.071, 460733.114]"
2010-05-24,34.423,34.517,33.972,34.034,113114,"(33.991, 34.778]","(34.171, 34.957]","(33.698, 34.488]","(33.856, 34.649]","(100253.129, 115926.171]"
2010-05-25,33.238,33.887,32.772,33.8,338723,"(33.204, 33.991]","(33.384, 34.171]","(32.116, 32.907]","(33.063, 33.856]","(335348.771, 351021.814]"
2010-05-26,34.075,34.368,33.55,33.591,80423,"(33.991, 34.778]","(34.171, 34.957]","(32.907, 33.698]","(33.063, 33.856]","(68907.043, 84580.086]"
2010-05-27,34.551,35.165,34.387,35.165,76830,"(33.991, 34.778]","(34.957, 35.744]","(33.698, 34.488]","(34.649, 35.442]","(68907.043, 84580.086]"
2010-05-28,35.027,35.086,34.387,34.508,72219,"(34.778, 35.565]","(34.957, 35.744]","(33.698, 34.488]","(33.856, 34.649]","(68907.043, 84580.086]"
2010-06-01,34.205,34.881,34.084,34.084,158397,"(33.991, 34.778]","(34.171, 34.957]","(33.698, 34.488]","(33.856, 34.649]","(147272.257, 162945.3]"
2010-06-03,35.086,35.252,34.707,35.077,82663,"(34.778, 35.565]","(34.957, 35.744]","(34.488, 35.279]","(34.649, 35.442]","(68907.043, 84580.086]"
2010-06-04,34.154,34.449,33.608,33.756,144827,"(33.991, 34.778]","(34.171, 34.957]","(32.907, 33.698]","(33.063, 33.856]","(131599.214, 147272.257]"
2010-06-07,33.939,34.044,33.316,33.342,77898,"(33.204, 33.991]","(33.384, 34.171]","(32.907, 33.698]","(33.063, 33.856]","(68907.043, 84580.086]"
2010-06-08,33.342,33.843,33.211,33.818,103830,"(33.204, 33.991]","(33.384, 34.171]","(32.907, 33.698]","(33.063, 33.856]","(100253.129, 115926.171]"
2010-06-09,34.093,34.368,33.557,33.732,159380,"(33.991, 34.778]","(34.171, 34.957]","(32.907, 33.698]","(33.063, 33.856]","(147272.257, 162945.3]"
2010-06-10,34.499,34.864,34.268,34.801,79763,"(33.991, 34.778]","(34.171, 34.957]","(33.698, 34.488]","(34.649, 35.442]","(68907.043, 84580.086]"
2010-06-14,35.261,35.485,34.931,34.931,261980,"(34.778, 35.565]","(34.957, 35.744]","(34.488, 35.279]","(34.649, 35.442]","(256983.557, 272656.6]"
2010-06-15,35.363,35.986,35.33,35.986,70686,"(34.778, 35.565]","(35.744, 36.531]","(35.279, 36.07]","(35.442, 36.235]","(68907.043, 84580.086]"
2010-06-18,35.993,36.056,35.84,35.951,53433,"(35.565, 36.352]","(35.744, 36.531]","(35.279, 36.07]","(35.442, 36.235]","(52136.886000000006, 68907.043]"
2010-06-21,36.461,36.583,35.863,36.03,72867,"(36.352, 37.138]","(36.531, 37.317]","(35.279, 36.07]","(35.442, 36.235]","(68907.043, 84580.086]"
2010-06-22,36.012,36.186,35.425,35.45,85605,"(35.565, 36.352]","(35.744, 36.531]","(35.279, 36.07]","(35.442, 36.235]","(84580.086, 100253.129]"
2010-06-24,35.313,35.313,34.818,34.873,89300,"(34.778, 35.565]","(34.957, 35.744]","(34.488, 35.279]","(34.649, 35.442]","(84580.086, 100253.129]"
2010-06-28,35.095,35.226,34.897,34.931,56839,"(34.778, 35.565]","(34.957, 35.744]","(34.488, 35.279]","(34.649, 35.442]","(52136.886000000006, 68907.043]"
2010-06-29,34.368,34.368,33.608,33.791,207574,"(33.991, 34.778]","(34.171, 34.957]","(32.907, 33.698]","(33.063, 33.856]","(194291.386, 209964.429]"
2010-07-01,33.706,33.791,33.101,33.635,107462,"(33.204, 33.991]","(33.384, 34.171]","(32.907, 33.698]","(33.063, 33.856]","(100253.129, 115926.171]"
2010-07-02,33.825,33.877,33.349,33.591,87234,"(33.204, 33.991]","(33.384, 34.171]","(32.907, 33.698]","(33.063, 33.856]","(84580.086, 100253.129]"
2010-07-06,34.309,34.543,33.749,34.025,172997,"(33.991, 34.778]","(34.171, 34.957]","(33.698, 34.488]","(33.856, 34.649]","(162945.3, 178618.343]"
2010-07-07,34.162,35.053,34.137,35.037,63254,"(33.991, 34.778]","(34.957, 35.744]","(33.698, 34.488]","(34.649, 35.442]","(52136.886000000006, 68907.043]"
2010-07-08,35.269,35.363,34.922,35.33,124830,"(34.778, 35.565]","(34.957, 35.744]","(34.488, 35.279]","(34.649, 35.442]","(115926.171, 131599.214]"
2010-07-12,35.363,35.555,35.207,35.415,62929,"(34.778, 35.565]","(34.957, 35.744]","(34.488, 35.279]","(34.649, 35.442]","(52136.886000000006, 68907.043]"
2010-07-13,35.9,36.08,35.814,35.993,107549,"(35.565, 36.352]","(35.744, 36.531]","(35.279, 36.07]","(35.442, 36.235]","(100253.129, 115926.171]"
2010-07-14,35.969,36.132,35.77,36.002,64436,"(35.565, 36.352]","(35.744, 36.531]","(35.279, 36.07]","(35.442, 36.235]","(52136.886000000006, 68907.043]"
2010-07-15,36.048,36.142,35.597,36.056,114377,"(35.565, 36.352]","(35.744, 36.531]","(35.279, 36.07]","(35.442, 36.235]","(100253.129, 115926.171]"
2010-07-16,35.787,35.787,34.966,35.002,77240,"(35.565, 36.352]","(35.744, 36.531]","(34.488, 35.279]","(34.649, 35.442]","(68907.043, 84580.086]"
2010-07-19,35.355,35.398,34.993,35.235,246224,"(34.778, 35.565]","(34.957, 35.744]","(34.488, 35.279]","(34.649, 35.442]","(241310.514, 256983.557]"
2010-07-21,35.787,35.787,35.002,35.139,59627,"(35.565, 36.352]","(35.744, 36.531]","(34.488, 35.279]","(34.649, 35.442]","(52136.886000000006, 68907.043]"
2010-07-22,35.7,36.252,35.7,36.106,68755,"(35.565, 36.352]","(35.744, 36.531]","(35.279, 36.07]","(35.442, 36.235]","(52136.886000000006, 68907.043]"
2010-07-23,36.039,36.461,35.927,36.427,65672,"(35.565, 36.352]","(35.744, 36.531]","(35.279, 36.07]","(36.235, 37.028]","(52136.886000000006, 68907.043]"
2010-07-26,36.341,36.702,36.297,36.702,164507,"(35.565, 36.352]","(36.531, 37.317]","(36.07, 36.86]","(36.235, 37.028]","(162945.3, 178618.343]"
2010-07-27,36.987,36.987,36.557,36.729,123647,"(36.352, 37.138]","(36.531, 37.317]","(36.07, 36.86]","(36.235, 37.028]","(115926.171, 131599.214]"
2010-07-28,36.694,36.756,36.437,36.565,62376,"(36.352, 37.138]","(36.531, 37.317]","(36.07, 36.86]","(36.235, 37.028]","(52136.886000000006, 68907.043]"
2010-08-02,37.308,37.653,37.162,37.628,137896,"(37.138, 37.925]","(37.317, 38.104]","(36.86, 37.651]","(37.028, 37.821]","(131599.214, 147272.257]"
2010-08-03,37.462,37.566,37.23,37.436,74188,"(37.138, 37.925]","(37.317, 38.104]","(36.86, 37.651]","(37.028, 37.821]","(68907.043, 84580.086]"
2010-08-05,37.359,37.583,37.335,37.583,75956,"(37.138, 37.925]","(37.317, 38.104]","(36.86, 37.651]","(37.028, 37.821]","(68907.043, 84580.086]"
2010-08-06,37.292,37.551,37.056,37.489,128857,"(37.138, 37.925]","(37.317, 38.104]","(36.86, 37.651]","(37.028, 37.821]","(115926.171, 131599.214]"
2010-08-09,37.602,37.74,37.471,37.644,55750,"(37.138, 37.925]","(37.317, 38.104]","(36.86, 37.651]","(37.028, 37.821]","(52136.886000000006, 68907.043]"
2010-08-10,37.212,37.525,37.005,37.385,72738,"(37.138, 37.925]","(37.317, 38.104]","(36.86, 37.651]","(37.028, 37.821]","(68907.043, 84580.086]"
2010-08-12,35.692,36.048,35.615,35.933,83005,"(35.565, 36.352]","(35.744, 36.531]","(35.279, 36.07]","(35.442, 36.235]","(68907.043, 84580.086]"
2010-08-16,35.822,36.089,35.639,35.969,137928,"(35.565, 36.352]","(35.744, 36.531]","(35.279, 36.07]","(35.442, 36.235]","(131599.214, 147272.257]"
2010-08-17,36.409,36.677,36.252,36.478,63146,"(36.352, 37.138]","(36.531, 37.317]","(36.07, 36.86]","(36.235, 37.028]","(52136.886000000006, 68907.043]"
2010-08-24,35.199,35.261,34.845,35.045,181848,"(34.778, 35.565]","(34.957, 35.744]","(34.488, 35.279]","(34.649, 35.442]","(178618.343, 194291.386]"
2010-08-25,34.897,35.175,34.629,35.103,130513,"(34.778, 35.565]","(34.957, 35.744]","(34.488, 35.279]","(34.649, 35.442]","(115926.171, 131599.214]"
2010-08-27,35.32,35.667,34.818,35.649,73125,"(34.778, 35.565]","(34.957, 35.744]","(34.488, 35.279]","(35.442, 36.235]","(68907.043, 84580.086]"
2010-08-31,35.077,35.371,34.966,35.165,103102,"(34.778, 35.565]","(34.957, 35.744]","(34.488, 35.279]","(34.649, 35.442]","(100253.129, 115926.171]"
2010-09-01,35.89,36.332,35.814,36.297,137769,"(35.565, 36.352]","(35.744, 36.531]","(35.279, 36.07]","(36.235, 37.028]","(131599.214, 147272.257]"
2010-09-03,36.799,36.987,36.668,36.945,72322,"(36.352, 37.138]","(36.531, 37.317]","(36.07, 36.86]","(36.235, 37.028]","(68907.043, 84580.086]"
2010-09-08,36.668,36.97,36.668,36.808,56327,"(36.352, 37.138]","(36.531, 37.317]","(36.07, 36.86]","(36.235, 37.028]","(52136.886000000006, 68907.043]"
2010-09-09,37.194,37.282,36.945,37.049,53661,"(37.138, 37.925]","(36.531, 37.317]","(36.86, 37.651]","(37.028, 37.821]","(52136.886000000006, 68907.043]"
2010-09-10,37.049,37.246,37.014,37.203,88120,"(36.352, 37.138]","(36.531, 37.317]","(36.86, 37.651]","(37.028, 37.821]","(84580.086, 100253.129]"
2010-09-13,37.62,37.8,37.612,37.782,79022,"(37.138, 37.925]","(37.317, 38.104]","(36.86, 37.651]","(37.028, 37.821]","(68907.043, 84580.086]"
2010-09-14,37.636,38.042,37.593,37.897,79845,"(37.138, 37.925]","(37.317, 38.104]","(36.86, 37.651]","(37.821, 38.614]","(68907.043, 84580.086]"
2010-09-15,37.68,37.955,37.542,37.931,53234,"(37.138, 37.925]","(37.317, 38.104]","(36.86, 37.651]","(37.821, 38.614]","(52136.886000000006, 68907.043]"
2010-09-16,37.74,37.843,37.661,37.834,203658,"(37.138, 37.925]","(37.317, 38.104]","(37.651, 38.442]","(37.821, 38.614]","(194291.386, 209964.429]"
2010-09-17,37.921,37.939,37.612,37.731,70018,"(37.138, 37.925]","(37.317, 38.104]","(36.86, 37.651]","(37.028, 37.821]","(68907.043, 84580.086]"
2010-09-20,37.851,38.379,37.791,38.31,122749,"(37.138, 37.925]","(38.104, 38.891]","(37.651, 38.442]","(37.821, 38.614]","(115926.171, 131599.214]"
2010-09-21,38.337,38.526,38.087,38.285,141059,"(37.925, 38.712]","(38.104, 38.891]","(37.651, 38.442]","(37.821, 38.614]","(131599.214, 147272.257]"
2010-09-22,38.294,38.508,38.077,38.24,92865,"(37.925, 38.712]","(38.104, 38.891]","(37.651, 38.442]","(37.821, 38.614]","(84580.086, 100253.129]"
2010-09-24,38.302,38.742,38.121,38.742,128317,"(37.925, 38.712]","(38.104, 38.891]","(37.651, 38.442]","(38.614, 39.407]","(115926.171, 131599.214]"
2010-09-27,38.733,38.785,38.568,38.595,218370,"(38.712, 39.499]","(38.104, 38.891]","(38.442, 39.232]","(37.821, 38.614]","(209964.429, 225637.471]"
2010-09-28,38.656,38.88,38.31,38.838,74582,"(37.925, 38.712]","(38.104, 38.891]","(37.651, 38.442]","(38.614, 39.407]","(68907.043, 84580.086]"
2010-09-29,38.675,38.939,38.629,38.803,70531,"(37.925, 38.712]","(38.891, 39.678]","(38.442, 39.232]","(38.614, 39.407]","(68907.043, 84580.086]"
2010-09-30,39.026,39.165,38.447,38.699,150521,"(38.712, 39.499]","(38.891, 39.678]","(38.442, 39.232]","(38.614, 39.407]","(147272.257, 162945.3]"
2010-10-01,39.045,39.089,38.803,39.018,130525,"(38.712, 39.499]","(38.891, 39.678]","(38.442, 39.232]","(38.614, 39.407]","(115926.171, 131599.214]"
2010-10-04,38.838,38.975,38.465,38.665,94558,"(38.712, 39.499]","(38.891, 39.678]","(38.442, 39.232]","(38.614, 39.407]","(84580.086, 100253.129]"
2010-10-05,39.061,39.659,39.061,39.572,70440,"(38.712, 39.499]","(38.891, 39.678]","(38.442, 39.232]","(39.407, 40.2]","(68907.043, 84580.086]"
2010-10-06,39.64,39.736,39.5,39.659,83964,"(39.499, 40.286]","(39.678, 40.464]","(39.232, 40.023]","(39.407, 40.2]","(68907.043, 84580.086]"
2010-10-08,39.563,39.91,39.484,39.797,95888,"(39.499, 40.286]","(39.678, 40.464]","(39.232, 40.023]","(39.407, 40.2]","(84580.086, 100253.129]"
2010-10-11,39.901,39.91,39.673,39.762,211276,"(39.499, 40.286]","(39.678, 40.464]","(39.232, 40.023]","(39.407, 40.2]","(209964.429, 225637.471]"
2010-10-12,39.572,39.884,39.33,39.813,100238,"(39.499, 40.286]","(39.678, 40.464]","(39.232, 40.023]","(39.407, 40.2]","(84580.086, 100253.129]"
2010-10-13,40.061,40.434,40.021,40.244,95502,"(39.499, 40.286]","(39.678, 40.464]","(39.232, 40.023]","(40.2, 40.992]","(84580.086, 100253.129]"
2010-10-14,40.385,40.393,40.013,40.262,103604,"(40.286, 41.073]","(39.678, 40.464]","(39.232, 40.023]","(40.2, 40.992]","(100253.129, 115926.171]"
2010-10-15,40.411,40.411,39.96,40.226,55372,"(40.286, 41.073]","(39.678, 40.464]","(39.232, 40.023]","(40.2, 40.992]","(52136.886000000006, 68907.043]"
2010-10-18,40.17,40.442,40.061,40.325,105310,"(39.499, 40.286]","(39.678, 40.464]","(40.023, 40.814]","(40.2, 40.992]","(100253.129, 115926.171]"
2010-10-19,39.699,39.884,39.286,39.468,207938,"(39.499, 40.286]","(39.678, 40.464]","(39.232, 40.023]","(39.407, 40.2]","(194291.386, 209964.429]"
2010-10-21,40.271,40.425,39.788,40.07,56347,"(39.499, 40.286]","(39.678, 40.464]","(39.232, 40.023]","(39.407, 40.2]","(52136.886000000006, 68907.043]"
2010-10-22,40.235,40.235,40.039,40.162,88799,"(39.499, 40.286]","(39.678, 40.464]","(40.023, 40.814]","(39.407, 40.2]","(84580.086, 100253.129]"
2010-10-25,40.434,40.633,40.281,40.341,128684,"(40.286, 41.073]","(40.464, 41.251]","(40.023, 40.814]","(40.2, 40.992]","(115926.171, 131599.214]"
2010-10-26,40.021,40.193,39.918,40.177,164481,"(39.499, 40.286]","(39.678, 40.464]","(39.232, 40.023]","(39.407, 40.2]","(162945.3, 178618.343]"
2010-10-27,39.933,39.933,39.484,39.866,113780,"(39.499, 40.286]","(39.678, 40.464]","(39.232, 40.023]","(39.407, 40.2]","(100253.129, 115926.171]"
2010-10-28,40.17,40.253,39.918,40.126,54575,"(39.499, 40.286]","(39.678, 40.464]","(39.232, 40.023]","(39.407, 40.2]","(52136.886000000006, 68907.043]"
2010-10-29,39.968,40.193,39.96,40.17,123677,"(39.499, 40.286]","(39.678, 40.464]","(39.232, 40.023]","(39.407, 40.2]","(115926.171, 131599.214]"
2010-11-01,40.217,40.434,39.91,40.145,79048,"(39.499, 40.286]","(39.678, 40.464]","(39.232, 40.023]","(39.407, 40.2]","(68907.043, 84580.086]"
2010-11-02,40.626,40.693,40.504,40.626,130765,"(40.286, 41.073]","(40.464, 41.251]","(40.023, 40.814]","(40.2, 40.992]","(115926.171, 131599.214]"
2010-11-03,40.812,40.841,40.358,40.841,105392,"(40.286, 41.073]","(40.464, 41.251]","(40.023, 40.814]","(40.2, 40.992]","(100253.129, 115926.171]"
2010-11-04,41.363,41.707,41.363,41.707,124809,"(41.073, 41.86]","(41.251, 42.038]","(40.814, 41.604]","(40.992, 41.785]","(115926.171, 131599.214]"
2010-11-05,41.697,41.773,41.508,41.697,208721,"(41.073, 41.86]","(41.251, 42.038]","(40.814, 41.604]","(40.992, 41.785]","(194291.386, 209964.429]"
2010-11-08,41.473,41.565,41.319,41.559,79724,"(41.073, 41.86]","(41.251, 42.038]","(40.814, 41.604]","(40.992, 41.785]","(68907.043, 84580.086]"
2010-11-09,41.782,41.782,41.04,41.186,117957,"(41.073, 41.86]","(41.251, 42.038]","(40.814, 41.604]","(40.992, 41.785]","(115926.171, 131599.214]"
2010-11-10,41.3,41.353,40.822,41.282,106068,"(41.073, 41.86]","(41.251, 42.038]","(40.814, 41.604]","(40.992, 41.785]","(100253.129, 115926.171]"
2010-11-11,40.994,41.101,40.822,41.101,84754,"(40.286, 41.073]","(40.464, 41.251]","(40.814, 41.604]","(40.992, 41.785]","(84580.086, 100253.129]"
2010-11-12,40.868,40.988,40.341,40.557,106493,"(40.286, 41.073]","(40.464, 41.251]","(40.023, 40.814]","(40.2, 40.992]","(100253.129, 115926.171]"
2010-11-15,40.676,40.841,40.513,40.523,99503,"(40.286, 41.073]","(40.464, 41.251]","(40.023, 40.814]","(40.2, 40.992]","(84580.086, 100253.129]"
2010-11-16,40.177,40.244,39.468,39.699,207506,"(39.499, 40.286]","(39.678, 40.464]","(39.232, 40.023]","(39.407, 40.2]","(194291.386, 209964.429]"
2010-11-17,39.857,39.977,39.699,39.813,66540,"(39.499, 40.286]","(39.678, 40.464]","(39.232, 40.023]","(39.407, 40.2]","(52136.886000000006, 68907.043]"
2010-11-18,40.469,40.668,40.358,40.626,91864,"(40.286, 41.073]","(40.464, 41.251]","(40.023, 40.814]","(40.2, 40.992]","(84580.086, 100253.129]"
2010-11-19,40.35,40.633,40.199,40.626,73840,"(40.286, 41.073]","(40.464, 41.251]","(40.023, 40.814]","(40.2, 40.992]","(68907.043, 84580.086]"
2010-11-22,40.297,40.532,40.021,40.478,120841,"(40.286, 41.073]","(40.464, 41.251]","(39.232, 40.023]","(40.2, 40.992]","(115926.171, 131599.214]"
2010-11-23,39.82,39.82,39.401,39.519,97362,"(39.499, 40.286]","(39.678, 40.464]","(39.232, 40.023]","(39.407, 40.2]","(84580.086, 100253.129]"
2010-11-29,39.347,39.538,39.011,39.468,107184,"(38.712, 39.499]","(38.891, 39.678]","(38.442, 39.232]","(39.407, 40.2]","(100253.129, 115926.171]"
2010-11-30,38.906,39.33,38.906,39.105,108504,"(38.712, 39.499]","(38.891, 39.678]","(38.442, 39.232]","(38.614, 39.407]","(100253.129, 115926.171]"
2010-12-01,39.875,40.177,39.849,40.107,82845,"(39.499, 40.286]","(39.678, 40.464]","(39.232, 40.023]","(39.407, 40.2]","(68907.043, 84580.086]"
2010-12-02,40.184,40.841,40.177,40.841,242880,"(39.499, 40.286]","(40.464, 41.251]","(40.023, 40.814]","(40.2, 40.992]","(241310.514, 256983.557]"
2010-12-03,40.748,41.057,40.73,41.04,54968,"(40.286, 41.073]","(40.464, 41.251]","(40.023, 40.814]","(40.992, 41.785]","(52136.886000000006, 68907.043]"
2010-12-06,40.895,41.004,40.773,40.929,91074,"(40.286, 41.073]","(40.464, 41.251]","(40.023, 40.814]","(40.2, 40.992]","(84580.086, 100253.129]"
2010-12-07,41.473,41.473,40.877,40.887,193721,"(41.073, 41.86]","(41.251, 42.038]","(40.814, 41.604]","(40.2, 40.992]","(178618.343, 194291.386]"
2010-12-08,40.979,41.11,40.702,40.954,80066,"(40.286, 41.073]","(40.464, 41.251]","(40.023, 40.814]","(40.2, 40.992]","(68907.043, 84580.086]"
2010-12-09,41.146,41.247,40.868,41.067,98645,"(41.073, 41.86]","(40.464, 41.251]","(40.814, 41.604]","(40.992, 41.785]","(84580.086, 100253.129]"
2010-12-10,41.067,41.3,40.962,41.238,261804,"(40.286, 41.073]","(41.251, 42.038]","(40.814, 41.604]","(40.992, 41.785]","(256983.557, 272656.6]"
2010-12-13,41.663,41.697,41.456,41.508,179862,"(41.073, 41.86]","(41.251, 42.038]","(40.814, 41.604]","(40.992, 41.785]","(178618.343, 194291.386]"
2010-12-14,41.584,41.731,41.418,41.559,196462,"(41.073, 41.86]","(41.251, 42.038]","(40.814, 41.604]","(40.992, 41.785]","(194291.386, 209964.429]"
2010-12-15,41.309,41.508,41.075,41.163,137996,"(41.073, 41.86]","(41.251, 42.038]","(40.814, 41.604]","(40.992, 41.785]","(131599.214, 147272.257]"
2010-12-16,41.255,41.4,41.04,41.391,157716,"(41.073, 41.86]","(41.251, 42.038]","(40.814, 41.604]","(40.992, 41.785]","(147272.257, 162945.3]"
2010-12-17,41.282,41.319,41.128,41.273,61153,"(41.073, 41.86]","(41.251, 42.038]","(40.814, 41.604]","(40.992, 41.785]","(52136.886000000006, 68907.043]"
2010-12-20,41.49,41.49,41.17,41.328,85421,"(41.073, 41.86]","(41.251, 42.038]","(40.814, 41.604]","(40.992, 41.785]","(84580.086, 100253.129]"
2010-12-21,41.533,41.715,41.533,41.681,55723,"(41.073, 41.86]","(41.251, 42.038]","(40.814, 41.604]","(40.992, 41.785]","(52136.886000000006, 68907.043]"
2010-12-22,41.031,41.031,40.822,40.994,219713,"(40.286, 41.073]","(40.464, 41.251]","(40.814, 41.604]","(40.992, 41.785]","(209964.429, 225637.471]"
2010-12-27,40.831,40.945,40.702,40.945,71712,"(40.286, 41.073]","(40.464, 41.251]","(40.023, 40.814]","(40.2, 40.992]","(68907.043, 84580.086]"
2010-12-28,41.163,41.163,40.85,40.921,68264,"(41.073, 41.86]","(40.464, 41.251]","(40.814, 41.604]","(40.2, 40.992]","(52136.886000000006, 68907.043]"
2010-12-29,41.22,41.291,41.092,41.202,198439,"(41.073, 41.86]","(41.251, 42.038]","(40.814, 41.604]","(40.992, 41.785]","(194291.386, 209964.429]"
2010-12-30,41.282,41.344,41.022,41.17,93946,"(41.073, 41.86]","(41.251, 42.038]","(40.814, 41.604]","(40.992, 41.785]","(84580.086, 100253.129]"
2010-12-31,41.11,41.349,41.1,41.304,68438,"(41.073, 41.86]","(41.251, 42.038]","(40.814, 41.604]","(40.992, 41.785]","(52136.886000000006, 68907.043]"
2011-01-03,41.645,41.827,41.565,41.671,232013,"(41.073, 41.86]","(41.251, 42.038]","(40.814, 41.604]","(40.992, 41.785]","(225637.471, 241310.514]"
2011-01-04,41.818,41.844,41.319,41.601,142476,"(41.073, 41.86]","(41.251, 42.038]","(40.814, 41.604]","(40.992, 41.785]","(131599.214, 147272.257]"
2011-01-05,41.319,41.645,41.273,41.619,110569,"(41.073, 41.86]","(41.251, 42.038]","(40.814, 41.604]","(40.992, 41.785]","(100253.129, 115926.171]"
2011-01-06,41.707,41.707,41.211,41.328,530084,"(41.073, 41.86]","(41.251, 42.038]","(40.814, 41.604]","(40.992, 41.785]","(523425.286, 539098.329]"
2011-01-07,41.391,41.41,40.938,41.186,107163,"(41.073, 41.86]","(41.251, 42.038]","(40.814, 41.604]","(40.992, 41.785]","(100253.129, 115926.171]"
2011-01-10,40.994,41.057,40.739,41.012,79317,"(40.286, 41.073]","(40.464, 41.251]","(40.023, 40.814]","(40.992, 41.785]","(68907.043, 84580.086]"
2011-01-11,41.309,41.418,41.186,41.376,71063,"(41.073, 41.86]","(41.251, 42.038]","(40.814, 41.604]","(40.992, 41.785]","(68907.043, 84580.086]"
2011-01-12,41.688,42.006,41.645,42.006,63595,"(41.073, 41.86]","(41.251, 42.038]","(41.604, 42.395]","(41.785, 42.578]","(52136.886000000006, 68907.043]"
2011-01-13,42.104,42.163,41.879,41.979,75877,"(41.86, 42.647]","(42.038, 42.825]","(41.604, 42.395]","(41.785, 42.578]","(68907.043, 84580.086]"
2011-01-14,41.907,42.232,41.862,42.232,119483,"(41.86, 42.647]","(42.038, 42.825]","(41.604, 42.395]","(41.785, 42.578]","(115926.171, 131599.214]"
2011-01-18,42.336,42.396,42.251,42.362,179480,"(41.86, 42.647]","(42.038, 42.825]","(41.604, 42.395]","(41.785, 42.578]","(178618.343, 194291.386]"
2011-01-19,42.457,42.457,41.914,41.988,77346,"(41.86, 42.647]","(42.038, 42.825]","(41.604, 42.395]","(41.785, 42.578]","(68907.043, 84580.086]"
2011-01-20,41.791,41.827,41.437,41.766,85986,"(41.073, 41.86]","(41.251, 42.038]","(40.814, 41.604]","(40.992, 41.785]","(84580.086, 100253.129]"
2011-01-21,42.016,42.129,41.791,41.87,68612,"(41.86, 42.647]","(42.038, 42.825]","(41.604, 42.395]","(41.785, 42.578]","(52136.886000000006, 68907.043]"
2011-01-24,41.879,42.154,41.782,42.145,141601,"(41.86, 42.647]","(42.038, 42.825]","(41.604, 42.395]","(41.785, 42.578]","(131599.214, 147272.257]"
2011-01-25,42.025,42.043,41.731,42.025,216662,"(41.86, 42.647]","(42.038, 42.825]","(41.604, 42.395]","(41.785, 42.578]","(209964.429, 225637.471]"
2011-01-26,42.251,42.379,42.154,42.285,99497,"(41.86, 42.647]","(42.038, 42.825]","(41.604, 42.395]","(41.785, 42.578]","(84580.086, 100253.129]"
2011-01-27,42.353,42.457,42.223,42.415,224516,"(41.86, 42.647]","(42.038, 42.825]","(41.604, 42.395]","(41.785, 42.578]","(209964.429, 225637.471]"
2011-01-28,42.311,42.37,41.446,41.49,116207,"(41.86, 42.647]","(42.038, 42.825]","(40.814, 41.604]","(40.992, 41.785]","(115926.171, 131599.214]"
2011-01-31,41.683,41.959,41.667,41.88,173875,"(41.073, 41.86]","(41.251, 42.038]","(41.604, 42.395]","(41.785, 42.578]","(162945.3, 178618.343]"
2011-02-01,42.242,42.732,42.206,42.69,80685,"(41.86, 42.647]","(42.038, 42.825]","(41.604, 42.395]","(42.578, 43.371]","(68907.043, 84580.086]"
2011-02-02,42.585,42.725,42.544,42.594,59071,"(41.86, 42.647]","(42.038, 42.825]","(42.395, 43.186]","(42.578, 43.371]","(52136.886000000006, 68907.043]"
2011-02-03,42.526,42.657,42.214,42.648,90948,"(41.86, 42.647]","(42.038, 42.825]","(41.604, 42.395]","(42.578, 43.371]","(84580.086, 100253.129]"
2011-02-04,42.594,42.7,42.379,42.7,58833,"(41.86, 42.647]","(42.038, 42.825]","(41.604, 42.395]","(42.578, 43.371]","(52136.886000000006, 68907.043]"
2011-02-07,42.7,42.958,42.69,42.811,88635,"(42.647, 43.434]","(42.825, 43.611]","(42.395, 43.186]","(42.578, 43.371]","(84580.086, 100253.129]"
2011-02-09,42.847,42.914,42.657,42.75,85025,"(42.647, 43.434]","(42.825, 43.611]","(42.395, 43.186]","(42.578, 43.371]","(84580.086, 100253.129]"
2011-02-10,42.344,42.648,42.223,42.518,79877,"(41.86, 42.647]","(42.038, 42.825]","(41.604, 42.395]","(41.785, 42.578]","(68907.043, 84580.086]"
2011-02-14,42.76,42.898,42.683,42.872,53765,"(42.647, 43.434]","(42.825, 43.611]","(42.395, 43.186]","(42.578, 43.371]","(52136.886000000006, 68907.043]"
2011-02-15,42.839,42.864,42.69,42.776,63048,"(42.647, 43.434]","(42.825, 43.611]","(42.395, 43.186]","(42.578, 43.371]","(52136.886000000006, 68907.043]"
2011-02-16,42.914,43.15,42.88,43.096,98965,"(42.647, 43.434]","(42.825, 43.611]","(42.395, 43.186]","(42.578, 43.371]","(84580.086, 100253.129]"
2011-02-18,43.39,43.511,43.278,43.476,91983,"(42.647, 43.434]","(42.825, 43.611]","(43.186, 43.976]","(43.371, 44.164]","(84580.086, 100253.129]"
2011-02-22,42.94,43.028,42.269,42.37,249332,"(42.647, 43.434]","(42.825, 43.611]","(41.604, 42.395]","(41.785, 42.578]","(241310.514, 256983.557]"
2011-02-23,42.5,42.562,41.948,42.251,91142,"(41.86, 42.647]","(42.038, 42.825]","(41.604, 42.395]","(41.785, 42.578]","(84580.086, 100253.129]"
2011-02-24,42.336,42.476,41.957,42.311,76167,"(41.86, 42.647]","(42.038, 42.825]","(41.604, 42.395]","(41.785, 42.578]","(68907.043, 84580.086]"
2011-02-25,42.568,42.811,42.562,42.76,69530,"(41.86, 42.647]","(42.038, 42.825]","(42.395, 43.186]","(42.578, 43.371]","(68907.043, 84580.086]"
2011-02-28,43.15,43.243,42.914,43.105,98898,"(42.647, 43.434]","(42.825, 43.611]","(42.395, 43.186]","(42.578, 43.371]","(84580.086, 100253.129]"
2011-03-01,43.295,43.313,42.526,42.526,104833,"(42.647, 43.434]","(42.825, 43.611]","(42.395, 43.186]","(41.785, 42.578]","(100253.129, 115926.171]"
2011-03-02,42.552,42.907,42.552,42.76,69956,"(41.86, 42.647]","(42.825, 43.611]","(42.395, 43.186]","(42.578, 43.371]","(68907.043, 84580.086]"
2011-03-03,43.132,43.434,43.046,43.408,106603,"(42.647, 43.434]","(42.825, 43.611]","(42.395, 43.186]","(43.371, 44.164]","(100253.129, 115926.171]"
2011-03-04,43.4,43.4,42.776,43.079,161743,"(42.647, 43.434]","(42.825, 43.611]","(42.395, 43.186]","(42.578, 43.371]","(147272.257, 162945.3]"
2011-03-07,43.236,43.313,42.577,42.776,75337,"(42.647, 43.434]","(42.825, 43.611]","(42.395, 43.186]","(42.578, 43.371]","(68907.043, 84580.086]"
2011-03-10,42.388,42.388,41.907,41.965,162639,"(41.86, 42.647]","(42.038, 42.825]","(41.604, 42.395]","(41.785, 42.578]","(147272.257, 162945.3]"
2011-03-11,41.74,42.206,41.74,42.123,117514,"(41.073, 41.86]","(42.038, 42.825]","(41.604, 42.395]","(41.785, 42.578]","(115926.171, 131599.214]"
2011-03-14,41.601,41.757,41.344,41.757,117772,"(41.073, 41.86]","(41.251, 42.038]","(40.814, 41.604]","(40.992, 41.785]","(115926.171, 131599.214]"
2011-03-15,40.055,41.17,39.987,40.994,368414,"(39.499, 40.286]","(40.464, 41.251]","(39.232, 40.023]","(40.992, 41.785]","(366694.857, 382367.9]"
2011-03-16,40.945,40.97,39.708,40.047,311894,"(40.286, 41.073]","(40.464, 41.251]","(39.232, 40.023]","(39.407, 40.2]","(304002.686, 319675.729]"
2011-03-17,40.903,41.092,40.73,40.938,191921,"(40.286, 41.073]","(40.464, 41.251]","(40.023, 40.814]","(40.2, 40.992]","(178618.343, 194291.386]"
2011-03-18,41.593,41.773,41.195,41.263,152510,"(41.073, 41.86]","(41.251, 42.038]","(40.814, 41.604]","(40.992, 41.785]","(147272.257, 162945.3]"
2011-03-21,41.988,42.188,41.862,42.088,189819,"(41.86, 42.647]","(42.038, 42.825]","(41.604, 42.395]","(41.785, 42.578]","(178618.343, 194291.386]"
2011-03-22,42.206,42.242,41.907,41.988,111872,"(41.86, 42.647]","(42.038, 42.825]","(41.604, 42.395]","(41.785, 42.578]","(100253.129, 115926.171]"
2011-03-23,41.897,42.188,41.663,42.06,98333,"(41.86, 42.647]","(42.038, 42.825]","(41.604, 42.395]","(41.785, 42.578]","(84580.086, 100253.129]"
2011-03-24,42.336,42.75,42.163,42.604,147319,"(41.86, 42.647]","(42.038, 42.825]","(41.604, 42.395]","(42.578, 43.371]","(147272.257, 162945.3]"
2011-03-25,42.492,42.75,42.406,42.526,100383,"(41.86, 42.647]","(42.038, 42.825]","(42.395, 43.186]","(41.785, 42.578]","(100253.129, 115926.171]"
2011-03-28,42.526,42.725,42.362,42.406,95682,"(41.86, 42.647]","(42.038, 42.825]","(41.604, 42.395]","(41.785, 42.578]","(84580.086, 100253.129]"
2011-03-29,42.388,42.708,42.197,42.708,109072,"(41.86, 42.647]","(42.038, 42.825]","(41.604, 42.395]","(42.578, 43.371]","(100253.129, 115926.171]"
2011-03-30,42.857,43.199,42.857,43.132,78574,"(42.647, 43.434]","(42.825, 43.611]","(42.395, 43.186]","(42.578, 43.371]","(68907.043, 84580.086]"
2011-03-31,43.039,43.214,42.958,43.081,82736,"(42.647, 43.434]","(42.825, 43.611]","(42.395, 43.186]","(42.578, 43.371]","(68907.043, 84580.086]"
2011-04-01,43.313,43.572,43.15,43.434,100294,"(42.647, 43.434]","(42.825, 43.611]","(42.395, 43.186]","(43.371, 44.164]","(100253.129, 115926.171]"
2011-04-04,43.485,43.624,43.39,43.501,91288,"(43.434, 44.221]","(43.611, 44.398]","(43.186, 43.976]","(43.371, 44.164]","(84580.086, 100253.129]"
2011-04-05,43.364,43.6,43.304,43.501,56399,"(42.647, 43.434]","(42.825, 43.611]","(43.186, 43.976]","(43.371, 44.164]","(52136.886000000006, 68907.043]"
2011-04-06,43.674,43.795,43.564,43.72,76036,"(43.434, 44.221]","(43.611, 44.398]","(43.186, 43.976]","(43.371, 44.164]","(68907.043, 84580.086]"
2011-04-07,43.631,43.764,43.356,43.572,56801,"(43.434, 44.221]","(43.611, 44.398]","(43.186, 43.976]","(43.371, 44.164]","(52136.886000000006, 68907.043]"
2011-04-08,43.997,43.997,43.511,43.616,187198,"(43.434, 44.221]","(43.611, 44.398]","(43.186, 43.976]","(43.371, 44.164]","(178618.343, 194291.386]"
2011-04-11,43.729,43.805,43.356,43.485,81024,"(43.434, 44.221]","(43.611, 44.398]","(43.186, 43.976]","(43.371, 44.164]","(68907.043, 84580.086]"
2011-04-12,43.321,43.321,42.864,43.046,77292,"(42.647, 43.434]","(42.825, 43.611]","(42.395, 43.186]","(42.578, 43.371]","(68907.043, 84580.086]"
2011-04-13,43.476,43.476,42.958,43.105,124988,"(43.434, 44.221]","(42.825, 43.611]","(42.395, 43.186]","(42.578, 43.371]","(115926.171, 131599.214]"
2011-04-18,42.63,42.839,42.123,42.526,137844,"(41.86, 42.647]","(42.825, 43.611]","(41.604, 42.395]","(41.785, 42.578]","(131599.214, 147272.257]"
2011-04-19,42.76,42.914,42.639,42.907,103894,"(42.647, 43.434]","(42.825, 43.611]","(42.395, 43.186]","(42.578, 43.371]","(100253.129, 115926.171]"
2011-04-20,43.59,43.84,43.485,43.729,76960,"(43.434, 44.221]","(43.611, 44.398]","(43.186, 43.976]","(43.371, 44.164]","(68907.043, 84580.086]"
2011-04-21,43.848,44.133,43.848,44.03,118620,"(43.434, 44.221]","(43.611, 44.398]","(43.186, 43.976]","(43.371, 44.164]","(115926.171, 131599.214]"
2011-04-25,44.03,44.133,43.769,43.988,69357,"(43.434, 44.221]","(43.611, 44.398]","(43.186, 43.976]","(43.371, 44.164]","(68907.043, 84580.086]"
2011-04-26,44.117,44.359,43.997,44.289,78125,"(43.434, 44.221]","(43.611, 44.398]","(43.976, 44.767]","(44.164, 44.957]","(68907.043, 84580.086]"
2011-04-27,44.444,44.705,44.117,44.66,75410,"(44.221, 45.008]","(44.398, 45.185]","(43.976, 44.767]","(44.164, 44.957]","(68907.043, 84580.086]"
2011-04-28,44.506,44.797,44.506,44.766,116646,"(44.221, 45.008]","(44.398, 45.185]","(43.976, 44.767]","(44.164, 44.957]","(115926.171, 131599.214]"
2011-04-29,44.841,45.036,44.756,44.957,189619,"(44.221, 45.008]","(44.398, 45.185]","(43.976, 44.767]","(44.164, 44.957]","(178618.343, 194291.386]"
2011-05-02,45.109,45.23,44.771,44.823,151125,"(45.008, 45.795]","(45.185, 45.971]","(44.767, 45.558]","(44.164, 44.957]","(147272.257, 162945.3]"
2011-05-03,44.632,44.705,44.201,44.488,97348,"(44.221, 45.008]","(44.398, 45.185]","(43.976, 44.767]","(44.164, 44.957]","(84580.086, 100253.129]"
2011-05-04,44.482,44.482,43.831,44.054,68373,"(44.221, 45.008]","(44.398, 45.185]","(43.186, 43.976]","(43.371, 44.164]","(52136.886000000006, 68907.043]"
2011-05-05,43.884,43.925,43.218,43.434,164300,"(43.434, 44.221]","(43.611, 44.398]","(43.186, 43.976]","(43.371, 44.164]","(162945.3, 178618.343]"
2011-05-06,43.917,44.177,43.443,43.631,100708,"(43.434, 44.221]","(43.611, 44.398]","(43.186, 43.976]","(43.371, 44.164]","(100253.129, 115926.171]"
2011-05-09,43.683,43.943,43.485,43.865,69193,"(43.434, 44.221]","(43.611, 44.398]","(43.186, 43.976]","(43.371, 44.164]","(68907.043, 84580.086]"
2011-05-10,44.073,44.373,44.005,44.341,97517,"(43.434, 44.221]","(43.611, 44.398]","(43.976, 44.767]","(44.164, 44.957]","(84580.086, 100253.129]"
2011-05-11,44.099,44.099,43.278,43.564,91484,"(43.434, 44.221]","(43.611, 44.398]","(43.186, 43.976]","(43.371, 44.164]","(84580.086, 100253.129]"
2011-05-12,43.46,43.769,43.15,43.6,189225,"(43.434, 44.221]","(43.611, 44.398]","(42.395, 43.186]","(43.371, 44.164]","(178618.343, 194291.386]"
2011-05-13,43.6,43.665,42.872,43.087,96442,"(43.434, 44.221]","(43.611, 44.398]","(42.395, 43.186]","(42.578, 43.371]","(84580.086, 100253.129]"
2011-05-16,43.105,43.417,42.898,42.94,108625,"(42.647, 43.434]","(42.825, 43.611]","(42.395, 43.186]","(42.578, 43.371]","(100253.129, 115926.171]"
2011-05-17,42.82,43.079,42.594,43.069,73224,"(42.647, 43.434]","(42.825, 43.611]","(42.395, 43.186]","(42.578, 43.371]","(68907.043, 84580.086]"
2011-05-23,42.406,42.467,42.145,42.336,126240,"(41.86, 42.647]","(42.038, 42.825]","(41.604, 42.395]","(41.785, 42.578]","(115926.171, 131599.214]"
2011-05-24,42.639,42.716,42.379,42.476,69720,"(41.86, 42.647]","(42.038, 42.825]","(41.604, 42.395]","(41.785, 42.578]","(68907.043, 84580.086]"
2011-05-26,42.811,43.113,42.613,43.028,78306,"(42.647, 43.434]","(42.825, 43.611]","(42.395, 43.186]","(42.578, 43.371]","(68907.043, 84580.086]"
2011-05-27,43.261,43.408,43.15,43.313,70048,"(42.647, 43.434]","(42.825, 43.611]","(42.395, 43.186]","(42.578, 43.371]","(68907.043, 84580.086]"
2011-05-31,43.943,43.952,43.607,43.934,73113,"(43.434, 44.221]","(43.611, 44.398]","(43.186, 43.976]","(43.371, 44.164]","(68907.043, 84580.086]"
2011-06-01,43.831,43.856,42.949,43.011,72763,"(43.434, 44.221]","(43.611, 44.398]","(42.395, 43.186]","(42.578, 43.371]","(68907.043, 84580.086]"
2011-06-02,43.174,43.251,42.793,43.06,186845,"(42.647, 43.434]","(42.825, 43.611]","(42.395, 43.186]","(42.578, 43.371]","(178618.343, 194291.386]"
2011-06-03,42.639,43.15,42.585,42.923,53529,"(41.86, 42.647]","(42.825, 43.611]","(42.395, 43.186]","(42.578, 43.371]","(52136.886000000006, 68907.043]"
2011-06-06,42.767,42.802,42.336,42.336,60869,"(42.647, 43.434]","(42.038, 42.825]","(41.604, 42.395]","(41.785, 42.578]","(52136.886000000006, 68907.043]"
2011-06-08,42.362,42.492,42.129,42.269,167238,"(41.86, 42.647]","(42.038, 42.825]","(41.604, 42.395]","(41.785, 42.578]","(162945.3, 178618.343]"
2011-06-10,42.293,42.293,41.574,41.757,84392,"(41.86, 42.647]","(42.038, 42.825]","(40.814, 41.604]","(40.992, 41.785]","(68907.043, 84580.086]"
2011-06-13,41.979,42.043,41.601,41.844,136822,"(41.86, 42.647]","(42.038, 42.825]","(40.814, 41.604]","(41.785, 42.578]","(131599.214, 147272.257]"
2011-06-14,42.362,42.535,42.232,42.482,230258,"(41.86, 42.647]","(42.038, 42.825]","(41.604, 42.395]","(41.785, 42.578]","(225637.471, 241310.514]"
2011-06-15,41.931,42.006,41.337,41.418,108993,"(41.86, 42.647]","(41.251, 42.038]","(40.814, 41.604]","(40.992, 41.785]","(100253.129, 115926.171]"
2011-06-16,41.309,41.508,40.945,41.273,220768,"(41.073, 41.86]","(41.251, 42.038]","(40.814, 41.604]","(40.992, 41.785]","(209964.429, 225637.471]"
2011-06-17,41.593,41.835,41.391,41.533,58309,"(41.073, 41.86]","(41.251, 42.038]","(40.814, 41.604]","(40.992, 41.785]","(52136.886000000006, 68907.043]"
2011-06-20,41.376,41.663,41.337,41.565,247401,"(41.073, 41.86]","(41.251, 42.038]","(40.814, 41.604]","(40.992, 41.785]","(241310.514, 256983.557]"
2011-06-21,41.818,42.423,41.818,42.319,86059,"(41.073, 41.86]","(42.038, 42.825]","(41.604, 42.395]","(41.785, 42.578]","(84580.086, 100253.129]"
2011-06-22,42.145,42.353,42.016,42.034,186317,"(41.86, 42.647]","(42.038, 42.825]","(41.604, 42.395]","(41.785, 42.578]","(178618.343, 194291.386]"
2011-06-23,41.4,41.808,41.057,41.808,79304,"(41.073, 41.86]","(41.251, 42.038]","(40.814, 41.604]","(41.785, 42.578]","(68907.043, 84580.086]"
2011-06-27,41.391,41.862,41.3,41.724,98824,"(41.073, 41.86]","(41.251, 42.038]","(40.814, 41.604]","(40.992, 41.785]","(84580.086, 100253.129]"
2011-06-29,42.585,42.88,42.423,42.839,363456,"(41.86, 42.647]","(42.825, 43.611]","(42.395, 43.186]","(42.578, 43.371]","(351021.814, 366694.857]"
2011-06-30,43.048,43.428,42.967,43.346,74760,"(42.647, 43.434]","(42.825, 43.611]","(42.395, 43.186]","(42.578, 43.371]","(68907.043, 84580.086]"
2011-07-01,43.33,43.934,43.174,43.84,103165,"(42.647, 43.434]","(43.611, 44.398]","(42.395, 43.186]","(43.371, 44.164]","(100253.129, 115926.171]"
2011-07-05,43.786,43.84,43.64,43.747,61960,"(43.434, 44.221]","(43.611, 44.398]","(43.186, 43.976]","(43.371, 44.164]","(52136.886000000006, 68907.043]"
2011-07-06,43.581,43.711,43.347,43.624,146604,"(43.434, 44.221]","(43.611, 44.398]","(43.186, 43.976]","(43.371, 44.164]","(131599.214, 147272.257]"
2011-07-07,43.856,44.081,43.822,44.037,617597,"(43.434, 44.221]","(43.611, 44.398]","(43.186, 43.976]","(43.371, 44.164]","(617463.543, 633136.586]"
2011-07-08,43.581,43.616,43.278,43.607,66616,"(43.434, 44.221]","(43.611, 44.398]","(43.186, 43.976]","(43.371, 44.164]","(52136.886000000006, 68907.043]"
2011-07-11,42.914,42.958,42.406,42.585,133011,"(42.647, 43.434]","(42.825, 43.611]","(42.395, 43.186]","(42.578, 43.371]","(131599.214, 147272.257]"
2011-07-12,42.336,42.716,42.251,42.269,73891,"(41.86, 42.647]","(42.038, 42.825]","(41.604, 42.395]","(41.785, 42.578]","(68907.043, 84580.086]"
2011-07-13,42.665,43.132,42.577,42.69,57884,"(42.647, 43.434]","(42.825, 43.611]","(42.395, 43.186]","(42.578, 43.371]","(52136.886000000006, 68907.043]"
2011-07-14,42.949,43.028,42.327,42.37,69102,"(42.647, 43.434]","(42.825, 43.611]","(41.604, 42.395]","(41.785, 42.578]","(68907.043, 84580.086]"
2011-07-18,42.311,42.336,41.773,42.096,55767,"(41.86, 42.647]","(42.038, 42.825]","(41.604, 42.395]","(41.785, 42.578]","(52136.886000000006, 68907.043]"
2011-07-19,42.492,42.839,42.492,42.793,132593,"(41.86, 42.647]","(42.825, 43.611]","(42.395, 43.186]","(42.578, 43.371]","(131599.214, 147272.257]"
2011-07-21,43.251,43.812,43.227,43.764,113267,"(42.647, 43.434]","(43.611, 44.398]","(43.186, 43.976]","(43.371, 44.164]","(100253.129, 115926.171]"
2011-07-22,43.631,43.795,43.494,43.769,101514,"(43.434, 44.221]","(43.611, 44.398]","(43.186, 43.976]","(43.371, 44.164]","(100253.129, 115926.171]"
2011-07-25,43.338,43.648,43.287,43.434,124594,"(42.647, 43.434]","(43.611, 44.398]","(43.186, 43.976]","(43.371, 44.164]","(115926.171, 131599.214]"
2011-07-26,43.52,43.693,43.4,43.501,78968,"(43.434, 44.221]","(43.611, 44.398]","(43.186, 43.976]","(43.371, 44.164]","(68907.043, 84580.086]"
2011-07-27,43.356,43.356,42.457,42.562,164730,"(42.647, 43.434]","(42.825, 43.611]","(42.395, 43.186]","(41.785, 42.578]","(162945.3, 178618.343]"
2011-07-28,42.577,42.923,42.415,42.492,121412,"(41.86, 42.647]","(42.825, 43.611]","(42.395, 43.186]","(41.785, 42.578]","(115926.171, 131599.214]"
2011-07-29,42.302,42.786,42.088,42.415,203011,"(41.86, 42.647]","(42.038, 42.825]","(41.604, 42.395]","(41.785, 42.578]","(194291.386, 209964.429]"
2011-08-01,43.087,43.087,41.782,42.096,263321,"(42.647, 43.434]","(42.825, 43.611]","(41.604, 42.395]","(41.785, 42.578]","(256983.557, 272656.6]"
2011-08-02,41.791,41.948,41.04,41.04,153778,"(41.073, 41.86]","(41.251, 42.038]","(40.814, 41.604]","(40.992, 41.785]","(147272.257, 162945.3]"
2011-08-03,41.163,41.238,40.411,41.202,217451,"(41.073, 41.86]","(40.464, 41.251]","(40.023, 40.814]","(40.992, 41.785]","(209964.429, 225637.471]"
2011-08-04,40.358,40.358,38.716,38.767,843097,"(40.286, 41.073]","(39.678, 40.464]","(38.442, 39.232]","(38.614, 39.407]","(836886.143, 852559.186]"
2011-08-05,39.27,39.631,37.782,38.932,326282,"(38.712, 39.499]","(38.891, 39.678]","(37.651, 38.442]","(38.614, 39.407]","(319675.729, 335348.771]"
2011-08-08,37.602,38.042,36.03,36.062,940255,"(37.138, 37.925]","(37.317, 38.104]","(35.279, 36.07]","(35.442, 36.235]","(930924.4, 946597.443]"
2011-08-09,37.064,38.24,36.02,38.094,491390,"(36.352, 37.138]","(38.104, 38.891]","(35.279, 36.07]","(37.821, 38.614]","(476406.157, 492079.2]"
2011-08-10,37.359,37.436,36.22,36.236,261310,"(37.138, 37.925]","(37.317, 38.104]","(36.07, 36.86]","(36.235, 37.028]","(256983.557, 272656.6]"
2011-08-11,36.575,38.405,36.486,37.99,136762,"(36.352, 37.138]","(38.104, 38.891]","(36.07, 36.86]","(37.821, 38.614]","(131599.214, 147272.257]"
2011-08-12,38.395,38.586,37.99,38.337,215908,"(37.925, 38.712]","(38.104, 38.891]","(37.651, 38.442]","(37.821, 38.614]","(209964.429, 225637.471]"
2011-08-15,38.648,39.27,38.648,39.191,94062,"(37.925, 38.712]","(38.891, 39.678]","(38.442, 39.232]","(38.614, 39.407]","(84580.086, 100253.129]"
2011-08-16,38.682,39.114,38.405,38.785,130986,"(37.925, 38.712]","(38.891, 39.678]","(37.651, 38.442]","(38.614, 39.407]","(115926.171, 131599.214]"
2011-08-17,39.089,39.416,38.69,38.958,180059,"(38.712, 39.499]","(38.891, 39.678]","(38.442, 39.232]","(38.614, 39.407]","(178618.343, 194291.386]"
2011-08-18,37.807,37.807,36.823,37.22,597757,"(37.138, 37.925]","(37.317, 38.104]","(36.07, 36.86]","(37.028, 37.821]","(586117.457, 601790.5]"
2011-08-19,36.729,37.628,36.583,36.66,95079,"(36.352, 37.138]","(37.317, 38.104]","(36.07, 36.86]","(36.235, 37.028]","(84580.086, 100253.129]"
2011-08-22,37.534,37.628,36.66,36.685,105552,"(37.138, 37.925]","(37.317, 38.104]","(36.07, 36.86]","(36.235, 37.028]","(100253.129, 115926.171]"
2011-08-23,36.996,37.955,36.729,37.955,137053,"(36.352, 37.138]","(37.317, 38.104]","(36.07, 36.86]","(37.821, 38.614]","(131599.214, 147272.257]"
2011-08-24,37.688,38.188,37.515,38.131,606990,"(37.138, 37.925]","(38.104, 38.891]","(36.86, 37.651]","(37.821, 38.614]","(601790.5, 617463.543]"
2011-08-25,38.139,38.257,37.23,37.317,147263,"(37.925, 38.712]","(38.104, 38.891]","(36.86, 37.651]","(37.028, 37.821]","(131599.214, 147272.257]"
2011-08-26,37.187,38.051,36.738,37.906,92513,"(37.138, 37.925]","(37.317, 38.104]","(36.07, 36.86]","(37.821, 38.614]","(84580.086, 100253.129]"
2011-08-29,38.414,38.966,38.414,38.932,83458,"(37.925, 38.712]","(38.891, 39.678]","(37.651, 38.442]","(38.614, 39.407]","(68907.043, 84580.086]"
2011-08-30,38.716,39.123,38.405,38.975,113953,"(38.712, 39.499]","(38.891, 39.678]","(37.651, 38.442]","(38.614, 39.407]","(100253.129, 115926.171]"
2011-08-31,39.304,39.659,39.162,39.34,100905,"(38.712, 39.499]","(38.891, 39.678]","(38.442, 39.232]","(38.614, 39.407]","(100253.129, 115926.171]"
2011-09-01,39.401,39.736,39.011,39.061,388532,"(38.712, 39.499]","(39.678, 40.464]","(38.442, 39.232]","(38.614, 39.407]","(382367.9, 398040.943]"
2011-09-06,36.625,37.489,36.373,37.42,157429,"(36.352, 37.138]","(37.317, 38.104]","(36.07, 36.86]","(37.028, 37.821]","(147272.257, 162945.3]"
2011-09-07,37.998,38.456,37.888,38.456,84486,"(37.925, 38.712]","(38.104, 38.891]","(37.651, 38.442]","(37.821, 38.614]","(68907.043, 84580.086]"
2011-09-08,38.042,38.465,37.8,37.851,88250,"(37.925, 38.712]","(38.104, 38.891]","(37.651, 38.442]","(37.821, 38.614]","(84580.086, 100253.129]"
2011-09-09,37.377,37.377,36.549,36.756,177699,"(37.138, 37.925]","(37.317, 38.104]","(36.07, 36.86]","(36.235, 37.028]","(162945.3, 178618.343]"
2011-09-12,36.062,36.712,35.872,36.712,191237,"(35.565, 36.352]","(36.531, 37.317]","(35.279, 36.07]","(36.235, 37.028]","(178618.343, 194291.386]"
2011-09-13,36.746,37.136,36.633,37.056,87840,"(36.352, 37.138]","(36.531, 37.317]","(36.07, 36.86]","(37.028, 37.821]","(84580.086, 100253.129]"
2011-09-14,37.162,37.817,36.633,37.471,158649,"(37.138, 37.925]","(37.317, 38.104]","(36.07, 36.86]","(37.028, 37.821]","(147272.257, 162945.3]"
2011-09-15,37.931,38.163,37.628,38.103,763815,"(37.925, 38.712]","(38.104, 38.891]","(36.86, 37.651]","(37.821, 38.614]","(758520.929, 774193.971]"
2011-09-16,38.007,38.319,37.834,38.188,618017,"(37.925, 38.712]","(38.104, 38.891]","(37.651, 38.442]","(37.821, 38.614]","(617463.543, 633136.586]"
2011-09-19,37.23,37.653,36.987,37.454,78359,"(37.138, 37.925]","(37.317, 38.104]","(36.86, 37.651]","(37.028, 37.821]","(68907.043, 84580.086]"
2011-09-21,37.359,37.454,36.297,36.297,263346,"(37.138, 37.925]","(37.317, 38.104]","(36.07, 36.86]","(36.235, 37.028]","(256983.557, 272656.6]"
2011-09-23,34.646,35.175,34.576,35.103,226073,"(33.991, 34.778]","(34.957, 35.744]","(34.488, 35.279]","(34.649, 35.442]","(225637.471, 241310.514]"
2011-09-26,35.252,35.847,34.734,35.847,151088,"(34.778, 35.565]","(35.744, 36.531]","(34.488, 35.279]","(35.442, 36.235]","(147272.257, 162945.3]"
2011-09-27,36.721,37.145,36.332,36.539,124691,"(36.352, 37.138]","(36.531, 37.317]","(36.07, 36.86]","(36.235, 37.028]","(115926.171, 131599.214]"
2011-09-28,36.557,36.814,35.744,35.744,106094,"(36.352, 37.138]","(36.531, 37.317]","(35.279, 36.07]","(35.442, 36.235]","(100253.129, 115926.171]"
2011-09-29,36.608,36.729,35.7,36.243,331049,"(36.352, 37.138]","(36.531, 37.317]","(35.279, 36.07]","(36.235, 37.028]","(319675.729, 335348.771]"
2011-09-30,35.616,35.87,35.119,35.119,353820,"(35.565, 36.352]","(35.744, 36.531]","(34.488, 35.279]","(34.649, 35.442]","(351021.814, 366694.857]"
2011-10-03,34.993,35.33,34.189,34.241,533564,"(34.778, 35.565]","(34.957, 35.744]","(33.698, 34.488]","(33.856, 34.649]","(523425.286, 539098.329]"
2011-10-04,33.765,34.914,33.412,34.914,297395,"(33.204, 33.991]","(34.171, 34.957]","(32.907, 33.698]","(34.649, 35.442]","(288329.643, 304002.686]"
2011-10-05,34.922,35.639,34.612,35.562,207172,"(34.778, 35.565]","(34.957, 35.744]","(34.488, 35.279]","(35.442, 36.235]","(194291.386, 209964.429]"
2011-10-06,35.562,36.444,35.381,36.427,157032,"(34.778, 35.565]","(35.744, 36.531]","(35.279, 36.07]","(36.235, 37.028]","(147272.257, 162945.3]"
2011-10-07,36.539,36.677,35.951,36.114,91599,"(36.352, 37.138]","(36.531, 37.317]","(35.279, 36.07]","(35.442, 36.235]","(84580.086, 100253.129]"
2011-10-10,36.832,37.454,36.832,37.454,83004,"(36.352, 37.138]","(37.317, 38.104]","(36.07, 36.86]","(37.028, 37.821]","(68907.043, 84580.086]"
2011-10-11,37.032,37.403,36.987,37.308,434509,"(36.352, 37.138]","(37.317, 38.104]","(36.86, 37.651]","(37.028, 37.821]","(429387.029, 445060.071]"
2011-10-12,37.888,38.405,37.766,38.042,1050126,"(37.138, 37.925]","(38.104, 38.891]","(37.651, 38.442]","(37.821, 38.614]","(1040635.7, 1056308.743]"
2011-10-13,37.688,37.906,37.377,37.834,133430,"(37.138, 37.925]","(37.317, 38.104]","(36.86, 37.651]","(37.821, 38.614]","(131599.214, 147272.257]"
2011-10-14,38.37,38.475,38.025,38.475,140867,"(37.925, 38.712]","(38.104, 38.891]","(37.651, 38.442]","(37.821, 38.614]","(131599.214, 147272.257]"
2011-10-17,38.24,38.24,37.515,37.542,103023,"(37.925, 38.712]","(38.104, 38.891]","(36.86, 37.651]","(37.028, 37.821]","(100253.129, 115926.171]"
2011-10-18,37.454,38.456,37.145,38.276,124208,"(37.138, 37.925]","(38.104, 38.891]","(36.86, 37.651]","(37.821, 38.614]","(115926.171, 131599.214]"
2011-10-19,38.139,38.294,37.602,37.705,189773,"(37.925, 38.712]","(38.104, 38.891]","(36.86, 37.651]","(37.028, 37.821]","(178618.343, 194291.386]"
2011-10-20,37.713,37.817,37.145,37.653,85637,"(37.138, 37.925]","(37.317, 38.104]","(36.86, 37.651]","(37.028, 37.821]","(84580.086, 100253.129]"
2011-10-21,38.103,38.553,38.103,38.553,102345,"(37.925, 38.712]","(38.104, 38.891]","(37.651, 38.442]","(37.821, 38.614]","(100253.129, 115926.171]"
2011-10-24,38.675,39.225,38.638,39.14,242805,"(37.925, 38.712]","(38.891, 39.678]","(38.442, 39.232]","(38.614, 39.407]","(241310.514, 256983.557]"
2011-10-25,39.011,39.011,38.37,38.438,113553,"(38.712, 39.499]","(38.891, 39.678]","(37.651, 38.442]","(37.821, 38.614]","(100253.129, 115926.171]"
2011-10-26,38.966,39.07,38.188,38.983,202909,"(38.712, 39.499]","(38.891, 39.678]","(37.651, 38.442]","(38.614, 39.407]","(194291.386, 209964.429]"
2011-10-27,40.393,41.031,40.061,40.702,360981,"(40.286, 41.073]","(40.464, 41.251]","(40.023, 40.814]","(40.2, 40.992]","(351021.814, 366694.857]"
2011-10-28,40.425,40.6,40.297,40.575,157802,"(40.286, 41.073]","(40.464, 41.251]","(40.023, 40.814]","(40.2, 40.992]","(147272.257, 162945.3]"
2011-10-31,39.65,39.772,39.119,39.119,75067,"(39.499, 40.286]","(39.678, 40.464]","(38.442, 39.232]","(38.614, 39.407]","(68907.043, 84580.086]"
2011-11-01,37.8,38.438,37.612,37.948,162272,"(37.138, 37.925]","(38.104, 38.891]","(36.86, 37.651]","(37.821, 38.614]","(147272.257, 162945.3]"
2011-11-02,38.568,38.767,38.276,38.62,59357,"(37.925, 38.712]","(38.104, 38.891]","(37.651, 38.442]","(38.614, 39.407]","(52136.886000000006, 68907.043]"
2011-11-03,39.14,39.475,38.484,39.416,116631,"(38.712, 39.499]","(38.891, 39.678]","(38.442, 39.232]","(39.407, 40.2]","(115926.171, 131599.214]"
2011-11-04,39.049,39.128,38.693,39.093,91301,"(38.712, 39.499]","(38.891, 39.678]","(38.442, 39.232]","(38.614, 39.407]","(84580.086, 100253.129]"
2011-11-07,39.08,39.338,38.758,39.27,59756,"(38.712, 39.499]","(38.891, 39.678]","(38.442, 39.232]","(38.614, 39.407]","(52136.886000000006, 68907.043]"
2011-11-08,39.484,39.82,39.132,39.754,190053,"(38.712, 39.499]","(39.678, 40.464]","(38.442, 39.232]","(39.407, 40.2]","(178618.343, 194291.386]"
2011-11-09,38.484,38.568,37.843,37.921,450421,"(37.925, 38.712]","(38.104, 38.891]","(37.651, 38.442]","(37.821, 38.614]","(445060.071, 460733.114]"
2011-11-10,38.465,38.526,37.955,38.319,58942,"(37.925, 38.712]","(38.104, 38.891]","(37.651, 38.442]","(37.821, 38.614]","(52136.886000000006, 68907.043]"
2011-11-14,38.914,38.939,38.387,38.577,114619,"(38.712, 39.499]","(38.891, 39.678]","(37.651, 38.442]","(37.821, 38.614]","(100253.129, 115926.171]"
2011-11-15,38.491,38.864,38.328,38.595,76943,"(37.925, 38.712]","(38.104, 38.891]","(37.651, 38.442]","(37.821, 38.614]","(68907.043, 84580.086]"
2011-11-16,38.24,38.707,37.962,38.007,744332,"(37.925, 38.712]","(38.104, 38.891]","(37.651, 38.442]","(37.821, 38.614]","(742847.886, 758520.929]"
2011-11-17,37.981,38.155,37.126,37.385,103208,"(37.925, 38.712]","(38.104, 38.891]","(36.86, 37.651]","(37.028, 37.821]","(100253.129, 115926.171]"
2011-11-18,37.74,37.74,37.246,37.42,58588,"(37.138, 37.925]","(37.317, 38.104]","(36.86, 37.651]","(37.028, 37.821]","(52136.886000000006, 68907.043]"
2011-11-21,36.756,36.771,36.236,36.565,193256,"(36.352, 37.138]","(36.531, 37.317]","(36.07, 36.86]","(36.235, 37.028]","(178618.343, 194291.386]"
2011-11-22,36.557,36.756,36.289,36.512,146589,"(36.352, 37.138]","(36.531, 37.317]","(36.07, 36.86]","(36.235, 37.028]","(131599.214, 147272.257]"
2011-11-23,36.03,36.106,35.51,35.555,285949,"(35.565, 36.352]","(35.744, 36.531]","(35.279, 36.07]","(35.442, 36.235]","(272656.6, 288329.643]"
2011-11-25,35.443,35.881,35.207,35.443,124850,"(34.778, 35.565]","(35.744, 36.531]","(34.488, 35.279]","(35.442, 36.235]","(115926.171, 131599.214]"
2011-11-28,36.771,36.884,36.461,36.771,139078,"(36.352, 37.138]","(36.531, 37.317]","(36.07, 36.86]","(36.235, 37.028]","(131599.214, 147272.257]"
2011-11-29,36.823,37.092,36.668,36.901,254268,"(36.352, 37.138]","(36.531, 37.317]","(36.07, 36.86]","(36.235, 37.028]","(241310.514, 256983.557]"
2011-11-30,38.13,38.659,38.039,38.597,275658,"(37.925, 38.712]","(38.104, 38.891]","(37.651, 38.442]","(37.821, 38.614]","(272656.6, 288329.643]"
2011-12-01,38.484,38.785,38.302,38.423,204656,"(37.925, 38.712]","(38.104, 38.891]","(37.651, 38.442]","(37.821, 38.614]","(194291.386, 209964.429]"
2011-12-02,38.854,38.94,38.384,38.393,158273,"(38.712, 39.499]","(38.891, 39.678]","(37.651, 38.442]","(37.821, 38.614]","(147272.257, 162945.3]"
2011-12-05,38.992,39.165,38.629,38.864,178554,"(38.712, 39.499]","(38.891, 39.678]","(38.442, 39.232]","(38.614, 39.407]","(162945.3, 178618.343]"
2011-12-06,38.772,38.924,38.535,38.763,143832,"(38.712, 39.499]","(38.891, 39.678]","(38.442, 39.232]","(38.614, 39.407]","(131599.214, 147272.257]"
2011-12-07,38.544,39.074,38.332,38.898,133667,"(37.925, 38.712]","(38.891, 39.678]","(37.651, 38.442]","(38.614, 39.407]","(131599.214, 147272.257]"
2011-12-08,38.384,38.517,37.758,37.844,271709,"(37.925, 38.712]","(38.104, 38.891]","(37.651, 38.442]","(37.821, 38.614]","(256983.557, 272656.6]"
2011-12-09,38.021,38.659,37.993,38.554,110883,"(37.925, 38.712]","(38.104, 38.891]","(37.651, 38.442]","(37.821, 38.614]","(100253.129, 115926.171]"
2011-12-12,37.851,37.939,37.369,37.653,141203,"(37.138, 37.925]","(37.317, 38.104]","(36.86, 37.651]","(37.028, 37.821]","(131599.214, 147272.257]"
2011-12-13,37.976,38.085,37.111,37.251,164914,"(37.925, 38.712]","(37.317, 38.104]","(36.86, 37.651]","(37.028, 37.821]","(162945.3, 178618.343]"
2011-12-14,37.093,37.198,36.632,36.802,476855,"(36.352, 37.138]","(36.531, 37.317]","(36.07, 36.86]","(36.235, 37.028]","(476406.157, 492079.2]"
2011-12-15,37.162,37.255,36.842,36.937,346175,"(37.138, 37.925]","(36.531, 37.317]","(36.07, 36.86]","(36.235, 37.028]","(335348.771, 351021.814]"
2011-12-16,37.157,37.359,36.836,36.995,579295,"(37.138, 37.925]","(37.317, 38.104]","(36.07, 36.86]","(36.235, 37.028]","(570444.414, 586117.457]"
2011-12-19,37.073,37.147,36.473,36.545,229543,"(36.352, 37.138]","(36.531, 37.317]","(36.07, 36.86]","(36.235, 37.028]","(225637.471, 241310.514]"
2011-12-20,37.157,37.808,37.093,37.721,505063,"(37.138, 37.925]","(37.317, 38.104]","(36.86, 37.651]","(37.028, 37.821]","(492079.2, 507752.243]"
2011-12-21,37.64,37.721,37.251,37.633,388457,"(37.138, 37.925]","(37.317, 38.104]","(36.86, 37.651]","(37.028, 37.821]","(382367.9, 398040.943]"
2011-12-22,37.782,38.102,37.739,38.065,274331,"(37.138, 37.925]","(37.317, 38.104]","(37.651, 38.442]","(37.821, 38.614]","(272656.6, 288329.643]"
2011-12-23,38.154,38.376,38.056,38.297,320010,"(37.925, 38.712]","(38.104, 38.891]","(37.651, 38.442]","(37.821, 38.614]","(319675.729, 335348.771]"
2011-12-27,38.198,38.358,38.189,38.241,301636,"(37.925, 38.712]","(38.104, 38.891]","(37.651, 38.442]","(37.821, 38.614]","(288329.643, 304002.686]"
2011-12-28,38.189,38.206,37.597,37.667,459911,"(37.925, 38.712]","(38.104, 38.891]","(36.86, 37.651]","(37.028, 37.821]","(445060.071, 460733.114]"
2011-12-29,37.658,38.172,37.658,38.11,350368,"(37.138, 37.925]","(38.104, 38.891]","(37.651, 38.442]","(37.821, 38.614]","(335348.771, 351021.814]"
2011-12-30,38.02,38.281,38.02,38.198,223780,"(37.925, 38.712]","(38.104, 38.891]","(37.651, 38.442]","(37.821, 38.614]","(209964.429, 225637.471]"
2012-01-03,38.932,39.137,38.914,38.914,263922,"(38.712, 39.499]","(38.891, 39.678]","(38.442, 39.232]","(38.614, 39.407]","(256983.557, 272656.6]"
2012-01-04,38.73,38.96,38.616,38.914,161622,"(38.712, 39.499]","(38.891, 39.678]","(38.442, 39.232]","(38.614, 39.407]","(147272.257, 162945.3]"
2012-01-05,38.587,38.818,38.341,38.711,98084,"(37.925, 38.712]","(38.104, 38.891]","(37.651, 38.442]","(38.614, 39.407]","(84580.086, 100253.129]"
2012-01-06,38.678,38.678,38.358,38.421,64657,"(37.925, 38.712]","(38.104, 38.891]","(37.651, 38.442]","(37.821, 38.614]","(52136.886000000006, 68907.043]"
2012-01-09,38.578,38.641,38.313,38.554,230955,"(37.925, 38.712]","(38.104, 38.891]","(37.651, 38.442]","(37.821, 38.614]","(225637.471, 241310.514]"
2012-01-10,39.137,39.215,39.056,39.145,147352,"(38.712, 39.499]","(38.891, 39.678]","(38.442, 39.232]","(38.614, 39.407]","(147272.257, 162945.3]"
2012-01-11,38.924,39.128,38.827,39.093,106380,"(38.712, 39.499]","(38.891, 39.678]","(38.442, 39.232]","(38.614, 39.407]","(100253.129, 115926.171]"
2012-01-12,39.206,39.27,38.924,39.215,226183,"(38.712, 39.499]","(38.891, 39.678]","(38.442, 39.232]","(38.614, 39.407]","(225637.471, 241310.514]"
2012-01-13,38.791,38.898,38.508,38.871,97855,"(38.712, 39.499]","(38.891, 39.678]","(38.442, 39.232]","(38.614, 39.407]","(84580.086, 100253.129]"
2012-01-17,39.296,39.454,39.11,39.198,263893,"(38.712, 39.499]","(38.891, 39.678]","(38.442, 39.232]","(38.614, 39.407]","(256983.557, 272656.6]"
2012-01-18,39.278,39.738,39.278,39.72,360122,"(38.712, 39.499]","(39.678, 40.464]","(39.232, 40.023]","(39.407, 40.2]","(351021.814, 366694.857]"
2012-01-19,39.907,40.129,39.808,40.071,248736,"(39.499, 40.286]","(39.678, 40.464]","(39.232, 40.023]","(39.407, 40.2]","(241310.514, 256983.557]"
2012-01-20,40.048,40.165,39.939,40.165,112401,"(39.499, 40.286]","(39.678, 40.464]","(39.232, 40.023]","(39.407, 40.2]","(100253.129, 115926.171]"
2012-01-23,40.259,40.426,40.071,40.204,503217,"(39.499, 40.286]","(39.678, 40.464]","(40.023, 40.814]","(40.2, 40.992]","(492079.2, 507752.243]"
2012-01-24,39.881,40.109,39.764,40.055,257085,"(39.499, 40.286]","(39.678, 40.464]","(39.232, 40.023]","(39.407, 40.2]","(256983.557, 272656.6]"
2012-01-25,40.031,40.596,39.825,40.544,154345,"(39.499, 40.286]","(40.464, 41.251]","(39.232, 40.023]","(40.2, 40.992]","(147272.257, 162945.3]"
2012-01-26,40.758,40.88,40.278,40.402,203579,"(40.286, 41.073]","(40.464, 41.251]","(40.023, 40.814]","(40.2, 40.992]","(194291.386, 209964.429]"
2012-01-27,40.313,40.552,40.304,40.443,123479,"(40.286, 41.073]","(40.464, 41.251]","(40.023, 40.814]","(40.2, 40.992]","(115926.171, 131599.214]"
2012-01-30,40.04,40.268,39.844,40.197,210545,"(39.499, 40.286]","(39.678, 40.464]","(39.232, 40.023]","(39.407, 40.2]","(209964.429, 225637.471]"
2012-01-31,40.499,40.545,40.026,40.285,299071,"(40.286, 41.073]","(40.464, 41.251]","(40.023, 40.814]","(40.2, 40.992]","(288329.643, 304002.686]"
2012-02-01,40.758,41.073,40.691,40.843,304658,"(40.286, 41.073]","(40.464, 41.251]","(40.023, 40.814]","(40.2, 40.992]","(304002.686, 319675.729]"
2012-02-02,40.984,41.128,40.87,41.001,341406,"(40.286, 41.073]","(40.464, 41.251]","(40.814, 41.604]","(40.992, 41.785]","(335348.771, 351021.814]"
2012-02-03,41.323,41.612,41.276,41.576,163152,"(41.073, 41.86]","(41.251, 42.038]","(40.814, 41.604]","(40.992, 41.785]","(162945.3, 178618.343]"
2012-02-06,41.323,41.481,41.267,41.472,100677,"(41.073, 41.86]","(41.251, 42.038]","(40.814, 41.604]","(40.992, 41.785]","(100253.129, 115926.171]"
2012-02-07,41.382,41.639,41.204,41.612,137682,"(41.073, 41.86]","(41.251, 42.038]","(40.814, 41.604]","(40.992, 41.785]","(131599.214, 147272.257]"
2012-02-08,41.703,41.843,41.499,41.77,145715,"(41.073, 41.86]","(41.251, 42.038]","(40.814, 41.604]","(40.992, 41.785]","(131599.214, 147272.257]"
2012-02-09,41.807,41.861,41.595,41.826,96194,"(41.073, 41.86]","(41.251, 42.038]","(40.814, 41.604]","(41.785, 42.578]","(84580.086, 100253.129]"
2012-02-10,41.267,41.314,41.11,41.267,137362,"(41.073, 41.86]","(41.251, 42.038]","(40.814, 41.604]","(40.992, 41.785]","(131599.214, 147272.257]"
2012-02-13,41.703,41.747,41.508,41.631,183833,"(41.073, 41.86]","(41.251, 42.038]","(40.814, 41.604]","(40.992, 41.785]","(178618.343, 194291.386]"
2012-02-14,41.526,41.534,41.18,41.463,77102,"(41.073, 41.86]","(41.251, 42.038]","(40.814, 41.604]","(40.992, 41.785]","(68907.043, 84580.086]"
2012-02-15,41.711,41.729,41.349,41.382,72858,"(41.073, 41.86]","(41.251, 42.038]","(40.814, 41.604]","(40.992, 41.785]","(68907.043, 84580.086]"
2012-02-16,41.398,41.95,41.323,41.95,81524,"(41.073, 41.86]","(41.251, 42.038]","(40.814, 41.604]","(41.785, 42.578]","(68907.043, 84580.086]"
2012-02-21,42.169,42.269,41.974,42.084,106794,"(41.86, 42.647]","(42.038, 42.825]","(41.604, 42.395]","(41.785, 42.578]","(100253.129, 115926.171]"
2012-02-22,42.047,42.047,41.87,41.959,109122,"(41.86, 42.647]","(42.038, 42.825]","(41.604, 42.395]","(41.785, 42.578]","(100253.129, 115926.171]"
2012-02-23,41.966,42.169,41.72,42.111,227792,"(41.86, 42.647]","(42.038, 42.825]","(41.604, 42.395]","(41.785, 42.578]","(225637.471, 241310.514]"
2012-02-24,42.26,42.453,42.251,42.347,95142,"(41.86, 42.647]","(42.038, 42.825]","(41.604, 42.395]","(41.785, 42.578]","(84580.086, 100253.129]"
2012-02-27,41.959,42.382,41.807,42.242,230214,"(41.86, 42.647]","(42.038, 42.825]","(41.604, 42.395]","(41.785, 42.578]","(225637.471, 241310.514]"
2012-02-28,42.312,42.515,42.214,42.48,169124,"(41.86, 42.647]","(42.038, 42.825]","(41.604, 42.395]","(41.785, 42.578]","(162945.3, 178618.343]"
2012-02-29,42.64,42.744,42.127,42.205,418252,"(41.86, 42.647]","(42.038, 42.825]","(41.604, 42.395]","(41.785, 42.578]","(413713.986, 429387.029]"
2012-03-01,42.365,42.667,42.338,42.613,168606,"(41.86, 42.647]","(42.038, 42.825]","(41.604, 42.395]","(42.578, 43.371]","(162945.3, 178618.343]"
2012-03-02,42.374,42.453,42.161,42.304,505009,"(41.86, 42.647]","(42.038, 42.825]","(41.604, 42.395]","(41.785, 42.578]","(492079.2, 507752.243]"
2012-03-05,42.187,42.187,41.852,42.039,1075107,"(41.86, 42.647]","(42.038, 42.825]","(41.604, 42.395]","(41.785, 42.578]","(1071981.786, 1087654.829]"
2012-03-06,41.304,41.304,40.87,41.001,480475,"(41.073, 41.86]","(41.251, 42.038]","(40.814, 41.604]","(40.992, 41.785]","(476406.157, 492079.2]"
2012-03-07,41.223,41.518,41.128,41.445,228782,"(41.073, 41.86]","(41.251, 42.038]","(40.814, 41.604]","(40.992, 41.785]","(225637.471, 241310.514]"
2012-03-08,41.898,42.232,41.816,42.143,202749,"(41.86, 42.647]","(42.038, 42.825]","(41.604, 42.395]","(41.785, 42.578]","(194291.386, 209964.429]"
2012-03-09,42.111,42.287,42.019,42.111,99317,"(41.86, 42.647]","(42.038, 42.825]","(41.604, 42.395]","(41.785, 42.578]","(84580.086, 100253.129]"
2012-03-12,42.084,42.169,41.915,42.039,161072,"(41.86, 42.647]","(42.038, 42.825]","(41.604, 42.395]","(41.785, 42.578]","(147272.257, 162945.3]"
2012-03-13,42.214,42.798,42.205,42.781,135745,"(41.86, 42.647]","(42.038, 42.825]","(41.604, 42.395]","(42.578, 43.371]","(131599.214, 147272.257]"
2012-03-14,42.754,42.798,42.453,42.622,402698,"(42.647, 43.434]","(42.038, 42.825]","(42.395, 43.186]","(42.578, 43.371]","(398040.943, 413713.986]"
2012-03-15,42.685,42.921,42.584,42.877,256143,"(42.647, 43.434]","(42.825, 43.611]","(42.395, 43.186]","(42.578, 43.371]","(241310.514, 256983.557]"
2012-03-16,43.09,43.126,42.993,43.021,108018,"(42.647, 43.434]","(42.825, 43.611]","(42.395, 43.186]","(42.578, 43.371]","(100253.129, 115926.171]"
2012-03-19,42.975,43.312,42.921,43.144,111996,"(42.647, 43.434]","(42.825, 43.611]","(42.395, 43.186]","(42.578, 43.371]","(100253.129, 115926.171]"
2012-03-20,42.718,42.853,42.56,42.807,97228,"(42.647, 43.434]","(42.825, 43.611]","(42.395, 43.186]","(42.578, 43.371]","(84580.086, 100253.129]"
2012-03-21,42.798,42.816,42.56,42.727,108831,"(42.647, 43.434]","(42.038, 42.825]","(42.395, 43.186]","(42.578, 43.371]","(100253.129, 115926.171]"
2012-03-22,42.269,42.382,42.127,42.222,268636,"(41.86, 42.647]","(42.038, 42.825]","(41.604, 42.395]","(41.785, 42.578]","(256983.557, 272656.6]"
2012-03-23,42.26,42.56,42.12,42.551,361324,"(41.86, 42.647]","(42.038, 42.825]","(41.604, 42.395]","(41.785, 42.578]","(351021.814, 366694.857]"
2012-03-26,42.87,43.196,42.835,43.178,215428,"(42.647, 43.434]","(42.825, 43.611]","(42.395, 43.186]","(42.578, 43.371]","(209964.429, 225637.471]"
2012-03-27,43.178,43.186,42.921,42.921,154790,"(42.647, 43.434]","(42.825, 43.611]","(42.395, 43.186]","(42.578, 43.371]","(147272.257, 162945.3]"
2012-03-28,42.93,42.948,42.391,42.603,124615,"(42.647, 43.434]","(42.825, 43.611]","(41.604, 42.395]","(42.578, 43.371]","(115926.171, 131599.214]"
2012-03-29,42.312,42.534,42.064,42.534,403477,"(41.86, 42.647]","(42.038, 42.825]","(41.604, 42.395]","(41.785, 42.578]","(398040.943, 413713.986]"
2012-03-30,42.809,42.809,42.505,42.703,541262,"(42.647, 43.434]","(42.038, 42.825]","(42.395, 43.186]","(42.578, 43.371]","(539098.329, 554771.371]"
2012-04-02,42.667,43.32,42.568,43.144,307850,"(42.647, 43.434]","(42.825, 43.611]","(42.395, 43.186]","(42.578, 43.371]","(304002.686, 319675.729]"
2012-04-03,43.136,43.136,42.56,42.735,76148,"(42.647, 43.434]","(42.825, 43.611]","(42.395, 43.186]","(42.578, 43.371]","(68907.043, 84580.086]"
2012-04-04,42.232,42.287,41.932,42.084,199810,"(41.86, 42.647]","(42.038, 42.825]","(41.604, 42.395]","(41.785, 42.578]","(194291.386, 209964.429]"
2012-04-05,41.88,42.178,41.88,42.047,135825,"(41.86, 42.647]","(42.038, 42.825]","(41.604, 42.395]","(41.785, 42.578]","(131599.214, 147272.257]"
2012-04-09,41.566,41.78,41.286,41.631,445066,"(41.073, 41.86]","(41.251, 42.038]","(40.814, 41.604]","(40.992, 41.785]","(445060.071, 460733.114]"
2012-04-10,41.543,41.631,40.711,40.798,362066,"(41.073, 41.86]","(41.251, 42.038]","(40.023, 40.814]","(40.2, 40.992]","(351021.814, 366694.857]"
2012-04-11,41.407,41.435,41.213,41.267,130358,"(41.073, 41.86]","(41.251, 42.038]","(40.814, 41.604]","(40.992, 41.785]","(115926.171, 131599.214]"
2012-04-12,41.445,42.019,41.407,41.982,164717,"(41.073, 41.86]","(41.251, 42.038]","(40.814, 41.604]","(41.785, 42.578]","(162945.3, 178618.343]"
2012-04-13,41.683,41.72,41.295,41.295,131233,"(41.073, 41.86]","(41.251, 42.038]","(40.814, 41.604]","(40.992, 41.785]","(115926.171, 131599.214]"
2012-04-16,41.595,41.639,41.223,41.435,72422,"(41.073, 41.86]","(41.251, 42.038]","(40.814, 41.604]","(40.992, 41.785]","(68907.043, 84580.086]"
2012-04-17,41.693,42.111,41.657,42.074,55104,"(41.073, 41.86]","(42.038, 42.825]","(41.604, 42.395]","(41.785, 42.578]","(52136.886000000006, 68907.043]"
2012-04-18,41.807,41.974,41.737,41.816,117485,"(41.073, 41.86]","(41.251, 42.038]","(41.604, 42.395]","(41.785, 42.578]","(115926.171, 131599.214]"
2012-04-19,41.87,42.0,41.426,41.631,143096,"(41.86, 42.647]","(41.251, 42.038]","(40.814, 41.604]","(40.992, 41.785]","(131599.214, 147272.257]"
2012-04-20,41.923,42.039,41.763,41.763,140111,"(41.86, 42.647]","(42.038, 42.825]","(41.604, 42.395]","(40.992, 41.785]","(131599.214, 147272.257]"
2012-04-23,41.276,41.276,40.924,41.223,789666,"(41.073, 41.86]","(41.251, 42.038]","(40.814, 41.604]","(40.992, 41.785]","(774193.971, 789867.014]"
2012-04-24,41.231,41.534,41.231,41.373,71782,"(41.073, 41.86]","(41.251, 42.038]","(40.814, 41.604]","(40.992, 41.785]","(68907.043, 84580.086]"
2012-04-25,41.826,42.047,41.747,41.932,237863,"(41.073, 41.86]","(42.038, 42.825]","(41.604, 42.395]","(41.785, 42.578]","(225637.471, 241310.514]"
2012-04-26,41.888,42.304,41.816,42.287,551947,"(41.86, 42.647]","(42.038, 42.825]","(41.604, 42.395]","(41.785, 42.578]","(539098.329, 554771.371]"
2012-04-27,42.391,42.489,42.161,42.374,339801,"(41.86, 42.647]","(42.038, 42.825]","(41.604, 42.395]","(41.785, 42.578]","(335348.771, 351021.814]"
2012-04-30,42.282,42.282,42.076,42.199,120235,"(41.86, 42.647]","(42.038, 42.825]","(41.604, 42.395]","(41.785, 42.578]","(115926.171, 131599.214]"
2012-05-01,42.111,42.64,42.111,42.41,80837,"(41.86, 42.647]","(42.038, 42.825]","(41.604, 42.395]","(41.785, 42.578]","(68907.043, 84580.086]"
2012-05-02,42.101,42.26,41.982,42.251,178325,"(41.86, 42.647]","(42.038, 42.825]","(41.604, 42.395]","(41.785, 42.578]","(162945.3, 178618.343]"
2012-05-03,42.205,42.242,41.77,41.898,293031,"(41.86, 42.647]","(42.038, 42.825]","(41.604, 42.395]","(41.785, 42.578]","(288329.643, 304002.686]"
2012-05-04,41.649,41.667,41.137,41.154,559722,"(41.073, 41.86]","(41.251, 42.038]","(40.814, 41.604]","(40.992, 41.785]","(554771.371, 570444.414]"
2012-05-07,41.073,41.407,41.047,41.333,185778,"(40.286, 41.073]","(41.251, 42.038]","(40.814, 41.604]","(40.992, 41.785]","(178618.343, 194291.386]"
2012-05-08,41.001,41.01,40.471,40.916,170917,"(40.286, 41.073]","(40.464, 41.251]","(40.023, 40.814]","(40.2, 40.992]","(162945.3, 178618.343]"
2012-05-09,40.357,40.773,40.148,40.526,122105,"(40.286, 41.073]","(40.464, 41.251]","(40.023, 40.814]","(40.2, 40.992]","(115926.171, 131599.214]"
2012-05-10,40.824,40.87,40.561,40.631,591157,"(40.286, 41.073]","(40.464, 41.251]","(40.023, 40.814]","(40.2, 40.992]","(586117.457, 601790.5]"
2012-05-11,40.332,40.833,40.278,40.498,228633,"(40.286, 41.073]","(40.464, 41.251]","(40.023, 40.814]","(40.2, 40.992]","(225637.471, 241310.514]"
2012-05-14,39.986,40.081,39.791,39.835,328959,"(39.499, 40.286]","(39.678, 40.464]","(39.232, 40.023]","(39.407, 40.2]","(319675.729, 335348.771]"
2012-05-15,39.756,39.907,39.404,39.497,304106,"(39.499, 40.286]","(39.678, 40.464]","(39.232, 40.023]","(39.407, 40.2]","(304002.686, 319675.729]"
2012-05-16,39.562,39.701,39.162,39.188,134378,"(39.499, 40.286]","(39.678, 40.464]","(38.442, 39.232]","(38.614, 39.407]","(131599.214, 147272.257]"
2012-05-17,39.155,39.172,38.659,38.669,155474,"(38.712, 39.499]","(38.891, 39.678]","(38.442, 39.232]","(38.614, 39.407]","(147272.257, 162945.3]"
2012-05-18,38.711,38.827,38.241,38.323,179121,"(37.925, 38.712]","(38.104, 38.891]","(37.651, 38.442]","(37.821, 38.614]","(178618.343, 194291.386]"
2012-05-21,38.454,39.056,38.454,39.039,157189,"(37.925, 38.712]","(38.891, 39.678]","(38.442, 39.232]","(38.614, 39.407]","(147272.257, 162945.3]"
2012-05-22,39.1,39.358,38.755,38.967,89875,"(38.712, 39.499]","(38.891, 39.678]","(38.442, 39.232]","(38.614, 39.407]","(84580.086, 100253.129]"
2012-05-23,38.649,38.854,38.13,38.836,263209,"(37.925, 38.712]","(38.104, 38.891]","(37.651, 38.442]","(38.614, 39.407]","(256983.557, 272656.6]"
2012-05-24,38.871,38.924,38.445,38.678,92934,"(38.712, 39.499]","(38.891, 39.678]","(38.442, 39.232]","(38.614, 39.407]","(84580.086, 100253.129]"
2012-05-25,38.702,38.791,38.535,38.641,107563,"(37.925, 38.712]","(38.104, 38.891]","(38.442, 39.232]","(38.614, 39.407]","(100253.129, 115926.171]"
2012-05-29,39.056,39.286,38.863,39.172,216000,"(38.712, 39.499]","(38.891, 39.678]","(38.442, 39.232]","(38.614, 39.407]","(209964.429, 225637.471]"
2012-05-30,38.746,38.763,38.401,38.401,388328,"(38.712, 39.499]","(38.104, 38.891]","(37.651, 38.442]","(37.821, 38.614]","(382367.9, 398040.943]"
2012-05-31,38.521,38.602,38.101,38.432,105471,"(37.925, 38.712]","(38.104, 38.891]","(37.651, 38.442]","(37.821, 38.614]","(100253.129, 115926.171]"
2012-06-01,37.908,37.916,37.537,37.553,584774,"(37.138, 37.925]","(37.317, 38.104]","(36.86, 37.651]","(37.028, 37.821]","(570444.414, 586117.457]"
2012-06-04,37.766,37.826,37.323,37.649,336192,"(37.138, 37.925]","(37.317, 38.104]","(36.86, 37.651]","(37.028, 37.821]","(335348.771, 351021.814]"
2012-06-05,37.597,37.899,37.588,37.844,86282,"(37.138, 37.925]","(37.317, 38.104]","(36.86, 37.651]","(37.821, 38.614]","(84580.086, 100253.129]"
2012-06-06,38.26,38.889,38.163,38.88,63160,"(37.925, 38.712]","(38.104, 38.891]","(37.651, 38.442]","(38.614, 39.407]","(52136.886000000006, 68907.043]"
2012-06-07,39.454,39.454,38.809,38.88,110055,"(38.712, 39.499]","(38.891, 39.678]","(38.442, 39.232]","(38.614, 39.407]","(100253.129, 115926.171]"
2012-06-08,38.578,38.976,38.429,38.932,213077,"(37.925, 38.712]","(38.891, 39.678]","(37.651, 38.442]","(38.614, 39.407]","(209964.429, 225637.471]"
2012-06-11,39.251,39.348,38.384,38.429,100499,"(38.712, 39.499]","(38.891, 39.678]","(37.651, 38.442]","(37.821, 38.614]","(100253.129, 115926.171]"
2012-06-12,38.649,38.994,38.401,38.994,285344,"(37.925, 38.712]","(38.891, 39.678]","(37.651, 38.442]","(38.614, 39.407]","(272656.6, 288329.643]"
2012-06-13,38.818,39.049,38.569,38.678,90679,"(38.712, 39.499]","(38.891, 39.678]","(38.442, 39.232]","(38.614, 39.407]","(84580.086, 100253.129]"
2012-06-14,38.755,39.084,38.622,38.95,163294,"(38.712, 39.499]","(38.891, 39.678]","(38.442, 39.232]","(38.614, 39.407]","(162945.3, 178618.343]"
2012-06-15,39.215,39.471,39.084,39.436,133281,"(38.712, 39.499]","(38.891, 39.678]","(38.442, 39.232]","(39.407, 40.2]","(131599.214, 147272.257]"
2012-06-18,39.34,39.588,39.215,39.471,116454,"(38.712, 39.499]","(38.891, 39.678]","(38.442, 39.232]","(39.407, 40.2]","(115926.171, 131599.214]"
2012-06-19,39.791,40.24,39.782,40.04,158179,"(39.499, 40.286]","(39.678, 40.464]","(39.232, 40.023]","(39.407, 40.2]","(147272.257, 162945.3]"
2012-06-20,40.156,40.34,39.799,40.1,335462,"(39.499, 40.286]","(39.678, 40.464]","(39.232, 40.023]","(39.407, 40.2]","(335348.771, 351021.814]"
2012-06-21,40.071,40.109,39.029,39.056,73008,"(39.499, 40.286]","(39.678, 40.464]","(38.442, 39.232]","(38.614, 39.407]","(68907.043, 84580.086]"
2012-06-22,39.394,39.48,39.137,39.428,54232,"(38.712, 39.499]","(38.891, 39.678]","(38.442, 39.232]","(39.407, 40.2]","(52136.886000000006, 68907.043]"
2012-06-25,38.94,38.94,38.535,38.649,67670,"(38.712, 39.499]","(38.891, 39.678]","(38.442, 39.232]","(38.614, 39.407]","(52136.886000000006, 68907.043]"
2012-06-26,38.772,39.004,38.569,38.871,93155,"(38.712, 39.499]","(38.891, 39.678]","(38.442, 39.232]","(38.614, 39.407]","(84580.086, 100253.129]"
2012-06-27,39.049,39.331,38.985,39.251,69085,"(38.712, 39.499]","(38.891, 39.678]","(38.442, 39.232]","(38.614, 39.407]","(68907.043, 84580.086]"
2012-06-28,38.96,39.162,38.686,39.137,74449,"(38.712, 39.499]","(38.891, 39.678]","(38.442, 39.232]","(38.614, 39.407]","(68907.043, 84580.086]"
2012-06-29,40.239,40.411,40.044,40.403,131459,"(39.499, 40.286]","(39.678, 40.464]","(40.023, 40.814]","(40.2, 40.992]","(115926.171, 131599.214]"
2012-07-02,40.463,40.587,40.222,40.552,144941,"(40.286, 41.073]","(40.464, 41.251]","(40.023, 40.814]","(40.2, 40.992]","(131599.214, 147272.257]"
2012-07-03,40.64,41.01,40.64,40.984,82757,"(40.286, 41.073]","(40.464, 41.251]","(40.023, 40.814]","(40.2, 40.992]","(68907.043, 84580.086]"
2012-07-05,40.649,40.758,40.419,40.596,91627,"(40.286, 41.073]","(40.464, 41.251]","(40.023, 40.814]","(40.2, 40.992]","(84580.086, 100253.129]"
2012-07-06,40.249,40.268,39.915,40.156,233519,"(39.499, 40.286]","(39.678, 40.464]","(39.232, 40.023]","(39.407, 40.2]","(225637.471, 241310.514]"
2012-07-09,40.055,40.062,39.816,40.048,92733,"(39.499, 40.286]","(39.678, 40.464]","(39.232, 40.023]","(39.407, 40.2]","(84580.086, 100253.129]"
2012-07-10,40.24,40.249,39.631,39.729,92099,"(39.499, 40.286]","(39.678, 40.464]","(39.232, 40.023]","(39.407, 40.2]","(84580.086, 100253.129]"
2012-07-11,39.782,39.948,39.597,39.808,88282,"(39.499, 40.286]","(39.678, 40.464]","(39.232, 40.023]","(39.407, 40.2]","(84580.086, 100253.129]"
2012-07-12,39.454,39.57,39.145,39.411,140880,"(38.712, 39.499]","(38.891, 39.678]","(38.442, 39.232]","(39.407, 40.2]","(131599.214, 147272.257]"
2012-07-13,39.535,40.148,39.535,40.04,153300,"(39.499, 40.286]","(39.678, 40.464]","(39.232, 40.023]","(39.407, 40.2]","(147272.257, 162945.3]"
2012-07-16,39.967,40.109,39.782,40.031,63981,"(39.499, 40.286]","(39.678, 40.464]","(39.232, 40.023]","(39.407, 40.2]","(52136.886000000006, 68907.043]"
2012-07-17,40.213,40.304,39.772,40.278,54067,"(39.499, 40.286]","(39.678, 40.464]","(39.232, 40.023]","(40.2, 40.992]","(52136.886000000006, 68907.043]"
2012-07-18,40.115,40.572,40.115,40.49,100694,"(39.499, 40.286]","(40.464, 41.251]","(40.023, 40.814]","(40.2, 40.992]","(100253.129, 115926.171]"
2012-07-19,40.623,40.833,40.561,40.738,276728,"(40.286, 41.073]","(40.464, 41.251]","(40.023, 40.814]","(40.2, 40.992]","(272656.6, 288329.643]"
2012-07-20,40.295,40.34,40.1,40.156,180621,"(40.286, 41.073]","(39.678, 40.464]","(40.023, 40.814]","(39.407, 40.2]","(178618.343, 194291.386]"
2012-07-23,39.42,39.659,39.145,39.588,75689,"(38.712, 39.499]","(38.891, 39.678]","(38.442, 39.232]","(39.407, 40.2]","(68907.043, 84580.086]"
2012-07-24,39.587,39.587,38.88,39.148,99750,"(39.499, 40.286]","(38.891, 39.678]","(38.442, 39.232]","(38.614, 39.407]","(84580.086, 100253.129]"
2012-07-25,39.404,39.428,39.065,39.278,135462,"(38.712, 39.499]","(38.891, 39.678]","(38.442, 39.232]","(38.614, 39.407]","(131599.214, 147272.257]"
2012-07-26,40.004,40.197,39.871,40.129,100073,"(39.499, 40.286]","(39.678, 40.464]","(39.232, 40.023]","(39.407, 40.2]","(84580.086, 100253.129]"
2012-07-27,40.323,41.073,40.323,40.941,110318,"(40.286, 41.073]","(40.464, 41.251]","(40.023, 40.814]","(40.2, 40.992]","(100253.129, 115926.171]"
2012-07-30,40.806,40.992,40.79,40.843,57134,"(40.286, 41.073]","(40.464, 41.251]","(40.023, 40.814]","(40.2, 40.992]","(52136.886000000006, 68907.043]"
2012-07-31,40.904,41.064,40.695,40.695,246524,"(40.286, 41.073]","(40.464, 41.251]","(40.023, 40.814]","(40.2, 40.992]","(241310.514, 256983.557]"
2012-08-01,40.898,40.933,40.534,40.57,115746,"(40.286, 41.073]","(40.464, 41.251]","(40.023, 40.814]","(40.2, 40.992]","(100253.129, 115926.171]"
2012-08-02,40.286,40.526,39.888,40.165,84120,"(39.499, 40.286]","(40.464, 41.251]","(39.232, 40.023]","(39.407, 40.2]","(68907.043, 84580.086]"
2012-08-03,40.843,41.304,40.843,41.171,79471,"(40.286, 41.073]","(41.251, 42.038]","(40.814, 41.604]","(40.992, 41.785]","(68907.043, 84580.086]"
2012-08-06,41.314,41.551,41.286,41.373,144790,"(41.073, 41.86]","(41.251, 42.038]","(40.814, 41.604]","(40.992, 41.785]","(131599.214, 147272.257]"
2012-08-07,41.604,41.852,41.543,41.667,115374,"(41.073, 41.86]","(41.251, 42.038]","(40.814, 41.604]","(40.992, 41.785]","(100253.129, 115926.171]"
2012-08-08,41.49,41.763,41.49,41.631,213324,"(41.073, 41.86]","(41.251, 42.038]","(40.814, 41.604]","(40.992, 41.785]","(209964.429, 225637.471]"
2012-08-09,41.551,41.852,41.551,41.72,62143,"(41.073, 41.86]","(41.251, 42.038]","(40.814, 41.604]","(40.992, 41.785]","(52136.886000000006, 68907.043]"
2012-08-10,41.472,41.816,41.417,41.797,60287,"(41.073, 41.86]","(41.251, 42.038]","(40.814, 41.604]","(41.785, 42.578]","(52136.886000000006, 68907.043]"
2012-08-14,41.898,41.898,41.639,41.72,54663,"(41.86, 42.647]","(41.251, 42.038]","(41.604, 42.395]","(40.992, 41.785]","(52136.886000000006, 68907.043]"
2012-08-15,41.657,41.797,41.639,41.747,147028,"(41.073, 41.86]","(41.251, 42.038]","(41.604, 42.395]","(40.992, 41.785]","(131599.214, 147272.257]"
2012-08-16,41.87,42.232,41.755,42.161,233616,"(41.86, 42.647]","(42.038, 42.825]","(41.604, 42.395]","(41.785, 42.578]","(225637.471, 241310.514]"
2012-08-17,42.178,42.242,42.055,42.196,213730,"(41.86, 42.647]","(42.038, 42.825]","(41.604, 42.395]","(41.785, 42.578]","(209964.429, 225637.471]"
2012-08-20,42.111,42.187,41.923,42.143,121963,"(41.86, 42.647]","(42.038, 42.825]","(41.604, 42.395]","(41.785, 42.578]","(115926.171, 131599.214]"
2012-08-21,42.251,42.534,42.074,42.152,110808,"(41.86, 42.647]","(42.038, 42.825]","(41.604, 42.395]","(41.785, 42.578]","(100253.129, 115926.171]"
2012-08-22,41.959,42.178,41.834,42.12,133976,"(41.86, 42.647]","(42.038, 42.825]","(41.604, 42.395]","(41.785, 42.578]","(131599.214, 147272.257]"
2012-08-23,42.064,42.064,41.78,41.834,58671,"(41.86, 42.647]","(42.038, 42.825]","(41.604, 42.395]","(41.785, 42.578]","(52136.886000000006, 68907.043]"
2012-08-24,41.729,42.029,41.586,41.908,209272,"(41.073, 41.86]","(41.251, 42.038]","(40.814, 41.604]","(41.785, 42.578]","(194291.386, 209964.429]"
2012-08-27,41.966,42.064,41.843,41.888,143154,"(41.86, 42.647]","(42.038, 42.825]","(41.604, 42.395]","(41.785, 42.578]","(131599.214, 147272.257]"
2012-08-28,41.755,41.982,41.755,41.898,111750,"(41.073, 41.86]","(41.251, 42.038]","(41.604, 42.395]","(41.785, 42.578]","(100253.129, 115926.171]"
2012-08-29,41.941,41.941,41.729,41.826,129410,"(41.86, 42.647]","(41.251, 42.038]","(41.604, 42.395]","(41.785, 42.578]","(115926.171, 131599.214]"
2012-08-30,41.649,41.649,41.34,41.407,95806,"(41.073, 41.86]","(41.251, 42.038]","(40.814, 41.604]","(40.992, 41.785]","(84580.086, 100253.129]"
2012-08-31,41.753,41.88,41.503,41.7,89622,"(41.073, 41.86]","(41.251, 42.038]","(40.814, 41.604]","(40.992, 41.785]","(84580.086, 100253.129]"
2012-09-04,41.727,41.753,41.449,41.655,156297,"(41.073, 41.86]","(41.251, 42.038]","(40.814, 41.604]","(40.992, 41.785]","(147272.257, 162945.3]"
2012-09-05,41.627,41.753,41.458,41.591,610439,"(41.073, 41.86]","(41.251, 42.038]","(40.814, 41.604]","(40.992, 41.785]","(601790.5, 617463.543]"
2012-09-06,41.888,42.55,41.888,42.55,472122,"(41.86, 42.647]","(42.038, 42.825]","(41.604, 42.395]","(41.785, 42.578]","(460733.114, 476406.157]"
2012-09-07,42.711,42.971,42.711,42.962,457879,"(42.647, 43.434]","(42.825, 43.611]","(42.395, 43.186]","(42.578, 43.371]","(445060.071, 460733.114]"
2012-09-10,42.862,42.939,42.63,42.649,250616,"(42.647, 43.434]","(42.825, 43.611]","(42.395, 43.186]","(42.578, 43.371]","(241310.514, 256983.557]"
2012-09-11,42.744,43.03,42.744,42.913,126143,"(42.647, 43.434]","(42.825, 43.611]","(42.395, 43.186]","(42.578, 43.371]","(115926.171, 131599.214]"
2012-09-12,43.154,43.233,42.975,43.09,79493,"(42.647, 43.434]","(42.825, 43.611]","(42.395, 43.186]","(42.578, 43.371]","(68907.043, 84580.086]"
2012-09-13,43.099,43.939,42.984,43.842,325725,"(42.647, 43.434]","(43.611, 44.398]","(42.395, 43.186]","(43.371, 44.164]","(319675.729, 335348.771]"
2012-09-14,44.035,44.528,44.028,44.18,359673,"(43.434, 44.221]","(44.398, 45.185]","(43.976, 44.767]","(44.164, 44.957]","(351021.814, 366694.857]"
2012-09-17,44.144,44.153,43.842,43.958,126266,"(43.434, 44.221]","(43.611, 44.398]","(43.186, 43.976]","(43.371, 44.164]","(115926.171, 131599.214]"
2012-09-18,43.847,43.894,43.714,43.81,113331,"(43.434, 44.221]","(43.611, 44.398]","(43.186, 43.976]","(43.371, 44.164]","(100253.129, 115926.171]"
2012-09-19,43.91,44.002,43.76,43.902,66445,"(43.434, 44.221]","(43.611, 44.398]","(43.186, 43.976]","(43.371, 44.164]","(52136.886000000006, 68907.043]"
2012-09-20,43.624,43.724,43.346,43.686,297287,"(43.434, 44.221]","(43.611, 44.398]","(43.186, 43.976]","(43.371, 44.164]","(288329.643, 304002.686]"
2012-09-21,44.035,44.035,43.641,43.686,177276,"(43.434, 44.221]","(43.611, 44.398]","(43.186, 43.976]","(43.371, 44.164]","(162945.3, 178618.343]"
2012-09-24,43.526,43.658,43.419,43.58,84020,"(43.434, 44.221]","(43.611, 44.398]","(43.186, 43.976]","(43.371, 44.164]","(68907.043, 84580.086]"
2012-09-25,43.784,43.83,43.202,43.222,237656,"(43.434, 44.221]","(43.611, 44.398]","(43.186, 43.976]","(42.578, 43.371]","(225637.471, 241310.514]"
2012-09-26,43.113,43.123,42.765,42.89,196449,"(42.647, 43.434]","(42.825, 43.611]","(42.395, 43.186]","(42.578, 43.371]","(194291.386, 209964.429]"
2012-09-27,43.202,43.489,43.007,43.428,382154,"(42.647, 43.434]","(42.825, 43.611]","(42.395, 43.186]","(43.371, 44.164]","(366694.857, 382367.9]"
2012-09-28,43.224,43.224,42.873,43.0,280510,"(42.647, 43.434]","(42.825, 43.611]","(42.395, 43.186]","(42.578, 43.371]","(272656.6, 288329.643]"
2012-10-01,43.212,43.599,43.176,43.212,677621,"(42.647, 43.434]","(42.825, 43.611]","(42.395, 43.186]","(42.578, 43.371]","(664482.671, 680155.714]"
2012-10-02,43.526,43.58,43.212,43.382,257080,"(43.434, 44.221]","(42.825, 43.611]","(43.186, 43.976]","(43.371, 44.164]","(256983.557, 272656.6]"
2012-10-03,43.391,43.436,43.151,43.328,75640,"(42.647, 43.434]","(42.825, 43.611]","(42.395, 43.186]","(42.578, 43.371]","(68907.043, 84580.086]"
2012-10-04,43.543,43.724,43.436,43.714,122861,"(43.434, 44.221]","(43.611, 44.398]","(43.186, 43.976]","(43.371, 44.164]","(115926.171, 131599.214]"
2012-10-05,44.002,44.098,43.616,43.733,104733,"(43.434, 44.221]","(43.611, 44.398]","(43.186, 43.976]","(43.371, 44.164]","(100253.129, 115926.171]"
2012-10-08,43.428,43.552,43.428,43.534,53601,"(42.647, 43.434]","(42.825, 43.611]","(43.186, 43.976]","(43.371, 44.164]","(52136.886000000006, 68907.043]"
2012-10-09,43.419,43.419,43.026,43.043,353239,"(42.647, 43.434]","(42.825, 43.611]","(42.395, 43.186]","(42.578, 43.371]","(351021.814, 366694.857]"
2012-10-10,42.971,43.043,42.728,42.818,79058,"(42.647, 43.434]","(42.825, 43.611]","(42.395, 43.186]","(42.578, 43.371]","(68907.043, 84580.086]"
2012-10-11,43.151,43.32,43.016,43.026,114085,"(42.647, 43.434]","(42.825, 43.611]","(42.395, 43.186]","(42.578, 43.371]","(100253.129, 115926.171]"
2012-10-12,43.05,43.104,42.765,42.846,58662,"(42.647, 43.434]","(42.825, 43.611]","(42.395, 43.186]","(42.578, 43.371]","(52136.886000000006, 68907.043]"
2012-10-15,43.007,43.247,42.864,43.231,133741,"(42.647, 43.434]","(42.825, 43.611]","(42.395, 43.186]","(42.578, 43.371]","(131599.214, 147272.257]"
2012-10-16,43.517,43.793,43.507,43.784,234515,"(43.434, 44.221]","(43.611, 44.398]","(43.186, 43.976]","(43.371, 44.164]","(225637.471, 241310.514]"
2012-10-17,43.839,44.09,43.76,44.043,231929,"(43.434, 44.221]","(43.611, 44.398]","(43.186, 43.976]","(43.371, 44.164]","(225637.471, 241310.514]"
2012-10-18,43.902,44.18,43.81,43.956,69900,"(43.434, 44.221]","(43.611, 44.398]","(43.186, 43.976]","(43.371, 44.164]","(68907.043, 84580.086]"
2012-10-19,43.83,43.83,43.194,43.275,67342,"(43.434, 44.221]","(43.611, 44.398]","(43.186, 43.976]","(42.578, 43.371]","(52136.886000000006, 68907.043]"
2012-10-22,43.436,43.507,43.151,43.453,101975,"(43.434, 44.221]","(42.825, 43.611]","(42.395, 43.186]","(43.371, 44.164]","(100253.129, 115926.171]"
2012-10-23,42.809,42.818,42.443,42.693,171760,"(42.647, 43.434]","(42.038, 42.825]","(42.395, 43.186]","(42.578, 43.371]","(162945.3, 178618.343]"
2012-10-24,42.971,42.998,42.63,42.65,102099,"(42.647, 43.434]","(42.825, 43.611]","(42.395, 43.186]","(42.578, 43.371]","(100253.129, 115926.171]"
2012-10-25,43.026,43.16,42.685,42.916,281615,"(42.647, 43.434]","(42.825, 43.611]","(42.395, 43.186]","(42.578, 43.371]","(272656.6, 288329.643]"
2012-10-31,42.934,42.971,42.63,42.737,234816,"(42.647, 43.434]","(42.825, 43.611]","(42.395, 43.186]","(42.578, 43.371]","(225637.471, 241310.514]"
2012-11-01,42.979,43.382,42.856,43.372,409499,"(42.647, 43.434]","(42.825, 43.611]","(42.395, 43.186]","(43.371, 44.164]","(398040.943, 413713.986]"
2012-11-02,43.489,43.507,42.916,42.916,163076,"(43.434, 44.221]","(42.825, 43.611]","(42.395, 43.186]","(42.578, 43.371]","(162945.3, 178618.343]"
2012-11-05,42.952,43.059,42.79,42.979,227442,"(42.647, 43.434]","(42.825, 43.611]","(42.395, 43.186]","(42.578, 43.371]","(225637.471, 241310.514]"
2012-11-06,43.141,43.401,43.068,43.337,95675,"(42.647, 43.434]","(42.825, 43.611]","(42.395, 43.186]","(42.578, 43.371]","(84580.086, 100253.129]"
2012-11-07,42.979,42.979,42.317,42.532,195417,"(42.647, 43.434]","(42.825, 43.611]","(41.604, 42.395]","(41.785, 42.578]","(194291.386, 209964.429]"
2012-11-08,42.532,42.685,42.057,42.104,251425,"(41.86, 42.647]","(42.038, 42.825]","(41.604, 42.395]","(41.785, 42.578]","(241310.514, 256983.557]"
2012-11-09,41.975,42.416,41.923,42.123,341330,"(41.86, 42.647]","(42.038, 42.825]","(41.604, 42.395]","(41.785, 42.578]","(335348.771, 351021.814]"
2012-11-12,42.299,42.299,42.086,42.155,182141,"(41.86, 42.647]","(42.038, 42.825]","(41.604, 42.395]","(41.785, 42.578]","(178618.343, 194291.386]"
2012-11-13,41.861,42.246,41.796,41.898,356644,"(41.86, 42.647]","(42.038, 42.825]","(41.604, 42.395]","(41.785, 42.578]","(351021.814, 366694.857]"
2012-11-15,41.467,41.6,41.204,41.342,305411,"(41.073, 41.86]","(41.251, 42.038]","(40.814, 41.604]","(40.992, 41.785]","(304002.686, 319675.729]"
2012-11-16,41.352,41.547,41.027,41.476,134938,"(41.073, 41.86]","(41.251, 42.038]","(40.814, 41.604]","(40.992, 41.785]","(131599.214, 147272.257]"
2012-11-19,42.002,42.352,41.923,42.352,305678,"(41.86, 42.647]","(42.038, 42.825]","(41.604, 42.395]","(41.785, 42.578]","(304002.686, 319675.729]"
2012-11-20,42.209,42.362,42.031,42.299,136764,"(41.86, 42.647]","(42.038, 42.825]","(41.604, 42.395]","(41.785, 42.578]","(131599.214, 147272.257]"
2012-11-21,42.326,42.443,42.273,42.443,96600,"(41.86, 42.647]","(42.038, 42.825]","(41.604, 42.395]","(41.785, 42.578]","(84580.086, 100253.129]"
2012-11-23,42.838,43.123,42.838,43.123,73319,"(42.647, 43.434]","(42.825, 43.611]","(42.395, 43.186]","(42.578, 43.371]","(68907.043, 84580.086]"
2012-11-26,42.916,43.026,42.79,43.016,671385,"(42.647, 43.434]","(42.825, 43.611]","(42.395, 43.186]","(42.578, 43.371]","(664482.671, 680155.714]"
2012-11-27,42.908,43.059,42.745,42.755,210540,"(42.647, 43.434]","(42.825, 43.611]","(42.395, 43.186]","(42.578, 43.371]","(209964.429, 225637.471]"
2012-11-28,42.584,43.212,42.407,43.123,510678,"(41.86, 42.647]","(42.825, 43.611]","(42.395, 43.186]","(42.578, 43.371]","(507752.243, 523425.286]"
2012-11-29,43.337,43.453,43.151,43.355,570934,"(42.647, 43.434]","(42.825, 43.611]","(42.395, 43.186]","(42.578, 43.371]","(570444.414, 586117.457]"
2012-11-30,43.431,43.483,43.25,43.395,114086,"(42.647, 43.434]","(42.825, 43.611]","(43.186, 43.976]","(43.371, 44.164]","(100253.129, 115926.171]"
2012-12-03,43.641,43.677,43.275,43.285,197417,"(43.434, 44.221]","(43.611, 44.398]","(43.186, 43.976]","(42.578, 43.371]","(194291.386, 209964.429]"
2012-12-04,43.32,43.481,43.222,43.337,157442,"(42.647, 43.434]","(42.825, 43.611]","(43.186, 43.976]","(42.578, 43.371]","(147272.257, 162945.3]"
2012-12-05,43.337,43.696,43.247,43.463,176989,"(42.647, 43.434]","(43.611, 44.398]","(43.186, 43.976]","(43.371, 44.164]","(162945.3, 178618.343]"
2012-12-06,43.534,43.641,43.453,43.632,310810,"(43.434, 44.221]","(43.611, 44.398]","(43.186, 43.976]","(43.371, 44.164]","(304002.686, 319675.729]"
2012-12-07,43.616,43.768,43.526,43.724,101770,"(43.434, 44.221]","(43.611, 44.398]","(43.186, 43.976]","(43.371, 44.164]","(100253.129, 115926.171]"
2012-12-10,43.649,43.784,43.616,43.743,214972,"(43.434, 44.221]","(43.611, 44.398]","(43.186, 43.976]","(43.371, 44.164]","(209964.429, 225637.471]"
2012-12-11,43.866,44.161,43.866,44.08,341659,"(43.434, 44.221]","(43.611, 44.398]","(43.186, 43.976]","(43.371, 44.164]","(335348.771, 351021.814]"
2012-12-12,44.117,44.419,44.107,44.161,233916,"(43.434, 44.221]","(44.398, 45.185]","(43.976, 44.767]","(43.371, 44.164]","(225637.471, 241310.514]"
2012-12-13,44.144,44.205,43.803,43.885,212115,"(43.434, 44.221]","(43.611, 44.398]","(43.186, 43.976]","(43.371, 44.164]","(209964.429, 225637.471]"
2012-12-14,43.946,44.053,43.803,43.91,157170,"(43.434, 44.221]","(43.611, 44.398]","(43.186, 43.976]","(43.371, 44.164]","(147272.257, 162945.3]"
2012-12-17,43.91,44.295,43.875,44.278,248376,"(43.434, 44.221]","(43.611, 44.398]","(43.186, 43.976]","(44.164, 44.957]","(241310.514, 256983.557]"
2012-12-19,44.786,44.878,44.6,44.626,235801,"(44.221, 45.008]","(44.398, 45.185]","(43.976, 44.767]","(44.164, 44.957]","(225637.471, 241310.514]"
2012-12-20,44.268,44.457,44.189,44.411,386396,"(44.221, 45.008]","(44.398, 45.185]","(43.976, 44.767]","(44.164, 44.957]","(382367.9, 398040.943]"
2012-12-21,43.743,44.08,43.686,44.035,610913,"(43.434, 44.221]","(43.611, 44.398]","(43.186, 43.976]","(43.371, 44.164]","(601790.5, 617463.543]"
2012-12-24,44.043,44.08,43.866,43.966,256780,"(43.434, 44.221]","(43.611, 44.398]","(43.186, 43.976]","(43.371, 44.164]","(241310.514, 256983.557]"
2012-12-26,44.002,44.154,43.768,43.894,400482,"(43.434, 44.221]","(43.611, 44.398]","(43.186, 43.976]","(43.371, 44.164]","(398040.943, 413713.986]"
2012-12-27,44.061,44.061,43.552,43.936,506214,"(43.434, 44.221]","(43.611, 44.398]","(43.186, 43.976]","(43.371, 44.164]","(492079.2, 507752.243]"
2012-12-28,43.733,43.866,43.543,43.667,459460,"(43.434, 44.221]","(43.611, 44.398]","(43.186, 43.976]","(43.371, 44.164]","(445060.071, 460733.114]"
2012-12-31,43.676,44.313,43.623,44.238,327258,"(43.434, 44.221]","(43.611, 44.398]","(43.186, 43.976]","(44.164, 44.957]","(319675.729, 335348.771]"
2013-01-02,44.958,45.208,44.906,45.208,806923,"(44.221, 45.008]","(45.185, 45.971]","(44.767, 45.558]","(44.957, 45.75]","(805540.057, 821213.1]"
2013-01-03,44.94,45.225,44.878,44.958,388870,"(44.221, 45.008]","(45.185, 45.971]","(44.767, 45.558]","(44.957, 45.75]","(382367.9, 398040.943]"
2013-01-04,44.958,45.208,44.878,45.172,424224,"(44.221, 45.008]","(45.185, 45.971]","(44.767, 45.558]","(44.957, 45.75]","(413713.986, 429387.029]"
2013-01-07,44.974,44.993,44.786,44.94,996875,"(44.221, 45.008]","(44.398, 45.185]","(44.767, 45.558]","(44.164, 44.957]","(993616.571, 1009289.614]"
2013-01-09,44.868,45.038,44.849,44.966,752681,"(44.221, 45.008]","(44.398, 45.185]","(44.767, 45.558]","(44.957, 45.75]","(742847.886, 758520.929]"
2013-01-10,45.308,45.47,45.11,45.442,483734,"(45.008, 45.795]","(45.185, 45.971]","(44.767, 45.558]","(44.957, 45.75]","(476406.157, 492079.2]"
2013-01-11,45.396,45.442,45.217,45.414,456434,"(45.008, 45.795]","(45.185, 45.971]","(44.767, 45.558]","(44.957, 45.75]","(445060.071, 460733.114]"
2013-01-14,45.423,45.47,45.245,45.442,252757,"(45.008, 45.795]","(45.185, 45.971]","(44.767, 45.558]","(44.957, 45.75]","(241310.514, 256983.557]"
2013-01-15,45.101,45.414,45.101,45.396,225425,"(45.008, 45.795]","(45.185, 45.971]","(44.767, 45.558]","(44.957, 45.75]","(209964.429, 225637.471]"
2013-01-16,45.208,45.342,45.163,45.308,489257,"(45.008, 45.795]","(45.185, 45.971]","(44.767, 45.558]","(44.957, 45.75]","(476406.157, 492079.2]"
2013-01-17,45.566,45.728,45.46,45.602,331021,"(45.008, 45.795]","(45.185, 45.971]","(44.767, 45.558]","(44.957, 45.75]","(319675.729, 335348.771]"
2013-01-18,45.611,45.684,45.414,45.648,429531,"(45.008, 45.795]","(45.185, 45.971]","(44.767, 45.558]","(44.957, 45.75]","(429387.029, 445060.071]"
2013-01-23,45.772,45.834,45.666,45.791,270187,"(45.008, 45.795]","(45.185, 45.971]","(45.558, 46.348]","(45.75, 46.543]","(256983.557, 272656.6]"
2013-01-24,45.834,46.042,45.684,45.88,566740,"(45.795, 46.582]","(45.971, 46.758]","(45.558, 46.348]","(45.75, 46.543]","(554771.371, 570444.414]"
2013-01-25,46.085,46.13,45.915,46.13,173018,"(45.795, 46.582]","(45.971, 46.758]","(45.558, 46.348]","(45.75, 46.543]","(162945.3, 178618.343]"
2013-01-28,46.112,46.13,45.834,45.951,205228,"(45.795, 46.582]","(45.971, 46.758]","(45.558, 46.348]","(45.75, 46.543]","(194291.386, 209964.429]"
2013-01-29,46.016,46.25,45.951,46.202,247047,"(45.795, 46.582]","(45.971, 46.758]","(45.558, 46.348]","(45.75, 46.543]","(241310.514, 256983.557]"
2013-01-30,46.309,46.326,46.093,46.14,201919,"(45.795, 46.582]","(45.971, 46.758]","(45.558, 46.348]","(45.75, 46.543]","(194291.386, 209964.429]"
2013-01-31,46.045,46.177,45.936,46.018,264492,"(45.795, 46.582]","(45.971, 46.758]","(45.558, 46.348]","(45.75, 46.543]","(256983.557, 272656.6]"
2013-02-01,46.318,46.507,46.193,46.444,287162,"(45.795, 46.582]","(45.971, 46.758]","(45.558, 46.348]","(45.75, 46.543]","(272656.6, 288329.643]"
2013-02-04,46.112,46.166,45.755,45.791,801170,"(45.795, 46.582]","(45.971, 46.758]","(45.558, 46.348]","(45.75, 46.543]","(789867.014, 805540.057]"
2013-02-05,46.059,46.23,45.915,46.103,211801,"(45.795, 46.582]","(45.971, 46.758]","(45.558, 46.348]","(45.75, 46.543]","(209964.429, 225637.471]"
2013-02-06,45.898,46.149,45.844,46.149,294676,"(45.795, 46.582]","(45.971, 46.758]","(45.558, 46.348]","(45.75, 46.543]","(288329.643, 304002.686]"
2013-02-07,46.13,46.13,45.611,45.906,279297,"(45.795, 46.582]","(45.971, 46.758]","(45.558, 46.348]","(45.75, 46.543]","(272656.6, 288329.643]"
2013-02-08,46.093,46.202,46.051,46.184,257493,"(45.795, 46.582]","(45.971, 46.758]","(45.558, 46.348]","(45.75, 46.543]","(256983.557, 272656.6]"
2013-02-11,46.193,46.193,46.016,46.121,321572,"(45.795, 46.582]","(45.971, 46.758]","(45.558, 46.348]","(45.75, 46.543]","(319675.729, 335348.771]"
2013-02-12,46.174,46.373,46.103,46.267,214169,"(45.795, 46.582]","(45.971, 46.758]","(45.558, 46.348]","(45.75, 46.543]","(209964.429, 225637.471]"
2013-02-13,46.454,46.516,46.276,46.353,206974,"(45.795, 46.582]","(45.971, 46.758]","(45.558, 46.348]","(45.75, 46.543]","(194291.386, 209964.429]"
2013-02-14,46.174,46.326,46.103,46.281,308951,"(45.795, 46.582]","(45.971, 46.758]","(45.558, 46.348]","(45.75, 46.543]","(304002.686, 319675.729]"
2013-02-15,46.353,46.353,46.051,46.166,329429,"(45.795, 46.582]","(45.971, 46.758]","(45.558, 46.348]","(45.75, 46.543]","(319675.729, 335348.771]"
2013-02-19,46.436,46.615,46.373,46.569,445781,"(45.795, 46.582]","(45.971, 46.758]","(46.348, 47.139]","(46.543, 47.336]","(445060.071, 460733.114]"
2013-02-20,46.667,46.667,46.024,46.042,278472,"(46.582, 47.368]","(45.971, 46.758]","(45.558, 46.348]","(45.75, 46.543]","(272656.6, 288329.643]"
2013-02-21,45.808,45.808,45.386,45.566,225071,"(45.795, 46.582]","(45.185, 45.971]","(44.767, 45.558]","(44.957, 45.75]","(209964.429, 225637.471]"
2013-02-22,45.872,46.033,45.71,46.033,147516,"(45.795, 46.582]","(45.971, 46.758]","(45.558, 46.348]","(45.75, 46.543]","(147272.257, 162945.3]"
2013-02-25,46.426,46.426,45.163,45.172,340367,"(45.795, 46.582]","(45.971, 46.758]","(44.767, 45.558]","(44.957, 45.75]","(335348.771, 351021.814]"
2013-02-26,45.497,45.572,45.083,45.46,300885,"(45.008, 45.795]","(45.185, 45.971]","(44.767, 45.558]","(44.957, 45.75]","(288329.643, 304002.686]"
2013-02-27,45.386,46.085,45.324,45.96,200843,"(45.008, 45.795]","(45.971, 46.758]","(44.767, 45.558]","(45.75, 46.543]","(194291.386, 209964.429]"
2013-02-28,46.025,46.205,45.872,45.872,506500,"(45.795, 46.582]","(45.971, 46.758]","(45.558, 46.348]","(45.75, 46.543]","(492079.2, 507752.243]"
2013-03-01,45.658,46.0,45.523,45.99,408485,"(45.008, 45.795]","(45.971, 46.758]","(44.767, 45.558]","(45.75, 46.543]","(398040.943, 413713.986]"
2013-03-04,45.898,46.103,45.755,46.093,393982,"(45.795, 46.582]","(45.971, 46.758]","(45.558, 46.348]","(45.75, 46.543]","(382367.9, 398040.943]"
2013-03-05,46.347,46.62,46.347,46.528,336279,"(45.795, 46.582]","(45.971, 46.758]","(45.558, 46.348]","(45.75, 46.543]","(335348.771, 351021.814]"
2013-03-06,46.736,46.755,46.502,46.601,474451,"(46.582, 47.368]","(45.971, 46.758]","(46.348, 47.139]","(46.543, 47.336]","(460733.114, 476406.157]"
2013-03-07,46.727,46.806,46.699,46.764,173630,"(46.582, 47.368]","(46.758, 47.545]","(46.348, 47.139]","(46.543, 47.336]","(162945.3, 178618.343]"
2013-03-08,46.922,46.979,46.717,46.95,460621,"(46.582, 47.368]","(46.758, 47.545]","(46.348, 47.139]","(46.543, 47.336]","(445060.071, 460733.114]"
2013-03-11,46.964,47.096,46.828,47.086,87049,"(46.582, 47.368]","(46.758, 47.545]","(46.348, 47.139]","(46.543, 47.336]","(84580.086, 100253.129]"
2013-03-12,47.008,47.068,46.75,46.847,213447,"(46.582, 47.368]","(46.758, 47.545]","(46.348, 47.139]","(46.543, 47.336]","(209964.429, 225637.471]"
2013-03-13,46.873,46.918,46.667,46.819,137396,"(46.582, 47.368]","(46.758, 47.545]","(46.348, 47.139]","(46.543, 47.336]","(131599.214, 147272.257]"
2013-03-14,46.955,47.179,46.909,47.15,209896,"(46.582, 47.368]","(46.758, 47.545]","(46.348, 47.139]","(46.543, 47.336]","(194291.386, 209964.429]"
2013-03-15,47.131,47.167,46.97,47.014,331311,"(46.582, 47.368]","(46.758, 47.545]","(46.348, 47.139]","(46.543, 47.336]","(319675.729, 335348.771]"
2013-03-18,46.551,46.935,46.464,46.712,217849,"(45.795, 46.582]","(46.758, 47.545]","(46.348, 47.139]","(46.543, 47.336]","(209964.429, 225637.471]"
2013-03-20,46.814,46.896,46.69,46.789,273299,"(46.582, 47.368]","(46.758, 47.545]","(46.348, 47.139]","(46.543, 47.336]","(272656.6, 288329.643]"
2013-03-21,46.547,46.671,46.357,46.43,449065,"(45.795, 46.582]","(45.971, 46.758]","(46.348, 47.139]","(45.75, 46.543]","(445060.071, 460733.114]"
2013-03-22,46.62,46.755,46.547,46.745,152931,"(46.582, 47.368]","(45.971, 46.758]","(46.348, 47.139]","(46.543, 47.336]","(147272.257, 162945.3]"
2013-03-25,46.861,46.905,46.27,46.468,206440,"(46.582, 47.368]","(46.758, 47.545]","(45.558, 46.348]","(45.75, 46.543]","(194291.386, 209964.429]"
2013-03-26,46.662,46.834,46.626,46.814,136320,"(46.582, 47.368]","(46.758, 47.545]","(46.348, 47.139]","(46.543, 47.336]","(131599.214, 147272.257]"
2013-03-27,46.43,46.814,46.385,46.764,185667,"(45.795, 46.582]","(46.758, 47.545]","(46.348, 47.139]","(46.543, 47.336]","(178618.343, 194291.386]"
2013-03-28,46.789,47.005,46.717,46.95,304741,"(46.582, 47.368]","(46.758, 47.545]","(46.348, 47.139]","(46.543, 47.336]","(304002.686, 319675.729]"
2013-04-01,46.905,46.913,46.43,46.547,520311,"(46.582, 47.368]","(46.758, 47.545]","(46.348, 47.139]","(46.543, 47.336]","(507752.243, 523425.286]"
2013-04-02,46.717,46.997,46.717,46.824,308134,"(46.582, 47.368]","(46.758, 47.545]","(46.348, 47.139]","(46.543, 47.336]","(304002.686, 319675.729]"
2013-04-03,46.932,46.95,46.252,46.312,210045,"(46.582, 47.368]","(46.758, 47.545]","(45.558, 46.348]","(45.75, 46.543]","(209964.429, 225637.471]"
2013-04-04,46.43,46.662,46.357,46.573,141934,"(45.795, 46.582]","(45.971, 46.758]","(46.348, 47.139]","(46.543, 47.336]","(131599.214, 147272.257]"
2013-04-05,45.9,46.482,45.9,46.42,246271,"(45.795, 46.582]","(45.971, 46.758]","(45.558, 46.348]","(45.75, 46.543]","(241310.514, 256983.557]"
2013-04-08,46.458,46.654,46.303,46.645,203061,"(45.795, 46.582]","(45.971, 46.758]","(45.558, 46.348]","(46.543, 47.336]","(194291.386, 209964.429]"
2013-04-09,46.699,46.989,46.563,46.789,155583,"(46.582, 47.368]","(46.758, 47.545]","(46.348, 47.139]","(46.543, 47.336]","(147272.257, 162945.3]"
2013-04-10,47.032,47.461,47.032,47.426,344028,"(46.582, 47.368]","(46.758, 47.545]","(46.348, 47.139]","(47.336, 48.129]","(335348.771, 351021.814]"
2013-04-11,47.579,47.803,47.508,47.659,251099,"(47.368, 48.155]","(47.545, 48.332]","(47.139, 47.929]","(47.336, 48.129]","(241310.514, 256983.557]"
2013-04-12,47.455,47.461,47.185,47.455,182623,"(47.368, 48.155]","(46.758, 47.545]","(47.139, 47.929]","(47.336, 48.129]","(178618.343, 194291.386]"
2013-04-15,47.148,47.157,46.278,46.278,231741,"(46.582, 47.368]","(46.758, 47.545]","(45.558, 46.348]","(45.75, 46.543]","(225637.471, 241310.514]"
2013-04-16,46.824,47.067,46.645,47.032,347636,"(46.582, 47.368]","(46.758, 47.545]","(46.348, 47.139]","(46.543, 47.336]","(335348.771, 351021.814]"
2013-04-17,46.68,46.68,45.98,46.195,502385,"(46.582, 47.368]","(45.971, 46.758]","(45.558, 46.348]","(45.75, 46.543]","(492079.2, 507752.243]"
2013-04-18,46.367,46.367,45.865,45.98,202658,"(45.795, 46.582]","(45.971, 46.758]","(45.558, 46.348]","(45.75, 46.543]","(194291.386, 209964.429]"
2013-04-19,46.261,46.502,46.205,46.492,197552,"(45.795, 46.582]","(45.971, 46.758]","(45.558, 46.348]","(45.75, 46.543]","(194291.386, 209964.429]"
2013-04-22,46.563,46.717,46.205,46.645,167890,"(45.795, 46.582]","(45.971, 46.758]","(45.558, 46.348]","(46.543, 47.336]","(162945.3, 178618.343]"
2013-04-23,46.932,47.185,46.824,47.167,278995,"(46.582, 47.368]","(46.758, 47.545]","(46.348, 47.139]","(46.543, 47.336]","(272656.6, 288329.643]"
2013-04-24,47.238,47.489,47.194,47.364,288465,"(46.582, 47.368]","(46.758, 47.545]","(47.139, 47.929]","(47.336, 48.129]","(288329.643, 304002.686]"
2013-04-25,47.579,47.831,47.543,47.633,207516,"(47.368, 48.155]","(47.545, 48.332]","(47.139, 47.929]","(47.336, 48.129]","(194291.386, 209964.429]"
2013-04-26,47.543,47.605,47.39,47.508,72946,"(47.368, 48.155]","(47.545, 48.332]","(47.139, 47.929]","(47.336, 48.129]","(68907.043, 84580.086]"
2013-04-29,47.785,48.054,47.715,47.975,206617,"(47.368, 48.155]","(47.545, 48.332]","(47.139, 47.929]","(47.336, 48.129]","(194291.386, 209964.429]"
2013-04-30,48.034,48.206,47.835,48.206,224878,"(47.368, 48.155]","(47.545, 48.332]","(47.139, 47.929]","(48.129, 48.922]","(209964.429, 225637.471]"
2013-05-01,48.054,48.19,47.686,47.742,278999,"(47.368, 48.155]","(47.545, 48.332]","(47.139, 47.929]","(47.336, 48.129]","(272656.6, 288329.643]"
2013-05-02,47.856,48.182,47.839,48.11,330813,"(47.368, 48.155]","(47.545, 48.332]","(47.139, 47.929]","(47.336, 48.129]","(319675.729, 335348.771]"
2013-05-03,48.459,48.773,48.459,48.629,176945,"(48.155, 48.942]","(48.332, 49.118]","(47.929, 48.72]","(48.129, 48.922]","(162945.3, 178618.343]"
2013-05-06,48.612,48.739,48.541,48.684,292850,"(48.155, 48.942]","(48.332, 49.118]","(47.929, 48.72]","(48.129, 48.922]","(288329.643, 304002.686]"
2013-05-07,48.818,48.908,48.629,48.891,163407,"(48.155, 48.942]","(48.332, 49.118]","(47.929, 48.72]","(48.129, 48.922]","(162945.3, 178618.343]"
2013-05-08,48.989,49.258,48.943,49.232,288382,"(48.942, 49.729]","(49.118, 49.905]","(48.72, 49.511]","(48.922, 49.715]","(288329.643, 304002.686]"
2013-05-09,49.204,49.285,48.891,48.989,210090,"(48.942, 49.729]","(49.118, 49.905]","(48.72, 49.511]","(48.922, 49.715]","(209964.429, 225637.471]"
2013-05-10,48.891,49.034,48.739,49.008,184598,"(48.155, 48.942]","(48.332, 49.118]","(48.72, 49.511]","(48.922, 49.715]","(178618.343, 194291.386]"
2013-05-13,48.989,49.025,48.808,48.973,430092,"(48.942, 49.729]","(48.332, 49.118]","(48.72, 49.511]","(48.922, 49.715]","(429387.029, 445060.071]"
2013-05-14,48.943,49.322,48.943,49.285,211399,"(48.942, 49.729]","(49.118, 49.905]","(48.72, 49.511]","(48.922, 49.715]","(209964.429, 225637.471]"
2013-05-15,49.25,49.564,49.213,49.475,159153,"(48.942, 49.729]","(49.118, 49.905]","(48.72, 49.511]","(48.922, 49.715]","(147272.257, 162945.3]"
2013-05-16,49.401,49.517,49.169,49.213,186001,"(48.942, 49.729]","(49.118, 49.905]","(48.72, 49.511]","(48.922, 49.715]","(178618.343, 194291.386]"
2013-05-17,49.376,49.619,49.275,49.619,285861,"(48.942, 49.729]","(49.118, 49.905]","(48.72, 49.511]","(48.922, 49.715]","(272656.6, 288329.643]"
2013-05-20,49.642,49.796,49.574,49.67,304871,"(48.942, 49.729]","(49.118, 49.905]","(49.511, 50.301]","(48.922, 49.715]","(304002.686, 319675.729]"
2013-05-21,49.69,49.871,49.484,49.745,383042,"(48.942, 49.729]","(49.118, 49.905]","(48.72, 49.511]","(49.715, 50.508]","(382367.9, 398040.943]"
2013-05-22,49.888,50.229,49.078,49.241,541287,"(49.729, 50.516]","(49.905, 50.692]","(48.72, 49.511]","(48.922, 49.715]","(539098.329, 554771.371]"
2013-05-23,48.505,49.017,48.136,49.017,441571,"(48.155, 48.942]","(48.332, 49.118]","(47.929, 48.72]","(48.922, 49.715]","(429387.029, 445060.071]"
2013-05-24,48.559,48.721,48.342,48.721,784956,"(48.155, 48.942]","(48.332, 49.118]","(47.929, 48.72]","(48.129, 48.922]","(774193.971, 789867.014]"
2013-05-28,49.068,49.366,48.791,48.908,316480,"(48.942, 49.729]","(49.118, 49.905]","(48.72, 49.511]","(48.129, 48.922]","(304002.686, 319675.729]"
2013-05-29,48.753,48.753,48.361,48.543,513884,"(48.155, 48.942]","(48.332, 49.118]","(47.929, 48.72]","(48.129, 48.922]","(507752.243, 523425.286]"
2013-05-30,48.647,48.908,48.576,48.773,245821,"(48.155, 48.942]","(48.332, 49.118]","(47.929, 48.72]","(48.129, 48.922]","(241310.514, 256983.557]"
2013-05-31,48.471,48.59,47.935,47.935,206636,"(48.155, 48.942]","(48.332, 49.118]","(47.929, 48.72]","(47.336, 48.129]","(194291.386, 209964.429]"
2013-06-03,48.002,48.245,47.785,48.235,592744,"(47.368, 48.155]","(47.545, 48.332]","(47.139, 47.929]","(48.129, 48.922]","(586117.457, 601790.5]"
2013-06-04,48.215,48.414,47.817,48.051,193839,"(48.155, 48.942]","(48.332, 49.118]","(47.139, 47.929]","(47.336, 48.129]","(178618.343, 194291.386]"
2013-06-05,47.861,47.898,47.238,47.247,252482,"(47.368, 48.155]","(47.545, 48.332]","(47.139, 47.929]","(46.543, 47.336]","(241310.514, 256983.557]"
2013-06-06,47.3,47.646,47.072,47.646,238591,"(46.582, 47.368]","(47.545, 48.332]","(46.348, 47.139]","(47.336, 48.129]","(225637.471, 241310.514]"
2013-06-07,47.746,48.088,47.608,48.07,107567,"(47.368, 48.155]","(47.545, 48.332]","(47.139, 47.929]","(47.336, 48.129]","(100253.129, 115926.171]"
2013-06-10,48.324,48.324,47.957,48.1,295051,"(48.155, 48.942]","(47.545, 48.332]","(47.929, 48.72]","(47.336, 48.129]","(288329.643, 304002.686]"
2013-06-11,47.546,47.78,47.31,47.463,429182,"(47.368, 48.155]","(47.545, 48.332]","(47.139, 47.929]","(47.336, 48.129]","(413713.986, 429387.029]"
2013-06-12,47.821,47.948,47.139,47.202,234078,"(47.368, 48.155]","(47.545, 48.332]","(47.139, 47.929]","(46.543, 47.336]","(225637.471, 241310.514]"
2013-06-13,47.266,47.967,47.121,47.902,147305,"(46.582, 47.368]","(47.545, 48.332]","(46.348, 47.139]","(47.336, 48.129]","(147272.257, 162945.3]"
2013-06-14,47.817,47.935,47.391,47.49,126415,"(47.368, 48.155]","(47.545, 48.332]","(47.139, 47.929]","(47.336, 48.129]","(115926.171, 131599.214]"
2013-06-17,48.021,48.235,47.742,47.984,223646,"(47.368, 48.155]","(47.545, 48.332]","(47.139, 47.929]","(47.336, 48.129]","(209964.429, 225637.471]"
2013-06-18,48.044,48.396,48.008,48.342,367815,"(47.368, 48.155]","(48.332, 49.118]","(47.929, 48.72]","(48.129, 48.922]","(366694.857, 382367.9]"
2013-06-19,48.288,48.288,47.446,47.49,285252,"(48.155, 48.942]","(47.545, 48.332]","(47.139, 47.929]","(47.336, 48.129]","(272656.6, 288329.643]"
2013-06-20,46.82,46.829,45.933,46.043,410096,"(46.582, 47.368]","(46.758, 47.545]","(45.558, 46.348]","(45.75, 46.543]","(398040.943, 413713.986]"
2013-06-21,46.339,46.485,45.716,46.132,397161,"(45.795, 46.582]","(45.971, 46.758]","(45.558, 46.348]","(45.75, 46.543]","(382367.9, 398040.943]"
2013-06-24,45.481,45.778,45.064,45.407,458549,"(45.008, 45.795]","(45.185, 45.971]","(44.767, 45.558]","(44.957, 45.75]","(445060.071, 460733.114]"
2013-06-25,45.998,46.086,45.561,46.016,358611,"(45.795, 46.582]","(45.971, 46.758]","(45.558, 46.348]","(45.75, 46.543]","(351021.814, 366694.857]"
2013-06-26,46.186,46.46,46.151,46.368,216482,"(45.795, 46.582]","(45.971, 46.758]","(45.558, 46.348]","(45.75, 46.543]","(209964.429, 225637.471]"
2013-06-27,46.774,46.976,46.741,46.848,285643,"(46.582, 47.368]","(46.758, 47.545]","(46.348, 47.139]","(46.543, 47.336]","(272656.6, 288329.643]"
2013-06-28,46.658,46.976,46.55,46.658,344165,"(46.582, 47.368]","(46.758, 47.545]","(46.348, 47.139]","(46.543, 47.336]","(335348.771, 351021.814]"
2013-07-01,47.03,47.29,46.957,47.048,379454,"(46.582, 47.368]","(46.758, 47.545]","(46.348, 47.139]","(46.543, 47.336]","(366694.857, 382367.9]"
2013-07-02,47.065,47.266,46.613,46.784,691838,"(46.582, 47.368]","(46.758, 47.545]","(46.348, 47.139]","(46.543, 47.336]","(680155.714, 695828.757]"
2013-07-03,46.557,46.929,46.44,46.857,230717,"(45.795, 46.582]","(46.758, 47.545]","(46.348, 47.139]","(46.543, 47.336]","(225637.471, 241310.514]"
2013-07-05,47.048,47.193,46.768,47.193,373332,"(46.582, 47.368]","(46.758, 47.545]","(46.348, 47.139]","(46.543, 47.336]","(366694.857, 382367.9]"
2013-07-08,47.374,47.51,47.282,47.374,206478,"(47.368, 48.155]","(46.758, 47.545]","(47.139, 47.929]","(47.336, 48.129]","(194291.386, 209964.429]"
2013-07-09,47.718,47.765,47.456,47.69,122684,"(47.368, 48.155]","(47.545, 48.332]","(47.139, 47.929]","(47.336, 48.129]","(115926.171, 131599.214]"
2013-07-10,47.662,47.998,47.636,47.755,163187,"(47.368, 48.155]","(47.545, 48.332]","(47.139, 47.929]","(47.336, 48.129]","(162945.3, 178618.343]"
2013-07-11,48.506,48.851,48.396,48.803,399749,"(48.155, 48.942]","(48.332, 49.118]","(47.929, 48.72]","(48.129, 48.922]","(398040.943, 413713.986]"
2013-07-12,48.578,48.762,48.561,48.687,124266,"(48.155, 48.942]","(48.332, 49.118]","(47.929, 48.72]","(48.129, 48.922]","(115926.171, 131599.214]"
2013-07-15,48.859,48.978,48.743,48.94,154179,"(48.155, 48.942]","(48.332, 49.118]","(48.72, 49.511]","(48.922, 49.715]","(147272.257, 162945.3]"
2013-07-16,48.921,48.921,48.649,48.794,135635,"(48.155, 48.942]","(48.332, 49.118]","(47.929, 48.72]","(48.129, 48.922]","(131599.214, 147272.257]"
2013-07-17,49.075,49.15,48.93,48.995,213702,"(48.942, 49.729]","(49.118, 49.905]","(48.72, 49.511]","(48.922, 49.715]","(209964.429, 225637.471]"
2013-07-18,49.057,49.313,49.022,49.249,303946,"(48.942, 49.729]","(49.118, 49.905]","(48.72, 49.511]","(48.922, 49.715]","(288329.643, 304002.686]"
2013-07-19,49.167,49.274,49.005,49.249,140870,"(48.942, 49.729]","(49.118, 49.905]","(48.72, 49.511]","(48.922, 49.715]","(131599.214, 147272.257]"
2013-07-22,49.313,49.484,49.266,49.476,125414,"(48.942, 49.729]","(49.118, 49.905]","(48.72, 49.511]","(48.922, 49.715]","(115926.171, 131599.214]"
2013-07-23,49.537,49.628,49.439,49.502,318411,"(48.942, 49.729]","(49.118, 49.905]","(48.72, 49.511]","(48.922, 49.715]","(304002.686, 319675.729]"
2013-07-24,49.71,49.71,49.193,49.339,189037,"(48.942, 49.729]","(49.118, 49.905]","(48.72, 49.511]","(48.922, 49.715]","(178618.343, 194291.386]"
2013-07-25,49.184,49.466,49.075,49.439,292047,"(48.942, 49.729]","(49.118, 49.905]","(48.72, 49.511]","(48.922, 49.715]","(288329.643, 304002.686]"
2013-07-26,49.221,49.321,48.905,49.313,506122,"(48.942, 49.729]","(49.118, 49.905]","(48.72, 49.511]","(48.922, 49.715]","(492079.2, 507752.243]"
2013-07-29,49.158,49.167,48.94,49.048,232992,"(48.942, 49.729]","(49.118, 49.905]","(48.72, 49.511]","(48.922, 49.715]","(225637.471, 241310.514]"
2013-07-30,49.221,49.257,48.895,49.013,176297,"(48.942, 49.729]","(49.118, 49.905]","(48.72, 49.511]","(48.922, 49.715]","(162945.3, 178618.343]"
2013-07-31,49.132,49.429,49.022,49.065,148310,"(48.942, 49.729]","(49.118, 49.905]","(48.72, 49.511]","(48.922, 49.715]","(147272.257, 162945.3]"
2013-08-01,49.575,49.765,49.547,49.72,767205,"(48.942, 49.729]","(49.118, 49.905]","(49.511, 50.301]","(49.715, 50.508]","(758520.929, 774193.971]"
2013-08-02,49.73,49.866,49.594,49.866,227570,"(49.729, 50.516]","(49.118, 49.905]","(49.511, 50.301]","(49.715, 50.508]","(225637.471, 241310.514]"
2013-08-05,49.8,49.8,49.621,49.757,112868,"(49.729, 50.516]","(49.118, 49.905]","(49.511, 50.301]","(49.715, 50.508]","(100253.129, 115926.171]"
2013-08-06,49.73,49.73,49.411,49.518,130815,"(49.729, 50.516]","(49.118, 49.905]","(48.72, 49.511]","(48.922, 49.715]","(115926.171, 131599.214]"
2013-08-07,49.366,49.366,49.167,49.24,256476,"(48.942, 49.729]","(49.118, 49.905]","(48.72, 49.511]","(48.922, 49.715]","(241310.514, 256983.557]"
2013-08-08,49.613,49.73,49.339,49.683,205785,"(48.942, 49.729]","(49.118, 49.905]","(48.72, 49.511]","(48.922, 49.715]","(194291.386, 209964.429]"
2013-08-09,49.637,49.765,49.494,49.645,79615,"(48.942, 49.729]","(49.118, 49.905]","(48.72, 49.511]","(48.922, 49.715]","(68907.043, 84580.086]"
2013-08-12,49.502,49.693,49.429,49.621,335469,"(48.942, 49.729]","(49.118, 49.905]","(48.72, 49.511]","(48.922, 49.715]","(335348.771, 351021.814]"
2013-08-13,49.748,49.909,49.502,49.856,137955,"(49.729, 50.516]","(49.905, 50.692]","(48.72, 49.511]","(49.715, 50.508]","(131599.214, 147272.257]"
2013-08-14,49.883,49.927,49.73,49.748,168935,"(49.729, 50.516]","(49.905, 50.692]","(49.511, 50.301]","(49.715, 50.508]","(162945.3, 178618.343]"
2013-08-15,49.24,49.284,48.868,49.167,266533,"(48.942, 49.729]","(49.118, 49.905]","(48.72, 49.511]","(48.922, 49.715]","(256983.557, 272656.6]"
2013-08-16,49.211,49.294,49.04,49.104,126985,"(48.942, 49.729]","(49.118, 49.905]","(48.72, 49.511]","(48.922, 49.715]","(115926.171, 131599.214]"
2013-08-19,49.085,49.085,48.706,48.706,139122,"(48.942, 49.729]","(48.332, 49.118]","(47.929, 48.72]","(48.129, 48.922]","(131599.214, 147272.257]"
2013-08-20,48.706,49.005,48.597,48.859,124230,"(48.155, 48.942]","(48.332, 49.118]","(47.929, 48.72]","(48.129, 48.922]","(115926.171, 131599.214]"
2013-08-21,48.668,48.851,48.189,48.351,156098,"(48.155, 48.942]","(48.332, 49.118]","(47.929, 48.72]","(48.129, 48.922]","(147272.257, 162945.3]"
2013-08-22,48.516,48.868,48.516,48.785,122893,"(48.155, 48.942]","(48.332, 49.118]","(47.929, 48.72]","(48.129, 48.922]","(115926.171, 131599.214]"
2013-08-23,48.94,49.132,48.851,49.104,132047,"(48.155, 48.942]","(49.118, 49.905]","(48.72, 49.511]","(48.922, 49.715]","(131599.214, 147272.257]"
2013-08-26,49.141,49.184,48.868,48.877,728378,"(48.942, 49.729]","(49.118, 49.905]","(48.72, 49.511]","(48.129, 48.922]","(727174.843, 742847.886]"
2013-08-27,48.46,48.469,47.981,48.018,378967,"(48.155, 48.942]","(48.332, 49.118]","(47.929, 48.72]","(47.336, 48.129]","(366694.857, 382367.9]"
2013-08-28,47.998,48.278,47.817,48.088,125200,"(47.368, 48.155]","(47.545, 48.332]","(47.139, 47.929]","(47.336, 48.129]","(115926.171, 131599.214]"
2013-08-29,48.044,48.371,48.044,48.116,543843,"(47.368, 48.155]","(48.332, 49.118]","(47.929, 48.72]","(47.336, 48.129]","(539098.329, 554771.371]"
2013-08-30,48.144,48.162,47.78,47.861,196178,"(47.368, 48.155]","(47.545, 48.332]","(47.139, 47.929]","(47.336, 48.129]","(194291.386, 209964.429]"
2013-09-04,48.435,48.845,48.343,48.797,133689,"(48.155, 48.942]","(48.332, 49.118]","(47.929, 48.72]","(48.129, 48.922]","(131599.214, 147272.257]"
2013-09-05,48.616,48.944,48.616,48.9,216464,"(48.155, 48.942]","(48.332, 49.118]","(47.929, 48.72]","(48.129, 48.922]","(209964.429, 225637.471]"
2013-09-06,49.07,49.246,48.635,49.017,55533,"(48.942, 49.729]","(49.118, 49.905]","(47.929, 48.72]","(48.922, 49.715]","(52136.886000000006, 68907.043]"
2013-09-09,49.313,49.71,49.304,49.693,158836,"(48.942, 49.729]","(49.118, 49.905]","(48.72, 49.511]","(48.922, 49.715]","(147272.257, 162945.3]"
2013-09-10,50.145,50.174,49.973,50.174,271300,"(49.729, 50.516]","(49.905, 50.692]","(49.511, 50.301]","(49.715, 50.508]","(256983.557, 272656.6]"
2013-09-11,50.109,50.327,49.991,50.317,298292,"(49.729, 50.516]","(49.905, 50.692]","(49.511, 50.301]","(49.715, 50.508]","(288329.643, 304002.686]"
2013-09-12,50.253,50.29,50.036,50.054,131068,"(49.729, 50.516]","(49.905, 50.692]","(49.511, 50.301]","(49.715, 50.508]","(115926.171, 131599.214]"
2013-09-13,50.2,50.244,50.017,50.218,176624,"(49.729, 50.516]","(49.905, 50.692]","(49.511, 50.301]","(49.715, 50.508]","(162945.3, 178618.343]"
2013-09-16,50.725,50.924,50.543,50.571,293334,"(50.516, 51.303]","(50.692, 51.478]","(50.301, 51.092]","(50.508, 51.301]","(288329.643, 304002.686]"
2013-09-17,50.573,50.727,50.573,50.692,141346,"(50.516, 51.303]","(50.692, 51.478]","(50.301, 51.092]","(50.508, 51.301]","(131599.214, 147272.257]"
2013-09-18,50.792,51.765,50.61,51.684,232666,"(50.516, 51.303]","(51.478, 52.265]","(50.301, 51.092]","(51.301, 52.094]","(225637.471, 241310.514]"
2013-09-19,51.783,51.81,51.402,51.519,239265,"(51.303, 52.09]","(51.478, 52.265]","(51.092, 51.883]","(51.301, 52.094]","(225637.471, 241310.514]"
2013-09-20,51.565,51.565,51.055,51.065,263773,"(51.303, 52.09]","(51.478, 52.265]","(50.301, 51.092]","(50.508, 51.301]","(256983.557, 272656.6]"
2013-09-23,50.956,51.128,50.829,50.981,242059,"(50.516, 51.303]","(50.692, 51.478]","(50.301, 51.092]","(50.508, 51.301]","(241310.514, 256983.557]"
2013-09-24,51.027,51.183,50.81,50.892,228497,"(50.516, 51.303]","(50.692, 51.478]","(50.301, 51.092]","(50.508, 51.301]","(225637.471, 241310.514]"
2013-09-25,50.81,51.036,50.773,50.845,484570,"(50.516, 51.303]","(50.692, 51.478]","(50.301, 51.092]","(50.508, 51.301]","(476406.157, 492079.2]"
2013-09-26,51.036,51.2,50.865,51.01,270985,"(50.516, 51.303]","(50.692, 51.478]","(50.301, 51.092]","(50.508, 51.301]","(256983.557, 272656.6]"
2013-09-27,50.919,50.919,50.673,50.845,269535,"(50.516, 51.303]","(50.692, 51.478]","(50.301, 51.092]","(50.508, 51.301]","(256983.557, 272656.6]"
2013-09-30,50.21,50.637,50.21,50.536,327923,"(49.729, 50.516]","(49.905, 50.692]","(49.511, 50.301]","(50.508, 51.301]","(319675.729, 335348.771]"
2013-10-01,50.637,50.981,50.61,50.939,366686,"(50.516, 51.303]","(50.692, 51.478]","(50.301, 51.092]","(50.508, 51.301]","(351021.814, 366694.857]"
2013-10-02,50.773,50.9,50.536,50.865,406362,"(50.516, 51.303]","(50.692, 51.478]","(50.301, 51.092]","(50.508, 51.301]","(398040.943, 413713.986]"
2013-10-03,50.884,50.884,50.338,50.566,827329,"(50.516, 51.303]","(50.692, 51.478]","(50.301, 51.092]","(50.508, 51.301]","(821213.1, 836886.143]"
2013-10-04,50.654,50.836,50.465,50.773,402555,"(50.516, 51.303]","(50.692, 51.478]","(50.301, 51.092]","(50.508, 51.301]","(398040.943, 413713.986]"
2013-10-07,50.356,50.591,50.244,50.365,250579,"(49.729, 50.516]","(49.905, 50.692]","(49.511, 50.301]","(49.715, 50.508]","(241310.514, 256983.557]"
2013-10-08,50.446,50.492,49.817,49.826,369566,"(49.729, 50.516]","(49.905, 50.692]","(49.511, 50.301]","(49.715, 50.508]","(366694.857, 382367.9]"
2013-10-09,50.101,50.118,49.627,49.927,270580,"(49.729, 50.516]","(49.905, 50.692]","(49.511, 50.301]","(49.715, 50.508]","(256983.557, 272656.6]"
2013-10-10,50.566,50.964,50.492,50.956,322084,"(50.516, 51.303]","(50.692, 51.478]","(50.301, 51.092]","(50.508, 51.301]","(319675.729, 335348.771]"
2013-10-11,50.973,51.31,50.909,51.31,928074,"(50.516, 51.303]","(50.692, 51.478]","(50.301, 51.092]","(51.301, 52.094]","(915251.357, 930924.4]"
2013-10-14,51.0,51.491,50.947,51.436,176474,"(50.516, 51.303]","(51.478, 52.265]","(50.301, 51.092]","(51.301, 52.094]","(162945.3, 178618.343]"
2013-10-15,51.376,51.393,51.046,51.083,261019,"(51.303, 52.09]","(50.692, 51.478]","(50.301, 51.092]","(50.508, 51.301]","(256983.557, 272656.6]"
2013-10-16,51.319,51.646,51.31,51.646,549988,"(51.303, 52.09]","(51.478, 52.265]","(51.092, 51.883]","(51.301, 52.094]","(539098.329, 554771.371]"
2013-10-17,51.709,52.192,51.656,52.158,416595,"(51.303, 52.09]","(51.478, 52.265]","(51.092, 51.883]","(52.094, 52.887]","(413713.986, 429387.029]"
2013-10-18,52.218,52.51,52.218,52.464,418905,"(52.09, 52.877]","(52.265, 53.052]","(51.883, 52.673]","(52.094, 52.887]","(413713.986, 429387.029]"
2013-10-21,52.539,52.557,52.392,52.52,414932,"(52.09, 52.877]","(52.265, 53.052]","(51.883, 52.673]","(52.094, 52.887]","(413713.986, 429387.029]"
2013-10-22,52.791,53.074,52.732,52.895,401855,"(52.09, 52.877]","(53.052, 53.839]","(52.673, 53.464]","(52.887, 53.679]","(398040.943, 413713.986]"
2013-10-23,52.603,52.603,52.31,52.429,493216,"(52.09, 52.877]","(52.265, 53.052]","(51.883, 52.673]","(52.094, 52.887]","(492079.2, 507752.243]"
2013-10-24,52.692,52.755,52.52,52.712,142349,"(52.09, 52.877]","(52.265, 53.052]","(51.883, 52.673]","(52.094, 52.887]","(131599.214, 147272.257]"
2013-10-25,52.764,52.764,52.567,52.764,327736,"(52.09, 52.877]","(52.265, 53.052]","(51.883, 52.673]","(52.094, 52.887]","(319675.729, 335348.771]"
2013-10-28,52.764,52.848,52.636,52.755,329062,"(52.09, 52.877]","(52.265, 53.052]","(51.883, 52.673]","(52.094, 52.887]","(319675.729, 335348.771]"
2013-10-29,52.876,52.904,52.755,52.885,183079,"(52.09, 52.877]","(52.265, 53.052]","(52.673, 53.464]","(52.094, 52.887]","(178618.343, 194291.386]"
2013-10-30,52.966,53.002,52.474,52.683,339357,"(52.877, 53.664]","(52.265, 53.052]","(51.883, 52.673]","(52.094, 52.887]","(335348.771, 351021.814]"
2013-10-31,52.732,52.748,52.402,52.411,313268,"(52.09, 52.877]","(52.265, 53.052]","(51.883, 52.673]","(52.094, 52.887]","(304002.686, 319675.729]"
2013-11-01,52.402,52.51,52.112,52.383,571127,"(52.09, 52.877]","(52.265, 53.052]","(51.883, 52.673]","(52.094, 52.887]","(570444.414, 586117.457]"
2013-11-04,52.595,52.683,52.358,52.683,289825,"(52.09, 52.877]","(52.265, 53.052]","(51.883, 52.673]","(52.094, 52.887]","(288329.643, 304002.686]"
2013-11-05,52.339,52.402,52.132,52.293,183927,"(52.09, 52.877]","(52.265, 53.052]","(51.883, 52.673]","(52.094, 52.887]","(178618.343, 194291.386]"
2013-11-06,52.636,52.692,52.439,52.539,219730,"(52.09, 52.877]","(52.265, 53.052]","(51.883, 52.673]","(52.094, 52.887]","(209964.429, 225637.471]"
2013-11-07,52.61,52.61,51.791,51.8,221498,"(52.09, 52.877]","(52.265, 53.052]","(51.092, 51.883]","(51.301, 52.094]","(209964.429, 225637.471]"
2013-11-08,51.765,52.274,51.738,52.255,394483,"(51.303, 52.09]","(52.265, 53.052]","(51.092, 51.883]","(52.094, 52.887]","(382367.9, 398040.943]"
2013-11-11,52.302,52.348,52.192,52.293,188012,"(52.09, 52.877]","(52.265, 53.052]","(51.883, 52.673]","(52.094, 52.887]","(178618.343, 194291.386]"
2013-11-12,52.255,52.265,52.002,52.149,138496,"(52.09, 52.877]","(51.478, 52.265]","(51.883, 52.673]","(52.094, 52.887]","(131599.214, 147272.257]"
2013-11-13,51.829,52.447,51.81,52.439,102499,"(51.303, 52.09]","(52.265, 53.052]","(51.092, 51.883]","(52.094, 52.887]","(100253.129, 115926.171]"
2013-11-14,52.502,52.742,52.411,52.683,176572,"(52.09, 52.877]","(52.265, 53.052]","(51.883, 52.673]","(52.094, 52.887]","(162945.3, 178618.343]"
2013-11-15,52.764,53.094,52.764,53.065,372000,"(52.09, 52.877]","(53.052, 53.839]","(52.673, 53.464]","(52.887, 53.679]","(366694.857, 382367.9]"
2013-11-18,53.256,53.365,52.938,53.039,380281,"(52.877, 53.664]","(53.052, 53.839]","(52.673, 53.464]","(52.887, 53.679]","(366694.857, 382367.9]"
2013-11-19,52.947,53.084,52.791,52.867,239678,"(52.877, 53.664]","(53.052, 53.839]","(52.673, 53.464]","(52.094, 52.887]","(225637.471, 241310.514]"
2013-11-20,52.976,53.065,52.482,52.61,247604,"(52.877, 53.664]","(53.052, 53.839]","(51.883, 52.673]","(52.094, 52.887]","(241310.514, 256983.557]"
2013-11-21,52.666,52.966,52.595,52.966,223684,"(52.09, 52.877]","(52.265, 53.052]","(51.883, 52.673]","(52.887, 53.679]","(209964.429, 225637.471]"
2013-11-22,52.838,53.177,52.838,53.168,193359,"(52.09, 52.877]","(53.052, 53.839]","(52.673, 53.464]","(52.887, 53.679]","(178618.343, 194291.386]"
2013-11-25,53.168,53.177,52.931,52.966,169044,"(52.877, 53.664]","(53.052, 53.839]","(52.673, 53.464]","(52.887, 53.679]","(162945.3, 178618.343]"
2013-11-26,53.002,53.094,52.858,52.983,416616,"(52.877, 53.664]","(53.052, 53.839]","(52.673, 53.464]","(52.887, 53.679]","(413713.986, 429387.029]"
2013-11-27,52.911,53.208,52.911,53.185,314760,"(52.877, 53.664]","(53.052, 53.839]","(52.673, 53.464]","(52.887, 53.679]","(304002.686, 319675.729]"
2013-11-29,53.247,53.439,53.208,53.218,223262,"(52.877, 53.664]","(53.052, 53.839]","(52.673, 53.464]","(52.887, 53.679]","(209964.429, 225637.471]"
2013-12-02,53.177,53.177,52.828,52.858,548138,"(52.877, 53.664]","(53.052, 53.839]","(52.673, 53.464]","(52.094, 52.887]","(539098.329, 554771.371]"
2013-12-03,52.748,52.748,52.383,52.576,318249,"(52.09, 52.877]","(52.265, 53.052]","(51.883, 52.673]","(52.094, 52.887]","(304002.686, 319675.729]"
2013-12-04,52.33,52.529,52.036,52.383,321182,"(52.09, 52.877]","(52.265, 53.052]","(51.883, 52.673]","(52.094, 52.887]","(319675.729, 335348.771]"
2013-12-05,52.293,52.402,52.141,52.192,382084,"(52.09, 52.877]","(52.265, 53.052]","(51.883, 52.673]","(52.094, 52.887]","(366694.857, 382367.9]"
2013-12-06,52.62,52.885,52.576,52.819,228490,"(52.09, 52.877]","(52.265, 53.052]","(51.883, 52.673]","(52.094, 52.887]","(225637.471, 241310.514]"
2013-12-09,52.938,52.947,52.791,52.867,323642,"(52.877, 53.664]","(52.265, 53.052]","(52.673, 53.464]","(52.094, 52.887]","(319675.729, 335348.771]"
2013-12-10,52.773,52.904,52.722,52.783,212595,"(52.09, 52.877]","(52.265, 53.052]","(52.673, 53.464]","(52.094, 52.887]","(209964.429, 225637.471]"
2013-12-11,52.828,52.828,52.132,52.174,243320,"(52.09, 52.877]","(52.265, 53.052]","(51.883, 52.673]","(52.094, 52.887]","(241310.514, 256983.557]"
2013-12-12,52.082,52.166,51.765,51.928,295970,"(51.303, 52.09]","(51.478, 52.265]","(51.092, 51.883]","(51.301, 52.094]","(288329.643, 304002.686]"
2013-12-13,52.018,52.027,51.765,51.91,194000,"(51.303, 52.09]","(51.478, 52.265]","(51.092, 51.883]","(51.301, 52.094]","(178618.343, 194291.386]"
2013-12-16,52.102,52.411,52.092,52.302,364363,"(52.09, 52.877]","(52.265, 53.052]","(51.883, 52.673]","(52.094, 52.887]","(351021.814, 366694.857]"
2013-12-17,52.302,52.31,51.956,52.092,300859,"(52.09, 52.877]","(52.265, 53.052]","(51.883, 52.673]","(51.301, 52.094]","(288329.643, 304002.686]"
2013-12-18,52.293,52.904,51.819,52.81,486116,"(52.09, 52.877]","(52.265, 53.052]","(51.092, 51.883]","(52.094, 52.887]","(476406.157, 492079.2]"
2013-12-19,52.791,52.848,52.52,52.819,1136837,"(52.09, 52.877]","(52.265, 53.052]","(51.883, 52.673]","(52.094, 52.887]","(1134673.957, 1150347.0]"
2013-12-20,52.971,53.173,52.926,53.119,487038,"(52.877, 53.664]","(53.052, 53.839]","(52.673, 53.464]","(52.887, 53.679]","(476406.157, 492079.2]"
2013-12-23,53.548,53.556,53.346,53.538,378074,"(52.877, 53.664]","(53.052, 53.839]","(52.673, 53.464]","(52.887, 53.679]","(366694.857, 382367.9]"
2013-12-24,53.566,53.685,53.519,53.666,162928,"(52.877, 53.664]","(53.052, 53.839]","(53.464, 54.255]","(52.887, 53.679]","(147272.257, 162945.3]"
2013-12-26,53.887,53.906,53.794,53.86,289096,"(53.664, 54.451]","(53.839, 54.625]","(53.464, 54.255]","(53.679, 54.472]","(288329.643, 304002.686]"
2013-12-27,54.023,54.117,53.932,54.023,286232,"(53.664, 54.451]","(53.839, 54.625]","(53.464, 54.255]","(53.679, 54.472]","(272656.6, 288329.643]"
2013-12-30,54.107,54.18,54.033,54.17,278605,"(53.664, 54.451]","(53.839, 54.625]","(53.464, 54.255]","(53.679, 54.472]","(272656.6, 288329.643]"
2013-12-31,54.3,54.426,54.215,54.389,648084,"(53.664, 54.451]","(53.839, 54.625]","(53.464, 54.255]","(53.679, 54.472]","(633136.586, 648809.629]"
2014-01-02,54.023,54.07,53.457,53.584,638154,"(53.664, 54.451]","(53.839, 54.625]","(52.673, 53.464]","(52.887, 53.679]","(633136.586, 648809.629]"
2014-01-03,53.731,53.869,53.566,53.639,353519,"(53.664, 54.451]","(53.839, 54.625]","(53.464, 54.255]","(52.887, 53.679]","(351021.814, 366694.857]"
2014-01-06,53.821,53.906,53.429,53.492,276320,"(53.664, 54.451]","(53.839, 54.625]","(52.673, 53.464]","(52.887, 53.679]","(272656.6, 288329.643]"
2014-01-07,53.731,53.802,53.639,53.74,253062,"(53.664, 54.451]","(53.052, 53.839]","(53.464, 54.255]","(53.679, 54.472]","(241310.514, 256983.557]"
2014-01-08,53.802,53.86,53.584,53.75,484130,"(53.664, 54.451]","(53.839, 54.625]","(53.464, 54.255]","(53.679, 54.472]","(476406.157, 492079.2]"
2014-01-09,53.86,53.869,53.429,53.74,324545,"(53.664, 54.451]","(53.839, 54.625]","(52.673, 53.464]","(53.679, 54.472]","(319675.729, 335348.771]"
2014-01-10,53.976,54.107,53.757,54.107,309010,"(53.664, 54.451]","(53.839, 54.625]","(53.464, 54.255]","(53.679, 54.472]","(304002.686, 319675.729]"
2014-01-13,53.869,54.061,53.409,53.502,434438,"(53.664, 54.451]","(53.839, 54.625]","(52.673, 53.464]","(52.887, 53.679]","(429387.029, 445060.071]"
2014-01-14,53.757,54.003,53.566,53.985,255476,"(53.664, 54.451]","(53.839, 54.625]","(53.464, 54.255]","(53.679, 54.472]","(241310.514, 256983.557]"
2014-01-15,54.078,54.261,54.023,54.151,462451,"(53.664, 54.451]","(53.839, 54.625]","(53.464, 54.255]","(53.679, 54.472]","(460733.114, 476406.157]"
2014-01-16,54.308,54.308,53.957,54.17,213727,"(53.664, 54.451]","(53.839, 54.625]","(53.464, 54.255]","(53.679, 54.472]","(209964.429, 225637.471]"
2014-01-17,54.023,54.17,53.906,53.966,269010,"(53.664, 54.451]","(53.839, 54.625]","(53.464, 54.255]","(53.679, 54.472]","(256983.557, 272656.6]"
2014-01-21,54.151,54.381,53.869,54.117,421122,"(53.664, 54.451]","(53.839, 54.625]","(53.464, 54.255]","(53.679, 54.472]","(413713.986, 429387.029]"
2014-01-22,54.125,54.317,54.078,54.252,812181,"(53.664, 54.451]","(53.839, 54.625]","(53.464, 54.255]","(53.679, 54.472]","(805540.057, 821213.1]"
2014-01-23,54.003,54.023,53.519,53.757,525871,"(53.664, 54.451]","(53.839, 54.625]","(53.464, 54.255]","(53.679, 54.472]","(523425.286, 539098.329]"
2014-01-24,53.263,53.282,52.367,52.367,866593,"(52.877, 53.664]","(53.052, 53.839]","(51.883, 52.673]","(52.094, 52.887]","(852559.186, 868232.229]"
2014-01-27,52.376,52.504,51.788,52.091,371969,"(52.09, 52.877]","(52.265, 53.052]","(51.092, 51.883]","(51.301, 52.094]","(366694.857, 382367.9]"
2014-01-28,52.311,52.597,52.274,52.521,368480,"(52.09, 52.877]","(52.265, 53.052]","(51.883, 52.673]","(52.094, 52.887]","(366694.857, 382367.9]"
2014-01-29,52.149,52.358,51.872,51.991,440394,"(52.09, 52.877]","(52.265, 53.052]","(51.092, 51.883]","(51.301, 52.094]","(429387.029, 445060.071]"
2014-01-30,52.376,52.605,52.2,52.512,372965,"(52.09, 52.877]","(52.265, 53.052]","(51.883, 52.673]","(52.094, 52.887]","(366694.857, 382367.9]"
2014-01-31,51.872,52.247,51.643,51.974,1109543,"(51.303, 52.09]","(51.478, 52.265]","(51.092, 51.883]","(51.301, 52.094]","(1103327.871, 1119000.914]"
2014-02-03,52.121,52.121,50.845,50.939,1061114,"(52.09, 52.877]","(51.478, 52.265]","(50.301, 51.092]","(50.508, 51.301]","(1056308.743, 1071981.786]"
2014-02-04,51.186,51.45,51.02,51.36,384490,"(50.516, 51.303]","(50.692, 51.478]","(50.301, 51.092]","(51.301, 52.094]","(382367.9, 398040.943]"
2014-02-05,51.275,51.45,50.948,51.322,222970,"(50.516, 51.303]","(50.692, 51.478]","(50.301, 51.092]","(51.301, 52.094]","(209964.429, 225637.471]"
2014-02-06,51.45,52.166,51.45,52.121,211216,"(51.303, 52.09]","(51.478, 52.265]","(51.092, 51.883]","(52.094, 52.887]","(209964.429, 225637.471]"
2014-02-07,52.476,52.759,52.227,52.705,331439,"(52.09, 52.877]","(52.265, 53.052]","(51.883, 52.673]","(52.094, 52.887]","(319675.729, 335348.771]"
2014-02-10,52.805,52.805,52.531,52.669,371479,"(52.09, 52.877]","(52.265, 53.052]","(51.883, 52.673]","(52.094, 52.887]","(366694.857, 382367.9]"
2014-02-11,52.805,53.502,52.805,53.363,235454,"(52.09, 52.877]","(53.052, 53.839]","(52.673, 53.464]","(52.887, 53.679]","(225637.471, 241310.514]"
2014-02-12,53.484,53.612,53.33,53.466,455471,"(52.877, 53.664]","(53.052, 53.839]","(52.673, 53.464]","(52.887, 53.679]","(445060.071, 460733.114]"
2014-02-13,53.1,53.703,53.061,53.657,340801,"(52.877, 53.664]","(53.052, 53.839]","(52.673, 53.464]","(52.887, 53.679]","(335348.771, 351021.814]"
2014-02-14,53.685,54.033,53.657,53.925,265301,"(53.664, 54.451]","(53.839, 54.625]","(53.464, 54.255]","(53.679, 54.472]","(256983.557, 272656.6]"
2014-02-18,54.17,54.28,54.023,54.161,331278,"(53.664, 54.451]","(53.839, 54.625]","(53.464, 54.255]","(53.679, 54.472]","(319675.729, 335348.771]"
2014-02-19,54.151,54.335,53.784,53.811,493719,"(53.664, 54.451]","(53.839, 54.625]","(53.464, 54.255]","(53.679, 54.472]","(492079.2, 507752.243]"
2014-02-20,53.83,54.188,53.694,54.117,183192,"(53.664, 54.451]","(53.839, 54.625]","(53.464, 54.255]","(53.679, 54.472]","(178618.343, 194291.386]"
2014-02-21,54.299,54.363,54.117,54.125,538016,"(53.664, 54.451]","(53.839, 54.625]","(53.464, 54.255]","(53.679, 54.472]","(523425.286, 539098.329]"
2014-02-24,54.188,54.783,54.188,54.463,318091,"(53.664, 54.451]","(54.625, 55.412]","(53.464, 54.255]","(53.679, 54.472]","(304002.686, 319675.729]"
2014-02-25,54.553,54.628,54.244,54.326,187517,"(54.451, 55.238]","(54.625, 55.412]","(53.464, 54.255]","(53.679, 54.472]","(178618.343, 194291.386]"
2014-02-26,54.426,54.508,54.206,54.335,157219,"(53.664, 54.451]","(53.839, 54.625]","(53.464, 54.255]","(53.679, 54.472]","(147272.257, 162945.3]"
2014-02-27,54.399,54.573,54.215,54.535,218142,"(53.664, 54.451]","(53.839, 54.625]","(53.464, 54.255]","(54.472, 55.265]","(209964.429, 225637.471]"
2014-02-28,54.72,54.967,54.399,54.683,404848,"(54.451, 55.238]","(54.625, 55.412]","(54.255, 55.045]","(54.472, 55.265]","(398040.943, 413713.986]"
2014-03-03,53.957,54.206,53.694,53.942,445037,"(53.664, 54.451]","(53.839, 54.625]","(53.464, 54.255]","(53.679, 54.472]","(429387.029, 445060.071]"
2014-03-04,54.82,54.903,54.591,54.857,857774,"(54.451, 55.238]","(54.625, 55.412]","(54.255, 55.045]","(54.472, 55.265]","(852559.186, 868232.229]"
2014-03-05,54.791,54.938,54.756,54.884,159327,"(54.451, 55.238]","(54.625, 55.412]","(54.255, 55.045]","(54.472, 55.265]","(147272.257, 162945.3]"
2014-03-07,55.243,55.333,54.774,54.958,311466,"(55.238, 56.025]","(54.625, 55.412]","(54.255, 55.045]","(54.472, 55.265]","(304002.686, 319675.729]"
2014-03-10,54.839,54.839,54.472,54.71,503517,"(54.451, 55.238]","(54.625, 55.412]","(54.255, 55.045]","(54.472, 55.265]","(492079.2, 507752.243]"
2014-03-11,54.867,54.911,54.343,54.426,333912,"(54.451, 55.238]","(54.625, 55.412]","(54.255, 55.045]","(53.679, 54.472]","(319675.729, 335348.771]"
2014-03-12,54.215,54.389,53.942,54.372,204009,"(53.664, 54.451]","(53.839, 54.625]","(53.464, 54.255]","(53.679, 54.472]","(194291.386, 209964.429]"
2014-03-13,54.535,54.553,53.502,53.639,257532,"(54.451, 55.238]","(53.839, 54.625]","(53.464, 54.255]","(52.887, 53.679]","(256983.557, 272656.6]"
2014-03-14,53.475,53.821,53.4,53.584,363495,"(52.877, 53.664]","(53.052, 53.839]","(52.673, 53.464]","(52.887, 53.679]","(351021.814, 366694.857]"
2014-03-17,53.897,54.196,53.84,54.043,415799,"(53.664, 54.451]","(53.839, 54.625]","(53.464, 54.255]","(53.679, 54.472]","(413713.986, 429387.029]"
2014-03-18,54.206,54.517,54.142,54.455,270966,"(53.664, 54.451]","(53.839, 54.625]","(53.464, 54.255]","(53.679, 54.472]","(256983.557, 272656.6]"
2014-03-19,54.481,54.481,53.657,53.925,335339,"(54.451, 55.238]","(53.839, 54.625]","(53.464, 54.255]","(53.679, 54.472]","(319675.729, 335348.771]"
2014-03-20,53.802,54.117,53.575,54.023,119519,"(53.664, 54.451]","(53.839, 54.625]","(53.464, 54.255]","(53.679, 54.472]","(115926.171, 131599.214]"
2014-03-21,54.326,54.436,53.869,53.932,185537,"(53.664, 54.451]","(53.839, 54.625]","(53.464, 54.255]","(53.679, 54.472]","(178618.343, 194291.386]"
2014-03-24,54.196,54.234,53.63,53.887,531486,"(53.664, 54.451]","(53.839, 54.625]","(53.464, 54.255]","(53.679, 54.472]","(523425.286, 539098.329]"
2014-03-25,54.23,54.34,53.961,54.221,292448,"(53.664, 54.451]","(53.839, 54.625]","(53.464, 54.255]","(53.679, 54.472]","(288329.643, 304002.686]"
2014-03-26,54.423,54.59,53.998,53.998,375512,"(53.664, 54.451]","(53.839, 54.625]","(53.464, 54.255]","(53.679, 54.472]","(366694.857, 382367.9]"
2014-03-27,53.998,54.276,53.929,54.138,266043,"(53.664, 54.451]","(53.839, 54.625]","(53.464, 54.255]","(53.679, 54.472]","(256983.557, 272656.6]"
2014-03-28,54.461,54.719,54.396,54.479,433829,"(54.451, 55.238]","(54.625, 55.412]","(54.255, 55.045]","(54.472, 55.265]","(429387.029, 445060.071]"
2014-03-31,54.83,55.022,54.811,54.949,414473,"(54.451, 55.238]","(54.625, 55.412]","(54.255, 55.045]","(54.472, 55.265]","(413713.986, 429387.029]"
2014-04-01,55.15,55.391,55.107,55.355,459121,"(54.451, 55.238]","(54.625, 55.412]","(55.045, 55.836]","(55.265, 56.058]","(445060.071, 460733.114]"
2014-04-02,55.345,55.483,55.253,55.438,415832,"(55.238, 56.025]","(55.412, 56.199]","(55.045, 55.836]","(55.265, 56.058]","(413713.986, 429387.029]"
2014-04-03,55.391,55.454,55.116,55.317,478780,"(55.238, 56.025]","(55.412, 56.199]","(55.045, 55.836]","(55.265, 56.058]","(476406.157, 492079.2]"
2014-04-04,55.613,55.646,54.774,54.839,339238,"(55.238, 56.025]","(55.412, 56.199]","(54.255, 55.045]","(54.472, 55.265]","(335348.771, 351021.814]"
2014-04-07,54.884,54.949,54.305,54.461,155492,"(54.451, 55.238]","(54.625, 55.412]","(54.255, 55.045]","(53.679, 54.472]","(147272.257, 162945.3]"
2014-04-08,54.423,54.746,54.332,54.663,209953,"(53.664, 54.451]","(54.625, 55.412]","(54.255, 55.045]","(54.472, 55.265]","(194291.386, 209964.429]"
2014-04-09,54.783,55.308,54.719,55.308,359714,"(54.451, 55.238]","(54.625, 55.412]","(54.255, 55.045]","(55.265, 56.058]","(351021.814, 366694.857]"
2014-04-10,55.279,55.279,54.185,54.286,232401,"(55.238, 56.025]","(54.625, 55.412]","(53.464, 54.255]","(53.679, 54.472]","(225637.471, 241310.514]"
2014-04-11,54.112,54.286,53.787,53.863,526816,"(53.664, 54.451]","(53.839, 54.625]","(53.464, 54.255]","(53.679, 54.472]","(523425.286, 539098.329]"
2014-04-14,54.038,54.296,53.824,54.157,749058,"(53.664, 54.451]","(53.839, 54.625]","(53.464, 54.255]","(53.679, 54.472]","(742847.886, 758520.929]"
2014-04-15,54.185,54.286,53.448,54.147,257445,"(53.664, 54.451]","(53.839, 54.625]","(52.673, 53.464]","(53.679, 54.472]","(256983.557, 272656.6]"
2014-04-17,54.682,55.041,54.663,54.939,183737,"(54.451, 55.238]","(54.625, 55.412]","(54.255, 55.045]","(54.472, 55.265]","(178618.343, 194291.386]"
2014-04-21,55.003,55.059,54.849,55.022,173095,"(54.451, 55.238]","(54.625, 55.412]","(54.255, 55.045]","(54.472, 55.265]","(162945.3, 178618.343]"
2014-04-22,55.142,55.355,55.077,55.226,198580,"(54.451, 55.238]","(54.625, 55.412]","(55.045, 55.836]","(54.472, 55.265]","(194291.386, 209964.429]"
2014-04-23,55.245,55.26,55.049,55.116,167625,"(55.238, 56.025]","(54.625, 55.412]","(55.045, 55.836]","(54.472, 55.265]","(162945.3, 178618.343]"
2014-04-24,55.15,55.317,54.849,55.142,336731,"(54.451, 55.238]","(54.625, 55.412]","(54.255, 55.045]","(54.472, 55.265]","(335348.771, 351021.814]"
2014-04-25,54.939,54.949,54.609,54.709,129084,"(54.451, 55.238]","(54.625, 55.412]","(54.255, 55.045]","(54.472, 55.265]","(115926.171, 131599.214]"
2014-04-28,54.903,55.041,54.423,54.876,217563,"(54.451, 55.238]","(54.625, 55.412]","(54.255, 55.045]","(54.472, 55.265]","(209964.429, 225637.471]"
2014-04-29,54.929,55.245,54.884,55.15,107593,"(54.451, 55.238]","(54.625, 55.412]","(54.255, 55.045]","(54.472, 55.265]","(100253.129, 115926.171]"
2014-05-01,55.454,55.567,55.289,55.464,158269,"(55.238, 56.025]","(55.412, 56.199]","(55.045, 55.836]","(55.265, 56.058]","(147272.257, 162945.3]"
2014-05-02,55.391,55.666,55.391,55.483,165261,"(55.238, 56.025]","(55.412, 56.199]","(55.045, 55.836]","(55.265, 56.058]","(162945.3, 178618.343]"
2014-05-05,55.253,55.51,55.041,55.492,327369,"(55.238, 56.025]","(55.412, 56.199]","(54.255, 55.045]","(55.265, 56.058]","(319675.729, 335348.771]"
2014-05-06,55.51,55.51,55.207,55.245,289182,"(55.238, 56.025]","(55.412, 56.199]","(55.045, 55.836]","(54.472, 55.265]","(288329.643, 304002.686]"
2014-05-07,55.438,55.483,55.022,55.474,152858,"(55.238, 56.025]","(55.412, 56.199]","(54.255, 55.045]","(55.265, 56.058]","(147272.257, 162945.3]"
2014-05-08,55.518,55.742,55.279,55.391,115990,"(55.238, 56.025]","(55.412, 56.199]","(55.045, 55.836]","(55.265, 56.058]","(115926.171, 131599.214]"
2014-05-09,55.391,55.428,55.116,55.408,102744,"(55.238, 56.025]","(55.412, 56.199]","(55.045, 55.836]","(55.265, 56.058]","(100253.129, 115926.171]"
2014-05-12,55.733,55.944,55.666,55.898,260192,"(55.238, 56.025]","(55.412, 56.199]","(55.045, 55.836]","(55.265, 56.058]","(256983.557, 272656.6]"
2014-05-13,55.99,55.99,55.824,55.869,265972,"(55.238, 56.025]","(55.412, 56.199]","(55.045, 55.836]","(55.265, 56.058]","(256983.557, 272656.6]"
2014-05-14,55.851,55.934,55.666,55.733,125533,"(55.238, 56.025]","(55.412, 56.199]","(55.045, 55.836]","(55.265, 56.058]","(115926.171, 131599.214]"
2014-05-15,55.676,55.778,55.107,55.335,205768,"(55.238, 56.025]","(55.412, 56.199]","(55.045, 55.836]","(55.265, 56.058]","(194291.386, 209964.429]"
2014-05-16,55.518,55.595,55.253,55.586,189828,"(55.238, 56.025]","(55.412, 56.199]","(55.045, 55.836]","(55.265, 56.058]","(178618.343, 194291.386]"
2014-05-19,55.483,55.666,55.408,55.639,97018,"(55.238, 56.025]","(55.412, 56.199]","(55.045, 55.836]","(55.265, 56.058]","(84580.086, 100253.129]"
2014-05-20,55.577,55.62,55.142,55.269,155152,"(55.238, 56.025]","(55.412, 56.199]","(55.045, 55.836]","(55.265, 56.058]","(147272.257, 162945.3]"
2014-05-21,55.474,55.686,55.464,55.646,277594,"(55.238, 56.025]","(55.412, 56.199]","(55.045, 55.836]","(55.265, 56.058]","(272656.6, 288329.643]"
2014-05-22,55.714,55.954,55.705,55.869,179233,"(55.238, 56.025]","(55.412, 56.199]","(55.045, 55.836]","(55.265, 56.058]","(178618.343, 194291.386]"
2014-05-23,55.964,56.128,55.914,56.109,230568,"(55.238, 56.025]","(55.412, 56.199]","(55.836, 56.627]","(56.058, 56.851]","(225637.471, 241310.514]"
2014-05-27,56.175,56.488,56.175,56.367,213462,"(56.025, 56.812]","(56.199, 56.986]","(55.836, 56.627]","(56.058, 56.851]","(209964.429, 225637.471]"
2014-05-28,56.393,56.412,56.175,56.265,150178,"(56.025, 56.812]","(56.199, 56.986]","(55.836, 56.627]","(56.058, 56.851]","(147272.257, 162945.3]"
2014-05-29,56.422,56.606,56.34,56.606,295222,"(56.025, 56.812]","(56.199, 56.986]","(55.836, 56.627]","(56.058, 56.851]","(288329.643, 304002.686]"
2014-05-30,56.596,56.596,56.384,56.488,344940,"(56.025, 56.812]","(56.199, 56.986]","(55.836, 56.627]","(56.058, 56.851]","(335348.771, 351021.814]"
2014-06-02,56.623,56.718,56.469,56.708,241118,"(56.025, 56.812]","(56.199, 56.986]","(55.836, 56.627]","(56.058, 56.851]","(225637.471, 241310.514]"
2014-06-03,56.588,56.632,56.459,56.623,119969,"(56.025, 56.812]","(56.199, 56.986]","(55.836, 56.627]","(56.058, 56.851]","(115926.171, 131599.214]"
2014-06-04,56.543,56.691,56.412,56.681,143720,"(56.025, 56.812]","(56.199, 56.986]","(55.836, 56.627]","(56.058, 56.851]","(131599.214, 147272.257]"
2014-06-05,56.846,57.131,56.632,57.104,366248,"(56.812, 57.598]","(56.986, 57.772]","(56.627, 57.417]","(56.851, 57.644]","(351021.814, 366694.857]"
2014-06-06,57.306,57.435,57.224,57.416,173201,"(56.812, 57.598]","(56.986, 57.772]","(56.627, 57.417]","(56.851, 57.644]","(162945.3, 178618.343]"
2014-06-09,57.324,57.544,57.324,57.483,207596,"(56.812, 57.598]","(56.986, 57.772]","(56.627, 57.417]","(56.851, 57.644]","(194291.386, 209964.429]"
2014-06-10,57.445,57.445,57.224,57.435,179828,"(56.812, 57.598]","(56.986, 57.772]","(56.627, 57.417]","(56.851, 57.644]","(178618.343, 194291.386]"
2014-06-11,57.306,57.306,57.14,57.233,230985,"(56.812, 57.598]","(56.986, 57.772]","(56.627, 57.417]","(56.851, 57.644]","(225637.471, 241310.514]"
2014-06-12,57.096,57.271,56.901,57.012,291448,"(56.812, 57.598]","(56.986, 57.772]","(56.627, 57.417]","(56.851, 57.644]","(288329.643, 304002.686]"
2014-06-13,57.096,57.177,56.92,57.168,146187,"(56.812, 57.598]","(56.986, 57.772]","(56.627, 57.417]","(56.851, 57.644]","(131599.214, 147272.257]"
2014-06-16,57.104,57.214,57.002,57.131,101623,"(56.812, 57.598]","(56.986, 57.772]","(56.627, 57.417]","(56.851, 57.644]","(100253.129, 115926.171]"
2014-06-17,57.057,57.271,56.974,57.242,229400,"(56.812, 57.598]","(56.986, 57.772]","(56.627, 57.417]","(56.851, 57.644]","(225637.471, 241310.514]"
2014-06-18,57.242,57.627,57.104,57.573,420885,"(56.812, 57.598]","(56.986, 57.772]","(56.627, 57.417]","(56.851, 57.644]","(413713.986, 429387.029]"
2014-06-19,57.749,57.813,57.573,57.676,138401,"(57.598, 58.385]","(57.772, 58.559]","(57.417, 58.208]","(57.644, 58.437]","(131599.214, 147272.257]"
2014-06-20,57.784,57.803,57.666,57.766,137904,"(57.598, 58.385]","(57.772, 58.559]","(57.417, 58.208]","(57.644, 58.437]","(131599.214, 147272.257]"
2014-06-23,57.711,57.731,57.563,57.676,617445,"(57.598, 58.385]","(56.986, 57.772]","(57.417, 58.208]","(57.644, 58.437]","(601790.5, 617463.543]"
2014-06-24,57.762,57.854,57.352,57.39,366371,"(57.598, 58.385]","(57.772, 58.559]","(56.627, 57.417]","(56.851, 57.644]","(351021.814, 366694.857]"
2014-06-25,57.297,57.52,57.242,57.493,410816,"(56.812, 57.598]","(56.986, 57.772]","(56.627, 57.417]","(56.851, 57.644]","(398040.943, 413713.986]"
2014-06-26,57.594,57.594,57.139,57.484,407530,"(56.812, 57.598]","(56.986, 57.772]","(56.627, 57.417]","(56.851, 57.644]","(398040.943, 413713.986]"
2014-06-27,57.408,57.694,57.408,57.679,205521,"(56.812, 57.598]","(56.986, 57.772]","(56.627, 57.417]","(57.644, 58.437]","(194291.386, 209964.429]"
2014-07-01,57.965,58.327,57.946,58.225,289537,"(57.598, 58.385]","(57.772, 58.559]","(57.417, 58.208]","(57.644, 58.437]","(288329.643, 304002.686]"
2014-07-02,58.245,58.373,58.215,58.271,245867,"(57.598, 58.385]","(57.772, 58.559]","(58.208, 58.999]","(57.644, 58.437]","(241310.514, 256983.557]"
2014-07-03,58.447,58.559,58.271,58.531,105200,"(58.385, 59.172]","(58.559, 59.346]","(58.208, 58.999]","(58.437, 59.23]","(100253.129, 115926.171]"
2014-07-07,58.363,58.363,58.075,58.159,535008,"(57.598, 58.385]","(57.772, 58.559]","(57.417, 58.208]","(57.644, 58.437]","(523425.286, 539098.329]"
2014-07-08,58.022,58.122,57.555,57.694,297298,"(57.598, 58.385]","(57.772, 58.559]","(57.417, 58.208]","(57.644, 58.437]","(288329.643, 304002.686]"
2014-07-09,57.807,57.985,57.694,57.936,257475,"(57.598, 58.385]","(57.772, 58.559]","(57.417, 58.208]","(57.644, 58.437]","(256983.557, 272656.6]"
2014-07-10,57.343,57.63,57.102,57.555,339430,"(56.812, 57.598]","(56.986, 57.772]","(56.627, 57.417]","(56.851, 57.644]","(335348.771, 351021.814]"
2014-07-11,57.585,57.604,57.38,57.575,134192,"(56.812, 57.598]","(56.986, 57.772]","(56.627, 57.417]","(56.851, 57.644]","(131599.214, 147272.257]"
2014-07-14,57.965,57.985,57.874,57.917,122259,"(57.598, 58.385]","(57.772, 58.559]","(57.417, 58.208]","(57.644, 58.437]","(115926.171, 131599.214]"
2014-07-15,57.994,58.013,57.546,57.743,194478,"(57.598, 58.385]","(57.772, 58.559]","(57.417, 58.208]","(57.644, 58.437]","(194291.386, 209964.429]"
2014-07-16,58.113,58.113,57.864,57.994,287454,"(57.598, 58.385]","(57.772, 58.559]","(57.417, 58.208]","(57.644, 58.437]","(272656.6, 288329.643]"
2014-07-17,57.788,57.946,57.213,57.28,252849,"(57.598, 58.385]","(57.772, 58.559]","(56.627, 57.417]","(56.851, 57.644]","(241310.514, 256983.557]"
2014-07-18,57.65,57.946,57.343,57.882,165377,"(57.598, 58.385]","(57.772, 58.559]","(56.627, 57.417]","(57.644, 58.437]","(162945.3, 178618.343]"
2014-07-21,57.714,57.779,57.484,57.753,201108,"(57.598, 58.385]","(57.772, 58.559]","(57.417, 58.208]","(57.644, 58.437]","(194291.386, 209964.429]"
2014-07-22,58.058,58.15,57.985,58.04,689306,"(57.598, 58.385]","(57.772, 58.559]","(57.417, 58.208]","(57.644, 58.437]","(680155.714, 695828.757]"
2014-07-23,58.215,58.235,58.075,58.189,129349,"(57.598, 58.385]","(57.772, 58.559]","(57.417, 58.208]","(57.644, 58.437]","(115926.171, 131599.214]"
2014-07-24,58.363,58.363,58.189,58.235,210855,"(57.598, 58.385]","(57.772, 58.559]","(57.417, 58.208]","(57.644, 58.437]","(209964.429, 225637.471]"
2014-07-25,58.169,58.197,57.826,57.994,406532,"(57.598, 58.385]","(57.772, 58.559]","(57.417, 58.208]","(57.644, 58.437]","(398040.943, 413713.986]"
2014-07-28,58.022,58.058,57.714,57.994,990561,"(57.598, 58.385]","(57.772, 58.559]","(57.417, 58.208]","(57.644, 58.437]","(977943.529, 993616.571]"
2014-07-29,58.067,58.179,57.714,57.734,431625,"(57.598, 58.385]","(57.772, 58.559]","(57.417, 58.208]","(57.644, 58.437]","(429387.029, 445060.071]"
2014-07-30,57.926,57.965,57.546,57.762,132167,"(57.598, 58.385]","(57.772, 58.559]","(57.417, 58.208]","(57.644, 58.437]","(131599.214, 147272.257]"
2014-07-31,57.426,57.436,56.703,56.723,245319,"(56.812, 57.598]","(56.986, 57.772]","(56.627, 57.417]","(56.058, 56.851]","(241310.514, 256983.557]"
2014-08-01,56.713,56.786,56.248,56.527,348236,"(56.025, 56.812]","(56.199, 56.986]","(55.836, 56.627]","(56.058, 56.851]","(335348.771, 351021.814]"
2014-08-04,56.686,56.99,56.425,56.89,372509,"(56.025, 56.812]","(56.986, 57.772]","(55.836, 56.627]","(56.851, 57.644]","(366694.857, 382367.9]"
2014-08-05,56.656,56.676,56.109,56.314,279825,"(56.025, 56.812]","(56.199, 56.986]","(55.836, 56.627]","(56.058, 56.851]","(272656.6, 288329.643]"
2014-08-06,56.082,56.387,55.943,56.248,222922,"(56.025, 56.812]","(56.199, 56.986]","(55.836, 56.627]","(56.058, 56.851]","(209964.429, 225637.471]"
2014-08-07,56.453,56.453,55.748,55.905,375619,"(56.025, 56.812]","(56.199, 56.986]","(55.045, 55.836]","(55.265, 56.058]","(366694.857, 382367.9]"
2014-08-08,55.849,56.342,55.793,56.324,321824,"(55.238, 56.025]","(56.199, 56.986]","(55.045, 55.836]","(56.058, 56.851]","(319675.729, 335348.771]"
2014-08-11,56.591,56.76,56.491,56.591,255862,"(56.025, 56.812]","(56.199, 56.986]","(55.836, 56.627]","(56.058, 56.851]","(241310.514, 256983.557]"
2014-08-12,56.556,56.666,56.387,56.527,266152,"(56.025, 56.812]","(56.199, 56.986]","(55.836, 56.627]","(56.058, 56.851]","(256983.557, 272656.6]"
2014-08-13,56.696,56.917,56.686,56.862,160177,"(56.025, 56.812]","(56.199, 56.986]","(56.627, 57.417]","(56.851, 57.644]","(147272.257, 162945.3]"
2014-08-14,56.981,57.13,56.981,57.13,106443,"(56.812, 57.598]","(56.986, 57.772]","(56.627, 57.417]","(56.851, 57.644]","(100253.129, 115926.171]"
2014-08-15,57.343,57.436,56.696,57.102,169952,"(56.812, 57.598]","(56.986, 57.772]","(56.627, 57.417]","(56.851, 57.644]","(162945.3, 178618.343]"
2014-08-18,57.456,57.604,57.316,57.594,145759,"(56.812, 57.598]","(56.986, 57.772]","(56.627, 57.417]","(56.851, 57.644]","(131599.214, 147272.257]"
2014-08-19,57.613,57.779,57.594,57.743,225287,"(57.598, 58.385]","(57.772, 58.559]","(57.417, 58.208]","(57.644, 58.437]","(209964.429, 225637.471]"
2014-08-20,57.63,57.854,57.604,57.788,122924,"(57.598, 58.385]","(57.772, 58.559]","(57.417, 58.208]","(57.644, 58.437]","(115926.171, 131599.214]"
2014-08-21,57.845,57.975,57.77,57.908,748183,"(57.598, 58.385]","(57.772, 58.559]","(57.417, 58.208]","(57.644, 58.437]","(742847.886, 758520.929]"
2014-08-22,57.891,57.936,57.694,57.854,163489,"(57.598, 58.385]","(57.772, 58.559]","(57.417, 58.208]","(57.644, 58.437]","(162945.3, 178618.343]"
2014-08-25,58.113,58.225,58.031,58.122,315701,"(57.598, 58.385]","(57.772, 58.559]","(57.417, 58.208]","(57.644, 58.437]","(304002.686, 319675.729]"
2014-08-26,58.141,58.327,58.141,58.179,459702,"(57.598, 58.385]","(57.772, 58.559]","(57.417, 58.208]","(57.644, 58.437]","(445060.071, 460733.114]"
2014-08-27,58.262,58.317,58.179,58.281,108993,"(57.598, 58.385]","(57.772, 58.559]","(57.417, 58.208]","(57.644, 58.437]","(100253.129, 115926.171]"
2014-08-28,58.067,58.122,57.936,58.084,192298,"(57.598, 58.385]","(57.772, 58.559]","(57.417, 58.208]","(57.644, 58.437]","(178618.343, 194291.386]"
2014-08-29,58.113,58.245,57.994,58.225,218290,"(57.598, 58.385]","(57.772, 58.559]","(57.417, 58.208]","(57.644, 58.437]","(209964.429, 225637.471]"
2014-09-02,58.336,58.382,58.113,58.317,350066,"(57.598, 58.385]","(57.772, 58.559]","(57.417, 58.208]","(57.644, 58.437]","(335348.771, 351021.814]"
2014-09-03,58.589,58.773,58.373,58.44,308145,"(58.385, 59.172]","(58.559, 59.346]","(58.208, 58.999]","(58.437, 59.23]","(304002.686, 319675.729]"
2014-09-04,58.55,58.641,58.159,58.255,187582,"(58.385, 59.172]","(58.559, 59.346]","(57.417, 58.208]","(57.644, 58.437]","(178618.343, 194291.386]"
2014-09-05,58.206,58.42,58.022,58.382,223121,"(57.598, 58.385]","(57.772, 58.559]","(57.417, 58.208]","(57.644, 58.437]","(209964.429, 225637.471]"
2014-09-08,58.122,58.271,57.891,58.031,445250,"(57.598, 58.385]","(57.772, 58.559]","(57.417, 58.208]","(57.644, 58.437]","(445060.071, 460733.114]"
2014-09-09,57.985,57.985,57.575,57.724,229867,"(57.598, 58.385]","(57.772, 58.559]","(57.417, 58.208]","(57.644, 58.437]","(225637.471, 241310.514]"
2014-09-10,57.65,57.936,57.546,57.917,284539,"(57.598, 58.385]","(57.772, 58.559]","(57.417, 58.208]","(57.644, 58.437]","(272656.6, 288329.643]"
2014-09-11,57.52,57.797,57.52,57.797,251992,"(56.812, 57.598]","(57.772, 58.559]","(57.417, 58.208]","(57.644, 58.437]","(241310.514, 256983.557]"
2014-09-12,57.816,57.816,57.352,57.51,190377,"(57.598, 58.385]","(57.772, 58.559]","(56.627, 57.417]","(56.851, 57.644]","(178618.343, 194291.386]"
2014-09-15,57.493,57.51,57.28,57.39,187280,"(56.812, 57.598]","(56.986, 57.772]","(56.627, 57.417]","(56.851, 57.644]","(178618.343, 194291.386]"
2014-09-16,57.242,57.854,57.167,57.77,412538,"(56.812, 57.598]","(57.772, 58.559]","(56.627, 57.417]","(57.644, 58.437]","(398040.943, 413713.986]"
2014-09-17,57.762,57.874,57.475,57.555,429076,"(57.598, 58.385]","(57.772, 58.559]","(57.417, 58.208]","(56.851, 57.644]","(413713.986, 429387.029]"
2014-09-18,57.77,57.891,57.704,57.845,907821,"(57.598, 58.385]","(57.772, 58.559]","(57.417, 58.208]","(57.644, 58.437]","(899578.314, 915251.357]"
2014-09-19,57.965,57.994,57.565,57.613,131201,"(57.598, 58.385]","(57.772, 58.559]","(57.417, 58.208]","(56.851, 57.644]","(115926.171, 131599.214]"
2014-09-22,57.565,57.604,57.085,57.185,332231,"(56.812, 57.598]","(56.986, 57.772]","(56.627, 57.417]","(56.851, 57.644]","(319675.729, 335348.771]"
2014-09-23,57.056,57.13,56.777,56.794,298878,"(56.812, 57.598]","(56.986, 57.772]","(56.627, 57.417]","(56.058, 56.851]","(288329.643, 304002.686]"
2014-09-24,56.972,57.299,56.75,57.252,171298,"(56.812, 57.598]","(56.986, 57.772]","(56.627, 57.417]","(56.851, 57.644]","(162945.3, 178618.343]"
2014-09-25,56.889,56.963,56.292,56.321,309666,"(56.812, 57.598]","(56.199, 56.986]","(55.836, 56.627]","(56.058, 56.851]","(304002.686, 319675.729]"
2014-09-26,56.402,56.759,56.348,56.645,125345,"(56.025, 56.812]","(56.199, 56.986]","(55.836, 56.627]","(56.058, 56.851]","(115926.171, 131599.214]"
2014-09-29,56.143,56.44,55.985,56.367,367983,"(56.025, 56.812]","(56.199, 56.986]","(55.836, 56.627]","(56.058, 56.851]","(366694.857, 382367.9]"
2014-09-30,56.331,56.459,56.048,56.283,316030,"(56.025, 56.812]","(56.199, 56.986]","(55.836, 56.627]","(56.058, 56.851]","(304002.686, 319675.729]"
2014-10-01,56.067,56.067,55.381,55.444,406183,"(56.025, 56.812]","(55.412, 56.199]","(55.045, 55.836]","(55.265, 56.058]","(398040.943, 413713.986]"
2014-10-02,55.388,55.425,54.724,55.274,311880,"(55.238, 56.025]","(55.412, 56.199]","(54.255, 55.045]","(55.265, 56.058]","(304002.686, 319675.729]"
2014-10-03,55.714,55.734,55.351,55.676,1060277,"(55.238, 56.025]","(55.412, 56.199]","(55.045, 55.836]","(55.265, 56.058]","(1056308.743, 1071981.786]"
2014-10-06,55.938,55.994,55.537,55.734,461631,"(55.238, 56.025]","(55.412, 56.199]","(55.045, 55.836]","(55.265, 56.058]","(460733.114, 476406.157]"
2014-10-07,55.499,55.517,54.911,54.95,341898,"(55.238, 56.025]","(55.412, 56.199]","(54.255, 55.045]","(54.472, 55.265]","(335348.771, 351021.814]"
2014-10-08,54.95,55.853,54.653,55.807,371310,"(54.451, 55.238]","(55.412, 56.199]","(54.255, 55.045]","(55.265, 56.058]","(366694.857, 382367.9]"
2014-10-09,55.612,55.612,54.52,54.529,953794,"(55.238, 56.025]","(55.412, 56.199]","(54.255, 55.045]","(54.472, 55.265]","(946597.443, 962270.486]"
2014-10-10,54.474,54.567,53.747,53.747,628443,"(54.451, 55.238]","(53.839, 54.625]","(53.464, 54.255]","(53.679, 54.472]","(617463.543, 633136.586]"
2014-10-13,54.037,54.251,53.346,53.374,329818,"(53.664, 54.451]","(53.839, 54.625]","(52.673, 53.464]","(52.887, 53.679]","(319675.729, 335348.771]"
2014-10-14,53.57,53.951,53.32,53.449,563022,"(52.877, 53.664]","(53.839, 54.625]","(52.673, 53.464]","(52.887, 53.679]","(554771.371, 570444.414]"
2014-10-16,52.147,53.411,52.013,53.029,809345,"(52.09, 52.877]","(53.052, 53.839]","(51.883, 52.673]","(52.887, 53.679]","(805540.057, 821213.1]"
2014-10-17,53.775,53.942,53.477,53.692,463767,"(53.664, 54.451]","(53.839, 54.625]","(53.464, 54.255]","(53.679, 54.472]","(460733.114, 476406.157]"
2014-10-20,53.682,54.177,53.607,54.158,396538,"(53.664, 54.451]","(53.839, 54.625]","(53.464, 54.255]","(53.679, 54.472]","(382367.9, 398040.943]"
2014-10-21,54.447,54.996,54.39,54.94,408064,"(53.664, 54.451]","(54.625, 55.412]","(54.255, 55.045]","(54.472, 55.265]","(398040.943, 413713.986]"
2014-10-22,54.94,55.079,54.456,54.456,402832,"(54.451, 55.238]","(54.625, 55.412]","(54.255, 55.045]","(53.679, 54.472]","(398040.943, 413713.986]"
2014-10-23,55.033,55.351,54.903,55.033,299276,"(54.451, 55.238]","(54.625, 55.412]","(54.255, 55.045]","(54.472, 55.265]","(288329.643, 304002.686]"
2014-10-24,55.127,55.351,54.903,55.322,497507,"(54.451, 55.238]","(54.625, 55.412]","(54.255, 55.045]","(55.265, 56.058]","(492079.2, 507752.243]"
2014-10-27,55.109,55.303,54.884,55.249,184098,"(54.451, 55.238]","(54.625, 55.412]","(54.255, 55.045]","(54.472, 55.265]","(178618.343, 194291.386]"
2014-10-28,55.471,55.968,55.461,55.968,565324,"(55.238, 56.025]","(55.412, 56.199]","(55.045, 55.836]","(55.265, 56.058]","(554771.371, 570444.414]"
2014-10-29,56.097,56.172,55.499,55.77,367109,"(56.025, 56.812]","(55.412, 56.199]","(55.045, 55.836]","(55.265, 56.058]","(366694.857, 382367.9]"
2014-10-30,55.63,56.216,55.537,56.077,328431,"(55.238, 56.025]","(56.199, 56.986]","(55.045, 55.836]","(56.058, 56.851]","(319675.729, 335348.771]"
2014-10-31,56.785,56.851,56.515,56.813,683966,"(56.025, 56.812]","(56.199, 56.986]","(55.836, 56.627]","(56.058, 56.851]","(680155.714, 695828.757]"
2014-11-03,56.759,56.785,56.515,56.608,392754,"(56.025, 56.812]","(56.199, 56.986]","(55.836, 56.627]","(56.058, 56.851]","(382367.9, 398040.943]"
2014-11-04,56.469,56.478,56.077,56.402,360463,"(56.025, 56.812]","(56.199, 56.986]","(55.836, 56.627]","(56.058, 56.851]","(351021.814, 366694.857]"
2014-11-05,56.618,56.618,56.292,56.535,387728,"(56.025, 56.812]","(56.199, 56.986]","(55.836, 56.627]","(56.058, 56.851]","(382367.9, 398040.943]"
2014-11-07,56.488,56.618,56.302,56.608,459991,"(56.025, 56.812]","(56.199, 56.986]","(55.836, 56.627]","(56.058, 56.851]","(445060.071, 460733.114]"
2014-11-10,56.732,56.841,56.618,56.776,253730,"(56.025, 56.812]","(56.199, 56.986]","(55.836, 56.627]","(56.058, 56.851]","(241310.514, 256983.557]"
2014-11-11,56.879,56.936,56.74,56.926,340733,"(56.812, 57.598]","(56.199, 56.986]","(56.627, 57.417]","(56.851, 57.644]","(335348.771, 351021.814]"
2014-11-12,56.712,56.822,56.589,56.785,272530,"(56.025, 56.812]","(56.199, 56.986]","(55.836, 56.627]","(56.058, 56.851]","(256983.557, 272656.6]"
2014-11-13,56.861,57.01,56.608,56.766,378874,"(56.812, 57.598]","(56.986, 57.772]","(55.836, 56.627]","(56.058, 56.851]","(366694.857, 382367.9]"
2014-11-14,56.766,56.917,56.684,56.917,393722,"(56.025, 56.812]","(56.199, 56.986]","(56.627, 57.417]","(56.851, 57.644]","(382367.9, 398040.943]"
2014-11-17,56.75,56.861,56.635,56.813,213869,"(56.025, 56.812]","(56.199, 56.986]","(56.627, 57.417]","(56.058, 56.851]","(209964.429, 225637.471]"
2014-11-18,56.898,57.308,56.889,57.186,205743,"(56.812, 57.598]","(56.986, 57.772]","(56.627, 57.417]","(56.851, 57.644]","(194291.386, 209964.429]"
2014-11-19,57.194,57.252,56.861,57.131,174100,"(56.812, 57.598]","(56.986, 57.772]","(56.627, 57.417]","(56.851, 57.644]","(162945.3, 178618.343]"
2014-11-20,56.861,57.085,56.766,57.056,304929,"(56.812, 57.598]","(56.986, 57.772]","(56.627, 57.417]","(56.851, 57.644]","(304002.686, 319675.729]"
2014-11-21,57.747,57.791,57.372,57.541,394082,"(57.598, 58.385]","(57.772, 58.559]","(56.627, 57.417]","(56.851, 57.644]","(382367.9, 398040.943]"
2014-11-24,57.698,57.718,57.523,57.653,325080,"(57.598, 58.385]","(56.986, 57.772]","(57.417, 58.208]","(57.644, 58.437]","(319675.729, 335348.771]"
2014-11-25,57.708,57.791,57.588,57.708,226576,"(57.598, 58.385]","(57.772, 58.559]","(57.417, 58.208]","(57.644, 58.437]","(225637.471, 241310.514]"
2014-11-26,57.782,57.904,57.708,57.858,216845,"(57.598, 58.385]","(57.772, 58.559]","(57.417, 58.208]","(57.644, 58.437]","(209964.429, 225637.471]"
2014-11-28,57.69,57.747,57.486,57.532,237263,"(57.598, 58.385]","(56.986, 57.772]","(57.417, 58.208]","(56.851, 57.644]","(225637.471, 241310.514]"
2014-12-01,57.362,57.372,56.981,57.103,354792,"(56.812, 57.598]","(56.986, 57.772]","(56.627, 57.417]","(56.851, 57.644]","(351021.814, 366694.857]"
2014-12-02,57.15,57.362,57.103,57.308,454911,"(56.812, 57.598]","(56.986, 57.772]","(56.627, 57.417]","(56.851, 57.644]","(445060.071, 460733.114]"
2014-12-03,57.345,57.558,57.262,57.532,207847,"(56.812, 57.598]","(56.986, 57.772]","(56.627, 57.417]","(56.851, 57.644]","(194291.386, 209964.429]"
2014-12-04,57.468,57.532,57.168,57.382,673924,"(56.812, 57.598]","(56.986, 57.772]","(56.627, 57.417]","(56.851, 57.644]","(664482.671, 680155.714]"
2014-12-05,57.419,57.578,57.354,57.468,357714,"(56.812, 57.598]","(56.986, 57.772]","(56.627, 57.417]","(56.851, 57.644]","(351021.814, 366694.857]"
2014-12-08,57.372,57.41,56.822,56.981,665949,"(56.812, 57.598]","(56.986, 57.772]","(56.627, 57.417]","(56.851, 57.644]","(664482.671, 680155.714]"
2014-12-09,56.608,56.889,56.273,56.803,465825,"(56.025, 56.812]","(56.199, 56.986]","(55.836, 56.627]","(56.058, 56.851]","(460733.114, 476406.157]"
2014-12-10,56.759,56.861,55.909,55.985,563629,"(56.025, 56.812]","(56.199, 56.986]","(55.836, 56.627]","(55.265, 56.058]","(554771.371, 570444.414]"
2014-12-11,56.087,56.506,55.9,55.994,1014221,"(56.025, 56.812]","(56.199, 56.986]","(55.836, 56.627]","(55.265, 56.058]","(1009289.614, 1024962.657]"
2014-12-12,55.826,55.862,55.043,55.061,321330,"(55.238, 56.025]","(55.412, 56.199]","(54.255, 55.045]","(54.472, 55.265]","(319675.729, 335348.771]"
2014-12-15,55.22,55.361,54.298,54.465,476957,"(54.451, 55.238]","(54.625, 55.412]","(54.255, 55.045]","(53.679, 54.472]","(476406.157, 492079.2]"
2014-12-16,54.288,55.249,54.193,54.372,440939,"(53.664, 54.451]","(54.625, 55.412]","(53.464, 54.255]","(53.679, 54.472]","(429387.029, 445060.071]"
2014-12-17,55.761,55.807,54.465,55.415,763926,"(55.238, 56.025]","(55.412, 56.199]","(54.255, 55.045]","(55.265, 56.058]","(758520.929, 774193.971]"
2014-12-19,56.384,56.759,56.302,56.572,530449,"(56.025, 56.812]","(56.199, 56.986]","(55.836, 56.627]","(56.058, 56.851]","(523425.286, 539098.329]"
2014-12-22,56.513,56.898,56.513,56.898,501958,"(56.025, 56.812]","(56.199, 56.986]","(55.836, 56.627]","(56.851, 57.644]","(492079.2, 507752.243]"
2014-12-23,56.917,57.001,56.822,56.87,395542,"(56.812, 57.598]","(56.986, 57.772]","(56.627, 57.417]","(56.851, 57.644]","(382367.9, 398040.943]"
2014-12-24,57.02,57.132,56.936,57.028,320693,"(56.812, 57.598]","(56.986, 57.772]","(56.627, 57.417]","(56.851, 57.644]","(319675.729, 335348.771]"
2014-12-26,57.142,57.375,57.123,57.284,480947,"(56.812, 57.598]","(56.986, 57.772]","(56.627, 57.417]","(56.851, 57.644]","(476406.157, 492079.2]"
2014-12-29,57.123,57.216,57.038,57.132,410571,"(56.812, 57.598]","(56.986, 57.772]","(56.627, 57.417]","(56.851, 57.644]","(398040.943, 413713.986]"
2014-12-30,56.982,58.155,56.793,56.832,907649,"(56.812, 57.598]","(57.772, 58.559]","(56.627, 57.417]","(56.058, 56.851]","(899578.314, 915251.357]"
2014-12-31,56.991,56.991,56.336,56.39,415577,"(56.812, 57.598]","(56.986, 57.772]","(55.836, 56.627]","(56.058, 56.851]","(413713.986, 429387.029]"
2015-01-02,56.429,56.683,56.005,56.24,562142,"(56.025, 56.812]","(56.199, 56.986]","(55.836, 56.627]","(56.058, 56.851]","(554771.371, 570444.414]"
2015-01-05,55.952,55.962,55.049,55.153,842990,"(55.238, 56.025]","(55.412, 56.199]","(55.045, 55.836]","(54.472, 55.265]","(836886.143, 852559.186]"
2015-01-06,55.293,55.361,54.413,54.6,737188,"(55.238, 56.025]","(54.625, 55.412]","(54.255, 55.045]","(54.472, 55.265]","(727174.843, 742847.886]"
2015-01-07,55.191,55.341,54.863,55.303,356921,"(54.451, 55.238]","(54.625, 55.412]","(54.255, 55.045]","(55.265, 56.058]","(351021.814, 366694.857]"
2015-01-08,55.688,56.203,55.452,56.139,394972,"(55.238, 56.025]","(56.199, 56.986]","(55.045, 55.836]","(56.058, 56.851]","(382367.9, 398040.943]"
2015-01-09,56.186,56.186,55.577,55.763,695510,"(56.025, 56.812]","(55.412, 56.199]","(55.045, 55.836]","(55.265, 56.058]","(680155.714, 695828.757]"
2015-01-12,55.81,55.894,55.219,55.472,404885,"(55.238, 56.025]","(55.412, 56.199]","(55.045, 55.836]","(55.265, 56.058]","(398040.943, 413713.986]"
2015-01-13,55.962,56.221,55.107,55.509,679710,"(55.238, 56.025]","(56.199, 56.986]","(55.045, 55.836]","(55.265, 56.058]","(664482.671, 680155.714]"
2015-01-14,55.107,55.303,54.712,55.256,381889,"(54.451, 55.238]","(54.625, 55.412]","(54.255, 55.045]","(54.472, 55.265]","(366694.857, 382367.9]"
2015-01-15,55.622,55.688,55.059,55.077,300285,"(55.238, 56.025]","(55.412, 56.199]","(55.045, 55.836]","(54.472, 55.265]","(288329.643, 304002.686]"
2015-01-16,54.993,55.782,54.985,55.754,269676,"(54.451, 55.238]","(55.412, 56.199]","(54.255, 55.045]","(55.265, 56.058]","(256983.557, 272656.6]"
2015-01-20,56.043,56.101,55.49,55.856,822787,"(56.025, 56.812]","(55.412, 56.199]","(55.045, 55.836]","(55.265, 56.058]","(821213.1, 836886.143]"
2015-01-21,55.98,56.279,55.736,56.269,452178,"(55.238, 56.025]","(56.199, 56.986]","(55.045, 55.836]","(56.058, 56.851]","(445060.071, 460733.114]"
2015-01-22,56.447,56.964,56.062,56.917,397778,"(56.025, 56.812]","(56.199, 56.986]","(55.836, 56.627]","(56.851, 57.644]","(382367.9, 398040.943]"
2015-01-23,56.803,56.803,56.495,56.495,489441,"(56.025, 56.812]","(56.199, 56.986]","(55.836, 56.627]","(56.058, 56.851]","(476406.157, 492079.2]"
2015-01-26,56.702,56.954,56.419,56.879,369754,"(56.025, 56.812]","(56.199, 56.986]","(55.836, 56.627]","(56.851, 57.644]","(366694.857, 382367.9]"
2015-01-27,56.466,56.775,56.289,56.523,783606,"(56.025, 56.812]","(56.199, 56.986]","(55.836, 56.627]","(56.058, 56.851]","(774193.971, 789867.014]"
2015-01-28,56.907,56.907,55.763,55.81,992849,"(56.812, 57.598]","(56.199, 56.986]","(55.045, 55.836]","(55.265, 56.058]","(977943.529, 993616.571]"
2015-01-29,55.962,56.355,55.586,56.279,712439,"(55.238, 56.025]","(56.199, 56.986]","(55.045, 55.836]","(56.058, 56.851]","(711501.8, 727174.843]"
2015-01-30,55.885,56.13,55.435,55.472,260158,"(55.238, 56.025]","(55.412, 56.199]","(55.045, 55.836]","(55.265, 56.058]","(256983.557, 272656.6]"
2015-02-02,55.829,56.279,55.425,56.212,627141,"(55.238, 56.025]","(56.199, 56.986]","(55.045, 55.836]","(56.058, 56.851]","(617463.543, 633136.586]"
2015-02-03,56.533,57.066,56.409,57.028,502453,"(56.025, 56.812]","(56.986, 57.772]","(55.836, 56.627]","(56.851, 57.644]","(492079.2, 507752.243]"
2015-02-04,56.917,57.17,56.731,56.775,427475,"(56.812, 57.598]","(56.986, 57.772]","(56.627, 57.417]","(56.058, 56.851]","(413713.986, 429387.029]"
2015-02-05,56.991,57.452,56.944,57.452,562913,"(56.812, 57.598]","(56.986, 57.772]","(56.627, 57.417]","(56.851, 57.644]","(554771.371, 570444.414]"
2015-02-06,57.338,57.357,56.775,56.917,517997,"(56.812, 57.598]","(56.986, 57.772]","(56.627, 57.417]","(56.851, 57.644]","(507752.243, 523425.286]"
2015-02-09,56.775,56.964,56.633,56.765,231537,"(56.025, 56.812]","(56.199, 56.986]","(56.627, 57.417]","(56.058, 56.851]","(225637.471, 241310.514]"
2015-02-10,57.096,57.293,56.784,57.245,199374,"(56.812, 57.598]","(56.986, 57.772]","(56.627, 57.417]","(56.851, 57.644]","(194291.386, 209964.429]"
2015-02-11,56.991,57.216,56.793,57.114,199527,"(56.812, 57.598]","(56.986, 57.772]","(56.627, 57.417]","(56.851, 57.644]","(194291.386, 209964.429]"
2015-02-12,57.471,57.855,57.452,57.836,480893,"(56.812, 57.598]","(57.772, 58.559]","(57.417, 58.208]","(57.644, 58.437]","(476406.157, 492079.2]"
2015-02-13,57.977,58.202,57.901,58.202,292274,"(57.598, 58.385]","(57.772, 58.559]","(57.417, 58.208]","(57.644, 58.437]","(288329.643, 304002.686]"
2015-02-17,58.23,58.36,57.996,58.267,397147,"(57.598, 58.385]","(57.772, 58.559]","(57.417, 58.208]","(57.644, 58.437]","(382367.9, 398040.943]"
2015-02-18,58.267,58.475,58.184,58.455,182991,"(57.598, 58.385]","(57.772, 58.559]","(57.417, 58.208]","(58.437, 59.23]","(178618.343, 194291.386]"
2015-02-19,58.267,58.54,58.202,58.379,512656,"(57.598, 58.385]","(57.772, 58.559]","(57.417, 58.208]","(57.644, 58.437]","(507752.243, 523425.286]"
2015-02-20,58.333,58.895,58.126,58.848,448779,"(57.598, 58.385]","(58.559, 59.346]","(57.417, 58.208]","(58.437, 59.23]","(445060.071, 460733.114]"
2015-02-23,58.65,58.737,58.501,58.698,295992,"(58.385, 59.172]","(58.559, 59.346]","(58.208, 58.999]","(58.437, 59.23]","(288329.643, 304002.686]"
2015-02-24,58.718,58.991,58.54,58.904,341856,"(58.385, 59.172]","(58.559, 59.346]","(58.208, 58.999]","(58.437, 59.23]","(335348.771, 351021.814]"
2015-02-25,58.904,59.0,58.775,58.895,363241,"(58.385, 59.172]","(58.559, 59.346]","(58.208, 58.999]","(58.437, 59.23]","(351021.814, 366694.857]"
2015-02-26,58.914,59.0,58.67,58.802,296606,"(58.385, 59.172]","(58.559, 59.346]","(58.208, 58.999]","(58.437, 59.23]","(288329.643, 304002.686]"
2015-02-27,58.885,58.991,58.746,58.775,586879,"(58.385, 59.172]","(58.559, 59.346]","(58.208, 58.999]","(58.437, 59.23]","(586117.457, 601790.5]"
2015-03-02,58.82,59.0,58.746,58.981,327406,"(58.385, 59.172]","(58.559, 59.346]","(58.208, 58.999]","(58.437, 59.23]","(319675.729, 335348.771]"
2015-03-03,58.812,58.914,58.475,58.67,530608,"(58.385, 59.172]","(58.559, 59.346]","(58.208, 58.999]","(58.437, 59.23]","(523425.286, 539098.329]"
2015-03-04,58.437,58.437,58.061,58.333,193713,"(58.385, 59.172]","(57.772, 58.559]","(57.417, 58.208]","(57.644, 58.437]","(178618.343, 194291.386]"
2015-03-05,58.568,58.596,58.324,58.418,581249,"(58.385, 59.172]","(58.559, 59.346]","(58.208, 58.999]","(57.644, 58.437]","(570444.414, 586117.457]"
2015-03-06,58.342,58.379,57.611,57.694,422503,"(57.598, 58.385]","(57.772, 58.559]","(57.417, 58.208]","(57.644, 58.437]","(413713.986, 429387.029]"
2015-03-09,57.807,57.901,57.602,57.807,252351,"(57.598, 58.385]","(57.772, 58.559]","(57.417, 58.208]","(57.644, 58.437]","(241310.514, 256983.557]"
2015-03-10,57.235,57.284,56.749,56.758,497561,"(56.812, 57.598]","(56.986, 57.772]","(56.627, 57.417]","(56.058, 56.851]","(492079.2, 507752.243]"
2015-03-11,56.917,56.917,56.643,56.784,275272,"(56.812, 57.598]","(56.199, 56.986]","(56.627, 57.417]","(56.058, 56.851]","(272656.6, 288329.643]"
2015-03-12,57.206,57.49,57.196,57.48,331884,"(56.812, 57.598]","(56.986, 57.772]","(56.627, 57.417]","(56.851, 57.644]","(319675.729, 335348.771]"
2015-03-13,57.226,57.274,56.758,57.114,273247,"(56.812, 57.598]","(56.986, 57.772]","(56.627, 57.417]","(56.851, 57.644]","(272656.6, 288329.643]"
2015-03-16,57.338,57.826,57.338,57.807,216102,"(56.812, 57.598]","(57.772, 58.559]","(56.627, 57.417]","(57.644, 58.437]","(209964.429, 225637.471]"
2015-03-17,57.592,57.788,57.404,57.714,231774,"(56.812, 57.598]","(57.772, 58.559]","(56.627, 57.417]","(57.644, 58.437]","(225637.471, 241310.514]"
2015-03-18,57.685,58.812,57.527,58.68,229216,"(57.598, 58.385]","(58.559, 59.346]","(57.417, 58.208]","(58.437, 59.23]","(225637.471, 241310.514]"
2015-03-19,58.333,58.418,58.088,58.23,403102,"(57.598, 58.385]","(57.772, 58.559]","(57.417, 58.208]","(57.644, 58.437]","(398040.943, 413713.986]"
2015-03-20,58.708,59.159,58.54,59.037,458752,"(58.385, 59.172]","(58.559, 59.346]","(58.208, 58.999]","(58.437, 59.23]","(445060.071, 460733.114]"
2015-03-23,59.169,59.252,59.056,59.1,602039,"(58.385, 59.172]","(58.559, 59.346]","(58.999, 59.789]","(58.437, 59.23]","(601790.5, 617463.543]"
2015-03-24,59.1,59.197,58.875,58.914,292118,"(58.385, 59.172]","(58.559, 59.346]","(58.208, 58.999]","(58.437, 59.23]","(288329.643, 304002.686]"
2015-03-25,59.022,59.087,58.107,58.145,939542,"(58.385, 59.172]","(58.559, 59.346]","(57.417, 58.208]","(57.644, 58.437]","(930924.4, 946597.443]"
2015-03-26,58.005,58.107,57.56,57.891,353667,"(57.598, 58.385]","(57.772, 58.559]","(57.417, 58.208]","(57.644, 58.437]","(351021.814, 366694.857]"
2015-03-27,57.891,58.088,57.834,58.069,157847,"(57.598, 58.385]","(57.772, 58.559]","(57.417, 58.208]","(57.644, 58.437]","(147272.257, 162945.3]"
2015-03-30,58.296,58.616,58.22,58.476,381462,"(57.598, 58.385]","(58.559, 59.346]","(58.208, 58.999]","(58.437, 59.23]","(366694.857, 382367.9]"
2015-03-31,58.211,58.278,57.751,58.06,539775,"(57.598, 58.385]","(57.772, 58.559]","(57.417, 58.208]","(57.644, 58.437]","(539098.329, 554771.371]"
2015-04-01,58.107,58.25,57.722,58.097,405115,"(57.598, 58.385]","(57.772, 58.559]","(57.417, 58.208]","(57.644, 58.437]","(398040.943, 413713.986]"
2015-04-02,58.268,58.57,58.268,58.485,240587,"(57.598, 58.385]","(58.559, 59.346]","(58.208, 58.999]","(58.437, 59.23]","(225637.471, 241310.514]"
2015-04-06,58.494,59.202,58.494,58.994,293415,"(58.385, 59.172]","(58.559, 59.346]","(58.208, 58.999]","(58.437, 59.23]","(288329.643, 304002.686]"
2015-04-07,59.004,59.267,58.871,58.879,469552,"(58.385, 59.172]","(58.559, 59.346]","(58.208, 58.999]","(58.437, 59.23]","(460733.114, 476406.157]"
2015-04-08,59.371,59.398,58.975,59.219,560841,"(59.172, 59.959]","(59.346, 60.132]","(58.208, 58.999]","(58.437, 59.23]","(554771.371, 570444.414]"
2015-04-09,59.296,59.417,59.06,59.371,444050,"(59.172, 59.959]","(59.346, 60.132]","(58.999, 59.789]","(59.23, 60.023]","(429387.029, 445060.071]"
2015-04-10,59.455,59.653,59.371,59.653,509500,"(59.172, 59.959]","(59.346, 60.132]","(58.999, 59.789]","(59.23, 60.023]","(507752.243, 523425.286]"
2015-04-13,59.653,59.7,59.351,59.351,385916,"(59.172, 59.959]","(59.346, 60.132]","(58.999, 59.789]","(59.23, 60.023]","(382367.9, 398040.943]"
2015-04-14,59.427,59.653,59.342,59.606,244937,"(59.172, 59.959]","(59.346, 60.132]","(58.999, 59.789]","(59.23, 60.023]","(241310.514, 256983.557]"
2015-04-15,59.7,60.041,59.7,59.946,295120,"(59.172, 59.959]","(59.346, 60.132]","(58.999, 59.789]","(59.23, 60.023]","(288329.643, 304002.686]"
2015-04-16,59.899,60.172,59.787,60.003,194966,"(59.172, 59.959]","(60.132, 60.919]","(58.999, 59.789]","(59.23, 60.023]","(194291.386, 209964.429]"
2015-04-17,59.551,59.606,59.051,59.276,438956,"(59.172, 59.959]","(59.346, 60.132]","(58.999, 59.789]","(59.23, 60.023]","(429387.029, 445060.071]"
2015-04-20,59.398,59.691,59.39,59.587,353677,"(59.172, 59.959]","(59.346, 60.132]","(58.999, 59.789]","(59.23, 60.023]","(351021.814, 366694.857]"
2015-04-21,59.975,60.012,59.691,59.739,289013,"(59.959, 60.746]","(59.346, 60.132]","(58.999, 59.789]","(59.23, 60.023]","(288329.643, 304002.686]"
2015-04-22,59.918,60.021,59.587,59.984,263354,"(59.172, 59.959]","(59.346, 60.132]","(58.999, 59.789]","(59.23, 60.023]","(256983.557, 272656.6]"
2015-04-23,59.823,60.37,59.7,60.238,396206,"(59.172, 59.959]","(60.132, 60.919]","(58.999, 59.789]","(60.023, 60.816]","(382367.9, 398040.943]"
2015-04-24,60.323,60.464,60.067,60.398,203935,"(59.959, 60.746]","(60.132, 60.919]","(59.789, 60.58]","(60.023, 60.816]","(194291.386, 209964.429]"
2015-04-27,60.643,60.748,60.314,60.39,341894,"(59.959, 60.746]","(60.132, 60.919]","(59.789, 60.58]","(60.023, 60.816]","(335348.771, 351021.814]"
2015-04-28,60.425,60.578,60.096,60.54,212559,"(59.959, 60.746]","(60.132, 60.919]","(59.789, 60.58]","(60.023, 60.816]","(209964.429, 225637.471]"
2015-04-29,60.267,60.341,59.975,60.163,422088,"(59.959, 60.746]","(60.132, 60.919]","(59.789, 60.58]","(60.023, 60.816]","(413713.986, 429387.029]"
2015-04-30,60.012,60.021,59.39,59.541,403526,"(59.959, 60.746]","(59.346, 60.132]","(58.999, 59.789]","(59.23, 60.023]","(398040.943, 413713.986]"
2015-05-01,59.908,60.135,59.739,60.135,212901,"(59.172, 59.959]","(60.132, 60.919]","(58.999, 59.789]","(60.023, 60.816]","(209964.429, 225637.471]"
2015-05-04,60.172,60.314,60.135,60.182,407874,"(59.959, 60.746]","(60.132, 60.919]","(59.789, 60.58]","(60.023, 60.816]","(398040.943, 413713.986]"
2015-05-05,60.106,60.125,59.39,59.475,405435,"(59.959, 60.746]","(59.346, 60.132]","(58.999, 59.789]","(59.23, 60.023]","(398040.943, 413713.986]"
2015-05-06,59.805,59.83,59.078,59.342,380978,"(59.172, 59.959]","(59.346, 60.132]","(58.999, 59.789]","(59.23, 60.023]","(366694.857, 382367.9]"
2015-05-07,59.219,59.446,59.013,59.407,262275,"(59.172, 59.959]","(59.346, 60.132]","(58.999, 59.789]","(59.23, 60.023]","(256983.557, 272656.6]"
2015-05-08,59.787,60.37,59.787,60.295,274958,"(59.172, 59.959]","(60.132, 60.919]","(58.999, 59.789]","(60.023, 60.816]","(272656.6, 288329.643]"
2015-05-11,60.276,60.711,59.899,59.936,185427,"(59.959, 60.746]","(60.132, 60.919]","(59.789, 60.58]","(59.23, 60.023]","(178618.343, 194291.386]"
2015-05-12,59.73,59.994,59.533,59.879,349746,"(59.172, 59.959]","(59.346, 60.132]","(58.999, 59.789]","(59.23, 60.023]","(335348.771, 351021.814]"
2015-05-13,60.218,60.314,59.966,60.031,216375,"(59.959, 60.746]","(60.132, 60.919]","(59.789, 60.58]","(60.023, 60.816]","(209964.429, 225637.471]"
2015-05-14,60.454,60.652,60.35,60.623,422088,"(59.959, 60.746]","(60.132, 60.919]","(59.789, 60.58]","(60.023, 60.816]","(413713.986, 429387.029]"
2015-05-15,60.643,60.748,60.464,60.738,232236,"(59.959, 60.746]","(60.132, 60.919]","(59.789, 60.58]","(60.023, 60.816]","(225637.471, 241310.514]"
2015-05-18,60.614,60.776,60.523,60.711,506746,"(59.959, 60.746]","(60.132, 60.919]","(59.789, 60.58]","(60.023, 60.816]","(492079.2, 507752.243]"
2015-05-19,60.701,60.748,60.55,60.633,268896,"(59.959, 60.746]","(60.132, 60.919]","(59.789, 60.58]","(60.023, 60.816]","(256983.557, 272656.6]"
2015-05-20,60.643,60.795,60.493,60.614,457126,"(59.959, 60.746]","(60.132, 60.919]","(59.789, 60.58]","(60.023, 60.816]","(445060.071, 460733.114]"
2015-05-21,60.671,60.889,60.614,60.842,193384,"(59.959, 60.746]","(60.132, 60.919]","(60.58, 61.371]","(60.816, 61.609]","(178618.343, 194291.386]"
2015-05-22,60.719,60.767,60.604,60.604,290128,"(59.959, 60.746]","(60.132, 60.919]","(60.58, 61.371]","(60.023, 60.816]","(288329.643, 304002.686]"
2015-05-26,60.39,60.407,59.7,59.85,344126,"(59.959, 60.746]","(60.132, 60.919]","(58.999, 59.789]","(59.23, 60.023]","(335348.771, 351021.814]"
2015-05-27,59.956,60.407,59.83,60.37,256288,"(59.172, 59.959]","(60.132, 60.919]","(59.789, 60.58]","(60.023, 60.816]","(241310.514, 256983.557]"
2015-05-28,60.106,60.172,59.814,60.163,347590,"(59.959, 60.746]","(60.132, 60.919]","(59.789, 60.58]","(60.023, 60.816]","(335348.771, 351021.814]"
2015-05-29,60.106,60.135,59.596,59.739,354305,"(59.959, 60.746]","(60.132, 60.919]","(58.999, 59.789]","(59.23, 60.023]","(351021.814, 366694.857]"
2015-06-01,60.003,60.003,59.483,59.739,363373,"(59.959, 60.746]","(59.346, 60.132]","(58.999, 59.789]","(59.23, 60.023]","(351021.814, 366694.857]"
2015-06-02,59.7,60.086,59.578,59.83,544322,"(59.172, 59.959]","(59.346, 60.132]","(58.999, 59.789]","(59.23, 60.023]","(539098.329, 554771.371]"
2015-06-03,59.984,60.276,59.86,60.058,739372,"(59.959, 60.746]","(60.132, 60.919]","(59.789, 60.58]","(60.023, 60.816]","(727174.843, 742847.886]"
2015-06-04,59.795,59.966,59.361,59.475,263605,"(59.172, 59.959]","(59.346, 60.132]","(58.999, 59.789]","(59.23, 60.023]","(256983.557, 272656.6]"
2015-06-05,59.087,59.333,58.889,59.105,231676,"(58.385, 59.172]","(58.559, 59.346]","(58.208, 58.999]","(58.437, 59.23]","(225637.471, 241310.514]"
2015-06-08,59.115,59.115,58.814,58.852,199430,"(58.385, 59.172]","(58.559, 59.346]","(58.208, 58.999]","(58.437, 59.23]","(194291.386, 209964.429]"
2015-06-09,58.788,58.871,58.522,58.711,338620,"(58.385, 59.172]","(58.559, 59.346]","(58.208, 58.999]","(58.437, 59.23]","(335348.771, 351021.814]"
2015-06-10,59.248,59.759,59.193,59.663,726030,"(59.172, 59.959]","(59.346, 60.132]","(58.999, 59.789]","(59.23, 60.023]","(711501.8, 727174.843]"
2015-06-11,59.823,59.87,59.596,59.768,203123,"(59.172, 59.959]","(59.346, 60.132]","(58.999, 59.789]","(59.23, 60.023]","(194291.386, 209964.429]"
2015-06-12,59.351,59.475,59.202,59.381,225312,"(59.172, 59.959]","(59.346, 60.132]","(58.999, 59.789]","(59.23, 60.023]","(209964.429, 225637.471]"
2015-06-15,58.889,59.051,58.644,59.051,214598,"(58.385, 59.172]","(58.559, 59.346]","(58.208, 58.999]","(58.437, 59.23]","(209964.429, 225637.471]"
2015-06-16,58.947,59.248,58.824,59.21,196884,"(58.385, 59.172]","(58.559, 59.346]","(58.208, 58.999]","(58.437, 59.23]","(194291.386, 209964.429]"
2015-06-17,59.154,59.39,58.824,59.21,373399,"(58.385, 59.172]","(59.346, 60.132]","(58.208, 58.999]","(58.437, 59.23]","(366694.857, 382367.9]"
2015-06-18,59.39,60.067,59.39,59.823,984945,"(59.172, 59.959]","(59.346, 60.132]","(58.999, 59.789]","(59.23, 60.023]","(977943.529, 993616.571]"
2015-06-19,59.86,59.86,59.533,59.541,415619,"(59.172, 59.959]","(59.346, 60.132]","(58.999, 59.789]","(59.23, 60.023]","(413713.986, 429387.029]"
2015-06-22,60.135,60.454,60.135,60.208,269972,"(59.959, 60.746]","(60.132, 60.919]","(59.789, 60.58]","(60.023, 60.816]","(256983.557, 272656.6]"
2015-06-23,60.38,60.398,60.238,60.305,544981,"(59.959, 60.746]","(60.132, 60.919]","(59.789, 60.58]","(60.023, 60.816]","(539098.329, 554771.371]"
2015-06-24,60.228,60.258,59.86,59.899,275170,"(59.959, 60.746]","(60.132, 60.919]","(59.789, 60.58]","(59.23, 60.023]","(272656.6, 288329.643]"
2015-06-25,60.096,60.182,59.73,59.73,606561,"(59.959, 60.746]","(60.132, 60.919]","(58.999, 59.789]","(59.23, 60.023]","(601790.5, 617463.543]"
2015-06-26,59.817,59.951,59.607,59.78,166301,"(59.172, 59.959]","(59.346, 60.132]","(58.999, 59.789]","(59.23, 60.023]","(162945.3, 178618.343]"
2015-06-29,58.982,59.143,58.242,58.26,758309,"(58.385, 59.172]","(58.559, 59.346]","(58.208, 58.999]","(57.644, 58.437]","(742847.886, 758520.929]"
2015-07-01,59.183,59.183,58.516,58.726,1107237,"(59.172, 59.959]","(58.559, 59.346]","(58.208, 58.999]","(58.437, 59.23]","(1103327.871, 1119000.914]"
2015-07-02,58.905,58.925,58.564,58.735,295846,"(58.385, 59.172]","(58.559, 59.346]","(58.208, 58.999]","(58.437, 59.23]","(288329.643, 304002.686]"
2015-07-06,58.005,58.421,57.881,58.108,472259,"(57.598, 58.385]","(57.772, 58.559]","(57.417, 58.208]","(57.644, 58.437]","(460733.114, 476406.157]"
2015-07-07,57.823,58.155,57.026,58.117,546193,"(57.598, 58.385]","(57.772, 58.559]","(56.627, 57.417]","(57.644, 58.437]","(539098.329, 554771.371]"
2015-07-08,57.538,57.596,56.835,56.893,474682,"(56.812, 57.598]","(56.986, 57.772]","(56.627, 57.417]","(56.851, 57.644]","(460733.114, 476406.157]"
2015-07-09,57.454,57.976,57.311,57.339,717340,"(56.812, 57.598]","(57.772, 58.559]","(56.627, 57.417]","(56.851, 57.644]","(711501.8, 727174.843]"
2015-07-13,58.867,58.973,58.82,58.925,455512,"(58.385, 59.172]","(58.559, 59.346]","(58.208, 58.999]","(58.437, 59.23]","(445060.071, 460733.114]"
2015-07-14,58.992,59.325,58.953,59.276,642589,"(58.385, 59.172]","(58.559, 59.346]","(58.208, 58.999]","(59.23, 60.023]","(633136.586, 648809.629]"
2015-07-16,59.456,59.607,59.398,59.58,406749,"(59.172, 59.959]","(59.346, 60.132]","(58.999, 59.789]","(59.23, 60.023]","(398040.943, 413713.986]"
2015-07-17,59.635,59.635,59.381,59.484,236022,"(59.172, 59.959]","(59.346, 60.132]","(58.999, 59.789]","(59.23, 60.023]","(225637.471, 241310.514]"
2015-07-20,59.572,59.635,59.342,59.466,218752,"(59.172, 59.959]","(59.346, 60.132]","(58.999, 59.789]","(59.23, 60.023]","(209964.429, 225637.471]"
2015-07-21,59.438,59.514,59.201,59.296,710915,"(59.172, 59.959]","(59.346, 60.132]","(58.999, 59.789]","(59.23, 60.023]","(695828.757, 711501.8]"
2015-07-22,58.982,59.077,58.867,59.011,481000,"(58.385, 59.172]","(58.559, 59.346]","(58.208, 58.999]","(58.437, 59.23]","(476406.157, 492079.2]"
2015-07-23,59.123,59.163,58.668,58.755,335974,"(58.385, 59.172]","(58.559, 59.346]","(58.208, 58.999]","(58.437, 59.23]","(335348.771, 351021.814]"
2015-07-24,58.745,58.745,57.936,58.051,597906,"(58.385, 59.172]","(58.559, 59.346]","(57.417, 58.208]","(57.644, 58.437]","(586117.457, 601790.5]"
2015-07-27,57.891,57.899,57.473,57.577,445189,"(57.598, 58.385]","(57.772, 58.559]","(57.417, 58.208]","(56.851, 57.644]","(445060.071, 460733.114]"
2015-07-28,57.71,58.242,57.577,58.212,570100,"(57.598, 58.385]","(57.772, 58.559]","(57.417, 58.208]","(57.644, 58.437]","(554771.371, 570444.414]"
2015-07-29,58.27,58.706,58.222,58.584,370203,"(57.598, 58.385]","(58.559, 59.346]","(58.208, 58.999]","(58.437, 59.23]","(366694.857, 382367.9]"
2015-07-30,58.506,58.668,58.252,58.649,207271,"(58.385, 59.172]","(58.559, 59.346]","(58.208, 58.999]","(58.437, 59.23]","(194291.386, 209964.429]"
2015-07-31,58.82,58.935,58.62,58.706,541665,"(58.385, 59.172]","(58.559, 59.346]","(58.208, 58.999]","(58.437, 59.23]","(539098.329, 554771.371]"
2015-08-03,58.726,58.802,58.232,58.46,204543,"(58.385, 59.172]","(58.559, 59.346]","(58.208, 58.999]","(58.437, 59.23]","(194291.386, 209964.429]"
2015-08-04,58.506,58.649,58.317,58.47,205164,"(58.385, 59.172]","(58.559, 59.346]","(58.208, 58.999]","(58.437, 59.23]","(194291.386, 209964.429]"
2015-08-05,58.838,58.905,58.564,58.612,157349,"(58.385, 59.172]","(58.559, 59.346]","(58.208, 58.999]","(58.437, 59.23]","(147272.257, 162945.3]"
2015-08-06,58.584,58.639,58.005,58.242,434754,"(58.385, 59.172]","(58.559, 59.346]","(57.417, 58.208]","(57.644, 58.437]","(429387.029, 445060.071]"
2015-08-07,58.155,58.185,57.917,58.185,539347,"(57.598, 58.385]","(57.772, 58.559]","(57.417, 58.208]","(57.644, 58.437]","(539098.329, 554771.371]"
2015-08-10,58.392,58.973,58.392,58.915,155559,"(58.385, 59.172]","(58.559, 59.346]","(58.208, 58.999]","(58.437, 59.23]","(147272.257, 162945.3]"
2015-08-11,58.327,58.354,57.946,58.165,266980,"(57.598, 58.385]","(57.772, 58.559]","(57.417, 58.208]","(57.644, 58.437]","(256983.557, 272656.6]"
2015-08-12,57.652,58.051,57.205,58.023,260248,"(57.598, 58.385]","(57.772, 58.559]","(56.627, 57.417]","(57.644, 58.437]","(256983.557, 272656.6]"
2015-08-13,58.051,58.146,57.776,57.946,207061,"(57.598, 58.385]","(57.772, 58.559]","(57.417, 58.208]","(57.644, 58.437]","(194291.386, 209964.429]"
2015-08-14,57.899,58.127,57.759,58.117,197160,"(57.598, 58.385]","(57.772, 58.559]","(57.417, 58.208]","(57.644, 58.437]","(194291.386, 209964.429]"
2015-08-17,57.862,58.212,57.642,58.203,259933,"(57.598, 58.385]","(57.772, 58.559]","(57.417, 58.208]","(57.644, 58.437]","(256983.557, 272656.6]"
2015-08-18,58.023,58.079,57.843,57.908,201373,"(57.598, 58.385]","(57.772, 58.559]","(57.417, 58.208]","(57.644, 58.437]","(194291.386, 209964.429]"
2015-08-19,57.596,57.749,57.073,57.395,223490,"(56.812, 57.598]","(56.986, 57.772]","(56.627, 57.417]","(56.851, 57.644]","(209964.429, 225637.471]"
2015-08-20,56.96,56.969,56.125,56.143,672579,"(56.812, 57.598]","(56.199, 56.986]","(55.836, 56.627]","(56.058, 56.851]","(664482.671, 680155.714]"
2015-08-31,55.013,55.109,54.605,54.813,1070691,"(54.451, 55.238]","(54.625, 55.412]","(54.255, 55.045]","(54.472, 55.265]","(1056308.743, 1071981.786]"
2015-09-02,53.618,53.986,53.305,53.986,321123,"(52.877, 53.664]","(53.839, 54.625]","(52.673, 53.464]","(53.679, 54.472]","(319675.729, 335348.771]"
2015-09-03,54.169,54.624,53.939,54.063,439714,"(53.664, 54.451]","(53.839, 54.625]","(53.464, 54.255]","(53.679, 54.472]","(429387.029, 445060.071]"
2015-09-04,53.217,53.36,52.771,53.018,387266,"(52.877, 53.664]","(53.052, 53.839]","(52.673, 53.464]","(52.887, 53.679]","(382367.9, 398040.943]"
2015-09-08,54.073,54.471,53.939,54.444,226966,"(53.664, 54.451]","(53.839, 54.625]","(53.464, 54.255]","(53.679, 54.472]","(225637.471, 241310.514]"
2015-09-09,54.976,55.069,53.855,53.93,464149,"(54.451, 55.238]","(54.625, 55.412]","(53.464, 54.255]","(53.679, 54.472]","(460733.114, 476406.157]"
2015-09-11,54.036,54.406,53.885,54.386,294898,"(53.664, 54.451]","(53.839, 54.625]","(53.464, 54.255]","(53.679, 54.472]","(288329.643, 304002.686]"
2015-09-14,54.32,54.32,53.939,54.12,275834,"(53.664, 54.451]","(53.839, 54.625]","(53.464, 54.255]","(53.679, 54.472]","(272656.6, 288329.643]"
2015-09-15,54.205,54.747,54.073,54.68,188101,"(53.664, 54.451]","(54.625, 55.412]","(53.464, 54.255]","(54.472, 55.265]","(178618.343, 194291.386]"
2015-09-16,54.993,55.402,54.907,55.376,152927,"(54.451, 55.238]","(54.625, 55.412]","(54.255, 55.045]","(55.265, 56.058]","(147272.257, 162945.3]"
2015-09-17,55.222,56.105,55.155,55.376,428963,"(54.451, 55.238]","(55.412, 56.199]","(55.045, 55.836]","(55.265, 56.058]","(413713.986, 429387.029]"
2015-09-18,54.567,54.842,54.179,54.302,713759,"(54.451, 55.238]","(54.625, 55.412]","(53.464, 54.255]","(53.679, 54.472]","(711501.8, 727174.843]"
2015-09-21,54.48,54.709,54.12,54.368,713338,"(54.451, 55.238]","(54.625, 55.412]","(53.464, 54.255]","(53.679, 54.472]","(711501.8, 727174.843]"
2015-09-22,53.56,53.58,53.056,53.428,575051,"(52.877, 53.664]","(53.052, 53.839]","(52.673, 53.464]","(52.887, 53.679]","(570444.414, 586117.457]"
2015-09-23,53.418,53.55,53.038,53.19,732791,"(52.877, 53.664]","(53.052, 53.839]","(52.673, 53.464]","(52.887, 53.679]","(727174.843, 742847.886]"
2015-09-24,52.839,53.106,52.411,53.028,309555,"(52.09, 52.877]","(53.052, 53.839]","(51.883, 52.673]","(52.887, 53.679]","(304002.686, 319675.729]"
2015-09-25,53.562,53.629,52.867,53.065,642916,"(52.877, 53.664]","(53.052, 53.839]","(52.673, 53.464]","(52.887, 53.679]","(633136.586, 648809.629]"
2015-09-28,52.779,52.951,51.768,51.835,1021389,"(52.09, 52.877]","(52.265, 53.052]","(51.092, 51.883]","(51.301, 52.094]","(1009289.614, 1024962.657]"
2015-09-29,51.94,52.197,51.577,51.873,391407,"(51.303, 52.09]","(51.478, 52.265]","(51.092, 51.883]","(51.301, 52.094]","(382367.9, 398040.943]"
2015-09-30,52.464,52.875,52.264,52.779,765839,"(52.09, 52.877]","(52.265, 53.052]","(51.883, 52.673]","(52.094, 52.887]","(758520.929, 774193.971]"
2015-10-02,52.626,53.888,52.436,53.888,746347,"(52.09, 52.877]","(53.839, 54.625]","(51.883, 52.673]","(53.679, 54.472]","(742847.886, 758520.929]"
2015-10-05,54.383,55.002,54.335,54.965,720217,"(53.664, 54.451]","(54.625, 55.412]","(54.255, 55.045]","(54.472, 55.265]","(711501.8, 727174.843]"
2015-10-06,54.946,55.099,54.697,54.889,442442,"(54.451, 55.238]","(54.625, 55.412]","(54.255, 55.045]","(54.472, 55.265]","(429387.029, 445060.071]"
2015-10-07,55.367,55.68,55.099,55.576,448766,"(55.238, 56.025]","(55.412, 56.199]","(55.045, 55.836]","(55.265, 56.058]","(445060.071, 460733.114]"
2015-10-08,55.357,56.081,55.278,56.051,365313,"(55.238, 56.025]","(55.412, 56.199]","(55.045, 55.836]","(55.265, 56.058]","(351021.814, 366694.857]"
2015-10-09,56.1,56.262,55.958,56.139,784177,"(56.025, 56.812]","(56.199, 56.986]","(55.836, 56.627]","(56.058, 56.851]","(774193.971, 789867.014]"
2015-10-12,56.13,56.13,55.938,56.042,293565,"(56.025, 56.812]","(55.412, 56.199]","(55.836, 56.627]","(55.265, 56.058]","(288329.643, 304002.686]"
2015-10-13,55.633,56.014,55.442,55.48,242809,"(55.238, 56.025]","(55.412, 56.199]","(55.045, 55.836]","(55.265, 56.058]","(241310.514, 256983.557]"
2015-10-14,55.595,55.785,55.357,55.451,342679,"(55.238, 56.025]","(55.412, 56.199]","(55.045, 55.836]","(55.265, 56.058]","(335348.771, 351021.814]"
2015-10-15,55.814,56.338,55.66,56.33,177940,"(55.238, 56.025]","(56.199, 56.986]","(55.045, 55.836]","(56.058, 56.851]","(162945.3, 178618.343]"
2015-10-16,56.368,56.425,56.13,56.405,338906,"(56.025, 56.812]","(56.199, 56.986]","(55.836, 56.627]","(56.058, 56.851]","(335348.771, 351021.814]"
2015-10-19,56.195,56.301,56.033,56.272,206099,"(56.025, 56.812]","(56.199, 56.986]","(55.836, 56.627]","(56.058, 56.851]","(194291.386, 209964.429]"
2015-10-20,56.214,56.425,56.13,56.205,331675,"(56.025, 56.812]","(56.199, 56.986]","(55.836, 56.627]","(56.058, 56.851]","(319675.729, 335348.771]"
2015-10-21,56.405,56.415,55.814,55.861,446738,"(56.025, 56.812]","(56.199, 56.986]","(55.045, 55.836]","(55.265, 56.058]","(445060.071, 460733.114]"
2015-10-22,56.187,56.74,56.148,56.615,365210,"(56.025, 56.812]","(56.199, 56.986]","(55.836, 56.627]","(56.058, 56.851]","(351021.814, 366694.857]"
2015-10-23,57.131,57.235,56.816,57.141,585486,"(56.812, 57.598]","(56.986, 57.772]","(56.627, 57.417]","(56.851, 57.644]","(570444.414, 586117.457]"
2015-10-26,57.112,57.121,56.902,56.969,368248,"(56.812, 57.598]","(56.986, 57.772]","(56.627, 57.417]","(56.851, 57.644]","(366694.857, 382367.9]"
2015-10-27,56.663,56.731,56.435,56.615,409537,"(56.025, 56.812]","(56.199, 56.986]","(55.836, 56.627]","(56.058, 56.851]","(398040.943, 413713.986]"
2015-10-28,56.816,57.226,56.501,57.093,337648,"(56.812, 57.598]","(56.986, 57.772]","(55.836, 56.627]","(56.851, 57.644]","(335348.771, 351021.814]"
2015-10-29,56.76,56.921,56.673,56.825,216821,"(56.025, 56.812]","(56.199, 56.986]","(56.627, 57.417]","(56.058, 56.851]","(209964.429, 225637.471]"
2015-10-30,56.882,56.997,56.623,56.623,318260,"(56.812, 57.598]","(56.986, 57.772]","(55.836, 56.627]","(56.058, 56.851]","(304002.686, 319675.729]"
2015-11-02,56.844,57.36,56.844,57.341,667162,"(56.812, 57.598]","(56.986, 57.772]","(56.627, 57.417]","(56.851, 57.644]","(664482.671, 680155.714]"
2015-11-03,57.151,57.694,57.131,57.532,235668,"(56.812, 57.598]","(56.986, 57.772]","(56.627, 57.417]","(56.851, 57.644]","(225637.471, 241310.514]"
2015-11-04,57.635,57.635,57.083,57.265,1009543,"(57.598, 58.385]","(56.986, 57.772]","(56.627, 57.417]","(56.851, 57.644]","(1009289.614, 1024962.657]"
2015-11-05,57.341,57.56,56.94,57.188,686091,"(56.812, 57.598]","(56.986, 57.772]","(56.627, 57.417]","(56.851, 57.644]","(680155.714, 695828.757]"
2015-11-06,56.95,57.026,56.595,56.997,335867,"(56.812, 57.598]","(56.986, 57.772]","(55.836, 56.627]","(56.851, 57.644]","(335348.771, 351021.814]"
2015-11-09,56.825,56.834,56.205,56.453,441971,"(56.812, 57.598]","(56.199, 56.986]","(55.836, 56.627]","(56.058, 56.851]","(429387.029, 445060.071]"
2015-11-10,56.272,56.453,56.12,56.425,474300,"(56.025, 56.812]","(56.199, 56.986]","(55.836, 56.627]","(56.058, 56.851]","(460733.114, 476406.157]"
2015-11-11,56.673,56.731,56.378,56.387,298875,"(56.025, 56.812]","(56.199, 56.986]","(55.836, 56.627]","(56.058, 56.851]","(288329.643, 304002.686]"
2015-11-12,56.081,56.195,55.699,55.719,287347,"(56.025, 56.812]","(55.412, 56.199]","(55.045, 55.836]","(55.265, 56.058]","(272656.6, 288329.643]"
2015-11-13,55.461,55.489,55.031,55.099,723293,"(55.238, 56.025]","(55.412, 56.199]","(54.255, 55.045]","(54.472, 55.265]","(711501.8, 727174.843]"
2015-11-16,55.137,55.833,55.099,55.824,608018,"(54.451, 55.238]","(55.412, 56.199]","(55.045, 55.836]","(55.265, 56.058]","(601790.5, 617463.543]"
2015-11-17,55.938,56.223,55.69,55.804,683681,"(55.238, 56.025]","(56.199, 56.986]","(55.045, 55.836]","(55.265, 56.058]","(680155.714, 695828.757]"
2015-11-18,56.004,56.587,55.938,56.53,622690,"(55.238, 56.025]","(56.199, 56.986]","(55.836, 56.627]","(56.058, 56.851]","(617463.543, 633136.586]"
2015-11-19,56.663,56.825,56.653,56.721,388056,"(56.025, 56.812]","(56.199, 56.986]","(56.627, 57.417]","(56.058, 56.851]","(382367.9, 398040.943]"
2015-11-20,56.892,57.054,56.76,56.825,527641,"(56.812, 57.598]","(56.986, 57.772]","(56.627, 57.417]","(56.058, 56.851]","(523425.286, 539098.329]"
2015-11-23,56.74,56.882,56.491,56.595,285460,"(56.025, 56.812]","(56.199, 56.986]","(55.836, 56.627]","(56.058, 56.851]","(272656.6, 288329.643]"
2015-11-24,56.31,56.796,56.195,56.731,603408,"(56.025, 56.812]","(56.199, 56.986]","(55.836, 56.627]","(56.058, 56.851]","(601790.5, 617463.543]"
2015-11-25,56.731,56.854,56.595,56.75,240505,"(56.025, 56.812]","(56.199, 56.986]","(55.836, 56.627]","(56.058, 56.851]","(225637.471, 241310.514]"
2015-11-27,56.711,56.806,56.587,56.711,945352,"(56.025, 56.812]","(56.199, 56.986]","(55.836, 56.627]","(56.058, 56.851]","(930924.4, 946597.443]"
2015-11-30,56.721,56.778,56.56,56.579,1095733,"(56.025, 56.812]","(56.199, 56.986]","(55.836, 56.627]","(56.058, 56.851]","(1087654.829, 1103327.871]"
2015-12-01,56.796,57.188,56.796,57.178,564492,"(56.025, 56.812]","(56.986, 57.772]","(56.627, 57.417]","(56.851, 57.644]","(554771.371, 570444.414]"
2015-12-02,56.988,57.112,56.472,56.57,911561,"(56.812, 57.598]","(56.986, 57.772]","(55.836, 56.627]","(56.058, 56.851]","(899578.314, 915251.357]"
2015-12-03,56.75,56.882,55.719,55.928,821738,"(56.025, 56.812]","(56.199, 56.986]","(55.045, 55.836]","(55.265, 56.058]","(821213.1, 836886.143]"
2015-12-04,55.918,56.796,55.89,56.75,468852,"(55.238, 56.025]","(56.199, 56.986]","(55.836, 56.627]","(56.058, 56.851]","(460733.114, 476406.157]"
2015-12-07,56.595,56.673,56.042,56.252,988946,"(56.025, 56.812]","(56.199, 56.986]","(55.836, 56.627]","(56.058, 56.851]","(977943.529, 993616.571]"
2015-12-10,55.499,55.69,55.288,55.328,551848,"(55.238, 56.025]","(55.412, 56.199]","(55.045, 55.836]","(55.265, 56.058]","(539098.329, 554771.371]"
2015-12-11,54.735,54.831,54.116,54.21,834585,"(54.451, 55.238]","(54.625, 55.412]","(53.464, 54.255]","(53.679, 54.472]","(821213.1, 836886.143]"
2015-12-14,54.392,54.525,53.772,54.383,808584,"(53.664, 54.451]","(53.839, 54.625]","(53.464, 54.255]","(53.679, 54.472]","(805540.057, 821213.1]"
2015-12-16,55.288,55.871,55.099,55.814,871472,"(55.238, 56.025]","(55.412, 56.199]","(55.045, 55.836]","(55.265, 56.058]","(868232.229, 883905.271]"
2015-12-22,54.901,55.263,54.736,55.197,855813,"(54.451, 55.238]","(54.625, 55.412]","(54.255, 55.045]","(54.472, 55.265]","(852559.186, 868232.229]"
2016-01-06,53.527,53.863,53.296,53.613,1016702,"(52.877, 53.664]","(53.839, 54.625]","(52.673, 53.464]","(52.887, 53.679]","(1009289.614, 1024962.657]"
2016-01-13,52.307,52.375,50.763,50.904,983079,"(52.09, 52.877]","(52.265, 53.052]","(50.301, 51.092]","(50.508, 51.301]","(977943.529, 993616.571]"
2016-01-26,50.644,51.25,50.559,51.211,928859,"(50.516, 51.303]","(50.692, 51.478]","(50.301, 51.092]","(50.508, 51.301]","(915251.357, 930924.4]"
2016-01-27,51.076,51.577,50.509,50.751,702951,"(50.516, 51.303]","(51.478, 52.265]","(50.301, 51.092]","(50.508, 51.301]","(695828.757, 711501.8]"
2016-01-28,51.336,51.336,50.519,50.923,775084,"(51.303, 52.09]","(50.692, 51.478]","(50.301, 51.092]","(50.508, 51.301]","(774193.971, 789867.014]"
2016-02-05,51.269,51.404,50.444,50.607,631856,"(50.516, 51.303]","(50.692, 51.478]","(50.301, 51.092]","(50.508, 51.301]","(617463.543, 633136.586]"
2016-02-12,49.079,49.705,48.945,49.665,335377,"(48.942, 49.729]","(49.118, 49.905]","(48.72, 49.511]","(48.922, 49.715]","(335348.771, 351021.814]"
2016-02-16,50.357,50.904,50.05,50.579,667102,"(49.729, 50.516]","(50.692, 51.478]","(49.511, 50.301]","(50.508, 51.301]","(664482.671, 680155.714]"
2016-02-17,50.962,51.635,50.904,51.567,1135987,"(50.516, 51.303]","(51.478, 52.265]","(50.301, 51.092]","(51.301, 52.094]","(1134673.957, 1150347.0]"
2016-02-18,51.817,51.845,51.269,51.346,769655,"(51.303, 52.09]","(51.478, 52.265]","(51.092, 51.883]","(51.301, 52.094]","(758520.929, 774193.971]"
2016-02-19,50.972,51.31,50.847,51.279,373886,"(50.516, 51.303]","(50.692, 51.478]","(50.301, 51.092]","(50.508, 51.301]","(366694.857, 382367.9]"
2016-02-23,51.865,51.885,51.306,51.327,1027387,"(51.303, 52.09]","(51.478, 52.265]","(51.092, 51.883]","(51.301, 52.094]","(1024962.657, 1040635.7]"
2016-02-25,51.529,51.922,51.317,51.922,406961,"(51.303, 52.09]","(51.478, 52.265]","(51.092, 51.883]","(51.301, 52.094]","(398040.943, 413713.986]"
2016-02-26,52.115,52.297,51.76,51.855,552291,"(52.09, 52.877]","(52.265, 53.052]","(51.092, 51.883]","(51.301, 52.094]","(539098.329, 554771.371]"
2016-02-29,51.865,52.085,51.504,51.519,682990,"(51.303, 52.09]","(51.478, 52.265]","(51.092, 51.883]","(51.301, 52.094]","(680155.714, 695828.757]"
2016-03-01,52.056,52.815,51.96,52.815,796944,"(51.303, 52.09]","(52.265, 53.052]","(51.883, 52.673]","(52.094, 52.887]","(789867.014, 805540.057]"
2016-03-02,52.805,53.172,52.642,53.172,757438,"(52.09, 52.877]","(53.052, 53.839]","(51.883, 52.673]","(52.887, 53.679]","(742847.886, 758520.929]"
2016-03-03,53.257,53.613,53.124,53.613,710474,"(52.877, 53.664]","(53.052, 53.839]","(52.673, 53.464]","(52.887, 53.679]","(695828.757, 711501.8]"
2016-03-04,53.766,54.189,53.632,53.93,620173,"(53.664, 54.451]","(53.839, 54.625]","(53.464, 54.255]","(53.679, 54.472]","(617463.543, 633136.586]"
2016-03-07,53.593,54.113,53.54,53.977,713936,"(52.877, 53.664]","(53.839, 54.625]","(53.464, 54.255]","(53.679, 54.472]","(711501.8, 727174.843]"
2016-03-09,53.527,53.652,53.373,53.565,444665,"(52.877, 53.664]","(53.052, 53.839]","(52.673, 53.464]","(52.887, 53.679]","(429387.029, 445060.071]"
2016-03-10,53.766,54.063,52.997,53.507,762542,"(53.664, 54.451]","(53.839, 54.625]","(52.673, 53.464]","(52.887, 53.679]","(758520.929, 774193.971]"
2016-03-11,54.162,54.66,54.142,54.66,378858,"(53.664, 54.451]","(54.625, 55.412]","(53.464, 54.255]","(54.472, 55.265]","(366694.857, 382367.9]"
2016-03-14,54.602,54.651,54.347,54.535,474146,"(54.451, 55.238]","(54.625, 55.412]","(54.255, 55.045]","(54.472, 55.265]","(460733.114, 476406.157]"
2016-03-15,54.162,54.257,53.948,54.122,240339,"(53.664, 54.451]","(53.839, 54.625]","(53.464, 54.255]","(53.679, 54.472]","(225637.471, 241310.514]"
2016-03-16,53.939,54.749,53.939,54.691,337951,"(53.664, 54.451]","(54.625, 55.412]","(53.464, 54.255]","(54.472, 55.265]","(335348.771, 351021.814]"
2016-03-17,54.672,55.278,54.576,55.192,588254,"(54.451, 55.238]","(54.625, 55.412]","(54.255, 55.045]","(54.472, 55.265]","(586117.457, 601790.5]"
2016-03-18,55.298,55.424,55.164,55.288,361004,"(55.238, 56.025]","(55.412, 56.199]","(55.045, 55.836]","(55.265, 56.058]","(351021.814, 366694.857]"
2016-03-21,55.25,55.337,55.067,55.288,345926,"(55.238, 56.025]","(54.625, 55.412]","(55.045, 55.836]","(55.265, 56.058]","(335348.771, 351021.814]"
2016-03-23,55.086,55.086,54.594,54.643,769095,"(54.451, 55.238]","(54.625, 55.412]","(54.255, 55.045]","(54.472, 55.265]","(758520.929, 774193.971]"
2016-03-24,54.237,54.527,54.123,54.527,322902,"(53.664, 54.451]","(53.839, 54.625]","(53.464, 54.255]","(54.472, 55.265]","(319675.729, 335348.771]"
2016-03-28,54.894,54.894,54.539,54.721,992176,"(54.451, 55.238]","(54.625, 55.412]","(54.255, 55.045]","(54.472, 55.265]","(977943.529, 993616.571]"
2016-03-29,54.546,55.318,54.392,55.318,766196,"(54.451, 55.238]","(54.625, 55.412]","(54.255, 55.045]","(55.265, 56.058]","(758520.929, 774193.971]"
2016-03-30,55.714,55.898,55.51,55.654,653624,"(55.238, 56.025]","(55.412, 56.199]","(55.045, 55.836]","(55.265, 56.058]","(648809.629, 664482.671]"
2016-04-04,55.559,55.674,55.231,55.308,290977,"(55.238, 56.025]","(55.412, 56.199]","(55.045, 55.836]","(55.265, 56.058]","(288329.643, 304002.686]"
2016-04-05,54.711,54.768,54.527,54.576,341181,"(54.451, 55.238]","(54.625, 55.412]","(54.255, 55.045]","(54.472, 55.265]","(335348.771, 351021.814]"
2016-04-06,54.633,55.231,54.53,55.212,467208,"(54.451, 55.238]","(54.625, 55.412]","(54.255, 55.045]","(54.472, 55.265]","(460733.114, 476406.157]"
2016-04-11,55.318,55.51,54.942,54.962,486144,"(55.238, 56.025]","(55.412, 56.199]","(54.255, 55.045]","(54.472, 55.265]","(476406.157, 492079.2]"
2016-04-12,55.241,55.704,54.962,55.618,419567,"(55.238, 56.025]","(55.412, 56.199]","(54.255, 55.045]","(55.265, 56.058]","(413713.986, 429387.029]"
2016-04-13,56.168,56.407,56.069,56.379,665856,"(56.025, 56.812]","(56.199, 56.986]","(55.836, 56.627]","(56.058, 56.851]","(664482.671, 680155.714]"
2016-04-14,56.379,56.484,56.272,56.331,390851,"(56.025, 56.812]","(56.199, 56.986]","(55.836, 56.627]","(56.058, 56.851]","(382367.9, 398040.943]"
2016-04-15,56.302,56.348,56.187,56.252,253499,"(56.025, 56.812]","(56.199, 56.986]","(55.836, 56.627]","(56.058, 56.851]","(241310.514, 256983.557]"
2016-04-18,56.138,56.658,56.059,56.628,266282,"(56.025, 56.812]","(56.199, 56.986]","(55.836, 56.627]","(56.058, 56.851]","(256983.557, 272656.6]"
2016-04-19,57.179,57.371,56.929,57.217,410805,"(56.812, 57.598]","(56.986, 57.772]","(56.627, 57.417]","(56.851, 57.644]","(398040.943, 413713.986]"
2016-04-21,57.266,57.266,56.802,56.909,376657,"(56.812, 57.598]","(56.986, 57.772]","(56.627, 57.417]","(56.851, 57.644]","(366694.857, 382367.9]"
2016-04-22,56.89,57.005,56.668,56.88,381491,"(56.812, 57.598]","(56.986, 57.772]","(56.627, 57.417]","(56.851, 57.644]","(366694.857, 382367.9]"
2016-04-25,56.698,56.716,56.484,56.698,333686,"(56.025, 56.812]","(56.199, 56.986]","(55.836, 56.627]","(56.058, 56.851]","(319675.729, 335348.771]"
2016-04-26,56.821,56.986,56.678,56.9,448078,"(56.812, 57.598]","(56.986, 57.772]","(56.627, 57.417]","(56.851, 57.644]","(445060.071, 460733.114]"
2016-04-27,56.802,57.08,56.648,56.976,219300,"(56.025, 56.812]","(56.986, 57.772]","(56.627, 57.417]","(56.851, 57.644]","(209964.429, 225637.471]"
2016-04-28,56.628,57.059,56.407,56.533,257461,"(56.025, 56.812]","(56.986, 57.772]","(55.836, 56.627]","(56.058, 56.851]","(256983.557, 272656.6]"
2016-04-29,56.407,56.475,55.906,56.187,393647,"(56.025, 56.812]","(56.199, 56.986]","(55.836, 56.627]","(56.058, 56.851]","(382367.9, 398040.943]"
2016-05-02,56.359,56.638,56.282,56.581,310943,"(56.025, 56.812]","(56.199, 56.986]","(55.836, 56.627]","(56.058, 56.851]","(304002.686, 319675.729]"
2016-05-03,56.168,56.187,55.669,55.848,809723,"(56.025, 56.812]","(55.412, 56.199]","(55.045, 55.836]","(55.265, 56.058]","(805540.057, 821213.1]"
2016-05-04,55.51,55.645,55.237,55.367,286252,"(55.238, 56.025]","(55.412, 56.199]","(55.045, 55.836]","(55.265, 56.058]","(272656.6, 288329.643]"
2016-05-05,55.482,55.618,55.202,55.357,728346,"(55.238, 56.025]","(55.412, 56.199]","(55.045, 55.836]","(55.265, 56.058]","(727174.843, 742847.886]"
2016-05-06,55.135,55.559,55.076,55.539,222364,"(54.451, 55.238]","(55.412, 56.199]","(55.045, 55.836]","(55.265, 56.058]","(209964.429, 225637.471]"
2016-05-09,55.539,55.588,55.231,55.347,201935,"(55.238, 56.025]","(55.412, 56.199]","(55.045, 55.836]","(55.265, 56.058]","(194291.386, 209964.429]"
2016-05-10,55.645,56.128,55.645,56.128,231892,"(55.238, 56.025]","(55.412, 56.199]","(55.045, 55.836]","(56.058, 56.851]","(225637.471, 241310.514]"
2016-05-11,55.915,56.099,55.704,55.704,161926,"(55.238, 56.025]","(55.412, 56.199]","(55.045, 55.836]","(55.265, 56.058]","(147272.257, 162945.3]"
2016-05-12,56.069,56.099,55.386,55.645,384833,"(56.025, 56.812]","(55.412, 56.199]","(55.045, 55.836]","(55.265, 56.058]","(382367.9, 398040.943]"
2016-05-13,55.394,55.569,54.989,55.096,265039,"(55.238, 56.025]","(55.412, 56.199]","(54.255, 55.045]","(54.472, 55.265]","(256983.557, 272656.6]"
2016-05-16,55.184,55.82,55.184,55.714,300768,"(54.451, 55.238]","(55.412, 56.199]","(55.045, 55.836]","(55.265, 56.058]","(288329.643, 304002.686]"
2016-05-17,55.664,55.714,55.106,55.25,517125,"(55.238, 56.025]","(55.412, 56.199]","(55.045, 55.836]","(54.472, 55.265]","(507752.243, 523425.286]"
2016-05-18,55.096,55.698,54.952,55.222,308458,"(54.451, 55.238]","(55.412, 56.199]","(54.255, 55.045]","(54.472, 55.265]","(304002.686, 319675.729]"
2016-05-19,54.962,55.028,54.614,54.922,745621,"(54.451, 55.238]","(54.625, 55.412]","(54.255, 55.045]","(54.472, 55.265]","(742847.886, 758520.929]"
2016-05-20,55.174,55.476,55.174,55.385,314321,"(54.451, 55.238]","(55.412, 56.199]","(55.045, 55.836]","(55.265, 56.058]","(304002.686, 319675.729]"
2016-05-23,55.347,55.404,55.184,55.212,386189,"(55.238, 56.025]","(54.625, 55.412]","(55.045, 55.836]","(54.472, 55.265]","(382367.9, 398040.943]"
2016-05-24,55.579,56.089,55.502,56.012,232949,"(55.238, 56.025]","(55.412, 56.199]","(55.045, 55.836]","(55.265, 56.058]","(225637.471, 241310.514]"
2016-05-25,56.195,56.528,56.195,56.437,382881,"(56.025, 56.812]","(56.199, 56.986]","(55.836, 56.627]","(56.058, 56.851]","(382367.9, 398040.943]"
2016-05-26,56.533,56.698,56.437,56.504,293042,"(56.025, 56.812]","(56.199, 56.986]","(55.836, 56.627]","(56.058, 56.851]","(288329.643, 304002.686]"
2016-05-27,56.427,56.619,56.427,56.572,365745,"(56.025, 56.812]","(56.199, 56.986]","(55.836, 56.627]","(56.058, 56.851]","(351021.814, 366694.857]"
2016-05-31,56.726,56.831,56.374,56.553,749543,"(56.025, 56.812]","(56.199, 56.986]","(55.836, 56.627]","(56.058, 56.851]","(742847.886, 758520.929]"
2016-06-01,56.369,56.688,56.252,56.658,220334,"(56.025, 56.812]","(56.199, 56.986]","(55.836, 56.627]","(56.058, 56.851]","(209964.429, 225637.471]"
2016-06-02,56.456,56.792,56.349,56.792,300662,"(56.025, 56.812]","(56.199, 56.986]","(55.836, 56.627]","(56.058, 56.851]","(288329.643, 304002.686]"
2016-06-03,56.802,57.005,56.528,56.976,431037,"(56.025, 56.812]","(56.986, 57.772]","(55.836, 56.627]","(56.851, 57.644]","(429387.029, 445060.071]"
2016-06-06,57.024,57.381,57.024,57.285,531052,"(56.812, 57.598]","(56.986, 57.772]","(56.627, 57.417]","(56.851, 57.644]","(523425.286, 539098.329]"
2016-06-07,57.544,57.748,57.517,57.641,263790,"(56.812, 57.598]","(56.986, 57.772]","(57.417, 58.208]","(56.851, 57.644]","(256983.557, 272656.6]"
2016-06-08,57.759,57.858,57.661,57.794,311113,"(57.598, 58.385]","(57.772, 58.559]","(57.417, 58.208]","(57.644, 58.437]","(304002.686, 319675.729]"
2016-06-09,57.419,57.478,57.227,57.419,471408,"(56.812, 57.598]","(56.986, 57.772]","(56.627, 57.417]","(56.851, 57.644]","(460733.114, 476406.157]"
2016-06-10,56.783,56.783,56.233,56.349,350208,"(56.025, 56.812]","(56.199, 56.986]","(55.836, 56.627]","(56.058, 56.851]","(335348.771, 351021.814]"
2016-06-13,56.012,56.282,55.742,55.799,702458,"(55.238, 56.025]","(56.199, 56.986]","(55.045, 55.836]","(55.265, 56.058]","(695828.757, 711501.8]"
2016-06-14,55.563,55.659,55.096,55.397,667215,"(55.238, 56.025]","(55.412, 56.199]","(55.045, 55.836]","(55.265, 56.058]","(664482.671, 680155.714]"
2016-06-16,55.038,55.689,54.746,55.669,971929,"(54.451, 55.238]","(55.412, 56.199]","(54.255, 55.045]","(55.265, 56.058]","(962270.486, 977943.529]"
2016-06-17,55.786,55.884,55.427,55.777,569192,"(55.238, 56.025]","(55.412, 56.199]","(55.045, 55.836]","(55.265, 56.058]","(554771.371, 570444.414]"
2016-06-20,56.768,56.934,56.525,56.545,629318,"(56.025, 56.812]","(56.199, 56.986]","(55.836, 56.627]","(56.058, 56.851]","(617463.543, 633136.586]"
2016-06-21,56.778,57.001,56.56,56.787,456009,"(56.025, 56.812]","(56.986, 57.772]","(55.836, 56.627]","(56.058, 56.851]","(445060.071, 460733.114]"
2016-06-22,56.895,57.118,56.681,56.691,935725,"(56.812, 57.598]","(56.986, 57.772]","(56.627, 57.417]","(56.058, 56.851]","(930924.4, 946597.443]"
2016-06-23,57.419,57.827,57.264,57.827,726255,"(56.812, 57.598]","(57.772, 58.559]","(56.627, 57.417]","(57.644, 58.437]","(711501.8, 727174.843]"
2016-06-28,54.386,54.746,54.184,54.746,716588,"(53.664, 54.451]","(54.625, 55.412]","(53.464, 54.255]","(54.472, 55.265]","(711501.8, 727174.843]"
2016-06-29,55.29,55.81,55.26,55.739,473736,"(55.238, 56.025]","(55.412, 56.199]","(55.045, 55.836]","(55.265, 56.058]","(460733.114, 476406.157]"
2016-07-01,56.496,56.811,56.496,56.705,873110,"(56.025, 56.812]","(56.199, 56.986]","(55.836, 56.627]","(56.058, 56.851]","(868232.229, 883905.271]"
2016-07-05,56.292,56.292,55.767,55.942,521048,"(56.025, 56.812]","(56.199, 56.986]","(55.045, 55.836]","(55.265, 56.058]","(507752.243, 523425.286]"
2016-07-06,55.64,56.097,55.339,56.087,624562,"(55.238, 56.025]","(55.412, 56.199]","(55.045, 55.836]","(56.058, 56.851]","(617463.543, 633136.586]"
2016-07-07,56.157,56.37,55.748,55.922,615598,"(56.025, 56.812]","(56.199, 56.986]","(55.045, 55.836]","(55.265, 56.058]","(601790.5, 617463.543]"
2016-07-08,56.38,56.865,56.38,56.816,436020,"(56.025, 56.812]","(56.199, 56.986]","(55.836, 56.627]","(56.058, 56.851]","(429387.029, 445060.071]"
2016-07-11,57.167,57.471,57.167,57.333,542152,"(56.812, 57.598]","(56.986, 57.772]","(56.627, 57.417]","(56.851, 57.644]","(539098.329, 554771.371]"
2016-07-12,57.797,58.001,57.692,57.857,546029,"(57.598, 58.385]","(57.772, 58.559]","(57.417, 58.208]","(57.644, 58.437]","(539098.329, 554771.371]"
2016-07-13,57.954,58.003,57.662,57.827,619814,"(57.598, 58.385]","(57.772, 58.559]","(57.417, 58.208]","(57.644, 58.437]","(617463.543, 633136.586]"
2016-07-14,58.168,58.382,58.149,58.246,340792,"(57.598, 58.385]","(57.772, 58.559]","(57.417, 58.208]","(57.644, 58.437]","(335348.771, 351021.814]"
2016-07-15,58.303,58.313,58.013,58.139,224643,"(57.598, 58.385]","(57.772, 58.559]","(57.417, 58.208]","(57.644, 58.437]","(209964.429, 225637.471]"
2016-07-18,58.05,58.313,57.993,58.276,718765,"(57.598, 58.385]","(57.772, 58.559]","(57.417, 58.208]","(57.644, 58.437]","(711501.8, 727174.843]"
2016-07-19,58.06,58.06,57.857,57.964,380907,"(57.598, 58.385]","(57.772, 58.559]","(57.417, 58.208]","(57.644, 58.437]","(366694.857, 382367.9]"
2016-07-21,58.246,58.362,57.979,58.11,702144,"(57.598, 58.385]","(57.772, 58.559]","(57.417, 58.208]","(57.644, 58.437]","(695828.757, 711501.8]"
2016-07-22,58.216,58.323,58.08,58.313,275693,"(57.598, 58.385]","(57.772, 58.559]","(57.417, 58.208]","(57.644, 58.437]","(272656.6, 288329.643]"
2016-07-25,58.276,58.294,57.989,58.139,345530,"(57.598, 58.385]","(57.772, 58.559]","(57.417, 58.208]","(57.644, 58.437]","(335348.771, 351021.814]"
2016-07-26,58.178,58.46,58.11,58.372,353930,"(57.598, 58.385]","(57.772, 58.559]","(57.417, 58.208]","(57.644, 58.437]","(351021.814, 366694.857]"
2016-07-27,58.42,58.528,58.08,58.382,470921,"(58.385, 59.172]","(57.772, 58.559]","(57.417, 58.208]","(57.644, 58.437]","(460733.114, 476406.157]"
2016-07-28,58.362,58.518,58.178,58.45,269593,"(57.598, 58.385]","(57.772, 58.559]","(57.417, 58.208]","(58.437, 59.23]","(256983.557, 272656.6]"
2016-07-29,58.508,58.858,58.43,58.771,329337,"(58.385, 59.172]","(58.559, 59.346]","(58.208, 58.999]","(58.437, 59.23]","(319675.729, 335348.771]"
2016-08-01,58.722,58.828,58.489,58.566,320693,"(58.385, 59.172]","(58.559, 59.346]","(58.208, 58.999]","(58.437, 59.23]","(319675.729, 335348.771]"
2016-08-02,58.47,58.566,57.964,58.196,566870,"(58.385, 59.172]","(58.559, 59.346]","(57.417, 58.208]","(57.644, 58.437]","(554771.371, 570444.414]"
2016-08-03,57.984,58.313,57.944,58.313,562919,"(57.598, 58.385]","(57.772, 58.559]","(57.417, 58.208]","(57.644, 58.437]","(554771.371, 570444.414]"
2016-08-04,58.411,58.508,58.236,58.42,350242,"(58.385, 59.172]","(57.772, 58.559]","(58.208, 58.999]","(57.644, 58.437]","(335348.771, 351021.814]"
2016-08-05,58.576,58.901,58.538,58.877,248136,"(58.385, 59.172]","(58.559, 59.346]","(58.208, 58.999]","(58.437, 59.23]","(241310.514, 256983.557]"
2016-08-08,58.965,59.053,58.906,58.955,550722,"(58.385, 59.172]","(58.559, 59.346]","(58.208, 58.999]","(58.437, 59.23]","(539098.329, 554771.371]"
2016-08-09,59.062,59.32,59.062,59.19,927546,"(58.385, 59.172]","(58.559, 59.346]","(58.999, 59.789]","(58.437, 59.23]","(915251.357, 930924.4]"
2016-08-11,59.353,59.644,59.32,59.597,783663,"(59.172, 59.959]","(59.346, 60.132]","(58.999, 59.789]","(59.23, 60.023]","(774193.971, 789867.014]"
2016-08-12,59.539,59.597,59.343,59.471,306689,"(59.172, 59.959]","(59.346, 60.132]","(58.999, 59.789]","(59.23, 60.023]","(304002.686, 319675.729]"
2016-08-15,59.654,59.856,59.651,59.753,185092,"(59.172, 59.959]","(59.346, 60.132]","(58.999, 59.789]","(59.23, 60.023]","(178618.343, 194291.386]"
2016-08-16,59.674,59.674,59.499,59.519,963659,"(59.172, 59.959]","(59.346, 60.132]","(58.999, 59.789]","(59.23, 60.023]","(962270.486, 977943.529]"
2016-08-17,59.402,59.529,59.108,59.499,531914,"(59.172, 59.959]","(59.346, 60.132]","(58.999, 59.789]","(59.23, 60.023]","(523425.286, 539098.329]"
2016-08-18,59.499,59.743,59.475,59.743,222493,"(59.172, 59.959]","(59.346, 60.132]","(58.999, 59.789]","(59.23, 60.023]","(209964.429, 225637.471]"
2016-08-19,59.363,59.549,59.247,59.529,218237,"(59.172, 59.959]","(59.346, 60.132]","(58.999, 59.789]","(59.23, 60.023]","(209964.429, 225637.471]"
2016-08-22,59.393,59.487,59.203,59.442,564278,"(59.172, 59.959]","(59.346, 60.132]","(58.999, 59.789]","(59.23, 60.023]","(554771.371, 570444.414]"
2016-08-23,59.684,59.849,59.608,59.625,530662,"(59.172, 59.959]","(59.346, 60.132]","(58.999, 59.789]","(59.23, 60.023]","(523425.286, 539098.329]"
2016-08-24,59.597,59.597,59.217,59.306,406479,"(59.172, 59.959]","(59.346, 60.132]","(58.999, 59.789]","(59.23, 60.023]","(398040.943, 413713.986]"
2016-08-25,59.266,59.414,59.192,59.286,253224,"(59.172, 59.959]","(59.346, 60.132]","(58.999, 59.789]","(59.23, 60.023]","(241310.514, 256983.557]"
2016-08-26,59.296,59.753,58.758,59.024,591193,"(59.172, 59.959]","(59.346, 60.132]","(58.208, 58.999]","(58.437, 59.23]","(586117.457, 601790.5]"
2016-08-29,59.071,59.412,59.062,59.343,287238,"(58.385, 59.172]","(59.346, 60.132]","(58.999, 59.789]","(59.23, 60.023]","(272656.6, 288329.643]"
2016-08-30,59.343,59.402,59.078,59.227,305492,"(59.172, 59.959]","(59.346, 60.132]","(58.999, 59.789]","(58.437, 59.23]","(304002.686, 319675.729]"
2016-08-31,59.14,59.16,58.762,58.994,302048,"(58.385, 59.172]","(58.559, 59.346]","(58.208, 58.999]","(58.437, 59.23]","(288329.643, 304002.686]"
2016-09-01,59.1,59.219,58.858,59.198,618722,"(58.385, 59.172]","(58.559, 59.346]","(58.208, 58.999]","(58.437, 59.23]","(617463.543, 633136.586]"
2016-09-02,59.559,59.801,59.549,59.734,478153,"(59.172, 59.959]","(59.346, 60.132]","(58.999, 59.789]","(59.23, 60.023]","(476406.157, 492079.2]"
2016-09-06,59.829,60.112,59.792,60.112,311424,"(59.172, 59.959]","(59.346, 60.132]","(59.789, 60.58]","(60.023, 60.816]","(304002.686, 319675.729]"
2016-09-07,60.151,60.258,59.987,60.19,748735,"(59.959, 60.746]","(60.132, 60.919]","(59.789, 60.58]","(60.023, 60.816]","(742847.886, 758520.929]"
2016-09-08,60.092,60.151,59.907,59.957,768543,"(59.959, 60.746]","(60.132, 60.919]","(59.789, 60.58]","(59.23, 60.023]","(758520.929, 774193.971]"
2016-09-09,59.479,59.479,58.479,58.479,575259,"(59.172, 59.959]","(59.346, 60.132]","(58.208, 58.999]","(58.437, 59.23]","(570444.414, 586117.457]"
2016-09-12,58.216,59.237,58.041,59.16,932746,"(57.598, 58.385]","(58.559, 59.346]","(57.417, 58.208]","(58.437, 59.23]","(930924.4, 946597.443]"
2016-09-13,58.642,58.642,57.831,58.046,775148,"(58.385, 59.172]","(58.559, 59.346]","(57.417, 58.208]","(57.644, 58.437]","(774193.971, 789867.014]"
2016-09-14,58.055,58.466,57.919,58.037,652777,"(57.598, 58.385]","(57.772, 58.559]","(57.417, 58.208]","(57.644, 58.437]","(648809.629, 664482.671]"
2016-09-15,58.125,58.799,58.008,58.711,388063,"(57.598, 58.385]","(58.559, 59.346]","(57.417, 58.208]","(58.437, 59.23]","(382367.9, 398040.943]"
2016-09-16,58.369,58.369,58.055,58.232,366876,"(57.598, 58.385]","(57.772, 58.559]","(57.417, 58.208]","(57.644, 58.437]","(366694.857, 382367.9]"
2016-09-19,58.632,58.808,58.339,58.437,311891,"(58.385, 59.172]","(58.559, 59.346]","(58.208, 58.999]","(57.644, 58.437]","(304002.686, 319675.729]"
2016-09-20,58.817,58.862,58.546,58.584,462157,"(58.385, 59.172]","(58.559, 59.346]","(58.208, 58.999]","(58.437, 59.23]","(460733.114, 476406.157]"
2016-09-21,58.946,59.522,58.741,59.464,640987,"(58.385, 59.172]","(59.346, 60.132]","(58.208, 58.999]","(59.23, 60.023]","(633136.586, 648809.629]"
2016-09-22,59.883,60.118,59.747,59.864,951906,"(59.172, 59.959]","(59.346, 60.132]","(58.999, 59.789]","(59.23, 60.023]","(946597.443, 962270.486]"
2016-09-23,59.638,59.658,59.394,59.424,342651,"(59.172, 59.959]","(59.346, 60.132]","(58.999, 59.789]","(59.23, 60.023]","(335348.771, 351021.814]"
2016-09-26,59.121,59.141,58.867,58.887,511631,"(58.385, 59.172]","(58.559, 59.346]","(58.208, 58.999]","(58.437, 59.23]","(507752.243, 523425.286]"
2016-09-27,58.837,59.288,58.761,59.258,864176,"(58.385, 59.172]","(58.559, 59.346]","(58.208, 58.999]","(59.23, 60.023]","(852559.186, 868232.229]"
2016-09-28,59.288,59.668,59.014,59.648,323568,"(59.172, 59.959]","(59.346, 60.132]","(58.999, 59.789]","(59.23, 60.023]","(319675.729, 335348.771]"
2016-09-29,59.6,59.688,58.847,59.044,397378,"(59.172, 59.959]","(59.346, 60.132]","(58.208, 58.999]","(58.437, 59.23]","(382367.9, 398040.943]"
2016-09-30,59.141,59.618,59.101,59.454,419644,"(58.385, 59.172]","(59.346, 60.132]","(58.999, 59.789]","(59.23, 60.023]","(413713.986, 429387.029]"
2016-10-03,59.298,59.404,59.156,59.355,358535,"(59.172, 59.959]","(59.346, 60.132]","(58.999, 59.789]","(59.23, 60.023]","(351021.814, 366694.857]"
2016-10-05,59.317,59.581,59.317,59.492,960870,"(59.172, 59.959]","(59.346, 60.132]","(58.999, 59.789]","(59.23, 60.023]","(946597.443, 962270.486]"
2016-10-06,59.288,59.355,59.044,59.317,524907,"(59.172, 59.959]","(59.346, 60.132]","(58.999, 59.789]","(59.23, 60.023]","(523425.286, 539098.329]"
2016-10-07,59.308,59.375,58.761,59.091,370787,"(59.172, 59.959]","(59.346, 60.132]","(58.208, 58.999]","(58.437, 59.23]","(366694.857, 382367.9]"
2016-10-10,59.248,59.516,59.238,59.345,677614,"(59.172, 59.959]","(59.346, 60.132]","(58.999, 59.789]","(59.23, 60.023]","(664482.671, 680155.714]"
2016-10-11,59.081,59.091,58.272,58.447,669903,"(58.385, 59.172]","(58.559, 59.346]","(58.208, 58.999]","(58.437, 59.23]","(664482.671, 680155.714]"
2016-10-12,58.418,58.672,58.339,58.526,606397,"(58.385, 59.172]","(58.559, 59.346]","(58.208, 58.999]","(58.437, 59.23]","(601790.5, 617463.543]"
2016-10-14,58.642,58.731,58.272,58.282,572455,"(58.385, 59.172]","(58.559, 59.346]","(58.208, 58.999]","(57.644, 58.437]","(570444.414, 586117.457]"
2016-10-17,58.252,58.3,58.037,58.105,289704,"(57.598, 58.385]","(57.772, 58.559]","(57.417, 58.208]","(57.644, 58.437]","(288329.643, 304002.686]"
2016-10-18,58.721,58.744,58.496,58.613,328929,"(58.385, 59.172]","(58.559, 59.346]","(58.208, 58.999]","(58.437, 59.23]","(319675.729, 335348.771]"
2016-10-19,58.77,58.946,58.652,58.867,866951,"(58.385, 59.172]","(58.559, 59.346]","(58.208, 58.999]","(58.437, 59.23]","(852559.186, 868232.229]"
2016-10-20,58.827,58.965,58.613,58.837,597262,"(58.385, 59.172]","(58.559, 59.346]","(58.208, 58.999]","(58.437, 59.23]","(586117.457, 601790.5]"
2016-10-21,58.536,58.77,58.408,58.711,328277,"(58.385, 59.172]","(58.559, 59.346]","(58.208, 58.999]","(58.437, 59.23]","(319675.729, 335348.771]"
2016-10-24,58.994,59.062,58.761,58.906,929638,"(58.385, 59.172]","(58.559, 59.346]","(58.208, 58.999]","(58.437, 59.23]","(915251.357, 930924.4]"
2016-10-25,58.906,58.906,58.652,58.751,280663,"(58.385, 59.172]","(58.559, 59.346]","(58.208, 58.999]","(58.437, 59.23]","(272656.6, 288329.643]"
2016-10-26,58.506,58.701,58.359,58.496,714004,"(58.385, 59.172]","(58.559, 59.346]","(58.208, 58.999]","(58.437, 59.23]","(711501.8, 727174.843]"
2016-10-27,58.701,58.761,58.359,58.389,326895,"(58.385, 59.172]","(58.559, 59.346]","(58.208, 58.999]","(57.644, 58.437]","(319675.729, 335348.771]"
2016-10-28,58.31,58.506,58.055,58.212,435970,"(57.598, 58.385]","(57.772, 58.559]","(57.417, 58.208]","(57.644, 58.437]","(429387.029, 445060.071]"
2016-10-31,58.349,58.399,58.174,58.282,645774,"(57.598, 58.385]","(57.772, 58.559]","(57.417, 58.208]","(57.644, 58.437]","(633136.586, 648809.629]"
2016-11-01,58.398,58.476,57.607,57.929,538517,"(58.385, 59.172]","(57.772, 58.559]","(57.417, 58.208]","(57.644, 58.437]","(523425.286, 539098.329]"
2016-11-02,57.871,57.917,57.411,57.528,1001507,"(57.598, 58.385]","(57.772, 58.559]","(56.627, 57.417]","(56.851, 57.644]","(993616.571, 1009289.614]"
2016-11-03,57.607,57.685,57.255,57.372,435121,"(57.598, 58.385]","(56.986, 57.772]","(56.627, 57.417]","(56.851, 57.644]","(429387.029, 445060.071]"
2016-11-04,57.235,57.431,57.059,57.069,891608,"(56.812, 57.598]","(56.986, 57.772]","(56.627, 57.417]","(56.851, 57.644]","(883905.271, 899578.314]"
2016-11-07,57.871,58.212,57.861,58.212,497490,"(57.598, 58.385]","(57.772, 58.559]","(57.417, 58.208]","(57.644, 58.437]","(492079.2, 507752.243]"
2016-11-08,58.135,58.613,57.969,58.467,938275,"(57.598, 58.385]","(58.559, 59.346]","(57.417, 58.208]","(58.437, 59.23]","(930924.4, 946597.443]"
2016-11-09,57.881,58.799,57.841,58.564,904990,"(57.598, 58.385]","(58.559, 59.346]","(57.417, 58.208]","(58.437, 59.23]","(899578.314, 915251.357]"
2016-11-10,58.701,58.897,58.085,58.418,791936,"(58.385, 59.172]","(58.559, 59.346]","(57.417, 58.208]","(57.644, 58.437]","(789867.014, 805540.057]"
2016-11-11,58.145,58.418,57.801,58.095,854018,"(57.598, 58.385]","(57.772, 58.559]","(57.417, 58.208]","(57.644, 58.437]","(852559.186, 868232.229]"
2016-11-14,58.085,58.145,57.851,58.075,389821,"(57.598, 58.385]","(57.772, 58.559]","(57.417, 58.208]","(57.644, 58.437]","(382367.9, 398040.943]"
2016-11-15,58.135,58.622,58.135,58.622,603893,"(57.598, 58.385]","(58.559, 59.346]","(57.417, 58.208]","(58.437, 59.23]","(601790.5, 617463.543]"
2016-11-16,58.212,58.369,58.174,58.31,541266,"(57.598, 58.385]","(57.772, 58.559]","(57.417, 58.208]","(57.644, 58.437]","(539098.329, 554771.371]"
2016-11-17,58.467,58.711,58.418,58.632,356728,"(58.385, 59.172]","(58.559, 59.346]","(58.208, 58.999]","(58.437, 59.23]","(351021.814, 366694.857]"
2016-11-18,58.506,58.613,58.272,58.339,522227,"(58.385, 59.172]","(58.559, 59.346]","(58.208, 58.999]","(57.644, 58.437]","(507752.243, 523425.286]"
2016-11-21,58.516,58.877,58.516,58.877,604355,"(58.385, 59.172]","(58.559, 59.346]","(58.208, 58.999]","(58.437, 59.23]","(601790.5, 617463.543]"
2016-11-22,58.994,59.049,58.78,59.014,691039,"(58.385, 59.172]","(58.559, 59.346]","(58.208, 58.999]","(58.437, 59.23]","(680155.714, 695828.757]"
2016-11-23,58.584,58.975,58.584,58.965,343538,"(58.385, 59.172]","(58.559, 59.346]","(58.208, 58.999]","(58.437, 59.23]","(335348.771, 351021.814]"
2016-11-25,59.044,59.181,59.044,59.181,179949,"(58.385, 59.172]","(58.559, 59.346]","(58.999, 59.789]","(58.437, 59.23]","(178618.343, 194291.386]"
2016-11-28,59.062,59.153,58.897,58.946,689333,"(58.385, 59.172]","(58.559, 59.346]","(58.208, 58.999]","(58.437, 59.23]","(680155.714, 695828.757]"
2016-11-29,58.847,59.199,58.79,59.062,812772,"(58.385, 59.172]","(58.559, 59.346]","(58.208, 58.999]","(58.437, 59.23]","(805540.057, 821213.1]"
2016-11-30,59.298,59.317,58.975,58.975,1079248,"(59.172, 59.959]","(58.559, 59.346]","(58.208, 58.999]","(58.437, 59.23]","(1071981.786, 1087654.829]"
2016-12-02,58.761,58.965,58.662,58.837,875142,"(58.385, 59.172]","(58.559, 59.346]","(58.208, 58.999]","(58.437, 59.23]","(868232.229, 883905.271]"
2016-12-05,59.091,59.298,59.014,59.268,826828,"(58.385, 59.172]","(58.559, 59.346]","(58.999, 59.789]","(59.23, 60.023]","(821213.1, 836886.143]"
2016-12-06,59.355,59.591,59.248,59.562,556084,"(59.172, 59.959]","(59.346, 60.132]","(58.999, 59.789]","(59.23, 60.023]","(554771.371, 570444.414]"
2016-12-07,59.591,60.45,59.591,60.382,697581,"(59.172, 59.959]","(60.132, 60.919]","(58.999, 59.789]","(60.023, 60.816]","(695828.757, 711501.8]"
2016-12-08,60.333,60.625,60.263,60.548,930504,"(59.959, 60.746]","(60.132, 60.919]","(59.789, 60.58]","(60.023, 60.816]","(915251.357, 930924.4]"
2016-12-12,60.645,60.783,60.43,60.538,810301,"(59.959, 60.746]","(60.132, 60.919]","(59.789, 60.58]","(60.023, 60.816]","(805540.057, 821213.1]"
2016-12-13,60.811,61.174,60.811,61.027,810425,"(60.746, 61.533]","(60.919, 61.706]","(60.58, 61.371]","(60.816, 61.609]","(805540.057, 821213.1]"
2016-12-14,60.9,60.968,60.192,60.235,862696,"(60.746, 61.533]","(60.919, 61.706]","(59.789, 60.58]","(60.023, 60.816]","(852559.186, 868232.229]"
2016-12-15,60.255,60.489,60.128,60.342,1065875,"(59.959, 60.746]","(60.132, 60.919]","(59.789, 60.58]","(60.023, 60.816]","(1056308.743, 1071981.786]"
2016-12-16,60.44,60.45,60.195,60.284,965118,"(59.959, 60.746]","(60.132, 60.919]","(59.789, 60.58]","(60.023, 60.816]","(962270.486, 977943.529]"
2016-12-19,60.352,60.548,60.245,60.333,380020,"(59.959, 60.746]","(60.132, 60.919]","(59.789, 60.58]","(60.023, 60.816]","(366694.857, 382367.9]"
2016-12-20,60.477,60.567,60.379,60.567,625960,"(59.959, 60.746]","(60.132, 60.919]","(59.789, 60.58]","(60.023, 60.816]","(617463.543, 633136.586]"
2016-12-22,60.349,60.378,60.133,60.231,489447,"(59.959, 60.746]","(60.132, 60.919]","(59.789, 60.58]","(60.023, 60.816]","(476406.157, 492079.2]"
2016-12-23,60.291,60.349,60.221,60.331,453909,"(59.959, 60.746]","(60.132, 60.919]","(59.789, 60.58]","(60.023, 60.816]","(445060.071, 460733.114]"
2016-12-28,60.547,60.547,60.059,60.093,527164,"(59.959, 60.746]","(60.132, 60.919]","(59.789, 60.58]","(60.023, 60.816]","(523425.286, 539098.329]"
2017-01-03,60.487,60.644,60.281,60.537,926010,"(59.959, 60.746]","(60.132, 60.919]","(59.789, 60.58]","(60.023, 60.816]","(915251.357, 930924.4]"
2017-01-04,60.744,61.088,60.714,61.088,747520,"(59.959, 60.746]","(60.919, 61.706]","(60.58, 61.371]","(60.816, 61.609]","(742847.886, 758520.929]"
2017-01-05,61.157,61.334,61.127,61.285,493336,"(60.746, 61.533]","(60.919, 61.706]","(60.58, 61.371]","(60.816, 61.609]","(492079.2, 507752.243]"
2017-01-06,61.295,61.402,61.107,61.295,667795,"(60.746, 61.533]","(60.919, 61.706]","(60.58, 61.371]","(60.816, 61.609]","(664482.671, 680155.714]"
2017-01-09,61.235,61.235,61.029,61.127,536832,"(60.746, 61.533]","(60.919, 61.706]","(60.58, 61.371]","(60.816, 61.609]","(523425.286, 539098.329]"
2017-01-10,61.127,61.36,61.127,61.187,336030,"(60.746, 61.533]","(60.919, 61.706]","(60.58, 61.371]","(60.816, 61.609]","(335348.771, 351021.814]"
2017-01-11,61.205,61.521,61.048,61.521,492759,"(60.746, 61.533]","(60.919, 61.706]","(60.58, 61.371]","(60.816, 61.609]","(492079.2, 507752.243]"
2017-01-12,61.531,61.531,61.078,61.402,549170,"(60.746, 61.533]","(60.919, 61.706]","(60.58, 61.371]","(60.816, 61.609]","(539098.329, 554771.371]"
2017-01-13,61.501,61.628,61.442,61.609,392656,"(60.746, 61.533]","(60.919, 61.706]","(61.371, 62.161]","(61.609, 62.402]","(382367.9, 398040.943]"
2017-01-17,61.491,61.521,61.305,61.422,656696,"(60.746, 61.533]","(60.919, 61.706]","(60.58, 61.371]","(60.816, 61.609]","(648809.629, 664482.671]"
2017-01-18,61.373,61.442,61.245,61.354,532295,"(60.746, 61.533]","(60.919, 61.706]","(60.58, 61.371]","(60.816, 61.609]","(523425.286, 539098.329]"
2017-01-19,61.373,61.412,61.029,61.205,551182,"(60.746, 61.533]","(60.919, 61.706]","(60.58, 61.371]","(60.816, 61.609]","(539098.329, 554771.371]"
2017-01-20,61.344,61.462,61.205,61.412,421332,"(60.746, 61.533]","(60.919, 61.706]","(60.58, 61.371]","(60.816, 61.609]","(413713.986, 429387.029]"
2017-01-23,61.432,61.472,61.177,61.412,535224,"(60.746, 61.533]","(60.919, 61.706]","(60.58, 61.371]","(60.816, 61.609]","(523425.286, 539098.329]"
2017-01-24,61.511,61.895,61.472,61.836,510405,"(60.746, 61.533]","(61.706, 62.493]","(61.371, 62.161]","(61.609, 62.402]","(507752.243, 523425.286]"
2017-01-25,62.062,62.387,62.062,62.387,494242,"(61.533, 62.32]","(61.706, 62.493]","(61.371, 62.161]","(61.609, 62.402]","(492079.2, 507752.243]"
2017-01-26,62.387,62.398,62.229,62.259,444585,"(62.32, 63.107]","(61.706, 62.493]","(62.161, 62.952]","(61.609, 62.402]","(429387.029, 445060.071]"
2017-01-27,62.259,62.319,62.105,62.181,477984,"(61.533, 62.32]","(61.706, 62.493]","(61.371, 62.161]","(61.609, 62.402]","(476406.157, 492079.2]"
2017-01-31,61.658,61.875,61.561,61.846,806641,"(61.533, 62.32]","(61.706, 62.493]","(61.371, 62.161]","(61.609, 62.402]","(805540.057, 821213.1]"
2017-02-03,62.249,62.431,62.141,62.368,758847,"(61.533, 62.32]","(61.706, 62.493]","(61.371, 62.161]","(61.609, 62.402]","(758520.929, 774193.971]"
2017-02-06,62.112,62.181,61.994,62.151,643109,"(61.533, 62.32]","(61.706, 62.493]","(61.371, 62.161]","(61.609, 62.402]","(633136.586, 648809.629]"
2017-02-07,62.171,62.199,62.018,62.112,350863,"(61.533, 62.32]","(61.706, 62.493]","(61.371, 62.161]","(61.609, 62.402]","(335348.771, 351021.814]"
2017-02-08,62.062,62.218,61.921,62.19,1016721,"(61.533, 62.32]","(61.706, 62.493]","(61.371, 62.161]","(61.609, 62.402]","(1009289.614, 1024962.657]"
2017-02-09,62.259,62.595,62.209,62.505,611573,"(61.533, 62.32]","(62.493, 63.279]","(62.161, 62.952]","(62.402, 63.195]","(601790.5, 617463.543]"
2017-02-10,62.642,62.86,62.595,62.82,712707,"(62.32, 63.107]","(62.493, 63.279]","(62.161, 62.952]","(62.402, 63.195]","(711501.8, 727174.843]"
2017-02-13,63.037,63.213,63.017,63.136,835488,"(62.32, 63.107]","(62.493, 63.279]","(62.952, 63.743]","(62.402, 63.195]","(821213.1, 836886.143]"
2017-02-14,63.066,63.263,62.85,63.263,1039634,"(62.32, 63.107]","(62.493, 63.279]","(62.161, 62.952]","(63.195, 63.988]","(1024962.657, 1040635.7]"
2017-02-16,63.599,63.706,63.44,63.647,405444,"(63.107, 63.894]","(63.279, 64.066]","(62.952, 63.743]","(63.195, 63.988]","(398040.943, 413713.986]"
2017-02-17,63.323,63.617,63.323,63.617,858004,"(63.107, 63.894]","(63.279, 64.066]","(62.952, 63.743]","(63.195, 63.988]","(852559.186, 868232.229]"
2017-02-21,63.706,63.982,63.666,63.952,490612,"(63.107, 63.894]","(63.279, 64.066]","(62.952, 63.743]","(63.195, 63.988]","(476406.157, 492079.2]"
2017-02-22,63.874,63.972,63.751,63.942,574178,"(63.107, 63.894]","(63.279, 64.066]","(63.743, 64.533]","(63.195, 63.988]","(570444.414, 586117.457]"
2017-02-23,64.041,64.169,63.785,63.942,874871,"(63.894, 64.681]","(64.066, 64.853]","(63.743, 64.533]","(63.195, 63.988]","(868232.229, 883905.271]"
2017-02-24,63.589,63.804,63.47,63.804,399636,"(63.107, 63.894]","(63.279, 64.066]","(62.952, 63.743]","(63.195, 63.988]","(398040.943, 413713.986]"
2017-03-01,64.021,64.423,63.932,64.287,769798,"(63.894, 64.681]","(64.066, 64.853]","(63.743, 64.533]","(63.988, 64.781]","(758520.929, 774193.971]"
2017-03-02,64.179,64.179,63.804,63.814,856500,"(63.894, 64.681]","(64.066, 64.853]","(63.743, 64.533]","(63.195, 63.988]","(852559.186, 868232.229]"
2017-03-03,63.795,64.09,63.736,64.05,959775,"(63.107, 63.894]","(64.066, 64.853]","(62.952, 63.743]","(63.988, 64.781]","(946597.443, 962270.486]"
2017-03-06,63.834,63.932,63.701,63.874,353248,"(63.107, 63.894]","(63.279, 64.066]","(62.952, 63.743]","(63.195, 63.988]","(351021.814, 366694.857]"
2017-03-07,63.765,63.814,63.617,63.666,562385,"(63.107, 63.894]","(63.279, 64.066]","(62.952, 63.743]","(63.195, 63.988]","(554771.371, 570444.414]"
2017-03-13,63.972,64.12,63.962,64.11,679478,"(63.894, 64.681]","(64.066, 64.853]","(63.743, 64.533]","(63.988, 64.781]","(664482.671, 680155.714]"
2017-03-14,63.864,63.864,63.603,63.765,764154,"(63.107, 63.894]","(63.279, 64.066]","(62.952, 63.743]","(63.195, 63.988]","(758520.929, 774193.971]"
2017-03-15,63.864,64.636,63.864,64.543,744346,"(63.107, 63.894]","(64.066, 64.853]","(63.743, 64.533]","(63.988, 64.781]","(742847.886, 758520.929]"
2017-03-16,64.74,64.779,64.523,64.641,915468,"(64.681, 65.468]","(64.066, 64.853]","(63.743, 64.533]","(63.988, 64.781]","(915251.357, 930924.4]"
2017-03-17,64.73,64.818,64.593,64.661,374204,"(64.681, 65.468]","(64.066, 64.853]","(64.533, 65.324]","(63.988, 64.781]","(366694.857, 382367.9]"
2017-03-20,64.69,64.768,64.488,64.573,648618,"(64.681, 65.468]","(64.066, 64.853]","(63.743, 64.533]","(63.988, 64.781]","(633136.586, 648809.629]"
2017-03-21,64.828,64.926,63.884,63.932,531492,"(64.681, 65.468]","(64.853, 65.639]","(63.743, 64.533]","(63.195, 63.988]","(523425.286, 539098.329]"
2017-03-23,63.972,64.25,63.875,63.992,611917,"(63.894, 64.681]","(64.066, 64.853]","(63.743, 64.533]","(63.988, 64.781]","(601790.5, 617463.543]"
2017-03-28,64.169,64.612,64.12,64.543,771671,"(63.894, 64.681]","(64.066, 64.853]","(63.743, 64.533]","(63.988, 64.781]","(758520.929, 774193.971]"
2017-03-29,64.467,64.654,64.34,64.634,428895,"(63.894, 64.681]","(64.066, 64.853]","(63.743, 64.533]","(63.988, 64.781]","(413713.986, 429387.029]"
2017-03-30,64.566,64.739,64.527,64.605,514211,"(63.894, 64.681]","(64.066, 64.853]","(63.743, 64.533]","(63.988, 64.781]","(507752.243, 523425.286]"
2017-03-31,64.437,64.61,64.366,64.447,667165,"(63.894, 64.681]","(64.066, 64.853]","(63.743, 64.533]","(63.988, 64.781]","(664482.671, 680155.714]"
2017-04-03,64.516,64.546,63.993,64.388,669958,"(63.894, 64.681]","(64.066, 64.853]","(63.743, 64.533]","(63.988, 64.781]","(664482.671, 680155.714]"
2017-04-04,64.249,64.427,64.141,64.427,299165,"(63.894, 64.681]","(64.066, 64.853]","(63.743, 64.533]","(63.988, 64.781]","(288329.643, 304002.686]"
2017-04-05,64.556,64.793,64.141,64.181,861620,"(63.894, 64.681]","(64.066, 64.853]","(63.743, 64.533]","(63.988, 64.781]","(852559.186, 868232.229]"
2017-04-06,64.229,64.378,64.091,64.279,535092,"(63.894, 64.681]","(64.066, 64.853]","(63.743, 64.533]","(63.988, 64.781]","(523425.286, 539098.329]"
2017-04-07,64.2,64.358,64.121,64.2,596675,"(63.894, 64.681]","(64.066, 64.853]","(63.743, 64.533]","(63.988, 64.781]","(586117.457, 601790.5]"
2017-04-10,64.239,64.357,64.091,64.229,453355,"(63.894, 64.681]","(64.066, 64.853]","(63.743, 64.533]","(63.988, 64.781]","(445060.071, 460733.114]"
2017-04-11,64.309,64.309,63.834,64.289,327575,"(63.894, 64.681]","(64.066, 64.853]","(63.743, 64.533]","(63.988, 64.781]","(319675.729, 335348.771]"
2017-04-12,64.279,64.279,63.983,64.141,479896,"(63.894, 64.681]","(64.066, 64.853]","(63.743, 64.533]","(63.988, 64.781]","(476406.157, 492079.2]"
2017-04-13,63.983,64.141,63.716,63.736,552808,"(63.894, 64.681]","(64.066, 64.853]","(62.952, 63.743]","(63.195, 63.988]","(539098.329, 554771.371]"
2017-04-17,64.002,64.279,63.854,64.279,516398,"(63.894, 64.681]","(64.066, 64.853]","(63.743, 64.533]","(63.988, 64.781]","(507752.243, 523425.286]"
2017-04-18,63.923,64.042,63.706,63.933,750371,"(63.894, 64.681]","(63.279, 64.066]","(62.952, 63.743]","(63.195, 63.988]","(742847.886, 758520.929]"
2017-04-19,64.061,64.161,63.716,63.804,498019,"(63.894, 64.681]","(64.066, 64.853]","(62.952, 63.743]","(63.195, 63.988]","(492079.2, 507752.243]"
2017-04-20,64.151,64.437,64.096,64.338,414202,"(63.894, 64.681]","(64.066, 64.853]","(63.743, 64.533]","(63.988, 64.781]","(413713.986, 429387.029]"
2017-04-21,64.299,64.309,64.101,64.239,577488,"(63.894, 64.681]","(64.066, 64.853]","(63.743, 64.533]","(63.988, 64.781]","(570444.414, 586117.457]"
2017-04-24,65.198,65.307,65.129,65.247,596690,"(64.681, 65.468]","(64.853, 65.639]","(64.533, 65.324]","(64.781, 65.574]","(586117.457, 601790.5]"
2017-04-28,65.672,65.672,65.451,65.494,590497,"(65.468, 66.255]","(65.639, 66.426]","(65.324, 66.115]","(64.781, 65.574]","(586117.457, 601790.5]"
2017-05-01,65.682,65.81,65.569,65.632,514474,"(65.468, 66.255]","(65.639, 66.426]","(65.324, 66.115]","(65.574, 66.366]","(507752.243, 523425.286]"
2017-05-02,65.86,65.89,65.732,65.89,449746,"(65.468, 66.255]","(65.639, 66.426]","(65.324, 66.115]","(65.574, 66.366]","(445060.071, 460733.114]"
2017-05-03,65.662,65.702,65.504,65.662,497747,"(65.468, 66.255]","(65.639, 66.426]","(65.324, 66.115]","(65.574, 66.366]","(492079.2, 507752.243]"
2017-05-04,65.761,65.81,65.574,65.81,499718,"(65.468, 66.255]","(65.639, 66.426]","(65.324, 66.115]","(65.574, 66.366]","(492079.2, 507752.243]"
2017-05-05,65.88,66.285,65.85,66.285,495355,"(65.468, 66.255]","(65.639, 66.426]","(65.324, 66.115]","(65.574, 66.366]","(492079.2, 507752.243]"
2017-05-08,66.127,66.147,65.959,66.047,710662,"(65.468, 66.255]","(65.639, 66.426]","(65.324, 66.115]","(65.574, 66.366]","(695828.757, 711501.8]"
2017-05-09,66.157,66.205,65.979,66.097,657027,"(65.468, 66.255]","(65.639, 66.426]","(65.324, 66.115]","(65.574, 66.366]","(648809.629, 664482.671]"
2017-05-10,66.097,66.225,66.038,66.215,564384,"(65.468, 66.255]","(65.639, 66.426]","(65.324, 66.115]","(65.574, 66.366]","(554771.371, 570444.414]"
2017-05-11,66.057,66.121,65.786,66.117,589539,"(65.468, 66.255]","(65.639, 66.426]","(65.324, 66.115]","(65.574, 66.366]","(586117.457, 601790.5]"
2017-05-12,66.067,66.157,66.001,66.077,309990,"(65.468, 66.255]","(65.639, 66.426]","(65.324, 66.115]","(65.574, 66.366]","(304002.686, 319675.729]"
2017-05-15,66.285,66.552,66.285,66.522,531877,"(66.255, 67.042]","(66.426, 67.213]","(66.115, 66.905]","(66.366, 67.159]","(523425.286, 539098.329]"
2017-05-16,66.7,66.708,66.527,66.65,429928,"(66.255, 67.042]","(66.426, 67.213]","(66.115, 66.905]","(66.366, 67.159]","(429387.029, 445060.071]"
2017-05-18,65.465,65.88,65.317,65.662,507157,"(64.681, 65.468]","(65.639, 66.426]","(64.533, 65.324]","(65.574, 66.366]","(492079.2, 507752.243]"
2017-05-22,66.453,66.602,66.433,66.592,816089,"(66.255, 67.042]","(66.426, 67.213]","(66.115, 66.905]","(66.366, 67.159]","(805540.057, 821213.1]"
2017-05-23,66.7,66.7,66.532,66.582,832263,"(66.255, 67.042]","(66.426, 67.213]","(66.115, 66.905]","(66.366, 67.159]","(821213.1, 836886.143]"
2017-05-24,66.64,66.759,66.532,66.71,670174,"(66.255, 67.042]","(66.426, 67.213]","(66.115, 66.905]","(66.366, 67.159]","(664482.671, 680155.714]"
2017-05-25,66.907,67.041,66.859,66.937,727704,"(66.255, 67.042]","(66.426, 67.213]","(66.115, 66.905]","(66.366, 67.159]","(727174.843, 742847.886]"
2017-05-26,66.818,66.878,66.769,66.868,765037,"(66.255, 67.042]","(66.426, 67.213]","(66.115, 66.905]","(66.366, 67.159]","(758520.929, 774193.971]"
2017-06-01,66.779,67.263,66.779,67.263,712712,"(66.255, 67.042]","(67.213, 68.0]","(66.115, 66.905]","(67.159, 67.952]","(711501.8, 727174.843]"
2017-06-02,67.54,67.708,67.372,67.668,655720,"(67.042, 67.828]","(67.213, 68.0]","(66.905, 67.696]","(67.159, 67.952]","(648809.629, 664482.671]"
2017-06-05,67.668,67.668,67.451,67.52,602463,"(67.042, 67.828]","(67.213, 68.0]","(66.905, 67.696]","(67.159, 67.952]","(601790.5, 617463.543]"
2017-06-06,67.303,67.471,67.283,67.372,824609,"(67.042, 67.828]","(67.213, 68.0]","(66.905, 67.696]","(67.159, 67.952]","(821213.1, 836886.143]"
2017-06-07,67.461,67.516,67.15,67.372,721262,"(67.042, 67.828]","(67.213, 68.0]","(66.905, 67.696]","(67.159, 67.952]","(711501.8, 727174.843]"
2017-06-08,67.372,67.416,67.185,67.352,1008598,"(67.042, 67.828]","(67.213, 68.0]","(66.905, 67.696]","(67.159, 67.952]","(993616.571, 1009289.614]"
2017-06-12,67.115,67.204,66.927,67.135,856409,"(67.042, 67.828]","(66.426, 67.213]","(66.905, 67.696]","(66.366, 67.159]","(852559.186, 868232.229]"
2017-06-13,67.461,67.59,67.332,67.57,632405,"(67.042, 67.828]","(67.213, 68.0]","(66.905, 67.696]","(67.159, 67.952]","(617463.543, 633136.586]"
2017-06-16,67.175,67.283,66.957,67.283,584278,"(67.042, 67.828]","(67.213, 68.0]","(66.905, 67.696]","(67.159, 67.952]","(570444.414, 586117.457]"
2017-06-19,67.52,67.728,67.471,67.708,708294,"(67.042, 67.828]","(67.213, 68.0]","(66.905, 67.696]","(67.159, 67.952]","(695828.757, 711501.8]"
2017-06-20,67.53,67.59,67.085,67.115,612815,"(67.042, 67.828]","(67.213, 68.0]","(66.905, 67.696]","(66.366, 67.159]","(601790.5, 617463.543]"
2017-06-21,67.155,67.263,66.987,67.115,574641,"(67.042, 67.828]","(67.213, 68.0]","(66.905, 67.696]","(66.366, 67.159]","(570444.414, 586117.457]"
2017-06-22,67.155,67.293,67.065,67.145,409073,"(67.042, 67.828]","(67.213, 68.0]","(66.905, 67.696]","(66.366, 67.159]","(398040.943, 413713.986]"
2017-06-23,67.165,67.342,67.075,67.263,962747,"(67.042, 67.828]","(67.213, 68.0]","(66.905, 67.696]","(67.159, 67.952]","(962270.486, 977943.529]"
2017-06-27,67.451,67.505,67.115,67.115,622611,"(67.042, 67.828]","(67.213, 68.0]","(66.905, 67.696]","(66.366, 67.159]","(617463.543, 633136.586]"
2017-06-28,67.324,67.742,67.314,67.682,423416,"(67.042, 67.828]","(67.213, 68.0]","(66.905, 67.696]","(67.159, 67.952]","(413713.986, 429387.029]"
2017-06-30,67.374,67.374,67.015,67.195,1134364,"(67.042, 67.828]","(67.213, 68.0]","(66.905, 67.696]","(67.159, 67.952]","(1119000.914, 1134673.957]"
2017-07-03,67.433,67.523,67.284,67.304,817145,"(67.042, 67.828]","(67.213, 68.0]","(66.905, 67.696]","(67.159, 67.952]","(805540.057, 821213.1]"
2017-07-05,67.274,67.324,66.971,67.304,680472,"(67.042, 67.828]","(67.213, 68.0]","(66.905, 67.696]","(67.159, 67.952]","(680155.714, 695828.757]"
2017-07-06,67.045,67.075,66.687,66.737,1034791,"(67.042, 67.828]","(66.426, 67.213]","(66.115, 66.905]","(66.366, 67.159]","(1024962.657, 1040635.7]"
2017-07-07,66.866,67.085,66.737,67.035,321862,"(66.255, 67.042]","(66.426, 67.213]","(66.115, 66.905]","(66.366, 67.159]","(319675.729, 335348.771]"
2017-07-10,67.085,67.264,67.025,67.185,303038,"(67.042, 67.828]","(67.213, 68.0]","(66.905, 67.696]","(67.159, 67.952]","(288329.643, 304002.686]"
2017-07-11,67.155,67.329,66.906,67.244,455846,"(67.042, 67.828]","(67.213, 68.0]","(66.905, 67.696]","(67.159, 67.952]","(445060.071, 460733.114]"
2017-07-12,67.612,67.941,67.612,67.831,428215,"(67.042, 67.828]","(67.213, 68.0]","(66.905, 67.696]","(67.159, 67.952]","(413713.986, 429387.029]"
2017-07-13,67.951,68.09,67.841,68.03,661823,"(67.828, 68.615]","(68.0, 68.786]","(67.696, 68.487]","(67.952, 68.745]","(648809.629, 664482.671]"
2017-07-14,68.18,68.548,68.16,68.438,381062,"(67.828, 68.615]","(68.0, 68.786]","(67.696, 68.487]","(67.952, 68.745]","(366694.857, 382367.9]"
2017-07-17,68.428,68.475,68.343,68.389,1126317,"(67.828, 68.615]","(68.0, 68.786]","(67.696, 68.487]","(67.952, 68.745]","(1119000.914, 1134673.957]"
2017-07-18,68.349,68.448,68.215,68.448,473605,"(67.828, 68.615]","(68.0, 68.786]","(67.696, 68.487]","(67.952, 68.745]","(460733.114, 476406.157]"
2017-07-19,68.578,68.816,68.578,68.816,402766,"(67.828, 68.615]","(68.786, 69.573]","(68.487, 69.277]","(68.745, 69.538]","(398040.943, 413713.986]"
2017-07-20,68.906,69.002,68.777,68.936,477997,"(68.615, 69.402]","(68.786, 69.573]","(68.487, 69.277]","(68.745, 69.538]","(476406.157, 492079.2]"
2017-07-21,68.767,68.856,68.637,68.816,518969,"(68.615, 69.402]","(68.786, 69.573]","(68.487, 69.277]","(68.745, 69.538]","(507752.243, 523425.286]"
2017-07-24,68.787,68.836,68.617,68.816,354255,"(68.615, 69.402]","(68.786, 69.573]","(68.487, 69.277]","(68.745, 69.538]","(351021.814, 366694.857]"
2017-07-25,69.025,69.085,68.926,68.956,718286,"(68.615, 69.402]","(68.786, 69.573]","(68.487, 69.277]","(68.745, 69.538]","(711501.8, 727174.843]"
2017-07-26,69.095,69.19,68.976,69.165,609186,"(68.615, 69.402]","(68.786, 69.573]","(68.487, 69.277]","(68.745, 69.538]","(601790.5, 617463.543]"
2017-07-27,69.244,69.264,68.647,68.996,445134,"(68.615, 69.402]","(68.786, 69.573]","(68.487, 69.277]","(68.745, 69.538]","(445060.071, 460733.114]"
2017-07-28,68.787,68.996,68.757,68.966,595582,"(68.615, 69.402]","(68.786, 69.573]","(68.487, 69.277]","(68.745, 69.538]","(586117.457, 601790.5]"
2017-07-31,69.065,69.085,68.866,68.976,727605,"(68.615, 69.402]","(68.786, 69.573]","(68.487, 69.277]","(68.745, 69.538]","(727174.843, 742847.886]"
2017-08-01,69.334,69.337,69.165,69.274,642827,"(68.615, 69.402]","(68.786, 69.573]","(68.487, 69.277]","(68.745, 69.538]","(633136.586, 648809.629]"
2017-08-02,69.304,69.304,68.976,69.214,463206,"(68.615, 69.402]","(68.786, 69.573]","(68.487, 69.277]","(68.745, 69.538]","(460733.114, 476406.157]"
2017-08-03,69.205,69.219,69.045,69.125,1130911,"(68.615, 69.402]","(68.786, 69.573]","(68.487, 69.277]","(68.745, 69.538]","(1119000.914, 1134673.957]"
2017-08-04,69.274,69.313,69.055,69.254,440505,"(68.615, 69.402]","(68.786, 69.573]","(68.487, 69.277]","(68.745, 69.538]","(429387.029, 445060.071]"
2017-08-07,69.284,69.423,69.254,69.423,267054,"(68.615, 69.402]","(68.786, 69.573]","(68.487, 69.277]","(68.745, 69.538]","(256983.557, 272656.6]"
2017-08-08,69.344,69.563,69.104,69.205,571909,"(68.615, 69.402]","(68.786, 69.573]","(68.487, 69.277]","(68.745, 69.538]","(570444.414, 586117.457]"
2017-08-09,68.816,69.06,68.737,69.045,353432,"(68.615, 69.402]","(68.786, 69.573]","(68.487, 69.277]","(68.745, 69.538]","(351021.814, 366694.857]"
2017-08-10,68.707,68.707,67.971,67.991,1013846,"(68.615, 69.402]","(68.0, 68.786]","(67.696, 68.487]","(67.952, 68.745]","(1009289.614, 1024962.657]"
2017-08-11,68.04,68.19,67.931,68.02,483161,"(67.828, 68.615]","(68.0, 68.786]","(67.696, 68.487]","(67.952, 68.745]","(476406.157, 492079.2]"
2017-08-14,68.389,68.767,68.389,68.647,438385,"(67.828, 68.615]","(68.0, 68.786]","(67.696, 68.487]","(67.952, 68.745]","(429387.029, 445060.071]"
2017-08-15,68.697,68.697,68.448,68.578,915850,"(68.615, 69.402]","(68.0, 68.786]","(67.696, 68.487]","(67.952, 68.745]","(915251.357, 930924.4]"
2017-08-16,68.836,68.961,68.797,68.916,516065,"(68.615, 69.402]","(68.786, 69.573]","(68.487, 69.277]","(68.745, 69.538]","(507752.243, 523425.286]"
2017-08-17,68.687,68.737,67.921,67.941,771466,"(68.615, 69.402]","(68.0, 68.786]","(67.696, 68.487]","(67.159, 67.952]","(758520.929, 774193.971]"
2017-08-18,68.001,68.289,67.821,68.02,674329,"(67.828, 68.615]","(68.0, 68.786]","(67.696, 68.487]","(67.952, 68.745]","(664482.671, 680155.714]"
2017-08-21,68.06,68.14,67.841,68.08,502641,"(67.828, 68.615]","(68.0, 68.786]","(67.696, 68.487]","(67.952, 68.745]","(492079.2, 507752.243]"
2017-08-22,68.269,68.657,68.269,68.627,398993,"(67.828, 68.615]","(68.0, 68.786]","(67.696, 68.487]","(67.952, 68.745]","(398040.943, 413713.986]"
2017-08-23,68.399,68.617,68.319,68.548,339558,"(67.828, 68.615]","(68.0, 68.786]","(67.696, 68.487]","(67.952, 68.745]","(335348.771, 351021.814]"
2017-08-24,68.667,68.698,68.418,68.438,720940,"(68.615, 69.402]","(68.0, 68.786]","(67.696, 68.487]","(67.952, 68.745]","(711501.8, 727174.843]"
2017-08-29,68.249,68.697,68.225,68.637,824007,"(67.828, 68.615]","(68.0, 68.786]","(67.696, 68.487]","(67.952, 68.745]","(821213.1, 836886.143]"
2017-08-30,68.637,68.896,68.568,68.836,826004,"(68.615, 69.402]","(68.786, 69.573]","(68.487, 69.277]","(68.745, 69.538]","(821213.1, 836886.143]"
2017-08-31,69.006,69.344,69.006,69.264,817716,"(68.615, 69.402]","(68.786, 69.573]","(68.487, 69.277]","(68.745, 69.538]","(805540.057, 821213.1]"
2017-09-01,69.483,69.553,69.384,69.473,476063,"(69.402, 70.189]","(68.786, 69.573]","(69.277, 70.068]","(68.745, 69.538]","(460733.114, 476406.157]"
2017-09-05,69.294,69.394,68.678,69.006,555579,"(68.615, 69.402]","(68.786, 69.573]","(68.487, 69.277]","(68.745, 69.538]","(554771.371, 570444.414]"
2017-09-06,69.165,69.374,69.145,69.264,419573,"(68.615, 69.402]","(68.786, 69.573]","(68.487, 69.277]","(68.745, 69.538]","(413713.986, 429387.029]"
2017-09-07,69.583,69.583,69.384,69.533,276212,"(69.402, 70.189]","(69.573, 70.36]","(69.277, 70.068]","(68.745, 69.538]","(272656.6, 288329.643]"
2017-09-08,69.513,69.563,69.394,69.453,496963,"(69.402, 70.189]","(68.786, 69.573]","(69.277, 70.068]","(68.745, 69.538]","(492079.2, 507752.243]"
2017-09-11,69.772,70.15,69.772,70.12,551375,"(69.402, 70.189]","(69.573, 70.36]","(69.277, 70.068]","(69.538, 70.331]","(539098.329, 554771.371]"
2017-09-12,70.239,70.329,70.177,70.309,609605,"(70.189, 70.976]","(69.573, 70.36]","(70.068, 70.859]","(69.538, 70.331]","(601790.5, 617463.543]"
2017-09-13,70.19,70.21,70.04,70.13,323219,"(70.189, 70.976]","(69.573, 70.36]","(69.277, 70.068]","(69.538, 70.331]","(319675.729, 335348.771]"
2017-09-18,70.428,70.627,70.369,70.518,521608,"(70.189, 70.976]","(70.36, 71.147]","(70.068, 70.859]","(70.331, 71.124]","(507752.243, 523425.286]"
2017-09-19,70.598,70.627,70.462,70.627,547154,"(70.189, 70.976]","(70.36, 71.147]","(70.068, 70.859]","(70.331, 71.124]","(539098.329, 554771.371]"
2017-09-20,70.657,70.747,70.239,70.627,725576,"(70.189, 70.976]","(70.36, 71.147]","(70.068, 70.859]","(70.331, 71.124]","(711501.8, 727174.843]"
2017-09-21,70.548,70.578,70.379,70.438,669256,"(70.189, 70.976]","(70.36, 71.147]","(70.068, 70.859]","(70.331, 71.124]","(664482.671, 680155.714]"
2017-09-27,70.13,70.35,69.99,70.24,744785,"(69.402, 70.189]","(69.573, 70.36]","(69.277, 70.068]","(69.538, 70.331]","(742847.886, 758520.929]"
2017-09-28,70.2,70.359,70.09,70.33,851648,"(70.189, 70.976]","(69.573, 70.36]","(70.068, 70.859]","(69.538, 70.331]","(836886.143, 852559.186]"
2017-09-29,70.5,70.755,70.42,70.72,594719,"(70.189, 70.976]","(70.36, 71.147]","(70.068, 70.859]","(70.331, 71.124]","(586117.457, 601790.5]"
2017-10-03,71.01,71.19,70.97,71.19,839043,"(70.976, 71.763]","(71.147, 71.933]","(70.859, 71.649]","(71.124, 71.917]","(836886.143, 852559.186]"
2017-10-04,71.12,71.29,71.09,71.22,377458,"(70.976, 71.763]","(71.147, 71.933]","(70.859, 71.649]","(71.124, 71.917]","(366694.857, 382367.9]"
2017-10-05,71.23,71.45,71.2,71.43,628398,"(70.976, 71.763]","(71.147, 71.933]","(70.859, 71.649]","(71.124, 71.917]","(617463.543, 633136.586]"
2017-10-06,71.21,71.35,71.13,71.34,711831,"(70.976, 71.763]","(71.147, 71.933]","(70.859, 71.649]","(71.124, 71.917]","(711501.8, 727174.843]"
2017-10-09,71.27,71.329,71.16,71.24,200567,"(70.976, 71.763]","(71.147, 71.933]","(70.859, 71.649]","(71.124, 71.917]","(194291.386, 209964.429]"
2017-10-10,71.55,71.675,71.45,71.63,403314,"(70.976, 71.763]","(71.147, 71.933]","(70.859, 71.649]","(71.124, 71.917]","(398040.943, 413713.986]"
2017-10-11,71.67,71.83,71.65,71.83,722476,"(70.976, 71.763]","(71.147, 71.933]","(71.649, 72.44]","(71.124, 71.917]","(711501.8, 727174.843]"
2017-10-12,71.75,71.9,71.71,71.79,858824,"(70.976, 71.763]","(71.147, 71.933]","(71.649, 72.44]","(71.124, 71.917]","(852559.186, 868232.229]"
2017-10-13,72.03,72.0958,71.97,71.99,684177,"(71.763, 72.55]","(71.933, 72.72]","(71.649, 72.44]","(71.917, 72.71]","(680155.714, 695828.757]"
2017-10-16,72.04,72.1,71.935,72.02,380473,"(71.763, 72.55]","(71.933, 72.72]","(71.649, 72.44]","(71.917, 72.71]","(366694.857, 382367.9]"
2017-10-17,71.96,71.99,71.83,71.99,671337,"(71.763, 72.55]","(71.933, 72.72]","(71.649, 72.44]","(71.917, 72.71]","(664482.671, 680155.714]"
2017-10-18,72.05,72.1,71.92,72.04,619258,"(71.763, 72.55]","(71.933, 72.72]","(71.649, 72.44]","(71.917, 72.71]","(617463.543, 633136.586]"
2017-10-19,71.71,71.95,71.6,71.95,513481,"(70.976, 71.763]","(71.933, 72.72]","(70.859, 71.649]","(71.917, 72.71]","(507752.243, 523425.286]"
2017-10-20,72.01,72.13,71.99,72.12,532238,"(71.763, 72.55]","(71.933, 72.72]","(71.649, 72.44]","(71.917, 72.71]","(523425.286, 539098.329]"
2017-10-23,72.14,72.14,71.82,71.84,613619,"(71.763, 72.55]","(71.933, 72.72]","(71.649, 72.44]","(71.124, 71.917]","(601790.5, 617463.543]"
2017-10-24,71.98,72.02,71.86,71.96,479016,"(71.763, 72.55]","(71.933, 72.72]","(71.649, 72.44]","(71.917, 72.71]","(476406.157, 492079.2]"
2017-10-25,71.97,71.97,71.32,71.67,750776,"(71.763, 72.55]","(71.933, 72.72]","(70.859, 71.649]","(71.124, 71.917]","(742847.886, 758520.929]"
2017-10-26,71.79,71.8799,71.68,71.69,632185,"(71.763, 72.55]","(71.147, 71.933]","(71.649, 72.44]","(71.124, 71.917]","(617463.543, 633136.586]"
2017-10-27,71.79,72.095,71.64,72.07,612180,"(71.763, 72.55]","(71.933, 72.72]","(70.859, 71.649]","(71.917, 72.71]","(601790.5, 617463.543]"
2017-10-30,72.06,72.1,71.89,71.98,637813,"(71.763, 72.55]","(71.933, 72.72]","(71.649, 72.44]","(71.917, 72.71]","(633136.586, 648809.629]"
2017-10-31,72.16,72.29,72.06,72.21,822424,"(71.763, 72.55]","(71.933, 72.72]","(71.649, 72.44]","(71.917, 72.71]","(821213.1, 836886.143]"
2017-11-01,72.5,72.64,72.296,72.37,865252,"(71.763, 72.55]","(71.933, 72.72]","(71.649, 72.44]","(71.917, 72.71]","(852559.186, 868232.229]"
2017-11-02,72.35,72.4899,72.15,72.45,555407,"(71.763, 72.55]","(71.933, 72.72]","(71.649, 72.44]","(71.917, 72.71]","(554771.371, 570444.414]"
2017-11-03,72.46,72.51,72.24,72.51,716487,"(71.763, 72.55]","(71.933, 72.72]","(71.649, 72.44]","(71.917, 72.71]","(711501.8, 727174.843]"
2017-11-06,72.46,72.72,72.44,72.7,498806,"(71.763, 72.55]","(71.933, 72.72]","(71.649, 72.44]","(71.917, 72.71]","(492079.2, 507752.243]"
2017-11-08,72.55,72.72,72.4347,72.71,354305,"(71.763, 72.55]","(71.933, 72.72]","(71.649, 72.44]","(71.917, 72.71]","(351021.814, 366694.857]"
2017-11-09,72.22,72.34,71.85,72.31,1046159,"(71.763, 72.55]","(71.933, 72.72]","(71.649, 72.44]","(71.917, 72.71]","(1040635.7, 1056308.743]"
2017-11-10,72.23,72.285,72.11,72.25,378305,"(71.763, 72.55]","(71.933, 72.72]","(71.649, 72.44]","(71.917, 72.71]","(366694.857, 382367.9]"
