staff_id,total_box_office,avg_box_office,total_critics_score,avg_critics_score,total_audience_score,avg_audience_score,director_movie_count,normalized_box_office,normalized_critics_score,normalized_audience_score,normalized_movie_count,director_fame_score
1,140000000.0,140000000.0,6.9,6.9,19.326115,19.326115,1,0.08447121956445808,0.6900000000000001,0.29831682303887347,0.0,0.30045185243355793
13,0.0,0.0,5.3,5.3,2.857936,2.857936,1,0.0,0.53,0.04411004607223926,0.0,0.16782200921444784
24,1197121123.0,171017303.2857143,45.2,6.457142857142857,260.588266,37.22689514285714,7,0.7223020087584544,0.6457142857142858,0.5746375762505089,0.30000000000000004,0.6275626044677693
31,70745791.0,35372895.5,12.5,6.25,35.240846,17.620423,2,0.0426855946058733,0.625,0.27198735055634987,0.05,0.2639717079536193
39,368016586.0,92004146.5,27.3,6.825,111.801908,27.950477,4,0.22204864170977334,0.6825000000000001,0.4314445518189356,0.15000000000000002,0.39485836704769645
40,0.0,0.0,7.2,7.2,8.055084,8.055084,1,0.0,0.7200000000000001,0.12433447419502011,0.0,0.24086689483900406
42,62524095.0,20841365.0,21.5,7.166666666666667,65.247276,21.749092,3,0.03772490397724311,0.7166666666666668,0.33571847952039974,0.10000000000000002,0.3072336574949772
59,175311212.0,58437070.666666664,18.5,6.166666666666667,53.443539,17.814513,3,0.10577679914973756,0.6166666666666667,0.274983370537761,0.10000000000000002,0.29230739376744724
68,650422.0,650422.0,8.0,8.0,32.351527,32.351527,1,0.00039244242551109967,0.8,0.4993802194947002,0.0,0.3400330208691445
90,14584321.0,7292160.5,14.0,7.0,18.532021999999998,9.266010999999999,2,0.008799681295639548,0.7000000000000001,0.14302663498656087,0.05,0.247125199515568
108,96574721.0,48287360.5,13.6,6.8,38.010546,19.005273,2,0.058269889014052,0.68,0.2933642286606165,0.05,0.2909808013377441
138,4300000.0,4300000.0,6.5,6.5,22.87623,22.87623,1,0.0025944731723369268,0.65,0.35311725312958975,0.0,0.26666123989485274
150,15608545.0,15608545.0,5.2,5.2,17.672021,17.672021,1,0.00941766308411946,0.52,0.27278382971035503,0.0,0.2143238311757188
154,11137801.0,11137801.0,6.7,6.7,5.650125,5.650125,1,0.006720168812401719,0.67,0.08721094790064964,0.0,0.2211302571050906
160,0.0,0.0,7.6,7.6,1.49436,1.49436,1,0.0,0.76,0.02306155855524936,0.0,0.23261231171104985
172,18928871.0,3154811.8333333335,35.4,5.8999999999999995,44.302945,7.383824166666667,6,0.011421034416773593,0.59,0.11397274575262058,0.25000000000000006,0.22936296291723357
185,553171.0,276585.5,14.2,7.1,48.467905,24.2339525,2,0.00033376449284064884,0.71,0.37407538461092,0.05,0.2929485827193202
190,1457924336.0,91120271.0,108.1,6.75625,323.47472799999997,20.217170499999998,16,0.8796617621044482,0.675625,0.3120713703238764,0.75,0.6919664789065547
201,239535843.0,79845281.0,18.1,6.033333333333334,51.064137,17.021379,3,0.14452774848293257,0.6033333333333335,0.2627403631085452,0.10000000000000002,0.30135917201488216
202,5659286.0,2829643.0,14.4,7.2,33.785522,16.892761,2,0.003414619930600455,0.7200000000000001,0.2607549846863229,0.05,0.2745168449095048
212,0.0,0.0,4.9,4.9,3.638411,3.638411,1,0.0,0.49000000000000005,0.05615764612887174,0.0,0.15823152922577438
223,220905807.0,73635269.0,21.1,7.033333333333334,71.96004500000001,23.98668166666667,3,0.13328702090114858,0.7033333333333335,0.37025845247898725,0.10000000000000002,0.348366498856257
224,169058991.0,24151284.42857143,47.4,6.771428571428571,161.02399499999999,23.003427857142857,7,0.10200442248647673,0.6771428571428572,0.3550807098846656,0.30000000000000004,0.34496076811438103
228,20211394.0,10105697.0,12.899999999999999,6.449999999999999,24.557928,12.278964,2,0.012194865001984075,0.645,0.18953530308410532,0.05,0.2412850066176147
240,18690272.0,9345136.0,15.3,7.65,65.958892,32.979446,2,0.01127707192736745,0.7650000000000001,0.5090729283962802,0.05,0.34082541445020303
280,269639169.0,38519881.28571428,48.2,6.885714285714286,258.629347,36.94704957142857,7,0.16269106748412154,0.6885714285714286,0.5703178126165794,0.30000000000000004,0.4157114180883931
309,85582407.0,85582407.0,7.3,7.3,19.747809,19.747809,1,0.05163750208965581,0.73,0.30482619317665055,0.0,0.30062023947119243
323,348224998.0,49746428.28571428,44.4,6.3428571428571425,101.36762,14.481088571428572,7,0.21010707331350698,0.6342857142857143,0.22352782829177326,0.30000000000000004,0.3490341092694718
366,623874813.5,89124973.35714285,47.4,6.771428571428571,217.141565,31.020223571428573,7,0.37642475965638456,0.6771428571428572,0.4788298991622717,0.30000000000000004,0.47947874083786535
455,179100502.0,59700167.333333336,20.7,6.8999999999999995,78.320982,26.106994,3,0.10806312734676188,0.69,0.40298810427711684,0.10000000000000002,0.3408228717941281
468,319865001.0,63973000.2,35.6,7.12,121.009519,24.2019038,5,0.19299561950326144,0.7120000000000001,0.3735806731596435,0.2,0.3855143824332333
486,0.0,0.0,4.6,4.6,3.444542,3.444542,1,0.0,0.45999999999999996,0.05316503755668265,0.0,0.1486330075113365
488,1119031091.5,159861584.5,45.3,6.471428571428571,219.0443,31.292042857142857,7,0.6751851502110834,0.6471428571428571,0.48302576711699824,0.30000000000000004,0.5908220706506901
492,0.0,0.0,4.5,4.5,3.312385,3.312385,1,0.0,0.45,0.05112503027818637,0.0,0.1452250060556373
504,39363635.0,19681817.5,14.5,7.25,20.766481,10.3832405,2,0.02375067324957276,0.7250000000000001,0.1602724586035524,0.05,0.2640547610205396
508,175548417.0,35109683.4,30.900000000000002,6.180000000000001,127.068162,25.4136324,5,0.10591992054714318,0.6180000000000001,0.39228520764182834,0.2,0.326225009747223
510,709352414.0,101336059.14285715,46.099999999999994,6.5857142857142845,293.973145,41.99616357142857,7,0.42799902508265975,0.6585714285714285,0.648257152265311,0.30000000000000004,0.5284224690575546
518,19322135.0,6440711.666666667,17.9,5.966666666666666,32.846694,10.948898,3,0.011658316485993572,0.5966666666666666,0.1690040839971071,0.10000000000000002,0.22746414339381882
525,113714830.0,113714830.0,6.8,6.8,41.322708,41.322708,1,0.06861164551903588,0.68,0.6378615298808883,0.0,0.35901696418379203
564,267183037.0,26718303.7,69.0,6.9,179.82643,17.982643,10,0.16120912130232662,0.6900000000000001,0.2775786657073969,0.45,0.37199938166241003
578,774656050.5,96832006.3125,49.3,6.1625,212.148661,26.518582625,8,0.4674010094908673,0.61625,0.4093414854127833,0.35000000000000003,0.4887037008789036
607,365569811.0,60928301.833333336,39.7,6.616666666666667,74.572594,12.428765666666665,6,0.2205723412222746,0.6616666666666667,0.19184767768651662,0.25000000000000006,0.3500984720262132
608,187479518.0,187479518.0,7.5,7.5,39.58676,39.58676,1,0.11311873949154835,0.75,0.6110650184960124,0.0,0.3924604994958218
638,525127707.0,131281926.75,25.7,6.425,163.115654,40.7789135,4,0.31684412740983864,0.6425000000000001,0.6294673870204553,0.15000000000000002,0.4603811283680266
640,67769626.0,33884813.0,10.600000000000001,5.300000000000001,27.278177,13.6390885,2,0.04088987826890862,0.5300000000000001,0.2105305124158933,0.05,0.22246205379074216
642,13101672.0,13101672.0,5.2,5.2,11.66632,11.66632,1,0.007905101515525089,0.52,0.1800783827611026,0.0,0.19517771715843055
648,7060876.0,7060876.0,6.8,6.8,7.261196,7.261196,1,0.004260291477952947,0.68,0.11207982784022354,0.0,0.22812008215922588
664,362420184.0,90605046.0,24.6,6.15,65.427324,16.356831,4,0.21867196383753784,0.6150000000000001,0.25248224014184545,0.15000000000000002,0.33746523356338426
686,37962774.0,37962774.0,5.1,5.1,11.374306,11.374306,1,0.02290544155592786,0.51,0.17557078433330225,0.0,0.1972763334890316
716,2119994.0,2119994.0,5.6,5.6,0.068228,0.068228,1,0.0012791319903523838,0.5599999999999999,0.0010474415573117055,0.0,0.16872114110760328
736,0.0,0.0,6.8,6.8,5.737161,5.737161,1,0.0,0.68,0.08855445655695389,0.0,0.2217108913113908
769,277977802.5,92659267.5,17.5,5.833333333333333,51.718603,17.239534333333335,3,0.1677223142073076,0.5833333333333334,0.26610786137078474,0.10000000000000002,0.30531049795708004
774,0.0,0.0,5.0,5.0,3.230779,3.230779,1,0.0,0.5,0.04986534040955311,0.0,0.1599730680819106
814,25.0,12.5,8.0,4.0,0.602486,0.301243,2,1.5084146350796086e-08,0.4,0.0046443172127730815,0.05,0.12592886947621315
819,37036004.0,37036004.0,5.9,5.9,8.085872,8.085872,1,0.022346260183386767,0.5900000000000001,0.12480972517749052,0.0,0.2109004491088528
865,761589660.0,152317932.0,32.8,6.56,197.83095500000002,39.566191,5,0.45951719562772125,0.656,0.6107475104585163,0.2,0.5227563803427918
876,54700105.0,54700105.0,6.1,6.1,35.099611,35.099611,1,0.03300417556895651,0.61,0.5418003059215951,0.0,0.3045617314119016
879,24475416.0,12237708.0,13.2,6.6,22.329935,11.1649675,2,0.014767630277624644,0.66,0.1723393848336958,0.05,0.24337492907778904
880,154026136.0,154026136.0,7.0,7.0,24.218358,24.218358,1,0.09293411109086486,0.7000000000000001,0.37383466415339967,0.0,0.3219405772670259
884,0.0,0.0,13.100000000000001,6.550000000000001,6.877541000000001,3.4387705000000004,2,0.0,0.6550000000000001,0.05307594729277048,0.05,0.21211518945855415
893,1657369228.5,138114102.375,78.2,6.516666666666667,370.797009,30.89975075,12,0.9999999999999999,0.6516666666666667,0.4769702516780274,0.55,0.7458940503356054
934,15520023.0,15520023.0,6.8,6.8,22.096286,22.096286,1,0.009364251931988853,0.68,0.34107784971683447,0.0,0.27596127071616244
956,30235229.0,10078409.666666666,19.2,6.3999999999999995,52.490615,17.496871666666667,3,0.018242904767433357,0.64,0.2700801824209661,0.10000000000000002,0.26331319839116657
957,147410240.0,73705120.0,14.1,7.05,72.036134,36.018067,2,0.088942305350639,0.7050000000000001,0.5559778139232793,0.05,0.3632724849249115
974,46152800.0,46152800.0,7.2,7.2,29.365851,29.365851,1,0.027847023587960863,0.7200000000000001,0.45329260573809527,0.0,0.31779733058280346
1011,2849142.0,2849142.0,6.7,6.7,8.842869,8.842869,1,0.0017190749960879943,0.67,0.13649491317207152,0.0,0.2289866126328495
1032,298856163.0,29885616.3,70.3,7.029999999999999,141.437655,14.1437655,10,0.1803196040211748,0.703,0.21832082812591747,0.45,0.37169200723365337
1035,2118891.0,353148.5,32.8,5.466666666666666,38.847120000000004,6.474520000000001,6,0.0012784664778153867,0.5466666666666666,0.09993650765424526,0.25000000000000006,0.2094986881219752
1038,111772589.0,37257529.666666664,19.1,6.366666666666667,56.158915,18.719638333333332,3,0.06743976361933522,0.6366666666666667,0.28895510315844214,0.10000000000000002,0.28576692607942256
1044,0.0,0.0,4.8,4.8,5.484679,5.484679,1,0.0,0.48,0.08465708360138365,0.0,0.16093141672027672
1071,207078221.0,41415644.2,33.4,6.68,99.820148,19.9640296,5,0.12494392766505981,0.668,0.3081638264292276,0.2,0.3320103363518695
1090,565295130.0,80756447.14285715,41.7,5.957142857142857,159.133962,22.73342314285714,7,0.34107977889249197,0.5957142857142858,0.3509128520915017,0.30000000000000004,0.4153287676895829
1098,59192128.0,59192128.0,5.5,5.5,21.729434,21.729434,1,0.03571450886268219,0.55,0.3354150338982936,0.0,0.24636881032473162
1103,0.0,0.0,6.3,6.3,5.1299,5.1299,1,0.0,0.63,0.07918062951830346,0.0,0.20483612590366068
1108,15785148.0,15785148.0,7.2,7.2,32.690038,32.690038,1,0.009524219304039044,0.7200000000000001,0.5046055568120655,0.0,0.32073079908402874
1128,0.0,0.0,6.2,6.2,5.062687,5.062687,1,0.0,0.6200000000000001,0.0781431134638412,0.0,0.20162862269276827
1150,397639689.0,39763968.9,63.6,6.36,145.12211,14.512210999999999,10,0.2399222105504416,0.6360000000000001,0.22400824159421046,0.45,0.37657053253901873
1152,791432328.0,79143232.8,65.6,6.56,210.06272,21.006272000000003,10,0.47752324249213,0.656,0.3242521311119719,0.45,0.4976597232192464
1176,85486285.0,42743142.5,13.8,6.9,33.619481,16.8097405,2,0.051579505357034566,0.6900000000000001,0.259473460255045,0.05,0.2845264941938228
1201,901031478.5,128718782.64285715,41.1,5.871428571428572,158.224671,22.60352442857143,7,0.5436516275347271,0.5871428571428572,0.3489077042551392,0.30000000000000004,0.49338504900777586
1206,0.0,0.0,5.8,5.8,0.431332,0.431332,1,0.0,0.58,0.006652402345246591,0.0,0.1753304804690493
1215,1201601839.5,200266973.25,32.3,5.383333333333333,159.849496,26.641582666666665,6,0.7250055200961515,0.5383333333333333,0.4112401436772365,0.25000000000000006,0.558750236773908
1223,720697874.5,72069787.45,66.2,6.62,290.962068,29.096206799999997,10,0.4348444885466268,0.662,0.4491303129302659,0.45,0.507363858004704
1224,528888732.5,75555533.21428572,46.0,6.571428571428571,214.410952,30.630136,7,0.31911340177268166,0.6571428571428571,0.4728084134674903,0.30000000000000004,0.4493499005454279
1241,2945242.0,1472621.0,12.3,6.15,4.168087,2.0840435,2,0.0017770584546604544,0.6150000000000001,0.032164055070826716,0.05,0.19664363439602955
1243,517981819.0,24665800.904761903,139.2,6.628571428571428,322.26026,15.345726666666668,21,0.31253254259390273,0.6628571428571428,0.23687459015494258,1.0,0.4712450779256925
1255,13835130.0,6917565.0,13.5,6.75,8.18233,4.091165,2,0.008347645028091578,0.675,0.06314646590662322,0.05,0.22346835119256128
1269,68296293.0,68296293.0,7.0,7.0,19.068175,19.068175,1,0.04120765115315401,0.7000000000000001,0.2943351990808892,0.0,0.28535010027743946
1270,170973429.0,56991143.0,18.7,6.233333333333333,24.848049,8.282683,3,0.10315952900533774,0.6233333333333334,0.12784774717018202,0.10000000000000002,0.26383336103617155
1271,4386236.0,4386236.0,6.0,6.0,3.588529,3.588529,1,0.0026465050301252165,0.6000000000000001,0.05538765556411958,0.0,0.19213613312487401
1357,4857367.0,4857367.0,6.8,6.8,10.573191,10.573191,1,0.0029307693883010933,0.68,0.16320458026607507,0.0,0.23781322380853545
1461,359890393.0,71978078.6,31.4,6.279999999999999,107.813649,21.5627298,5,0.21714557433030077,0.628,0.3328417477208236,0.2,0.3618265792762851
1462,16017403.0,16017403.0,5.8,5.8,4.146752,4.146752,1,0.009664354040467211,0.58,0.0640045202252728,0.0,0.19066664566124142
1524,485875797.0,69410828.14285715,41.5,5.928571428571429,145.03512,20.719302857142857,7,0.2931608652103076,0.5928571428571429,0.3198224063139482,0.30000000000000004,0.38908597020405555
1577,33708274.0,16854137.0,10.600000000000001,5.300000000000001,30.955387,15.4776935,2,0.020338421529949382,0.5300000000000001,0.23891166197497563,0.05,0.2199177010069749
1614,767540641.5,109648663.07142857,46.9,6.7,178.060863,25.437266142857144,7,0.46310781466279644,0.67,0.3926500237881292,0.30000000000000004,0.4947731306227445
1617,0.0,0.0,6.8,6.8,5.625989,5.625989,1,0.0,0.68,0.08683837879213638,0.0,0.22136767575842728
1642,0.0,0.0,5.8,5.8,4.665026,4.665026,1,0.0,0.58,0.07200472250177255,0.0,0.1884009445003545
1650,0.0,0.0,6.7,6.7,3.654018,3.654018,1,0.0,0.67,0.056398559539402336,0.0,0.21227971190788048
1704,160327808.0,80163904.0,11.8,5.9,35.053186000000004,17.526593000000002,2,0.09673632479897341,0.5900000000000001,0.2705389680798916,0.05,0.2748023235355677
1707,71154592.0,71154592.0,5.0,5.0,31.324734,31.324734,1,0.04293225117036737,0.5,0.48353039547093285,0.0,0.2638789795623335
1723,52511727.0,13127931.75,22.8,5.7,48.452895,12.11322375,4,0.03168378300804201,0.5700000000000001,0.18697689667097706,0.15000000000000002,0.23606889253741226
1724,335783464.5,83945866.125,25.0,6.25,71.692651,17.92316275,4,0.20260027682781367,0.625,0.27666051424416166,0.15000000000000002,0.33887221357995784
1726,99423521.0,99423521.0,4.1,4.1,19.286099,19.286099,1,0.05998875765901792,0.41,0.2976991264260848,0.0,0.2065353283488241
1744,195033385.0,65011128.333333336,20.2,6.733333333333333,60.572704,20.190901333333333,3,0.11767648490524632,0.6733333333333333,0.31166587314098004,0.10000000000000002,0.3214037685902945
1748,70200000.0,70200000.0,5.6,5.6,19.578249,19.578249,1,0.04235628295303541,0.5599999999999999,0.30220882418263717,0.0,0.2453842780177416
1749,220000000.0,73333333.33333333,19.1,6.366666666666667,49.908282,16.636094,3,0.13274048788700554,0.6366666666666667,0.2567930110629068,0.10000000000000002,0.30545479736738357
1769,70883717.0,23627905.666666668,19.6,6.533333333333334,58.173834,19.391278,3,0.042768814444656494,0.6533333333333334,0.2993226947996478,0.10000000000000002,0.2829720647377922
1776,367208670.0,45901083.75,51.9,6.4875,124.097534,15.51219175,8,0.22156117278244736,0.64875,0.23944418526996097,0.35000000000000003,0.3661383061669712
1788,193700000.0,96850000.0,14.0,7.0,38.622674,19.311337,2,0.11687196592596807,0.7000000000000001,0.29808870627198547,0.05,0.32136652762478435
1884,966117090.5,80509757.54166667,74.8,6.233333333333333,265.580392,22.131699333333334,12,0.5829220634042922,0.6233333333333334,0.3416244984585267,0.55,0.5434937250534223
1921,127869379.0,127869379.0,6.5,6.5,26.60772,26.60772,1,0.07715201706485646,0.65,0.4107174313996478,0.0,0.3080042931058722
1927,41833347.0,20916673.5,11.600000000000001,5.800000000000001,7.287649,3.6438245,2,0.025240813139665454,0.5800000000000001,0.05624121021856914,0.05,0.20034456729958003
1978,207344060.0,51836015.0,25.7,6.425,104.886614,26.2216535,4,0.1251043258403298,0.6425000000000001,0.4047580159318059,0.15000000000000002,0.33874333352249314
1979,0.0,0.0,12.1,6.05,8.526896,4.263448,2,0.0,0.605,0.06580586778439869,0.05,0.19966117355687973
2034,234778118.0,58694529.5,26.6,6.65,185.337906,46.3344765,4,0.1416570996750589,0.665,0.7152243953979502,0.15000000000000002,0.4142077189496136
2042,378023288.0,63003881.333333336,35.3,5.883333333333333,106.9501,17.825016666666667,6,0.2280863440080455,0.5883333333333333,0.2751455076659562,0.25000000000000006,0.34776363913640945
2053,28541625.0,14270812.5,13.9,6.95,23.542471,11.7712355,2,0.01722104194358161,0.6950000000000001,0.1816978836852086,0.05,0.2567279935144744
2087,164696924.0,41174231.0,24.5,6.125,50.285769,12.57144225,4,0.0993725002056776,0.6125,0.19405006778670794,0.15000000000000002,0.27730901363961263
2127,16974459.0,8487229.5,13.0,6.5,61.019551,30.5097755,2,0.01024180895126351,0.65,0.4709504998038671,0.05,0.29828682354127883
2128,104303851.0,104303851.0,6.2,6.2,45.946524,45.946524,1,0.06293338213742515,0.6200000000000001,0.7092358671799154,0.0,0.35302052629095315
2150,204384063.0,102192031.5,11.8,5.9,68.034435,34.0172175,2,0.12331836472249309,0.5900000000000001,0.525092219189927,0.05,0.33634578972698265
2163,275818418.0,45969736.333333336,37.6,6.266666666666667,104.794679,17.465779833333333,6,0.16641941533428198,0.6266666666666667,0.26960024139399213,0.25000000000000006,0.33348781441251124
2171,79122365.0,26374121.666666668,14.7,4.8999999999999995,51.183093,17.061031,3,0.04773973333124423,0.49,0.26335244092967414,0.10000000000000002,0.22876638151843254
2176,15479002.0,7739501.0,13.4,6.7,32.755312,16.377656,2,0.009339501261290612,0.67,0.2528036998569925,0.05,0.2602965404759148
2178,0.0,0.0,5.8,5.8,7.922716,7.922716,1,0.0,0.58,0.1222912098697101,0.0,0.19845824197394202
2199,53181600.0,53181600.0,6.2,6.2,61.309619,61.309619,1,0.032087961502779885,0.6200000000000001,0.9463843013924784,0.0,0.3881120448796077
2209,644500346.5,161125086.625,20.9,5.225,131.603694,32.9009235,4,0.3888695019897915,0.5225,0.5078608361762257,0.15000000000000002,0.42886996803116173
2223,18197398.0,18197398.0,4.4,4.4,12.601677,12.601677,1,0.010979688585427359,0.44000000000000006,0.19451677866894282,0.0,0.1752952311679595
2226,414753493.0,138251164.33333334,18.4,6.133333333333333,43.655644,14.551881333333334,3,0.2502480955166352,0.6133333333333333,0.22462060241308782,0.10000000000000002,0.33902335868927164
2228,29400000.0,29400000.0,6.5,6.5,12.495436,12.495436,1,0.017738956108536198,0.65,0.1928768170076254,0.0,0.2406709458449396
2239,128798265.0,128798265.0,7.0,7.0,31.385257,31.385257,1,0.07771247515954469,0.7000000000000001,0.48446464307428666,0.0,0.3379779186786752
2260,66153798.0,33076899.0,11.8,5.9,17.915544,8.957772,2,0.039914942827720054,0.5900000000000001,0.1382685835514011,0.05,0.22561969384136826
2291,103537436.0,34512478.666666664,19.7,6.566666666666666,71.044145,23.681381666666667,3,0.06247095349640733,0.6566666666666667,0.36554576815560735,0.10000000000000002,0.3050975350296844
2293,78438953.0,39219476.5,11.0,5.5,100.276955,50.1384775,2,0.047327385866208625,0.55,0.7739438709263529,0.05,0.34371972853175403
2294,930427864.0,62028524.266666666,86.5,5.766666666666667,415.654521,27.7103014,15,0.5613884027773839,0.5766666666666667,0.4277371434174343,0.7,0.5531027897944404
2352,345866560.0,86466640.0,28.2,7.05,73.625781,18.40644525,4,0.2086840723554558,0.7050000000000001,0.28412057929988993,0.15000000000000002,0.3667977448021604
2380,120000000.0,120000000.0,6.4,6.4,14.779041,14.779041,1,0.07240390248382121,0.6400000000000001,0.22812709373311466,0.0,0.26658697974015144
2388,335076920.0,83769230.0,22.4,5.6,60.556163999999995,15.139040999999999,4,0.20217397200215967,0.5599999999999999,0.23368414042953373,0.15000000000000002,0.3106064168867706
2406,213699932.0,106849966.0,11.2,5.6,54.871802,27.435901,2,0.12893924197772685,0.5599999999999999,0.4235014327610008,0.05,0.3092759833432909
2408,0.0,0.0,5.3,5.3,5.794466,5.794466,1,0.0,0.53,0.08943903033733805,0.0,0.17688780606746762
2419,185494789.0,46373697.25,26.5,6.625,78.818857,19.70471425,4,0.11192122178344159,0.6625000000000001,0.3041609722374269,0.15000000000000002,0.319350683160862
2460,276245117.0,69061279.25,25.8,6.45,69.364299,17.34107475,4,0.1666768709408315,0.645,0.2676752636957584,0.15000000000000002,0.3287058011154843
2461,352473277.5,176236638.75,14.2,7.1,79.74146400000001,39.870732000000004,2,0.21267034010219044,0.71,0.6154484786751111,0.05,0.4261578317758984
2523,189282042.0,94641021.0,11.899999999999999,5.949999999999999,38.837208000000004,19.418604000000002,2,0.11420632092422126,0.595,0.29974450551638765,0.05,0.28913142947296605
2589,38000000.0,38000000.0,7.5,7.5,28.60542,28.60542,1,0.02292790245321005,0.75,0.44155440969252674,0.0,0.3224820429197893
2632,38630536.0,12876845.333333334,16.6,5.533333333333334,23.890251,7.963417,3,0.023308346345347872,0.5533333333333335,0.12291948030746273,0.10000000000000002,0.20990723459963176
2636,59500000.0,8500000.0,48.2,6.885714285714286,64.446999,9.206714142857143,7,0.035900268314894686,0.6885714285714286,0.1421113144196338,0.30000000000000004,0.2793537987813132
2662,36177225.0,7235445.0,38.1,7.62,73.798858,14.759771599999999,5,0.021828102258627156,0.762,0.22782964663419247,0.2,0.3028971702302894
2675,456342667.0,114085666.75,25.0,6.25,110.455104,27.613776,4,0.2753415830056241,0.625,0.4262471540974606,0.15000000000000002,0.39788606402174176
2679,113857533.0,56928766.5,11.0,5.5,43.016992,21.508496,2,0.0686977476365038,0.55,0.33200458172325625,0.05,0.26388001539925277
2689,0.0,0.0,5.9,5.9,6.7698,6.7698,1,0.0,0.5900000000000001,0.10449452084457478,0.0,0.19789890416891498
2690,280718104.0,140359052.0,13.9,6.95,56.16843,28.084215,2,0.16937571856215983,0.6950000000000001,0.43350896379417364,0.05,0.3679520801836987
2691,0.0,0.0,5.4,5.4,5.016607,5.016607,1,0.0,0.54,0.07743181148669954,0.0,0.1774863622973399
2710,322298085.5,161149042.75,13.899999999999999,6.949999999999999,63.69104300000001,31.845521500000004,2,0.19446365961053558,0.695,0.4915693967387422,0.05,0.38959934319196265
2746,25400000.0,8466666.666666666,22.4,7.466666666666666,36.281891,12.093963666666667,3,0.015325492692408823,0.7466666666666666,0.18667959338636525,0.10000000000000002,0.2774661157542366
2778,0.0,0.0,6.5,6.5,0.679351,0.679351,1,0.0,0.65,0.010480883358022058,0.0,0.19709617667160442
2836,105142025.0,35047341.666666664,19.1,6.366666666666667,83.408264,27.80275466666667,3,0.06343910770876243,0.6366666666666667,0.42916427430660975,0.10000000000000002,0.31220849794482697
2876,0.0,0.0,5.4,5.4,2.64486,2.64486,1,0.0,0.54,0.04082095362255538,0.0,0.17016419072451108
2880,0.0,0.0,6.4,6.4,11.706309,11.706309,1,0.0,0.6400000000000001,0.180695662595389,0.0,0.22813913251907783
2917,8000000.0,8000000.0,6.1,6.1,8.484123,8.484123,1,0.004826926832254747,0.61,0.13095722352164496,0.0,0.2111222154372309
2945,104719357.0,52359678.5,10.899999999999999,5.449999999999999,20.75997,10.379985,2,0.0631840842699705,0.5449999999999999,0.1602222059215519,0.05,0.22581807489229858
3026,792855286.5,72077753.31818181,73.5,6.681818181818182,249.340901,22.667354636363637,11,0.47838180706273437,0.6681818181818182,0.34989300271442647,0.5,0.5117858688225245
3045,232297987.5,232297987.5,6.3,6.3,15.401855,15.401855,1,0.14016067361781598,0.63,0.23774100062529122,0.0,0.2926124695721846
3087,0.0,0.0,6.1,6.1,4.227807,4.227807,1,0.0,0.61,0.06525570472521237,0.0,0.19605114094504247
3092,36037909.0,36037909.0,5.0,5.0,3.415534,3.415534,1,0.021744043741306857,0.5,0.05271726308287786,0.0,0.1692410701130983
3110,4300000.0,2150000.0,12.0,6.0,23.251653,11.6258265,2,0.0025944731723369268,0.6000000000000001,0.17945331534332082,0.05,0.22192845233759897
3111,4300000.0,4300000.0,6.5,6.5,22.87623,22.87623,1,0.0025944731723369268,0.65,0.35311725312958975,0.0,0.26666123989485274
3131,0.0,0.0,6.5,6.5,5.770246,5.770246,1,0.0,0.65,0.08906516458459564,0.0,0.21281303291691914
3146,61000000.0,15250000.0,30.4,7.6,73.22039600000001,18.305099000000002,4,0.036805317095942446,0.76,0.28255617417834283,0.15000000000000002,0.31423336167404553
3191,6852450.0,6852450.0,6.1,6.1,3.561198,3.561198,1,0.004134534346460506,0.61,0.054965767666175606,0.0,0.19564696727181932
3224,378411142.0,37841114.2,66.2,6.62,133.169934,13.316993400000001,10,0.22832036186799518,0.662,0.2055585748842606,0.45,0.3760398597240502
3227,125889597.0,41963199.0,17.0,5.666666666666667,62.373415,20.791138333333333,3,0.07595748420762959,0.5666666666666668,0.32093127602408705,0.10000000000000002,0.27456924888786927
3288,363057239.5,90764309.875,24.3,6.075,84.50908100000001,21.127270250000002,4,0.21905634137336102,0.6075,0.3261198892381802,0.15000000000000002,0.3500965143969805
3289,414781685.5,59254526.5,38.6,5.514285714285714,127.08165,18.154521428571428,7,0.250265105908475,0.5514285714285715,0.2802318225231707,0.30000000000000004,0.3515809782965956
3290,51854875.0,25927437.5,12.9,6.45,20.665048000000002,10.332524000000001,2,0.03128746094008949,0.645,0.15948958649583317,0.05,0.24291290167520244
3317,15250000.0,15250000.0,6.8,6.8,5.327714,5.327714,1,0.009201329273985611,0.68,0.08223413406054081,0.0,0.2241273585217024
3388,336008261.5,112002753.83333333,17.9,5.966666666666666,63.232006,21.077335333333334,3,0.20273591166170246,0.5966666666666666,0.3253490818390178,0.10000000000000002,0.3351641810324845
3415,528850495.5,132212623.875,25.9,6.475,125.827701,31.45692525,4,0.31909033087252103,0.6475,0.4855709314406773,0.15000000000000002,0.4340003186371439
3417,0.0,0.0,12.2,6.1,14.272158000000001,7.1360790000000005,2,0.0,0.61,0.11014849169712392,0.05,0.21002969833942478
3451,4000000.0,4000000.0,7.4,7.4,23.981601,23.981601,1,0.0024134634161273737,0.7400000000000001,0.37018002608477724,0.0,0.2970013905834064
3556,221716397.0,44343279.4,34.2,6.840000000000001,118.084734,23.6169468,5,0.13377610322876823,0.6840000000000002,0.3645511360363179,0.2,0.35162066849877094
3632,40977875.0,10244468.75,29.2,7.3,31.335624,7.833906,4,0.024724650545785126,0.73,0.12092031732218515,0.15000000000000002,0.2680739236827511
3776,0.0,0.0,14.7,7.35,8.90469,4.452345,2,0.0,0.735,0.06872172736721391,0.05,0.23924434547344278
3893,205419416.0,102709708.0,10.5,5.25,65.44883899999999,32.724419499999996,2,0.12394306136956251,0.525,0.5051362779259347,0.05,0.31310448013301195
3905,0.0,0.0,7.4,7.4,10.619574,10.619574,1,0.0,0.7400000000000001,0.1639205594241862,0.0,0.2547841118848373
3950,111340801.0,111340801.0,6.4,6.4,49.020045,49.020045,1,0.06717923748395452,0.6400000000000001,0.7566794775116508,0.0,0.370207590495912
3964,91353501.0,91353501.0,6.2,6.2,51.927471,51.927471,1,0.05511958314966386,0.6200000000000001,0.8015592054238256,0.0,0.3683596743446307
3974,47434430.0,47434430.0,6.9,6.9,24.444186,24.444186,1,0.028620315367463695,0.6900000000000001,0.37732059954606334,0.0,0.29391224605619815
4014,1123085514.0,124787279.33333333,51.7,5.7444444444444445,239.20640600000002,26.578489555555556,9,0.6776314503054018,0.5744444444444444,0.41026622321982875,0.4,0.5654391580994599
4027,94413748.0,47206874.0,13.3,6.65,48.320055,24.1600275,2,0.056966031694367245,0.665,0.3729342605080512,0.05,0.30187326477935716
4037,122668863.0,30667215.75,23.1,5.775,33.276177,8.31904425,4,0.0740142032871102,0.5775,0.12840902818182134,0.15000000000000002,0.24353748695120836
4065,79650000.0,15930000.0,36.0,7.2,44.460156,8.8920312,5,0.04805809027363633,0.7200000000000001,0.137253792730679,0.2,0.2826739946555904
4109,28198500.0,9399500.0,20.7,6.8999999999999995,50.776469,16.925489666666667,3,0.017014012034916936,0.69,0.26126019226681796,0.10000000000000002,0.2760576432673304
4135,118154099.0,29538524.75,25.9,6.475,48.349180000000004,12.087295000000001,4,0.07129014885049798,0.6475,0.1865766542417277,0.15000000000000002,0.27508139038854473
4319,3166000.0,1583000.0,14.8,7.4,4.187555,2.0937775,2,0.0019102562938648163,0.7400000000000001,0.03231431143900156,0.05,0.2342269648053463
4339,0.0,0.0,4.7,4.7,0.436148,0.436148,1,0.0,0.47000000000000003,0.00672674328105202,0.0,0.14234534865621043
4385,14500000.0,14500000.0,7.6,7.6,38.771062,38.771062,1,0.00874880488346173,0.76,0.5984737077288578,0.0,0.3511942634991562
4387,22441323.0,11220661.5,13.3,6.65,19.205483,9.6027415,2,0.01354032801749945,0.665,0.1482244880771402,0.05,0.23956102882242783
4429,0.0,0.0,7.2,7.2,18.223139,18.223139,1,0.0,0.7200000000000001,0.28129101988045807,0.0,0.27225820397609163
4453,16800000.0,5600000.0,21.2,7.066666666666666,34.66547,11.555156666666667,3,0.010136546347734969,0.7066666666666667,0.1783624387770389,0.10000000000000002,0.26172710629450174
4483,59520298.0,59520298.0,6.3,6.3,7.722021,7.722021,1,0.03591251543499982,0.63,0.11919323351766056,0.0,0.22720365287753205
4489,285164533.0,71291133.25,23.799999999999997,5.949999999999999,61.729645000000005,15.432411250000001,4,0.1720585419931368,0.595,0.23821267425895085,0.15000000000000002,0.3099659516490449
4499,844602043.0,140767007.16666666,36.6,6.1000000000000005,159.798296,26.633049333333332,6,0.5096040329917347,0.6100000000000001,0.4111084210888769,0.25000000000000006,0.49406329741446936
4522,0.0,0.0,7.0,7.0,3.481517,3.481517,1,0.0,0.7000000000000001,0.05373579256112736,0.0,0.22074715851222548
4586,82102379.0,82102379.0,4.2,4.2,32.271938,32.271938,1,0.04953777202338108,0.42000000000000004,0.49815166452380766,0.0,0.24544544171411398
4590,40000000.0,40000000.0,6.6,6.6,4.289003,4.289003,1,0.024134634161273736,0.66,0.06620034091864033,0.0,0.22089392184823756
4600,365199512.0,52171358.85714286,43.1,6.1571428571428575,148.281542,21.18307742857143,7,0.22034891544989244,0.6157142857142858,0.32698134228628245,0.30000000000000004,0.36825012035149923
4610,495289798.0,82548299.66666667,39.7,6.616666666666667,140.16715299999998,23.361192166666665,6,0.2988409519635292,0.6616666666666667,0.36060324592448767,0.25000000000000006,0.41515702997030923
4723,428667607.0,85733521.4,31.6,6.32,122.61426800000001,24.5228536,5,0.25864339679334164,0.6320000000000001,0.3785349315646612,0.2,0.38876434503026897
4746,0.0,0.0,6.6,6.6,18.587114,18.587114,1,0.0,0.66,0.2869094256341501,0.0,0.25538188512683
4755,405164703.0,81032940.6,27.4,5.4799999999999995,122.299881,24.4599762,5,0.24446254704915318,0.5479999999999999,0.3775643408759128,0.2,0.35769788699484384
4759,0.0,0.0,4.3,4.3,17.561955,17.561955,1,0.0,0.43,0.27108482442788817,0.0,0.18321696488557765
4760,10951359.0,5475679.5,13.399999999999999,6.699999999999999,4.0342579999999995,2.0171289999999997,2,0.006607676075844314,0.6699999999999999,0.03113114673425023,0.05,0.21486929977718777
4762,56369035.0,18789678.333333332,20.4,6.8,87.38564199999999,29.12854733333333,3,0.03401115094372587,0.68,0.44962952919115595,0.10000000000000002,0.31753036621572156
4780,79384880.0,79384880.0,7.4,7.4,11.086001,11.086001,1,0.047898125918415406,0.7400000000000001,0.17112043892271583,0.0,0.27538333815190935
4782,0.0,0.0,6.6,6.6,12.434688,12.434688,1,0.0,0.66,0.19193909625008634,0.0,0.23638781925001728
4786,0.0,0.0,6.8,6.8,5.609755,5.609755,1,0.0,0.68,0.08658778685860952,0.0,0.22131755737172193
4910,0.0,0.0,6.4,6.4,9.085482,9.085482,1,0.0,0.6400000000000001,0.14023994586695576,0.0,0.2200479891733912
4945,108103450.0,54051725.0,12.0,6.0,37.973822999999996,18.986911499999998,2,0.06522593043303868,0.6000000000000001,0.29308079612473786,0.05,0.2697065313981631
4955,0.0,0.0,6.0,6.0,8.218383,8.218383,1,0.0,0.6000000000000001,0.12685519688523825,0.0,0.20537103937704768
4956,0.0,0.0,7.6,7.6,8.429295,8.429295,1,0.0,0.76,0.13011088530978032,0.0,0.25402217706195607
4967,69701637.0,69701637.0,5.9,5.9,4.189378,4.189378,1,0.04205558773592254,0.5900000000000001,0.06466250542661045,0.0,0.20675473617969112
5010,14821658.0,7410829.0,13.3,6.65,18.9225,9.46125,2,0.008942882337337903,0.665,0.146040391208678,0.05,0.23728523117667077
5026,0.0,0.0,7.5,7.5,2.930853,2.930853,1,0.0,0.75,0.04523561044435812,0.0,0.2340471220888716
5045,14237000.0,14237000.0,7.3,7.3,14.961629,14.961629,1,0.008590119663851354,0.73,0.23094556607257513,0.0,0.2686251610800556
5058,21400000.0,21400000.0,3.0,3.0,7.89147,7.89147,1,0.01291202927628145,0.30000000000000004,0.12180888908894257,0.0,0.11952658952830111
5065,354027423.5,118009141.16666667,18.3,6.1000000000000005,53.338066,17.77935533333333,3,0.2136080587307706,0.6100000000000001,0.27444066832830594,0.10000000000000002,0.33333135715796947
5125,17872796.0,17872796.0,7.1,7.1,5.461487,5.461487,1,0.010783834822476916,0.71,0.08429908630420767,0.0,0.2341733511898323
5133,0.0,0.0,4.9,4.9,18.251129,18.251129,1,0.0,0.49000000000000005,0.2817230802611046,0.0,0.20334461605222093
5140,769651648.0,69968331.63636364,66.3,6.027272727272727,238.731619,21.702874454545455,11,0.46438152390253573,0.6027272727272728,0.33500505435849753,0.5,0.48357180225089563
5149,36609995.0,36609995.0,6.1,6.1,5.771479,5.771479,1,0.022089220899276518,0.61,0.08908419746953086,0.0,0.20965252785361677
5174,537202619.0,134300654.75,24.5,6.125,98.71528799999999,24.678821999999997,4,0.324129717001078,0.6125,0.3809424973478994,0.15000000000000002,0.40459038627001115
5192,0.0,0.0,13.5,6.75,14.358121,7.1790605,2,0.0,0.675,0.1108119644820743,0.05,0.22966239289641488
5216,168917017.0,24131002.42857143,46.9,6.7,101.806788,14.543826857142857,7,0.10191876022271641,0.67,0.2244962715789054,0.30000000000000004,0.3166667584048677
5231,941289160.0,156881526.66666666,39.1,6.516666666666667,188.500822,31.416803666666667,6,0.5679417379143165,0.6516666666666667,0.4849516050181284,0.25000000000000006,0.5446670161693523
5281,283125030.0,20223216.42857143,89.8,6.414285714285714,136.041724,9.717265999999999,14,0.1708279755237413,0.6414285714285715,0.14999231583931807,0.65,0.3557582248059315
5292,53593730.0,26796865.0,13.600000000000001,6.800000000000001,24.190592000000002,12.095296000000001,2,0.03233662667220203,0.6800000000000002,0.1867001596045556,0.05,0.25927468258979197
5306,562144542.0,62460504.666666664,62.3,6.922222222222222,212.825334,23.647259333333334,9,0.3391788216731695,0.6922222222222222,0.36501904760081816,0.4,0.4563420048560981
5342,259417107.0,43236184.5,37.4,6.233333333333333,70.985699,11.830949833333333,6,0.1565234243155251,0.6233333333333334,0.1826196485151499,0.25000000000000006,0.31113329942924006
5345,159291046.0,79645523.0,13.8,6.9,63.615283000000005,31.807641500000003,2,0.09611077800941566,0.6900000000000001,0.4909846719363523,0.05,0.34864124559103676
5367,32265022.0,16132511.0,13.5,6.75,45.59923,22.799615,2,0.019467612554386216,0.675,0.351934605538906,0.05,0.2856739661295357
5446,315617987.5,157808993.75,14.0,7.0,80.527347,40.2636735,2,0.19043311657574918,0.7000000000000001,0.6215140182986139,0.05,0.4154760502900225
5469,1072602.0,1072602.0,5.9,5.9,7.554799,7.554799,1,0.0006471714217662633,0.5900000000000001,0.11661195445469225,0.0,0.20058125945964497
5501,213930125.0,35655020.833333336,38.5,6.416666666666667,86.637288,14.439548,6,0.12907813257376402,0.6416666666666667,0.22288659802726074,0.25000000000000006,0.31370857263495777
5524,266451088.5,133225544.25,12.399999999999999,6.199999999999999,59.966088,29.983044,2,0.1607674885705168,0.62,0.46281974552060356,0.05,0.3478709445323275
5572,1326896306.0,102068946.61538461,80.1,6.161538461538461,324.77573,24.982748461538463,13,0.8006039228813883,0.6161538461538462,0.38563397940080685,0.6,0.6422145188788706
5575,30800231.0,30800231.0,6.0,6.0,22.736038,22.736038,1,0.018583807681693057,0.6000000000000001,0.3509532156560776,0.0,0.2576241662038928
5602,84053893.0,16810778.6,37.2,7.44,123.437337,24.6874674,5,0.050715248934646184,0.7440000000000001,0.381075949824314,0.2,0.33970128953872136
5655,238639964.0,39773327.333333336,43.9,7.316666666666666,161.70153,26.950255,6,0.14398720568498838,0.7316666666666667,0.4160048841500864,0.25000000000000006,0.38529585910401265
5656,22755442.0,7585147.333333333,19.9,6.633333333333333,48.543788000000006,16.18126266666667,3,0.013729856696202079,0.6633333333333333,0.24977212506755156,0.10000000000000002,0.26444636769199115
5690,406492557.5,135497519.16666666,21.0,7.0,95.058293,31.68609766666667,3,0.24526372911357572,0.7000000000000001,0.4891084920544215,0.10000000000000002,0.4159271900563146
5691,315617987.5,157808993.75,14.0,7.0,80.527347,40.2636735,2,0.19043311657574918,0.7000000000000001,0.6215140182986139,0.05,0.4154760502900225
5696,344354305.0,86088576.25,27.0,6.75,48.730457,12.18261425,4,0.20777162932586687,0.675,0.18804802513983226,0.15000000000000002,0.33821825675831324
5713,464595975.0,232297987.5,12.4,6.2,66.269535,33.1347675,2,0.28032134723563196,0.6200000000000001,0.5114705084753297,0.05,0.40542264058931876
5714,464595975.0,232297987.5,12.3,6.15,71.95839699999999,35.979198499999995,2,0.28032134723563196,0.6150000000000001,0.5553778303968353,0.05,0.41270410497361987
5834,102272727.0,102272727.0,7.4,7.4,59.961523,59.961523,1,0.06170787127052057,0.7400000000000001,0.9255747668834347,0.0,0.4317981018848952
5872,0.0,0.0,6.9,6.9,3.027892,3.027892,1,0.0,0.6900000000000001,0.04673352781761871,0.0,0.21634670556352376
5877,5359185.0,1071837.0,31.7,6.34,93.503057,18.7006114,5,0.003233549234439645,0.634,0.2886613988333783,0.2,0.26922569946045155
5892,0.0,0.0,5.9,5.9,2.213889,2.213889,1,0.0,0.5900000000000001,0.034168381478659735,0.0,0.18383367629573197
5917,0.0,0.0,11.0,5.5,11.931944999999999,5.9659724999999995,2,0.0,0.55,0.09208644597411415,0.05,0.18841728919482284
5953,155751562.0,51917187.333333336,21.0,7.0,85.574798,28.52493266666667,3,0.0939751742229236,0.7000000000000001,0.44031198783196124,0.10000000000000002,0.34565246725556176
6011,27778364.0,9259454.666666666,21.0,7.0,50.273972,16.757990666666668,3,0.016760516318467415,0.7000000000000001,0.25867463736514157,0.10000000000000002,0.2784391340004153
6037,108618102.0,54309051.0,9.600000000000001,4.800000000000001,65.650122,32.825061,2,0.06553645387654788,0.4800000000000001,0.5066898043567616,0.05,0.27655254242197147
6038,108618102.0,54309051.0,9.600000000000001,4.800000000000001,65.650122,32.825061,2,0.06553645387654788,0.4800000000000001,0.5066898043567616,0.05,0.27655254242197147
6046,15582761.0,7791380.5,11.5,5.75,21.858545999999997,10.929272999999998,2,0.009402105898939103,0.5750000000000001,0.16870114777094813,0.05,0.21500107191376527
6111,49800000.0,24900000.0,12.3,6.15,24.897451,12.4487255,2,0.030047619530785802,0.6150000000000001,0.19215578248064463,0.05,0.2399502043084433
6159,1036188629.5,115132069.94444445,57.9,6.433333333333334,272.531261,30.28125122222222,9,0.6252008373763529,0.6433333333333334,0.46742294401809886,0.4,0.576564923754161
6163,0.0,0.0,6.5,6.5,3.313339,3.313339,1,0.0,0.65,0.05113975645193188,0.0,0.20522795129038637
6198,5271666.0,5271666.0,3.4,3.4,3.809131,3.809131,1,0.003180743258260632,0.34,0.05879292116224026,0.0,0.1150308815357523
6201,326512195.0,163256097.5,14.100000000000001,7.050000000000001,98.867383,49.4336915,2,0.1970063093879868,0.7050000000000001,0.7630646245014017,0.05,0.44791544865547506
6220,81436008.0,20359002.0,23.8,5.95,46.038576,11.509644,4,0.04913570651586403,0.5950000000000001,0.17765989429385773,0.15000000000000002,0.2486862614651172
6284,0.0,0.0,6.9,6.9,4.321249,4.321249,1,0.0,0.6900000000000001,0.06669809794023124,0.0,0.22033961958804626
6349,336075603.0,168037801.5,12.2,6.1,33.273705,16.6368525,2,0.20277654322336175,0.61,0.25680471945157135,0.05,0.32047156117965897
6361,30114487.0,30114487.0,4.7,4.7,12.10235,12.10235,1,0.018170053167485847,0.47000000000000003,0.18680904684732375,0.0,0.1856298306364591
6400,0.0,0.0,4.7,4.7,1.354816,1.354816,1,0.0,0.47000000000000003,0.020907523765790734,0.0,0.14518150475315816
6431,63230037.0,21076679.0,21.2,7.066666666666666,92.590593,30.863531,3,0.038150845274970056,0.7066666666666667,0.47641115489446456,0.10000000000000002,0.33254256908888097
6449,132941610.0,66470805.0,12.2,6.1,12.382856,6.191428,2,0.08021242805401825,0.61,0.09556663136707115,0.05,0.23919829749502153
6482,396059831.0,66009971.833333336,39.5,6.583333333333333,93.443079,15.5738465,6,0.23896897817902257,0.6583333333333333,0.24039590283886667,0.25000000000000006,0.36616677183938234
6495,43204608.0,8640921.6,31.4,6.279999999999999,23.45858,4.691716,5,0.026068185204031015,0.628,0.07241671576934873,0.2,0.23331061723548213
6593,18600000.0,9300000.0,13.7,6.85,8.154651,4.0773255,2,0.011222604884992287,0.685,0.06293283605174796,0.05,0.22757560916434652
6648,0.0,0.0,7.8,7.8,11.347855,11.347855,1,0.0,0.78,0.17516248032728285,0.0,0.26903249606545654
6720,0.0,0.0,5.7,5.7,8.680334,8.680334,1,0.0,0.5700000000000001,0.13398598376984241,0.0,0.1977971967539685
6733,94073028.0,94073028.0,5.7,5.7,56.805781,56.805781,1,0.05676045288058152,0.5700000000000001,0.8768619733949597,0.0,0.36907657583122455
6737,1197059685.0,149632460.625,48.4,6.05,189.333192,23.666649,8,0.7222649391671144,0.605,0.36531835116497,0.35000000000000003,0.5784696458998398
6767,232297987.5,58074496.875,24.3,6.075,57.101368,14.275342,4,0.14016067361781598,0.6075,0.22035187466661577,0.15000000000000002,0.29738464438044954
6778,5778353.0,5778353.0,5.0,5.0,4.020194,4.020194,1,0.0034864608927424644,0.5,0.06205094045914666,0.0,0.16380477244892633
6818,17766245.0,8883122.5,12.9,6.45,34.418508,17.209254,2,0.010719545587363967,0.645,0.26564044685323895,0.05,0.2559159076055934
6884,60378584.0,60378584.0,7.0,7.0,19.683187,19.683187,1,0.03643037590039339,0.7000000000000001,0.30382867242216166,0.0,0.2853378848445897
6980,3031801.0,3031801.0,5.6,5.6,2.080741,2.080741,1,0.0018292851996195968,0.5599999999999999,0.03211307688550749,0.0,0.17515432945694934
7017,386018931.5,128672977.16666667,19.0,6.333333333333333,68.731078,22.910359333333332,3,0.23291064227695715,0.6333333333333333,0.3536440817380647,0.10000000000000002,0.3638930732583958
7018,36348784.0,36348784.0,7.2,7.2,31.02233,31.02233,1,0.021931615101179004,0.7200000000000001,0.4788624145009775,0.0,0.3205451289406671
7087,23159305.0,23159305.0,7.6,7.6,61.245957,61.245957,1,0.01397353384010894,0.76,0.94540159942918,0.0,0.4226697334218796
7130,0.0,0.0,4.9,4.9,5.359381,5.359381,1,0.0,0.49000000000000005,0.08272295349869499,0.0,0.163544590699739
7131,0.0,0.0,4.9,4.9,5.359381,5.359381,1,0.0,0.49000000000000005,0.08272295349869499,0.0,0.163544590699739
7145,86703570.0,28901190.0,16.4,5.466666666666666,49.663232,16.554410666666666,3,0.05231397356065972,0.5466666666666666,0.25553212745831655,0.10000000000000002,0.2460320149159272
7187,1093660285.5,99423662.31818181,71.0,6.454545454545454,263.754676,23.97769781818182,11,0.6598772721814172,0.6454545454545455,0.3701197756302543,0.5,0.5816112276349814
7191,882290.0,882290.0,5.9,5.9,6.41678,6.41678,1,0.0005323436593537551,0.5900000000000001,0.09904521910910291,0.0,0.19702198128556211
7213,300270331.0,100090110.33333333,18.6,6.2,63.938214,21.312738,3,0.1811728647042393,0.6200000000000001,0.32898281409215174,0.10000000000000002,0.33426570870012606
7256,457590987.5,91518197.5,29.8,5.96,143.293499,28.6586998,5,0.27609477697021206,0.596,0.44237684951634865,0.2,0.3977132806913546
7270,451092896.5,112773224.125,24.799999999999997,6.199999999999999,61.860691,15.46517275,4,0.27217405074442047,0.62,0.23871838866268622,0.15000000000000002,0.35761329803030545
7312,66002004.0,33001002.0,10.7,5.35,18.447691,9.2238455,2,0.03982335551127315,0.535,0.14237575817412237,0.05,0.20990449383933374
7313,192452832.0,192452832.0,6.8,6.8,30.380747,30.380747,1,0.11611946734052689,0.68,0.4689587848047868,0.0,0.34423954389716815
7314,417287396.0,208643698.0,13.3,6.65,62.169776,31.084888,2,0.25177696606426403,0.665,0.4798280748544069,0.05,0.40117640139658706
7324,2074000.0,1037000.0,9.7,4.85,0.536748,0.268374,2,0.0012513807812620432,0.485,0.004136943413149195,0.05,0.15182794099513464
7348,0.0,0.0,6.2,6.2,2.179428,2.179428,1,0.0,0.6200000000000001,0.03363643318364502,0.0,0.19272728663672903
7395,953355861.5,95335586.15,57.6,5.76,282.078891,28.2078891,10,0.5752223735702113,0.576,0.43541802698538923,0.45,0.5349725548251624
7396,985794849.5,89617713.5909091,62.0,5.636363636363637,317.429194,28.857199454545455,11,0.59479495126876,0.5636363636363637,0.44544093798727125,0.5,0.5460970771958673
7397,0.0,0.0,5.7,5.7,13.525704,13.525704,1,0.0,0.5700000000000001,0.20878028196825404,0.0,0.21275605639365083
7399,407648426.0,101912106.5,23.0,5.75,138.06728099999998,34.516820249999995,4,0.24596114069822672,0.5750000000000001,0.5328042075549531,0.15000000000000002,0.3924452977902813
7409,232297987.5,116148993.75,10.8,5.4,39.341944,19.670972,2,0.14016067361781598,0.54,0.303640118740504,0.05,0.2837922931952272
7426,13350369.0,13350369.0,6.9,6.9,9.773398,9.773398,1,0.008055156793325247,0.6900000000000001,0.15085878290921642,0.0,0.24039381929917342
7467,465594608.0,155198202.66666666,20.2,6.733333333333333,161.824708,53.94156933333333,3,0.28092388828854137,0.6733333333333333,0.8326493123391401,0.10000000000000002,0.4908994177832446
7482,22788842.0,11394421.0,14.0,7.0,17.291574,8.645787,2,0.013750009115726743,0.7000000000000001,0.1334527079581169,0.05,0.2471905452379141
7501,0.0,0.0,5.1,5.1,2.637355,2.637355,1,0.0,0.51,0.04070510463517587,0.0,0.16114102092703517
7623,144686396.0,20669485.14285714,47.9,6.8428571428571425,185.828806,26.546972285714283,7,0.08729883088932949,0.6842857142857143,0.4097797150524632,0.30000000000000004,0.35216118965193877
7671,6482195.0,6482195.0,5.8,5.8,4.131546,4.131546,1,0.003911135122175945,0.58,0.06376979674731238,0.0,0.18831841339833283
7678,4350774.0,4350774.0,6.0,6.0,8.738737,8.738737,1,0.0026251084702095394,0.6000000000000001,0.13488750654265066,0.0,0.20802754469661397
7767,16653514.0,4163378.5,27.9,6.975,25.63266,6.408165,4,0.010048161697241261,0.6975,0.09891223589440945,0.15000000000000002,0.2480517118577784
7775,11203026.0,5601513.0,12.2,6.1,8.677539,4.3387695,2,0.006759523350230947,0.61,0.06696854859757738,0.05,0.20409751905960785
7791,266794793.0,66698698.25,23.9,5.975,58.229034,14.5572585,4,0.1609748681296939,0.5975,0.22470360565270198,0.15000000000000002,0.30358066838241793
7832,15071514.0,15071514.0,5.7,5.7,15.673154,15.673154,1,0.009093636916162884,0.5700000000000001,0.24192883732443513,0.0,0.22302322223135218
7881,197309027.0,197309027.0,6.1,6.1,26.61951,26.61951,1,0.11904952958404705,0.61,0.41089942467895546,0.0,0.3127996967694099
7908,211818325.0,30259760.714285713,43.8,6.257142857142857,110.50633400000001,15.786619142857145,7,0.12780394456321956,0.6257142857142858,0.24368031259463793,0.30000000000000004,0.31757192605850115
8029,120539000.0,60269500.0,10.100000000000001,5.050000000000001,36.99625,18.498125,2,0.07272911667914438,0.5050000000000001,0.2855357699995178,0.05,0.24269880067156135
8193,302297987.5,151148993.75,13.9,6.95,76.364855,38.1824275,2,0.18239628340004502,0.6950000000000001,0.5893874038299042,0.05,0.40433599412599885
8246,928750217.5,71442324.42307693,82.0,6.3076923076923075,199.401663,15.338589461538463,13,0.5603761681641478,0.6307692307692307,0.23676441853777772,0.6,0.5207341202039839
8296,97607453.0,97607453.0,6.3,6.3,32.927994,32.927994,1,0.05889300423921802,0.63,0.5082787029334352,0.0,0.3142129422823743
8297,418961.0,209480.5,12.399999999999999,6.199999999999999,17.204854,8.602427,2,0.00025278676157103515,0.62,0.13278339255601487,0.05,0.2176577932158314
8300,586365661.0,117273132.2,31.7,6.34,120.285707,24.0571414,5,0.35379301782421135,0.634,0.3713460858910721,0.2,0.425986424307899
8328,117490582.0,39163527.333333336,18.7,6.233333333333333,50.363182,16.787727333333333,3,0.07088980534912832,0.6233333333333334,0.259133659713093,0.10000000000000002,0.27718265408226994
8392,0.0,0.0,5.6,5.6,11.60921,11.60921,1,0.0,0.5599999999999999,0.179196819047679,0.0,0.2038393638095358
8482,13129846.0,13129846.0,8.0,8.0,22.139842,22.139842,1,0.007922100745096583,0.8,0.34175019062213796,0.0,0.3115188784224662
8500,26000000.0,6500000.0,27.3,6.825,29.867918,7.4669795,4,0.01568751220482793,0.6825000000000001,0.11525635150370286,0.15000000000000002,0.24907627518267178
8557,102311649.0,51155824.5,13.2,6.6,38.283474999999996,19.141737499999998,2,0.061731355476291196,0.66,0.2954707275464595,0.05,0.2867866876998084
8574,44711486.0,11177871.5,25.2,6.3,45.491743,11.37293575,4,0.02697738393542281,0.63,0.17554963282431402,0.15000000000000002,0.24990088013903194
8636,36000000.0,36000000.0,6.6,6.6,8.988455,8.988455,1,0.021721170745146363,0.66,0.13874221372858506,0.0,0.23443691104377556
8685,24444367.0,12222183.5,12.9,6.45,45.752514,22.876257,2,0.01474889637122281,0.645,0.353117669908092,0.05,0.27502309253010754
8789,0.0,0.0,6.2,6.2,2.486992,2.486992,1,0.0,0.6200000000000001,0.03838406515624902,0.0,0.19367681303124984
8843,232297987.5,116148993.75,11.3,5.65,46.412509,23.2062545,2,0.14016067361781598,0.5650000000000001,0.35821159078920745,0.05,0.3022065876049679
8844,75715436.0,18928859.0,24.0,6.0,44.387865,11.09696625,4,0.04568410870553338,0.6000000000000001,0.17128970116240447,0.15000000000000002,0.2475315837146943
8858,905379808.0,113172476.0,46.8,5.85,132.836961,16.604620125,8,0.5462752610771064,0.585,0.2563071727487617,0.35000000000000003,0.48027153898059494
8876,275460036.0,91820012.0,19.5,6.5,103.330665,34.443554999999996,3,0.16620317987278233,0.65,0.5316732675119674,0.10000000000000002,0.37781592545150644
8965,10382407.0,3460802.3333333335,16.2,5.3999999999999995,16.529894,5.509964666666666,3,0.006264389866461189,0.5399999999999999,0.08504739924143018,0.10000000000000002,0.1915152357948705
9032,200276000.0,200276000.0,6.7,6.7,38.832842,38.832842,1,0.12083969978208146,0.67,0.5994273586869265,0.0,0.3692213516502179
9033,19125401.0,19125401.0,6.4,6.4,8.775844,8.775844,1,0.011539613908066472,0.6400000000000001,0.13546029913088403,0.0,0.22370790538940344
9039,38574362.0,38574362.0,4.4,4.4,8.885017,8.885017,1,0.02327445287186349,0.44000000000000006,0.1371455198502956,0.0,0.16873888511880453
9048,3830137.0,3830137.0,6.0,6.0,11.637458,11.637458,1,0.0023109738820639627,0.6000000000000001,0.17963286197845804,0.0,0.21685096194851722
9049,39117967.0,19558983.5,13.4,6.7,67.94898599999999,33.974492999999995,2,0.023602445566944467,0.67,0.5244327135188682,0.05,0.32032752093055145
9108,12348905.0,12348905.0,6.3,6.3,18.30961,18.30961,1,0.007450907611683101,0.63,0.28262580706069707,0.0,0.24850552445681268
9158,232297987.5,232297987.5,6.5,6.5,35.310712,35.310712,1,0.14016067361781598,0.65,0.5450589117956528,0.0,0.36007605180625696
9168,180002790.0,60000930.0,20.2,6.733333333333333,34.35732,11.452440000000001,3,0.10860753711646456,0.6733333333333333,0.17677687957379673,0.10000000000000002,0.29079839076134517
9181,507820986.0,101564197.2,33.4,6.68,96.353004,19.2706008,5,0.3064018429131828,0.668,0.2974598924785558,0.2,0.4024527156609843
9198,71485043.0,71485043.0,6.8,6.8,21.891078,21.891078,1,0.04313163402019805,0.68,0.33791020960994905,0.0,0.288834695530069
9200,67200000.0,67200000.0,6.3,6.3,25.041992,25.041992,1,0.040546185390939876,0.63,0.3865484769277287,0.0,0.2825281695419217
9248,361838486.5,120612828.83333333,17.8,5.933333333333334,54.345867999999996,18.115289333333333,3,0.21832098742866213,0.5933333333333334,0.27962622645306945,0.10000000000000002,0.33125364026207876
9281,32438988.0,32438988.0,4.4,4.4,35.350303,35.350303,1,0.01957257769854872,0.44000000000000006,0.5456700480060914,0.0,0.2489630406806378
9339,100957083.0,50478541.5,12.600000000000001,6.300000000000001,32.420647,16.2103235,2,0.0609140566048587,0.6300000000000001,0.25022071508941324,0.05,0.26840976565982616
9340,100957083.0,50478541.5,12.600000000000001,6.300000000000001,32.420647,16.2103235,2,0.0609140566048587,0.6300000000000001,0.25022071508941324,0.05,0.26840976565982616
9577,261925216.0,130962608.0,15.3,7.65,53.000909,26.5004545,2,0.15803673164431506,0.7650000000000001,0.40906165530960686,0.05,0.37952702371964747
9622,303286201.0,151643100.5,11.0,5.5,64.27811799999999,32.139058999999996,2,0.1829925376824383,0.55,0.4961005122794369,0.05,0.3424171175288627
9778,0.0,0.0,6.4,6.4,5.769822,5.769822,1,0.0,0.6400000000000001,0.0890586196184865,0.0,0.20981172392369735
9789,87754044.0,29251348.0,19.3,6.433333333333334,22.099451000000002,7.366483666666667,3,0.052947793702807965,0.6433333333333334,0.11370507361862264,0.10000000000000002,0.24692013220484776
9855,284894423.0,71223605.75,26.8,6.7,121.383048,30.345762,4,0.17189556684230425,0.67,0.46841874791958066,0.15000000000000002,0.37844197632083787
9868,81974493.0,81974493.0,6.5,6.5,25.289665,25.289665,1,0.04946060997777237,0.65,0.3903716170011792,0.0,0.2928585673913448
9915,507480445.0,84580074.16666667,38.7,6.45,148.593271,24.765545166666666,6,0.30619637210188494,0.645,0.38228117703353276,0.25000000000000006,0.41743478424746056
9956,0.0,0.0,7.7,7.7,0.092562,0.092562,1,0.0,0.77,0.0014230670415079898,0.0,0.2312846134083016
10051,165969535.0,33193907.0,31.8,6.36,91.528297,18.3056594,5,0.10014035022854292,0.6360000000000001,0.2825648246477002,0.2,0.30736910502095727
10076,507331559.0,169110519.66666666,19.0,6.333333333333333,85.73676499999999,28.578921666666663,3,0.30610653937334154,0.6333333333333333,0.44114537503777496,0.10000000000000002,0.41067169075689164
10099,35880749.0,17940374.5,13.9,6.95,44.397055,22.1985275,2,0.021649218763687212,0.6950000000000001,0.34265607413297877,0.05,0.2906909023320707
10179,882593674.0,176518734.8,30.6,6.12,130.507551,26.1015102,5,0.5325268858761124,0.6120000000000001,0.40290345501968955,0.2,0.497191445354383
10367,13820688.0,4606896.0,18.8,6.266666666666667,14.899849,4.9666163333333335,3,0.00833893121842765,0.6266666666666667,0.07666014351711124,0.10000000000000002,0.2166676011907933
10395,0.0,0.0,6.5,6.5,9.779444,9.779444,1,0.0,0.65,0.1509521104212346,0.0,0.22519042208424694
10400,105187599.0,35062533.0,18.6,6.2,11.079406,3.6931353333333337,3,0.06346660550419407,0.6200000000000001,0.05700238411710435,0.10000000000000002,0.23278711902509855
10491,590269641.5,118053928.3,31.5,6.3,158.532852,31.706570399999997,5,0.35614854635271753,0.63,0.4894245140964677,0.2,0.4493443213603806
10586,278608998.0,55721799.6,31.799999999999997,6.359999999999999,75.511439,15.1022878,5,0.16810315601922615,0.636,0.23311680918330366,0.2,0.32466462424435116
10702,897561238.0,149593539.66666666,37.6,6.266666666666667,166.465837,27.744306166666664,6,0.5415578029117487,0.6266666666666667,0.428262049184844,0.25000000000000006,0.5152755310016683
10707,5028948.0,5028948.0,7.8,7.8,64.782984,64.782984,1,0.003034295504901731,0.78,0.9999999999999999,0.0,0.43521371820196064
10723,278860592.5,55772118.5,32.6,6.5200000000000005,104.34539199999999,20.8690784,5,0.16825495954958836,0.6520000000000001,0.3221343776629445,0.2,0.3473288593524243
10757,121140078.0,40380026.0,18.5,6.166666666666667,37.447872000000004,12.482624000000001,3,0.07309178661995412,0.6166666666666667,0.19267904789019621,0.10000000000000002,0.26277252422602093
10765,296236439.0,59247287.8,26.0,5.2,82.589505,16.517901000000002,5,0.17873895201258708,0.52,0.25496855545126834,0.2,0.29848929189528856
10781,600960075.0,100160012.5,38.3,6.383333333333333,121.641571,20.273595166666667,6,0.36259878889141567,0.6383333333333333,0.31294235506692236,0.25000000000000006,0.42412798656995077
10808,179265204.0,179265204.0,5.7,5.7,47.436675,47.436675,1,0.10816250290965262,0.5700000000000001,0.7322381968791255,0.0,0.3607126405396862
10828,315398095.0,157699047.5,12.7,6.35,125.749347,62.8746735,2,0.19030044094969148,0.635,0.970542859556203,0.05,0.4657287482911172
10855,64626786.0,64626786.0,4.8,4.8,23.328823,23.328823,1,0.03899359592822318,0.48,0.36010358767256867,0.0,0.23161815590580298
10930,160000000.0,160000000.0,5.8,5.8,23.380757,23.380757,1,0.09653853664509494,0.58,0.3609052534034904,0.0,0.28479646533873604
10943,114156230.0,114156230.0,6.7,6.7,16.801218,16.801218,1,0.06887797120700555,0.67,0.25934190489262765,0.0,0.28041956946132773
10965,357668607.5,71533721.5,32.6,6.5200000000000005,96.77770000000001,19.35554,5,0.2158050248246177,0.6520000000000001,0.2987710344251016,0.2,0.36167621681486745
10995,0.0,0.0,5.7,5.7,7.922639,7.922639,1,0.0,0.5700000000000001,0.1222900212791667,0.0,0.19545800425583335
11011,0.0,0.0,5.9,5.9,1.452152,1.452152,1,0.0,0.5900000000000001,0.022410025702575873,0.0,0.18148200514051518
11012,61548707.0,61548707.0,5.9,5.9,31.565117,31.565117,1,0.0371363881636107,0.5900000000000001,0.48724100534878095,0.0,0.2893027563352005
11013,0.0,0.0,6.3,6.3,2.85283,2.85283,1,0.0,0.63,0.044031228626595045,0.0,0.19780624572531902
11037,0.0,0.0,7.7,7.7,7.759215,7.759215,1,0.0,0.77,0.11976736905884561,0.0,0.2549534738117691
11057,777423.0,777423.0,6.2,6.2,3.849873,3.849873,1,0.0004690704923389978,0.6200000000000001,0.05942182448586667,0.0,0.19807199309410897
11091,1152807668.5,128089740.94444445,53.4,5.933333333333334,258.840532,28.76005911111111,9,0.6955647834389608,0.5933333333333334,0.44394145625235226,0.4,0.5850142046260549
11151,394740838.0,131580279.33333333,20.3,6.766666666666667,86.076589,28.69219633333333,3,0.23817314284111554,0.6766666666666667,0.4428939100716305,0.10000000000000002,0.3968480391507724
11181,50549107.0,12637276.75,27.400000000000002,6.8500000000000005,57.921469,14.48036725,4,0.030499605115602034,0.685,0.22351669380049077,0.15000000000000002,0.27740318080633897
11218,38474059.0,19237029.5,14.1,7.05,27.463476,13.731738,2,0.02321393346660653,0.7050000000000001,0.21196067241005964,0.05,0.2681777078686546
11266,105191612.0,26297903.0,23.4,5.85,90.904876,22.726219,4,0.0634690268113663,0.585,0.3508016472074328,0.15000000000000002,0.2860479401660331
11357,173066.0,173066.0,5.9,5.9,7.5591,7.5591,1,0.00010442211489387501,0.5900000000000001,0.11667834572647363,0.0,0.2003774379912523
11401,684280820.5,114046803.41666667,38.0,6.333333333333333,136.344797,22.724132833333332,6,0.41287168165859306,0.6333333333333333,0.35076944463636833,0.25000000000000006,0.4503025615907109
11426,167620000.0,83810000.0,14.100000000000001,7.050000000000001,78.88346,39.44173,2,0.10113618445281759,0.7050000000000001,0.6088263004893967,0.05,0.3787197338790064
11427,315617987.5,157808993.75,14.0,7.0,80.527347,40.2636735,2,0.19043311657574918,0.7000000000000001,0.6215140182986139,0.05,0.4154760502900225
11428,315617987.5,157808993.75,14.0,7.0,80.527347,40.2636735,2,0.19043311657574918,0.7000000000000001,0.6215140182986139,0.05,0.4154760502900225
11429,167620000.0,83810000.0,14.100000000000001,7.050000000000001,78.88346,39.44173,2,0.10113618445281759,0.7050000000000001,0.6088263004893967,0.05,0.3787197338790064
11430,83320000.0,83320000.0,7.2,7.2,32.875469,32.875469,1,0.05027244295793319,0.7200000000000001,0.5074679143841869,0.0,0.3376025600600107
11431,83320000.0,83320000.0,7.2,7.2,32.875469,32.875469,1,0.05027244295793319,0.7200000000000001,0.5074679143841869,0.0,0.3376025600600107
11432,83320000.0,83320000.0,7.2,7.2,32.875469,32.875469,1,0.05027244295793319,0.7200000000000001,0.5074679143841869,0.0,0.3376025600600107
11434,83320000.0,83320000.0,7.2,7.2,32.875469,32.875469,1,0.05027244295793319,0.7200000000000001,0.5074679143841869,0.0,0.3376025600600107
11435,9012000.0,9012000.0,7.3,7.3,5.344815,5.344815,1,0.005437533076534972,0.73,0.08249810921486153,0.0,0.23767463507358627
11447,102458115.0,51229057.5,13.8,6.9,29.553549,14.7767745,2,0.061819728059467824,0.6900000000000001,0.22809210749328845,0.05,0.2823463127224448
11448,122159279.0,40719759.666666664,19.5,6.5,59.043606,19.681202,3,0.07370673770174924,0.65,0.30379803148412726,0.10000000000000002,0.29524230137752516
11472,110627965.0,27656991.25,25.0,6.25,37.841753,9.46043825,4,0.06674913658202988,0.625,0.14602786084018962,0.15000000000000002,0.2584052268008499
11558,5000000.0,5000000.0,6.7,6.7,2.043661,2.043661,1,0.003016829270159217,0.67,0.03154070107577632,0.0,0.20851487192321896
11572,0.0,0.0,7.8,7.8,3.225189,3.225189,1,0.0,0.78,0.04977905182335037,0.0,0.24395581036467007
11614,1001032992.5,166838832.08333334,33.5,5.583333333333333,169.77746100000002,28.296243500000003,6,0.6039891264338144,0.5583333333333333,0.4367818867815951,0.25000000000000006,0.5214520279298448
11649,681436767.5,113572794.58333333,38.4,6.3999999999999995,167.06358,27.84393,6,0.4111556771913362,0.64,0.42979986666792624,0.25000000000000006,0.46742224421011974
11676,77888381.0,25962793.666666668,19.8,6.6000000000000005,27.888155,9.296051666666667,3,0.046995189521222606,0.6600000000000001,0.14349034995172263,0.10000000000000002,0.2554961457988336
11694,57146466.0,19048822.0,20.3,6.766666666666667,37.663553,12.554517666666667,3,0.0344802262629917,0.6766666666666667,0.19378881584253912,0.10000000000000002,0.26554985367370454
11701,167474560.0,55824853.333333336,18.5,6.166666666666667,58.590395,19.530131666666666,3,0.10104843092300721,0.6166666666666667,0.30146607343752463,0.10000000000000002,0.29571258705670783
11720,0.0,0.0,7.0,7.0,2.387463,2.387463,1,0.0,0.7000000000000001,0.0368477115433382,0.0,0.21736954230866767
11770,255907979.0,25590797.9,64.6,6.459999999999999,240.573299,24.0573299,10,0.15440613630289804,0.6459999999999999,0.3713489956224673,0.45,0.3748322536456527
11777,14400000.0,14400000.0,5.0,5.0,12.030456,12.030456,1,0.008688468298058544,0.5,0.1856992737495672,0.0,0.19061524206913685
11805,0.0,0.0,8.0,8.0,0.098351,0.098351,1,0.0,0.8,0.0015124274396345733,0.0,0.2403024854879269
11809,50041732.0,50041732.0,6.0,6.0,14.993169,14.993169,1,0.030193472365412626,0.6000000000000001,0.23143242510814474,0.0,0.23836387396779402
11873,183939155.0,61313051.666666664,16.5,5.5,55.774656,18.591552,3,0.11098260534647061,0.55,0.2869779316709243,0.10000000000000002,0.27678862847277313
11887,509682982.5,127420745.625,24.2,6.05,69.473611,17.36840275,4,0.3075253080216096,0.605,0.2680971052849799,0.15000000000000002,0.3731295442656398
11916,5000000.0,5000000.0,5.9,5.9,5.033065,5.033065,1,0.003016829270159217,0.5900000000000001,0.07768586113817083,0.0,0.19374390393569788
11983,0.0,0.0,5.8,5.8,1.866443,1.866443,1,0.0,0.58,0.028805121349537437,0.0,0.17976102426990748
12028,198179287.0,66059762.333333336,16.9,5.633333333333333,70.290531,23.430177,3,0.1195746147521768,0.5633333333333334,0.3616681124249822,0.10000000000000002,0.29916346838586716
12058,238703232.5,119351616.25,10.8,5.4,54.540438,27.270219,2,0.1440253797375242,0.54,0.4209439255089005,0.05,0.3087989369967898
12079,122563539.0,122563539.0,7.4,7.4,41.670544,41.670544,1,0.07395065438190014,0.7400000000000001,0.6432308101439318,0.0,0.3802264237815465
12080,232297987.5,232297987.5,6.0,6.0,36.167578,36.167578,1,0.14016067361781598,0.6000000000000001,0.5582857017250246,0.0,0.34772140979213134
12095,232297987.5,232297987.5,6.4,6.4,41.247402,41.247402,1,0.14016067361781598,0.6400000000000001,0.6366990883294424,0.0,0.37540408711301493
12098,232297987.5,232297987.5,6.4,6.4,20.678787,20.678787,1,0.14016067361781598,0.6400000000000001,0.31919699378592514,0.0,0.3119036682043115
12112,0.0,0.0,6.3,6.3,11.095414,11.095414,1,0.0,0.63,0.17126574025758637,0.0,0.22325314805151728
12219,0.0,0.0,6.5,6.5,5.75555,5.75555,1,0.0,0.65,0.08883831358945515,0.0,0.21276766271789105
12453,105134786.0,35044928.666666664,19.2,6.3999999999999995,43.345813,14.448604333333334,3,0.0634347399433451,0.64,0.22302639376957095,0.10000000000000002,0.27197917473125227
12523,291792124.0,72948031.0,23.5,5.875,82.830066,20.7075165,4,0.17605740409702555,0.5875,0.3196404692666606,0.15000000000000002,0.32560105549214235
12524,68369434.0,68369434.0,5.5,5.5,25.454549,25.454549,1,0.041251781935083755,0.55,0.3929168061331025,0.0,0.26008407400065403
12632,23619609.0,23619609.0,5.4,5.4,9.448517,9.448517,1,0.014251265556183215,0.54,0.14584384155427385,0.0,0.19686927453332806
12640,0.0,0.0,6.1,6.1,6.337735,6.337735,1,0.0,0.61,0.09782506145321834,0.0,0.20256501229064366
12648,0.0,0.0,5.5,5.5,6.015354,6.015354,1,0.0,0.55,0.09284871070033422,0.0,0.18356974214006685
12677,14110013.0,14110013.0,6.5,6.5,3.258422,3.258422,1,0.008513500044145413,0.65,0.050292044414633974,0.0,0.20846380890058497
12698,190582460.0,47645615.0,18.7,4.675,38.485901,9.62147525,4,0.11499094874138964,0.4675,0.14851366675366529,0.15000000000000002,0.23094911284728895
12708,171844840.0,171844840.0,5.3,5.3,26.676487,26.676487,1,0.10368530864756549,0.53,0.4117789353723496,0.0,0.28282991053349615
12714,0.0,0.0,5.3,5.3,2.525569,2.525569,1,0.0,0.53,0.0389795490184928,0.0,0.16679590980369857
12786,493862437.0,82310406.16666667,34.8,5.8,177.147796,29.524632666666665,6,0.29797973107475245,0.58,0.4557435977831006,0.25000000000000006,0.4093406119865211
12804,16519460.0,16519460.0,5.8,5.8,9.904881,9.904881,1,0.009967278091044876,0.58,0.15288838616139772,0.0,0.2085645884686975
12824,90874570.0,90874570.0,7.0,7.0,14.530946,14.530946,1,0.054830612537826534,0.7000000000000001,0.22429743956603662,0.0,0.276791732928338
12833,9482579.0,2370644.75,23.6,5.9,11.563711999999999,2.8909279999999997,4,0.005721464376759424,0.5900000000000001,0.04461931852948442,0.15000000000000002,0.20321244945660066
12840,79567667.0,79567667.0,7.0,7.0,23.161754,23.161754,1,0.04800841335277632,0.7000000000000001,0.3575246703544463,0.0,0.30070829941199984
12846,2945600.0,2945600.0,3.7,3.7,11.725805,11.725805,1,0.001777274459636198,0.37000000000000005,0.18099660754648172,0.0,0.14791023129315084
12881,176558982.0,88279491.0,13.7,6.85,60.009728,30.004864,2,0.10652966096142287,0.685,0.4631565642953699,0.05,0.3457431772436432
12891,38869464.0,38869464.0,7.4,7.4,45.388937,45.388937,1,0.023452507342119993,0.7400000000000001,0.7006288199679258,0.0,0.37150676693043316
12905,149044513.0,149044513.0,5.9,5.9,23.230851,23.230851,1,0.08992836987500519,0.5900000000000001,0.3585912682866199,0.0,0.2846896016073261
12920,49797148.0,49797148.0,6.6,6.6,7.559192,7.559192,1,0.0300458987313701,0.66,0.11667976586062939,0.0,0.23335431266467394
12936,83453539.0,83453539.0,7.1,7.1,46.116885,46.116885,1,0.05035301583071475,0.71,0.7118656006028284,0.0,0.3755143264528516
12962,726286975.0,121047829.16666667,37.4,6.233333333333333,126.741039,21.1235065,6,0.4382167609430791,0.6233333333333334,0.3260617910867811,0.25000000000000006,0.4524990625945879
12964,123486287.0,41162095.666666664,18.0,6.0,23.919242,7.973080666666667,3,0.07450740901697632,0.6000000000000001,0.12306865099336635,0.10000000000000002,0.24441669380546382
12987,576319787.0,96053297.83333333,33.3,5.55,160.00322400000002,26.667204,6,0.34773168047870506,0.555,0.4116356407487861,0.25000000000000006,0.41291980034123926
12988,38122105.0,38122105.0,6.4,6.4,30.131498,30.131498,1,0.023001576440816608,0.6400000000000001,0.46511131721579857,0.0,0.2942228940194864
12989,370889754.5,92722438.625,24.7,6.175,116.302078,29.0755195,4,0.22378221347555324,0.6175,0.44881097878548026,0.15000000000000002,0.37952508114731737
12995,291133217.0,48522202.833333336,39.5,6.583333333333333,104.23294,17.372156666666665,6,0.175659842112243,0.6583333333333333,0.2681550516466774,0.25000000000000006,0.3463949471742327
13015,695462352.0,99351764.57142857,44.7,6.385714285714286,104.58266,14.940380000000001,7,0.4196182359614745,0.6385714285714287,0.230617561391319,0.30000000000000004,0.43554223523428226
13079,34628641.0,17314320.5,13.100000000000001,6.550000000000001,15.245242000000001,7.6226210000000005,2,0.020893739550927107,0.6550000000000001,0.11765887117981597,0.05,0.23338927005633409
13235,415092323.0,69182053.83333333,41.2,6.866666666666667,137.528056,22.921342666666664,6,0.2504525339689568,0.6866666666666668,0.35381362311644154,0.25000000000000006,0.4019437382108711
13265,439564.0,219782.0,12.6,6.3,5.625726,2.812863,2,0.0002652179082616532,0.63,0.043414288389606766,0.05,0.202788944841226
13284,7200000.0,7200000.0,7.8,7.8,36.556954,36.556954,1,0.004344234149029272,0.78,0.5642962034318714,0.0,0.348596934345986
13294,7200000.0,7200000.0,7.8,7.8,36.556954,36.556954,1,0.004344234149029272,0.78,0.5642962034318714,0.0,0.348596934345986
13348,8000000.0,8000000.0,6.1,6.1,8.484123,8.484123,1,0.004826926832254747,0.61,0.13095722352164496,0.0,0.2111222154372309
13426,640353824.0,106725637.33333333,35.5,5.916666666666667,120.141515,20.023585833333332,6,0.38636763190031675,0.5916666666666667,0.3090831507894947,0.25000000000000006,0.41886368291802567
13524,24292271.0,6073067.75,26.5,6.625,23.714116,5.928529,4,0.014657126838287982,0.6625000000000001,0.0915084590908437,0.15000000000000002,0.23791454255348396
13563,73956252.0,18489063.0,24.900000000000002,6.2250000000000005,30.234430999999997,7.558607749999999,4,0.04462267714897423,0.6225,0.11667074723692832,0.15000000000000002,0.24293322030697537
13581,564753857.5,94125642.91666667,30.9,5.1499999999999995,99.599248,16.59987466666667,6,0.3407531935482655,0.515,0.256233920711111,0.25000000000000006,0.3670480615615284
13614,25605015.0,12802507.5,11.399999999999999,5.699999999999999,17.754953,8.8774765,2,0.015449191742973161,0.57,0.13702912287636687,0.05,0.20958550127246264
13615,25605015.0,12802507.5,11.399999999999999,5.699999999999999,17.754953,8.8774765,2,0.015449191742973161,0.57,0.13702912287636687,0.05,0.20958550127246264
13776,184207633.0,36841526.6,29.3,5.86,70.445401,14.089080200000001,5,0.11114459580422938,0.5860000000000001,0.21747669266561837,0.2,0.2837531768548155
13848,8500000.0,8500000.0,8.1,8.1,28.27648,28.27648,1,0.005128609759270669,0.81,0.436476812636082,0.0,0.3323468064309247
13899,0.0,0.0,7.6,7.6,1.824184,1.824184,1,0.0,0.76,0.02815280124858195,0.0,0.23363056024971637
13927,36429856.0,18214928.0,11.7,5.85,60.461949,30.2309745,2,0.021980531177697073,0.585,0.4666468604260661,0.05,0.28262158455629205
13980,2956000.0,2956000.0,6.6,6.6,0.90522,0.90522,1,0.0017835494645181292,0.66,0.013967451636559514,0.0,0.20150691011311916
14086,0.0,0.0,5.2,5.2,0.12082,0.12082,1,0.0,0.52,0.0018592643346952418,0.0,0.15637185286693905
14172,63833449.0,63833449.0,5.8,5.8,11.409124,11.409124,1,0.03851492347168312,0.58,0.1761082433662909,0.0,0.22462761806193143
14392,35168966.0,35168966.0,6.1,6.1,15.625949,15.625949,1,0.021219753206006865,0.61,0.24120016957636717,0.0,0.23972793519767616
14409,33120000.0,16560000.0,12.8,6.4,36.136094,18.068047,2,0.019983477085534655,0.6400000000000001,0.2788969824186774,0.05,0.2607727873179494
14597,792.0,792.0,7.1,7.1,32.476098,32.476098,1,4.7786575639322e-07,0.71,0.5013031274503102,0.0,0.3132608166363646
14639,306628761.0,51104793.5,41.3,6.883333333333333,126.418489,21.069748166666667,6,0.185009324251491,0.6883333333333334,0.3252319645071839,0.25000000000000006,0.3705501226020332
14773,43000000.0,43000000.0,7.2,7.2,26.356697,26.356697,1,0.025944731723369266,0.7200000000000001,0.4068425799194389,0.0,0.30774640867323555
14838,0.0,0.0,4.7,4.7,2.753501,2.753501,1,0.0,0.47000000000000003,0.042497962261848904,0.0,0.1494995924523698
14855,25.0,25.0,6.2,6.2,1.199451,1.199451,1,1.5084146350796086e-08,0.6200000000000001,0.018509272210265312,0.0,0.18970186047571164
14875,7600000.0,7600000.0,7.6,7.6,17.639478,17.639478,1,0.00458558049064201,0.76,0.27228148812523956,0.0,0.2842905298213047
14911,319203191.0,79800797.75,26.0,6.5,54.120119,13.53002975,4,0.19259630594740462,0.65,0.20884705528699582,0.15000000000000002,0.32880793343636106
14999,137164215.0,19594887.85714286,43.1,6.1571428571428575,106.974723,15.282103285714285,7,0.08276020372608238,0.6157142857142858,0.23589248432456356,0.30000000000000004,0.29499686406963144
15002,303153344.0,75788336.0,24.0,6.0,103.35231,25.8380775,4,0.1829123763051692,0.6000000000000001,0.3988370444217347,0.15000000000000002,0.34793235940641465
15045,184196081.0,92098040.5,11.9,5.95,20.749547,10.3747735,2,0.1111376257218836,0.5950000000000001,0.16014175995250082,0.05,0.25998340227925365
15056,14000000.0,14000000.0,5.9,5.9,10.729884,10.729884,1,0.008447121956445808,0.5900000000000001,0.16562333114941397,0.0,0.21350351501246115
15115,89351.0,29783.666666666668,17.799999999999997,5.933333333333333,17.049406,5.683135333333333,3,5.391134242359924e-05,0.5933333333333333,0.08772050335564323,0.10000000000000002,0.20556566520809805
15148,300414418.0,75103604.5,24.3,6.075,75.69779,18.9244475,4,0.1812598018800492,0.6075,0.2921165867779459,0.15000000000000002,0.3281772381076089
15175,100909444.0,20181888.8,32.5,6.5,58.326883,11.6653766,5,0.06088531285893848,0.65,0.18006382021150982,0.2,0.2753668891858774
15217,332222273.0,110740757.66666667,19.2,6.3999999999999995,120.97835900000001,40.32611966666667,3,0.20045157547704523,0.64,0.6224779523657779,0.10000000000000002,0.4066762206639737
15218,32763126.0,10921042.0,17.3,5.766666666666667,64.882151,21.627383666666663,3,0.019768151499742894,0.5766666666666667,0.3338397603768533,0.10000000000000002,0.25767521267526783
15219,0.0,0.0,6.3,6.3,3.350297,3.350297,1,0.0,0.63,0.051710249040282596,0.0,0.19934204980805653
15277,243196079.0,81065359.66666667,18.8,6.266666666666667,36.245821,12.081940333333334,3,0.14673620990303066,0.6266666666666667,0.18649399831753205,0.10000000000000002,0.29399328362471866
15287,112334301.0,37444767.0,21.3,7.1000000000000005,39.241778000000004,13.080592666666668,3,0.06777868145993517,0.7100000000000001,0.20190943623370214,0.10000000000000002,0.2904933598307145
15309,0.0,0.0,6.1,6.1,2.948576,2.948576,1,0.0,0.61,0.045509186940471,0.0,0.1921018373880942
15337,157056060.0,78528030.0,11.1,5.55,23.072989,11.5364945,2,0.09476226377277644,0.555,0.17807436507808605,0.05,0.2450197785247278
15358,19682924.0,19682924.0,3.7,3.7,33.452469,33.452469,1,0.011876004249103867,0.37000000000000005,0.5163746253392808,0.0,0.21902532676749775
15361,18564088.0,18564088.0,6.8,6.8,19.890428,19.890428,1,0.011200936810442296,0.68,0.30702769440664107,0.0,0.2698859136055052
15378,51802877.0,25901438.5,13.4,6.7,9.685352,4.842676,2,0.03125608712241154,0.67,0.07474697068404713,0.05,0.23345182898577407
15488,22889018.0,22889018.0,7.1,7.1,6.787967,6.787967,1,0.013810451893520237,0.71,0.10477495103161323,0.0,0.23947917096373073
15521,0.0,0.0,6.7,6.7,7.710797,7.710797,1,0.0,0.67,0.11901997715065889,0.0,0.2248039954301318
15531,0.0,0.0,6.7,6.7,1.079125,1.079125,1,0.0,0.67,0.01665189109695052,0.0,0.20433037821939012
15557,169944316.0,42486079.0,25.7,6.425,47.141339,11.78533475,4,0.10253859736119747,0.6425000000000001,0.18191552310363773,0.15000000000000002,0.2851485435652065
15602,146402.0,146402.0,7.1,7.1,3.663108,3.663108,1,8.833396776196994e-05,0.71,0.05653887496848691,0.0,0.22434310858080217
15663,51881013.0,51881013.0,3.5,3.5,12.777008,12.777008,1,0.03130323171678217,0.35000000000000003,0.19722323020874796,0.0,0.15696593872846248
15672,0.0,0.0,4.6,4.6,4.980585,4.980585,1,0.0,0.45999999999999996,0.07687576721975951,0.0,0.1533751534439519
15774,149044513.0,149044513.0,5.9,5.9,23.230851,23.230851,1,0.08992836987500519,0.5900000000000001,0.3585912682866199,0.0,0.2846896016073261
15775,415909758.5,207954879.25,11.7,5.85,39.115041,19.5575205,2,0.2509457466375302,0.585,0.3018888540647296,0.05,0.341256069467958
15780,18662027.0,18662027.0,5.9,5.9,6.682006,6.682006,1,0.01126002985882032,0.5900000000000001,0.10313931151772639,0.0,0.2021318742470734
15810,341876102.5,170938051.25,13.9,6.95,101.40370999999999,50.701854999999995,2,0.20627636655799053,0.6950000000000001,0.7826403016908301,0.05,0.4525386069613623
15811,341876102.5,170938051.25,13.9,6.95,101.40370999999999,50.701854999999995,2,0.20627636655799053,0.6950000000000001,0.7826403016908301,0.05,0.4525386069613623
15812,197309027.0,197309027.0,6.1,6.1,26.61951,26.61951,1,0.11904952958404705,0.61,0.41089942467895546,0.0,0.3127996967694099
15858,0.0,0.0,6.7,6.7,6.463806,6.463806,1,0.0,0.67,0.09977112377006347,0.0,0.22095422475401272
15868,13555988.0,6777994.0,13.2,6.6,12.092231,6.0461155,2,0.00817922027686542,0.66,0.09332355262242281,0.05,0.22493639863523074
15890,25881428.0,8627142.666666666,19.9,6.633333333333333,27.881351000000002,9.293783666666668,3,0.015615969908783665,0.6633333333333333,0.1434553405575352,0.10000000000000002,0.2439374560750205
15892,10835752.0,10835752.0,6.6,6.6,16.318608,16.318608,1,0.0065379227595572555,0.66,0.2518922207088532,0.0,0.25099361324559355
16187,187884007.0,93942003.5,13.100000000000001,6.550000000000001,25.570059999999998,12.785029999999999,2,0.11336279434247984,0.6550000000000001,0.19734705973263317,0.05,0.2863145296835186
16214,0.0,0.0,8.8,4.4,3.5414220000000003,1.7707110000000001,2,0.0,0.44000000000000006,0.02732737914303301,0.05,0.1424654758286066
16294,302784404.0,100928134.66666667,19.9,6.633333333333333,80.041454,26.68048466666667,3,0.1826897705069827,0.6633333333333333,0.4118406443177479,0.10000000000000002,0.36444403706634265
16304,17024782.0,8512391.0,11.7,5.85,15.61094,7.80547,2,0.010272172131135956,0.585,0.12048137237813134,0.05,0.20870514332808063
16305,17024782.0,8512391.0,11.7,5.85,15.61094,7.80547,2,0.010272172131135956,0.585,0.12048137237813134,0.05,0.20870514332808063
16328,55447968.0,55447968.0,6.7,6.7,29.173266,29.173266,1,0.03345541056665032,0.67,0.45031981729912346,0.0,0.3044461276864848
16356,229736344.0,229736344.0,6.1,6.1,27.683874,27.683874,1,0.13861506539971336,0.61,0.4273292037066983,0.0,0.323911866901225
16391,56645068.0,18881689.333333332,20.4,6.8,33.915704999999996,11.305234999999998,3,0.034177699830511846,0.68,0.1745045877433901,0.10000000000000002,0.2625719974808828
16395,60000000.0,60000000.0,7.0,7.0,6.92592,6.92592,1,0.036201951241910606,0.7000000000000001,0.10690442676192184,0.0,0.24586166584914862
16483,155721132.0,155721132.0,6.5,6.5,30.445257,30.445257,1,0.09395681379998543,0.65,0.4699545767003035,0.0,0.3265736408600549
16484,0.0,0.0,5.9,5.9,3.427061,3.427061,1,0.0,0.5900000000000001,0.05289519663084903,0.0,0.18757903932616982
16513,90815558.0,90815558.0,6.9,6.9,28.456572,28.456572,1,0.05479500671204841,0.6900000000000001,0.43925675611844733,0.0,0.31676935390850885
16544,125212904.0,125212904.0,7.2,7.2,63.071046,63.071046,1,0.07554919075776723,0.7200000000000001,0.9735741127572936,0.0,0.44093449885456565
16566,290957592.5,96985864.16666667,17.7,5.8999999999999995,73.040707,24.346902333333333,3,0.17555387628581157,0.59,0.37581890543921465,0.10000000000000002,0.33238533160216754
16589,189015611.0,189015611.0,5.7,5.7,31.294717,31.294717,1,0.11404556555636569,0.5700000000000001,0.4830670458301372,0.0,0.31323163538857374
16590,33386088.0,16693044.0,12.2,6.1,15.895885,7.9479425,2,0.02014402549890228,0.61,0.12268061219884124,0.05,0.22059373263932916
16730,0.0,0.0,5.2,5.2,1.897761,1.897761,1,0.0,0.52,0.029288553539644248,0.0,0.16185771070792884
16745,0.0,0.0,6.2,6.2,2.094151,2.094151,1,0.0,0.6200000000000001,0.0323200768749491,0.0,0.19246401537498986
16767,0.0,0.0,6.8,6.8,10.787322,10.787322,1,0.0,0.68,0.16650995794982762,0.0,0.23730199158996554
16785,113636673.0,56818336.5,12.4,6.2,26.511544,13.255772,2,0.06856448825398231,0.6200000000000001,0.20461354661031572,0.05,0.2593485046236561
16834,0.0,0.0,6.9,6.9,36.764666,36.764666,1,0.0,0.6900000000000001,0.5675024958857786,0.0,0.32050049917715573
16837,246991808.0,123495904.0,11.7,5.85,57.924958000000004,28.962479000000002,2,0.14902642317278908,0.585,0.4470660584046843,0.05,0.32952378095005247
16847,123031900.0,41010633.333333336,16.3,5.433333333333334,77.422133,25.807377666666667,3,0.07423324741666036,0.5433333333333333,0.3983631544011635,0.10000000000000002,0.28236592984689685
16848,57416894.0,14354223.5,22.799999999999997,5.699999999999999,63.489734999999996,15.872433749999999,4,0.034643393284165824,0.57,0.24500496753665935,0.15000000000000002,0.2488583508209982
16853,116542418.0,58271209.0,12.600000000000001,6.300000000000001,35.262831,17.6314155,2,0.07031771556750607,0.6300000000000001,0.272157033433601,0.05,0.2765584929137227
16860,0.0,0.0,7.0,7.0,9.719094,9.719094,1,0.0,0.7000000000000001,0.15002053328754325,0.0,0.24000410665750868
16863,34082823.0,11360941.0,20.4,6.8,33.947904,11.315968,3,0.020564411607211154,0.68,0.17467026491614754,0.10000000000000002,0.257159817626114
16888,814666.0,814666.0,6.6,6.6,0.178689,0.178689,1,0.0004915416468407057,0.66,0.0027525441549037877,0.0,0.19874712548971704
16919,0.0,0.0,5.8,5.8,10.958697,10.958697,1,0.0,0.58,0.1691553437209355,0.0,0.20783106874418708
16927,4857367.0,4857367.0,6.8,6.8,10.573191,10.573191,1,0.0029307693883010933,0.68,0.16320458026607507,0.0,0.23781322380853545
16938,768767272.5,54911948.03571428,79.2,5.6571428571428575,203.243246,14.517374714285713,14,0.4638479219236934,0.5657142857142857,0.2240879499314679,0.65,0.4650710444700567
16957,1396519.0,698259.5,12.7,6.35,8.109237,4.0546185,2,0.0008426118791066959,0.635,0.06258232533137133,0.05,0.20835350981791695
16958,1396519.0,698259.5,12.7,6.35,8.109237,4.0546185,2,0.0008426118791066959,0.635,0.06258232533137133,0.05,0.20835350981791695
16959,100523181.0,100523181.0,7.5,7.5,14.793177,14.793177,1,0.060652254954062575,0.75,0.22834530043339404,0.0,0.2949299620683038
16960,100523181.0,100523181.0,7.5,7.5,14.793177,14.793177,1,0.060652254954062575,0.75,0.22834530043339404,0.0,0.2949299620683038
17016,315586126.0,39448265.75,50.9,6.3625,96.00868,12.001085,8,0.19041389243459095,0.63625,0.18524589592034355,0.35000000000000003,0.33908973615790505
17042,0.0,0.0,10.5,5.25,6.836899000000001,3.4184495000000004,2,0.0,0.525,0.052762267442998445,0.05,0.17305245348859968
17046,358010446.0,71602089.2,30.1,6.0200000000000005,114.17871099999999,22.8357422,5,0.21601127850311116,0.6020000000000001,0.35249227369838065,0.2,0.35750296614092064
17087,203360380.0,33893396.666666664,41.7,6.95,57.129163,9.521527166666667,6,0.12270070935494021,0.6950000000000001,0.1469708440694961,0.25000000000000006,0.31197445255587536
17108,1162014.0,1162014.0,7.5,7.5,1.063439,1.063439,1,0.0007011195695069585,0.75,0.016409758223394882,0.0,0.22856239947248175
17114,10308095.0,3436031.6666666665,20.6,6.866666666666667,29.195405,9.731801666666668,3,0.0062195525431163745,0.6866666666666668,0.15021669189051326,0.10000000000000002,0.24853115939534923
17167,725857224.5,120976204.08333333,36.5,6.083333333333333,143.686614,23.947768999999997,6,0.437957464165626,0.6083333333333334,0.36965778718524034,0.25000000000000006,0.4566145431032985
17183,0.0,0.0,5.8,5.8,6.665164,6.665164,1,0.0,0.58,0.10287933434977892,0.0,0.19457586686995576
17246,0.0,0.0,5.3,5.3,3.613577,3.613577,1,0.0,0.53,0.05577430252426376,0.0,0.17015486050485276
17268,165580694.0,41395173.5,21.9,5.475,51.618441000000004,12.904610250000001,4,0.09990573684649533,0.5475,0.19919292926935395,0.15000000000000002,0.2590508805924689
17278,15427192.0,15427192.0,5.4,5.4,3.021835,3.021835,1,0.009308240876393222,0.54,0.04664003050695146,0.0,0.17505130245194758
17279,21279017.0,10639508.5,12.1,6.05,14.655052,7.327526,2,0.012839032265163114,0.605,0.11310371369403875,0.05,0.214256355644873
17281,27107960.0,27107960.0,6.1,6.1,12.343507,12.343507,1,0.01635601743646105,0.61,0.19053160437556915,0.0,0.22764872784969825
17295,0.0,0.0,14.3,7.15,2.091665,1.0458325,2,0.0,0.7150000000000001,0.01613798004933793,0.05,0.2227275960098676
17329,86915017.0,28971672.333333332,19.0,6.333333333333333,46.180139000000004,15.393379666666668,3,0.05244155346039719,0.6333333333333333,0.23761017333889944,0.10000000000000002,0.26849865605193873
17350,149697966.0,49899322.0,21.7,7.233333333333333,62.01856,20.672853333333332,3,0.09032264110241986,0.7233333333333334,0.31910540027829276,0.10000000000000002,0.3269501364966265
17386,28814580.0,28814580.0,6.8,6.8,13.437038,13.437038,1,0.017385733670268876,0.68,0.20741161223940766,0.0,0.2524366159159891
17397,0.0,0.0,11.5,5.75,12.42407,6.212035,2,0.0,0.5750000000000001,0.09588472598171867,0.05,0.19667694519634377
17403,24171899.0,6042974.75,25.9,6.475,73.565087,18.39127175,4,0.014584498483706462,0.6475,0.28388635749975627,0.15000000000000002,0.2718610708934338
17439,7252123.0,3626061.5,12.899999999999999,6.449999999999999,16.691074,8.345537,2,0.004375683387438974,0.645,0.12881797665089514,0.05,0.22601386868515463
17447,76488889.0,38244444.5,13.6,6.8,40.661671,20.3308355,2,0.04615078383543187,0.68,0.3138259306370666,0.05,0.29022549966158606
17494,1323639133.5,147071014.83333334,50.9,5.655555555555555,265.310714,29.478968222222225,9,0.7986386562141967,0.5655555555555555,0.45503871042159005,0.4,0.6201298712366634
17510,2455831.0,1227915.5,14.3,7.15,23.242425,11.6212125,2,0.001481764568672876,0.7150000000000001,0.1793820925281617,0.05,0.25596912433310154
17520,3897799.0,1948899.5,13.1,6.55,14.444989,7.2224945,2,0.002351798822479465,0.655,0.11148242216599726,0.05,0.22473720396219124
17597,64238440.0,64238440.0,6.5,6.5,34.759855,34.759855,1,0.03875928121227333,0.65,0.5365557504844046,0.0,0.31781486258179026
17608,15447154.0,7723577.0,11.8,5.9,51.906886,25.953443,2,0.009320285265571406,0.5900000000000001,0.40061785406244504,0.05,0.2658516849187176
17627,0.0,0.0,6.4,6.4,3.300061,3.300061,1,0.0,0.6400000000000001,0.05093479404627896,0.0,0.20218695880925583
17633,661268836.5,165317209.125,24.9,6.225,124.072643,31.01816075,4,0.3989870362794659,0.6225,0.4787980569539246,0.15000000000000002,0.4571044259025713
17649,129394835.0,129394835.0,6.1,6.1,29.880122,29.880122,1,0.07807242512708447,0.61,0.461231016742579,0.0,0.3064751733993496
17698,877868330.0,219467082.5,25.3,6.325,109.77839499999999,27.444598749999997,4,0.5296757746579581,0.6325000000000001,0.4236356933246223,0.15000000000000002,0.5013474485281078
17764,6614280.0,6614280.0,4.5,4.5,2.817364,2.817364,1,0.003990830701005741,0.45,0.04348376690955283,0.0,0.14529308566231286
17812,132876699.0,44292233.0,18.8,6.266666666666667,46.180064,15.393354666666667,3,0.08017326297306719,0.6266666666666667,0.23760978743287883,0.10000000000000002,0.27759126267580264
17825,582307262.0,83186751.71428572,41.0,5.857142857142857,139.492793,19.92754185714286,7,0.3513443184455744,0.5857142857142857,0.30760059284338304,0.30000000000000004,0.40777213166119214
17835,31912793.0,31912793.0,6.0,6.0,16.665841,16.665841,1,0.019255089602986435,0.6000000000000001,0.2572521929186801,0.0,0.23915247442493062
17845,0.0,0.0,4.8,4.8,1.388136,1.388136,1,0.0,0.48,0.021421859310025968,0.0,0.1482843718620052
17867,8679814.0,8679814.0,7.4,7.4,11.578545,11.578545,1,0.005237103386947551,0.7400000000000001,0.17872346672282988,0.0,0.259839534699345
17871,263600372.0,87866790.66666667,18.6,6.2,59.820924,19.940307999999998,3,0.15904746357489163,0.6200000000000001,0.3077976540989116,0.10000000000000002,0.32117851624973903
17883,317453506.0,52908917.666666664,36.6,6.1000000000000005,121.939775,20.323295833333333,6,0.19154060576309292,0.6100000000000001,0.3137095465266719,0.25000000000000006,0.3473581516105716
18069,0.0,0.0,12.4,6.2,11.858663,5.9293315,2,0.0,0.6200000000000001,0.09152084667410446,0.05,0.20930416933482093
18184,99987753.0,49993876.5,11.600000000000001,5.800000000000001,54.551866999999994,27.275933499999997,2,0.060329195981570015,0.5800000000000001,0.42103213590708566,0.05,0.28733810557404516
18204,0.0,0.0,6.0,6.0,8.962245,8.962245,1,0.0,0.6000000000000001,0.13833762985660408,0.0,0.20766752597132085
18209,0.0,0.0,7.0,7.0,0.024186,0.024186,1,0.0,0.7000000000000001,0.0003675986389681231,0.0,0.21007351972779365
18250,90105450.0,30035150.0,17.5,5.833333333333333,40.065454,13.355151333333334,3,0.05436655179217356,0.5833333333333334,0.20614758993251664,0.10000000000000002,0.24797613870337276
18254,64174289.0,16043572.25,22.0,5.5,39.337441,9.83436025,4,0.03872057468937133,0.55,0.1517998108813519,0.15000000000000002,0.22584819205201892
18281,498836723.0,62354590.375,45.0,5.625,115.240556,14.4050695,8,0.3009810453953411,0.5625,0.22235437959803162,0.35000000000000003,0.3686132940777428
18308,0.0,0.0,5.0,5.0,6.718497,6.718497,1,0.0,0.5,0.10370259538161258,0.0,0.1707405190763225
18311,0.0,0.0,10.7,5.35,19.924095,9.9620475,2,0.0,0.535,0.15377082202242787,0.05,0.1962541644044856
18320,0.0,0.0,5.7,5.7,4.63093,4.63093,1,0.0,0.5700000000000001,0.07147840843465836,0.0,0.1852956816869317
18323,324531590.0,108177196.66666667,17.2,5.733333333333333,56.216295,18.738765,3,0.19581127996066205,0.5733333333333334,0.28925034699125746,0.10000000000000002,0.31817458138251636
18342,5210988.0,2605494.0,12.100000000000001,6.050000000000001,13.470310999999999,6.735155499999999,2,0.0031441322249696874,0.6050000000000001,0.10395973999936896,0.05,0.2085496008898617
18356,231371920.0,28921490.0,47.800000000000004,5.9750000000000005,85.362019,10.670252375,8,0.13960191610978734,0.5975,0.1647028430252241,0.35000000000000003,0.30303133504895974
18357,213310722.0,53327680.5,21.8,5.45,49.686244,12.421561,4,0.12870440595367913,0.545,0.19173646471679776,0.15000000000000002,0.2683290553248312
18378,80035402.0,80035402.0,6.4,6.4,25.03414,25.03414,1,0.048290628680511906,0.6400000000000001,0.38642727156478346,0.0,0.2886017057851615
18500,41480851.0,20740425.5,11.0,5.5,22.100895,11.0504475,2,0.025028129089582647,0.55,0.1705716265346016,0.05,0.2141255769427534
18525,127392239.0,127392239.0,6.9,6.9,17.537154,17.537154,1,0.07686412708126371,0.6900000000000001,0.27070199021922736,0.0,0.291886048876351
18532,127392239.0,127392239.0,6.9,6.9,17.537154,17.537154,1,0.07686412708126371,0.6900000000000001,0.27070199021922736,0.0,0.291886048876351
18533,0.0,0.0,6.6,6.6,0.888986,0.888986,1,0.0,0.66,0.01371685970303266,0.0,0.20074337194060654
18596,323892835.0,64778567.0,32.1,6.42,104.128125,20.825625,5,0.19542587700456995,0.642,0.3214636205159495,0.2,0.35506307490501793
18635,25799718.0,12899859.0,12.9,6.45,36.150239,18.0751195,2,0.015566668884850723,0.645,0.2790061552319008,0.05,0.2605278986003205
18669,18544595.0,9272297.5,11.6,5.8,32.144066,16.072033,2,0.011189175399849653,0.58,0.24808602962782667,0.05,0.2330928760855052
18679,4398989.0,4398989.0,5.5,5.5,5.696491,5.696491,1,0.0026541997548616848,0.55,0.08792666464266677,0.0,0.18364701283047802
18823,0.0,0.0,6.0,6.0,2.201678,2.201678,1,0.0,0.6000000000000001,0.03397988954196536,0.0,0.18679597790839308
18844,562861672.5,112572334.5,31.8,6.36,94.56400400000001,18.912800800000003,5,0.33961151372975423,0.6360000000000001,0.2919368055119482,0.2,0.4050319665942914
18854,12200000.0,6100000.0,13.4,6.7,8.226175,4.1130875,2,0.00736106341918849,0.67,0.0634848668960739,0.05,0.22164139874689018
18863,404055850.5,202027925.25,12.5,6.25,125.882686,62.941343,2,0.24379350331349534,0.625,0.9715719860137778,0.05,0.4843317985281537
18865,179967684.0,59989228.0,19.4,6.466666666666666,107.994609,35.998203,3,0.10858635535479293,0.6466666666666666,0.5556711884355634,0.10000000000000002,0.35856877982902985
18868,43656822.0,43656822.0,7.0,7.0,23.431117,23.431117,1,0.02634103569034617,0.7000000000000001,0.3616826224913562,0.0,0.29287293877440973
18878,933795029.0,116724378.625,43.1,5.3875,222.664719,27.833089875,8,0.563420035163275,0.5387500000000001,0.42963253588787065,0.35000000000000003,0.5079195212428842
18889,10667893.0,10667893.0,4.2,4.2,14.566664,14.566664,1,0.006436642370665324,0.42000000000000004,0.2248487912157663,0.0,0.17354441519141942
18897,108348.0,108348.0,5.0,5.0,4.065212,4.065212,1,6.537348355264217e-05,0.5,0.06274584914853386,0.0,0.16257531922312782
18898,944749671.0,188949934.2,29.4,5.88,130.59994,26.119988,5,0.570029692089218,0.588,0.4031886827903759,0.2,0.5050496133937624
19000,9500000.0,4750000.0,13.7,6.85,29.288000000000004,14.644000000000002,2,0.005731975613302512,0.685,0.22604256833608377,0.05,0.2580013039125378
19003,103735.0,103735.0,6.6,6.6,1.781462,1.781462,1,6.259015686799328e-05,0.66,0.027493334168125237,0.0,0.20352370289637225
19006,103735.0,103735.0,6.6,6.6,1.781462,1.781462,1,6.259015686799328e-05,0.66,0.027493334168125237,0.0,0.20352370289637225
19012,54306859.0,18102286.333333332,18.2,6.066666666666666,22.338019,7.446006333333333,3,0.032766904360321904,0.6066666666666667,0.11493260465220718,0.10000000000000002,0.22809328267457019
19069,0.0,0.0,12.100000000000001,6.050000000000001,1.857631,0.9288155,2,0.0,0.6050000000000001,0.014331677456907728,0.05,0.18936633549138157
19142,1686429.0,1686429.0,4.3,4.3,2.848727,2.848727,1,0.0010175336738490676,0.43,0.04396789373049669,0.0,0.13820059221563896
19228,55534455.0,55534455.0,5.7,5.7,11.927667,11.927667,1,0.03350759386926798,0.5700000000000001,0.18411259799157215,0.0,0.22122555714602163
19242,152991835.0,76495917.5,12.2,6.1,32.591372,16.295686,2,0.09231004918467386,0.61,0.2515383911966995,0.05,0.27523169791320945
19244,0.0,0.0,4.3,4.3,0.289433,0.289433,1,0.0,0.43,0.004462015208648889,0.0,0.12989240304172978
19271,130431368.0,65215684.0,11.600000000000001,5.800000000000001,22.1831,11.09155,2,0.07869783374586165,0.5800000000000001,0.1712060946230448,0.05,0.24472035242295365
19272,130431368.0,65215684.0,11.600000000000001,5.800000000000001,22.1831,11.09155,2,0.07869783374586165,0.5800000000000001,0.1712060946230448,0.05,0.24472035242295365
19303,245343074.0,20445256.166666668,73.9,6.158333333333334,215.263688,17.938640666666668,12,0.14803163337480776,0.6158333333333335,0.2768994350932727,0.55,0.35434254036857765
19304,69147825.0,23049275.0,17.5,5.833333333333333,28.823112000000002,9.607704,3,0.04172143648556945,0.5833333333333334,0.14830109042222625,0.10000000000000002,0.23134879267867306
19333,0.0,0.0,6.2,6.2,3.829937,3.829937,1,0.0,0.6200000000000001,0.05911408758881164,0.0,0.19782281751776234
19346,18074539.0,18074539.0,5.9,5.9,29.647844,29.647844,1,0.010905559659966861,0.5900000000000001,0.45764551759660443,0.0,0.2728913273833077
19450,0.0,0.0,11.9,5.95,8.295819,4.1479095,2,0.0,0.5950000000000001,0.06402238767402586,0.05,0.1963044775348052
19499,100243057.0,50121528.5,10.5,5.25,29.009406,14.504703,2,0.060483237697567756,0.525,0.22389234629810847,0.05,0.2314717643386488
19665,61957604.0,20652534.666666668,17.8,5.933333333333334,23.755761,7.918587,3,0.037383102651226754,0.5933333333333334,0.12222747363135032,0.10000000000000002,0.2273987357867608
19684,0.0,0.0,13.6,6.8,17.676835,8.8384175,2,0.0,0.68,0.13642619874604622,0.05,0.23628523974920926
19769,137171809.0,34292952.25,25.3,6.325,109.08716199999999,27.271790499999998,4,0.0827647856863779,0.6325000000000001,0.42096818356135435,0.15000000000000002,0.3220495509868221
19840,95247827.0,23811956.75,26.8,6.7,89.349566,22.3373915,4,0.05746928648253227,0.67,0.3447996122786775,0.15000000000000002,0.30794763704874845
19841,623528.0,623528.0,6.6,6.6,5.223096,5.223096,1,0.00037621550423276725,0.66,0.08061922541807977,0.0,0.21427433128530907
19850,107175162.0,21435032.4,31.1,6.220000000000001,82.431618,16.4863236,5,0.06466583315113117,0.6220000000000001,0.2544811191002919,0.2,0.2833625570805109
19866,2415472.0,2415472.0,6.0,6.0,12.756344,12.756344,1,0.001457413326170005,0.6000000000000001,0.19690425572837353,0.0,0.21996381647614274
19969,65754228.0,65754228.0,6.4,6.4,19.372805,19.372805,1,0.039673855933424554,0.6400000000000001,0.29903754112291736,0.0,0.2676770505979533
20019,163459134.0,81729567.0,14.100000000000001,7.050000000000001,50.769952,25.384976,2,0.09862565998521554,0.7050000000000001,0.39184286055029705,0.05,0.3343188361041457
20030,39623486.0,19811743.0,14.3,7.15,14.457353000000001,7.228676500000001,2,0.02390745847010879,0.7150000000000001,0.11157784900676744,0.05,0.251378553189397
20133,177512032.0,177512032.0,5.7,5.7,22.789649,22.789649,1,0.10710469878860791,0.5700000000000001,0.3517807679628602,0.0,0.2841980331080152
20192,267537513.0,66884378.25,22.8,5.7,159.789166,39.9472915,4,0.1614230000168004,0.5700000000000001,0.6166302695544291,0.15000000000000002,0.37389525391760603
20193,269322276.0,53864455.2,27.4,5.4799999999999995,170.264534,34.0529068,5,0.16249986506853983,0.5479999999999999,0.5256431278195451,0.2,0.35452857159132495
20237,40203020.0,40203020.0,6.1,6.1,28.803802,28.803802,1,0.02425712949695928,0.61,0.4446166820195518,0.0,0.2816261882026941
20305,0.0,0.0,4.0,4.0,5.259585,5.259585,1,0.0,0.4,0.08118247840948432,0.0,0.13623649568189686
20307,10496317.0,10496317.0,5.8,5.8,20.27704,20.27704,1,0.0063331192708939565,0.58,0.31299553034385214,0.0,0.239132353777128
20308,10496317.0,10496317.0,5.8,5.8,20.27704,20.27704,1,0.0063331192708939565,0.58,0.31299553034385214,0.0,0.239132353777128
20310,222618441.0,111309220.5,11.0,5.5,49.602385999999996,24.801192999999998,2,0.13432036577720255,0.55,0.382831445573698,0.05,0.3002944354256206
20400,520858712.0,86809785.33333333,39.4,6.566666666666666,90.672399,15.1120665,6,0.31426836159580596,0.6566666666666667,0.2332677555514433,0.25000000000000006,0.3943608957486111
20412,25000000.0,25000000.0,6.6,6.6,12.268143,12.268143,1,0.015084146350796085,0.66,0.18936826752215546,0.0,0.24190731204474952
20561,63942754.0,15985688.5,25.3,6.325,46.792801,11.69820025,4,0.03858087437635807,0.6325000000000001,0.18057049397761235,0.15000000000000002,0.2562964485460657
20629,642118283.5,91731183.35714285,42.9,6.128571428571428,186.146524,26.59236057142857,7,0.3874322465134388,0.6128571428571429,0.41048033956130964,0.30000000000000004,0.45092610937478034
20640,0.0,0.0,5.0,5.0,3.866026,3.866026,1,0.0,0.5,0.05967116608388683,0.0,0.16193423321677736
20646,0.0,0.0,11.2,5.6,22.173056,11.086528,2,0.0,0.5599999999999999,0.17112857382162977,0.05,0.20722571476432594
20657,1185783.0,1185783.0,7.3,7.3,9.270133,9.270133,1,0.0007154609724914413,0.73,0.14309026317123488,0.0,0.24790423702324355
20659,0.0,0.0,7.7,7.7,24.281951,24.281951,1,0.0,0.77,0.37481630101608127,0.0,0.30596326020321624
20674,132900000.0,132900000.0,5.0,5.0,20.344364,20.344364,1,0.08018732200083199,0.5,0.3140347598210458,0.0,0.24488188076454195
20709,0.0,0.0,7.7,7.7,24.281951,24.281951,1,0.0,0.77,0.37481630101608127,0.0,0.30596326020321624
20739,873562773.0,109195346.625,48.3,6.0375,189.09985799999998,23.637482249999998,8,0.5270779485815703,0.60375,0.36486812618793446,0.35000000000000003,0.4999298046702151
20766,0.0,0.0,6.3,6.3,2.356244,2.356244,1,0.0,0.63,0.0363658075410729,0.0,0.19627316150821458
20779,0.0,0.0,10.0,10.0,0.356495,0.356495,1,0.0,1.0,0.005497200390746825,0.0,0.30109944007814937
20824,0.0,0.0,3.7,3.7,4.382761,4.382761,1,0.0,0.37000000000000005,0.06764761198575939,0.0,0.1245295223971519
20907,334946915.0,66989383.0,32.8,6.56,144.91179,28.982357999999998,5,0.20209553142430625,0.656,0.4473729154360123,0.2,0.387112795656925
20921,0.0,0.0,6.0,6.0,0.214704,0.214704,1,0.0,0.6000000000000001,0.0033084803681580482,0.0,0.18066169607363164
21031,114830111.0,114830111.0,6.5,6.5,29.88736,29.88736,1,0.06928456799208638,0.65,0.4613427442536587,0.0,0.3149823760475663
21053,72158089.0,18039522.25,26.2,6.55,44.620371000000006,11.155092750000001,4,0.04353772699479076,0.655,0.17218695581462506,0.15000000000000002,0.2633524819608413
21085,427327542.0,106831885.5,25.7,6.425,172.96528,43.24132,4,0.25783484733015843,0.6425000000000001,0.6674776867595273,0.15000000000000002,0.4443794762839689
21126,4857367.0,2428683.5,9.8,4.9,16.609875,8.3049375,2,0.0029307693883010933,0.49000000000000005,0.12819127299158606,0.05,0.17881056235363768
21136,35402320.0,35402320.0,5.8,5.8,14.831402,14.831402,1,0.02136055104150861,0.58,0.228935350738868,0.0,0.22833129056437704
21183,13931223.0,4643741.0,18.9,6.3,92.35626500000001,30.785421666666668,3,0.008405624263103059,0.63,0.4752054404145771,0.10000000000000002,0.29740333778815664
21217,173913246.0,43478311.5,25.4,6.35,58.882383000000004,14.720595750000001,4,0.10493331420024007,0.635,0.22722491877913165,0.15000000000000002,0.2929183094359224
21246,0.0,0.0,0.0,0.0,0.399491,0.399491,1,0.0,0.0,0.006160897001189145,0.0,0.0012321794002378291
21278,0.0,0.0,6.3,6.3,8.067702,8.067702,1,0.0,0.63,0.1245292486817296,0.0,0.2139058497363459
21305,2281000.0,2281000.0,6.1,6.1,1.933366,1.933366,1,0.0013762775130466349,0.61,0.029838160894160918,0.0,0.18951814318405083
21339,0.0,0.0,6.1,6.1,5.831302,5.831302,1,0.0,0.61,0.0900076397043083,0.0,0.20100152794086165
21370,432060986.0,61722998.0,44.5,6.357142857142857,150.364757,21.48067957142857,7,0.26069084581173035,0.6357142857142857,0.3315752006329811,0.30000000000000004,0.3913056641655741
21371,0.0,0.0,4.6,4.6,0.001586,0.001586,1,0.0,0.45999999999999996,1.8739596359591055e-05,0.0,0.1380037479192719
21377,3275585.0,3275585.0,5.7,5.7,4.850402,4.850402,1,0.001976376140978896,0.5700000000000001,0.07486623108064862,0.0,0.1867637966725213
21394,0.0,0.0,4.8,4.8,4.901936,4.901936,1,0.0,0.48,0.075661722315241,0.0,0.1591323444630482
21404,0.0,0.0,5.5,5.5,0.375423,0.375423,1,0.0,0.55,0.005789377557051883,0.0,0.1661578755114104
21415,0.0,0.0,4.8,4.8,1.946715,1.946715,1,0.0,0.48,0.030044219272912304,0.0,0.15000884385458246
21475,0.0,0.0,5.4,5.4,4.725357,4.725357,1,0.0,0.54,0.07293600634688827,0.0,0.17658720126937766
21506,25892000.0,8630666.666666666,21.2,7.066666666666666,3.96054,1.32018,3,0.01562234869259249,0.7066666666666667,0.020372874128631924,0.10000000000000002,0.23232351430276338
21526,37967148.0,7593429.6,31.2,6.24,37.00555,7.40111,5,0.022908080678173397,0.6240000000000001,0.11423957403878682,0.2,0.23921114707902674
21647,0.0,0.0,6.2,6.2,18.20957,18.20957,1,0.0,0.6200000000000001,0.2810815655287255,0.0,0.24221631310574512
21657,841733.0,841733.0,5.3,5.3,1.699101,1.699101,1,0.0005078729504117857,0.53,0.02622198993767031,0.0,0.16444754716769877
21673,133718711.0,133718711.0,5.5,5.5,33.507289,33.507289,1,0.08068130426255225,0.55,0.5172208400612188,0.0,0.3007166897172647
21677,0.0,0.0,5.6,5.6,7.377587,7.377587,1,0.0,0.5599999999999999,0.1138764673458983,0.0,0.19077529346917965
21678,4857367.0,2428683.5,13.5,6.75,12.037757,6.0188785,2,0.0029307693883010933,0.675,0.09290311573111623,0.05,0.2272529309015437
21681,4857367.0,4857367.0,6.8,6.8,10.573191,10.573191,1,0.0029307693883010933,0.68,0.16320458026607507,0.0,0.23781322380853545
21683,4857367.0,4857367.0,6.8,6.8,10.573191,10.573191,1,0.0029307693883010933,0.68,0.16320458026607507,0.0,0.23781322380853545
21684,88489643.0,88489643.0,6.7,6.7,27.65527,27.65527,1,0.053391629021667934,0.67,0.4268876654741862,0.0,0.30773418470350444
21692,85131830.0,85131830.0,5.9,5.9,26.074908,26.074908,1,0.051365639313243706,0.5900000000000001,0.40249281705405765,0.0,0.278044819136109
21693,85131830.0,85131830.0,5.9,5.9,26.074908,26.074908,1,0.051365639313243706,0.5900000000000001,0.40249281705405765,0.0,0.278044819136109
21712,119277373.0,39759124.333333336,18.4,6.133333333333333,31.684590999999998,10.561530333333332,3,0.07196789402681975,0.6133333333333333,0.16302458340724715,0.10000000000000002,0.2553920742921773
21768,6335043.0,3167521.5,14.1,7.05,24.517836,12.258918,2,0.0038223486300234515,0.7050000000000001,0.18922586820055973,0.05,0.2558741130921214
21769,4857367.0,4857367.0,6.8,6.8,10.573191,10.573191,1,0.0029307693883010933,0.68,0.16320458026607507,0.0,0.23781322380853545
21771,4857367.0,4857367.0,6.8,6.8,10.573191,10.573191,1,0.0029307693883010933,0.68,0.16320458026607507,0.0,0.23781322380853545
21792,0.0,0.0,11.6,5.8,3.483432,1.741716,2,0.0,0.58,0.02687980534035892,0.05,0.18437596106807178
21807,37799742.0,18899871.0,12.8,6.4,21.284807,10.6424035,2,0.02280707361401334,0.6400000000000001,0.16427296108406372,0.05,0.23897742166241812
21879,381335122.0,127111707.33333333,18.1,6.033333333333334,67.806006,22.602002,3,0.2300845915578672,0.6033333333333335,0.34888420368107415,0.10000000000000002,0.3528106773593618
21905,42487390.0,21243695.0,10.8,5.4,16.396975,8.1984875,2,0.025635440352934004,0.54,0.12654808515593657,0.05,0.20256379317236092
21931,64437847.0,64437847.0,6.4,6.4,16.936576,16.936576,1,0.03887959658712826,0.6400000000000001,0.2614313235779996,0.0,0.25983810335045127
21958,29174648.0,29174648.0,6.8,6.8,7.000949,7.000949,1,0.017602986406598412,0.68,0.10806259247465971,0.0,0.23265371305757132
21981,149361235.0,74680617.5,11.2,5.6,57.37342700000001,28.686713500000003,2,0.09011946911502586,0.5599999999999999,0.4428092757359028,0.05,0.2976096427931909
22012,0.0,0.0,0.0,0.0,0.43049,0.43049,1,0.0,0.0,0.006639405030473299,0.0,0.0013278810060946599
22100,11263966.0,11263966.0,5.3,5.3,3.276912,3.276912,1,0.006796292465375647,0.53,0.050577460507458386,0.0,0.17183400908764193
22140,0.0,0.0,6.1,6.1,4.481897,4.481897,1,0.0,0.61,0.06917789915602662,0.0,0.1968355798312053
22214,116540861.0,29135215.25,21.9,5.475,61.728169,15.43204225,4,0.07031677612687136,0.5475,0.238206978286087,0.15000000000000002,0.25501810610796594
22239,0.0,0.0,4.4,4.4,5.379319,5.379319,1,0.0,0.44000000000000006,0.08303072126823166,0.0,0.14860614425364635
22423,0.0,0.0,5.0,5.0,1.452199,1.452199,1,0.0,0.5,0.02241075120589457,0.0,0.1544821502411789
22461,2375097.0,1187548.5,12.6,6.3,13.422156000000001,6.7110780000000005,2,0.001433052429813469,0.63,0.10358807391094388,0.05,0.21529083575411417
22558,0.0,0.0,6.1,6.1,0.702971,0.702971,1,0.0,0.61,0.010845487366270444,0.0,0.18516909747325408
22669,0.0,0.0,4.5,4.5,0.165367,0.165367,1,0.0,0.45,0.0025469025546546345,0.0,0.13550938051093095
22676,85446075.0,85446075.0,5.8,5.8,21.680424,21.680424,1,0.051555244016043944,0.58,0.3346585037355394,0.0,0.26155379835352544
22677,0.0,0.0,6.3,6.3,2.832628,2.832628,1,0.0,0.63,0.043719385689481,0.0,0.1977438771378962
23213,165128807.0,41282201.75,24.1,6.025,42.391352,10.597838,4,0.09963308366081444,0.6025,0.16358503729364907,0.15000000000000002,0.2683202409230556
23287,0.0,0.0,5.9,5.9,20.086645,20.086645,1,0.0,0.5900000000000001,0.3100565472722835,0.0,0.23901130945445673
23393,56714147.0,28357073.5,11.7,5.85,23.076033000000002,11.538016500000001,2,0.03421937974034251,0.585,0.17809785903661926,0.05,0.22980732370346085
23430,238326450.0,79442150.0,17.1,5.7,80.783713,26.927904333333334,3,0.14379804204262742,0.5700000000000001,0.41565987387685654,0.10000000000000002,0.3216511915924223
23532,7800000.0,7800000.0,6.4,6.4,14.105392,14.105392,1,0.004706253661448378,0.6400000000000001,0.21772848553868127,0.0,0.23742819857231565
23590,0.0,0.0,5.9,5.9,1.623769,1.623769,1,0.0,0.5900000000000001,0.02505914704396297,0.0,0.18201182940879262
23677,232297987.5,232297987.5,6.5,6.5,36.125715,36.125715,1,0.14016067361781598,0.65,0.5576394943754351,0.0,0.3625921683222134
23799,12848228.0,2569645.6,20.0,4.0,43.112914,8.6225828,5,0.007752182060015844,0.4,0.13309452233880287,0.2,0.1697197772917669
23858,0.0,0.0,6.8,6.8,1.610132,1.610132,1,0.0,0.68,0.024848643027854448,0.0,0.2089697286055709
23880,49000000.0,49000000.0,4.5,4.5,9.114168,9.114168,1,0.029564926847560326,0.45,0.1406827498712154,0.0,0.17496252071326723
23964,173372395.0,86686197.5,13.3,6.65,36.413559,18.2067795,2,0.1046069831747211,0.665,0.28103849069870784,0.05,0.30255049140963003
23968,193000000.0,193000000.0,5.9,5.9,22.392544,22.392544,1,0.11644960982814578,0.5900000000000001,0.3456509595506893,0.0,0.2927100358413962
24045,0.0,0.0,5.9,5.9,33.296684,33.296684,1,0.0,0.5900000000000001,0.5139698905626096,0.0,0.27979397811252193
24173,43793497.0,14597832.333333334,20.0,6.666666666666667,39.246311000000006,13.082103666666669,3,0.026423500718445972,0.6666666666666667,0.20193276039358626,0.10000000000000002,0.26095595236609564
24248,42886719.0,21443359.5,13.1,6.55,25.351354,12.675677,2,0.025876381836058684,0.655,0.19565906048987342,0.05,0.25098236483239816
24294,28780255.0,28780255.0,6.5,6.5,11.233081,11.233081,1,0.01736502313732923,0.65,0.17339080122301953,0.0,0.2366241694995356
24318,25599706.0,8533235.333333334,13.899999999999999,4.633333333333333,23.055635,7.6852116666666666,3,0.015445988473654106,0.4633333333333333,0.11862503578377893,0.10000000000000002,0.17890340254621742
24481,0.0,0.0,6.2,6.2,0.774442,0.774442,1,0.0,0.6200000000000001,0.01194873093415869,0.0,0.18838974618683177
24528,0.0,0.0,3.1,3.1,0.249457,0.249457,1,0.0,0.31000000000000005,0.003844936045493195,0.0,0.09376898720909865
24657,21001563.0,21001563.0,5.8,5.8,2.238646,2.238646,1,0.012671625995498563,0.58,0.03455053649272431,0.0,0.18597875769674427
24757,869325.0,869325.0,4.6,4.6,1.478505,1.478505,1,0.0005245210210562323,0.45999999999999996,0.02281681695699457,0.0,0.1427731717998214
24886,132900000.0,132900000.0,5.0,5.0,20.344364,20.344364,1,0.08018732200083199,0.5,0.3140347598210458,0.0,0.24488188076454195
25210,22200000.0,22200000.0,6.2,6.2,8.870614,8.870614,1,0.013394721959506924,0.6200000000000001,0.1369231916737164,0.0,0.21874252711854608
25236,0.0,0.0,7.0,7.0,8.48639,8.48639,1,0.0,0.7000000000000001,0.13099221747959158,0.0,0.23619844349591834
25453,232297987.5,232297987.5,4.9,4.9,30.863434,30.863434,1,0.14016067361781598,0.49000000000000005,0.47640965757910475,0.0,0.2983462009629474
25527,0.0,0.0,4.0,4.0,5.099472,5.099472,1,0.0,0.4,0.07871093558252945,0.0,0.13574218711650587
25598,171942213.0,57314071.0,20.5,6.833333333333333,55.08609200000001,18.36203066666667,3,0.10374406019087012,0.6833333333333333,0.28343498509548626,0.10000000000000002,0.3131846210954453
25735,41158580.0,20579290.0,10.6,5.3,10.744156,5.372078,2,0.02483368177243795,0.53,0.08291894744842952,0.05,0.1905172621986611
25873,0.0,0.0,5.8,5.8,11.071522,11.071522,1,0.0,0.58,0.17089693759183402,0.0,0.2081793875183668
25950,15000000.0,7500000.0,12.4,6.2,3.371948,1.685974,2,0.009050487810477651,0.6200000000000001,0.02601935840438172,0.05,0.19982406680506745
26095,50907234.0,50907234.0,7.0,7.0,20.975165,20.975165,1,0.030715686718808897,0.7000000000000001,0.32377195596867875,0.0,0.2870406658812593
26205,245567527.0,122783763.5,12.7,6.35,31.85558,15.92779,2,0.14816706065084276,0.635,0.24585945994273892,0.05,0.3039387162488849
26481,41510769.0,13836923.0,19.0,6.333333333333333,28.718961999999998,9.572987333333332,3,0.02504618058920357,0.6333333333333333,0.14776519559497434,0.10000000000000002,0.23957151135467628
26502,62776289.0,20925429.666666668,17.0,5.666666666666667,46.711961,15.570653666666667,3,0.037877069225434816,0.5666666666666668,0.2403466174946244,0.10000000000000002,0.24322015118909884
26648,307248349.0,153624174.5,10.2,5.1,44.267488,22.133744,2,0.18538316249425887,0.51,0.34165606042559693,0.05,0.30048447708282294
26713,442424389.5,88484877.9,26.8,5.36,92.81530599999999,18.5630612,5,0.26694376961518446,0.536,0.28653814082087337,0.2,0.3448851360102485
26714,283674848.5,141837424.25,9.399999999999999,4.699999999999999,72.141608,36.070804,2,0.1711597172325563,0.47,0.5567918749555821,0.05,0.32582226188413893
26760,0.0,0.0,4.7,4.7,2.706207,2.706207,1,0.0,0.47000000000000003,0.04176792068834767,0.0,0.14935358413766955
26767,51702483.0,51702483.0,5.2,5.2,10.115011,10.115011,1,0.031195512810861865,0.52,0.15613200344561592,0.0,0.19970460581346794
26775,0.0,0.0,7.2,7.2,15.046612,15.046612,1,0.0,0.7200000000000001,0.23225738412646896,0.0,0.2624514768252938
26849,232297987.5,232297987.5,6.3,6.3,41.690578,41.690578,1,0.14016067361781598,0.63,0.6435400597925875,0.0,0.3737722814056439
26850,232297987.5,232297987.5,6.3,6.3,41.690578,41.690578,1,0.14016067361781598,0.63,0.6435400597925875,0.0,0.3737722814056439
26875,161451538.0,161451538.0,5.4,5.4,32.233713,32.233713,1,0.09741434511012462,0.54,0.4975616142183338,0.0,0.3004780608877166
26882,99000.0,99000.0,7.4,7.4,0.212443,0.212443,1,5.97332195491525e-05,0.7400000000000001,0.0032735790276563715,0.0,0.22267860909335097
27005,76432727.0,25477575.666666668,15.399999999999999,5.133333333333333,46.272856000000004,15.424285333333335,3,0.04611689760233774,0.5133333333333333,0.2380872406523734,0.10000000000000002,0.2300642071714098
27226,162666456.0,40666614.0,20.799999999999997,5.199999999999999,57.664523,14.41613075,4,0.09814738514677328,0.5199999999999999,0.2225251237168393,0.15000000000000002,0.2547639788020772
27436,10541523.0,5270761.5,13.0,6.5,9.244537,4.6222685,2,0.00636039502769132,0.65,0.07134470743476659,0.05,0.21681309949802985
27571,82528182.0,41264091.0,13.0,6.5,59.312089,29.6560445,2,0.049794687014125406,0.65,0.45777210248947664,0.05,0.3114722953035455
27728,0.0,0.0,6.1,6.1,9.815394,9.815394,1,0.0,0.61,0.15150704327883535,0.0,0.21330140865576708
27745,8900000.0,8900000.0,6.9,6.9,8.591387,8.591387,1,0.005369956100883406,0.6900000000000001,0.13261297645732467,0.0,0.23567057773181832
27846,56773434.0,28386717.0,11.5,5.75,28.09859,14.049295,2,0.034255151491730494,0.5750000000000001,0.21686255873721175,0.05,0.23457457234413456
27875,0.0,0.0,7.0,7.0,0.144031,0.144031,1,0.0,0.7000000000000001,0.002217554920446863,0.0,0.2104435109840894
27889,0.0,0.0,11.6,5.8,12.690514,6.345257,2,0.0,0.58,0.09794117285669185,0.05,0.19858823457133837
27977,641100.0,641100.0,6.9,6.9,9.140936,9.140936,1,0.0003868178490198148,0.6900000000000001,0.14109594716557583,0.0,0.2353739165727231
27991,6739141.0,3369570.5,11.7,5.85,11.511871,5.7559355,2,0.004066167564906012,0.585,0.08884426426029256,0.05,0.1998953198780209
27992,54207.0,54207.0,5.9,5.9,7.502934,7.502934,1,3.2706652849504134e-05,0.5900000000000001,0.11581135382438731,0.0,0.20017535342601728
28239,138625371.0,69312685.5,12.5,6.25,48.628039,24.3140195,2,0.08364181536389614,0.625,0.3753113181049261,0.05,0.3010189897665437
28741,59490564.0,29745282.0,11.600000000000001,5.800000000000001,14.416421,7.2082105,2,0.035894574954696036,0.5800000000000001,0.111261930902076,0.05,0.21561021616229364
28898,0.0,0.0,12.9,6.45,15.317162,7.658581,2,0.0,0.645,0.11821395839982493,0.05,0.222142791679965
28902,16.0,16.0,6.4,6.4,11.818333,11.818333,1,9.653853664509495e-09,0.6400000000000001,0.18242489203738804,0.0,0.22848498226901912
28904,302861916.0,75715479.0,23.1,5.775,43.23621,10.8090525,4,0.18273653860106043,0.5775,0.16684539518104022,0.15000000000000002,0.2947136944766322
29009,310338941.0,77584735.25,24.3,6.075,66.234341,16.55858525,4,0.18724792017580286,0.6075,0.25559656733198716,0.15000000000000002,0.32326848153671855
29214,367998093.0,91999523.25,23.6,5.9,109.718491,27.42962275,4,0.22203748366503473,0.5900000000000001,0.4234045201820513,0.15000000000000002,0.36549589750242417
29226,37311672.0,18655836.0,13.9,6.95,25.483307000000003,12.741653500000002,2,0.022512588841636018,0.6950000000000001,0.19667748963255757,0.05,0.26184053346316594
29342,2000000.0,2000000.0,5.6,5.6,1.15641,1.15641,1,0.0012067317080636868,0.5599999999999999,0.017844880968985937,0.0,0.17205166887702264
29433,0.0,0.0,6.6,6.6,8.022122,8.022122,1,0.0,0.66,0.12382566482499964,0.0,0.22276513296499995
29524,19598588.0,19598588.0,5.4,5.4,20.697556,20.697556,1,0.011825118786438238,0.54,0.31948671658993927,0.0,0.23062739083256314
29605,371121418.0,92780354.5,25.1,6.275,108.849396,27.212349,4,0.22392199132107873,0.6275000000000001,0.42005063025245104,0.15000000000000002,0.37682892257892175
29648,0.0,0.0,4.7,4.7,0.116873,0.116873,1,0.0,0.47000000000000003,0.001798337492165336,0.0,0.1413596674984331
29700,0.0,0.0,4.3,4.3,0.186234,0.186234,1,0.0,0.43,0.002869010591916238,0.0,0.12957380211838326
29705,0.0,0.0,4.6,4.6,0.805312,0.805312,1,0.0,0.45999999999999996,0.012425247688376629,0.0,0.14048504953767532
29783,0.0,0.0,6.5,6.5,4.030724,4.030724,1,0.0,0.65,0.06221348407501692,0.0,0.20744269681500338
29922,0.0,0.0,4.7,4.7,3.619167,3.619167,1,0.0,0.47000000000000003,0.05586059111046649,0.0,0.1521721182220933
29962,54600000.0,18200000.0,18.6,6.2,9.225811,3.0752703333333336,3,0.03294377563013865,0.6200000000000001,0.04746487118076272,0.10000000000000002,0.21867048448820806
30149,19870567.0,19870567.0,5.5,5.5,10.930537,10.930537,1,0.011989221628051964,0.55,0.1687206591793489,0.0,0.20353982048709057
30165,3202000.0,3202000.0,7.4,7.4,3.898498,3.898498,1,0.0019319774646099626,0.7400000000000001,0.06017241169590383,0.0,0.23480727332502477
30293,9012000.0,9012000.0,7.3,7.3,5.344815,5.344815,1,0.005437533076534972,0.73,0.08249810921486153,0.0,0.23767463507358627
30365,251990584.0,62997646.0,22.9,5.725,47.411268,11.852817,4,0.15204251392314297,0.5725,0.18295719536594168,0.15000000000000002,0.28415844464244555
30368,17500000.0,17500000.0,5.8,5.8,12.792446,12.792446,1,0.01055890244555726,0.58,0.1974615348945794,0.0,0.21771586795713876
30422,20720000.0,10360000.0,11.2,5.6,5.154234,2.577117,2,0.012501740495539796,0.5599999999999999,0.03977525636045672,0.05,0.18595574747030724
30458,416925.0,416925.0,6.8,6.8,9.856826,9.856826,1,0.00025155830869222633,0.68,0.1521465976086299,0.0,0.23452994284520287
30711,46495.0,23247.5,12.899999999999999,6.449999999999999,12.040872,6.020436,2,2.8053495383210558e-05,0.645,0.09292715767619866,0.05,0.21709665293339303
30715,85210239.0,28403413.0,20.5,6.833333333333333,76.825804,25.608601333333336,3,0.05141294862649249,0.6833333333333333,0.3952947950498405,0.10000000000000002,0.3146241384605651
30870,0.0,0.0,4.4,4.4,4.346271,4.346271,1,0.0,0.44000000000000006,0.06708434355811402,0.0,0.14541686871162282
31024,498157112.0,124539278.0,22.0,5.5,69.56174899999999,17.390437249999998,4,0.3005709913239167,0.55,0.26843723513340273,0.15000000000000002,0.3539158435562472
31033,42487390.0,21243695.0,10.8,5.4,16.396975,8.1984875,2,0.025635440352934004,0.54,0.12654808515593657,0.05,0.20256379317236092
31074,29548291.0,29548291.0,6.9,6.9,9.795985,9.795985,1,0.017828429834396434,0.6900000000000001,0.15120744128069424,0.0,0.24437286018989743
31093,38085778.0,38085778.0,4.6,4.6,10.410933,10.410933,1,0.022979657969437194,0.45999999999999996,0.16069992670255406,0.0,0.17933184852828568
31119,99091123.0,49545561.5,12.3,6.15,31.825467999999997,15.912733999999999,2,0.05978820005586944,0.6150000000000001,0.245627051900902,0.05,0.2625406904025282
31120,0.0,0.0,4.3,4.3,2.873796,2.873796,1,0.0,0.43,0.044354864851698164,0.0,0.13787097297033962
31211,14564027.0,14564027.0,6.9,6.9,22.583834,22.583834,1,0.008787436588997827,0.6900000000000001,0.34860375805779487,0.0,0.28023572624715815
31493,2300000.0,2300000.0,6.7,6.7,11.35344,11.35344,1,0.00138774146427324,0.67,0.1752486917322815,0.0,0.2366048349321656
31497,0.0,0.0,8.4,8.4,4.021389,4.021389,1,0.0,0.8400000000000001,0.062069386766930607,0.0,0.2644138773533861
31511,68729358.0,68729358.0,5.9,5.9,20.69219,20.69219,1,0.04146894778673031,0.5900000000000001,0.319403885721681,0.0,0.25746835625902836
31621,1400000.0,1400000.0,6.8,6.8,1.220072,1.220072,1,0.0008447121956445808,0.68,0.01882758293228436,0.0,0.20810340146471473
32277,104324083.0,104324083.0,5.6,5.6,13.080725,13.080725,1,0.06294558943538392,0.5599999999999999,0.2019114789629044,0.0,0.23356053156673443
32278,24145613.0,12072806.5,11.3,5.65,21.854779999999998,10.927389999999999,2,0.014568638408867381,0.5650000000000001,0.1686720813294777,0.05,0.2140618716294425
32427,0.0,0.0,8.4,8.4,4.021389,4.021389,1,0.0,0.8400000000000001,0.062069386766930607,0.0,0.2644138773533861
32593,273339641.0,54667928.2,26.0,5.2,95.447829,19.0895658,5,0.1649238059327225,0.52,0.29466539262109404,0.2,0.3009026008973078
32765,37600000.0,18800000.0,11.899999999999999,5.949999999999999,5.059578,2.529789,2,0.02268655611159731,0.595,0.039044689954767495,0.05,0.2003835604355924
32813,11642254.0,11642254.0,5.2,5.2,8.008844,8.008844,1,0.007024538527565645,0.52,0.12362070241934671,0.0,0.1835339558948956
32868,12671300.0,12671300.0,6.5,6.5,5.069095,5.069095,1,0.007645429746193698,0.65,0.07824202889503745,0.0,0.213706577677485
32983,31702825.0,10567608.333333334,18.2,6.066666666666666,17.411644000000003,5.803881333333334,3,0.019128402081347078,0.6066666666666667,0.08958436769010385,0.10000000000000002,0.2175682343705596
33036,0.0,0.0,5.9,5.9,3.789485,3.789485,1,0.0,0.5900000000000001,0.05848966077502401,0.0,0.18869793215500483
33054,0.0,0.0,5.9,5.9,6.335881,6.335881,1,0.0,0.5900000000000001,0.09779644266273177,0.0,0.19655928853254637
33064,36000000.0,36000000.0,6.4,6.4,4.028875,4.028875,1,0.021721170745146363,0.6400000000000001,0.06218494246573448,0.0,0.21312545679120548
33094,14144000.0,14144000.0,4.5,4.5,11.225044,11.225044,1,0.008534006639426394,0.45,0.17326674015552196,0.0,0.17306695068687497
33183,258079953.0,64519988.25,24.4,6.1,75.14802399999999,18.787005999999998,4,0.15571663125034302,0.61,0.2899950066848184,0.15000000000000002,0.3182856538371009
33192,58978653.0,58978653.0,6.7,6.7,27.247013,27.247013,1,0.03558570533699274,0.67,0.4205857121043529,0.0,0.2993514245556677
33254,132002436.0,66001218.0,10.899999999999999,5.449999999999999,40.32425,20.162125,2,0.07964576253142375,0.5449999999999999,0.3112216747296327,0.05,0.26260263995849603
33279,67612985.0,33806492.5,11.7,5.85,37.334817,18.6674085,2,0.04079536643816722,0.585,0.2881488708729435,0.05,0.25444792074985556
33315,124312007.0,41437335.666666664,18.5,6.166666666666667,40.029995,13.343331666666666,3,0.0750056202699675,0.6166666666666667,0.20596513871139782,0.10000000000000002,0.2661952758502666
33316,17507368.0,17507368.0,5.5,5.5,9.378688,9.378688,1,0.010563348045169766,0.55,0.1447659442938176,0.0,0.19817852807683145
33317,5410749.0,2705374.5,11.3,5.65,8.039014,4.019507,2,0.0032646611913369427,0.5650000000000001,0.06204033576170099,0.05,0.18821393162887498
33341,37664855.0,37664855.0,4.5,4.5,11.045593,11.045593,1,0.022725687404060547,0.45,0.17049669130352446,0.0,0.17818961322232912
33349,0.0,0.0,4.4,4.4,2.00163,2.00163,1,0.0,0.44000000000000006,0.03089190043772857,0.0,0.1381783800875457
33433,216143969.0,43228793.8,32.9,6.58,62.865241999999995,12.5730484,5,0.1304138904495173,0.658,0.1940748607049064,0.2,0.3083805283207882
33485,55675973.0,18558657.666666668,16.9,5.633333333333333,51.315716,17.10523866666667,3,0.03359298099819885,0.5633333333333334,0.26403484111858083,0.10000000000000002,0.24524416062299573
33541,16757163.0,16757163.0,5.5,5.5,11.880899,11.880899,1,0.010110699964645807,0.55,0.183390675880744,0.0,0.20572241516200712
33542,0.0,0.0,6.3,6.3,1.296784,1.296784,1,0.0,0.63,0.020011727838327976,0.0,0.1930023455676656
34110,1521261.0,1521261.0,7.1,7.1,8.432401,8.432401,1,0.0009178769424703361,0.71,0.13015883027377778,0.0,0.2393989168317437
34453,82706821.0,41353410.5,11.8,5.9,28.540656,14.270328,2,0.0499024716869238,0.5900000000000001,0.22027447735512728,0.05,0.246015884145795
34481,33771174.0,33771174.0,6.9,6.9,6.857923,6.857923,1,0.020376373242167987,0.6900000000000001,0.10585480869465405,0.0,0.23632151103579804
34517,50907422.0,16969140.666666668,19.9,6.633333333333333,58.772133999999994,19.59071133333333,3,0.030715800151589454,0.6633333333333333,0.3024011957611918,0.10000000000000002,0.28176655921287413
34611,0.0,0.0,13.0,6.5,33.123549,16.5617745,2,0.0,0.65,0.2556457973630331,0.05,0.2511291594726066
34692,0.0,0.0,6.6,6.6,1.212956,1.212956,1,0.0,0.66,0.018717738642585142,0.0,0.20174354772851705
34740,8000000.0,8000000.0,6.1,6.1,8.484123,8.484123,1,0.004826926832254747,0.61,0.13095722352164496,0.0,0.2111222154372309
34849,83282296.0,83282296.0,7.4,7.4,28.350529,28.350529,1,0.05024969365177277,0.7400000000000001,0.437619850832813,0.0,0.32962384762727176
35005,0.0,0.0,6.3,6.3,7.667888,7.667888,1,0.0,0.63,0.11835762349316818,0.0,0.21267152469863365
35155,0.0,0.0,4.7,4.7,6.250282,6.250282,1,0.0,0.47000000000000003,0.09647511588449073,0.0,0.16029502317689817
35452,44409246.0,22204623.0,11.6,5.8,47.223929,23.6119645,2,0.026795022639700225,0.58,0.36447422805366353,0.05,0.26261285466661277
35453,76055017.0,25351672.333333332,18.1,6.033333333333334,72.345477,24.115159000000002,3,0.04588900028561137,0.6033333333333335,0.37224165953666705,0.10000000000000002,0.28380393202157805
35595,0.0,0.0,5.5,5.5,8.496364,8.496364,1,0.0,0.55,0.131146178545564,0.0,0.19122923570911282
35689,385294692.0,96323673.0,23.0,5.75,79.792121,19.94803025,4,0.23247366089251606,0.5750000000000001,0.30791685660961,0.15000000000000002,0.34207283567892843
35694,314717971.0,62943594.2,17.700000000000003,3.5400000000000005,60.176358,12.0352716,5,0.18989007735158392,0.3540000000000001,0.18577360851087632,0.2,0.23931075264280888
35734,314717971.0,62943594.2,17.700000000000003,3.5400000000000005,60.176358,12.0352716,5,0.18989007735158392,0.3540000000000001,0.18577360851087632,0.2,0.23931075264280888
35736,42345360.0,42345360.0,7.7,7.7,14.719886,14.719886,1,0.02554974430068586,0.77,0.22721396290720725,0.0,0.28666269030171576
35796,25871834.0,12935917.0,10.4,5.2,28.144101999999997,14.072050999999998,2,0.015610181216780082,0.52,0.2172138258333887,0.05,0.21068683765338977
36083,28818995.0,14409497.5,11.0,5.5,11.428014,5.714007,2,0.017388397530514424,0.55,0.0881970458369292,0.05,0.19459476817959162
36147,0.0,0.0,4.5,4.5,2.645722,2.645722,1,0.0,0.45,0.04083425966214515,0.0,0.14316685193242903
36187,1429299.0,1429299.0,5.7,5.7,7.155519,7.155519,1,0.0008623902118018598,0.5700000000000001,0.11044857221873054,0.0,0.19343467052846686
36422,0.0,0.0,5.2,5.2,1.265683,1.265683,1,0.0,0.52,0.019531645312479834,0.0,0.15990632906249597
36423,0.0,0.0,4.6,4.6,8.710294,8.710294,1,0.0,0.45999999999999996,0.13444845354491106,0.0,0.16488969070898218
36425,717713895.0,143542779.0,29.4,5.88,163.082988,32.6165976,5,0.4330440572071958,0.588,0.5034719131114996,0.2,0.47031200550517827
36588,543233714.0,90538952.33333333,40.6,6.766666666666667,192.866763,32.1444605,6,0.32776867378650015,0.6766666666666667,0.4961838911342445,0.25000000000000006,0.458344247741449
36602,326769063.0,81692265.75,26.5,6.625,92.987615,23.24690375,4,0.19716129476818023,0.6625000000000001,0.3588390624014975,0.15000000000000002,0.3643823303875716
36693,49469904.0,24734952.0,13.100000000000001,6.550000000000001,15.290424,7.645212,2,0.029848450875833307,0.6550000000000001,0.11800759129625708,0.05,0.23704089860958477
36697,137587063.0,137587063.0,7.0,7.0,40.646102,40.646102,1,0.08301533577072805,0.7000000000000001,0.6274172767223402,0.0,0.3686895896527593
36797,686786764.0,114464460.66666667,35.8,5.966666666666666,134.040059,22.340009833333337,6,0.4143836823986261,0.5966666666666666,0.34484002950256676,0.25000000000000006,0.4387214788599638
36804,413562334.0,82712466.8,29.3,5.86,49.053385000000006,9.810677000000002,5,0.24952939084931247,0.5860000000000001,0.15143423053087146,0.2,0.3258986024458993
36805,0.0,0.0,6.4,6.4,12.309718,12.309718,1,0.0,0.6400000000000001,0.19001002923438776,0.0,0.23000200584687758
37360,8500000.0,8500000.0,6.7,6.7,9.903992,9.903992,1,0.005128609759270669,0.67,0.15287466334330574,0.0,0.23362637657236943
37362,4000000.0,4000000.0,4.8,4.8,0.483974,0.483974,1,0.0024134634161273737,0.48,0.007464996934671297,0.0,0.14645838475338518
37577,0.0,0.0,5.3,5.3,1.031142,1.031142,1,0.0,0.53,0.015911213953521974,0.0,0.1621822427907044
37618,37930465.0,37930465.0,5.8,5.8,24.612603,24.612603,1,0.022885947408549944,0.58,0.37992032491681565,0.0,0.2591384439467831
37626,0.0,0.0,6.7,6.7,1.780065,1.780065,1,0.0,0.67,0.027471769739694965,0.0,0.206494353947939
37627,53191886.0,53191886.0,6.8,6.8,18.923181,18.923181,1,0.03209416772395445,0.68,0.2920970367789431,0.0,0.2752570744453704
37630,186270850.0,62090283.333333336,20.2,6.733333333333333,39.557315,13.185771666666668,3,0.1123894704914874,0.6733333333333333,0.2035330046072651,0.10000000000000002,0.297662389118048
37710,380635687.0,63439281.166666664,33.2,5.533333333333334,68.317883,11.386313833333332,6,0.22966257636175244,0.5533333333333335,0.17575614014040267,0.25000000000000006,0.31801625857278154
37852,1083683.0,541841.5,12.2,6.1,17.946266,8.973133,2,0.0006538573187947901,0.61,0.13850569964668913,0.05,0.21596268285685577
37932,582257244.0,83179606.28571428,46.8,6.685714285714285,210.844375,30.120625,7,0.35131413929228744,0.6685714285714286,0.4649434789693259,0.30000000000000004,0.46408578008220874
37948,83075990.0,16615198.0,32.6,6.5200000000000005,93.612086,18.722417200000002,5,0.050125215655890884,0.6520000000000001,0.28899799841352497,0.2,0.2934496859450614
38023,232297987.5,232297987.5,5.4,5.4,18.325897,18.325897,1,0.14016067361781598,0.54,0.2828772171149876,0.0,0.2746397128701239
38131,3052000.0,3052000.0,7.0,7.0,1.894749,1.894749,1,0.001841472586505186,0.7000000000000001,0.029242059582284208,0.0,0.21658500095105895
38516,3432342.0,3432342.0,6.7,6.7,3.03091,3.03091,1,0.0020709579621593656,0.67,0.046780114392423695,0.0,0.2111844060633485
38774,0.0,0.0,5.7,5.7,8.950864,8.950864,1,0.0,0.5700000000000001,0.13816194999979312,0.0,0.19863238999995864
39104,1227324.0,1227324.0,7.3,7.3,2.950618,2.950618,1,0.0007405253934337782,0.73,0.045540707744232356,0.0,0.22840435170622
39819,245938046.0,49187609.2,29.3,5.86,40.466087,8.0932174,5,0.1483906191637128,0.5860000000000001,0.12492311054083463,0.2,0.28014086977365205
39822,619042.0,619042.0,6.5,6.5,0.430758,0.430758,1,0.0003735088050115804,0.65,0.0066435419430139675,0.0,0.19647811191060743
39996,101352817.0,20270563.4,33.6,6.720000000000001,42.968707,8.5937414,5,0.061152828987738134,0.6720000000000002,0.13264931954271927,0.2,0.27259099550363913
40220,0.0,0.0,6.4,6.4,0.838938,0.838938,1,0.0,0.6400000000000001,0.012944306722303818,0.0,0.1945888613444608
40223,147015973.0,49005324.333333336,19.6,6.533333333333334,80.57146800000001,26.857156000000003,3,0.08870441810546743,0.6533333333333334,0.41456778556567003,0.10000000000000002,0.32439532435532104
40230,17193231.0,17193231.0,5.2,5.2,2.77255,2.77255,1,0.010373808505881765,0.52,0.04279200721329359,0.0,0.1687079248450114
40243,53478166.0,26739083.0,12.399999999999999,6.199999999999999,70.464058,35.232029,2,0.03226689930064669,0.62,0.5438443420589462,0.05,0.3126756281320479
40256,440996231.0,110249057.75,25.8,6.45,133.01998600000002,33.254996500000004,4,0.2660820675421391,0.645,0.5133263922732847,0.15000000000000002,0.4175981054715126
40307,21126225.0,21126225.0,6.8,6.8,24.240361,24.240361,1,0.012746842789593881,0.68,0.37417430776023664,0.0,0.2839335986678849
40345,261019828.0,87006609.33333333,20.7,6.8999999999999995,88.67992100000001,29.559973666666668,3,0.15749045144046486,0.69,0.4562891299700399,0.10000000000000002,0.3712540065701939
40508,2466444.0,822148.0,17.0,5.666666666666667,15.718655,5.239551666666666,3,0.001488168090481716,0.5666666666666668,0.0808732390516558,0.10000000000000002,0.19676991504652386
40541,3758328.0,3758328.0,6.1,6.1,25.112567,25.112567,1,0.00226764678345179,0.61,0.38763788962383916,0.0,0.26143463663814853
40863,343341.0,171670.5,11.2,5.6,24.430877,12.2154385,2,0.00020716023568914714,0.5599999999999999,0.18855470816767927,0.05,0.2107938057278115
40864,76901.0,38450.5,12.399999999999999,6.199999999999999,0.485701,0.2428505,2,4.639943754090279e-05,0.62,0.0037429565204934925,0.05,0.19176715107911507
41039,509390079.0,127347519.75,23.4,5.85,153.930857,38.48271425,4,0.3073485800511832,0.585,0.5940227024189761,0.15000000000000002,0.43224397250426855
41041,0.0,0.0,13.3,6.65,38.39591,19.197955,2,0.0,0.665,0.29633851441494824,0.05,0.2637677028829897
41285,66122026.0,66122026.0,7.1,7.1,29.533437,29.533437,1,0.03989577268780575,0.71,0.4558795035927233,0.0,0.32013420979366697
41378,57958696.0,57958696.0,5.7,5.7,24.664776,24.664776,1,0.03497029811061199,0.5700000000000001,0.3807256799092942,0.0,0.26113325522610364
41530,6294161.0,3147080.5,10.7,5.35,11.961945,5.9809725,2,0.0037976818271789215,0.535,0.09231798958646496,0.05,0.18548267064816457
41549,52269466.0,13067366.5,23.9,5.975,34.587939,8.64698475,4,0.031537610992878405,0.5975,0.1334711967155631,0.15000000000000002,0.233559283740264
41550,116313039.0,58156519.5,9.0,4.5,12.174459,6.0872295,2,0.0701793161112741,0.45,0.09395819822763553,0.05,0.18686336609003676
41621,0.0,0.0,5.3,5.3,6.833164,6.833164,1,0.0,0.53,0.10547262280810783,0.0,0.18009452456162156
41670,712294.0,712294.0,6.5,6.5,3.618646,3.618646,1,0.00042977387763175784,0.65,0.055852548828997504,0.0,0.2063424193168522
41671,157164001.0,52388000.333333336,18.2,6.066666666666666,70.73353,23.577843333333334,3,0.0948273916864265,0.6066666666666667,0.36394752550782195,0.10000000000000002,0.302720461776135
41887,15973588.0,3194717.6,29.4,5.88,16.385429000000002,3.2770858000000005,5,0.009637917565572805,0.588,0.0505801433261135,0.2,0.2103711956914518
42092,11.0,11.0,6.9,6.9,1.617943,1.617943,1,6.6370243943502775e-09,0.6900000000000001,0.02496921550492592,0.0,0.21199384575579497
42171,13000000.0,13000000.0,6.2,6.2,7.296459,7.296459,1,0.007843756102413965,0.6200000000000001,0.1126241560003786,0.0,0.21166233364104134
42175,49627779.0,49627779.0,4.6,4.6,13.210898,13.210898,1,0.029943707260038584,0.45999999999999996,0.20392086073960708,0.0,0.19076165505193682
42274,22034832.0,22034832.0,5.2,5.2,6.246199,6.246199,1,0.013295065228128192,0.52,0.09641208971320885,0.0,0.18060044403389305
42518,0.0,0.0,6.4,6.4,2.24888,2.24888,1,0.0,0.6400000000000001,0.03470851098131085,0.0,0.1989417021962622
42617,0.0,0.0,6.9,6.9,9.164386,9.164386,1,0.0,0.6900000000000001,0.14145792701288423,0.0,0.23529158540257686
42712,0.0,0.0,5.2,5.2,3.687574,3.687574,1,0.0,0.52,0.056916538036471884,0.0,0.16738330760729436
42745,89519773.0,89519773.0,6.9,6.9,22.863516,22.863516,1,0.054013174288881756,0.6900000000000001,0.35292099676376126,0.0,0.299189469068305
42952,62852.0,62852.0,7.3,7.3,5.292536,5.292536,1,3.792275065760942e-05,0.73,0.08169111798085572,0.0,0.2353533926964342
42994,247493312.0,61873328.0,25.4,6.35,94.960318,23.7400795,4,0.14932901356204947,0.635,0.3664518420467517,0.15000000000000002,0.33852197383417015
43141,151161491.0,151161491.0,6.2,6.2,24.862767,24.862767,1,0.09120568211394181,0.6200000000000001,0.3837819166661573,0.0,0.29923865617880824
43439,0.0,0.0,6.0,6.0,0.069277,0.069277,1,0.0,0.6000000000000001,0.001063634173935438,0.0,0.18021272683478712
43518,73706.0,73706.0,2.3,2.3,5.258726,5.258726,1,4.447168363727105e-05,0.22999999999999998,0.08116921867861704,0.0,0.08525163240917831
43652,11212294.0,11212294.0,6.3,6.3,5.158067,5.158067,1,0.006765115344966113,0.63,0.07961542211357578,0.0,0.2076291305607016
43673,0.0,0.0,5.0,5.0,4.120549,4.120549,1,0.0,0.5,0.06360004440697758,0.0,0.1627200088813955
43993,0.0,0.0,7.5,7.5,20.982455,20.982455,1,0.0,0.75,0.3238844861642813,0.0,0.28977689723285627
44056,10696210.0,10696210.0,4.2,4.2,14.725467,14.725467,1,0.006453727881553944,0.42000000000000004,0.22730011256724256,0.0,0.1740415136660701
44113,450911175.5,225455587.75,12.5,6.25,58.797757000000004,29.398878500000002,2,0.2720644064980599,0.625,0.4538024261818897,0.05,0.39208624783560186
44114,464595975.0,232297987.5,12.2,6.1,113.699889,56.8499445,2,0.28032134723563196,0.61,0.8775436918165633,0.05,0.47563727725756544
44179,15007991.0,15007991.0,5.1,5.1,10.756266,10.756266,1,0.00905530930701722,0.51,0.16603057005481653,0.0,0.18982823773377017
44740,17820755.0,5940251.666666667,18.6,6.2,24.112175,8.037391666666666,3,0.010752435060067244,0.6200000000000001,0.12406137107695914,0.10000000000000002,0.22511324823941878
44847,0.0,0.0,5.8,5.8,2.013405,2.013405,1,0.0,0.58,0.031073662173423944,0.0,0.18021473243468478
44848,0.0,0.0,6.8,6.8,3.102987,3.102987,1,0.0,0.68,0.04789271232225092,0.0,0.2135785424644502
44916,32392047.0,32392047.0,6.5,6.5,17.318839,17.318839,1,0.01954425510199461,0.65,0.26733202730386973,0.0,0.2562841075015718
45052,105178687.0,35059562.333333336,19.8,6.6000000000000005,56.697823,18.899274333333334,3,0.06346122830770294,0.6600000000000001,0.291728007714992,0.10000000000000002,0.29173009286607965
45117,84175374.0,42087687.0,14.6,7.3,54.787868,27.393934,2,0.050788546421959825,0.73,0.4228536200423657,0.05,0.3288861425772571
45405,4417580.0,1104395.0,24.2,6.05,30.165024000000003,7.541256000000001,4,0.0026654169294539906,0.605,0.11640290144522114,0.15000000000000002,0.22084674706082583
45407,4417580.0,1104395.0,24.2,6.05,30.165024000000003,7.541256000000001,4,0.0026654169294539906,0.605,0.11640290144522114,0.15000000000000002,0.22084674706082583
45459,2113407.0,1056703.5,14.3,7.15,62.958095,31.4790475,2,0.001275157619471876,0.7150000000000001,0.48591241581923245,0.05,0.3171925462116353
45572,0.0,0.0,5.1,5.1,1.631993,1.631993,1,0.0,0.51,0.0251860946884945,0.0,0.1580372189376989
45627,14796236.0,7398118.0,10.2,5.1,17.566469,8.7832345,2,0.008927543570596707,0.51,0.1355743806686893,0.05,0.18868589356197654
45996,3533227.0,3533227.0,6.0,6.0,19.913961,19.913961,1,0.002131828526343368,0.6000000000000001,0.30739095546193784,0.0,0.24233092250292493
46076,229409341.0,76469780.33333333,16.7,5.566666666666666,56.463186,18.821062,3,0.13841776295534738,0.5566666666666666,0.29052070330229973,0.10000000000000002,0.29047124584259887
46085,148580016.0,74290008.0,11.399999999999999,5.699999999999999,17.265144,8.632572,2,0.08964810824590495,0.57,0.13324871803563584,0.05,0.23850898690548916
46297,74541707.0,24847235.666666668,19.1,6.366666666666667,20.790843,6.930281,3,0.04497592070504644,0.6366666666666667,0.10697174420815264,0.10000000000000002,0.24038471712364912
46802,0.0,0.0,5.6,5.6,3.653305,3.653305,1,0.0,0.5599999999999999,0.05638755349969526,0.0,0.17927751069993902
47201,0.0,0.0,5.8,5.8,4.799022,4.799022,1,0.0,0.58,0.07407311702714302,0.0,0.1888146234054286
47275,0.0,0.0,6.5,6.5,1.906807,1.906807,1,0.0,0.65,0.0294281897741326,0.0,0.20088563795482653
47333,110795680.0,55397840.0,13.2,6.6,51.038796000000005,25.519398000000002,2,0.06685033008623883,0.66,0.3939178309142583,0.05,0.3085236982173472
47364,38368909.0,38368909.0,5.3,5.3,9.559737,9.559737,1,0.02315048954705508,0.53,0.14756066025865086,0.0,0.1977723278705522
47503,0.0,0.0,4.9,4.9,6.574285,6.574285,1,0.0,0.49000000000000005,0.10147650421999038,0.0,0.1672953008439981
47640,194563692.0,97281846.0,11.6,5.8,49.40506,24.70253,2,0.11739308818716854,0.58,0.3813084597453403,0.05,0.3022189272239355
47773,9789900.0,9789900.0,4.8,4.8,1.647335,1.647335,1,0.005906891374386344,0.48,0.025422917495206893,0.0,0.1514473400487959
47893,35841901.0,35841901.0,6.1,6.1,8.265317,8.265317,1,0.02162577920698978,0.61,0.12757968141204307,0.0,0.21716624796520453
47974,100000000.0,100000000.0,4.7,4.7,6.889437,6.889437,1,0.06033658540318434,0.47000000000000003,0.10634126638796225,0.0,0.18640288743886618
48498,0.0,0.0,4.3,4.3,8.309894,8.309894,1,0.0,0.43,0.12826778271922717,0.0,0.15465355654384544
48583,318982.0,159491.0,12.7,6.35,27.21681,13.608405,2,0.00019246284685078547,0.635,0.2100568745205889,0.05,0.2375883600428581
48965,0.0,0.0,5.2,5.2,3.107149,3.107149,1,0.0,0.52,0.04795695795655785,0.0,0.16559139159131156
48980,113916474.0,56958237.0,10.1,5.05,37.090674,18.545337,2,0.06873331062330629,0.505,0.2862645458012715,0.05,0.24124623340957682
49555,0.0,0.0,7.0,7.0,2.526356,2.526356,1,0.0,0.7000000000000001,0.0389916973400208,0.0,0.21779833946800417
49605,0.0,0.0,5.6,5.6,6.677926,6.677926,1,0.0,0.5599999999999999,0.10307633165516697,0.0,0.18861526633103337
49903,591537331.5,118307466.3,27.3,5.46,88.72907599999999,17.7458152,5,0.35691342721221514,0.546,0.2739229347529241,0.2,0.3813499578354709
50460,22548955.0,11274477.5,12.899999999999999,6.449999999999999,8.52712,4.26356,2,0.013605269491100606,0.645,0.06580759664337091,0.05,0.21710362712511444
50582,131945022.0,65972511.0,12.0,6.0,24.117552000000003,12.058776000000002,2,0.07961112088428036,0.6000000000000001,0.18613642808968556,0.05,0.2540717339716493
50583,4217115.0,2108557.5,12.2,6.1,6.1724559999999995,3.0862279999999997,2,0.002544463193525497,0.61,0.047634016362291774,0.05,0.19854458854986856
50651,10037390.0,10037390.0,5.9,5.9,3.322721,3.322721,1,0.0060562183896006845,0.5900000000000001,0.0512845792633369,0.0,0.18967940320850768
50719,4152230.0,4152230.0,6.1,6.1,8.583217,8.583217,1,0.002505313800086641,0.61,0.1324868623697976,0.0,0.21049949799399417
50767,126622617.0,31655654.25,26.0,6.5,79.624023,19.90600575,4,0.07639976344595201,0.65,0.30726815630712756,0.15000000000000002,0.30201353663980635
50942,23430766.0,23430766.0,4.9,4.9,7.063053,7.063053,1,0.01413732413821028,0.49000000000000005,0.10902124477475529,0.0,0.1744591786102352
51023,6842058.0,6842058.0,5.9,5.9,16.361743,16.361743,1,0.004128264168505406,0.5900000000000001,0.25255806295676997,0.0,0.22916291825875618
51298,14400000.0,14400000.0,5.5,5.5,16.668854,16.668854,1,0.008688468298058544,0.55,0.25729870231228097,0.0,0.21993512778167962
51445,0.0,0.0,9.3,4.65,16.46751,8.233755,2,0.0,0.4650000000000001,0.12709248277917537,0.05,0.1699184965558351
51521,0.0,0.0,14.9,7.45,2.921946,1.460973,2,0.0,0.7450000000000001,0.02254618878287896,0.05,0.23300923775657584
51534,150277.0,150277.0,6.3,6.3,8.650779,8.650779,1,9.067201044634334e-05,0.63,0.13352976567230723,0.0,0.21574222193863998
51600,47175038.0,23587519.0,11.9,5.95,13.393881,6.6969405,2,0.028463807091854667,0.5950000000000001,0.10336984405630326,0.05,0.21555949164800256
51795,0.0,0.0,5.6,5.6,11.708343,11.708343,1,0.0,0.5599999999999999,0.18072705990922375,0.0,0.20414541198184474
51851,362564490.0,90641122.5,23.3,5.825,114.605789,28.65144725,4,0.21875903315046974,0.5825,0.442264897407965,0.15000000000000002,0.36570659274178097
51864,7018189.0,2339396.3333333335,17.9,5.966666666666666,13.029747,4.343249,3,0.004234535599741889,0.5966666666666666,0.06703769523834574,0.10000000000000002,0.20410135328756587
51866,91818161.0,22954540.25,27.0,6.75,45.533452,11.383363,4,0.0553999431273983,0.675,0.17571059036643966,0.15000000000000002,0.27480209532424726
51894,44000000.0,44000000.0,7.1,7.1,29.071955,29.071955,1,0.02654809757740111,0.71,0.4487559563050653,0.0,0.3133704302919735
51917,7893027.0,3946513.5,13.5,6.75,19.969084,9.984542,2,0.004762382976751399,0.675,0.1541180525416295,0.05,0.24022856369902648
51918,31724284.0,31724284.0,5.0,5.0,62.554173,62.554173,1,0.019141349709208746,0.5,0.9655955366541873,0.0,0.350775647214521
51984,196172075.0,65390691.666666664,18.7,6.233333333333333,74.31482199999999,24.771607333333332,3,0.11836353156957384,0.6233333333333334,0.38237475409811095,0.10000000000000002,0.3208203634474518
51996,13231461.0,13231461.0,6.4,6.4,14.988746,14.988746,1,0.007983411766354028,0.6400000000000001,0.23136415061498292,0.0,0.24146619482953824
52038,197836045.0,65945348.333333336,19.9,6.633333333333333,40.502032,13.500677333333334,3,0.11936751424970721,0.6633333333333333,0.20839396431458077,0.10000000000000002,0.29842579856279905
52044,1500000.0,1500000.0,2.6,2.6,1.893697,1.893697,1,0.0009050487810477651,0.26,0.029225820656938007,0.0,0.08420718364380672
52049,153477662.0,38369415.5,22.599999999999998,5.6499999999999995,49.220186999999996,12.305046749999999,4,0.0926031806074406,0.565,0.18993792269444149,0.15000000000000002,0.25952885678186455
52094,2801508.0,1400754.0,10.8,5.4,8.359423,4.1797115,2,0.0016903342669970416,0.54,0.06451329100469119,0.05,0.18057879190773707
52112,616097658.0,123219531.6,26.5,5.3,107.587148,21.5174296,5,0.3717322895861886,0.53,0.33214248292427606,0.2,0.3941214124193307
52114,232001746.0,116000873.0,12.0,6.0,78.034323,39.0171615,2,0.13998193161216882,0.6000000000000001,0.6022725588773727,0.05,0.36144728442034213
52139,0.0,0.0,5.8,5.8,32.808675,32.808675,1,0.0,0.58,0.5064368661146296,0.0,0.2752873732229259
52358,221020124.0,73673374.66666667,20.5,6.833333333333333,72.059645,24.019881666666667,3,0.13335599587548394,0.6833333333333333,0.3707709356743236,0.10000000000000002,0.3424965854850583
52371,0.0,0.0,4.9,4.9,2.739307,2.739307,1,0.0,0.49000000000000005,0.04227886025960176,0.0,0.15545577205192038
52405,35926213.0,11975404.333333334,20.8,6.933333333333334,44.394511,14.798170333333333,3,0.021676650188874914,0.6933333333333334,0.22842237872923882,0.10000000000000002,0.27235513582139775
52443,231678348.0,57919587.0,26.1,6.525,96.58302,24.145755,4,0.13978680430170662,0.6525000000000001,0.37271394676089936,0.15000000000000002,0.34120751107286257
52479,5476793.0,5476793.0,7.3,7.3,19.940245,19.940245,1,0.003304509885800622,0.73,0.30779668161573975,0.0,0.2818811402774682
52576,0.0,0.0,7.8,7.8,23.604936,23.604936,1,0.0,0.78,0.36436573443503634,0.0,0.3068731468870073
52599,21819348.0,21819348.0,5.7,5.7,18.84332,18.84332,1,0.013165049540437995,0.5700000000000001,0.29086428315054663,0.0,0.23443887644628453
52609,321162536.0,107054178.66666667,17.6,5.866666666666667,103.085161,34.36172033333333,3,0.19377850781667266,0.5866666666666668,0.5304100478895992,0.10000000000000002,0.36959341270458895
52629,35431113.0,35431113.0,5.4,5.4,10.004564,10.004564,1,0.02137792375454375,0.54,0.15442711695539535,0.0,0.2014365928928966
52691,305564797.0,152782398.5,12.7,6.35,57.275855,28.6379275,2,0.18436736470397186,0.635,0.44205620329109296,0.05,0.35765818653980735
52701,232297987.5,232297987.5,5.9,5.9,45.720894,45.720894,1,0.14016067361781598,0.5900000000000001,0.7057529881629347,0.0,0.37421486707971335
52779,211348914.0,105674457.0,11.6,5.8,33.570307,16.7851535,2,0.12752071799431264,0.58,0.2590939294019204,0.05,0.2818270730781091
52803,111811453.0,111811453.0,5.9,5.9,36.301202,36.301202,1,0.06746321282988632,0.5900000000000001,0.5603483539688088,0.0,0.3160549559257163
52842,104478416.0,104478416.0,6.6,6.6,51.742065,51.742065,1,0.06303870869773422,0.66,0.7986972337577248,0.0,0.38295493023063865
52845,232297987.5,116148993.75,12.0,6.0,48.667434,24.333717,2,0.14016067361781598,0.6000000000000001,0.37561537345854473,0.05,0.31618734413883537
52849,0.0,0.0,5.4,5.4,3.115754,3.115754,1,0.0,0.54,0.048089786808843085,0.0,0.17161795736176863
52856,0.0,0.0,6.1,6.1,5.350423,5.350423,1,0.0,0.61,0.0825846756533991,0.0,0.1995169351306798
52870,662642158.0,165660539.5,25.7,6.425,160.13128,40.03282,4,0.3998156515791737,0.6425000000000001,0.6179505080776921,0.15000000000000002,0.4912663622472079
52894,0.0,0.0,5.9,5.9,7.588597,7.588597,1,0.0,0.5900000000000001,0.11713366852204106,0.0,0.20042673370440822
52934,357871043.0,89467760.75,23.6,5.9,146.429497,36.60737425,4,0.21592716749296156,0.5900000000000001,0.5650745025532468,0.15000000000000002,0.39138576750783405
52935,104384188.0,104384188.0,6.2,6.2,47.753598,47.753598,1,0.0629818547400405,0.6200000000000001,0.7371302966295955,0.0,0.35861880122193535
52941,18637690.0,18637690.0,6.2,6.2,10.230583,10.230583,1,0.011245345744030747,0.6200000000000001,0.15791600067005632,0.0,0.2220813384316236
52961,19000000.0,19000000.0,7.5,7.5,25.281197,25.281197,1,0.011463951226605025,0.75,0.3902409029138868,0.0,0.30763376107341933
52968,202451882.0,50612970.5,23.3,5.825,52.106472999999994,13.026618249999999,4,0.12215255268328398,0.5825,0.2010762741397336,0.15000000000000002,0.27882627590126036
53014,0.0,0.0,6.3,6.3,9.750557,9.750557,1,0.0,0.63,0.15050620373256945,0.0,0.21910124074651388
53068,11402965.0,5701482.5,13.4,6.7,25.521076,12.760538,2,0.0068801597157202195,0.67,0.1969689953223868,0.05,0.24814586295076546
53069,6491240.0,6491240.0,6.9,6.9,13.143045,13.143045,1,0.0039165925663256634,0.6900000000000001,0.20287346549101787,0.0,0.24914133012473386
53120,118587880.0,118587880.0,6.1,6.1,53.727146,53.727146,1,0.07155187749402576,0.61,0.8293394221276535,0.0,0.37748863542314104
53176,0.0,0.0,6.3,6.3,6.048743,6.048743,1,0.0,0.63,0.09336411134518627,0.0,0.20767282226903724
53177,186402411.0,31067068.5,32.5,5.416666666666667,54.102332000000004,9.017055333333333,6,0.11246884990660969,0.5416666666666667,0.1391836953615475,0.25000000000000006,0.2603242790349534
53178,71971376.0,35985688.0,11.6,5.8,13.214745,6.6073725,2,0.04342507074608692,0.58,0.10198725083823419,0.05,0.21676747846608158
53212,852872.0,852872.0,5.9,5.9,7.433574,7.433574,1,0.0005145938426598463,0.5900000000000001,0.11474069616087725,0.0,0.2001539767692394
53267,34467573.0,17233786.5,13.5,6.75,17.824637000000003,8.912318500000001,2,0.02079655661954991,0.675,0.13756695237913533,0.05,0.24333201312364705
53296,444575.0,444575.0,7.5,7.5,8.887411,8.887411,1,0.0002682413745562068,0.75,0.1371824742108268,0.0,0.2525437913919878
53304,343172925.0,171586462.5,12.9,6.45,55.489788000000004,27.744894000000002,2,0.20705882497323075,0.645,0.42827112312174137,0.05,0.3669777546136406
53332,0.0,0.0,3.2,3.2,1.682839,1.682839,1,0.0,0.32000000000000006,0.0259709657894004,0.0,0.1011941931578801
53333,45323295.0,15107765.0,19.5,6.5,85.06546300000001,28.355154333333335,3,0.027346528595212177,0.65,0.4376912485920348,0.10000000000000002,0.30347686115649186
53334,128263217.0,42754405.666666664,18.9,6.3,54.229844,18.076614666666668,3,0.07738964546607666,0.63,0.2790292349846386,0.10000000000000002,0.2857617051833584
53431,0.0,0.0,6.8,6.8,4.554574,4.554574,1,0.0,0.68,0.07029975883034786,0.0,0.2180599517660696
53599,36800000.0,36800000.0,4.5,4.5,7.964451,7.964451,1,0.02220386342837184,0.45,0.12293544138047413,0.0,0.16846863364744358
53708,0.0,0.0,12.1,6.05,3.075809,1.5379045,2,0.0,0.605,0.02373372194378331,0.05,0.19124674438875666
53767,2500000.0,2500000.0,5.7,5.7,14.171759,14.171759,1,0.0015084146350796085,0.5700000000000001,0.21875294253340694,0.0,0.21535395436071325
53925,126316090.0,42105363.333333336,18.5,6.166666666666667,41.439346,13.813115333333334,3,0.07621481552081319,0.6166666666666667,0.21321683252495796,0.10000000000000002,0.26812929271331687
53935,0.0,0.0,4.8,4.8,7.701186,7.701186,1,0.0,0.48,0.11887161944010531,0.0,0.16777432388802105
54025,83860062.0,41930031.0,10.7,5.35,62.211715999999996,31.105857999999998,2,0.050598297927793336,0.535,0.4801517728244733,0.05,0.281769673736012
54040,446259570.5,111564892.625,26.8,6.7,79.649144,19.912286,4,0.26925778687461616,0.67,0.3073650997585587,0.15000000000000002,0.3851761347015582
54050,573710654.0,114742130.8,29.8,5.96,96.72107,19.344214,5,0.3461574187178774,0.596,0.29859620356153593,0.2,0.3969822081994582
54176,53191886.0,53191886.0,6.8,6.8,18.923181,18.923181,1,0.03209416772395445,0.68,0.2920970367789431,0.0,0.2752570744453704
54240,0.0,0.0,13.3,6.65,11.972187,5.9860935,2,0.0,0.665,0.09239703857572151,0.05,0.22297940771514432
54248,86362372.0,86362372.0,5.2,5.2,19.984477,19.984477,1,0.05210810633799576,0.52,0.30847945741983973,0.0,0.23853913401916627
54441,72645110.0,10377872.857142856,46.2,6.6000000000000005,47.509746,6.787106571428572,7,0.043831578836387206,0.6600000000000001,0.10476166924897334,0.30000000000000004,0.2664849653843496
54472,53956044.0,26978022.0,14.100000000000001,7.050000000000001,57.635948,28.817974,2,0.03255523456823972,0.7050000000000001,0.4448354444245008,0.05,0.31848918271219606
54507,408550463.0,136183487.66666666,17.9,5.966666666666666,60.769338,20.256446,3,0.24650539902310004,0.5966666666666666,0.31267763640033536,0.10000000000000002,0.350137686889307
54525,48917680.0,12229420.0,26.1,6.525,69.510179,17.37754475,4,0.029515257770456424,0.6525000000000001,0.2682382233985872,0.15000000000000002,0.2762037477879
54526,48917680.0,24458840.0,13.5,6.75,54.033079,27.0165395,2,0.029515257770456424,0.675,0.4170280676549442,0.05,0.3027117166391714
54559,49645327.0,24822663.5,12.6,6.3,52.271499,26.1357495,2,0.029954295124045134,0.63,0.4034319811001137,0.05,0.2866681142696408
54584,318675071.0,106225023.66666667,17.9,5.966666666666666,56.697773000000005,18.899257666666667,3,0.19227765637257332,0.5966666666666666,0.2917277504443116,0.10000000000000002,0.32425661263789163
54590,2297493.0,1148746.5,9.8,4.9,1.743413,0.8717065,2,0.001386228826077182,0.49000000000000005,0.013450129179724955,0.05,0.1552445173663759
54597,23750075.0,7916691.666666667,17.0,5.666666666666667,28.425846,9.475282,3,0.014329984285695332,0.5666666666666668,0.14625699253991176,0.10000000000000002,0.2149833922222605
54644,232297987.5,116148993.75,10.5,5.25,25.273201,12.6366005,2,0.14016067361781598,0.525,0.19505586622533835,0.05,0.25757544269219407
54710,24007324.0,24007324.0,5.6,5.6,10.529143,10.529143,1,0.014485199548279171,0.5599999999999999,0.16252464473028655,0.0,0.20629900876536897
54733,17164377.0,17164377.0,6.4,6.4,19.978021,19.978021,1,0.01035639898752953,0.6400000000000001,0.30837980104908397,0.0,0.2578185198048286
54781,0.0,0.0,5.5,5.5,8.976128,8.976128,1,0.0,0.55,0.13855193118795517,0.0,0.19271038623759104
54795,10659792.0,5329896.0,13.100000000000001,6.550000000000001,48.434464000000006,24.217232000000003,2,0.006431754503881812,0.6550000000000001,0.37381728294623257,0.05,0.2788361583907993
54827,6033999.0,6033999.0,6.3,6.3,0.796009,0.796009,1,0.003640708959862289,0.63,0.012281644339996664,0.0,0.19291261245194424
54967,29000000.0,7250000.0,20.6,5.15,44.750643999999994,11.187660999999999,4,0.01749760976692346,0.515,0.17268968716482128,0.15000000000000002,0.21103698133973367
55018,0.0,0.0,6.4,6.4,2.611364,2.611364,1,0.0,0.6400000000000001,0.04030390129993523,0.0,0.20006078025998708
55075,51675105.0,25837552.5,12.0,6.0,33.141176,16.570588,2,0.031178993860510183,0.6000000000000001,0.2557818446715301,0.05,0.24862796647851013
55116,15116634.0,15116634.0,5.0,5.0,9.483717,9.483717,1,0.009120860783496802,0.5,0.14638719723125704,0.0,0.18292578375965013
55117,0.0,0.0,6.5,6.5,4.682881,4.682881,1,0.0,0.65,0.07228033658167411,0.0,0.20945606731633482
55189,32000.0,32000.0,6.6,6.6,4.680206,4.680206,1,1.930770732901899e-05,0.66,0.07223904463747155,0.0,0.21245553201042594
55265,45000.0,45000.0,4.1,4.1,2.964785,2.964785,1,2.7151463431432953e-05,0.41,0.04575939296797727,0.0,0.132162739178968
55299,20416563.0,10208281.5,14.3,7.15,39.468770000000006,19.734385000000003,2,0.012318656970889935,0.7150000000000001,0.3046189770798375,0.05,0.2853512582043235
55420,10000000.0,10000000.0,5.8,5.8,7.288352,7.288352,1,0.006033658540318434,0.58,0.11249901439602342,0.0,0.19891326629533207
55421,10000000.0,10000000.0,5.8,5.8,7.288352,7.288352,1,0.006033658540318434,0.58,0.11249901439602342,0.0,0.19891326629533207
55439,0.0,0.0,6.4,6.4,6.27141,6.27141,1,0.0,0.6400000000000001,0.09680125278060724,0.0,0.21136025055612148
55441,2861020.0,2861020.0,6.3,6.3,3.085411,3.085411,1,0.0017262417757021847,0.63,0.04762140495353907,0.0,0.1992147777009887
55476,77508766.0,25836255.333333332,19.0,6.333333333333333,15.897669,5.2992230000000005,3,0.046766142792544305,0.6333333333333333,0.08179434012324172,0.10000000000000002,0.23506532514166603
55499,454226894.5,113556723.625,24.1,6.025,144.897875,36.22446875,4,0.2740649981242245,0.6025,0.5591638810426476,0.15000000000000002,0.4172087754582193
55520,0.0,0.0,6.4,6.4,9.159265,9.159265,1,0.0,0.6400000000000001,0.14137887802362767,0.0,0.22027577560472555
55587,44462.0,44462.0,6.5,6.5,8.45342,8.45342,1,2.6826852601963823e-05,0.65,0.1304832846196445,0.0,0.2211073876649697
55710,725729949.0,145145989.8,31.5,6.3,127.445213,25.489042599999998,5,0.43788067047487117,0.63,0.393449257649568,0.2,0.4628421197198621
55789,31911598.0,31911598.0,6.4,6.4,13.064264,13.064264,1,0.019254368580790868,0.6400000000000001,0.20165738300271063,0.0,0.2400332240328585
55948,45779.0,45779.0,3.0,3.0,0.666218,0.666218,1,2.762148543172376e-05,0.30000000000000004,0.010278159207288523,0.0,0.0920666804356304
56059,32041078.0,16020539.0,10.5,5.25,22.898784,11.449392,2,0.019332492391570907,0.525,0.17672982991176703,0.05,0.20557896293898176
56106,13395939.0,13395939.0,5.6,5.6,15.219263,15.219263,1,0.008082652175293479,0.5599999999999999,0.23492246654086746,0.0,0.2182175541782909
56146,90874570.0,90874570.0,7.0,7.0,14.530946,14.530946,1,0.054830612537826534,0.7000000000000001,0.22429743956603662,0.0,0.276791732928338
56147,90874570.0,90874570.0,7.0,7.0,14.530946,14.530946,1,0.054830612537826534,0.7000000000000001,0.22429743956603662,0.0,0.276791732928338
56150,0.0,0.0,5.4,5.4,17.834976,17.834976,1,0.0,0.54,0.27529924233372993,0.0,0.217059848466746
56154,33463969.0,33463969.0,5.4,5.4,13.800656,13.800656,1,0.02019101623498013,0.54,0.21302450725512578,0.0,0.21268130794501722
56173,3500000.0,3500000.0,5.9,5.9,10.47644,10.47644,1,0.002111780489111452,0.5900000000000001,0.16171110853017162,0.0,0.21018693390167892
56194,8371085.0,8371085.0,7.3,7.3,32.523573,32.523573,1,0.005050826850198154,0.73,0.5020359629834005,0.0,0.3214275233367594
56195,0.0,0.0,6.8,6.8,7.028946,7.028946,1,0.0,0.68,0.10849476090899206,0.0,0.22569895218179842
56198,11125849.0,11125849.0,7.8,7.8,14.08251,14.08251,1,0.006712957383714331,0.78,0.2173752734761605,0.0,0.28016023764871784
56205,11723043.0,1953840.5,37.4,6.233333333333333,45.34195,7.556991666666666,6,0.0070732838515470235,0.6233333333333334,0.11664580098540432,0.25000000000000006,0.23815847373769972
56208,0.0,0.0,6.8,6.8,0.684881,0.684881,1,0.0,0.68,0.010566245769775382,0.0,0.2061132491539551
56263,62686965.0,31343482.5,11.100000000000001,5.550000000000001,20.997238999999997,10.498619499999998,2,0.03782317417388928,0.555,0.1620534766335139,0.05,0.21903996499625852
56349,122320455.0,40773485.0,18.9,6.3,50.687484999999995,16.89582833333333,3,0.07380398579663867,0.63,0.26080233278234183,0.10000000000000002,0.2806820608751239
56359,10089373.0,10089373.0,5.6,5.6,17.112498,17.112498,1,0.006087583156790822,0.5599999999999999,0.2641468979361314,0.0,0.22326441284994258
56375,0.0,0.0,6.2,6.2,3.629777,3.629777,1,0.0,0.6200000000000001,0.056024369625602616,0.0,0.19720487392512054
56381,2057193.0,1028596.5,10.2,5.1,10.204293,5.1021465,2,0.00124124001135333,0.51,0.0787522198086116,0.05,0.17424693996626364
56383,876302.0,292100.6666666667,19.2,6.3999999999999995,7.136998999999999,2.3789996666666666,3,0.0005287307046198124,0.64,0.03671706949183628,0.10000000000000002,0.2095549061802152
56411,10652035.0,10652035.0,6.4,6.4,19.664699,19.664699,1,0.006427074194952087,0.6400000000000001,0.3035432872018189,0.0,0.25527948711834464
56412,10652035.0,10652035.0,6.4,6.4,19.664699,19.664699,1,0.006427074194952087,0.6400000000000001,0.3035432872018189,0.0,0.25527948711834464
56435,86605852.0,28868617.333333332,16.1,5.366666666666667,16.715907,5.571969,3,0.052255013856135436,0.5366666666666667,0.08600451306285706,0.10000000000000002,0.20910290815502558
56453,22165608.0,22165608.0,5.0,5.0,7.679336,7.679336,1,0.01337397100105506,0.5,0.11853433757811432,0.0,0.17905645591604488
56474,0.0,0.0,7.0,7.0,3.11319,3.11319,1,0.0,0.7000000000000001,0.04805020828737192,0.0,0.21961004165747441
56501,51416464.0,51416464.0,6.0,6.0,28.019226,28.019226,1,0.03102293871265753,0.6000000000000001,0.4325057779393026,0.0,0.27891033107292357
56502,51416464.0,51416464.0,6.0,6.0,28.019226,28.019226,1,0.03102293871265753,0.6000000000000001,0.4325057779393026,0.0,0.27891033107292357
56506,4019980.0,2009990.0,12.1,6.05,1.026403,0.5132015,2,0.00242551866589093,0.605,0.007916159663336822,0.05,0.18905343939902375
56512,544601608.0,136150402.0,23.5,5.875,177.554691,44.38867275,4,0.3285940143180352,0.5875,0.6851885001179019,0.15000000000000002,0.4597253057507945
56539,42844240.0,8568848.0,30.599999999999998,6.119999999999999,34.005952,6.8011904,5,0.025850751457945267,0.612,0.1049790706185172,0.2,0.23493611470688153
56578,406116832.0,101529208.0,24.9,6.225,74.136636,18.534159,4,0.24503702917638667,0.6225,0.28609199950134767,0.15000000000000002,0.35698321157082424
56591,97117631.0,48558815.5,11.8,5.9,43.830438,21.915219,2,0.058597462369864434,0.5900000000000001,0.3382828558996664,0.05,0.27309555612787906
56660,122563539.0,122563539.0,7.4,7.4,41.670544,41.670544,1,0.07395065438190014,0.7400000000000001,0.6432308101439318,0.0,0.3802264237815465
56661,42087758.0,14029252.666666666,18.9,6.3,52.81881799999999,17.606272666666666,3,0.02539431604995555,0.63,0.2717689226032854,0.10000000000000002,0.2635115109406393
56710,178613777.0,44653444.25,24.6,6.15,54.805989,13.70149725,4,0.10776945410145823,0.6150000000000001,0.2114938689103798,0.15000000000000002,0.2849065554226593
56714,8026971.0,4013485.5,10.6,5.3,5.843342,2.921671,2,0.00484320021270384,0.53,0.04509387488111779,0.05,0.1749560550613051
56717,185134293.0,92567146.5,11.8,5.9,44.587832,22.293916,2,0.11170371080652652,0.5900000000000001,0.34412851399076033,0.05,0.29550718712076274
56735,56309766.0,56309766.0,5.5,5.5,11.135734,11.135734,1,0.03397539005292326,0.55,0.1718881294875853,0.0,0.21296778191868637
56736,56309766.0,56309766.0,5.5,5.5,11.135734,11.135734,1,0.03397539005292326,0.55,0.1718881294875853,0.0,0.21296778191868637
56739,0.0,0.0,6.3,6.3,6.884467,6.884467,1,0.0,0.63,0.10626454827107001,0.0,0.210252909654214
56789,17425000.0,8712500.0,12.2,6.1,31.427979999999998,15.713989999999999,2,0.01051365000650487,0.61,0.2425591916546989,0.05,0.24071729833354172
56828,44726644.0,22363322.0,11.6,5.8,13.146173000000001,6.5730865000000005,2,0.026986529755038225,0.58,0.10145800388536357,0.05,0.210086212679088
56891,38936528.0,19468264.0,10.6,5.3,25.043167,12.5215835,2,0.023492971469754785,0.53,0.19328043611455492,0.05,0.2120532758108129
56911,332134478.0,66426895.6,27.2,5.4399999999999995,51.384795999999994,10.276959199999999,5,0.2003986029718905,0.5439999999999999,0.15863187486172983,0.2,0.2950858161611022
56913,0.0,0.0,4.4,4.4,3.231848,3.231848,1,0.0,0.44000000000000006,0.049881841750993305,0.0,0.14197636835019867
56953,0.0,0.0,5.7,5.7,12.963328,12.963328,1,0.0,0.5700000000000001,0.20009931059896133,0.0,0.2110198621197923
56956,0.0,0.0,6.0,6.0,4.810621,4.810621,1,0.0,0.6000000000000001,0.07425216198445349,0.0,0.1948504323968907
56998,88761655.0,44380827.5,10.8,5.4,19.157823,9.5789115,2,0.05355575177435484,0.54,0.1478566424583189,0.05,0.21799362920140572
57030,382174.0,191087.0,10.9,5.45,12.663541,6.3317705,2,0.00023059074189876573,0.545,0.09773299199482725,0.05,0.18813883469572495
57035,0.0,0.0,5.5,5.5,8.010046,8.010046,1,0.0,0.55,0.12363925678081644,0.0,0.1897278513561633
57055,0.0,0.0,5.2,5.2,7.359286,7.359286,1,0.0,0.52,0.11359396870258952,0.0,0.1787187937405179
57082,113206241.0,28301560.25,22.5,5.625,38.809581,9.70239525,4,0.06830478028269969,0.5625,0.14976276736109373,0.15000000000000002,0.24102446558529864
57090,56149000.0,28074500.0,10.8,5.4,15.426618,7.713309,2,0.03387838933803398,0.54,0.11905875298760722,0.05,0.20436310633273505
57125,0.0,0.0,6.8,6.8,15.048067,15.048067,1,0.0,0.68,0.232279843856867,0.0,0.25045596877137344
57130,606666770.0,121333354.0,29.9,5.9799999999999995,120.420068,24.0840136,5,0.3660420137937899,0.598,0.3717608916417263,0.2,0.42016898384586127
57134,243721472.0,60930368.0,20.8,5.2,113.866983,28.46674575,4,0.14705321409917801,0.52,0.4394138005735243,0.15000000000000002,0.31770404575437605
57138,17800000.0,17800000.0,6.3,6.3,13.155999,13.155999,1,0.010739912201766812,0.63,0.20307342655464397,0.0,0.2339106501916355
57154,0.0,0.0,9.3,9.3,0.910529,0.910529,1,0.0,0.9300000000000002,0.014049402639090873,0.0,0.2818098805278182
57173,0.0,0.0,5.3,5.3,12.067921,12.067921,1,0.0,0.53,0.1862775925120154,0.0,0.19625551850240308
57193,158044054.0,79022027.0,12.5,6.25,59.834378,29.917189,2,0.09535838561636478,0.625,0.46180319188117946,0.05,0.3230039926227818
57199,30426096.0,30426096.0,6.2,6.2,19.220789,19.220789,1,0.018358067397894855,0.6200000000000001,0.29669098553790946,0.0,0.2526814240667399
57206,0.0,0.0,5.9,5.9,3.677831,3.677831,1,0.0,0.5900000000000001,0.05676614274212963,0.0,0.18835322854842595
57207,8936663.0,8936663.0,6.0,6.0,9.029489,9.029489,1,0.005392077303189776,0.6000000000000001,0.1393756244345319,0.0,0.21003195580818232
57214,27165581.0,27165581.0,6.8,6.8,11.81832,11.81832,1,0.016390783980336218,0.68,0.18242469136625733,0.0,0.24704125186538597
57270,386265591.0,128755197.0,18.2,6.066666666666666,108.992444,36.33081466666667,3,0.23305946819682974,0.6066666666666667,0.5608054622228981,0.10000000000000002,0.3973848797233115
57274,8936663.0,8936663.0,6.0,6.0,9.029489,9.029489,1,0.005392077303189776,0.6000000000000001,0.1393756244345319,0.0,0.21003195580818232
57328,500000.0,500000.0,7.8,7.8,2.778633,2.778633,1,0.0003016829270159217,0.78,0.04288590586622225,0.0,0.24269785434405078
57370,624618082.0,104103013.66666667,34.4,5.733333333333333,164.56047900000002,27.426746500000004,6,0.376873222489662,0.5733333333333334,0.4233601216943831,0.25000000000000006,0.4324213133347415
57405,20796847.0,20796847.0,6.5,6.5,25.848003,25.848003,1,0.01254810735132458,0.65,0.39899025683002715,0.0,0.27981729430653524
57433,36230219.0,36230219.0,5.9,5.9,36.582038,36.582038,1,0.021860077028695718,0.5900000000000001,0.5646834060966852,0.0,0.29868071203081537
57434,27092880.0,6773220.0,23.7,5.925,48.920977,12.23024425,4,0.01634691867938225,0.5925,0.18878325329025014,0.15000000000000002,0.23704541812980293
57436,0.0,0.0,3.8,3.8,4.103764,4.103764,1,0.0,0.38,0.06334094710475706,0.0,0.1266681894209514
57446,61678538.0,30839269.0,13.399999999999999,6.699999999999999,51.608293,25.8041465,2,0.03721472375580551,0.6699999999999999,0.39831327733435634,0.05,0.3005485449691935
57454,0.0,0.0,6.1,6.1,7.444189,7.444189,1,0.0,0.61,0.11490455185721749,0.0,0.2059809103714435
57492,29300764.0,7325191.0,27.6,6.9,20.819019,5.20475475,4,0.01767908049464549,0.6900000000000001,0.08033610546607785,0.15000000000000002,0.2451388532910738
57521,68349884.0,34174942.0,10.7,5.35,48.117771000000005,24.058885500000002,2,0.04123998613263743,0.535,0.37137300823869224,0.05,0.25627059610079345
57557,1831348.0,1831348.0,6.7,6.7,9.244181,9.244181,1,0.0011049728500495083,0.67,0.14268966184938633,0.0,0.2299799215098971
57581,29026215.0,9675405.0,18.5,6.166666666666667,67.660057,22.553352333333333,3,0.017513427002786904,0.6166666666666667,0.34813323571043003,0.10000000000000002,0.2716320179432008
57594,232297987.5,232297987.5,5.5,5.5,15.474831,15.474831,1,0.14016067361781598,0.55,0.23886747573561867,0.0,0.26883776459425013
57604,66468332.0,66468332.0,5.5,5.5,23.423082,23.423082,1,0.04010472190325211,0.55,0.36155859229634024,0.0,0.2533536072205689
57607,190992676.0,63664225.333333336,19.9,6.633333333333333,43.579913000000005,14.526637666666668,3,0.11523845906856717,0.6633333333333333,0.22423093509515588,0.10000000000000002,0.29994157064645804
57630,241201543.5,60300385.875,25.0,6.25,32.963052,8.240763,4,0.14553277528767633,0.625,0.12720065995486562,0.15000000000000002,0.28615324210604365
57633,384694853.0,192347426.5,12.4,6.2,86.47492,43.23746,2,0.23211173852199946,0.6200000000000001,0.6674181028699491,0.05,0.41732831598278963
57646,130005915.0,65002957.5,11.6,5.8,59.244416,29.622208,2,0.07844112993316624,0.58,0.4572497941268561,0.05,0.3018264107986377
57691,78601050.0,39300525.0,11.100000000000001,5.550000000000001,14.597808,7.298904,2,0.047425189661049624,0.555,0.1126618976091918,0.05,0.21300245538625823
57692,0.0,0.0,5.4,5.4,3.352702,3.352702,1,0.0,0.54,0.05174737319946284,0.0,0.17234947463989259
57741,97571250.0,97571250.0,7.6,7.6,35.384423,35.384423,1,0.0588711605852045,0.76,0.5461967325429854,0.0,0.36078781074267885
57777,0.0,0.0,4.6,4.6,1.968679,1.968679,1,0.0,0.45999999999999996,0.030383260866357165,0.0,0.14407665217327142
57832,121545703.0,60772851.5,12.5,6.25,13.696039,6.8480195,2,0.0733365268944958,0.625,0.10570193588365964,0.05,0.24297499793453026
57865,0.0,0.0,5.7,5.7,9.318033,9.318033,1,0.0,0.5700000000000001,0.14382965910667508,0.0,0.19976593182133504
57895,0.0,0.0,10.1,5.05,16.233553,8.1167765,2,0.0,0.505,0.12528677448201686,0.05,0.18155735489640337
57898,59748097.0,29874048.5,8.7,4.35,20.4215,10.21075,2,0.036049961573182424,0.435,0.1576098537058061,0.05,0.1814419553704342
57962,8586376.0,8586376.0,4.7,4.7,7.034752,7.034752,1,0.0051807260882785235,0.47000000000000003,0.10858438372321264,0.0,0.16478916717995395
57997,0.0,0.0,6.8,6.8,0.970351,0.970351,1,0.0,0.68,0.014972829437627492,0.0,0.20699456588752552
58036,27007143.0,27007143.0,6.1,6.1,6.425528,6.425528,1,0.016295187901155122,0.61,0.0991802553438259,0.0,0.20935412622922722
58040,19905359.0,19905359.0,6.4,6.4,7.058868,7.058868,1,0.01201021393284544,0.6400000000000001,0.10895664410690943,0.0,0.2185954143945201
58059,17432163.0,8716081.5,10.1,5.05,13.561124,6.780562,2,0.010517971916117301,0.505,0.10466064566831605,0.05,0.18163931790011012
58072,189833357.0,63277785.666666664,17.1,5.7,41.489643,13.829881,3,0.11453896557003682,0.5700000000000001,0.21347563139318926,0.10000000000000002,0.2695107125066526
58094,0.0,0.0,13.2,6.6,16.558023,8.2790115,2,0.0,0.66,0.12779107301199893,0.05,0.2285582146023998
58137,267376228.5,133688114.25,12.3,6.15,42.752882,21.376441,2,0.1613256864567158,0.6150000000000001,0.3299661489413239,0.05,0.3200235043709511
58164,20915465.0,20915465.0,4.0,4.0,14.587367,14.587367,1,0.01261967740219813,0.4,0.2251683677095329,0.0,0.17008154450278584
58165,20915465.0,20915465.0,4.0,4.0,14.587367,14.587367,1,0.01261967740219813,0.4,0.2251683677095329,0.0,0.17008154450278584
58178,0.0,0.0,5.7,5.7,13.932203,13.932203,1,0.0,0.5700000000000001,0.21505509842671977,0.0,0.21401101968534397
58189,158468292.0,52822764.0,17.5,5.833333333333333,12.619537,4.206512333333333,3,0.09561435633954754,0.5833333333333334,0.06492699512229197,0.10000000000000002,0.23623114156027744
58220,58972904.0,29486452.0,12.1,6.05,12.096665999999999,6.0483329999999995,2,0.035582236586697916,0.605,0.09335778248644867,0.05,0.2194044511319689
58245,21339379.0,7113126.333333333,19.0,6.333333333333333,21.335986,7.111995333333333,3,0.012875452634844185,0.6333333333333333,0.10977673041854707,0.10000000000000002,0.22710552713764706
58251,14375181.0,14375181.0,4.2,4.2,2.410546,2.410546,1,0.008673493360927329,0.42000000000000004,0.03720402629026443,0.0,0.13691020260242381
58260,0.0,0.0,5.2,5.2,17.141376,17.141376,1,0.0,0.52,0.26459266569862916,0.0,0.20891853313972583
58292,0.0,0.0,6.5,6.5,6.557643,6.557643,1,0.0,0.65,0.10121961430020758,0.0,0.21524392286004151
58294,34892907.0,17446453.5,11.9,5.95,20.214657,10.1073285,2,0.021053188631708686,0.5950000000000001,0.15601341452549022,0.05,0.22312395835778154
58316,30331165.0,30331165.0,5.9,5.9,12.709227,12.709227,1,0.018300789274005757,0.5900000000000001,0.196176946369498,0.0,0.22355570498350194
58324,35294470.0,35294470.0,6.0,6.0,18.706504,18.706504,1,0.021295478034151275,0.6000000000000001,0.2887523584260542,0.0,0.24626866289887137
58375,547448412.0,91241402.0,34.6,5.766666666666667,131.274766,21.879127666666665,6,0.33031167864475647,0.5766666666666667,0.3377257413866959,0.25000000000000006,0.3976698197352418
58403,21510851.0,10755425.5,10.6,5.3,5.456855,2.7284275,2,0.012978912984566732,0.53,0.04211092167756372,0.05,0.17761374952933945
58448,121697323.0,121697323.0,6.5,6.5,21.815122,21.815122,1,0.0734280092252841,0.65,0.33673773450196787,0.0,0.2917187505905072
58453,232297987.5,232297987.5,6.3,6.3,16.072466,16.072466,1,0.14016067361781598,0.63,0.24809271352010315,0.0,0.294682812151147
58498,391584428.5,130528142.83333333,17.5,5.833333333333333,104.603091,34.867697,3,0.23626867312747382,0.5833333333333334,0.5382204255672802,0.10000000000000002,0.3871515543644456
58514,29907685.0,29907685.0,5.0,5.0,9.662715,9.662715,1,0.01804527590214035,0.5,0.14915025346616156,0.0,0.18704816105408845
58518,0.0,0.0,5.1,5.1,10.131123,10.131123,1,0.0,0.51,0.1563807121577623,0.0,0.18427614243155246
58552,205609973.0,51402493.25,24.9,6.225,104.785139,26.19628475,4,0.12405803695660926,0.6225,0.4043664177974176,0.15000000000000002,0.33224649834212727
58628,29331068.0,29331068.0,5.1,5.1,7.424798,7.424798,1,0.017697364893486073,0.51,0.1146052277114112,0.0,0.18299999149967666
58656,25303038.0,25303038.0,5.0,5.0,12.282911,12.282911,1,0.015266989132470188,0.5,0.18959622992663525,0.0,0.19402604163831513
58667,1237615.0,1237615.0,5.5,5.5,6.630856,6.630856,1,0.0007467346314376198,0.55,0.10234974779961017,0.0,0.1857686434124971
58689,27640028.0,9213342.666666666,18.6,6.2,26.702095,8.900698333333333,3,0.016677049099684066,0.6200000000000001,0.13738758068806073,0.10000000000000002,0.2301483357774858
58712,115283257.0,23056651.4,28.4,5.68,57.932503,11.586500599999999,5,0.0695579808153775,0.568,0.17884627128032438,0.2,0.25399244658221587
58728,79587573.0,39793786.5,11.5,5.75,26.381016,13.190508,2,0.04802042395346668,0.5750000000000001,0.20360611578921822,0.05,0.23742939273923036
58729,63408614.0,63408614.0,6.1,6.1,22.787667,22.787667,1,0.0382585925390855,0.61,0.3517501733335482,0.0,0.2686534716823438
58822,21930418.0,21930418.0,5.1,5.1,12.639469,12.639469,1,0.013232065385845312,0.51,0.19510014508214024,0.0,0.1973128551707662
58868,39267515.0,39267515.0,4.1,4.1,15.67747,15.67747,1,0.02369267772368322,0.41,0.24199546013982884,0.0,0.18087616311743904
58897,222475860.0,74158620.0,18.5,6.166666666666667,78.582756,26.194252000000002,3,0.13423433727036882,0.6166666666666667,0.4043350397788839,0.10000000000000002,0.32956074286392434
58912,0.0,0.0,4.7,4.7,3.05434,3.05434,1,0.0,0.47000000000000003,0.047141785514915636,0.0,0.15042835710298313
59023,531826.0,265913.0,9.6,4.8,4.116619,2.0583095,2,0.00032088564868633916,0.48,0.0317668188494777,0.05,0.15548171802937005
59026,295449615.0,147724807.5,11.399999999999999,5.699999999999999,41.005498,20.502749,2,0.17826420927785433,0.57,0.3164796288238579,0.05,0.3106016094759133
59126,108609310.0,108609310.0,5.8,5.8,20.063165,20.063165,1,0.06553114908395923,0.58,0.3096941043377504,0.0,0.2621512805011338
59210,0.0,0.0,11.2,5.6,8.542708000000001,4.2713540000000005,2,0.0,0.5599999999999999,0.0659279067043484,0.05,0.18618558134086965
59229,0.0,0.0,4.7,4.7,7.326034,7.326034,1,0.0,0.47000000000000003,0.11308068282273026,0.0,0.16361613656454607
59291,225248317.0,56312079.25,24.0,6.0,83.17922200000001,20.794805500000002,4,0.13590714315594038,0.6000000000000001,0.32098788329189326,0.15000000000000002,0.31356043392075483
59410,4630045.0,2315022.5,10.4,5.2,12.910563,6.4552815,2,0.0027936110556308663,0.52,0.09963953753516452,0.05,0.18204535192928525
59412,10571408.0,10571408.0,6.4,6.4,6.736274,6.736274,1,0.006378426616239062,0.6400000000000001,0.10397700543472992,0.0,0.21534677173344163
59413,20342161.0,20342161.0,5.6,5.6,4.207456,4.207456,1,0.012273765344618258,0.5599999999999999,0.06494156178821563,0.0,0.18589781849549042
59466,381420.0,190710.0,12.6,6.3,8.924008,4.462004,2,0.00023013580404482572,0.63,0.068870826017327,0.05,0.20786621952508333
59521,431811171.0,86362234.2,31.2,6.24,220.573604,44.1147208,5,0.2605401159709054,0.6240000000000001,0.6809597118436657,0.2,0.4476079887570953
59635,0.0,0.0,6.6,6.6,6.130231,6.130231,1,0.0,0.66,0.09462197973740237,0.0,0.21692439594748048
59646,29762011.0,29762011.0,5.7,5.7,12.948627,12.948627,1,0.01795738118472012,0.5700000000000001,0.1998723824226167,0.0,0.21815742895841142
59649,78000000.0,78000000.0,5.8,5.8,15.505137,15.505137,1,0.047062536614483785,0.58,0.2393352864500122,0.0,0.24069207193579595
59803,218613188.0,218613188.0,6.8,6.8,29.464852,29.464852,1,0.13190373288024393,0.68,0.45482080901585137,0.0,0.3477256549552679
59841,0.0,0.0,5.8,5.8,1.292948,1.292948,1,0.0,0.58,0.019952514418529466,0.0,0.17799050288370588
59911,0.0,0.0,7.3,7.3,0.738646,0.738646,1,0.0,0.73,0.011396175257644752,0.0,0.22127923505152894
59923,771499.0,771499.0,4.8,4.8,0.717811,0.717811,1,0.00046549615301971314,0.48,0.011074561180089497,0.0,0.14640111069722578
59958,72527595.0,36263797.5,10.6,5.3,18.063135,9.0315675,2,0.04376067429805065,0.53,0.1394077086610833,0.05,0.20938581145143692
59975,71904.0,71904.0,7.1,7.1,0.301884,0.301884,1,4.338441836830567e-05,0.71,0.0046542118431408715,0.0,0.2139481961359755
60024,34742066.0,34742066.0,6.6,6.6,8.999675,8.999675,1,0.02096217632292067,0.66,0.13891540835062344,0.0,0.23416795219929296
60045,0.0,0.0,9.1,4.55,3.186877,1.5934385,2,0.0,0.455,0.02459095814166925,0.05,0.14641819162833386
60074,0.0,0.0,5.7,5.7,1.742383,1.742383,1,0.0,0.5700000000000001,0.02689010131298812,0.0,0.17637802026259763
60099,0.0,0.0,4.8,4.8,3.280081,3.280081,1,0.0,0.48,0.0506263779546277,0.0,0.15412527559092554
60129,38058335.0,38058335.0,6.1,6.1,6.803965,6.803965,1,0.022963099800304997,0.61,0.10502190001230577,0.0,0.21318961992258315
60149,6538177.0,6538177.0,6.6,6.6,9.974681,9.974681,1,0.003944912749416355,0.66,0.1539658357708701,0.0,0.23037113225394057
60237,136117361.0,68058680.5,11.1,5.55,32.978781999999995,16.489390999999998,2,0.08212856776832574,0.555,0.25452846822539354,0.05,0.25525712075240903
60243,28650575.0,28650575.0,6.0,6.0,33.555764,33.555764,1,0.017286778653378382,0.6000000000000001,0.5179691118351325,0.0,0.2905085338283779
60438,0.0,0.0,12.0,6.0,3.500036,1.750018,2,0.0,0.6000000000000001,0.027007957011674678,0.05,0.19040159140233495
60496,42647449.0,42647449.0,7.2,7.2,8.305085,8.305085,1,0.025732014488164485,0.7200000000000001,0.1281935498371075,0.0,0.2519315157626873
60621,0.0,0.0,5.4,5.4,3.347885,3.347885,1,0.0,0.54,0.051673016827416596,0.0,0.1723346033654833
60922,49830607.0,24915303.5,11.8,5.9,46.906065,23.4530325,2,0.030066086749480154,0.5900000000000001,0.36202091542712106,0.05,0.2664306177852163
60923,49830607.0,24915303.5,11.8,5.9,46.906065,23.4530325,2,0.030066086749480154,0.5900000000000001,0.36202091542712106,0.05,0.2664306177852163
61069,124371375.0,24874275.0,29.7,5.9399999999999995,56.475333,11.2950666,5,0.07504144089398966,0.594,0.17434762587220162,0.2,0.2630861015320362
61087,84146832.0,84146832.0,5.8,5.8,22.049787,22.049787,1,0.05077132515375405,0.58,0.34036007995478784,0.0,0.2623805460524592
61111,0.0,0.0,3.3,3.3,2.815228,2.815228,1,0.0,0.33,0.043450795099154074,0.0,0.10769015901983083
61175,269105546.0,53821109.2,25.3,5.0600000000000005,53.360397,10.6720794,5,0.16236909758699553,0.5060000000000001,0.16473104542311442,0.2,0.2696938481194211
61290,69834815.0,69834815.0,6.2,6.2,9.894346,9.894346,1,0.04213594279363079,0.6200000000000001,0.15272576536432336,0.0,0.23339953019031703
61357,115134289.0,57567144.5,10.7,5.35,30.730685,15.3653425,2,0.06946809861083407,0.535,0.23717738488222734,0.05,0.24072271642077908
61371,51053787.0,51053787.0,5.9,5.9,23.980329,23.980329,1,0.030804111794814824,0.5900000000000001,0.37016039118644983,0.0,0.2633537229552159
61372,51053787.0,51053787.0,5.9,5.9,23.980329,23.980329,1,0.030804111794814824,0.5900000000000001,0.37016039118644983,0.0,0.2633537229552159
61373,51053787.0,51053787.0,5.9,5.9,23.980329,23.980329,1,0.030804111794814824,0.5900000000000001,0.37016039118644983,0.0,0.2633537229552159
61411,405192311.5,135064103.83333334,19.9,6.633333333333333,103.186156,34.39538533333333,3,0.24447920507533422,0.6633333333333333,0.5309297089369185,0.10000000000000002,0.4129776238175174
61571,0.0,0.0,6.0,6.0,8.816995,8.816995,1,0.0,0.6000000000000001,0.13609551587700722,0.0,0.20721910317540146
61847,31327899.0,31327899.0,6.3,6.3,26.396191,26.396191,1,0.018902184535158333,0.63,0.4074522188145177,0.0,0.2780513175769669
61848,0.0,0.0,6.1,6.1,3.393648,3.393648,1,0.0,0.61,0.05237942551621722,0.0,0.19347588510324343
61921,10501938.0,5250969.0,10.2,5.1,23.956831,11.9784155,2,0.00633651079035947,0.51,0.1848959640589978,0.05,0.19751379712794337
61970,39300000.0,39300000.0,5.3,5.3,12.300789,12.300789,1,0.023712278063451445,0.53,0.18987219904007574,0.0,0.20645935103339574
61983,0.0,0.0,6.8,6.8,1.905197,1.905197,1,0.0,0.68,0.02940333742640695,0.0,0.2098806674852814
62020,44827294.0,22413647.0,10.600000000000001,5.300000000000001,27.369265,13.6846325,2,0.02704725852824653,0.5300000000000001,0.2112335405679536,0.05,0.21706561152488937
62047,286192576.0,143096288.0,13.5,6.75,98.27653000000001,49.138265000000004,2,0.17267882803581325,0.675,0.7585043499017915,0.05,0.4282724011946836
62048,286192576.0,143096288.0,13.5,6.75,98.27653000000001,49.138265000000004,2,0.17267882803581325,0.675,0.7585043499017915,0.05,0.4282724011946836
62116,98998113.0,24749528.25,22.0,5.5,35.473629,8.86840725,4,0.05973208099778594,0.55,0.1368891277492794,0.15000000000000002,0.23127065794897028
62369,42333295.0,42333295.0,5.8,5.8,22.888173,22.888173,1,0.025542464691656965,0.58,0.35330160815374345,0.0,0.25487730750741144
62410,18814720.0,18814720.0,6.3,6.3,7.077505,7.077505,1,0.011352159601170005,0.63,0.10924432932713488,0.0,0.21538972970589498
62514,27388767.0,13694383.5,11.4,5.7,34.308049,17.1540245,2,0.01652544679183417,0.5700000000000001,0.2647879109906837,0.05,0.23556776091487042
62541,36133014.0,36133014.0,5.6,5.6,13.472365,13.472365,1,0.021801426850854556,0.5599999999999999,0.20795692831897544,0.0,0.2183119564041369
62556,0.0,0.0,5.8,5.8,8.190888,8.190888,1,0.0,0.58,0.12643077744379924,0.0,0.19928615548875983
62721,108047131.0,108047131.0,6.0,6.0,30.205943,30.205943,1,0.06519194947150546,0.6000000000000001,0.4662604681638956,0.0,0.2993288734213813
62768,193051952.0,64350650.666666664,15.7,5.233333333333333,55.677335,18.559111666666666,3,0.11648095589099444,0.5233333333333333,0.2864771748732,0.10000000000000002,0.2708878173310378
62773,0.0,0.0,5.3,5.3,2.659006,2.659006,1,0.0,0.53,0.04103931468524301,0.0,0.1672078629370486
62797,658573.0,658573.0,6.1,6.1,8.825113,8.825113,1,0.0003973604605873132,0.61,0.13622082728001148,0.0,0.21040310964023723
62854,82602263.0,41301131.5,11.6,5.8,45.705468,22.852734,2,0.04983938495995794,0.58,0.3527545632152035,0.05,0.26948666662702386
62863,6110000.0,6110000.0,5.1,5.1,14.038512,14.038512,1,0.0036865653681345634,0.51,0.21669610975241319,0.0,0.19781384809773647
62872,0.0,0.0,5.4,5.4,12.295216,12.295216,1,0.0,0.54,0.189786172869967,0.0,0.1999572345739934
63052,25345000.0,12672500.0,12.3,6.15,18.009990000000002,9.004995000000001,2,0.01529230757043707,0.6150000000000001,0.13899752915180388,0.05,0.22341642885853563
63306,131714733.0,65857366.5,12.8,6.4,64.037564,32.018782,2,0.07947217236512123,0.6400000000000001,0.49424388754192256,0.05,0.32763764645443305
63477,0.0,0.0,6.6,6.6,6.003418,6.003418,1,0.0,0.66,0.09266446372986628,0.0,0.21653289274597326
63550,19472057.0,19472057.0,5.7,5.7,11.158167,11.158167,1,0.011748774301561734,0.5700000000000001,0.17223441067797635,0.0,0.21014639185621997
63571,156844753.0,156844753.0,6.5,6.5,19.167377,19.167377,1,0.09463476834425853,0.65,0.29586650504305073,0.0,0.29202720834631357
63709,20256975.0,10128487.5,10.600000000000001,5.300000000000001,10.495786,5.247893,2,0.012222367020976701,0.5300000000000001,0.0810019978817773,0.05,0.1850893463847462
63713,0.0,0.0,5.9,5.9,17.943945,17.943945,1,0.0,0.5900000000000001,0.27698131406001353,0.0,0.23239626281200274
63820,112343513.0,112343513.0,5.9,5.9,46.078371,46.078371,1,0.06778423966618251,0.5900000000000001,0.7112710892237564,0.0,0.34636791371122433
63852,0.0,0.0,2.9,2.9,0.909067,0.909067,1,0.0,0.29,0.014026834855007081,0.0,0.08980536697100142
63943,30050028.0,15025014.0,11.8,5.9,9.113652,4.556826,2,0.018131160807900806,0.5900000000000001,0.07033452124468213,0.05,0.20331936857209676
63983,0.0,0.0,6.3,6.3,2.77754,2.77754,1,0.0,0.63,0.04286903405500229,0.0,0.19757380681100045
64030,0.0,0.0,5.3,5.3,6.786117,6.786117,1,0.0,0.53,0.10474639398608997,0.0,0.179949278797218
64045,291113073.0,58222614.6,31.6,6.32,88.570538,17.7141076,5,0.17564768791047938,0.6320000000000001,0.2734334886033925,0.2,0.3345457728848703
64061,0.0,0.0,6.0,6.0,3.603842,3.603842,1,0.0,0.6000000000000001,0.055624030719848096,0.0,0.19112480614396965
64114,2620000.0,2620000.0,5.4,5.4,3.598457,3.598457,1,0.0015808185375634296,0.54,0.05554090656301416,0.0,0.1737405087276282
64131,0.0,0.0,6.7,6.7,4.805651,4.805651,1,0.0,0.67,0.07417544386756125,0.0,0.21583508877351226
64139,17600000.0,17600000.0,5.8,5.8,5.815881,5.815881,1,0.010619239030960443,0.58,0.08976959743457087,0.0,0.19620161509929834
64140,65873136.0,32936568.0,12.1,6.05,22.279553999999997,11.139776999999999,2,0.03974560096039577,0.605,0.17195053820923425,0.05,0.23678834802600515
64141,172470801.0,21558850.125,48.3,6.0375,128.559547,16.069943375,8,0.10406299214092112,0.60375,0.2480537736730961,0.35000000000000003,0.30736095159098764
64149,0.0,0.0,4.3,4.3,6.908351,6.908351,1,0.0,0.43,0.10663322744689577,0.0,0.15032664548937916
64151,384202869.5,128067623.16666667,16.7,5.566666666666666,44.346989,14.782329666666667,3,0.23181489247735237,0.5566666666666666,0.22817785838376917,0.10000000000000002,0.31536152866769473
64152,50877145.0,50877145.0,5.8,5.8,16.493576,16.493576,1,0.03069753204362693,0.58,0.25459306889323946,0.0,0.23719762659609867
64163,0.0,0.0,5.3,5.3,9.780588,9.780588,1,0.0,0.53,0.15096976948073657,0.0,0.18919395389614732
64191,93375151.0,46687575.5,8.6,4.3,36.550619,18.2753095,2,0.05633937772846734,0.43,0.2820963362823345,0.05,0.21295501834785385
64194,10700000.0,5350000.0,13.1,6.55,17.205185,8.6025925,2,0.006456014638140725,0.655,0.13278594725387113,0.05,0.23063959530603054
64195,32980880.0,16490440.0,11.2,5.6,18.205478,9.102739,2,0.019899536827921744,0.5599999999999999,0.14050632907484495,0.05,0.20906108054613767
64210,20374201.0,20374201.0,7.9,7.9,14.038703,14.038703,1,0.012293097186581437,0.79,0.21669905807441042,0.0,0.28525705048951466
64211,31081.0,31081.0,6.0,6.0,19.331884,19.331884,1,1.8753214109163726e-05,0.6000000000000001,0.29840587471218355,0.0,0.2396886762280804
64227,0.0,0.0,4.5,4.5,0.838957,0.838957,1,0.0,0.45,0.012944600010879461,0.0,0.1375889200021759
64331,70287404.0,35143702.0,8.7,4.35,5.502786,2.751393,2,0.042409019542141206,0.435,0.04246542266619321,0.05,0.16095669235009513
64508,19300000.0,19300000.0,4.1,4.1,17.062117,17.062117,1,0.011644960982814577,0.41,0.26336920468720837,0.0,0.1803318253305675
64575,0.0,0.0,12.600000000000001,6.300000000000001,24.975375,12.4876875,2,0.0,0.6300000000000001,0.19275720929560541,0.05,0.23255144185912113
64722,19170001.0,19170001.0,5.3,5.3,9.070842,9.070842,1,0.011566524025156292,0.53,0.1400139593013014,0.0,0.19162940147032279
64735,14000000.0,14000000.0,4.8,4.8,12.904615,12.904615,1,0.008447121956445808,0.48,0.19919300259149783,0.0,0.1872174493008779
64743,15938065.0,15938065.0,4.2,4.2,10.341982,10.341982,1,0.009616484200340033,0.42000000000000004,0.15963558246154075,0.0,0.16177371017244416
64754,426224.0,426224.0,6.6,6.6,5.244518,5.244518,1,0.0002571690077688684,0.66,0.08094990056899837,0.0,0.21429284771690724
64796,44196684.0,22098342.0,11.8,5.9,35.467804,17.733902,2,0.02666676998703551,0.5900000000000001,0.27373903972874697,0.05,0.24741451594056363
64815,128716527.0,42905509.0,14.100000000000001,4.7,19.730735,6.576911666666667,3,0.07766315724136783,0.47000000000000003,0.10151705007921981,0.10000000000000002,0.2023686729123911
64856,0.0,0.0,5.8,5.8,9.249229,9.249229,1,0.0,0.58,0.1427675839930628,0.0,0.20255351679861255
64883,15.0,15.0,7.4,7.4,9.572705,9.572705,1,9.05048781047765e-09,0.7400000000000001,0.14776083742964852,0.0,0.2515521711061248
64901,0.0,0.0,5.3,5.3,14.653718,14.653718,1,0.0,0.53,0.2261925777244054,0.0,0.2042385155448811
64909,0.0,0.0,17.7,5.8999999999999995,32.021583,10.673861,3,0.0,0.59,0.16475854662976538,0.10000000000000002,0.2199517093259531
64992,632542.0,632542.0,6.6,6.6,8.142166,8.142166,1,0.0003816542440410103,0.66,0.12567869291840222,0.0,0.22328840028129687
65133,33535904.0,16767952.0,13.0,6.5,9.228455,4.6142275,2,0.020234419357689912,0.65,0.07122058462230575,0.05,0.22233788466753712
65134,19229331.0,9614665.5,11.2,5.6,3.8871510000000002,1.9435755000000001,2,0.011602321721276001,0.5599999999999999,0.029995757194847286,0.05,0.18364008012747984
65167,153700310.0,51233436.666666664,19.6,6.533333333333334,92.977242,30.992414,3,0.09273751880810908,0.6533333333333334,0.4784006239205051,0.10000000000000002,0.3387751323073447
65190,40452643.0,40452643.0,6.0,6.0,18.896239,18.896239,1,0.024407743491540273,0.6000000000000001,0.2916811535786794,0.0,0.248099328112352
65242,0.0,0.0,5.7,5.7,2.733725,2.733725,1,0.0,0.5700000000000001,0.04219269516332562,0.0,0.17943853903266513
65298,27281507.0,27281507.0,7.2,7.2,15.085981,15.085981,1,0.016460729770330713,0.7200000000000001,0.23286509349144488,0.0,0.2691573106064213
65310,46514713.0,9302942.6,31.5,6.3,93.80448200000001,18.7608964,5,0.02806538953429109,0.63,0.28959197261141617,0.2,0.2781445503359997
65314,19255873.0,19255873.0,7.7,7.7,30.058263,30.058263,1,0.011618336257773714,0.77,0.4639808441190979,0.0,0.32844350332692906
65317,42145.0,42145.0,6.4,6.4,6.085879,6.085879,1,2.542885391817204e-05,0.6400000000000001,0.09393735158440354,0.0,0.21079764185844801
65390,0.0,0.0,5.5,5.5,0.753481,0.753481,1,0.0,0.55,0.011625171890259689,0.0,0.16732503437805193
65420,10.0,10.0,4.1,4.1,1.537859,1.537859,1,6.033658540318434e-09,0.41,0.023733019594825846,0.0,0.12774660633242857
65428,68411275.0,68411275.0,5.9,5.9,9.18885,9.18885,1,0.0412770273657823,0.5900000000000001,0.14183555920838756,0.0,0.22187792278799046
65429,68411275.0,68411275.0,5.9,5.9,9.18885,9.18885,1,0.0412770273657823,0.5900000000000001,0.14183555920838756,0.0,0.22187792278799046
65452,23529762.0,5882440.5,27.1,6.775,23.482547,5.87063675,4,0.014197054944296015,0.6775000000000001,0.090614820378036,0.15000000000000002,0.24205178605332564
65530,232297987.5,232297987.5,6.7,6.7,47.845589,47.845589,1,0.14016067361781598,0.67,0.7385502918591796,0.0,0.40477432781896233
65531,323172557.5,161586278.75,13.7,6.85,62.376535,31.1882675,2,0.1949912861556425,0.685,0.48142386571260815,0.05,0.3847812876047787
65548,0.0,0.0,4.9,4.9,11.238522,11.238522,1,0.0,0.49000000000000005,0.17347478980933956,0.0,0.18169495796186794
65594,19560274.0,19560274.0,6.8,6.8,19.411141,19.411141,1,0.011802001427106861,0.68,0.2996293048511227,0.0,0.2686466615410673
65615,19924033.0,19924033.0,4.3,4.3,8.37378,8.37378,1,0.01202148118680363,0.43,0.12925394240047003,0.0,0.15965938095481547
65627,0.0,0.0,4.9,4.9,3.269459,3.269459,1,0.0,0.49000000000000005,0.05046241420460169,0.0,0.15709248284092037
65629,308730714.5,102910238.16666667,19.3,6.433333333333334,101.524485,33.841495,3,0.18627757122015373,0.6433333333333334,0.5223797243618395,0.10000000000000002,0.3819869733604294
65630,855056750.5,213764187.625,22.9,5.725,151.458707,37.86467675,4,0.5159120465111253,0.5725,0.5844825267310926,0.15000000000000002,0.5100113239506686
65677,24829644.0,24829644.0,4.9,4.9,12.653831,12.653831,1,0.014981359357366636,0.49000000000000005,0.1953218403728457,0.0,0.19205691181751583
65678,35763605.0,35763605.0,5.8,5.8,16.681567,16.681567,1,0.021578538074082505,0.58,0.25749494324186867,0.0,0.23413040387800674
65702,33472850.0,33472850.0,5.4,5.4,10.449975,10.449975,1,0.02019637472712979,0.54,0.16130258841678072,0.0,0.20233906757420805
65734,311707109.0,77926777.25,23.2,5.8,138.268036,34.567009,4,0.1880734260295819,0.58,0.5335789331865778,0.15000000000000002,0.3709451570491483
65855,232297987.5,232297987.5,6.2,6.2,26.548594,26.548594,1,0.14016067361781598,0.6200000000000001,0.4098047482247243,0.0,0.32402521909207127
65856,232297987.5,232297987.5,6.2,6.2,26.548594,26.548594,1,0.14016067361781598,0.6200000000000001,0.4098047482247243,0.0,0.32402521909207127
65865,28200000.0,28200000.0,6.5,6.5,3.667372,3.667372,1,0.017014917083697984,0.65,0.05660469509935783,0.0,0.21312690585335078
66022,0.0,0.0,5.8,5.8,4.665026,4.665026,1,0.0,0.58,0.07200472250177255,0.0,0.1884009445003545
66039,0.0,0.0,5.4,5.4,7.553773,7.553773,1,0.0,0.54,0.11659611687160745,0.0,0.1853192233743215
66116,0.0,0.0,6.6,6.6,2.27213,2.27213,1,0.0,0.66,0.035067403580454584,0.0,0.20501348071609093
66121,134909916.0,33727479.0,27.0,6.75,96.524029,24.13100725,4,0.08140003668470426,0.675,0.3724862969402963,0.15000000000000002,0.324557274061941
66191,126546518.0,63273259.0,11.9,5.95,29.924836,14.962418,2,0.07635384790782604,0.5950000000000001,0.23095774526658477,0.05,0.2602330882164474
66193,145771527.0,145771527.0,7.1,7.1,55.659988,55.659988,1,0.08795356188188092,0.71,0.8591752367132093,0.0,0.4200164720953943
66218,100076342.0,100076342.0,5.6,5.6,14.353279,14.353279,1,0.06038264755921284,0.5599999999999999,0.22155492896766804,0.0,0.23646404481721872
66219,100076342.0,100076342.0,5.6,5.6,14.353279,14.353279,1,0.06038264755921284,0.5599999999999999,0.22155492896766804,0.0,0.23646404481721872
66222,0.0,0.0,5.8,5.8,0.633004,0.633004,1,0.0,0.58,0.009765459904580569,0.0,0.1759530919809161
66496,22179430.0,22179430.0,6.7,6.7,9.67299,9.67299,1,0.013382310723889488,0.67,0.14930886084062184,0.0,0.23621469645768017
66512,0.0,0.0,4.4,4.4,3.919057,3.919057,1,0.0,0.44000000000000006,0.06048976537099183,0.0,0.14409795307419837
66514,0.0,0.0,3.9,3.9,8.148187,8.148187,1,0.0,0.39,0.12577163452439982,0.0,0.14215432690487995
66517,0.0,0.0,3.9,3.9,8.148187,8.148187,1,0.0,0.39,0.12577163452439982,0.0,0.14215432690487995
66548,84601681.0,84601681.0,6.0,6.0,19.574774,19.574774,1,0.05104576550909458,0.6000000000000001,0.3021551832457759,0.0,0.26084934285279304
66563,77018222.0,38509111.0,10.3,5.15,30.799379000000002,15.399689500000001,2,0.04647016529304411,0.515,0.2377075734457882,0.05,0.2256295808063753
66604,0.0,0.0,4.9,4.9,7.339908,7.339908,1,0.0,0.49000000000000005,0.11329484522791393,0.0,0.1696589690455828
66605,3552206.0,1184068.6666666667,20.6,6.866666666666667,19.736739,6.578913,3,0.002143279806887038,0.6866666666666668,0.10154794314252101,0.10000000000000002,0.23716690055125905
66654,0.0,0.0,5.3,5.3,21.549232,21.549232,1,0.0,0.53,0.3326333924294377,0.0,0.22552667848588753
66681,36433975.0,36433975.0,4.4,4.4,14.741589,14.741589,1,0.021983016441649832,0.44000000000000006,0.22754897564179719,0.0,0.1863030017050194
66728,5380251.0,1793417.0,18.9,6.3,48.692966,16.230988666666665,3,0.0032462597395206795,0.63,0.2505397075787352,0.10000000000000002,0.2504064454115553
66739,434764743.5,108691185.875,21.8,5.45,126.707048,31.676762,4,0.26232220076481283,0.545,0.4889643844555079,0.15000000000000002,0.3812217571970268
66777,57823676.0,28911838.0,13.8,6.9,5.86855,2.934275,2,0.03488883165300061,0.6900000000000001,0.04528843326045575,0.05,0.23501321931329142
66800,0.0,0.0,10.3,5.15,1.480676,0.740338,2,0.0,0.515,0.011422293377117922,0.05,0.1617844586754236
66823,46546197.0,23273098.5,10.4,5.2,17.785389,8.8926945,2,0.02808438590483943,0.52,0.13726403158921716,0.05,0.19968656067977922
66856,0.0,0.0,6.5,6.5,8.884405,8.884405,1,0.0,0.65,0.13713607287091167,0.0,0.22242721457418235
66857,0.0,0.0,6.5,6.5,8.884405,8.884405,1,0.0,0.65,0.13713607287091167,0.0,0.22242721457418235
66879,0.0,0.0,4.9,4.9,1.776624,1.776624,1,0.0,0.49000000000000005,0.027418653635021693,0.0,0.15248373072700436
66880,0.0,0.0,4.9,4.9,1.776624,1.776624,1,0.0,0.49000000000000005,0.027418653635021693,0.0,0.15248373072700436
66942,0.0,0.0,5.5,5.5,8.010046,8.010046,1,0.0,0.55,0.12363925678081644,0.0,0.1897278513561633
66960,30987695.0,7746923.75,21.1,5.275,34.93893,8.7347325,4,0.018696917058153285,0.5275000000000001,0.1348256921162734,0.15000000000000002,0.20769390524651604
66983,0.0,0.0,5.7,5.7,3.531877,3.531877,1,0.0,0.5700000000000001,0.0545131616489931,0.0,0.18190263232979864
67106,0.0,0.0,5.9,5.9,0.706355,0.706355,1,0.0,0.5900000000000001,0.010897723605216783,0.0,0.1791795447210434
67316,0.0,0.0,5.3,5.3,8.864368,8.864368,1,0.0,0.53,0.1368267769135335,0.0,0.1863653553827067
67367,5530764.0,5530764.0,6.8,6.8,10.218307,10.218307,1,0.0033370741443085744,0.68,0.1577265053777084,0.0,0.23688013073326514
67717,133432856.0,133432856.0,7.3,7.3,29.943316,29.943316,1,0.08050882911634798,0.73,0.4622064945451721,0.0,0.3436448305555736
67750,0.0,0.0,6.6,6.6,2.981047,2.981047,1,0.0,0.66,0.046010417116247176,0.0,0.20720208342324944
67753,76855724.0,19213931.0,24.200000000000003,6.050000000000001,59.650738000000004,14.912684500000001,4,0.04637211954849564,0.6050000000000001,0.2301900469835949,0.15000000000000002,0.26108685721611724
67767,0.0,0.0,3.5,3.5,1.110179,1.110179,1,0.0,0.35000000000000003,0.017131248119479962,0.0,0.108426249623896
67781,0.0,0.0,7.2,7.2,9.423866,9.423866,1,0.0,0.7200000000000001,0.14546332278173654,0.0,0.24509266455634734
67795,11585698.0,5792849.0,12.5,6.25,23.46554,11.73277,2,0.00699041456832502,0.625,0.18110412096381664,0.05,0.23151699002009335
67813,195040411.0,97520205.5,12.7,6.35,74.246316,37.123158,2,0.11768072415373675,0.635,0.5730362647310361,0.05,0.3571795426077019
67834,123509.0,123509.0,8.5,8.5,0.037073,0.037073,1,7.452111326561894e-05,0.8500000000000001,0.0005665254744591033,0.0,0.2551431135401981
67896,0.0,0.0,4.7,4.7,3.673566,3.673566,1,0.0,0.47000000000000003,0.05670030717501789,0.0,0.1523400614350036
67897,0.0,0.0,5.6,5.6,3.455018,3.455018,1,0.0,0.5599999999999999,0.05332674761554844,0.0,0.17866534952310967
67910,2025238.0,2025238.0,6.0,6.0,4.148253,4.148253,1,0.0012219594554877425,0.6000000000000001,0.0640276900227487,0.0,0.19329432178674488
68185,0.0,0.0,4.0,4.0,0.039077,0.039077,1,0.0,0.4,0.0005974597010691696,0.0,0.12011949194021383
68212,37799643.0,18899821.5,13.9,6.95,16.154964,8.077482,2,0.022807013880793793,0.6950000000000001,0.12468021511698231,0.05,0.247558848575714
68215,100730185.0,33576728.333333336,16.1,5.366666666666667,17.619381,5.873127,3,0.06077715409931058,0.5366666666666667,0.09065326047674645,0.10000000000000002,0.21344151373507353
68281,4000000.0,4000000.0,6.8,6.8,4.859873,4.859873,1,0.0024134634161273737,0.68,0.07501242771748691,0.0,0.21996787090994835
68352,0.0,0.0,5.6,5.6,13.715715,13.715715,1,0.0,0.5599999999999999,0.2117133375233465,0.0,0.2103426675046693
68412,29548291.0,29548291.0,6.9,6.9,9.795985,9.795985,1,0.017828429834396434,0.6900000000000001,0.15120744128069424,0.0,0.24437286018989743
68457,76657000.0,76657000.0,7.0,7.0,10.639916,10.639916,1,0.04625221627251902,0.7000000000000001,0.16423456343501552,0.0,0.26134779919601075
68519,0.0,0.0,7.4,7.4,7.744166,7.744166,1,0.0,0.7400000000000001,0.11953506907069446,0.0,0.24590701381413893
68573,595090768.0,148772692.0,22.5,5.625,108.403172,27.100793,4,0.3590574494607856,0.5625,0.41832862497115736,0.15000000000000002,0.4110387047785457
68574,0.0,0.0,6.7,6.7,2.253589,2.253589,1,0.0,0.67,0.03478120023934817,0.0,0.20795624004786964
68750,0.0,0.0,5.7,5.7,2.353483,2.353483,1,0.0,0.5700000000000001,0.03632318808015954,0.0,0.17826463761603192
68770,70067909.0,35033954.5,11.6,5.8,36.440226,18.220113,2,0.042276583754010486,0.58,0.2812443098157265,0.05,0.2521594954647495
68843,275791110.5,137895555.25,12.3,6.15,66.139633,33.0698165,2,0.166402938921223,0.6150000000000001,0.51046790919761,0.05,0.3581547574080112
68844,275791110.5,137895555.25,12.3,6.15,66.139633,33.0698165,2,0.166402938921223,0.6150000000000001,0.51046790919761,0.05,0.3581547574080112
68994,0.0,0.0,8.0,8.0,12.781973,12.781973,1,0.0,0.8,0.1972998711444361,0.0,0.27945997422888724
69099,0.0,0.0,4.2,4.2,0.409089,0.409089,1,0.0,0.42000000000000004,0.006309054040612008,0.0,0.1272618108081224
69144,0.0,0.0,3.9,3.9,3.064563,3.064563,1,0.0,0.39,0.047299590204853116,0.0,0.12645991804097062
69168,0.0,0.0,1.0,1.0,0.137535,0.137535,1,0.0,0.1,0.002117281100058145,0.0,0.03042345622001163
69237,0.0,0.0,4.3,4.3,3.890223,3.890223,1,0.0,0.43,0.060044676803090315,0.0,0.14100893536061807
69371,79911430.0,39955715.0,14.0,7.0,59.296259,29.6481295,2,0.04821582820885587,0.7000000000000001,0.4576499246433595,0.05,0.3258163162122143
69498,22400154.0,22400154.0,4.7,4.7,10.259461,10.259461,1,0.013515488048654814,0.47000000000000003,0.15836176843255406,0.0,0.17807854890597274
69579,16951798.0,16951798.0,4.5,4.5,11.220643,11.220643,1,0.010228136077645295,0.45,0.17319880525965825,0.0,0.17373101548298978
69593,52302796.0,52302796.0,5.0,5.0,23.292761,23.292761,1,0.031557721176793285,0.5,0.3595469259559957,0.0,0.23453247366191643
69597,16633035.0,16633035.0,6.7,6.7,20.05902,20.05902,1,0.010035805367916543,0.67,0.30963012111953747,0.0,0.2669403463710741
69696,0.0,0.0,5.5,5.5,6.377308,6.377308,1,0.0,0.55,0.09843591981132221,0.0,0.18468718396226447
69719,0.0,0.0,6.0,6.0,0.557602,0.557602,1,0.0,0.6000000000000001,0.00860153647401559,0.0,0.18172030729480315
69737,819939.0,409969.5,10.9,5.45,7.0791759999999995,3.5395879999999997,2,0.0004947231949890157,0.545,0.054632190501982224,0.05,0.17962432737839207
69797,145771527.0,145771527.0,7.1,7.1,55.659988,55.659988,1,0.08795356188188092,0.71,0.8591752367132093,0.0,0.4200164720953943
69801,126247.0,126247.0,4.1,4.1,11.946898,11.946898,1,7.617312897395813e-05,0.41,0.1844094523388467,0.0,0.1599123597193589
69987,0.0,0.0,6.7,6.7,14.529496,14.529496,1,0.0,0.67,0.2242750570168427,0.0,0.24585501140336855
70076,0.0,0.0,7.5,7.5,0.446858,0.446858,1,0.0,0.75,0.006892065420270488,0.0,0.22637841308405407
70100,17137302.0,17137302.0,6.5,6.5,14.726338,14.726338,1,0.010340062857031618,0.65,0.22731355753299973,0.0,0.2445987366494126
70110,0.0,0.0,5.9,5.9,3.376967,3.376967,1,0.0,0.5900000000000001,0.05212193358304231,0.0,0.1874243867166085
70221,17709155.0,17709155.0,7.2,7.2,13.960945,13.960945,1,0.01068509943075729,0.7200000000000001,0.21549876686046557,0.0,0.2633737931443961
70250,11806119.0,11806119.0,6.6,6.6,17.49699,17.49699,1,0.007123409073236573,0.66,0.27008200904279683,0.0,0.254865765437854
70287,103951461.0,103951461.0,5.7,5.7,19.625972,19.625972,1,0.06272076204412286,0.5700000000000001,0.30294548790345166,0.0,0.25667740239833947
70415,5.0,5.0,5.7,5.7,4.857028,4.857028,1,3.016829270159217e-09,0.5700000000000001,0.07496851161234437,0.0,0.1859937035292006
70500,0.0,0.0,7.2,7.2,13.409125,13.409125,1,0.0,0.7200000000000001,0.20698074044930448,0.0,0.25739614808986094
70520,8176544.0,2044136.0,28.2,7.05,23.350429,5.83760725,4,0.004933447453588945,0.7050000000000001,0.09010496906175995,0.15000000000000002,0.2464943727937876
70573,0.0,0.0,5.1,5.1,15.20707,15.20707,1,0.0,0.51,0.2347342524565079,0.0,0.19994685049130156
70579,0.0,0.0,4.3,4.3,1.465762,1.465762,1,0.0,0.43,0.02262011294018216,0.0,0.13352402258803645
70580,0.0,0.0,4.3,4.3,1.465762,1.465762,1,0.0,0.43,0.02262011294018216,0.0,0.13352402258803645
70616,0.0,0.0,6.2,6.2,12.928269,12.928269,1,0.0,0.6200000000000001,0.1995581314319342,0.0,0.22591162628638686
70651,140161792.0,140161792.0,6.7,6.7,27.870755,27.870755,1,0.0845688393327136,0.67,0.4302139438280136,0.0,0.3208703244986882
70703,5837674.0,2918837.0,13.0,6.5,14.772749000000001,7.3863745000000005,2,0.0035222531585694873,0.65,0.11401211331213382,0.05,0.22421132392585458
70738,58405313.0,58405313.0,5.8,5.8,11.120167,11.120167,1,0.03523977155824213,0.58,0.17164783352668767,0.0,0.22242547532863438
70777,171658650.0,57219550.0,17.1,5.7,12.247492,4.082497333333333,3,0.1035729679592033,0.5700000000000001,0.0630126697165797,0.10000000000000002,0.2350317211269973
70890,0.0,0.0,5.7,5.7,12.677016,12.677016,1,0.0,0.5700000000000001,0.19567972961633592,0.0,0.2101359459232672
71042,0.0,0.0,6.7,6.7,4.070044,4.070044,1,0.0,0.67,0.06282043706419248,0.0,0.2135640874128385
71068,347254686.5,173627343.25,12.600000000000001,6.300000000000001,54.158998999999994,27.079499499999997,2,0.20952162048663253,0.6300000000000001,0.41799993337718455,0.05,0.36140863487009
71080,0.0,0.0,5.4,5.4,3.21392,3.21392,1,0.0,0.54,0.04960510082551163,0.0,0.17192102016510233
71082,2357852.0,2357852.0,6.9,6.9,12.68672,12.68672,1,0.00142264738566069,0.6900000000000001,0.19582952289728606,0.0,0.2467349635337215
71267,63800345.0,63800345.0,5.2,5.2,6.293217,6.293217,1,0.03849494964845125,0.52,0.09713787088424283,0.0,0.19082555403622906
71280,7048688.0,3524344.0,13.3,6.65,15.678009000000001,7.839004500000001,2,0.0042529376549240066,0.665,0.1209990189960232,0.05,0.23040097886117425
71329,0.0,0.0,12.3,6.15,11.350003000000001,5.6750015000000005,2,0.0,0.6150000000000001,0.08759494754549262,0.05,0.20701898950909856
71339,399611.0,399611.0,4.7,4.7,0.215464,0.215464,1,0.00024111163229551896,0.47000000000000003,0.0033202119111838215,0.0,0.141760487035155
71418,18720175.0,18720175.0,5.8,5.8,11.262655,11.262655,1,0.011295114376500564,0.58,0.17384731260913036,0.0,0.2132875082724263
71527,41819064.0,41819064.0,4.3,4.3,13.218008,13.218008,1,0.025232195265172317,0.43,0.20403061241186135,0.0,0.17989900058844122
71548,36363388.0,12121129.333333334,21.3,7.1000000000000005,32.280699,10.760233,3,0.021940426656111286,0.7100000000000001,0.1660918056221629,0.10000000000000002,0.26499453178687715
71551,9636289.0,9636289.0,6.3,6.3,30.863082,30.863082,1,0.005814207742182658,0.63,0.47640422402233484,0.0,0.28660652790134
71555,0.0,0.0,5.2,5.2,1.265683,1.265683,1,0.0,0.52,0.019531645312479834,0.0,0.15990632906249597
71570,27330000.0,13665000.0,12.9,6.45,38.449127000000004,19.224563500000002,2,0.01648998879069028,0.645,0.29674924962889737,0.05,0.26444584544205557
71600,337802442.0,112600814.0,17.5,5.833333333333333,55.288081000000005,18.429360333333335,3,0.20381845891137224,0.5833333333333334,0.28447430204471125,0.10000000000000002,0.3234222439734912
71729,232297987.5,232297987.5,6.5,6.5,34.308098,34.308098,1,0.14016067361781598,0.65,0.5295823206387541,0.0,0.35698073357487725
71797,378396.0,189198.0,13.2,6.6,2.530027,1.2650135,2,0.0002283112257022334,0.66,0.01952131074924858,0.05,0.20699558664013062
71871,0.0,0.0,4.3,4.3,8.212018,8.212018,1,0.0,0.43,0.12675694521239741,0.0,0.1543513890424795
71872,30899296.0,7724824.0,27.2,6.8,75.439644,18.859911,4,0.018643580120022724,0.68,0.29112038582204747,0.15000000000000002,0.28468150921241864
71901,25843608.0,12921804.0,9.3,4.65,21.796354,10.898177,2,0.01559315061218418,0.4650000000000001,0.16822114242630412,0.05,0.18438148873013452
71923,48428063.0,48428063.0,6.6,6.6,55.806402,55.806402,1,0.029219839591102918,0.66,0.8614353184771246,0.0,0.3819749995318661
71947,80452240.0,26817413.333333332,21.8,7.266666666666667,17.752418,5.917472666666666,3,0.04854213449637483,0.7266666666666667,0.09133779086688672,0.10000000000000002,0.26568441197192727
72024,269832977.0,38547568.14285714,41.7,5.957142857142857,68.394545,9.770649285714285,7,0.16280800461355976,0.5957142857142858,0.15081635309354743,0.30000000000000004,0.30400075817841915
72034,603943.0,603943.0,6.9,6.9,8.519202,8.519202,1,0.0003643985839815536,0.6900000000000001,0.1314987114134885,0.0,0.23344550171629036
72133,0.0,0.0,6.3,6.3,2.397987,2.397987,1,0.0,0.63,0.03701016254176352,0.0,0.1964020325083527
72197,8220215.0,8220215.0,7.0,7.0,7.720692,7.720692,1,0.00495979704380037,0.7000000000000001,0.11917271875360629,0.0,0.2358184625682414
72205,6456666.0,3228333.0,13.0,6.5,10.060631,5.0303155,2,0.0038957317952883663,0.65,0.07764341919402694,0.05,0.21708697655692072
72206,6456666.0,3228333.0,13.0,6.5,10.060631,5.0303155,2,0.0038957317952883663,0.65,0.07764341919402694,0.05,0.21708697655692072
72258,7664696.0,3832348.0,9.5,4.75,6.066491,3.0332455,2,0.004624615847934454,0.47500000000000003,0.04681616573286671,0.05,0.15871307948574714
72320,41424067.0,41424067.0,6.5,6.5,4.992475,4.992475,1,0.0249938675629273,0.65,0.07705930412314958,0.0,0.22040940784980084
72344,46221189.0,46221189.0,6.2,6.2,34.041407,34.041407,1,0.027888287175352248,0.6200000000000001,0.5254656141373243,0.0,0.3022484376976058
72427,0.0,0.0,5.2,5.2,2.695896,2.695896,1,0.0,0.52,0.04160875760921773,0.0,0.16432175152184356
72450,0.0,0.0,9.7,4.85,11.030100000000001,5.5150500000000005,2,0.0,0.485,0.08512589767143072,0.05,0.16752517953428614
72467,0.0,0.0,7.7,7.7,1.498245,1.498245,1,0.0,0.77,0.023121528350848217,0.0,0.23562430567016962
72543,0.0,0.0,4.9,4.9,5.061107,5.061107,1,0.0,0.49000000000000005,0.07811872420334023,0.0,0.16262374484066808
72624,0.0,0.0,5.5,5.5,2.636193,2.636193,1,0.0,0.55,0.04068716772333909,0.0,0.17313743354466782
72757,17693675.0,17693675.0,7.0,7.0,40.688426,40.688426,1,0.010675759327336876,0.7000000000000001,0.6280706001789492,0.0,0.3398844237667246
72960,6420319.0,3210159.5,13.7,6.85,14.046850000000001,7.0234250000000005,2,0.0038738012565918706,0.685,0.10840953742340614,0.05,0.233731427987318
73112,0.0,0.0,6.9,6.9,4.922397,4.922397,1,0.0,0.6900000000000001,0.07597756323872831,0.0,0.22219551264774567
73161,0.0,0.0,6.4,6.4,9.03154,9.03154,1,0.0,0.6400000000000001,0.13940728416446066,0.0,0.21988145683289217
73289,0.0,0.0,6.1,6.1,9.342465,9.342465,1,0.0,0.61,0.14420679734247208,0.0,0.21184135946849442
73460,0.0,0.0,6.7,6.7,18.591657,18.591657,1,0.0,0.67,0.28697955247621076,0.0,0.2583959104952422
73499,0.0,0.0,9.5,4.75,11.368191,5.6840955,2,0.0,0.47500000000000003,0.08773532471954047,0.05,0.1650470649439081
73588,0.0,0.0,5.6,5.6,9.782433,9.782433,1,0.0,0.5599999999999999,0.1509982493450557,0.0,0.19819964986901112
73668,0.0,0.0,4.8,4.8,1.735462,1.735462,1,0.0,0.48,0.026783267090249464,0.0,0.14935665341804988
73832,14822346.0,14822346.0,4.7,4.7,9.400404,9.400404,1,0.008943297453045477,0.47000000000000003,0.14510115769953824,0.0,0.17359755052112585
73833,0.0,0.0,4.0,4.0,7.410523,7.410523,1,0.0,0.4,0.11438487537365737,0.0,0.14287697507473146
74058,9303145.0,3101048.3333333335,14.9,4.966666666666667,20.832848,6.944282666666666,3,0.005613200028107074,0.4966666666666667,0.10718787730674809,0.10000000000000002,0.18268285547259244
74062,0.0,0.0,5.5,5.5,2.083856,2.083856,1,0.0,0.55,0.03216116077567233,0.0,0.17143223215513448
74063,0.0,0.0,5.8,5.8,6.904734,6.904734,1,0.0,0.58,0.1065773945638376,0.0,0.19531547891276752
74105,0.0,0.0,6.8,6.8,0.15066,0.15066,1,0.0,0.68,0.002319881760865091,0.0,0.20446397635217303
74106,0.0,0.0,6.8,6.8,0.15066,0.15066,1,0.0,0.68,0.002319881760865091,0.0,0.20446397635217303
74152,16174377.0,16174377.0,6.5,6.5,19.336367,19.336367,1,0.009759066792038005,0.65,0.2984750753797948,0.0,0.2585986417927742
74159,17286299.0,17286299.0,6.2,6.2,16.785866,16.785866,1,0.0104299625591848,0.6200000000000001,0.259104927723507,0.0,0.24199297056837535
74259,0.0,0.0,6.3,6.3,9.85123,9.85123,1,0.0,0.63,0.1520602164049822,0.0,0.21941204328099645
74272,0.0,0.0,6.7,6.7,8.542921,8.542921,1,0.0,0.67,0.13186484360957842,0.0,0.2273729687219157
74297,90874570.0,90874570.0,7.0,7.0,14.530946,14.530946,1,0.054830612537826534,0.7000000000000001,0.22429743956603662,0.0,0.276791732928338
74298,90874570.0,90874570.0,7.0,7.0,14.530946,14.530946,1,0.054830612537826534,0.7000000000000001,0.22429743956603662,0.0,0.276791732928338
74299,90874570.0,90874570.0,7.0,7.0,14.530946,14.530946,1,0.054830612537826534,0.7000000000000001,0.22429743956603662,0.0,0.276791732928338
74339,0.0,0.0,6.5,6.5,1.453146,1.453146,1,0.0,0.65,0.022425369325954316,0.0,0.19948507386519088
74341,0.0,0.0,6.5,6.5,1.453146,1.453146,1,0.0,0.65,0.022425369325954316,0.0,0.19948507386519088
74396,0.0,0.0,6.6,6.6,33.649652,33.649652,1,0.0,0.66,0.5194183896135587,0.0,0.30188367792271176
74436,0.0,0.0,4.5,4.5,3.283886,3.283886,1,0.0,0.45,0.05068511285096068,0.0,0.14513702257019215
74569,14373825.0,14373825.0,6.3,6.3,18.172736,18.172736,1,0.00867267519682926,0.63,0.28051298703423694,0.0,0.2485716674855791
74589,1678874.0,1678874.0,7.2,7.2,5.323184,5.323184,1,0.0010129752448218572,0.7200000000000001,0.08216420788961087,0.0,0.23283803167585096
74600,0.0,0.0,7.0,7.0,0.197469,0.197469,1,0.0,0.7000000000000001,0.003042436757566984,0.0,0.2106084873515134
74619,416782647.5,104195661.875,23.4,5.85,160.47873900000002,40.119684750000005,4,0.2514724180544902,0.585,0.6192913732777554,0.15000000000000002,0.4149472418773472
74626,0.0,0.0,5.2,5.2,8.302951,8.302951,1,0.0,0.52,0.1281606088991904,0.0,0.1816321217798381
74638,464000.0,232000.0,13.100000000000001,6.550000000000001,3.7423,1.87115,2,0.00027996175627077535,0.6550000000000001,0.028877779735093114,0.05,0.20738754064952697
74655,3478755.0,1739377.5,13.600000000000001,6.800000000000001,55.350782,27.675391,2,0.0020989619815425455,0.6800000000000002,0.42719825807579354,0.05,0.29527923640777576
74878,9132000.0,9132000.0,5.8,5.8,0.1813,0.1813,1,0.005509936979018794,0.58,0.0027928481796936494,0.0,0.17676254442754624
74907,0.0,0.0,7.4,7.4,8.589355,8.589355,1,0.0,0.7400000000000001,0.13258161001597155,0.0,0.24851632200319435
74924,16863583.0,16863583.0,4.8,4.8,15.131867,15.131867,1,0.010174910158831875,0.48,0.23357340083786676,0.0,0.19478464423110609
74971,0.0,0.0,8.3,8.3,0.293587,0.293587,1,0.0,0.8300000000000001,0.004526137353029236,0.0,0.24990522747060584
75035,60965854.0,60965854.0,6.5,6.5,33.785969,33.785969,1,0.03678471456549068,0.65,0.5215226116538801,0.0,0.3140184081569723
75043,0.0,0.0,6.4,6.4,6.091033,6.091033,1,0.0,0.6400000000000001,0.09401690996960728,0.0,0.21080338199392148
75544,0.0,0.0,7.3,7.3,3.949796,3.949796,1,0.0,0.73,0.06096425997766191,0.0,0.23119285199553238
75646,0.0,0.0,5.1,5.1,2.711955,2.711955,1,0.0,0.51,0.0418566482006005,0.0,0.1613713296401201
75687,21170563.0,21170563.0,6.0,6.0,5.422285,5.422285,1,0.012773594824829945,0.6000000000000001,0.08369395479144928,0.0,0.20184822888822188
75699,34705850.0,34705850.0,6.5,6.5,15.338211,15.338211,1,0.02094032482515105,0.65,0.2367585765143276,0.0,0.25072784523292596
75882,69497.0,69497.0,4.7,4.7,2.404626,2.404626,1,4.1932116757651024e-05,0.47000000000000003,0.03711264374458998,0.0,0.14843930159562108
75919,7202.0,7202.0,6.6,6.6,1.260314,1.260314,1,4.345440880737336e-06,0.66,0.019448768135499075,0.0,0.20189149180345212
75920,7202.0,7202.0,6.6,6.6,1.260314,1.260314,1,4.345440880737336e-06,0.66,0.019448768135499075,0.0,0.20189149180345212
76009,0.0,0.0,6.7,6.7,3.528643,3.528643,1,0.0,0.67,0.05446324084617027,0.0,0.21189264816923406
76095,45000.0,45000.0,4.1,4.1,2.964785,2.964785,1,2.7151463431432953e-05,0.41,0.04575939296797727,0.0,0.132162739178968
76100,0.0,0.0,11.899999999999999,5.949999999999999,28.672775,14.3363875,2,0.0,0.595,0.2212941877057998,0.05,0.22775883754115997
76230,50007546.0,50007546.0,4.6,4.6,8.8321,8.8321,1,0.030172845700326696,0.45999999999999996,0.13632868029464448,0.0,0.17733487433905956
76245,0.0,0.0,6.6,6.6,0.859014,0.859014,1,0.0,0.66,0.013254204693074124,0.0,0.20065084093861482
76247,134928266.0,44976088.666666664,17.5,5.833333333333333,9.287853,3.095951,3,0.08141110844812574,0.5833333333333334,0.04778410293181756,0.10000000000000002,0.22712126396561383
76248,0.0,0.0,6.6,6.6,0.859014,0.859014,1,0.0,0.66,0.013254204693074124,0.0,0.20065084093861482
76418,42000000.0,42000000.0,5.1,5.1,10.207065,10.207065,1,0.025341365869337423,0.51,0.1575529711583719,0.0,0.19464714057940935
76422,42930462.0,42930462.0,5.8,5.8,30.556135,30.556135,1,0.0259027748686116,0.58,0.4716661162103189,0.0,0.2786943331895084
76462,0.0,0.0,12.7,6.35,31.619844,15.809922,2,0.0,0.635,0.24404002110936804,0.05,0.24430800422187363
76624,424760.0,424760.0,6.9,6.9,23.307949,23.307949,1,0.0002562856801585658,0.6900000000000001,0.3597813715816213,0.0,0.27905878858838773
76705,7000000.0,3500000.0,11.3,5.65,5.590804,2.795402,2,0.004223560978222904,0.5650000000000001,0.043144756188589616,0.05,0.1848183756290071
76812,0.0,0.0,6.3,6.3,6.884467,6.884467,1,0.0,0.63,0.10626454827107001,0.0,0.210252909654214
76927,1984662.0,1984662.0,6.1,6.1,11.205726,11.205726,1,0.0011974772825945465,0.61,0.17296854285529578,0.0,0.21807269948409697
76998,2957978.0,2957978.0,7.5,7.5,14.331992,14.331992,1,0.001784742922177404,0.75,0.2212263377092606,0.0,0.26995916471072307
77003,121329611.0,24265922.2,32.6,6.5200000000000005,86.991908,17.3983816,5,0.07320614436036635,0.6520000000000001,0.26855986603318804,0.2,0.2985944309507842
77062,0.0,0.0,6.1,6.1,4.665309,4.665309,1,0.0,0.61,0.07200909095792556,0.0,0.19740181819158512
77076,7750407.0,3875203.5,11.399999999999999,5.699999999999999,6.717613999999999,3.3588069999999997,2,0.004676330938649377,0.57,0.05184161144968961,0.05,0.18823885466539766
77121,4040588.0,4040588.0,6.6,6.6,6.174435,6.174435,1,0.002437952829410818,0.66,0.09530432332675934,0.0,0.2180360457971162
77123,25562924.0,25562924.0,5.0,5.0,17.028252,17.028252,1,0.015423795470811106,0.5,0.2628464563917243,0.0,0.2087388094666693
77147,168957466.0,42239366.5,24.1,6.025,103.536223,25.88405575,4,0.10194316576814615,0.6025,0.39954677576137254,0.15000000000000002,0.316436621459533
77162,5634828.0,2817414.0,12.9,6.45,13.319842000000001,6.659921000000001,2,0.003399862808542544,0.645,0.1027984021391419,0.05,0.22041962555124542
77269,62076141.0,62076141.0,7.2,7.2,39.337949,39.337949,1,0.03745462382946613,0.7200000000000001,0.6072243119805049,0.0,0.35242671192788744
77273,0.0,0.0,6.3,6.3,1.447734,1.447734,1,0.0,0.63,0.02234182839061815,0.0,0.19346836567812364
77277,15861566.0,15861566.0,6.5,6.5,9.452808,9.452808,1,0.00957032731587245,0.65,0.14591007846364698,0.0,0.2280101466190784
77300,32558300.0,10852766.666666666,18.4,6.133333333333333,5.668852,1.8896173333333335,3,0.019644566485324966,0.6133333333333333,0.0291628459397922,0.10000000000000002,0.2076903957820884
77357,39171130.0,39171130.0,5.7,5.7,22.622453,22.622453,1,0.023634522305842363,0.5700000000000001,0.34919989024215325,0.0,0.2502937869707676
77441,0.0,0.0,6.4,6.4,3.784535,3.784535,1,0.0,0.6400000000000001,0.05841325138294825,0.0,0.2036826502765897
77465,0.0,0.0,6.0,6.0,0.918116,0.918116,1,0.0,0.6000000000000001,0.014166517398217905,0.0,0.1828333034796436
77775,0.0,0.0,6.1,6.1,1.948435,1.948435,1,0.0,0.61,0.03007076960712853,0.0,0.1890141539214257
77911,6230276.0,6230276.0,4.8,4.8,7.034618,7.034618,1,0.0037591357995940974,0.48,0.1085823152669423,0.0,0.1672201173732261
77919,565592.0,282796.0,16.9,8.45,15.388285999999999,7.6941429999999995,2,0.0003412589001135784,0.845,0.1187629019959862,0.05,0.28238908395924267
77921,77000000.0,77000000.0,6.5,6.5,9.476999,9.476999,1,0.046459170760451945,0.65,0.1462834965654055,0.0,0.2428403676172619
77964,0.0,0.0,6.3,6.3,13.118983,13.118983,1,0.0,0.63,0.20250203866432553,0.0,0.22950040773286512
77965,15699707.0,15699707.0,7.1,7.1,20.821846,20.821846,1,0.00947266712210471,0.71,0.321405286961878,0.0,0.28107012424121747
78001,0.0,0.0,5.6,5.6,2.500218,2.500218,1,0.0,0.5599999999999999,0.03858822487737913,0.0,0.17571764497547582
78012,9495408.0,9495408.0,7.3,7.3,6.18869,6.18869,1,0.005729204957300798,0.73,0.09552436693969672,0.0,0.24039655537085966
78021,0.0,0.0,17.5,5.833333333333333,12.369216,4.123072,3,0.0,0.5833333333333334,0.06363899004257499,0.10000000000000002,0.19772779800851503
78023,0.0,0.0,11.6,5.8,8.463339,4.2316695,2,0.0,0.58,0.0653153272053927,0.05,0.19206306544107854
78029,19184015.0,9592007.5,10.7,5.35,2.383477,1.1917385,2,0.011574979594234694,0.535,0.018390220202914944,0.05,0.1738080358782769
78040,78156869.0,19539217.25,27.2,6.8,17.66733,4.4168325,4,0.04715718601263991,0.68,0.0681735478649734,0.15000000000000002,0.25149758397805067
78108,0.0,0.0,4.9,4.9,5.485217,5.485217,1,0.0,0.49000000000000005,0.08466538829894663,0.0,0.16393307765978934
78118,16942795.0,8471397.5,13.1,6.55,21.830868,10.915434,2,0.010222703974861446,0.655,0.16848752563419328,0.05,0.23928658671678327
78160,0.0,0.0,6.9,6.9,5.355763,5.355763,1,0.0,0.6900000000000001,0.08266710517939597,0.0,0.2235334210358792
78188,0.0,0.0,12.6,6.3,4.765304,2.382652,2,0.0,0.63,0.036773447788736896,0.05,0.20135468955774738
78297,0.0,0.0,6.4,6.4,1.446172,1.446172,1,0.0,0.6400000000000001,0.02231771698245202,0.0,0.19646354339649044
78298,0.0,0.0,12.3,6.15,3.2462910000000003,1.6231455000000001,2,0.0,0.6150000000000001,0.02504952254780959,0.05,0.19450990450956196
78481,973525.0,973525.0,6.2,6.2,4.442355,4.442355,1,0.0005873917430463504,0.6200000000000001,0.06856751932138827,0.0,0.19994846056149623
78485,0.0,0.0,5.8,5.8,5.784661,5.784661,1,0.0,0.58,0.08928767799606474,0.0,0.19185753559921292
78488,0.0,0.0,5.8,5.8,5.784661,5.784661,1,0.0,0.58,0.08928767799606474,0.0,0.19185753559921292
78545,95000.0,95000.0,5.5,5.5,7.447714,7.447714,1,5.731975613302512e-05,0.55,0.11495896460611993,0.0,0.1880147208236772
78562,40105542.0,40105542.0,4.7,4.7,13.237835,13.237835,1,0.024198314600239964,0.47000000000000003,0.20433666675866666,0.0,0.19154665919182934
78866,0.0,0.0,5.8,5.8,6.116436,6.116436,1,0.0,0.58,0.09440903679524376,0.0,0.19288180735904875
78997,0.0,0.0,5.2,5.2,2.580808,2.580808,1,0.0,0.52,0.03983223152533585,0.0,0.16396644630506718
79434,319285.0,319285.0,6.3,6.3,8.942203,8.942203,1,0.00019264566670455712,0.63,0.13802825671802177,0.0,0.21668270961028618
79656,80474465.0,26824821.666666668,16.8,5.6000000000000005,23.926567,7.975522333333333,3,0.04855554430248069,0.56,0.12310634114804345,0.10000000000000002,0.222043485950601
79726,0.0,0.0,7.0,7.0,0.062979,0.062979,1,0.0,0.7000000000000001,0.0009664167292297506,0.0,0.21019328334584597
80006,0.0,0.0,17.1,5.7,11.9728,3.990933333333333,3,0.0,0.5700000000000001,0.06159926576182715,0.10000000000000002,0.19331985315236544
80013,0.0,0.0,5.2,5.2,8.039223,8.039223,1,0.0,0.52,0.12408963997932036,0.0,0.18081792799586408
80215,79388787.0,39694393.5,11.2,5.6,7.599825000000001,3.7999125000000005,2,0.04790048326880711,0.5599999999999999,0.05865062217620988,0.05,0.20389031774276478
80307,12.0,12.0,6.1,6.1,3.362045,3.362045,1,7.240390248382121e-09,0.61,0.05189159399747574,0.0,0.19337832169565122
80384,0.0,0.0,12.8,6.4,11.457535,5.7287675,2,0.0,0.6400000000000001,0.08842489246960279,0.05,0.2146849784939206
80537,0.0,0.0,3.2,3.2,1.682839,1.682839,1,0.0,0.32000000000000006,0.0259709657894004,0.0,0.1011941931578801
80538,0.0,0.0,3.2,3.2,1.682839,1.682839,1,0.0,0.32000000000000006,0.0259709657894004,0.0,0.1011941931578801
80540,103.0,103.0,6.0,6.0,4.590277,4.590277,1,6.214668296527988e-08,0.6000000000000001,0.07085087893646524,0.0,0.19417020064596624
80570,0.0,0.0,12.600000000000001,6.300000000000001,3.128555,1.5642775,2,0.0,0.6300000000000001,0.024140821923018477,0.05,0.19882816438460374
80602,299997177.0,33333019.666666668,56.7,6.300000000000001,35.034909,3.8927676666666664,9,0.1810080529077471,0.6300000000000001,0.060083956890572214,0.4,0.3134200125412133
80630,530048.0,530048.0,6.8,6.8,5.013575,5.013575,1,0.00031981286419787054,0.68,0.07738500880452304,0.0,0.21960492690658376
80671,103951461.0,103951461.0,5.7,5.7,19.625972,19.625972,1,0.06272076204412286,0.5700000000000001,0.30294548790345166,0.0,0.25667740239833947
80691,19478106.0,19478106.0,5.2,5.2,14.051852,14.051852,1,0.011752424061612773,0.52,0.21690202920499715,0.0,0.20408137546564453
80752,77000000.0,77000000.0,6.5,6.5,9.476999,9.476999,1,0.046459170760451945,0.65,0.1462834965654055,0.0,0.2428403676172619
80999,21834845.0,21834845.0,5.3,5.3,2.785832,2.785832,1,0.013174399901077926,0.53,0.04299703136390981,0.0,0.17286916623321313
81328,0.0,0.0,5.4,5.4,7.245108,7.245108,1,0.0,0.54,0.11183148959785691,0.0,0.18436629791957138
81476,16677889.0,8338944.5,12.100000000000001,6.050000000000001,47.385715000000005,23.692857500000002,2,0.010062868739933287,0.6050000000000001,0.36572291188258976,0.05,0.2636697298724913
81718,0.0,0.0,6.2,6.2,3.7387,3.7387,1,0.0,0.6200000000000001,0.05770573128480834,0.0,0.1975411462569617
81727,0.0,0.0,6.9,6.9,13.427427,13.427427,1,0.0,0.6900000000000001,0.2072632545288541,0.0,0.24845265090577084
81853,0.0,0.0,6.2,6.2,3.7387,3.7387,1,0.0,0.6200000000000001,0.05770573128480834,0.0,0.1975411462569617
81856,35485056.0,35485056.0,6.1,6.1,16.40512,16.40512,1,0.02141047111880779,0.61,0.25322764077496596,0.0,0.24220971660251628
82033,1200000.0,1200000.0,4.5,4.5,1.279106,1.279106,1,0.0007240390248382121,0.45,0.019738845973052154,0.0,0.13923738480454573
82101,0.0,0.0,4.0,4.0,1.859965,1.859965,1,0.0,0.4,0.028705125381483537,0.0,0.1257410250762967
82219,54215416.0,54215416.0,6.8,6.8,6.847099,6.847099,1,0.03271173077653167,0.68,0.10568772682398171,0.0,0.238222237675409
82221,14782676.0,14782676.0,5.8,5.8,4.12064,4.12064,1,0.008919361929616034,0.58,0.06360144910489253,0.0,0.1902880345928249
82222,14782676.0,14782676.0,5.8,5.8,4.12064,4.12064,1,0.008919361929616034,0.58,0.06360144910489253,0.0,0.1902880345928249
82286,0.0,0.0,6.7,6.7,0.29245,0.29245,1,0.0,0.67,0.004508586347213045,0.0,0.20190171726944262
82335,43884652.0,21942326.0,14.5,7.25,35.341712,17.670856,2,0.026478500532870246,0.7250000000000001,0.27276584648979574,0.05,0.2876445695111073
82337,43884652.0,21942326.0,14.5,7.25,35.341712,17.670856,2,0.026478500532870246,0.7250000000000001,0.27276584648979574,0.05,0.2876445695111073
82413,9172000.0,9172000.0,6.5,6.5,1.867004,1.867004,1,0.005534071613180068,0.65,0.028813781080639356,0.0,0.2029763848613999
82511,133821816.0,133821816.0,6.0,6.0,33.439187,33.439187,1,0.0807435142989322,0.6000000000000001,0.5161696011886645,0.0,0.3155313259573058
82579,0.0,0.0,5.9,5.9,7.151154,7.151154,1,0.0,0.5900000000000001,0.11038119302753646,0.0,0.19907623860550733
82641,0.0,0.0,5.5,5.5,1.428483,1.428483,1,0.0,0.55,0.022044665318527137,0.0,0.16940893306370544
82822,0.0,0.0,5.3,5.3,6.632891,6.632891,1,0.0,0.53,0.10238116054968577,0.0,0.17947623210993716
82839,1750211.0,1750211.0,6.9,6.9,1.085909,1.085909,1,0.0010560175547509266,0.6900000000000001,0.016756610554696374,0.0,0.21077372913283968
82840,1750211.0,1750211.0,6.9,6.9,1.085909,1.085909,1,0.0010560175547509266,0.6900000000000001,0.016756610554696374,0.0,0.21077372913283968
83070,0.0,0.0,5.2,5.2,3.562563,3.562563,1,0.0,0.52,0.054986838134899525,0.0,0.16699736762697992
83198,2154696.0,2154696.0,3.8,3.8,0.518056,0.518056,1,0.001300069992218997,0.38,0.007991094894413952,0.0,0.11611824697577038
83224,0.0,0.0,5.5,5.5,4.75919,4.75919,1,0.0,0.55,0.0734582606826659,0.0,0.17969165213653318
83287,6038942.0,3019471.0,14.600000000000001,7.300000000000001,23.784776,11.892388,2,0.0036436913972787686,0.7300000000000001,0.18356802285156393,0.05,0.2621710811292243
83415,0.0,0.0,7.3,7.3,1.688495,1.688495,1,0.0,0.73,0.026058273167497478,0.0,0.22421165463349949
83467,2807854.0,2807854.0,5.1,5.1,9.705589,9.705589,1,0.0016941632267067277,0.51,0.1498120668552234,0.0,0.18364007866172738
83730,0.0,0.0,6.2,6.2,12.31708,12.31708,1,0.0,0.6200000000000001,0.19012367083932952,0.0,0.22402473416786595
84021,4245870.0,2122935.0,10.8,5.4,3.7754390000000004,1.8877195000000002,2,0.002561812978658183,0.54,0.029133550527416216,0.05,0.17385143529694652
84061,48476125.0,24238062.5,11.8,5.9,26.420313,13.2101565,2,0.029248838560779394,0.5900000000000001,0.20390941476703653,0.05,0.2344814183777191
84113,0.0,0.0,4.0,4.0,1.82184,1.82184,1,0.0,0.4,0.02811661870009193,0.0,0.1256233237400184
84124,0.0,0.0,5.6,5.6,5.112809,5.112809,1,0.0,0.5599999999999999,0.07891680872639097,0.0,0.18378336174527818
84165,0.0,0.0,6.4,6.4,2.634119,2.634119,1,0.0,0.6400000000000001,0.04065515295987139,0.0,0.20013103059197432
84369,103735.0,103735.0,6.6,6.6,1.781462,1.781462,1,6.259015686799328e-05,0.66,0.027493334168125237,0.0,0.20352370289637225
84437,0.0,0.0,4.6,4.6,0.28076,0.28076,1,0.0,0.45999999999999996,0.004328136691987659,0.0,0.13886562733839752
84451,0.0,0.0,6.1,6.1,1.35088,1.35088,1,0.0,0.61,0.020846766721909885,0.0,0.18716935334438198
84461,0.0,0.0,6.8,6.8,2.487255,2.487255,1,0.0,0.68,0.03838812488758558,0.0,0.21167762497751713
84515,0.0,0.0,6.4,6.4,7.145832,7.145832,1,0.0,0.6400000000000001,0.1102990413538744,0.0,0.21405980827077492
84697,0.0,0.0,6.3,6.3,10.826253,10.826253,1,0.0,0.63,0.16711090624132288,0.0,0.22242218124826457
84714,57965843.0,28982921.5,13.8,6.9,40.760416,20.380208,2,0.03497461036637075,0.6900000000000001,0.3145880564371193,0.05,0.28890745543397217
84736,0.0,0.0,4.3,4.3,8.212018,8.212018,1,0.0,0.43,0.12675694521239741,0.0,0.1543513890424795
84833,0.0,0.0,5.4,5.4,9.371534,9.371534,1,0.0,0.54,0.1446555134269671,0.0,0.19093110268539343
84834,0.0,0.0,5.4,5.4,9.371534,9.371534,1,0.0,0.54,0.1446555134269671,0.0,0.19093110268539343
84851,232297987.5,232297987.5,5.1,5.1,26.710398,26.710398,1,0.14016067361781598,0.51,0.41230239373491145,0.0,0.2915247481941087
84931,4118038.0,2059019.0,13.3,6.65,29.074157,14.5370785,2,0.0024846835148055846,0.665,0.22439210231288603,0.05,0.25037229386849946
84962,103590271.0,103590271.0,4.9,4.9,56.30466,56.30466,1,0.0625028323313051,0.49000000000000005,0.8691265489573035,0.0,0.3458264427239828
84981,0.0,0.0,10.8,3.6,5.184044999999999,1.7280149999999999,3,0.0,0.36000000000000004,0.026668313404837704,0.10000000000000002,0.12333366268096754
85006,0.0,0.0,6.6,6.6,2.60632,2.60632,1,0.0,0.66,0.040226040901222074,0.0,0.2060452081802444
85242,0.0,0.0,7.0,7.0,0.00734,0.00734,1,0.0,0.7000000000000001,0.00010755972605735625,0.0,0.2100215119452115
85340,0.0,0.0,7.0,7.0,25.302978,25.302978,1,0.0,0.7000000000000001,0.390577119675261,0.0,0.28811542393505224
85445,0.0,0.0,5.4,5.4,0.075817,0.075817,1,0.0,0.54,0.0011645871889203847,0.0,0.1622329174377841
85563,0.0,0.0,6.3,6.3,1.929883,1.929883,1,0.0,0.63,0.029784396467373065,0.0,0.1949568792934746
85675,0.0,0.0,7.6,7.6,2.436019,2.436019,1,0.0,0.76,0.03759723365275855,0.0,0.2355194467305517
85822,0.0,0.0,3.8,3.8,20.466433,20.466433,1,0.0,0.38,0.31591904630211576,0.0,0.17718380926042315
85925,0.0,0.0,4.8,4.8,0.130169,0.130169,1,0.0,0.48,0.002003577750153081,0.0,0.14440071555003062
86035,0.0,0.0,5.7,5.7,1.70819,1.70819,1,0.0,0.5700000000000001,0.026362289930514073,0.0,0.17627245798610283
86037,0.0,0.0,5.8,5.8,0.361554,0.361554,1,0.0,0.58,0.005575292333072337,0.0,0.17511505846661446
86038,0.0,0.0,5.8,5.8,0.361554,0.361554,1,0.0,0.58,0.005575292333072337,0.0,0.17511505846661446
86164,4720371.0,2360185.5,12.8,6.4,4.19134,2.09567,2,0.002848110679762147,0.6400000000000001,0.032343524524759824,0.05,0.20460794917685687
86194,16702864.0,16702864.0,4.9,4.9,4.492859,4.492859,1,0.010077937802137732,0.49000000000000005,0.06934711122793258,0.0,0.16490059736644164
86195,16702864.0,16702864.0,4.9,4.9,4.492859,4.492859,1,0.010077937802137732,0.49000000000000005,0.06934711122793258,0.0,0.16490059736644164
86203,16702864.0,8351432.0,10.4,5.2,9.747359,4.8736795,2,0.010077937802137732,0.52,0.07522554817641498,0.05,0.1800762847561381
86262,0.0,0.0,7.0,7.0,0.120505,0.120505,1,0.0,0.7000000000000001,0.001854401918835875,0.0,0.2103708803837672
86293,0.0,0.0,0.0,0.0,0.592821,0.592821,1,0.0,0.0,0.009145185439574434,0.0,0.001829037087914887
86295,0.0,0.0,5.4,5.4,4.238482,4.238482,1,0.0,0.54,0.06542048659600203,0.0,0.1750840973192004
86296,0.0,0.0,5.4,5.4,4.238482,4.238482,1,0.0,0.54,0.06542048659600203,0.0,0.1750840973192004
86437,0.0,0.0,5.6,5.6,8.255708,8.255708,1,0.0,0.5599999999999999,0.12743135457397117,0.0,0.19348627091479423
86439,100491683.0,50245841.5,11.3,5.65,16.236824,8.118412,2,0.06063325013639228,0.5650000000000001,0.12531202045388348,0.05,0.22381570414533364
86482,44287131.0,44287131.0,5.6,5.6,25.613197,25.613197,1,0.026721342618435128,0.5599999999999999,0.3953657348672511,0.0,0.2577616840208242
86662,0.0,0.0,7.6,7.6,3.43159,3.43159,1,0.0,0.76,0.052965107365538146,0.0,0.23859302147310762
86688,62882090.0,62882090.0,5.5,5.5,41.972329,41.972329,1,0.03794090593615724,0.55,0.6478892360808175,0.0,0.3097542095906264
87033,0.0,0.0,6.0,6.0,0.020839,0.020839,1,0.0,0.6000000000000001,0.00031593354093224893,0.0,0.18006318670818647
87081,866999.0,866999.0,6.6,6.6,7.758188,7.758188,1,0.0005231175920797542,0.66,0.11975151603951997,0.0,0.2221595502447359
87082,33245.0,33245.0,6.2,6.2,12.496261,12.496261,1,2.0058897817288634e-05,0.6200000000000001,0.19288955190630472,0.0,0.2245859339403879
87121,0.0,0.0,12.7,6.35,14.231010000000001,7.115505000000001,2,0.0,0.635,0.10983090647842357,0.05,0.21746618129568474
87130,87840042.0,87840042.0,5.0,5.0,19.833664,19.833664,1,0.052999681959522996,0.5,0.30615147163254236,0.0,0.23243016711031766
87178,13391174.0,6695587.0,12.899999999999999,6.449999999999999,8.453193,4.2265965,2,0.008079777136999016,0.645,0.06523701915569567,0.05,0.21477931468593875
87183,0.0,0.0,5.3,5.3,3.158056,3.158056,1,0.0,0.53,0.04874277066815398,0.0,0.1687485541336308
87191,0.0,0.0,5.8,5.8,6.759235,6.759235,1,0.0,0.58,0.1043314369602757,0.0,0.19486628739205514
87296,32000000.0,32000000.0,7.3,7.3,2.551559,2.551559,1,0.01930770732901899,0.73,0.039380736917492616,0.0,0.2345992303151061
87360,0.0,0.0,5.0,5.0,0.328498,0.328498,1,0.0,0.5,0.005065031956414477,0.0,0.1510130063912829
87537,11301649.0,11301649.0,6.5,6.5,4.628525,4.628525,1,0.006819029100853129,0.65,0.0714412842754781,0.0,0.21201586849543688
88039,572809.0,572809.0,6.3,6.3,26.281839,26.281839,1,0.0003456133914821262,0.63,0.4056870538038818,0.0,0.2702756561173692
88077,0.0,0.0,2.7,2.7,0.587276,0.587276,1,0.0,0.27,0.009059591484208757,0.0,0.08281191829684176
88142,0.0,0.0,6.6,6.6,1.840511,1.840511,1,0.0,0.66,0.028404828752505377,0.0,0.2036809657505011
88323,0.0,0.0,5.8,5.8,2.805351,2.805351,1,0.0,0.58,0.04329833134854148,0.0,0.18265966626970828
88506,0.0,0.0,11.0,5.5,0.259873,0.1299365,2,0.0,0.55,0.0019999888241616437,0.05,0.17039999776483233
88832,0.0,0.0,5.6,5.6,5.20209,5.20209,1,0.0,0.5599999999999999,0.08029497174334373,0.0,0.18405899434866874
88837,0.0,0.0,6.5,6.5,1.680525,1.680525,1,0.0,0.65,0.025935246328135087,0.0,0.20018704926562703
88967,1744858.0,1744858.0,6.3,6.3,3.424158,3.424158,1,0.0010527877373342942,0.63,0.052850385223738736,0.0,0.19999119213968147
88970,0.0,0.0,6.8,6.8,1.717376,1.717376,1,0.0,0.68,0.026504087238717697,0.0,0.20930081744774356
89113,0.0,0.0,4.7,4.7,3.56033,3.56033,1,0.0,0.47000000000000003,0.054952369009140904,0.0,0.1519904738018282
89216,9000000.0,9000000.0,5.5,5.5,1.444258,1.444258,1,0.005430292686286591,0.55,0.02228817201751606,0.0,0.17162975147801787
89395,0.0,0.0,4.7,4.7,10.955567,10.955567,1,0.0,0.47000000000000003,0.16910702828715826,0.0,0.17482140565743168
89467,0.0,0.0,7.1,7.1,1.096355,1.096355,1,0.0,0.71,0.016917857526337468,0.0,0.2163835715052675
89824,0.0,0.0,6.0,6.0,9.451228,9.451228,1,0.0,0.6000000000000001,0.14588568920314604,0.0,0.20917713784062925
89981,0.0,0.0,7.3,7.3,0.074005,0.074005,1,0.0,0.73,0.0011366167205484087,0.0,0.2192273233441097
90429,81272766.0,81272766.0,6.3,6.3,21.958055,21.958055,1,0.049037211867120165,0.63,0.338944082711577,0.0,0.2764037012891635
90492,3200000.0,3200000.0,6.5,6.5,12.833247,12.833247,1,0.001930770732901899,0.65,0.1980913489564144,0.0,0.23539057808444366
90508,0.0,0.0,5.2,5.2,18.764453,18.764453,1,0.0,0.52,0.2896468731455286,0.0,0.21392937462910572
90525,3412497.0,3412497.0,5.3,5.3,4.45544,4.45544,1,0.0020589841667861034,0.53,0.06876950253256228,0.0,0.1735774941732269
90575,0.0,0.0,6.7,6.7,0.620554,0.620554,1,0.0,0.67,0.00957327870632941,0.0,0.20291465574126588
90591,193355800.0,96677900.0,10.100000000000001,5.050000000000001,55.250823,27.6254115,2,0.1166642873990103,0.5050000000000001,0.42642676247756106,0.05,0.2884510674551164
90812,4100000.0,4100000.0,5.6,5.6,15.079993,15.079993,1,0.0024738000015305578,0.5599999999999999,0.23277266128139443,0.0,0.2155440522568911
91252,107559.0,107559.0,6.0,6.0,4.624691,4.624691,1,6.489742789381104e-05,0.6000000000000001,0.07138210172816126,0.0,0.19430237931678981
91268,40547440.0,40547440.0,5.6,5.6,25.039383,25.039383,1,0.02446494076440493,0.5599999999999999,0.3865082037754205,0.0,0.25508761706084604
91389,0.0,0.0,6.5,6.5,5.90259,5.90259,1,0.0,0.65,0.09110805844012587,0.0,0.21322161168802517
91602,0.0,0.0,6.8,6.8,0.51799,0.51799,1,0.0,0.68,0.007990076102519608,0.0,0.20559801522050394
91603,0.0,0.0,6.8,6.8,0.51799,0.51799,1,0.0,0.68,0.007990076102519608,0.0,0.20559801522050394
92015,10652498.0,10652498.0,7.6,7.6,4.793348,4.793348,1,0.006427353553342504,0.76,0.07398553179671112,0.0,0.24536804778067922
92287,0.0,0.0,4.5,4.5,2.391847,2.391847,1,0.0,0.45,0.03691538402310793,0.0,0.1423830768046216
92490,0.0,0.0,3.1,3.1,0.249457,0.249457,1,0.0,0.31000000000000005,0.003844936045493195,0.0,0.09376898720909865
92743,0.0,0.0,6.4,6.4,5.217002,5.217002,1,0.0,0.6400000000000001,0.08052515696650206,0.0,0.20810503139330044
92834,0.0,0.0,5.4,5.4,1.255771,1.255771,1,0.0,0.54,0.01937864129343843,0.0,0.16587572825868768
92837,0.0,0.0,5.4,5.4,1.255771,1.255771,1,0.0,0.54,0.01937864129343843,0.0,0.16587572825868768
93022,0.0,0.0,5.0,5.0,0.383442,0.383442,1,0.0,0.5,0.005913160772214618,0.0,0.15118263215444291
93047,1296184.0,1296184.0,5.6,5.6,6.265659,6.265659,1,0.0007820731661424109,0.5599999999999999,0.09671247895963195,0.0,0.18765532505838334
93133,0.0,0.0,0.0,0.0,0.003142,0.003142,1,0.0,0.0,4.2758387080780256e-05,0.0,8.551677416156052e-06
93136,2019009.0,2019009.0,6.1,6.1,0.983484,0.983484,1,0.001218201089582978,0.61,0.015175553588361026,0.0,0.18652239115350538
93214,318489837.0,159244918.5,11.7,5.85,59.122035999999994,29.561017999999997,2,0.1921658925019676,0.585,0.45630525055087306,0.05,0.34862740711096163
93288,0.0,0.0,5.2,5.2,0.262135,0.262135,1,0.0,0.52,0.004040636706652087,0.0,0.15680812734133043
93301,45554533.0,45554533.0,6.3,6.3,9.829859,9.829859,1,0.027486049708566794,0.63,0.15173032850234566,0.0,0.23034048558389586
93419,27437881.0,27437881.0,5.3,5.3,26.9385,26.9385,1,0.01655508050238909,0.53,0.41582343113920756,0.0,0.24878671842879715
93592,0.0,0.0,3.8,3.8,1.684948,1.684948,1,0.0,0.38,0.02600352082129692,0.0,0.11920070416425937
93905,7800000.0,7800000.0,6.2,6.2,3.851,3.851,1,0.004706253661448378,0.6200000000000001,0.059439221129274626,0.0,0.1997703456904343
93911,5164404.0,5164404.0,6.4,6.4,3.007816,3.007816,1,0.0031160250300254684,0.6400000000000001,0.04642362984684841,0.0,0.2025311359813799
93916,0.0,0.0,6.0,6.0,0.147886,0.147886,1,0.0,0.6000000000000001,0.0022770616288210173,0.0,0.18045541232576423
93991,193677158.0,193677158.0,6.0,6.0,4.72629,4.72629,1,0.11685818384313028,0.6000000000000001,0.07295040835957647,0.0,0.24133335520916743
94075,232297987.5,232297987.5,6.1,6.1,44.765377,44.765377,1,0.14016067361781598,0.61,0.6910033976400951,0.0,0.3772649489751454
94108,32721635.0,32721635.0,6.2,6.2,19.760383,19.760383,1,0.01974311724709326,0.6200000000000001,0.30502028846876383,0.0,0.2549013045925901
94155,302204.0,302204.0,7.0,7.0,1.204941,1.204941,1,0.00018233957455183921,0.7000000000000001,0.0185940171723857,0.0,0.2137917392642979
94220,5802422.0,5802422.0,5.8,5.8,12.708963,12.708963,1,0.003500983305483157,0.58,0.19617287120192065,0.0,0.21463496756257738
94222,5802422.0,5802422.0,5.8,5.8,12.708963,12.708963,1,0.003500983305483157,0.58,0.19617287120192065,0.0,0.21463496756257738
94471,0.0,0.0,18.4,6.133333333333333,4.500228,1.500076,3,0.0,0.6133333333333333,0.023149792107795837,0.10000000000000002,0.19862995842155914
94787,0.0,0.0,6.1,6.1,2.651418,2.651418,1,0.0,0.61,0.040922184489875155,0.0,0.19118443689797504
94831,0.0,0.0,5.6,5.6,3.363321,3.363321,1,0.0,0.5599999999999999,0.05191129064076638,0.0,0.17838225812815325
94917,0.0,0.0,0.0,0.0,0.060127,0.060127,1,0.0,0.0,0.0009223925704014527,0.0,0.00018447851408029056
94918,10329747.0,10329747.0,6.7,6.7,16.829837,16.829837,1,0.006232616620587873,0.67,0.2597836746687522,0.0,0.2554497815819856
95024,295750.0,295750.0,6.5,6.5,9.805551,9.805551,1,0.0001784454513299177,0.65,0.15135510436041075,0.0,0.2253423990526141
95320,32703654.0,16351827.0,12.6,6.3,55.589403,27.7947015,2,0.01973226812567191,0.63,0.4290399636865522,0.05,0.2877008999875792
95458,0.0,0.0,6.5,6.5,3.029944,3.029944,1,0.0,0.65,0.0467652029837883,0.0,0.20435304059675766
95550,0.0,0.0,2.0,2.0,0.964802,0.964802,1,0.0,0.2,0.014887173737298521,0.0,0.0629774347474597
95687,0.0,0.0,7.4,7.4,15.017162,15.017162,1,0.0,0.7400000000000001,0.23180278683422026,0.0,0.26836055736684405
95723,0.0,0.0,6.6,6.6,0.042442,0.042442,1,0.0,0.66,0.0006494026514398647,0.0,0.198129880530288
95818,1631839.0,1631839.0,5.4,5.4,3.988432,3.988432,1,0.0009845959318774693,0.54,0.06156065457811426,0.0,0.17470596928837384
95972,0.0,0.0,7.0,7.0,1.068819,1.068819,1,0.0,0.7000000000000001,0.016492805199024702,0.0,0.21329856103980496
96166,9479718.0,4739859.0,12.3,6.15,33.192108000000005,16.596054000000002,2,0.005719738147051038,0.6150000000000001,0.25617494398033847,0.05,0.24302288405488814
96172,355688.0,355688.0,6.2,6.2,3.238466,3.238466,1,0.0002146099938888783,0.6200000000000001,0.049983998792762475,0.0,0.19608264375610807
96222,622806.0,622806.0,6.3,6.3,4.261509,4.261509,1,0.0003757798740861563,0.63,0.06577593691344215,0.0,0.2023054993323229
96369,0.0,0.0,6.8,6.8,0.425551,0.425551,1,0.0,0.68,0.006563165437046595,0.0,0.20531263308740932
96439,42045846.0,42045846.0,6.0,6.0,13.611544,13.611544,1,0.025369027780281366,0.6000000000000001,0.21010532888053354,0.0,0.23216867688821927
96627,0.0,0.0,5.6,5.6,2.351706,2.351706,1,0.0,0.5599999999999999,0.03629575788021638,0.0,0.17525915157604327
96676,0.0,0.0,7.3,7.3,10.621353,10.621353,1,0.0,0.73,0.163948020496611,0.0,0.2517896040993222
96677,0.0,0.0,7.3,7.3,10.621353,10.621353,1,0.0,0.73,0.163948020496611,0.0,0.2517896040993222
96745,46488.0,46488.0,6.0,6.0,8.207425,8.207425,1,2.8049271822232337e-05,0.6000000000000001,0.1266860465582956,0.0,0.20534842902038802
97026,116297640.0,58148820.0,11.3,5.65,44.969445,22.4847225,2,0.07017002488048787,0.5650000000000001,0.3470738490754278,0.05,0.27198277976728075
97579,0.0,0.0,6.9,6.9,0.552361,0.552361,1,0.0,0.6900000000000001,0.008520635135860221,0.0,0.20870412702717206
97591,0.0,0.0,6.1,6.1,4.653047,4.653047,1,0.0,0.61,0.07181981177294919,0.0,0.19736396235458983
97618,0.0,0.0,8.0,4.0,1.112895,0.5564475,2,0.0,0.4,0.00858371533398499,0.05,0.12671674306679698
97942,22309223.0,22309223.0,6.7,6.7,13.916583,13.916583,1,0.013460623388181844,0.67,0.2148139843450585,0.0,0.24934704622428444
97966,17000000.0,17000000.0,5.7,5.7,2.537032,2.537032,1,0.010257219518541338,0.5700000000000001,0.03915649464705128,0.0,0.1829341867368268
98094,0.0,0.0,3.3,3.3,0.140989,0.140989,1,0.0,0.33,0.002170597875862122,0.0,0.09943411957517242
98103,864659.0,864659.0,7.4,7.4,8.518866,8.518866,1,0.0005217057159813197,0.7400000000000001,0.13149352483657187,0.0,0.24850738725370694
98521,2995811.0,2995811.0,6.3,6.3,17.611971,17.611971,1,0.0018075700625329908,0.63,0.2718568834489106,0.0,0.24409440471479532
98541,0.0,0.0,3.5,3.5,1.600171,1.600171,1,0.0,0.35000000000000003,0.0246948826330127,0.0,0.10993897652660255
99339,0.0,0.0,5.6,5.6,4.293706,4.293706,1,0.0,0.5599999999999999,0.06627293755923272,0.0,0.18125458751184653
99496,6670712.0,6670712.0,6.9,6.9,6.497285,6.497285,1,0.004024879842880466,0.6900000000000001,0.10028791367658962,0.0,0.22866753467247014
99710,0.0,0.0,5.0,5.0,4.289676,4.289676,1,0.0,0.5,0.06621072950871447,0.0,0.16324214590174288
100516,2277396.0,2277396.0,6.9,6.9,8.308442,8.308442,1,0.001374102982508704,0.6900000000000001,0.1282453692975516,0.0,0.23319871505251383
101233,0.0,0.0,4.1,4.1,2.101718,2.101718,1,0.0,0.41,0.03243688290925966,0.0,0.12948737658185192
101377,8000000.0,8000000.0,5.9,5.9,6.473667,6.473667,1,0.004826926832254747,0.5900000000000001,0.09992334054082289,0.0,0.1989154388410665
101399,53086.0,53086.0,5.1,5.1,6.500835,6.500835,1,3.203027972713444e-05,0.51,0.10034271233151267,0.0,0.1730813545781934
101515,0.0,0.0,4.9,4.9,0.619979,0.619979,1,0.0,0.49000000000000005,0.00956440286785596,0.0,0.14891288057357122
101518,18663238.0,9331619.0,12.3,6.15,17.601989,8.8009945,2,0.011260760534869553,0.6150000000000001,0.13584852830571262,0.05,0.22117400987509037
101542,78396.0,39198.0,11.4,5.7,23.015292,11.507646,2,4.7301469492680396e-05,0.5700000000000001,0.1776290526846926,0.05,0.2115447311247356
101666,232297987.5,232297987.5,7.0,7.0,39.882276,39.882276,1,0.14016067361781598,0.7000000000000001,0.6156266746391762,0.0,0.38918960437496164
101767,11466088.0,11466088.0,5.2,5.2,4.700024,4.700024,1,0.006918245978524271,0.52,0.07254496005810941,0.0,0.1732762904030316
101810,0.0,0.0,5.4,5.4,1.50211,1.50211,1,0.0,0.54,0.023181189421630607,0.0,0.16663623788432613
102445,15267770.0,3816942.5,25.9,6.475,10.432703,2.60817575,4,0.009212051085211758,0.6475,0.04025468670513007,0.15000000000000002,0.2209857577751107
102627,12232628.0,12232628.0,5.5,5.5,8.452666,8.452666,1,0.007380750040273841,0.55,0.1304716456940637,0.0,0.1940466291549223
102634,17762705.0,17762705.0,5.1,5.1,4.781538,4.781538,1,0.010717409672240694,0.51,0.07380322979258694,0.0,0.17204760982741366
102797,2400000.0,2400000.0,4.4,4.4,1.288173,1.288173,1,0.0014480780496764242,0.44000000000000006,0.019878806368597797,0.0,0.13655499249359015
103031,10018.0,10018.0,6.2,6.2,2.175696,2.175696,1,6.044519125691007e-06,0.6200000000000001,0.033578825132892134,0.0,0.19271818283422873
103602,0.0,0.0,6.3,6.3,0.753362,0.753362,1,0.0,0.63,0.011623334977601705,0.0,0.19132466699552034
104507,0.0,0.0,2.9,2.9,0.722911,0.722911,1,0.0,0.29,0.011153286008288767,0.0,0.08923065720165775
105239,0.0,0.0,6.6,6.6,20.265518,20.265518,1,0.0,0.66,0.3128176739770851,0.0,0.26056353479541705
105313,0.0,0.0,6.8,6.8,1.20173,1.20173,1,0.0,0.68,0.018544451403101805,0.0,0.20770889028062037
105643,0.0,0.0,7.9,7.9,25.891466,25.891466,1,0.0,0.79,0.399661162164934,0.0,0.3169322324329868
105648,23198652.0,23198652.0,7.1,7.1,32.14444,32.14444,1,0.013997274476367533,0.71,0.49618357469130764,0.0,0.31783562472880855
105860,0.0,0.0,5.3,5.3,1.398981,1.398981,1,0.0,0.53,0.021589265341755592,0.0,0.16331785306835112
105882,0.0,0.0,5.3,5.3,0.665512,0.665512,1,0.0,0.53,0.010267261221267213,0.0,0.16105345224425344
107039,0.0,0.0,5.8,5.8,0.086731,0.086731,1,0.0,0.58,0.0013330583212668237,0.0,0.17426661166425336
107168,0.0,0.0,7.0,7.0,0.607782,0.607782,1,0.0,0.7000000000000001,0.009376127038533119,0.0,0.21187522540770665
107414,4069090.0,4069090.0,8.2,8.2,3.208172,3.208172,1,0.0024551499629824336,0.82,0.0495163733132588,0.0,0.2568853346478447
107447,0.0,0.0,5.5,5.5,0.465404,0.465404,1,0.0,0.55,0.0071783459425810115,0.0,0.1664356691885162
107630,0.0,0.0,6.7,6.7,3.753703,3.753703,1,0.0,0.67,0.057937321205881596,0.0,0.21258746424117633
107725,0.0,0.0,3.5,3.5,0.258413,0.258413,1,0.0,0.35000000000000003,0.003983183018307443,0.0,0.1057966366036615
107730,0.0,0.0,5.6,5.6,8.266124,8.266124,1,0.0,0.5599999999999999,0.12759213845838754,0.0,0.19351842769167749
108072,0.0,0.0,5.2,5.2,6.783053,6.783053,1,0.0,0.52,0.10469909734420711,0.0,0.1769398194688414
108217,0.0,0.0,6.7,6.7,6.86302,6.86302,1,0.0,0.67,0.10593348721413084,0.0,0.22218669744282618
108497,0.0,0.0,6.0,6.0,1.998557,1.998557,1,0.0,0.6000000000000001,0.0308444648696783,0.0,0.18616889297393568
108952,13521829.0,13521829.0,4.8,4.8,10.694417,10.694417,1,0.008158609902657547,0.48,0.16507585399613092,0.0,0.1802786147602892
109026,0.0,0.0,5.0,5.0,0.126304,0.126304,1,0.0,0.5,0.0019439166793706927,0.0,0.15038878333587413
109640,18948425.0,18948425.0,6.7,6.7,4.932893,4.932893,1,0.011432832632683333,0.67,0.07613958202241058,0.0,0.22080104945755546
109692,22456509.0,22456509.0,5.6,5.6,11.436405,11.436405,1,0.013549490731358778,0.5599999999999999,0.17652935945219372,0.0,0.20872566818298224
109695,0.0,0.0,5.1,5.1,5.079017,5.079017,1,0.0,0.51,0.07839518727648709,0.0,0.16867903745529741
109745,3094813.0,3094813.0,6.4,6.4,9.436431,9.436431,1,0.0018673044888138513,0.6400000000000001,0.1456572791476824,0.0,0.22187837762506207
109857,323313709.0,107771236.33333333,17.5,5.833333333333333,74.61528,24.87176,3,0.1950764521509879,0.5833333333333334,0.383920734779882,0.10000000000000002,0.3398147278163716
109905,0.0,0.0,0.0,0.0,0.194848,0.194848,1,0.0,0.0,0.003001978370368888,0.0,0.0006003956740737777
109978,0.0,0.0,5.1,5.1,3.810943,3.810943,1,0.0,0.51,0.058820891630612236,0.0,0.16476417832612245
110427,0.0,0.0,7.1,7.1,5.499412,5.499412,1,0.0,0.71,0.08488450573743461,0.0,0.22997690114748692
110618,6490401.0,6490401.0,6.4,6.4,1.884558,1.884558,1,0.003916086342374131,0.6400000000000001,0.029084748852053078,0.0,0.1993833843073603
110695,900000.0,900000.0,7.8,7.8,7.072118,7.072118,1,0.000543029268628659,0.78,0.10916117429781928,0.0,0.2560494465670153
110726,0.0,0.0,4.4,4.4,2.407048,2.407048,1,0.0,0.44000000000000006,0.037150030319864226,0.0,0.13943000606397285
110834,0.0,0.0,5.0,5.0,0.630226,0.630226,1,0.0,0.5,0.009722578027573201,0.0,0.15194451560551464
110873,100491683.0,100491683.0,5.7,5.7,7.981116,7.981116,1,0.06063325013639228,0.5700000000000001,0.12319268633379586,0.0,0.21989183732131612
110876,0.0,0.0,5.5,5.5,0.46049,0.46049,1,0.0,0.55,0.007102492255174892,0.0,0.166420498451035
111247,0.0,0.0,5.6,5.6,7.708227,7.708227,1,0.0,0.5599999999999999,0.11898030601174278,0.0,0.19179606120234854
111686,49779728.0,49779728.0,5.9,5.9,16.176976,16.176976,1,0.030035388098192867,0.5900000000000001,0.24970595504855528,0.0,0.23895534624898823
111745,0.0,0.0,5.3,5.3,1.73892,1.73892,1,0.0,0.53,0.026836645611016733,0.0,0.16436732912220334
111944,0.0,0.0,3.7,3.7,0.18094,0.18094,1,0.0,0.37000000000000005,0.0027872911329972303,0.0,0.11155745822659946
112289,0.0,0.0,5.2,5.2,9.68793,9.68793,1,0.0,0.52,0.14953947827852324,0.0,0.18590789565570465
112630,9622846.0,9622846.0,6.4,6.4,5.759545,5.759545,1,0.005806096695006908,0.6400000000000001,0.08889998137154458,0.0,0.21210243495231174
113225,77477008.0,77477008.0,5.7,5.7,18.38292,18.38292,1,0.046746981099751964,0.5700000000000001,0.28375743787545954,0.0,0.2464502800149927
113600,103176483.0,51588241.5,12.0,6.0,34.383014,17.191507,2,0.06225316678129697,0.6000000000000001,0.26536649988734634,0.05,0.2629745666899881
113641,6413915.0,6413915.0,5.4,5.4,9.371811,9.371811,1,0.003869937301662651,0.54,0.14465978926567516,0.0,0.1924799327738001
113682,0.0,0.0,3.8,3.8,1.039149,1.039149,1,0.0,0.38,0.01603481193379483,0.0,0.11720696238675896
113733,0.0,0.0,4.6,4.6,1.916351,1.916351,1,0.0,0.45999999999999996,0.029575513256551,0.0,0.1439151026513102
113799,0.0,0.0,6.5,6.5,3.102862,3.102862,1,0.0,0.65,0.04789078279214799,0.0,0.2045781565584296
113907,0.0,0.0,6.0,6.0,2.074295,2.074295,1,0.0,0.6000000000000001,0.032013574877159945,0.0,0.186402714975432
114004,0.0,0.0,6.4,6.4,1.161034,1.161034,1,0.0,0.6400000000000001,0.017916258146553274,0.0,0.19558325162931067
114396,0.0,0.0,7.0,7.0,0.186401,0.186401,1,0.0,0.7000000000000001,0.0028715884441337437,0.0,0.21057431768882676
114404,18409891.0,18409891.0,6.2,6.2,25.799697,25.799697,1,0.011107899605848147,0.6200000000000001,0.3982445937808126,0.0,0.2700920785985018
114545,0.0,0.0,5.9,5.9,10.142218,10.142218,1,0.0,0.5900000000000001,0.15655197724969777,0.0,0.20831039544993957
114546,0.0,0.0,5.9,5.9,10.142218,10.142218,1,0.0,0.5900000000000001,0.15655197724969777,0.0,0.20831039544993957
114596,0.0,0.0,5.4,5.4,1.496454,1.496454,1,0.0,0.54,0.02309388204353353,0.0,0.1666187764087067
114597,36893721.0,18446860.5,12.2,6.1,42.578474,21.289237,2,0.022260411479577556,0.61,0.32862004699656133,0.05,0.2626281739911433
114614,0.0,0.0,6.5,6.5,3.644872,3.644872,1,0.0,0.65,0.05625737968083164,0.0,0.20625147593616633
114615,0.0,0.0,6.5,6.5,3.644872,3.644872,1,0.0,0.65,0.05625737968083164,0.0,0.20625147593616633
114646,0.0,0.0,4.2,4.2,2.244947,2.244947,1,0.0,0.42000000000000004,0.034647800246152466,0.0,0.13292956004923048
114925,852206.0,852206.0,7.3,7.3,0.280083,0.280083,1,0.0005141920010010611,0.73,0.004317686356950227,0.0,0.22006921407179048
115226,0.0,0.0,4.8,4.8,0.17817,0.17817,1,0.0,0.48,0.00274453274591645,0.0,0.1445489065491833
115309,0.0,0.0,6.8,6.8,0.749699,0.749699,1,0.0,0.68,0.011566792027465642,0.0,0.20631335840549314
115585,0.0,0.0,4.9,4.9,2.492747,2.492747,1,0.0,0.49000000000000005,0.03847290072218761,0.0,0.15469458014443754
115627,0.0,0.0,4.7,4.7,1.563711,1.563711,1,0.0,0.47000000000000003,0.024132077292592032,0.0,0.14582641545851843
115677,0.0,0.0,6.9,6.9,4.409263,4.409263,1,0.0,0.6900000000000001,0.06805670324006077,0.0,0.22061134064801216
115892,0.0,0.0,7.8,7.8,4.892203,4.892203,1,0.0,0.78,0.07551148138330699,0.0,0.2491022962766614
115999,6500000.0,6500000.0,6.3,6.3,5.753564,5.753564,1,0.003921878051206982,0.63,0.0888076572151799,0.0,0.20833028266351877
116000,6500000.0,6500000.0,6.3,6.3,5.753564,5.753564,1,0.003921878051206982,0.63,0.0888076572151799,0.0,0.20833028266351877
116100,669276.0,669276.0,6.8,6.8,2.439184,2.439184,1,0.00040381828532301604,0.68,0.03764608935496457,0.0,0.21169074518512215
116186,2200000.0,2200000.0,5.1,5.1,0.622752,0.622752,1,0.0013274048788700554,0.51,0.009607207563659211,0.0,0.15545240346427988
116330,0.0,0.0,7.3,7.3,0.906096,0.906096,1,0.0,0.73,0.013980973783520801,0.0,0.22179619475670417
116357,146227789.0,73113894.5,10.600000000000001,5.300000000000001,59.332531,29.6662655,2,0.0882288547931732,0.5300000000000001,0.4579298763069325,0.05,0.29087751717865584
116370,0.0,0.0,2.2,2.2,0.28576,0.28576,1,0.0,0.22000000000000003,0.0044053178961045904,0.0,0.06688106357922093
116653,124494.0,124494.0,5.8,5.8,1.892183,1.892183,1,7.511542863184031e-05,0.58,0.029202450188331397,0.0,0.17987053620911903
116805,390972167.5,130324055.83333333,18.4,6.133333333333333,64.768035,21.589344999999998,3,0.23589925574631843,0.6133333333333333,0.33325258635758614,0.10000000000000002,0.3550102195700446
116832,0.0,0.0,10.3,5.15,1.505333,0.7526665,2,0.0,0.515,0.01161259907210904,0.05,0.1618225198144218
117052,104945765.0,104945765.0,5.6,5.6,23.661071,23.661071,1,0.06332069112625015,0.5599999999999999,0.36523224781365715,0.0,0.2663747260132315
117075,0.0,0.0,8.0,8.0,0.605645,0.605645,1,0.0,0.8,0.00934313979189354,0.0,0.2418686279583787
117168,0.0,0.0,4.3,4.3,0.687656,0.687656,1,0.0,0.43,0.010609081338060282,0.0,0.13112181626761207
117794,4270000.0,4270000.0,7.0,7.0,20.544999,20.544999,1,0.002576372196715971,0.7000000000000001,0.31713180999864593,0.0,0.2744569108784156
118303,553198.0,553198.0,7.0,7.0,19.02965,19.02965,1,0.0003337807837187077,0.7000000000000001,0.29374051790316824,0.0,0.2688816158941212
118463,0.0,0.0,6.9,6.9,3.898737,3.898737,1,0.0,0.6900000000000001,0.06017610095746062,0.0,0.21903522019149213
119367,0.0,0.0,5.8,5.8,0.595136,0.595136,1,0.0,0.58,0.009180920337080574,0.0,0.1758361840674161
119417,1406224.0,1406224.0,6.5,6.5,12.690224,12.690224,1,0.0008484675447200749,0.65,0.19588361148513123,0.0,0.2345161093149143
119419,0.0,0.0,3.9,3.9,2.504156,2.504156,1,0.0,0.39,0.03864901279374163,0.0,0.12472980255874833
119665,122513057.0,122513057.0,6.3,6.3,29.660993,29.660993,1,0.0739201952668569,0.63,0.4578484887271912,0.0,0.31013777585218105
119819,0.0,0.0,6.0,6.0,4.807549,4.807549,1,0.0,0.6000000000000001,0.07420474185264403,0.0,0.19484094837052882
119953,0.0,0.0,5.6,5.6,49.808505,49.808505,1,0.0,0.5599999999999999,0.768850335951258,0.0,0.3217700671902516
120229,0.0,0.0,6.6,6.6,1.193779,1.193779,1,0.0,0.66,0.018421717852315063,0.0,0.20168434357046303
120245,67738090.0,67738090.0,5.6,5.6,14.838986,14.838986,1,0.040870850523335875,0.5599999999999999,0.22905241918927255,0.0,0.23015882404718885
120246,563706.0,563706.0,4.6,4.6,3.125382,3.125382,1,0.00034012095211287434,0.45999999999999996,0.048238406935490655,0.0,0.14778372976794327
120247,563706.0,563706.0,4.6,4.6,3.125382,3.125382,1,0.00034012095211287434,0.45999999999999996,0.048238406935490655,0.0,0.14778372976794327
120426,0.0,0.0,6.0,6.0,0.080704,0.080704,1,0.0,0.6000000000000001,0.001240024097824274,0.0,0.18024800481956488
120515,0.0,0.0,8.1,8.1,1.000178,1.000178,1,0.0,0.81,0.015433246192666637,0.0,0.24608664923853332
120615,0.0,0.0,7.3,7.3,21.626288,21.626288,1,0.0,0.73,0.33382284740232454,0.0,0.2857645694804649
121473,0.0,0.0,6.9,6.9,1.367751,1.367751,1,0.0,0.6900000000000001,0.021107191540841237,0.0,0.21122143830816825
121588,14348529.0,14348529.0,5.8,5.8,5.119593,5.119593,1,0.008657412454185671,0.58,0.07902152818413681,0.0,0.1932672706185016
121873,13831503.0,13831503.0,6.8,6.8,20.834883,20.834883,1,0.008345456620139004,0.68,0.3216065292334925,0.0,0.27165948849475413
122423,110197.0,110197.0,6.9,6.9,28.858238,28.858238,1,6.648910701674705e-05,0.6900000000000001,0.44545696922501365,0.0,0.29611798948780943
122449,589304.0,589304.0,6.7,6.7,8.717235,8.717235,1,0.00035556591124438145,0.67,0.1345555964924662,0.0,0.228053345662991
122582,20380.0,20380.0,5.7,5.7,12.185204,12.185204,1,1.2296596105168969e-05,0.5700000000000001,0.18808800114450464,0.0,0.208622518867343
122728,0.0,0.0,4.9,4.9,4.448353,4.448353,1,0.0,0.49000000000000005,0.06866010589384694,0.0,0.16073202117876942
122842,0.0,0.0,5.2,5.2,0.339757,0.339757,1,0.0,0.52,0.005238828591844984,0.0,0.157047765718369
123150,0.0,0.0,7.7,7.7,0.011697,0.011697,1,0.0,0.77,0.0001748154273248507,0.0,0.23103496308546495
123694,23978402.0,23978402.0,4.1,4.1,3.495758,3.495758,1,0.014467749001048863,0.41,0.0539556200666932,0.0,0.13957822361375818
123912,0.0,0.0,4.8,4.8,0.20323,0.20323,1,0.0,0.48,0.0031313649409505126,0.0,0.14462627298819009
123913,0.0,0.0,4.8,4.8,0.20323,0.20323,1,0.0,0.48,0.0031313649409505126,0.0,0.14462627298819009
123990,0.0,0.0,5.5,5.5,0.424957,0.424957,1,0.0,0.55,0.006553996309997503,0.0,0.16631079926199951
123991,0.0,0.0,5.5,5.5,0.424957,0.424957,1,0.0,0.55,0.006553996309997503,0.0,0.16631079926199951
124783,0.0,0.0,5.4,5.4,1.734764,1.734764,1,0.0,0.54,0.026772492594154738,0.0,0.16735449851883094
125044,0.0,0.0,2.8,2.8,1.088501,1.088501,1,0.0,0.27999999999999997,0.016796621290910592,0.0,0.0873593242581821
125324,600896.0,600896.0,5.8,5.8,27.662696,27.662696,1,0.0003625601282243186,0.58,0.42700229499854064,0.0,0.25954548305099784
125544,27645491.0,27645491.0,5.9,5.9,13.288177,13.288177,1,0.01668034528734464,0.5900000000000001,0.20511375799419754,0.0,0.22469488971377738
125637,0.0,0.0,6.2,6.2,0.05021,0.05021,1,0.0,0.6200000000000001,0.0007693113701559301,0.0,0.18615386227403122
125738,211400535.0,70466845.0,18.9,6.3,82.36153200000001,27.453844000000004,3,0.1275518643430636,0.63,0.4237784052300948,0.10000000000000002,0.3347764267832444
126125,203.0,203.0,7.5,7.5,0.293649,0.293649,1,1.2248326836846422e-07,0.75,0.004527094399960285,0.0,0.2259054678732994
126597,8109160.0,8109160.0,7.6,7.6,11.103202,11.103202,1,0.004892790248880863,0.76,0.17138595770111892,0.0,0.2642343076397761
126599,8109160.0,8109160.0,7.6,7.6,11.103202,11.103202,1,0.004892790248880863,0.76,0.17138595770111892,0.0,0.2642343076397761
126910,7022728.0,7022728.0,6.1,6.1,14.979375,14.979375,1,0.004237274277353339,0.61,0.23121949760222693,0.0,0.2309388092313867
126945,76586316.0,76586316.0,7.4,7.4,57.84156,57.84156,1,0.04620956796049263,0.7400000000000001,0.892850507478766,0.0,0.4190539286799503
127823,23321954.0,23321954.0,5.6,5.6,6.009644,6.009644,1,0.014071670692901366,0.5599999999999999,0.09276056976523267,0.0,0.19218078223020707
127936,0.0,0.0,8.899999999999999,4.449999999999999,5.195256,2.597628,2,0.0,0.44499999999999995,0.040091869095985194,0.05,0.14651837381919702
128712,0.0,0.0,4.1,4.1,20.422246,20.422246,1,0.0,0.41,0.3152369651288528,0.0,0.18604739302577056
129514,0.0,0.0,7.1,7.1,1.807571,1.807571,1,0.0,0.71,0.027896358979783032,0.0,0.2185792717959566
129715,3606395.0,3606395.0,5.4,5.4,14.570359,14.570359,1,0.0021759755991511698,0.54,0.22490582812560875,0.0,0.2078515558647822
129716,0.0,0.0,5.4,5.4,2.631688,2.631688,1,0.0,0.54,0.04061762745842974,0.0,0.17012352549168597
129718,54607114.0,18202371.333333332,18.8,6.266666666666667,41.969736,13.989911999999999,3,0.03294806797482423,0.6266666666666667,0.21594590844839656,0.10000000000000002,0.254368408879609
129894,4242978.0,4242978.0,6.2,6.2,26.406001,26.406001,1,0.002560068044608323,0.6200000000000001,0.4076036483369951,0.0,0.2685447568852424
129921,0.0,0.0,6.4,6.4,1.631274,1.631274,1,0.0,0.6400000000000001,0.025174996031342482,0.0,0.19703499920626852
129941,20080020.0,20080020.0,5.3,5.3,4.475007,4.475007,1,0.012115598416276496,0.53,0.06907154345675348,0.0,0.1776605480578613
129952,61956504.0,30978252.0,12.9,6.45,30.141772,15.070886,2,0.037382438948787323,0.645,0.23263208343621586,0.05,0.2599793922667581
130051,0.0,0.0,6.1,3.05,7.365431,3.6827155,2,0.0,0.305,0.05684154106043146,0.05,0.10786830821208629
130128,29010817.0,29010817.0,5.2,5.2,13.987772,13.987772,1,0.017504136375366523,0.52,0.21591287489303454,0.0,0.20618422952875354
130358,0.0,0.0,6.9,6.9,0.205034,0.205034,1,0.0,0.6900000000000001,0.0031592119193959017,0.0,0.2076318423838792
130482,0.0,0.0,5.4,5.4,0.515677,0.515677,1,0.0,0.54,0.007954372077495117,0.0,0.16359087441549902
130530,0.0,0.0,2.8,2.8,1.141463,1.141463,1,0.0,0.27999999999999997,0.01761415547739878,0.0,0.08752283109547974
130687,0.0,0.0,5.6,5.6,9.054803,9.054803,1,0.0,0.5599999999999999,0.13976637743473508,0.0,0.195953275486947
130816,17314135.0,8657067.5,8.9,4.45,16.062730000000002,8.031365000000001,2,0.01044675785109763,0.44500000000000006,0.12396834199893021,0.05,0.1674723715402251
130822,0.0,0.0,3.3,3.3,2.184708,2.184708,1,0.0,0.33,0.0337179365351925,0.0,0.1057435873070385
130837,27206120.0,27206120.0,5.4,5.4,8.780512,8.780512,1,0.016415243828692815,0.54,0.13553235550304762,0.0,0.19567256863208665
130858,0.0,0.0,4.8,4.8,3.674294,3.674294,1,0.0,0.48,0.05671154475833731,0.0,0.15534230895166745
130938,140706123.0,70353061.5,11.7,5.85,73.773359,36.8866795,2,0.0848972700714046,0.585,0.569385925655483,0.05,0.3283360931596584
131060,0.0,0.0,6.3,6.3,1.975941,1.975941,1,0.0,0.63,0.030495358847216596,0.0,0.19509907176944333
131242,39300000.0,39300000.0,5.3,5.3,12.300789,12.300789,1,0.023712278063451445,0.53,0.18987219904007574,0.0,0.20645935103339574
131388,0.0,0.0,6.4,6.4,0.611081,0.611081,1,0.0,0.6400000000000001,0.00942705119700947,0.0,0.19388541023940192
131455,10508.0,10508.0,0.0,0.0,0.578798,0.578798,1,6.340168394166611e-06,0.0,0.008928723034508087,0.0,0.001788280674259284
131521,382946.0,382946.0,6.7,6.7,13.635828,13.635828,1,0.0002310565403380783,0.67,0.21048018255268866,0.0,0.24318845912667297
131668,0.0,0.0,6.8,6.8,6.723057,6.723057,1,0.0,0.68,0.10377298463976722,0.0,0.22475459692795347
131856,126.0,126.0,4.7,4.7,0.114342,0.114342,1,7.602409760801227e-08,0.47000000000000003,0.001759268366641345,0.0,0.14135188408296734
131870,0.0,0.0,5.6,5.6,0.67457,0.67457,1,0.0,0.5599999999999999,0.010407082690645447,0.0,0.17008141653812908
132239,205754447.0,205754447.0,5.8,5.8,61.849521,61.849521,1,0.12414520763500467,0.58,0.9547183586855065,0.0,0.41460175479110317
132257,0.0,0.0,7.3,7.3,0.700127,0.700127,1,0.0,0.73,0.010801586697368734,0.0,0.22116031733947375
132812,0.0,0.0,4.0,4.0,0.218736,0.218736,1,0.0,0.4,0.0033707192911579423,0.0,0.12067414385823158
132856,0.0,0.0,5.2,5.2,1.75311,1.75311,1,0.0,0.52,0.027055685868300584,0.0,0.16141113717366012
132857,0.0,0.0,5.2,5.2,1.75311,1.75311,1,0.0,0.52,0.027055685868300584,0.0,0.16141113717366012
132876,344781751.5,172390875.75,10.7,5.35,52.497439,26.2487195,2,0.2080295359483923,0.535,0.40517581322593166,0.05,0.32974697702454325
132964,3542353.0,3542353.0,6.4,6.4,21.825564,21.825564,1,0.0021373348431272627,0.6400000000000001,0.3368989197286457,0.0,0.2602347178829801
133183,0.0,0.0,6.0,6.0,2.855963,2.855963,1,0.0,0.6000000000000001,0.04407959036909472,0.0,0.18881591807381898
133259,45779.0,45779.0,3.0,3.0,0.666218,0.666218,1,2.762148543172376e-05,0.30000000000000004,0.010278159207288523,0.0,0.0920666804356304
133293,38085778.0,38085778.0,4.6,4.6,10.410933,10.410933,1,0.022979657969437194,0.45999999999999996,0.16069992670255406,0.0,0.17933184852828568
133398,98017.0,98017.0,5.7,5.7,9.108949,9.108949,1,5.9140110914639194e-05,0.5700000000000001,0.14060218813035819,0.0,0.1991440936704375
133406,2614773.0,2614773.0,6.0,6.0,9.169411,9.169411,1,0.0015776647442444054,0.6000000000000001,0.14153549412302177,0.0,0.20893816472230214
133502,96677469.0,48338734.5,13.899999999999999,6.949999999999999,42.211006999999995,21.105503499999998,2,0.05833188364882207,0.695,0.3257838924432377,0.05,0.30198953194817635
133684,0.0,0.0,7.0,7.0,0.142255,0.142255,1,0.0,0.7000000000000001,0.0021901401567445285,0.0,0.21043802803134892
133790,0.0,0.0,5.9,5.9,0.106949,0.106949,1,0.0,0.5900000000000001,0.0016451482382340494,0.0,0.17732902964764682
134129,0.0,0.0,5.3,5.3,2.747402,2.747402,1,0.0,0.53,0.04240381662906707,0.0,0.1674807633258134
134156,53830415.0,26915207.5,10.1,5.05,25.19772,12.59886,2,0.03247943431936355,0.505,0.19447329477854333,0.05,0.2083864326834541
134639,0.0,0.0,2.9,2.9,0.138564,0.138564,1,0.0,0.29,0.0021331649918654096,0.0,0.08742663299837308
135113,4159678.0,4159678.0,6.7,6.7,12.982319,12.982319,1,0.00250980766896747,0.67,0.20039246024843826,0.0,0.24208241511727466
135534,25000.0,12500.0,13.6,6.8,2.083465,1.0417325,2,1.5084146350796086e-05,0.68,0.016074691461962047,0.05,0.21222097195093276
135601,36993168.0,36993168.0,5.4,5.4,14.562197,14.562197,1,0.02232041440366346,0.54,0.22477983752800826,0.0,0.21588413326706704
135650,15200000.0,15200000.0,4.6,4.6,0.132878,0.132878,1,0.00917116098128402,0.45999999999999996,0.0020453945265436345,0.0,0.14207754329782232
136153,20566327.0,20566327.0,6.0,6.0,18.268009,18.268009,1,0.01240901945465316,0.6000000000000001,0.2819836440062034,0.0,0.24136033658310196
136345,0.0,0.0,6.6,6.6,4.989985,4.989985,1,0.0,0.66,0.07702086788349935,0.0,0.21340417357669988
137064,143451.0,143451.0,6.3,6.3,3.942464,3.942464,1,8.655343512672196e-05,0.63,0.06085108145994484,0.0,0.20120483766603967
137392,0.0,0.0,5.2,5.2,0.340019,0.340019,1,0.0,0.52,0.005242872886940712,0.0,0.15704857457738813
137427,7103838.0,7103838.0,7.9,7.9,21.285206,21.285206,1,0.004286213281773863,0.79,0.3285578235098023,0.0,0.30442605001467
137467,181760.0,90880.0,12.3,6.15,13.533420000000001,6.766710000000001,2,0.00010966777762882786,0.6150000000000001,0.10444682286043051,0.05,0.21043323168313766
137475,8454301.0,8454301.0,7.2,7.2,4.952735,4.952735,1,0.005101036543107268,0.7200000000000001,0.0764458679128282,0.0,0.2333295881998086
138322,1001437.0,500718.5,12.1,6.05,1.52816,0.76408,2,0.0006042328907640872,0.605,0.011788780606746761,0.05,0.18909944927765499
138781,40423945.0,40423945.0,6.3,6.3,50.319662,50.319662,1,0.024390428098261266,0.63,0.7767406785018177,0.0,0.35410430693966805
138857,19406406.0,19406406.0,7.3,7.3,10.706613,10.706613,1,0.01170916272987869,0.73,0.16526411438921296,0.0,0.2567364879697941
139098,52051848.0,26025924.0,13.7,6.85,62.27674,31.13837,2,0.0314063077224557,0.685,0.48065363588612325,0.05,0.31919325026620693
139135,416498.0,416498.0,5.6,5.6,2.380332,2.380332,1,0.00025130067147255473,0.5599999999999999,0.03673763571002663,0.0,0.17544804741059433
139537,0.0,0.0,0.0,0.0,0.021419,0.021419,1,0.0,0.0,0.000324886560609813,0.0,6.49773121219626e-05
140086,0.0,0.0,5.0,5.0,1.063615,1.063615,1,0.0,0.5,0.016412475001779798,0.0,0.15328249500035596
140151,0.0,0.0,5.3,5.3,0.212108,0.212108,1,0.0,0.53,0.003268407886980537,0.0,0.15965368157739612
140354,28121100.0,28121100.0,5.9,5.9,4.746085,4.746085,1,0.016967311517814873,0.5900000000000001,0.07325596874667542,0.0,0.19843811835646105
140372,14400000.0,14400000.0,5.5,5.5,16.668854,16.668854,1,0.008688468298058544,0.55,0.25729870231228097,0.0,0.21993512778167962
141169,11087569.0,11087569.0,6.3,6.3,7.349497,7.349497,1,0.006689860538821992,0.63,0.11344286334116939,0.0,0.21436451688376268
141450,0.0,0.0,6.4,6.4,1.769593,1.769593,1,0.0,0.6400000000000001,0.027310121425792463,0.0,0.19746202428515852
141503,0.0,0.0,5.8,5.8,0.542814,0.542814,1,0.0,0.58,0.008373265344719352,0.0,0.17567465306894386
141673,748453.0,748453.0,5.7,5.7,16.900433,16.900433,1,0.0004515909835476953,0.5700000000000001,0.2608734115259199,0.0,0.2233553186986031
141688,57777106.0,57777106.0,6.1,6.1,29.501489,29.501489,1,0.03486073290517834,0.61,0.4553863465708977,0.0,0.2880215624762509
141706,44460850.0,44460850.0,6.6,6.6,5.699058,5.699058,1,0.026826158731231686,0.66,0.08796628947286039,0.0,0.22632372138706477
141824,0.0,0.0,4.7,4.7,3.673566,3.673566,1,0.0,0.47000000000000003,0.05670030717501789,0.0,0.1523400614350036
141825,44438988.0,22219494.0,9.8,4.9,39.242343,19.6211715,2,0.02681296794693084,0.49000000000000005,0.3028713862293789,0.05,0.22329946442464815
142007,135680000.0,135680000.0,5.6,5.6,19.819893,19.819893,1,0.08186467907504051,0.5599999999999999,0.30593889916016354,0.0,0.2619336514620489
142013,4105187.0,4105187.0,7.3,7.3,40.285095,40.285095,1,0.002476929660215421,0.73,0.6218446857314119,0.0,0.34435970901036855
142272,348521810.0,174260905.0,11.100000000000001,5.550000000000001,49.484466999999995,24.742233499999998,2,0.21028615953937385,0.555,0.3819213325328716,0.05,0.3319987303223239
142276,348521810.0,174260905.0,11.100000000000001,5.550000000000001,49.484466999999995,24.742233499999998,2,0.21028615953937385,0.555,0.3819213325328716,0.05,0.3319987303223239
142312,232297987.5,232297987.5,6.7,6.7,56.747978,56.747978,1,0.14016067361781598,0.67,0.8759697123666456,0.0,0.43225821192045555
142513,0.0,0.0,5.8,5.8,0.619348,0.619348,1,0.0,0.58,0.009554662599896405,0.0,0.17591093251997927
142587,38085778.0,38085778.0,4.6,4.6,10.410933,10.410933,1,0.022979657969437194,0.45999999999999996,0.16069992670255406,0.0,0.17933184852828568
143079,40492759.0,40492759.0,5.3,5.3,11.807269,11.807269,1,0.024431948116140613,0.53,0.1822541054689181,0.0,0.20522360034023987
143217,108348.0,108348.0,5.0,5.0,4.065212,4.065212,1,6.537348355264217e-05,0.5,0.06274584914853386,0.0,0.16257531922312782
143430,639000.0,639000.0,5.0,5.0,0.072066,0.072066,1,0.00038555078072634796,0.5,0.0011066858495918626,0.0,0.1503755574822089
144221,163466352.0,54488784.0,19.1,6.366666666666667,73.72038,24.57346,3,0.09863001507994994,0.6366666666666667,0.37931610414226585,0.10000000000000002,0.3163152268604332
144277,0.0,0.0,5.5,5.5,3.535789,3.535789,1,0.0,0.55,0.05457354822309418,0.0,0.17591470964461883
144430,0.0,0.0,2.8,2.8,0.319792,0.319792,1,0.0,0.27999999999999997,0.004930644043806076,0.0,0.0849861288087612
144519,17511906.0,17511906.0,7.2,7.2,10.072199,10.072199,1,0.010566086119415364,0.7200000000000001,0.15547114710348509,0.0,0.2513206638684632
144528,0.0,0.0,4.4,4.4,4.118612,4.118612,1,0.0,0.44000000000000006,0.0635701444085027,0.0,0.14471402888170054
145045,0.0,0.0,5.7,5.7,6.679954,6.679954,1,0.0,0.5700000000000001,0.1031076363515568,0.0,0.19162152727031137
145134,0.0,0.0,12.0,6.0,8.194438,4.097219,2,0.0,0.6000000000000001,0.06323991690856799,0.05,0.19764798338171363
145142,52882018.0,52882018.0,5.4,5.4,26.090495,26.090495,1,0.03190720395349732,0.54,0.4027334217397718,0.0,0.2553095659293533
145169,0.0,0.0,5.2,5.2,3.891186,3.891186,1,0.0,0.52,0.06005954190300323,0.0,0.16801190838060065
145304,317000.0,317000.0,6.4,6.4,3.803495,3.803495,1,0.00019126697572809437,0.6400000000000001,0.05870592250895965,0.0,0.2038176912920832
145605,4358000.0,4358000.0,5.0,5.0,0.968865,0.968865,1,0.0026294683918707735,0.5,0.01494989118376394,0.0,0.15404176559350108
146026,0.0,0.0,5.3,5.3,1.284741,1.284741,1,0.0,0.53,0.01982582919009193,0.0,0.1629651658380184
146883,246574.0,246574.0,7.6,7.6,1.170257,1.170257,1,0.00014877433209204775,0.76,0.01805862659566737,0.0,0.2316712350519703
146884,246574.0,246574.0,7.6,7.6,1.170257,1.170257,1,0.00014877433209204775,0.76,0.01805862659566737,0.0,0.2316712350519703
150003,232297987.5,232297987.5,6.8,6.8,47.651878,47.651878,1,0.14016067361781598,0.68,0.7355601222130407,0.0,0.40717629388973453
150347,0.0,0.0,4.7,4.7,0.436148,0.436148,1,0.0,0.47000000000000003,0.00672674328105202,0.0,0.14234534865621043
150641,0.0,0.0,6.3,6.3,3.09159,3.09159,1,0.0,0.63,0.04771678548558678,0.0,0.19854335709711735
151017,0.0,0.0,4.9,4.9,1.077321,1.077321,1,0.0,0.49000000000000005,0.01662404411850513,0.0,0.15032480882370106
151092,0.0,0.0,5.5,5.5,0.039264,0.039264,1,0.0,0.55,0.0006003462781031428,0.0,0.16512006925562064
151175,0.0,0.0,3.8,3.8,1.684948,1.684948,1,0.0,0.38,0.02600352082129692,0.0,0.11920070416425937
151232,0.0,0.0,5.5,5.5,7.712206,7.712206,1,0.0,0.55,0.11904172681397904,0.0,0.1888083453627958
151460,33400000.0,33400000.0,4.6,4.6,0.973582,0.973582,1,0.02015241952466357,0.45999999999999996,0.015022703931727853,0.0,0.14906550859621098
154705,107139399.0,107139399.0,6.7,6.7,39.539045,39.539045,1,0.06464425497809342,0.67,0.6103284782651246,0.0,0.34892339764426233
155531,3964682.0,3964682.0,6.3,6.3,30.952377,30.952377,1,0.002392153740894677,0.63,0.47778260314665916,0.0,0.2855133821256897
155945,0.0,0.0,6.5,6.5,3.637857,3.637857,1,0.0,0.65,0.056149094451455585,0.0,0.20622981889029113
157879,0.0,0.0,6.7,6.7,5.581743,5.581743,1,0.0,0.67,0.08615538688066483,0.0,0.21823107737613298
158480,0.0,0.0,6.0,6.0,0.678475,0.678475,1,0.0,0.6000000000000001,0.010467361211060771,0.0,0.18209347224221217
158835,0.0,0.0,4.0,4.0,0.000372,0.000372,1,0.0,0.4,0.0,0.0,0.12
160942,232297987.5,232297987.5,6.8,6.8,47.651878,47.651878,1,0.14016067361781598,0.68,0.7355601222130407,0.0,0.40717629388973453
161858,38102507.0,12700835.666666666,14.5,4.833333333333333,8.555406,2.8518019999999997,3,0.022989751676809292,0.48333333333333334,0.044015360171028604,0.10000000000000002,0.17299897270492942
161932,23198652.0,23198652.0,7.1,7.1,32.14444,32.14444,1,0.013997274476367533,0.71,0.49618357469130764,0.0,0.31783562472880855
162102,0.0,0.0,3.7,3.7,0.408073,0.408073,1,0.0,0.37000000000000005,0.006293370819935448,0.0,0.1122586741639871
168330,9138338.0,9138338.0,6.6,6.6,9.115486,9.115486,1,0.005513761111801648,0.66,0.14070309483662066,0.0,0.2283461234120448
168349,0.0,0.0,3.7,3.7,1.186971,1.186971,1,0.0,0.37000000000000005,0.01831662792478945,0.0,0.1146633255849579
168798,11417362.0,11417362.0,5.5,5.5,7.487843,7.487843,1,0.006888846373920716,0.55,0.11557840551412159,0.0,0.19087121965239262
170820,179161689.0,89580844.5,10.5,5.25,42.212653,21.1063265,2,0.10810004549327253,0.525,0.3257965964694354,0.05,0.2708993374911961
173607,0.0,0.0,5.5,5.5,2.25453,2.25453,1,0.0,0.55,0.03479572574196298,0.0,0.1719591451483926
177532,1477002.0,1477002.0,6.8,6.8,18.224326,18.224326,1,0.0008911725731367407,0.68,0.2813093426983154,0.0,0.26061833756891783
185438,232297987.5,116148993.75,14.7,7.35,63.573663,31.7868315,2,0.14016067361781598,0.735,0.49066344376481763,0.05,0.37969695820009
185995,0.0,0.0,4.8,4.8,1.501688,1.501688,1,0.0,0.48,0.023174675328003137,0.0,0.1486349350656006
190339,0.0,0.0,3.0,3.0,1.782666,1.782666,1,0.0,0.30000000000000004,0.027511919402076594,0.0,0.09550238388041533
193390,0.0,0.0,5.2,5.2,0.065155,0.065155,1,0.0,0.52,0.0010000059892614395,0.0,0.1562000011978523
194915,0.0,0.0,3.5,3.5,0.783842,0.783842,1,0.0,0.35000000000000003,0.012093831597898523,0.0,0.10741876631957971
196769,0.0,0.0,5.5,5.5,0.023436,0.023436,1,0.0,0.55,0.0003560214583505833,0.0,0.16507120429167013
204325,0.0,0.0,4.2,4.2,1.906151,1.906151,1,0.0,0.42000000000000004,0.02941806360015246,0.0,0.1318836127200305
208113,0.0,0.0,6.7,6.7,19.83683,19.83683,1,0.0,0.67,0.30620034277098923,0.0,0.26224006855419785
208138,0.0,0.0,5.7,5.7,0.857008,0.857008,1,0.0,0.5700000000000001,0.01322323959398241,0.0,0.1736446479187965
210562,0.0,0.0,0.0,0.0,0.004922,0.004922,1,0.0,0.0,7.0234895746408e-05,0.0,1.40469791492816e-05
217174,232297987.5,232297987.5,5.8,5.8,36.952268,36.952268,1,0.14016067361781598,0.58,0.5703983655367275,0.0,0.3441439425544719
217587,11947954.0,11947954.0,5.3,5.3,20.95282,20.95282,1,0.007208987469143179,0.53,0.32342703316748017,0.0,0.22656900162115332
219861,33400000.0,33400000.0,4.6,4.6,0.973582,0.973582,1,0.02015241952466357,0.45999999999999996,0.015022703931727853,0.0,0.14906550859621098
219961,17472.0,17472.0,5.1,5.1,5.145655,5.145655,1,1.0542008201644367e-05,0.51,0.07942382749247591,0.0,0.16888898230177585
220274,0.0,0.0,5.7,5.7,0.54562,0.54562,1,0.0,0.5700000000000001,0.008416579436469774,0.0,0.17268331588729396
221944,0.0,0.0,4.9,4.9,7.207051,7.207051,1,0.0,0.49000000000000005,0.11124403258084128,0.0,0.16924880651616828
222098,0.0,0.0,7.0,7.0,0.108135,0.108135,1,0.0,0.7000000000000001,0.0016634556198505857,0.0,0.21033269112397013
222470,35387212.0,35387212.0,6.0,6.0,17.971883,17.971883,1,0.021351435390185896,0.6000000000000001,0.27741257175613726,0.0,0.24402308850730184
223098,3387000.0,3387000.0,4.9,4.9,12.564554,12.564554,1,0.0020436001476058538,0.49000000000000005,0.19394373910085622,0.0,0.1866061878792136
223516,21107746.0,21107746.0,6.8,6.8,12.471239,12.471239,1,0.012735693191977227,0.68,0.19250330628842194,0.0,0.2475949385344753
223909,111731.0,111731.0,5.9,5.9,2.559806,2.559806,1,6.74146702368319e-05,0.5900000000000001,0.03950803959556308,0.0,0.18492857378720737
225556,62348079.0,31174039.5,11.8,5.9,7.19064,3.59532,2,0.03761870193307984,0.5900000000000001,0.0554924830755512,0.05,0.20814597738834217
225887,0.0,0.0,7.3,7.3,6.368933,6.368933,1,0.0,0.73,0.09830664129442634,0.0,0.23866132825888528
225898,0.0,0.0,6.4,6.4,1.946634,1.946634,1,0.0,0.6400000000000001,0.03004296893740561,0.0,0.19800859378748115
226089,232001746.0,116000873.0,12.0,6.0,78.034323,39.0171615,2,0.13998193161216882,0.6000000000000001,0.6022725588773727,0.05,0.36144728442034213
226599,83320000.0,83320000.0,7.2,7.2,32.875469,32.875469,1,0.05027244295793319,0.7200000000000001,0.5074679143841869,0.0,0.3376025600600107
227438,14460000.0,14460000.0,6.8,6.8,19.143721,19.143721,1,0.008724670249300456,0.68,0.2955013453301327,0.0,0.26659013716574675
227439,14460000.0,14460000.0,6.8,6.8,19.143721,19.143721,1,0.008724670249300456,0.68,0.2955013453301327,0.0,0.26659013716574675
227936,0.0,0.0,5.9,5.9,7.453347,7.453347,1,0.0,0.5900000000000001,0.11504591695067806,0.0,0.20000918339013563
227945,0.0,0.0,5.7,5.7,0.153625,0.153625,1,0.0,0.5700000000000001,0.002365650214906432,0.0,0.1714731300429813
228041,0.0,0.0,5.2,5.2,2.680629,2.680629,1,0.0,0.52,0.0413730925205671,0.0,0.16427461850411343
228177,0.0,0.0,11.0,5.5,8.653137000000001,4.3265685000000005,2,0.0,0.55,0.06678021102329125,0.05,0.18335604220465826
228311,0.0,0.0,4.6,4.6,2.214925,2.214925,1,0.0,0.45999999999999996,0.034184373424152766,0.0,0.14483687468483053
228643,0.0,0.0,7.4,7.4,5.247956,5.247956,1,0.0,0.7400000000000001,0.08100297036494916,0.0,0.23820059407298985
228797,0.0,0.0,13.7,6.85,8.979379000000002,4.489689500000001,2,0.0,0.685,0.06929818606264287,0.05,0.2243596372125286
229097,13960203.0,13960203.0,5.3,5.3,1.20245,1.20245,1,0.008423109805552902,0.53,0.018555565496494647,0.0,0.16608035702152008
229198,3347647.0,3347647.0,6.1,6.1,0.571663,0.571663,1,0.0020198558911521383,0.61,0.008818585456233225,0.0,0.1855716594477075
229374,0.0,0.0,7.2,7.2,0.772668,0.772668,1,0.0,0.7200000000000001,0.011921347042938004,0.0,0.21838426940858763
229568,0.0,0.0,5.9,5.9,31.763201,31.763201,1,0.0,0.5900000000000001,0.4902986776760406,0.0,0.2750597355352081
229931,0.0,0.0,7.7,7.7,12.049373,12.049373,1,0.0,0.77,0.1859912811172232,0.0,0.2681982562234446
230059,8880705.0,8880705.0,3.9,3.9,0.269661,0.269661,1,0.005358314156729862,0.39,0.004156809855088893,0.0,0.11997468763370972
230157,0.0,0.0,3.1,3.1,8.248149,8.248149,1,0.0,0.31000000000000005,0.12731467202958718,0.0,0.11846293440591746
231431,0.0,0.0,6.0,6.0,2.651304,2.651304,1,0.0,0.6000000000000001,0.04092042475842129,0.0,0.1881840849516843
231521,7.0,7.0,8.0,8.0,0.11615,0.11615,1,4.223560978222904e-09,0.8,0.0017871770900500276,0.0,0.24035743710743437
232190,0.0,0.0,0.0,0.0,0.010909,0.010909,1,0.0,0.0,0.0001626516695560222,0.0,3.253033391120444e-05
232216,0.0,0.0,4.6,4.6,0.500753,0.500753,1,0.0,0.45999999999999996,0.007724001619446897,0.0,0.13954480032388936
232858,0.0,0.0,4.3,4.3,11.431434,11.431434,1,0.0,0.43,0.17645262589906066,0.0,0.16429052517981213
232937,51.0,51.0,4.3,4.3,4.480167,4.480167,1,3.0771658555624016e-08,0.43,0.06915119445940215,0.0,0.14283025120054385
233519,0.0,0.0,0.0,0.0,0.047781,0.047781,1,0.0,0.0,0.0007318167411959246,0.0,0.0001463633482391849
234818,31179516.0,31179516.0,4.7,4.7,4.623609,4.623609,1,0.018812655299639526,0.47000000000000003,0.07136539971559035,0.0,0.1627981420629739
235820,67800064.0,67800064.0,5.9,5.9,9.175762,9.175762,1,0.04090824351877364,0.5900000000000001,0.1416335296884911,0.0,0.2216900033452077
237393,0.0,0.0,6.0,6.0,0.027811,0.027811,1,0.0,0.6000000000000001,0.0004235550119528987,0.0,0.1800847110023906
237884,0.0,0.0,6.7,6.7,0.389471,0.389471,1,0.0,0.67,0.006006225868138815,0.0,0.20220124517362778
238220,0.0,0.0,4.9,4.9,7.182761,7.182761,1,0.0,0.49000000000000005,0.11086908629124123,0.0,0.16917381725824826
239418,3076820.0,1538410.0,5.9,2.95,4.885338999999999,2.4426694999999996,2,0.0018564481270022565,0.29500000000000004,0.03769989237235447,0.05,0.10178255772527181
239571,150962475.0,150962475.0,5.9,5.9,41.796339,41.796339,1,0.09108560265513581,0.5900000000000001,0.6451726120583097,0.0,0.34246876347371624
239574,99067206.0,99067206.0,7.5,7.5,9.59729,9.59729,1,0.05977376935473856,0.75,0.14814033741029148,0.0,0.2785375752239537
240150,0.0,0.0,6.7,6.7,5.294319,5.294319,1,0.0,0.67,0.08171864079824381,0.0,0.21734372815964878
240740,0.0,0.0,6.4,6.4,1.631274,1.631274,1,0.0,0.6400000000000001,0.025174996031342482,0.0,0.19703499920626852
258199,0.0,0.0,5.4,5.4,0.593068,0.593068,1,0.0,0.54,0.009148998191057812,0.0,0.16382979963821157
261271,0.0,0.0,5.4,5.4,1.88484,1.88484,1,0.0,0.54,0.029089101871965273,0.0,0.16781782037439305
285452,0.0,0.0,6.4,6.4,0.87066,0.87066,1,0.0,0.6400000000000001,0.01343397515370328,0.0,0.19468679503074068
288712,0.0,0.0,12.3,6.15,1.0035690000000002,0.5017845000000001,2,0.0,0.6150000000000001,0.007739924101856221,0.05,0.19104798482037127
293911,284550402.0,142275201.0,12.399999999999999,6.199999999999999,76.77294499999999,38.386472499999996,2,0.17168799631783435,0.62,0.5925370915887119,0.05,0.3781826168448761
302339,12.0,12.0,4.6,4.6,0.830596,0.830596,1,7.240390248382121e-09,0.45999999999999996,0.012815537601355129,0.0,0.1405631104164271
303056,5284309.0,5284309.0,6.7,6.7,15.699363,15.699363,1,0.0031883716127531565,0.67,0.24233340576017526,0.0,0.25074202979713633
307546,0.0,0.0,6.1,6.1,1.83428,1.83428,1,0.0,0.61,0.028308645535934856,0.0,0.18866172910718698
432629,0.0,0.0,5.3,5.3,10.016909,10.016909,1,0.0,0.53,0.15461767734836007,0.0,0.18992353546967203
437833,125214114.0,41738038.0,19.7,6.566666666666666,23.704825999999997,7.901608666666665,3,0.0755499208304506,0.6566666666666667,0.12196539198923725,0.10000000000000002,0.2616130467300277
439236,0.0,0.0,4.5,4.5,1.759506,1.759506,1,0.0,0.45,0.027154416064606966,0.0,0.1404308832129214
440517,0.0,0.0,5.8,5.8,1.6116,1.6116,1,0.0,0.58,0.02487130342938318,0.0,0.17897426068587663
449832,0.0,0.0,5.7,5.7,1.532518,1.532518,1,0.0,0.5700000000000001,0.02365057463258814,0.0,0.17573011492651763
474199,0.0,0.0,5.3,5.3,1.193219,1.193219,1,0.0,0.53,0.018413073557453967,0.0,0.16268261471149079
527607,3538446.0,3538446.0,6.7,6.7,17.806082,17.806082,1,0.00213497749273556,0.67,0.274853227591379,0.0,0.25682463651537
543568,0.0,0.0,12.8,6.4,55.730181,27.8650905,2,0.0,0.6400000000000001,0.4301265052418695,0.05,0.283025301048374
544748,0.0,0.0,6.5,6.5,2.868942,2.868942,1,0.0,0.65,0.04427993733874145,0.0,0.2038559874677483
545086,0.0,0.0,6.1,6.1,0.177356,0.177356,1,0.0,0.61,0.002731967645886214,0.0,0.18354639352917723
545261,0.0,0.0,5.6,5.6,0.231297,0.231297,1,0.0,0.5599999999999999,0.003564613912140498,0.0,0.16871292278242808
549971,0.0,0.0,7.4,7.4,2.34239,2.34239,1,0.0,0.7400000000000001,0.03615195386070571,0.0,0.22923039077214116
550280,0.0,0.0,7.8,7.8,9.683622,9.683622,1,0.0,0.78,0.14947297895305608,0.0,0.2638945957906112
550681,14870.0,14870.0,6.2,6.2,6.507094,6.507094,1,8.972050249453512e-06,0.6200000000000001,0.10043932776282624,0.0,0.20609145437266507
550857,0.0,0.0,5.0,5.0,2.932784,2.932784,1,0.0,0.5,0.04526541782538808,0.0,0.1590530835650776
550858,330048.0,330048.0,4.5,4.5,0.414754,0.414754,1,0.00019913969339150185,0.45,0.006396500344876492,0.0,0.1363589559463319
551463,44030246.0,22015123.0,12.1,6.05,42.199913,21.0999565,2,0.026566346981022157,0.605,0.3256982676153904,0.05,0.2622661923154869
554946,4865000.0,4865000.0,3.3,3.3,2.141143,2.141143,1,0.002935374879864918,0.33,0.03304545670372167,0.0,0.1067832412926903
554948,0.0,0.0,6.7,6.7,4.930129,4.930129,1,0.0,0.67,0.07609691625277473,0.0,0.21621938325055495
556172,37619829.0,12539943.0,19.8,6.6000000000000005,92.429312,30.809770666666665,3,0.02269852025311691,0.6600000000000001,0.4755812974423857,0.10000000000000002,0.31219566758972395
557179,15179302.0,15179302.0,4.4,4.4,10.605752,10.605752,1,0.009158672514837268,0.44000000000000006,0.16370719970352537,0.0,0.16840490894663998
557818,0.0,0.0,5.9,5.9,1.600797,1.600797,1,0.0,0.5900000000000001,0.02470454571976814,0.0,0.18194090914395364
557883,2295733.0,2295733.0,6.5,6.5,0.616283,0.616283,1,0.001385166902174086,0.65,0.009507350521772725,0.0,0.19745553686522418
558177,6399.0,6399.0,5.1,5.1,8.842722,8.842722,1,3.860938099949766e-06,0.51,0.13649264404467049,0.0,0.18030007318417407
558540,0.0,0.0,0.0,0.0,0.003582,0.003582,1,0.0,0.0,4.9550333043070266e-05,0.0,9.910066608614054e-06
558559,27000000.0,27000000.0,4.3,4.3,1.183892,1.183892,1,0.016290878058859773,0.43,0.01826909973929424,0.0,0.13917017117140276
559968,32230907.0,16115453.5,14.8,7.4,15.298191000000001,7.6490955000000005,2,0.01944702872827592,0.7400000000000001,0.11806753793749471,0.05,0.25839231907880933
561061,126546518.0,126546518.0,5.2,5.2,10.088006,10.088006,1,0.07635384790782604,0.52,0.15571514776218037,0.0,0.21768456871556652
564082,0.0,0.0,5.4,5.4,2.015525,2.015525,1,0.0,0.54,0.03110638700396952,0.0,0.1682212774007939
564083,0.0,0.0,5.4,5.4,2.015525,2.015525,1,0.0,0.54,0.03110638700396952,0.0,0.1682212774007939
565297,118338361.0,118338361.0,6.4,6.4,23.700759,23.700759,1,0.0714013262494936,0.6400000000000001,0.36584488133945575,0.0,0.2937295067676886
566314,0.0,0.0,6.1,6.1,1.034844,1.034844,1,0.0,0.61,0.01596835891705015,0.0,0.18619367178341004
566328,196114570.0,196114570.0,7.0,7.0,26.780961,26.780961,1,0.11832883501613774,0.7000000000000001,0.4133916211961321,0.0,0.3400098582456816
567558,0.0,0.0,7.1,7.1,0.545825,0.545825,1,0.0,0.71,0.008419743865838568,0.0,0.2146839487731677
567559,0.0,0.0,7.1,7.1,0.545825,0.545825,1,0.0,0.71,0.008419743865838568,0.0,0.2146839487731677
568267,0.0,0.0,3.8,3.8,0.219799,0.219799,1,0.0,0.38,0.0033871280151532017,0.0,0.11467742560303062
568822,0.0,0.0,5.5,5.5,0.023681,0.023681,1,0.0,0.55,0.000359803337352313,0.0,0.16507196066747046
582527,0.0,0.0,4.2,4.2,0.160234,0.160234,1,0.0,0.42000000000000004,0.002467668330508192,0.0,0.12649353366610164
582841,0.0,0.0,5.7,5.7,0.065103,0.065103,1,0.0,0.5700000000000001,0.0009992033047386232,0.0,0.17119984066094773
582918,209696.0,209696.0,6.3,6.3,25.30216,25.30216,1,0.00012652340612706145,0.63,0.3905644928302675,0.0,0.26716350792850435
583023,0.0,0.0,6.3,6.3,1.435742,1.435742,1,0.0,0.63,0.0221567169906641,0.0,0.1934313433981328
585161,0.0,0.0,6.6,6.6,3.363973,3.363973,1,0.0,0.66,0.05192135506978323,0.0,0.20838427101395665
585272,113783.0,113783.0,6.7,6.7,3.643608,3.643608,1,6.865277696930524e-05,0.67,0.05623786827243088,0.0,0.2122750347652739
586002,469947.0,469947.0,7.4,7.4,1.041254,1.041254,1,0.0002835499730047027,0.7400000000000001,0.016067305220728054,0.0,0.22532688103334753
586066,0.0,0.0,6.8,6.8,0.049921,0.049921,1,0.0,0.68,0.0007648502965579714,0.0,0.2041529700593116
587519,0.0,0.0,0.0,0.0,0.008263,0.008263,1,0.0,0.0,0.00012180737633734186,0.0,2.4361475267468372e-05
587800,9627492.0,9627492.0,4.5,4.5,6.385234,6.385234,1,0.00580889993276474,0.45,0.09855826745608837,0.0,0.1570352134643236
588701,35134820.0,35134820.0,3.9,3.9,8.981427,8.981427,1,0.02119915067555509,0.39,0.13863372782807828,0.0,0.1532064058358377
589159,0.0,0.0,5.5,5.5,5.754416,5.754416,1,0.0,0.55,0.08882080889236142,0.0,0.1827641617784723
592493,143695338.0,143695338.0,6.2,6.2,31.974359,31.974359,1,0.0867008603327644,0.6200000000000001,0.4935581634158252,0.0,0.31939197681627085
631226,0.0,0.0,2.3,2.3,0.285131,0.285131,1,0.0,0.22999999999999998,0.00439560850062668,0.0,0.06987912170012532
641437,0.0,0.0,6.2,6.2,1.390909,1.390909,1,0.0,0.6200000000000001,0.021464664005829217,0.0,0.19029293280116588
646785,0.0,0.0,6.8,6.8,3.139294,3.139294,1,0.0,0.68,0.048453155917825605,0.0,0.21369063118356513
656971,845188.0,845188.0,7.0,7.0,0.109579,0.109579,1,0.0005099575794374657,0.7000000000000001,0.0016857455515995555,0.0,0.2105411321420949
688807,0.0,0.0,5.2,5.2,1.471139,1.471139,1,0.0,0.52,0.022703113607089508,0.0,0.1605406227214179
836732,3325038.0,3325038.0,6.8,6.8,23.419061,23.419061,1,0.0020062143925583327,0.68,0.3614965231719894,0.0,0.27710179039142124
844266,10429707.0,10429707.0,5.5,5.5,10.274542,10.274542,1,0.006292929071356895,0.55,0.15859456238041156,0.0,0.19923608410462507
909318,15785554.0,7892777.0,12.3,6.15,12.136752,6.068376,2,0.009524464270575782,0.6150000000000001,0.0936671710612718,0.05,0.2120432199204847
928490,141526499.0,70763249.5,10.9,5.45,50.523691,25.2618455,2,0.08539225693727183,0.545,0.38994218849959306,0.05,0.28064534047482737
928915,64110728.0,64110728.0,5.1,5.1,20.304235,20.304235,1,0.03868222415232322,0.51,0.31341531891304414,0.0,0.23115595344353812
929825,66787908.0,33393954.0,14.0,7.0,31.859721,15.9298605,2,0.04029754314942019,0.7000000000000001,0.24589142067936376,0.05,0.28029730139564085
929917,13231461.0,13231461.0,6.4,6.4,14.988746,14.988746,1,0.007983411766354028,0.6400000000000001,0.23136415061498292,0.0,0.24146619482953824
930212,5355847.0,5355847.0,6.8,6.8,1.86221,1.86221,1,0.0032315351992188864,0.68,0.028739779742132036,0.0,0.211040570028114
930627,0.0,0.0,10.7,5.35,2.105775,1.0528875,2,0.0,0.535,0.01624688272834692,0.05,0.1687493765456694
930628,0.0,0.0,5.9,5.9,0.493223,0.493223,1,0.0,0.5900000000000001,0.0076077667260467975,0.0,0.1785215533452094
930629,1243961.0,1243961.0,5.8,5.8,14.238376,14.238376,1,0.000750563591147306,0.58,0.21978125858833847,0.0,0.2182564771541266
930701,0.0,0.0,6.9,6.9,0.388401,0.388401,1,0.0,0.6900000000000001,0.005989709090457791,0.0,0.20819794181809156
930707,4007792.0,4007792.0,6.8,6.8,25.186002,25.186002,1,0.00241816484286199,0.68,0.38877144996870455,0.0,0.2827215559308857
930710,6854611.0,6854611.0,6.8,6.8,25.722747,25.722747,1,0.004135838220071068,0.68,0.397056775049453,0.0,0.28506569029791906
932013,0.0,0.0,5.8,5.8,0.165909,0.165909,1,0.0,0.58,0.00255526899718091,0.0,0.17451105379943618
932088,140470746.0,140470746.0,6.7,6.7,29.775441,29.775441,1,0.08475525162678015,0.67,0.4596151356169461,0.0,0.32682512777410133
932993,0.0,0.0,4.9,4.9,0.001117,0.001117,1,0.0,0.49000000000000005,1.1499999413422845e-05,0.0,0.1470022999998827
933320,0.0,0.0,6.2,6.2,1.419431,1.419431,1,0.0,0.6200000000000001,0.021904936466593847,0.0,0.1903809872933188
933739,2401510.0,1200755.0,12.8,6.4,22.767139,11.3835695,2,0.0014489891321160123,0.6400000000000001,0.1757137779501697,0.05,0.23272235124288038
936154,32204030.0,32204030.0,5.8,5.8,35.232278,35.232278,1,0.019430812064217106,0.58,0.5438481856829113,0.0,0.2905419619622691
937340,23507567.0,23507567.0,5.7,5.7,6.96858,6.96858,1,0.014183663239165778,0.5700000000000001,0.10756293679544751,0.0,0.19818605265475583
937439,0.0,0.0,5.4,5.4,0.015597,0.015597,1,0.0,0.54,0.00023501676653605753,0.0,0.1620470033533072
938649,0.0,0.0,5.2,5.2,1.348114,1.348114,1,0.0,0.52,0.0208040700797924,0.0,0.16016081401595847
938681,32438988.0,32438988.0,4.4,4.4,35.350303,35.350303,1,0.01957257769854872,0.44000000000000006,0.5456700480060914,0.0,0.2489630406806378
938682,32438988.0,32438988.0,4.4,4.4,35.350303,35.350303,1,0.01957257769854872,0.44000000000000006,0.5456700480060914,0.0,0.2489630406806378
939123,30905.0,30905.0,5.3,5.3,5.974156,5.974156,1,1.864702171885412e-05,0.53,0.09221276845089234,0.0,0.17745001249886602
939176,0.0,0.0,4.4,4.4,0.108468,0.108468,1,0.0,0.44000000000000006,0.0016685958880447733,0.0,0.13233371917760897
940807,0.0,0.0,8.1,8.1,1.771584,1.771584,1,0.0,0.81,0.027340854981271825,0.0,0.24846817099625434
942084,1943649.0,1943649.0,5.5,5.5,2.079125,2.079125,1,0.0011727314388231384,0.55,0.032088131920336896,0.0,0.17188671895959665
942251,7.0,7.0,5.2,5.2,0.050456,0.050456,1,4.223560978222904e-09,0.52,0.0007731086853984831,0.0,0.15615462342650407
944713,33082548.0,33082548.0,5.3,5.3,1.714972,1.714972,1,0.019960879827569455,0.53,0.026466978515778276,0.0,0.17227774763418344
948217,0.0,0.0,0.0,0.0,0.045648,0.045648,1,0.0,0.0,0.0006988912395196414,0.0,0.00013977824790392828
968303,104945765.0,104945765.0,5.6,5.6,23.661071,23.661071,1,0.06332069112625015,0.5599999999999999,0.36523224781365715,0.0,0.2663747260132315
968998,0.0,0.0,6.4,6.4,1.589693,1.589693,1,0.0,0.6400000000000001,0.024533141701665255,0.0,0.1969066283403331
971918,0.0,0.0,5.0,5.0,5.065752,5.065752,1,0.0,0.5,0.07819042554196487,0.0,0.16563808510839298
985146,0.0,0.0,4.1,4.1,0.65434,0.65434,1,0.0,0.41,0.010094807538788341,0.0,0.12501896150775765
989831,0.0,0.0,6.2,6.2,1.286991,1.286991,1,0.0,0.6200000000000001,0.019860560731944553,0.0,0.18997211214638893
991853,0.0,0.0,6.0,6.0,0.35819,0.35819,1,0.0,0.6000000000000001,0.005523364818942465,0.0,0.18110467296378852
991868,43528634.0,43528634.0,6.8,6.8,40.28709,40.28709,1,0.026263691428249535,0.68,0.6218754810318545,0.0,0.33888057277767075
996070,0.0,0.0,4.6,4.6,1.271621,1.271621,1,0.0,0.45999999999999996,0.019623305710489102,0.0,0.1419246611420978
997560,0.0,0.0,6.3,6.3,1.929883,1.929883,1,0.0,0.63,0.029784396467373065,0.0,0.1949568792934746
998842,0.0,0.0,5.6,5.6,5.20209,5.20209,1,0.0,0.5599999999999999,0.08029497174334373,0.0,0.18405899434866874
999812,18112929.0,18112929.0,4.9,4.9,20.649145,20.649145,1,0.010928722875103143,0.49000000000000005,0.31873943273543837,0.0,0.21511937569712897
1002001,0.0,0.0,7.4,7.4,0.71087,0.71087,1,0.0,0.7400000000000001,0.010967418232534372,0.0,0.2241934836465069
1004172,0.0,0.0,5.5,5.5,8.516229,8.516229,1,0.0,0.55,0.1314528194695206,0.0,0.19129056389390414
1006810,12400000.0,12400000.0,5.1,5.1,5.33861,5.33861,1,0.007481736589994859,0.51,0.08240232734055243,0.0,0.17247316010410843
1009253,0.0,0.0,4.5,4.5,0.838957,0.838957,1,0.0,0.45,0.012944600010879461,0.0,0.1375889200021759
1009255,0.0,0.0,4.2,4.2,3.545991,3.545991,1,0.0,0.42000000000000004,0.054731028751974366,0.0,0.13694620575039487
1011158,77944725.0,77944725.0,6.2,6.2,23.663713,23.663713,1,0.04702918556690217,0.6200000000000001,0.36527303036191255,0.0,0.2778662802991434
1012105,0.0,0.0,7.6,7.6,1.233688,1.233688,1,0.0,0.76,0.01903776278733559,0.0,0.2318075525574671
1018660,0.0,0.0,3.9,3.9,1.002585,1.002585,1,0.0,0.39,0.01547040122432853,0.0,0.1200940802448657
1018699,0.0,0.0,5.0,5.0,0.21544,0.21544,1,0.0,0.5,0.0033198414414040605,0.0,0.1506639682882808
1018728,0.0,0.0,7.8,7.8,0.038706,0.038706,1,0.0,0.78,0.0005917328557236932,0.0,0.23411834657114472
1019303,5659286.0,5659286.0,7.0,7.0,21.024346,21.024346,1,0.003414619930600455,0.7000000000000001,0.32453112572861376,0.0,0.276272073117963
1023720,0.0,0.0,4.7,4.7,0.341461,0.341461,1,0.0,0.47000000000000003,0.005265131946208035,0.0,0.1420530263892416
1024216,1632.0,1632.0,6.1,6.1,0.143784,0.143784,1,9.846930737799685e-07,0.61,0.0022137421689634863,0.0,0.18344314231102218
1024823,232297987.5,232297987.5,4.6,4.6,21.638673,21.638673,1,0.14016067361781598,0.45999999999999996,0.3340140252449222,0.0,0.2608670744961108
1027017,32726956.0,32726956.0,6.5,6.5,8.410688,8.410688,1,0.019746327756802563,0.65,0.12982366317677957,0.0,0.22886326373807694
1027018,32726956.0,32726956.0,6.5,6.5,8.410688,8.410688,1,0.019746327756802563,0.65,0.12982366317677957,0.0,0.22886326373807694
1027145,0.0,0.0,6.2,6.2,1.390909,1.390909,1,0.0,0.6200000000000001,0.021464664005829217,0.0,0.19029293280116588
1027737,109862682.0,109862682.0,6.1,6.1,15.341196,15.341196,1,0.06628739095115883,0.61,0.23680465369318543,0.0,0.2568758871191006
1027738,109862682.0,109862682.0,6.1,6.1,15.341196,15.341196,1,0.06628739095115883,0.61,0.23680465369318543,0.0,0.2568758871191006
1030160,0.0,0.0,6.5,6.5,1.972668,1.972668,1,0.0,0.65,0.030444836031001652,0.0,0.20108896720620034
1031144,0.0,0.0,6.6,6.6,0.76368,0.76368,1,0.0,0.66,0.011782606110417407,0.0,0.2003565212220835
1031972,0.0,0.0,6.6,6.6,0.209475,0.209475,1,0.0,0.66,0.0032277642648925607,0.0,0.19864555285297852
1039527,36433975.0,36433975.0,4.4,4.4,14.741589,14.741589,1,0.021983016441649832,0.44000000000000006,0.22754897564179719,0.0,0.1863030017050194
1039544,0.0,0.0,3.7,3.7,0.982624,0.982624,1,0.0,0.37000000000000005,0.015162278421252914,0.0,0.1140324556842506
1040955,0.0,0.0,4.9,4.9,5.346205,5.346205,1,0.0,0.49000000000000005,0.08251956558960605,0.0,0.16350391311792123
1043404,0.0,0.0,7.0,7.0,0.008453,0.008453,1,0.0,0.7000000000000001,0.0001247402620937853,0.0,0.21002494805241878
1044250,0.0,0.0,5.7,5.7,7.717237,7.717237,1,0.0,0.5700000000000001,0.11911938654156148,0.0,0.1948238773083123
1044256,0.0,0.0,7.4,7.4,7.676677,7.676677,1,0.0,0.7400000000000001,0.11849329261376493,0.0,0.24569865852275302
1044257,0.0,0.0,7.4,7.4,7.676677,7.676677,1,0.0,0.7400000000000001,0.11849329261376493,0.0,0.24569865852275302
1045480,1046166.0,1046166.0,4.5,4.5,2.009597,2.009597,1,0.0006312208420490775,0.45,0.031014880968368484,0.0,0.14145546453049332
1046127,0.0,0.0,5.6,5.6,5.759493,5.759493,1,0.0,0.5599999999999999,0.08889917868702175,0.0,0.18577983573740434
1046142,16549477.0,16549477.0,5.9,5.9,8.237336,8.237336,1,0.00998538932388535,0.5900000000000001,0.12714775995756392,0.0,0.20642370772106694
1046494,232297987.5,232297987.5,6.4,6.4,41.247402,41.247402,1,0.14016067361781598,0.6400000000000001,0.6366990883294424,0.0,0.37540408711301493
1046935,0.0,0.0,7.3,7.3,0.025211,0.025211,1,0.0,0.73,0.00038342078581209415,0.0,0.21907668415716242
1051654,0.0,0.0,3.8,3.8,1.684948,1.684948,1,0.0,0.38,0.02600352082129692,0.0,0.11920070416425937
1053020,2025032.0,2025032.0,8.0,8.0,2.639106,2.639106,1,0.001221835162121812,0.8,0.04073213349285762,0.0,0.24863516076342024
1056121,17385830.0,17385830.0,7.3,7.3,20.967146,20.967146,1,0.010490016166002444,0.73,0.32364817275351604,0.0,0.28792564101710416
1058138,0.0,0.0,3.1,3.1,2.144354,2.144354,1,0.0,0.31000000000000005,0.03309502247300556,0.0,0.09961900449460112
1058257,0.0,0.0,5.5,5.5,0.631571,0.631571,1,0.0,0.55,0.009743339771480656,0.0,0.16694866795429614
1062805,229094.0,229094.0,6.6,6.6,14.936661,14.936661,1,0.00013822749696357114,0.66,0.23056015401169683,0.0,0.2441673218011248
1062889,0.0,0.0,5.6,5.6,2.952932,2.952932,1,0.0,0.5599999999999999,0.04557642720549767,0.0,0.17711528544109953
1066308,0.0,0.0,3.5,3.5,1.600171,1.600171,1,0.0,0.35000000000000003,0.0246948826330127,0.0,0.10993897652660255
1070340,0.0,0.0,3.5,3.5,0.174311,0.174311,1,0.0,0.35000000000000003,0.002684964292579002,0.0,0.10553699285851581
1070682,0.0,0.0,0.0,0.0,0.080105,0.080105,1,0.0,0.0,0.0012307777895710656,0.0,0.0002461555579142131
1081445,0.0,0.0,5.7,5.7,11.753553,11.753553,1,0.0,0.5700000000000001,0.18142493235684906,0.0,0.20728498647136984
1082114,0.0,0.0,5.5,5.5,1.374409,1.374409,1,0.0,0.55,0.021209966032243344,0.0,0.16924199320644867
1085904,0.0,0.0,5.8,5.8,10.639774,10.639774,1,0.0,0.58,0.1642323714888186,0.0,0.2068464742977637
1085923,0.0,0.0,6.5,6.5,2.828303,2.828303,1,0.0,0.65,0.04365262394791985,0.0,0.20373052478958398
1088096,0.0,0.0,5.4,5.4,5.0005,5.0005,1,0.0,0.54,0.07718317995575726,0.0,0.17743663599115145
1088647,3566225.0,3566225.0,5.5,5.5,15.017068,15.017068,1,0.0021517383927947106,0.55,0.23180133582758286,0.0,0.21222096252263448
1092607,8109160.0,8109160.0,7.6,7.6,11.103202,11.103202,1,0.004892790248880863,0.76,0.17138595770111892,0.0,0.2642343076397761
1098107,0.0,0.0,5.3,5.3,14.182301,14.182301,1,0.0,0.53,0.2189156713841671,0.0,0.20278313427683342
1098477,74597643.0,74597643.0,5.7,5.7,18.14218,18.14218,1,0.04500967057745756,0.5700000000000001,0.2800413172596375,0.0,0.24501213168291053
1099862,32248241.0,32248241.0,6.4,6.4,32.940597,32.940597,1,0.019457487471989707,0.6400000000000001,0.5084732458765323,0.0,0.3014776441641024
1100753,0.0,0.0,5.6,5.6,4.596157,4.596157,1,0.0,0.5599999999999999,0.07094164403250675,0.0,0.18218832880650132
1101410,277597987.5,138798993.75,11.5,5.75,57.245118,28.622559,2,0.1674931468054585,0.5750000000000001,0.44181897142399873,0.05,0.33286105300698315
1102620,0.0,0.0,5.5,5.5,2.204138,2.204138,1,0.0,0.55,0.034017862694390895,0.0,0.17180357253887818
1108711,0.0,0.0,5.8,5.8,3.068463,3.068463,1,0.0,0.58,0.04735979154406432,0.0,0.18347195830881285
1109245,0.0,0.0,2.8,2.8,0.319792,0.319792,1,0.0,0.27999999999999997,0.004930644043806076,0.0,0.0849861288087612
1110059,0.0,0.0,4.8,4.8,0.283059,0.283059,1,0.0,0.48,0.0043636246096406235,0.0,0.14487272492192813
1110102,81306482.0,27102160.666666668,15.100000000000001,5.033333333333334,52.038038,17.346012666666667,3,0.049057554950254705,0.5033333333333334,0.26775148656659087,0.10000000000000002,0.23417331929342008
1110343,7808524.0,7808524.0,8.0,8.0,1.314576,1.314576,1,0.004711396751988146,0.8,0.020286369435057666,0.0,0.24594183258780677
1111709,111300.0,111300.0,6.9,6.9,0.126676,0.126676,1,6.715461955374417e-05,0.6900000000000001,0.0019496589609569927,0.0,0.20741679364001292
1111710,111300.0,111300.0,6.9,6.9,0.126676,0.126676,1,6.715461955374417e-05,0.6900000000000001,0.0019496589609569927,0.0,0.20741679364001292
1113116,146497771.0,146497771.0,6.0,6.0,47.455148,47.455148,1,0.08839175271317642,0.6000000000000001,0.7325233505558559,0.0,0.3618613711964418
1115066,0.0,0.0,7.1,7.1,0.425195,0.425195,1,0.0,0.71,0.0065576701353134694,0.0,0.21431153402706268
1117026,4235151.0,4235151.0,7.3,7.3,14.017809,14.017809,1,0.0025553455000688154,0.73,0.2163765332586466,0.0,0.2632974448517569
1122434,0.0,0.0,6.2,6.2,0.429083,0.429083,1,0.0,0.6200000000000001,0.006617686239634795,0.0,0.187323537247927
1124971,0.0,0.0,0.0,0.0,0.007254,0.007254,1,0.0,0.0,0.00010623220934654502,0.0,2.1246441869309005e-05
1128550,0.0,0.0,4.3,4.3,0.489271,0.489271,1,0.0,0.43,0.007546762702312775,0.0,0.13050935254046256
1137903,0.0,0.0,7.2,7.2,1.950959,1.950959,1,0.0,0.7200000000000001,0.03010973067896676,0.0,0.22202194613579337
1139506,0.0,0.0,7.3,7.3,0.025211,0.025211,1,0.0,0.73,0.00038342078581209415,0.0,0.21907668415716242
1140160,0.0,0.0,4.8,4.8,1.352222,1.352222,1,0.0,0.48,0.02086748215709487,0.0,0.14817349643141897
1141683,54837234.0,54837234.0,7.1,7.1,43.791745,43.791745,1,0.03308691452515404,0.71,0.6759741796147397,0.0,0.36142960173300953
1144092,0.0,0.0,6.0,6.0,0.833937,0.833937,1,0.0,0.6000000000000001,0.012867110081946064,0.0,0.18257342201638924
1148217,0.0,0.0,5.6,5.6,0.217538,0.217538,1,0.0,0.5599999999999999,0.003352226674651525,0.0,0.16867044533493028
1149038,0.0,0.0,4.8,4.8,2.503612,2.503612,1,0.0,0.48,0.03864061547873371,0.0,0.15172812309574674
1150712,0.0,0.0,5.0,5.0,0.175885,0.175885,1,0.0,0.5,0.002709260935635013,0.0,0.15054185218712698
1150877,12400000.0,12400000.0,5.1,5.1,5.33861,5.33861,1,0.007481736589994859,0.51,0.08240232734055243,0.0,0.17247316010410843
1152981,108255770.0,108255770.0,6.6,6.6,30.656345,30.656345,1,0.06531783511992481,0.66,0.47321298190323047,0.0,0.318769730428616
1155992,0.0,0.0,7.7,7.7,0.166655,0.166655,1,0.0,0.77,0.002566784432835156,0.0,0.23151335688656702
1156260,0.0,0.0,6.0,6.0,2.160586,2.160586,1,0.0,0.6000000000000001,0.03334558353405077,0.0,0.18666911670681016
1158156,104945765.0,104945765.0,5.6,5.6,23.661071,23.661071,1,0.06332069112625015,0.5599999999999999,0.36523224781365715,0.0,0.2663747260132315
1158417,0.0,0.0,4.8,4.8,1.998826,1.998826,1,0.0,0.48,0.030848617218459794,0.0,0.15016972344369195
1161761,0.0,0.0,5.0,5.0,0.069244,0.069244,1,0.0,0.5,0.0010631247779882662,0.0,0.15021262495559765
1162816,0.0,0.0,7.2,7.2,2.557258,2.557258,1,0.0,0.7200000000000001,0.03946870805394509,0.0,0.22389374161078904
1164825,0.0,0.0,0.0,0.0,0.006069,0.006069,1,0.0,0.0,8.794026397083217e-05,0.0,1.7588052794166437e-05
1168852,0.0,0.0,5.0,5.0,0.048726,0.048726,1,0.0,0.5,0.0007464039887740247,0.0,0.1501492807977548
1169157,0.0,0.0,4.2,4.2,1.105357,1.105357,1,0.0,0.42000000000000004,0.01705681456622959,0.0,0.12941136291324593
1171387,0.0,0.0,0.0,0.0,0.166513,0.166513,1,0.0,0.0,0.0025645924866382354,0.0,0.0005129184973276471
1172908,0.0,0.0,5.3,5.3,0.719996,0.719996,1,0.0,0.53,0.011108289366288595,0.0,0.16122165787325773
1174031,20659423.0,20659423.0,6.8,6.8,3.656491,3.656491,1,0.01246519040220011,0.68,0.05643673336295856,0.0,0.22027342283347176
1174437,0.0,0.0,7.5,7.5,0.022173,0.022173,1,0.0,0.75,0.0003365254861906463,0.0,0.2250673050972381
1174438,0.0,0.0,7.5,7.5,0.022173,0.022173,1,0.0,0.75,0.0003365254861906463,0.0,0.2250673050972381
1179590,5496951.0,5496951.0,6.1,6.1,28.060472,28.060472,1,0.0033166725346861956,0.61,0.433142461128304,0.0,0.2709551612395353
1182832,0.0,0.0,7.2,7.2,1.883947,1.883947,1,0.0,0.7200000000000001,0.02907531730890999,0.0,0.22181506346178204
1184351,0.0,0.0,3.4,3.4,0.397323,0.397323,1,0.0,0.34,0.006127431231084044,0.0,0.10322548624621682
1184450,0.0,0.0,6.4,6.4,0.020168,0.020168,1,0.0,0.6400000000000001,0.0003055758233397566,0.0,0.19206111516466798
1187357,0.0,0.0,6.0,6.0,0.145014,0.145014,1,0.0,0.6000000000000001,0.0022327287451762517,0.0,0.18044654574903526
1187609,0.0,0.0,4.2,4.2,1.959405,1.959405,1,0.0,0.42000000000000004,0.030240105168961078,0.0,0.1320480210337922
1188585,0.0,0.0,3.5,3.5,3.418372,3.418372,1,0.0,0.35000000000000003,0.052761071134334626,0.0,0.11555221422686693
1191051,0.0,0.0,5.7,5.7,7.310879,7.310879,1,0.0,0.5700000000000001,0.11284674659305184,0.0,0.1935693493186104
1192754,50363790.0,50363790.0,7.0,7.0,35.120736,35.120736,1,0.030387791165630413,0.7000000000000001,0.5421263965089891,0.0,0.33058039576805
1193602,0.0,0.0,6.4,6.4,16.570708,16.570708,1,0.0,0.6400000000000001,0.25578369702042886,0.0,0.2431567394040858
1194681,0.0,0.0,5.9,5.9,0.493223,0.493223,1,0.0,0.5900000000000001,0.0076077667260467975,0.0,0.1785215533452094
1196522,0.0,0.0,6.6,6.6,0.973323,0.973323,1,0.0,0.66,0.015018705945354597,0.0,0.20100374118907094
1199049,27187375.0,27187375.0,5.8,5.8,6.459787,6.459787,1,0.016403933735758987,0.58,0.0997090855181943,0.0,0.20050339059794242
1200528,0.0,0.0,5.7,5.7,1.473405,1.473405,1,0.0,0.5700000000000001,0.022738092128795302,0.0,0.17554761842575908
1201090,0.0,0.0,8.0,8.0,0.06104,0.06104,1,0.0,0.8,0.0009364858582732045,0.0,0.24018729717165463
1205756,26288320.0,26288320.0,6.6,6.6,18.815442,18.815442,1,0.01586147464786239,0.66,0.29043395162887226,0.0,0.2624313801849194
1210747,4037782.0,4037782.0,7.3,7.3,1.876621,1.876621,1,0.0024362597848244048,0.73,0.02896223140863786,0.0,0.22576695019565732
1211000,26049082.0,26049082.0,6.1,6.1,37.821106,37.821106,1,0.01571712660767552,0.61,0.5838099581412369,0.0,0.3060488422713176
1214860,6126237.0,6126237.0,6.3,6.3,1.118511,1.118511,1,0.0036963622195064784,0.63,0.017259862878020418,0.0,0.19393051746340667
1216147,50365377.0,50365377.0,5.9,5.9,12.29603,12.29603,1,0.030388748707240763,0.5900000000000001,0.18979873796999724,0.0,0.2271152470768958
1216735,16605763.0,16605763.0,5.8,5.8,9.149089,9.149089,1,0.010019350374345386,0.58,0.1412217988370089,0.0,0.2062520999171399
1219158,0.0,0.0,7.0,7.0,1.444476,1.444476,1,0.0,0.7000000000000001,0.022291537118015556,0.0,0.21445830742360314
1219210,0.0,0.0,5.4,5.4,3.313257,3.313257,1,0.0,0.54,0.05113849068018437,0.0,0.1722276981360369
1219769,0.0,0.0,5.8,5.8,4.389363,4.389363,1,0.0,0.58,0.06774952204767538,0.0,0.18754990440953506
1223175,23006849.0,11503424.5,11.899999999999999,5.949999999999999,26.612993,13.3064965,2,0.013881547095466662,0.595,0.20539654220796158,0.05,0.230131927279779
1232592,0.0,0.0,6.6,6.6,2.304552,2.304552,1,0.0,0.66,0.035567877380430414,0.0,0.20511357547608608
1236679,104384188.0,104384188.0,6.2,6.2,47.753598,47.753598,1,0.0629818547400405,0.6200000000000001,0.7371302966295955,0.0,0.35861880122193535
1253596,0.0,0.0,0.0,0.0,0.050625,0.050625,1,0.0,0.0,0.0007757174100976355,0.0,0.0001551434820195271
1257827,11122090.0,11122090.0,6.3,6.3,28.819424,28.819424,1,0.0067106893314690256,0.63,0.44485782697369475,0.0,0.28065584112732656
1262197,0.0,0.0,5.5,5.5,18.568021,18.568021,1,0.0,0.55,0.2866147014881092,0.0,0.22232294029762184
1262481,232297987.5,232297987.5,6.7,6.7,56.747978,56.747978,1,0.14016067361781598,0.67,0.8759697123666456,0.0,0.43225821192045555
1263110,0.0,0.0,9.2,4.6,0.209727,0.1048635,2,0.0,0.45999999999999996,0.001612955957996877,0.05,0.14332259119159937
1263945,0.0,0.0,0.0,0.0,0.056459,0.056459,1,0.0,0.0,0.0008657724390612716,0.0,0.00017315448781225434
1265056,97437106.0,97437106.0,7.3,7.3,34.890999,34.890999,1,0.05879022267608126,0.73,0.5385801208509468,0.0,0.35023211324062187
1271492,0.0,0.0,3.0,3.0,0.68822,0.68822,1,0.0,0.30000000000000004,0.010617787377884672,0.0,0.09212355747557695
1272994,32438988.0,32438988.0,4.4,4.4,35.350303,35.350303,1,0.01957257769854872,0.44000000000000006,0.5456700480060914,0.0,0.2489630406806378
1275019,0.0,0.0,0.5,0.5,0.485405,0.485405,1,0.0,0.05,0.007487086195289563,0.0,0.016497417239057913
1280031,0.0,0.0,4.1,4.1,0.926084,0.926084,1,0.0,0.41,0.014289513365098648,0.0,0.12585790267301972
1280037,32251.0,32251.0,5.5,5.5,6.349218,6.349218,1,1.9459152158380982e-05,0.55,0.09800231580659327,0.0,0.18460824682218202
1281387,232297987.5,232297987.5,5.9,5.9,45.720894,45.720894,1,0.14016067361781598,0.5900000000000001,0.7057529881629347,0.0,0.37421486707971335
1283831,0.0,0.0,3.6,3.6,1.913302,1.913302,1,0.0,0.36000000000000004,0.029528448158280495,0.0,0.1139056896316561
1284099,3123963.0,3123963.0,6.7,6.7,10.12895,10.12895,1,0.0018848926034588796,0.67,0.15634716920645308,0.0,0.2330233908826742
1284493,78874843.0,78874843.0,7.3,7.3,31.162838,31.162838,1,0.04759038700832256,0.73,0.4810313298265899,0.0,0.334242420768647
1288700,0.0,0.0,6.2,6.2,1.5846,1.5846,1,0.0,0.6200000000000001,0.02445452492715175,0.0,0.19089090498543038
1288774,0.0,0.0,0.0,0.0,0.015189,0.015189,1,0.0,0.0,0.0002287187802801159,0.0,4.574375605602318e-05
1288796,0.0,0.0,6.5,6.5,10.322858,10.322858,1,0.0,0.65,0.1593403797920343,0.0,0.22686807595840686
1289580,0.0,0.0,5.0,5.0,0.077577,0.077577,1,0.0,0.5,0.0011917549727695448,0.0,0.1502383509945539
1290942,0.0,0.0,4.9,4.9,4.270489,4.270489,1,0.0,0.49000000000000005,0.06591455435603616,0.0,0.16018291087120726
1291685,0.0,0.0,6.5,6.5,1.413934,1.413934,1,0.0,0.65,0.02182008345078769,0.0,0.19936401669015755
1299380,100000000.0,100000000.0,6.5,6.5,49.070321,49.070321,1,0.06033658540318434,0.65,0.7574555499552873,0.0,0.3706257441523312
1300274,40055439.0,40055439.0,4.8,4.8,19.865989,19.865989,1,0.024168084160855408,0.48,0.30665044811715836,0.0,0.21499732328777382
1301700,0.0,0.0,6.8,6.8,1.905197,1.905197,1,0.0,0.68,0.02940333742640695,0.0,0.2098806674852814
1302082,44107032.0,44107032.0,6.3,6.3,48.170508,48.170508,1,0.026612677031489847,0.63,0.7435658197912736,0.0,0.34835823477085065
1310498,0.0,0.0,2.0,2.0,0.332679,0.332679,1,0.0,0.2,0.005129570879297055,0.0,0.06102591417585941
1310518,0.0,0.0,6.1,6.1,13.222268,13.222268,1,0.0,0.61,0.204096370797769,0.0,0.2238192741595538
1311595,32204030.0,32204030.0,5.8,5.8,35.232278,35.232278,1,0.019430812064217106,0.58,0.5438481856829113,0.0,0.2905419619622691
1314011,0.0,0.0,0.0,0.0,0.002388,0.002388,1,0.0,0.0,3.111946149994693e-05,0.0,6.223892299989387e-06
1318092,0.0,0.0,3.6,3.6,0.809588,0.809588,1,0.0,0.36000000000000004,0.012491253054137428,0.0,0.11049825061082749
1321304,0.0,0.0,5.0,5.0,0.053755,0.053755,1,0.0,0.5,0.0008240328438748347,0.0,0.15016480656877496
1324172,0.0,0.0,6.3,6.3,12.867326,12.867326,1,0.0,0.63,0.19861740060743457,0.0,0.2287234801214869
1330498,0.0,0.0,6.5,6.5,1.045623,1.045623,1,0.0,0.65,0.01613474615688543,0.0,0.1982269492313771
1330499,0.0,0.0,6.5,6.5,1.045623,1.045623,1,0.0,0.65,0.01613474615688543,0.0,0.1982269492313771
1341629,0.0,0.0,7.4,7.4,0.795698,0.795698,1,0.0,0.7400000000000001,0.012276843669100592,0.0,0.22445536873382016
1343876,0.0,0.0,0.0,0.0,0.015697,0.015697,1,0.0,0.0,0.00023656039061839616,0.0,4.7312078123679235e-05
1343882,846704.0,846704.0,3.9,3.9,1.731035,1.731035,1,0.0005108722820721779,0.39,0.026714930852124334,0.0,0.12254733508325373
1346215,0.0,0.0,4.6,4.6,3.215465,3.215465,1,0.0,0.45999999999999996,0.04962894981758376,0.0,0.14792578996351674
1349420,444575.0,444575.0,7.5,7.5,8.887411,8.887411,1,0.0002682413745562068,0.75,0.1371824742108268,0.0,0.2525437913919878
1352997,0.0,0.0,5.3,5.3,0.371337,0.371337,1,0.0,0.53,0.005726305077047526,0.0,0.16014526101540952
1354171,187112.0,187112.0,5.2,5.2,40.016306,40.016306,1,0.00011289699167960628,0.52,0.6176955939967347,0.0,0.2795842775960188
1354959,0.0,0.0,7.5,7.5,3.467923,3.467923,1,0.0,0.75,0.053525952303374244,0.0,0.23570519046067484
1360240,0.0,0.0,0.0,0.0,0.327794,0.327794,1,0.0,0.0,0.005054164842874812,0.0,0.0010108329685749626
1360439,0.0,0.0,3.5,3.5,0.595809,0.595809,1,0.0,0.35000000000000003,0.009191308927154713,0.0,0.10683826178543095
1365766,0.0,0.0,3.0,3.0,0.999655,0.999655,1,0.0,0.30000000000000004,0.015425173038716005,0.0,0.09308503460774321
1366270,0.0,0.0,6.4,6.4,0.176377,0.176377,1,0.0,0.6400000000000001,0.0027168555661201185,0.0,0.19254337111322406
1372345,0.0,0.0,0.0,0.0,0.077873,0.077873,1,0.0,0.0,0.0011963241000532672,0.0,0.00023926482001065345
1375066,0.0,0.0,6.1,6.1,13.222268,13.222268,1,0.0,0.61,0.204096370797769,0.0,0.2238192741595538
1375201,65595359.0,32797679.5,11.2,5.6,46.946695000000005,23.473347500000003,2,0.03957799980356037,0.5599999999999999,0.3623345026594482,0.05,0.2612981004533138
1375378,0.0,0.0,6.8,6.8,0.077876,0.077876,1,0.0,0.68,0.0011963704087757374,0.0,0.20423927408175516
1375627,0.0,0.0,0.0,0.0,0.254659,0.254659,1,0.0,0.0,0.003925235370256451,0.0,0.0007850470740512904
1378892,0.0,0.0,4.4,4.4,1.187764,1.187764,1,0.0,0.44000000000000006,0.018328868863762393,0.0,0.1356657737727525
1380244,0.0,0.0,6.0,6.0,0.061248,0.061248,1,0.0,0.6000000000000001,0.0009396965963644688,0.0,0.1801879393192729
1384771,10508.0,10508.0,0.0,0.0,0.578798,0.578798,1,6.340168394166611e-06,0.0,0.008928723034508087,0.0,0.001788280674259284
1385666,0.0,0.0,5.4,5.4,2.025701,2.025701,1,0.0,0.54,0.031263466190588306,0.0,0.16825269323811767
1387618,0.0,0.0,5.8,5.8,1.799504,1.799504,1,0.0,0.58,0.027771834825060772,0.0,0.17955436696501215
1388653,0.0,0.0,4.1,4.1,0.803761,0.803761,1,0.0,0.41,0.012401306078859555,0.0,0.12548026121577188
1393858,0.0,0.0,3.5,3.5,2.394613,2.394613,1,0.0,0.35000000000000003,0.036958080665225414,0.0,0.11239161613304509
1395853,0.0,0.0,6.5,6.5,1.413934,1.413934,1,0.0,0.65,0.02182008345078769,0.0,0.19936401669015755
1398500,0.0,0.0,6.0,6.0,0.029757,0.029757,1,0.0,0.6000000000000001,0.0004535939365952086,0.0,0.18009071878731905
1401541,42664410.0,42664410.0,4.9,4.9,18.045782,18.045782,1,0.02574224817641472,0.49000000000000005,0.2785532945167447,0.0,0.21300755817391484
1401542,42664410.0,42664410.0,4.9,4.9,18.045782,18.045782,1,0.02574224817641472,0.49000000000000005,0.2785532945167447,0.0,0.21300755817391484
1404799,0.0,0.0,4.1,4.1,1.136568,1.136568,1,0.0,0.41,0.017538595078568305,0.0,0.12650771901571364
1409418,0.0,0.0,5.6,5.6,5.856363,5.856363,1,0.0,0.5599999999999999,0.0903944873355832,0.0,0.18607889746711662
1410294,0.0,0.0,3.9,3.9,5.644844,5.644844,1,0.0,0.39,0.08712942911286133,0.0,0.13442588582257226
1413504,0.0,0.0,5.6,5.6,2.713171,2.713171,1,0.0,0.5599999999999999,0.04187541866944173,0.0,0.17637508373388833
1414864,0.0,0.0,5.1,5.1,0.59458,0.59458,1,0.0,0.51,0.009172337787182771,0.0,0.15483446755743654
1424432,0.0,0.0,5.0,5.0,0.071349,0.071349,1,0.0,0.5,0.0010956180649214944,0.0,0.15021912361298428
1424519,0.0,0.0,0.0,0.0,0.006323,0.006323,1,0.0,0.0,9.18610691399723e-05,0.0,1.837221382799446e-05
1429671,0.0,0.0,2.0,2.0,0.049469,0.049469,1,0.0,0.2,0.0007578731157058008,0.0,0.060151574623141156
1432207,0.0,0.0,5.8,5.8,0.072085,0.072085,1,0.0,0.58,0.0011069791381675069,0.0,0.1742213958276335
1434341,0.0,0.0,5.0,5.0,0.304566,0.304566,1,0.0,0.5,0.004695611841029195,0.0,0.15093912236820584
1434676,0.0,0.0,5.1,5.1,0.412342,0.412342,1,0.0,0.51,0.006359268132010484,0.0,0.15427185362640208
1434686,0.0,0.0,4.2,4.2,1.332804,1.332804,1,0.0,0.42000000000000004,0.020567741232786353,0.0,0.13011354824655727
1438306,2570000.0,2570000.0,3.0,3.0,0.738652,0.738652,1,0.0015506502448618376,0.30000000000000004,0.011396267875089692,0.0,0.09289951367296269
1448550,0.0,0.0,6.8,6.8,0.523122,0.523122,1,0.0,0.68,0.008069294890425228,0.0,0.20561385897808507
1448551,0.0,0.0,6.8,6.8,0.523122,0.523122,1,0.0,0.68,0.008069294890425228,0.0,0.20561385897808507
1454563,0.0,0.0,6.0,6.0,6.752141,6.752141,1,0.0,0.6000000000000001,0.10422193226787459,0.0,0.20084438645357494
1454564,0.0,0.0,6.0,6.0,6.752141,6.752141,1,0.0,0.6000000000000001,0.10422193226787459,0.0,0.20084438645357494
1454884,164602163.0,164602163.0,6.0,6.0,60.467984,60.467984,1,0.0993153246539837,0.6000000000000001,0.9333926208470877,0.0,0.40640465403101106
1456123,0.0,0.0,0.0,0.0,0.021392,0.021392,1,0.0,0.0,0.0003244697821075816,0.0,6.489395642151632e-05
1460398,0.0,0.0,0.0,0.0,0.278981,0.278981,1,0.0,0.0,0.004300675619562854,0.0,0.0008601351239125708
1467662,0.0,0.0,4.5,4.5,0.243853,0.243853,1,0.0,0.45,0.003758431351918937,0.0,0.1357516862703838
1476699,0.0,0.0,0.0,0.0,0.327622,0.327622,1,0.0,0.0,0.005051509809453191,0.0,0.0010103019618906382
1480591,0.0,0.0,5.2,5.2,1.569246,1.569246,1,0.0,0.52,0.024217516885549472,0.0,0.1608435033771099
1491995,0.0,0.0,3.3,3.3,0.456485,0.456485,1,0.0,0.33,0.007040670110677228,0.0,0.10040813402213546
1496406,0.0,0.0,6.8,6.8,5.057695,5.057695,1,0.0,0.68,0.07806605574965084,0.0,0.21961321114993018
1498767,0.0,0.0,5.5,5.5,2.414721,2.414721,1,0.0,0.55,0.03726847259570207,0.0,0.17245369451914042
1499089,0.0,0.0,0.0,0.0,0.021678,0.021678,1,0.0,0.0,0.00032888454698307005,0.0,6.577690939661402e-05
1501366,0.0,0.0,3.0,3.0,0.06124,0.06124,1,0.0,0.30000000000000004,0.0009395731064378818,0.0,0.09018791462128758
1504620,0.0,0.0,0.0,0.0,0.025364,0.025364,1,0.0,0.0,0.00038578253065807227,0.0,7.715650613161446e-05
1514634,0.0,0.0,0.0,0.0,0.036532,0.036532,1,0.0,0.0,0.0005581744681736513,0.0,0.00011163489363473026
1514635,0.0,0.0,0.0,0.0,0.036532,0.036532,1,0.0,0.0,0.0005581744681736513,0.0,0.00011163489363473026
1517664,0.0,0.0,2.0,2.0,0.504251,0.504251,1,0.0,0.2,0.007777997589847103,0.0,0.06155559951796942
1519326,0.0,0.0,0.0,0.0,0.072359,0.072359,1,0.0,0.0,0.001111208668153115,0.0,0.000222241733630623
1521130,0.0,0.0,7.5,7.5,0.42583,0.42583,1,0.0,0.75,0.0065674721482363195,0.0,0.22631349442964724
1523137,3330.0,3330.0,0.0,0.0,0.039007,0.039007,1,2.0092082939260383e-06,0.0,0.0005963791642115326,0.0,0.00012007951615987694
1532382,0.0,0.0,0.0,0.0,0.038143,0.038143,1,0.0,0.0,0.0005830422521401268,0.0,0.00011660845042802537
1551346,31912793.0,31912793.0,6.0,6.0,16.665841,16.665841,1,0.019255089602986435,0.6000000000000001,0.2572521929186801,0.0,0.23915247442493062
1553042,0.0,0.0,8.0,8.0,0.062089,0.062089,1,0.0,0.8,0.0009526784748969368,0.0,0.2401905356949794
1555903,0.0,0.0,6.2,6.2,0.583446,0.583446,1,0.0,0.6200000000000001,0.009000470681855187,0.0,0.18780009413637105
1557430,0.0,0.0,4.7,4.7,0.249561,0.249561,1,0.0,0.47000000000000003,0.003846541414538827,0.0,0.1417693082829078
1560279,0.0,0.0,5.1,5.1,2.122451,2.122451,1,0.0,0.51,0.03275692249025093,0.0,0.15955138449805017
1562421,0.0,0.0,0.0,0.0,0.076647,0.076647,1,0.0,0.0,0.0011773992688037956,0.0,0.00023547985376075914
1562428,0.0,0.0,0.0,0.0,0.58954,0.58954,1,0.0,0.0,0.009094539133432902,0.0,0.0018189078266865806
1565981,0.0,0.0,6.4,6.4,2.625594,2.625594,1,0.0,0.6400000000000001,0.04052355900685202,0.0,0.20010471180137043
1571422,0.0,0.0,5.2,5.2,0.251828,0.251828,1,0.0,0.52,0.0038815353724854437,0.0,0.15677630707449708
1579630,32438988.0,32438988.0,4.4,4.4,35.350303,35.350303,1,0.01957257769854872,0.44000000000000006,0.5456700480060914,0.0,0.2489630406806378
1585252,0.0,0.0,3.9,3.9,1.224105,1.224105,1,0.0,0.39,0.018889837291525078,0.0,0.120777967458305
1645102,0.0,0.0,5.5,5.5,0.394575,0.394575,1,0.0,0.55,0.006085012441301378,0.0,0.1662170024882603
1670361,22730842.0,22730842.0,6.7,6.7,0.335195,0.335195,1,0.013715013896192896,0.67,0.005168408461208696,0.0,0.20751968725071893
1677569,0.0,0.0,5.0,5.0,0.050978,0.050978,1,0.0,0.5,0.0007811664031082908,0.0,0.15015623328062166
1686666,0.0,0.0,0.0,0.0,0.018716,0.018716,1,0.0,0.0,0.0002831624016641996,0.0,5.6632480332839925e-05
1686667,0.0,0.0,0.0,0.0,0.018716,0.018716,1,0.0,0.0,0.0002831624016641996,0.0,5.6632480332839925e-05
1708905,0.0,0.0,0.0,0.0,0.001389,0.001389,1,0.0,0.0,1.5698656917383942e-05,0.0,3.1397313834767887e-06
1710652,444575.0,444575.0,7.5,7.5,8.887411,8.887411,1,0.0002682413745562068,0.75,0.1371824742108268,0.0,0.2525437913919878
1734565,0.0,0.0,0.0,0.0,0.015295,0.015295,1,0.0,0.0,0.00023035502180739485,0.0,4.607100436147897e-05
1736589,0.0,0.0,5.0,5.0,0.046868,0.046868,1,0.0,0.5,0.0007177234533241728,0.0,0.15014354469066482
1867383,0.0,0.0,2.8,2.8,0.030253,0.030253,1,0.0,0.27999999999999997,0.0004612503120436082,0.0,0.08409225006240871
