Date,Open,High,Low,Close,Volume
2005-09-21,0.0,0.0005925173522939309,0.0,0.0017864738409187897,0.06772583907790236
2005-09-29,0.0023846022824050572,0.0014389707127137052,0.002396849854476968,0.002126754572522316,0.03401200664033077
2005-10-11,0.006983478112757624,0.005586592178770944,0.006933744221879867,0.004593789876648213,0.0284863526443008
2005-10-12,0.008090614886731462,0.004909429490435102,0.0023112480739599928,0.0,0.07913512133216358
2005-10-13,0.0026400953840913233,0.0,0.0004280089025852085,0.001446193109315208,0.019555353743740733
2005-10-25,0.002980752853006363,0.0011003893685457844,0.0029960623180962376,0.0017864738409187897,0.049767463590804945
2005-10-26,0.004343382728666412,0.0012696800406297726,0.002910460537579207,0.0006805614632071078,0.001936594864372726
2005-10-27,0.006983478112757624,0.003047232097511454,0.004708097928436961,0.002807316035729479,0.011854317692795296
2005-11-16,0.006046670073241389,0.006094464195022853,0.005735319294641328,0.007911527009783093,0.006838088608359452
2005-11-17,0.014052120592744022,0.012866091078381547,0.013867488443759679,0.013866439812845577,0.09023691287402114
2005-11-21,0.017969681485266564,0.0165904858642289,0.0166923472008218,0.018205019140791145,0.00820114445289509
2005-11-22,0.020439448134900395,0.019299136617572377,0.019688409518918037,0.021012335176520625,0.027228853312978363
2005-11-29,0.02546414580139672,0.024716438124259332,0.02422530388632088,0.025095703955763438,0.0035520684578964484
2005-12-01,0.025975132004769252,0.027340443541560844,0.02593733949666155,0.028243300723096554,0.016140830011974694
2005-12-06,0.032362459546925626,0.03292703572033184,0.031330251669234754,0.03436835389196086,0.013189837055623141
2005-12-07,0.03951626639414074,0.037582529202640935,0.038948810135250866,0.03802637175669926,0.0033776707404137712
2005-12-08,0.04053823880088575,0.04139156932453025,0.04031843862352341,0.04296044236495106,0.03854175788126232
2005-12-09,0.04879918242207465,0.04943287624851872,0.0469097757233351,0.04721395150999569,0.1687204751548422
2005-12-12,0.056719468574348564,0.056712375148129324,0.04879301489470983,0.048575074436410015,0.24319747934717975
2005-12-13,0.047862374382558415,0.052226172337904164,0.04288649203903444,0.04083368779242874,0.18155247563067264
2005-12-14,0.03721682847896446,0.035043169121381446,0.03167265879130288,0.029774564015312643,0.21972721810490628
2005-12-15,0.03321410321921309,0.03157271034366005,0.030474233864064393,0.02883879200340278,0.11575864200352504
2005-12-16,0.031851473343553094,0.02987980362282039,0.028933401814757786,0.027562739259889446,0.02211165712894729
2005-12-20,0.03210696644523936,0.028271542238022696,0.020972436226673552,0.01863037005529561,0.09691450968816034
2005-12-21,0.021631749276102896,0.02023023531403423,0.01926040061633283,0.021437686091025032,0.08032377945921654
2005-12-22,0.024953159598024188,0.02742508887760281,0.024995719910974157,0.027988090174393854,0.03483810109156449
2005-12-23,0.02997785726452057,0.028779414254274605,0.0302174285225133,0.027817949808592035,0.030813185348609107
2005-12-27,0.03466189746210191,0.03081090231928224,0.03381270330422875,0.03224159931943854,0.10085222657237441
2005-12-28,0.04198603304377452,0.03851362789910273,0.03963362437938711,0.03930242450021265,0.131013852869641
2005-12-29,0.04173053994208825,0.03825969189097678,0.03740797808594426,0.03930242450021265,0.0494048999149857
2005-12-30,0.039260773292454476,0.03944472659556458,0.03954802259887008,0.04023819651212246,0.01972057263398748
2006-01-03,0.04862885368761716,0.05180294565769428,0.04862181133367577,0.05333900467885999,0.11015955738960762
2006-01-04,0.05356838698688471,0.053157271034366016,0.05196028077384013,0.05487026797107608,0.14143182178242178
2006-01-05,0.05092829160279344,0.04790926019976299,0.047508988186954315,0.0467035304125904,0.2503799116592952
2006-01-06,0.05586782490206105,0.05764347384459112,0.05555555555555558,0.058443215652913605,0.11123348017621146
2006-01-09,0.05859308465338109,0.0671237514812934,0.05786680362951557,0.06592939174819223,0.14631036845831866
2006-01-10,0.06285130301481867,0.0619603859827324,0.06171888375278206,0.06133560187154402,0.16037233178376373
2006-01-11,0.06523590529722367,0.06526155408836976,0.06437253894881018,0.06533390046788601,0.0919533535671401
2006-01-12,0.06498041219553741,0.06416116471982397,0.06385892826570794,0.06448319863887703,0.06410479173332789
2006-01-13,0.06787600068131494,0.07194853563568648,0.06813901729155969,0.07307528711186723,0.09821331374204448
2006-01-17,0.07383750638732756,0.07457254105298794,0.0725903098784455,0.07154402381965119,0.13420349533412673
2006-01-18,0.06864247998637374,0.06492297274420178,0.06385892826570794,0.0614206720544449,0.10807596360705146
2006-01-19,0.07136773973769378,0.07321821567631626,0.07190549563430926,0.07435133985538067,0.1415603253637248
2006-01-20,0.08124680633622894,0.08075165058405281,0.07250470809792847,0.07103360272224585,0.23407831448828312
2006-01-23,0.07673309487310515,0.07482647706111395,0.07455915083033726,0.07588260314759676,0.12677323468664126
2006-01-24,0.07596661556804635,0.07338750634840019,0.07464475261085435,0.07554232241599312,0.05566486008989008
2006-01-25,0.08209845000851645,0.08015913323175894,0.07866803629515501,0.07903019991492982,0.3579328197963071
2006-01-26,0.07622210866973261,0.07491112239715592,0.07464475261085435,0.07681837515950657,0.09640049536294826
2006-01-27,0.07988417646056895,0.0776197731504994,0.07635678822119502,0.07469162058698425,0.09543212908955764
2006-01-30,0.07996934082779766,0.0815981039444727,0.0804656736860127,0.08362398979157804,0.08091122440231607
2006-01-31,0.08507920286152276,0.08456069070594208,0.0854305769560007,0.08379413015737985,0.12876045078322015
2006-02-01,0.08695281894055529,0.08329101066531236,0.08157849683273416,0.08379413015737985,0.11449196384496665
2006-02-02,0.08908192812127408,0.08667682410699168,0.08662900188323924,0.08617609527860481,0.13346459974163435
2006-02-03,0.08933742122296034,0.0858303707465719,0.08303372710152374,0.08209272649936195,0.13070636215723735
2006-02-06,0.08669732583886902,0.08540714406636196,0.08645779832220513,0.08396427052318156,0.057321638405975484
2006-02-07,0.07920286152273892,0.07499576773319794,0.06659818524225308,0.06592939174819223,0.3667720304245079
2006-02-08,0.06915346618974627,0.06788555950567121,0.06728299948638933,0.06788600595491279,0.14549345283432089
2006-02-09,0.07784023164707887,0.0794819705434231,0.07704160246533126,0.07937048064653335,0.14195501493486978
2006-02-10,0.07801056038153642,0.07347215168444221,0.06736860126690641,0.0675457252233092,0.0974101663589006
2006-02-13,0.06864247998637374,0.06636194345691554,0.05992124636192436,0.058443215652913605,0.13385928931277935
2006-02-14,0.06268097428036112,0.06323006602336212,0.061034069508645816,0.06499361973628243,0.06447194482276511
2006-02-15,0.06574689150059615,0.06128322329439645,0.05803800719054958,0.058783496384517187,0.11967800123326722
2006-02-16,0.05825242718446605,0.06331471135940409,0.05880842321520291,0.06524883028498513,0.15528267208144045
2006-02-17,0.06889797308806,0.06890130353817508,0.06890943331621302,0.06899191833262441,0.07898367068277073
2006-02-21,0.07290069834781132,0.07008633824276284,0.07233350453689441,0.07035304125903868,0.05261290003394331
2006-02-22,0.07145290410492255,0.0701709835788048,0.07113507960965593,0.07222458528285836,0.07481189370404046
2006-02-23,0.07238971214443879,0.06813949551379717,0.06848142441362781,0.06626967247979582,0.01023425468565363
2006-02-24,0.07349684891841257,0.07321821567631626,0.0725903098784455,0.07477669076988513,0.1249007539305115
2006-02-27,0.07392267075455633,0.06991704757067885,0.07241910631741144,0.07120374308804761,0.003919221547333651
2006-02-28,0.0753704649974451,0.07626544777382765,0.07490155795240544,0.07843470863462354,0.05597694021591171
2006-03-01,0.08039516266394148,0.07922803453529714,0.08020886834446161,0.07868991918332624,0.09455555108852629
2006-03-02,0.0815022994379152,0.08261384797697646,0.08080808080808083,0.08413441088898338,0.0759913730038575
2006-03-03,0.08431272355646396,0.0802437785678009,0.08260571819893858,0.08022118247554233,0.04114854481626651
2006-03-06,0.08371657298586271,0.0794819705434231,0.07199109741482629,0.07128881327094849,0.1480543456331454
2006-03-07,0.07451882132515758,0.07000169290672081,0.06848142441362781,0.06890684814972353,0.10001236388028678
2006-03-08,0.06498041219553741,0.06102928728627055,0.060006848142441394,0.060569970225435976,0.20683096583842434
2006-03-09,0.06830182251745875,0.06534619942441172,0.06488614963191242,0.06286686516376011,0.07310922125177541
2006-03-10,0.056549139839891016,0.058489927205011005,0.05649717514124297,0.05937898766482347,0.19658739464312627
2006-03-13,0.06395843978879245,0.06263754867106824,0.06308851224105466,0.06346235644406634,0.010078214622642814
2006-03-14,0.0651507409299949,0.06720839681733537,0.06548536209553163,0.06822628668651631,0.02136358270921898
2006-03-15,0.07520013626298755,0.07093279160318267,0.0721623009758603,0.07035304125903868,0.11480863338460626
2006-03-16,0.07298586271504004,0.07008633824276284,0.06796781373052563,0.07222458528285836,0.05213560101767492
2006-03-17,0.07409299948901382,0.07000169290672081,0.07173429207327514,0.07035304125903868,0.0013675075757450667
2006-03-21,0.06923863055697499,0.06957846622651093,0.0671973977058723,0.06788600595491279,0.1061392310602702
2006-03-23,0.06625787770396868,0.0659387167767056,0.06582776921759975,0.06678009357720122,0.08236147910559305
2006-03-24,0.07298586271504004,0.07423395970882002,0.07318952234206477,0.07537218205019142,0.07246670334526029
2006-03-27,0.08175779253960147,0.08032842390384287,0.08243451463790452,0.08115695448745214,0.08608349354976275
2006-03-28,0.08499403849429404,0.08100558659217882,0.08020886834446161,0.07834963845172266,0.05569698598521586
2006-03-29,0.08312042241526152,0.08540714406636196,0.08303372710152374,0.08694172692471286,0.15287322993200878
2006-03-30,0.09708737864077671,0.09852717115286952,0.09638760486218118,0.09995746490854951,0.16839003737434874
2006-03-31,0.09785385794583551,0.09522600304723211,0.0942475603492553,0.09570395576350488,0.13172521198042558
2006-04-03,0.1025378981434168,0.10047401388183513,0.1014381099126862,0.09885155253083788,0.12525872819271278
2006-04-04,0.10100493953329931,0.09903504316912137,0.09955487074131142,0.09766056997022537,0.13255589584527727
2006-04-05,0.10270822687787434,0.09861181648891149,0.09801403869200481,0.10046788600595485,0.20441693427537475
2006-04-06,0.10551865099642316,0.10394447265955653,0.10529019003595275,0.10574223734581023,0.15777472367599546
2006-04-07,0.10296371997956061,0.09954291518537328,0.0998972778633796,0.09987239472564868,0.05602742376570932
2006-04-10,0.10986203372508946,0.10656847807685799,0.10614620784112316,0.10846448319863888,0.06773042849152033
2006-04-11,0.11020269119400444,0.10826138479769765,0.10657421674370826,0.10344534240748615,0.1292928227629041
2006-04-12,0.10960654062340319,0.1070763500931099,0.10785824345146378,0.10701829008932362,0.06901087489093258
2006-04-13,0.1068812808720832,0.1061452513966481,0.10546139359698681,0.10761378136962996,0.027825477083313815
2006-04-17,0.1175268267756771,0.12053495852378537,0.11684643040575249,0.12113994045087195,0.1774541292698298
2006-04-18,0.12493612672457849,0.1258676146944303,0.12420818353021745,0.12760527435133984,0.13423103181583454
2006-04-19,0.13098279679781982,0.14296597257491117,0.13139873309364836,0.14376860910250955,0.41677369179223767
2006-04-20,0.14316130131153132,0.13873370577281197,0.11890087313816133,0.12003402807316033,0.4943623184175555
2006-04-21,0.1356668369954011,0.13729473506009826,0.130371511727444,0.13908974904296045,0.24433106451081713
2006-04-24,0.13430420711974117,0.1309463348569494,0.12883067967813733,0.12590387069332198,0.23769018300562164
2006-04-25,0.13864758984840747,0.13644828169967838,0.13379558294812532,0.13551680136112287,0.15629234307739273
2006-04-26,0.14018054845852496,0.14161164719823938,0.1411573360725903,0.14291790727350062,0.164805705338718
2006-04-27,0.13847726111395003,0.13458608430675467,0.1388460879986304,0.13704806465333896,0.19344364631482017
2006-04-28,0.14750468404019762,0.15413915693245306,0.1479198767334361,0.15516801361122923,0.28329518612734084
2006-05-01,0.16266394140691548,0.15887929575080417,0.15776408149289511,0.15576350489153545,0.24555184853319587
2006-05-02,0.1619826264690853,0.1651430506179109,0.1627289847628831,0.1675882603147596,0.18309910801992688
2006-05-03,0.17509793902231313,0.16996783477230404,0.16076014381099124,0.1668226286686515,0.4291834662152152
2006-05-04,0.1718616930676206,0.1744540375825292,0.16837870227700735,0.17549978732454274,0.547012071442851
2006-05-05,0.17824902060977693,0.17733197900795672,0.17556925184043837,0.1798383666524882,0.32423734501320745
2006-05-08,0.17560892522568566,0.1739461655662773,0.17291559664441025,0.1761803487877499,0.19884538614316508
2006-05-09,0.18702095043433836,0.1918063314711359,0.18746789933230612,0.19421522756273923,0.4524426144310624
2006-05-10,0.19323794924203713,0.1983240223463687,0.19448724533470296,0.20017014036580172,0.3721691808392349
2006-05-11,0.2163174927610289,0.2123751481293381,0.20929635336414998,0.20569970225435985,0.7149846098603735
2006-05-12,0.2151251916198263,0.21330624682580002,0.2024482109227872,0.20646533390046784,0.8458884544855919
2006-05-15,0.18821325157554086,0.18825122735737265,0.17779489813388116,0.1749042960442364,0.7425119127409281
2006-05-16,0.18514733435530567,0.18452683257152536,0.18250299606231812,0.18511271799234363,0.4596801197065933
2006-05-17,0.19528189405552726,0.19561537159302522,0.18421503167265874,0.18119948957890264,0.652210610393847
2006-05-18,0.18829841594276958,0.18655832063653288,0.1781373052559494,0.17532964695874087,0.48259965131471094
2006-05-19,0.16334525634474545,0.16074149314372776,0.15536723163841815,0.15933645257337303,0.7563994783488905
2006-05-22,0.15193323113609275,0.15540883697308283,0.14766307139188495,0.1569544874521479,0.4485094869604662
2006-05-23,0.16530403679100664,0.17013712544438797,0.16572504708097924,0.16614206720544444,0.38116443153044643
2006-05-24,0.15542497019247153,0.15320805823599115,0.14269816812189695,0.14640578477243726,0.40662190886929883
2006-05-25,0.1493783001192302,0.14982224479431194,0.14732066426981683,0.15185027647809446,0.19749609853948338
2006-05-26,0.15695792880258913,0.15270018621973924,0.14723506248929985,0.15525308379413005,0.14067456853545754
2006-05-30,0.15857605177993533,0.1623497545285254,0.15793528505392918,0.155338153977031,0.2770627624341442
2006-05-31,0.16138647589848415,0.15684780768579654,0.14577983222051016,0.14785197788175242,0.24631828060739605
2006-06-01,0.13260091977516614,0.1346707296427967,0.13054271528847805,0.13364525733730326,0.43810069687492137
2006-06-02,0.1406915346618975,0.13991874047739972,0.13679164526622156,0.14164185452998723,0.2182127116109778
2006-06-05,0.14682336910236765,0.1449974606399187,0.14184215031672665,0.13985538068906844,0.17510434949743167
2006-06-06,0.13626298756600236,0.13213136956153715,0.13362437938709126,0.13356018715440232,0.22807077206236684
2006-06-07,0.1274058933742122,0.13365498561029288,0.1266906351652115,0.13126329221607824,0.3656154981927807
2006-06-08,0.12706523590529722,0.12248180125275099,0.11881527135764425,0.11960867715865586,0.5517988298463886
2006-06-09,0.12425481178674852,0.12121212121212122,0.11265194316041782,0.11569544874521476,0.23905782826377522
2006-06-12,0.12093340146482717,0.11664127306585415,0.1149631912343777,0.11212250106337729,0.08800645785569011
2006-06-14,0.08576051779935279,0.08337565600135433,0.07276151343947956,0.07460655040408332,0.47994238082990914
2006-06-15,0.0897632430591041,0.08938547486033516,0.08371854134565998,0.08906848149723517,0.4454070433547218
2006-06-16,0.09129620166922159,0.09200948027763672,0.08457455915083034,0.09213100808166735,0.23478508418544977
2006-06-19,0.08746380514392782,0.08625359742678179,0.08217770929635337,0.08090174393874944,0.16207959364964672
2006-06-20,0.08567535343212407,0.0882004401557474,0.0822633110768704,0.08889834113143336,0.4069110419272306
2006-06-21,0.08550502469766652,0.0991196885051634,0.08620099298065398,0.09766056997022537,0.18159378035323429
2006-06-22,0.09870550161812303,0.0977653631284916,0.0951035781544256,0.09255635899617176,0.14543379045728733
2006-06-23,0.09104070856753543,0.09514135771119009,0.0917651087142613,0.09476818375159507,0.17900994048631994
2006-06-26,0.09938681655595305,0.09539529371931604,0.09304913542201682,0.09723521905572097,0.05588056252993445
2006-06-27,0.10330437744847559,0.10326730997122058,0.09527478171545972,0.09213100808166735,0.1977944104246511
2006-06-28,0.09853517288366548,0.09421025901472829,0.0924499229583976,0.09094002552105485,0.03188710813521295
2006-06-29,0.09725770737523426,0.10766886744540383,0.09801403869200481,0.10778392173543172,0.3922111501088884
2006-06-30,0.12169988076988586,0.12095818520399526,0.12095531587057018,0.1223309230114844,0.25552005491141605
2006-07-03,0.13098279679781982,0.1295920094802776,0.1312275295326143,0.13041259038706932,0.04003331730710097
2006-07-05,0.13541134389371484,0.13179278821736928,0.12746105118986473,0.13313483623989786,0.2740888224097028
2006-07-06,0.1352410151592574,0.1366175723717623,0.13268275980140387,0.13755848575074436,0.15973440329086655
2006-07-07,0.13847726111395003,0.13534789233113254,0.1361924328026023,0.13424074861760948,0.14332724960664134
2006-07-10,0.1324305910407086,0.13069239884882344,0.1321691491183017,0.129051467460655,0.059997266545249145
2006-07-11,0.1383920967467212,0.14321990858303701,0.13824687553501114,0.14427903019991495,0.1643559428041574
2006-07-12,0.15389201158235405,0.1534619942441171,0.14090053073103925,0.15372182050191407,0.3326451507613194
2006-07-13,0.1576392437404191,0.1576096157101744,0.15031672658791306,0.15908124202467033,0.46011152458668203
2006-07-14,0.16453755748594795,0.16387337057728124,0.16392740969012165,0.1616333475116971,0.3593325909497864
2006-07-17,0.15508431272355655,0.15371593025224306,0.1465502482451635,0.1454700127605274,0.35341224738261146
2006-07-18,0.15474365525464145,0.14973759945826992,0.13516521143639793,0.13653764355593356,0.2493564724224889
2006-07-19,0.13617782319877364,0.14542068732012858,0.13636363636363635,0.14615057422373456,0.2319993101193449
2006-07-20,0.14324646567876004,0.1431352632469951,0.1356788221195001,0.1334751169715015,0.1926037836227326
2006-07-21,0.1414580139669563,0.1370407990519722,0.12549221023797297,0.12641429179072727,0.2176849290449118
2006-07-24,0.11965593595639595,0.11994244117149144,0.11367916452662219,0.12156529136537642,0.23296308697911758
2006-07-25,0.1257026060296373,0.12307431860504492,0.1199280945043657,0.12505316886431295,0.11624511984702934
2006-07-26,0.125787770396866,0.1295073641442357,0.123095360383496,0.12888132709485323,0.053686822820547125
2006-07-27,0.14435360245273382,0.14008803114948365,0.13696284882725562,0.13653764355593356,0.1143955861589894
2006-07-28,0.1379662749105775,0.13780260707635017,0.13867488443759635,0.13832411739685235,0.04361305992911374
2006-07-31,0.14086186339635504,0.13788725241239208,0.13602122924156823,0.13874946831135682,0.055733701294159554
2006-08-01,0.13915857605178,0.1472828847130523,0.14013011470638592,0.1486176095278604,0.1131610338957568
2006-08-02,0.15465849088741274,0.15371593025224306,0.15279917822290712,0.1522756273925988,0.13061457388487804
2006-08-03,0.14835632771248514,0.14618249534450656,0.14552302687895913,0.14691620586984266,0.07500923848961297
2006-08-04,0.15576562766138652,0.15168444218723554,0.14937510700222567,0.14827732879625688,0.11958162354728996
2006-08-07,0.15235905297223645,0.15024547147452183,0.1515151515151515,0.1501488728200765,0.013199015882859072
2006-08-08,0.1481859989780276,0.14821398340951408,0.14809108029447016,0.14564015312632916,0.15462179652045346
2006-08-09,0.15312553227729525,0.1529541222278652,0.15271357644239003,0.15125478519778812,0.09930559418312018
2006-08-10,0.14852665644694257,0.14660572202471644,0.14055812360897113,0.13951509995746492,0.21409141818204516
2006-08-11,0.14477942428887752,0.14423565261554083,0.13430919363122762,0.13492131008081665,0.2183412151922808
2006-08-14,0.13464486458865615,0.13407821229050276,0.13242595445985283,0.13100808166737554,0.06072698331050558
2006-08-15,0.1308976324305911,0.12874555611985783,0.12951549392227357,0.12896639727775405,0.12059129454324227
2006-08-16,0.13668880940214617,0.13399356695446085,0.13430919363122762,0.13304976605699703,0.051713374964822145
2006-08-17,0.1340487140180549,0.12942271880819367,0.12335216572504715,0.12062951935346655,0.0922424866250719
2006-08-18,0.1269800715380685,0.12222786524462503,0.1177024482109228,0.12071458953636749,0.1934390569012022
2006-08-21,0.1320899335717936,0.1305231081767394,0.13054271528847805,0.13262441514249246,0.06385237398433982
2006-08-22,0.13174927610287862,0.1281530387675639,0.1289162814586544,0.1293066780093577,0.08543179681601168
2006-08-23,0.13609265883154492,0.13221601489757917,0.13011470638589284,0.12743513398553807,0.06276009354326412
2006-08-28,0.12962016692215977,0.12476722532588458,0.1222393425783257,0.12037430880476385,0.06329705493656604
2006-08-29,0.12280701754385964,0.11875740646690369,0.11787365177195686,0.11986388770735856,0.06441687185934952
2006-08-30,0.1269800715380685,0.12358219062129672,0.1244649888717686,0.12394725648660143,0.031877929307977004
2006-08-31,0.1313234542667348,0.12899949212798378,0.12994350282485878,0.13134836239897907,0.1209813947007693
2006-09-01,0.1308976324305911,0.12891484679194176,0.12780345831193285,0.13007230965546568,0.046077575041961
2006-09-05,0.141543178334185,0.1402573218215677,0.14132853963362446,0.14045087196937467,0.09239393727446474
2006-09-06,0.14171350706864255,0.1393262231251059,0.1393596986817326,0.13619736282433004,0.04612346917814067
2006-09-07,0.13021631749276102,0.1257829693583884,0.12360897106659818,0.12250106337728628,0.14670505802946365
2006-09-08,0.11871912791687961,0.11604875571356021,0.11753124464988873,0.11731178222033178,0.06829492636653003
2006-09-11,0.1044966785896781,0.10318266463517856,0.09724362266735148,0.09910676307954058,0.3844320940264375
2006-09-12,0.10279339124510306,0.10182833925850687,0.09955487074131142,0.09749042960442367,0.16659557664972438
2006-09-13,0.10236756940895936,0.10047401388183513,0.09775723335045372,0.10012760527435127,0.061172156431448216
2006-09-14,0.10228240504173058,0.09869646182495345,0.09013867488443761,0.08796256911952355,0.24944367128123027
2006-09-15,0.09044455799693413,0.09082444557304892,0.08654340010272216,0.08974904296044234,0.19499486811769237
2006-09-18,0.09274399591211041,0.09590316573556801,0.09304913542201682,0.09680986814121645,0.1024952366476059
2006-09-19,0.09742803610969175,0.0935330963263924,0.08808423215202882,0.08566567418119947,0.14140428530071397
2006-09-20,0.095639584397888,0.09463348569493824,0.09116589625064209,0.08855806039982983,0.1458973212327018
2006-09-21,0.0917220235053654,0.09336380565430846,0.09133709981167609,0.09442790301999149,0.07639524140223841
2006-09-22,0.10321921308124687,0.0989503978330794,0.09792843691148778,0.09910676307954058,0.0511396982625765
2006-09-25,0.09853517288366548,0.09903504316912137,0.09613079952063008,0.09910676307954058,0.07302661180665204
2006-09-26,0.10151592573667184,0.10081259522600305,0.10015408320493069,0.10114844746916207,0.025572074996892957
2006-09-27,0.1076477601771419,0.10834603013373967,0.10426296866974838,0.11025095703955767,0.1124909795075339
2006-09-28,0.11326860841423952,0.11181648891146101,0.11145351823317928,0.1100808166737558,0.07919937312281508
2006-09-29,0.11020269119400444,0.10639918740477405,0.1064030131826742,0.10735857082092726,0.045655348989108224
2006-10-03,0.09666155680463295,0.0937870323345184,0.08868344461564803,0.08728200765631644,0.13895353842872063
2006-10-04,0.09274399591211041,0.08853902149991538,0.07704160246533126,0.08098681412165032,0.27302407845033494
2006-10-05,0.08823028444898656,0.08430675469781618,0.083632939565143,0.08566567418119947,0.07732689236668533
2006-10-06,0.08260943621188899,0.08430675469781618,0.07772641670946762,0.08626116546150575,0.09529903609463664
2006-10-09,0.09265883154488169,0.0883697308278314,0.08705701078582434,0.08804763930242449,0.022203445401306587
2006-10-10,0.08490887412706527,0.08650753343490775,0.0850025680534155,0.08634623564440663,0.055807131912047
2006-10-11,0.09129620166922159,0.08853902149991538,0.08688580722479033,0.08532539344959589,0.03386973481817385
2006-10-12,0.08652699710441158,0.08828508549178943,0.08645779832220513,0.09051467460655038,0.026219182317026052
2006-10-13,0.09938681655595305,0.09768071779244963,0.09750042800890257,0.09970225435984686,0.04005167496157283
2006-10-17,0.10577414409810942,0.1019129845945489,0.09904126005820924,0.10038281582305397,0.020693528320996066
2006-10-18,0.10424118548799183,0.10132046724225496,0.10023968498544772,0.09987239472564868,0.06759733549659933
2006-10-19,0.10611480156702441,0.10656847807685799,0.10674542030474243,0.10684814972352186,0.034328676179970374
2006-10-20,0.10960654062340319,0.10512950736414417,0.10357815442561202,0.1014887282007656,0.04517804997283986
2006-10-23,0.09623573496848925,0.09421025901472829,0.09390515322718718,0.09281156954487446,0.06037818787554025
2006-10-24,0.09044455799693413,0.09480277636702217,0.08834103749357985,0.0962994470438111,0.062048734432479546
2006-10-25,0.09580991313234544,0.09920433384120536,0.09416195856873821,0.10131858783496378,0.09997564857134308
2006-10-26,0.10602963719979569,0.10487557135601833,0.1064030131826742,0.10582730752871117,0.1392839762092141
2006-10-27,0.10943621188894576,0.10589131538852214,0.10691662386577638,0.10676307954062092,0.040148052647550114
2006-10-30,0.11471640265712829,0.1150330116810564,0.1141071734292074,0.11101658868566566,0.11333543161323947
2006-10-31,0.1107988417646058,0.11257829693583887,0.11145351823317928,0.11390897490429608,0.11005400087639441
2006-11-01,0.12306251064554591,0.12265109192483492,0.12095531587057018,0.12343683538919603,0.27380886817900696
2006-11-02,0.12680974280361096,0.12806839343152188,0.12771785653141587,0.12820076563164606,0.20535317465343958
2006-11-03,0.1297053312893886,0.13069239884882344,0.12925868858072254,0.13143343258188,0.23651988253304054
2006-11-06,0.13277124850962357,0.12933807347215176,0.13097072419106326,0.12794555508294336,0.08595957938207768
2006-11-07,0.13430420711974117,0.1305231081767394,0.13199794555726763,0.12922160782645675,0.14347411084241624
2006-11-08,0.13081246806336227,0.12713729473506008,0.12258174970039382,0.12131008081667372,0.14289584472655265
2006-11-09,0.13234542667347987,0.1360250550194685,0.13174114021571648,0.13696299447043814,0.20325581263002954
2006-11-10,0.13728495997274742,0.13340104960216692,0.13276836158192096,0.13304976605699703,0.10245852133866218
2006-11-13,0.13072730369613356,0.12857626544777379,0.1302859099469269,0.13049766056997014,0.05519215048723969
2006-11-14,0.13396354965082619,0.1308616895209075,0.1276322547508989,0.12573373032752022,0.1606614648416955
2006-11-15,0.1257026060296373,0.12705264939901817,0.1258346173600411,0.127520204168439,0.07133311818162291
2006-11-16,0.13268608414239486,0.12899949212798378,0.12600582092107526,0.12301148447469157,0.09830051260078582
2006-11-17,0.1262135922330097,0.12459793465380065,0.12660503338469442,0.1270097830710336,0.05438900310409581
2006-11-20,0.13183444047010734,0.12857626544777379,0.1284882725560692,0.12692471288813267,0.03403495370842061
2006-11-21,0.13345256344745365,0.1308616895209075,0.1325115562403698,0.13117822203317742,0.03341079345637735
2006-11-22,0.1367739737693749,0.13551718300321658,0.1343947954117446,0.13313483623989786,0.12195893980139588
2006-11-24,0.14392778061659,0.14068054850177758,0.14346858414655028,0.14164185452998723,0.21478441963835784
2006-11-27,0.14375745188213257,0.1411884205180295,0.14355418592706726,0.14334325818800508,0.13968784460759504
2006-11-28,0.14494975302333507,0.14093448450990353,0.13927409690121562,0.14223734581029346,0.1768207901905506
2006-11-29,0.14299097257707377,0.13822583375656006,0.1414997431946584,0.13874946831135682,0.08262766509543501
2006-11-30,0.1489524782830864,0.14702894870492644,0.14851908919705537,0.14921310080816674,0.1909928994428268
2006-12-01,0.15005961505706017,0.14804469273743015,0.1492895052217087,0.14691620586984266,0.19084603820705195
2006-12-04,0.1486118208141714,0.1445742339597088,0.1456086286594762,0.14691620586984266,0.05795956689887263
2006-12-05,0.15048543689320387,0.14694430336888442,0.1438965930491355,0.14427903019991495,0.1400045141472346
2006-12-06,0.14052120592743994,0.13873370577281197,0.13473720253381272,0.13475116971501488,0.19185570920300424
2006-12-07,0.1367739737693749,0.13306246825799906,0.1321691491183017,0.1350914504466184,0.14610384484551023
2006-12-08,0.14052120592743994,0.13780260707635017,0.1311419277520972,0.1293066780093577,0.17784881884097478
2006-12-11,0.1328564128768524,0.13153885220924333,0.13285396336243793,0.13373032752020408,0.04395267653684318
2006-12-12,0.1348151933231136,0.13120027086507535,0.13370998116760835,0.13330497660569973,0.03731638444526564
2006-12-13,0.13217509793902232,0.13128491620111737,0.1312275295326143,0.1329646958740961,0.06376976453921646
2006-12-14,0.13379322091636864,0.1304384628406975,0.1325971580208869,0.12990216928966392,0.0014547064344863914
2006-12-15,0.13311190597853867,0.12832232943964783,0.123095360383496,0.12037430880476385,0.23965904144772868
2006-12-18,0.12152955203542842,0.11892669713898762,0.12069851052901903,0.12071458953636749,0.07685418276403494
2006-12-19,0.12451030488843479,0.12502116133401053,0.12523540489642182,0.12717992343683537,0.09404612617693217
2006-12-20,0.12825753704649984,0.12476722532588458,0.1275466529703818,0.12564866014461928,0.03548061899807961
2006-12-21,0.1277465508431273,0.1239207719654647,0.12600582092107526,0.1236069757549979,0.012717127452972737
2006-12-27,0.13387838528359736,0.13035381750465547,0.13370998116760835,0.13075287111867284,0.039344905264406205
2006-12-28,0.1395843978879237,0.13534789233113254,0.13816127375449405,0.13653764355593356,0.015310146147123019
2007-01-03,0.14477942428887752,0.143558489927205,0.13225475089881877,0.13126329221607824,0.26876969202648127
2007-01-04,0.13191960483733606,0.13069239884882344,0.12814586543400108,0.12590387069332198,0.12172946912049762
2007-01-05,0.1206779083631409,0.11613340104960224,0.11222393425783261,0.11331348362398974,0.4724432789781542
2007-01-08,0.1175268267756771,0.1141019129845946,0.11385036808765625,0.11595065929391746,0.05863880011433148
2007-01-09,0.11548288196218709,0.11875740646690369,0.11564800547851395,0.11909825606125046,0.09020478697869538
2007-01-10,0.11820814171350708,0.1164719823937701,0.11564800547851395,0.11688643130582732,0.07158553593061101
2007-01-11,0.1202520865269972,0.11858811579481976,0.11967128916281466,0.11722671203743085,0.11170160036524387
2007-01-12,0.12280701754385964,0.12883020145589985,0.12283855504194485,0.13032752020416838,0.166779153194443
2007-01-16,0.13302674161130984,0.12899949212798378,0.13002910460537587,0.12862611654615053,0.045655348989108224
2007-01-17,0.13106796116504854,0.13407821229050276,0.13199794555726763,0.13432581880051042,0.10601990630620312
2007-01-18,0.13975472662238125,0.13627899102759433,0.13353877760657418,0.13109315185027648,0.10353244412526602
2007-01-19,0.13575200136262994,0.1360250550194685,0.13456599897277866,0.1373883453849425,0.04828967240582019
2007-01-22,0.1399250553568387,0.1389876417809378,0.13781886663242593,0.13500638026371747,0.07963536741652177
2007-01-23,0.14563106796116504,0.1458439140003387,0.1465502482451635,0.14785197788175242,0.18889553741941675
2007-01-24,0.1458865610628513,0.1468596580328424,0.14398219482965247,0.14870267971076134,0.13932987034539376
2007-01-25,0.15516947709078527,0.15083798882681565,0.1492039034411916,0.14640578477243726,0.17348428649029
2007-01-26,0.14971895758814519,0.14601320467242263,0.14732066426981683,0.1467460655040408,0.05912986737145373
2007-01-29,0.14707886220405392,0.1458439140003387,0.1464646464646464,0.1439387494683113,0.058794840177342295
2007-01-30,0.14767501277465517,0.14533604198408667,0.1479198767334361,0.14776690769885148,0.04075385524512151
2007-01-31,0.14827116334525642,0.15168444218723554,0.14894709809964057,0.15295618885580597,0.16961082139672742
2007-02-01,0.16070516096065418,0.1571863890299644,0.15844889573703136,0.15627392598894085,0.1872066332080056
2007-02-02,0.15482881962187028,0.1501608261384798,0.14766307139188495,0.14827732879625688,0.31543943910756833
2007-02-05,0.15414750468404032,0.1492297274420179,0.15142954973463452,0.14853253934495958,0.01597102170810999
2007-02-06,0.157298586271504,0.15270018621973924,0.15391200136962857,0.15261590812420245,0.03316755453462519
2007-02-07,0.15499914835632772,0.15312341289994924,0.15348399246704336,0.15125478519778812,0.03990022431217999
2007-02-08,0.15619144949753033,0.15701709835788047,0.1564800547851395,0.15882603147596763,0.11765865924136257
2007-02-09,0.15917220235053658,0.16353478923311326,0.15981852422530385,0.1639302424500213,0.21160854541472604
2007-02-12,0.16538920115823547,0.16124936515997967,0.1614449580551276,0.16010208421948102,0.0875421009858244
2007-02-13,0.16649633793220914,0.1631962078889454,0.16264338298236602,0.16154827732879629,0.0889016229818742
2007-02-14,0.16734798160449676,0.16590485864228877,0.16623865776408153,0.16605699702254362,0.09043912243802868
2007-02-15,0.16726281723726794,0.16480446927374304,0.16401301147063851,0.16639727775414714,0.2509122836389791
2007-02-16,0.16487821495486293,0.1636194345691553,0.16444102037322383,0.16597192683964268,0.04563699133463636
2007-02-20,0.16624084483052287,0.16116471982393765,0.15793528505392918,0.15703955763504884,0.11964587533794147
2007-02-21,0.15951285981945157,0.17479261892669706,0.1596473206642699,0.1737983836665249,0.40712674436727503
2007-02-22,0.17765287003917568,0.1735229388860674,0.17479883581578504,0.17269247128881327,0.20012583254257735
2007-02-23,0.17688639073411688,0.17970204841713233,0.1780517034754323,0.17754147171416412,0.271693148501125
2007-02-26,0.18216658150229942,0.1791941764008803,0.18044855332990928,0.18077413866439807,0.1399173152884933
2007-02-27,0.17680122636688816,0.1800406297613002,0.15853449751754833,0.15789025946405777,0.5972936870412766
2007-02-28,0.17160619996593435,0.16819028271542247,0.16255778120184905,0.16699276903445337,0.30844517275378946
2007-03-01,0.16734798160449676,0.16666666666666674,0.16290018832391717,0.1613781369629944,0.22517131822094502
2007-03-02,0.15338102537898152,0.15185373285931947,0.14372538948810143,0.14342832837090602,0.5290215700604279
2007-03-05,0.14086186339635504,0.14152700186219747,0.1375620612908749,0.13679285410463626,0.3504199497036983
2007-03-06,0.1454607392267076,0.14652107668867453,0.1447526108543058,0.14717141641854536,0.2196996816231985
2007-03-07,0.14954862885368764,0.148806500761808,0.14552302687895913,0.14844746916205864,0.18017565154528312
2007-03-08,0.15508431272355655,0.15219231420348744,0.15305598356445826,0.14997873245427473,0.09541836084870373
2007-03-09,0.1553398058252427,0.15371593025224306,0.15065913370998119,0.14802211824755418,0.3129703345811031
2007-03-12,0.15295520354283781,0.1496529541222278,0.14903269988015755,0.14904296044236498,0.10797040709383826
2007-03-13,0.15082609436211897,0.1492297274420179,0.1456942304399932,0.14351339855380685,0.09756620642191141
2007-03-14,0.14273547947538762,0.14389707127137297,0.1415853449751755,0.14538494257762646,0.23921845774040404
2007-03-15,0.1486118208141714,0.1472828847130523,0.1483478856360213,0.1457252233092301,0.22175114951042887
2007-03-16,0.15295520354283781,0.15176908752327745,0.15262797466187294,0.1511697150148873,0.1301464536958456
2007-03-19,0.15585079202861524,0.15134586084306756,0.15476801917479888,0.15219055720969787,0.03603134863223542
2007-03-20,0.15627661386475905,0.15642458100558665,0.1573360725903099,0.15669927690344532,0.10145802916994578
2007-03-21,0.16147164026571287,0.1594718131030981,0.15896250642013365,0.1613781369629944,0.13099549521516915
2007-03-22,0.16351558507920289,0.1614186558320636,0.16307139188495123,0.16086771586558912,0.11536854184599799
2007-03-23,0.16360074944643171,0.1594718131030981,0.15707926724875887,0.15567843470863463,0.15550296393510274
2007-03-26,0.15993868165559538,0.16006433045539192,0.1610169491525424,0.16154827732879629,0.07905710130065818
2007-03-27,0.1643672287514904,0.16006433045539192,0.16221537407978093,0.16035729476818372,0.04864764666802146
2007-03-28,0.16658150229943797,0.16438124259353315,0.1645266221537408,0.16333475116971496,0.18834021837164297
2007-03-29,0.1651337080565492,0.16031826646351788,0.1573360725903099,0.15993194385367926,0.14879783063925575
2007-03-30,0.1631749276102879,0.16209581852039945,0.16212977229926384,0.16069757549978725,0.09564324211598402
2007-04-02,0.1631749276102879,0.16150330116810563,0.1581920903954802,0.1616333475116971,0.1455944199339161
2007-04-03,0.16257877703968665,0.16218046385644147,0.16349940078753644,0.16146320714589535,0.08882796289330586
2007-04-04,0.16615568046329426,0.16861350939563235,0.16649546310563257,0.16980008507018285,0.22584490645765373
2007-04-05,0.17135070686424808,0.1684442187235483,0.17154596815613765,0.1702254359846873,0.06368256568047512
2007-04-09,0.17288366547436557,0.17047570678855595,0.1704331450094162,0.16741811994895783,0.050079543716826574
2007-04-10,0.17526826775677057,0.17343829355002538,0.174884437596302,0.1727775414717141,0.0245945298962664
2007-04-11,0.1761199114290582,0.1730150668698155,0.17342920732751244,0.17209698000850693,0.09873191748087454
2007-04-12,0.17441662408448316,0.17089893346876583,0.17060434857045037,0.17133134836239894,0.17513647539275742
2007-04-13,0.17807869187531938,0.17699339766378874,0.1766820749871597,0.17856231390897492,0.13111023055561827
2007-04-16,0.1836143757451883,0.1814796004740139,0.1808765622324945,0.18332624415142496,0.2619176974948594
2007-04-17,0.18506216998807706,0.18131030980192997,0.18344461564800552,0.17992343683538914,0.08963111027644974
2007-04-18,0.1832737182762732,0.18105637379380402,0.18318781030645437,0.18315610378562308,0.12516693992035346
2007-04-19,0.1856583205586782,0.18046385644151008,0.177195685670262,0.1759251382390472,0.14406614519913374
2007-04-20,0.18736160790325335,0.18342644320297952,0.1866118815271357,0.18587834963845173,0.05286531778293138
2007-04-23,0.18591381366036447,0.18274928051464367,0.1839582263311078,0.1821352615908124,0.012914472238545235
2007-04-24,0.18463634815193336,0.1814796004740139,0.17873651771956867,0.17762654189706506,0.13160129781274055
2007-04-25,0.18114460909555447,0.1777552056881666,0.18070535867146031,0.1789876648234794,0.018738438119742948
2007-04-26,0.17756770567194696,0.17242254951752167,0.17077555213148432,0.17031050616758825,0.11299581500551004
2007-04-27,0.17254300800545058,0.1736075842221093,0.17368601266906358,0.1761803487877499,0.13889846546530504
2007-04-30,0.17560892522568566,0.17318435754189943,0.1753980482794043,0.17218205019140786,0.018394232098395566
2007-05-01,0.17373530914665308,0.1687828000677163,0.17111795925355255,0.16877924287537216,0.07985565927018409
2007-05-02,0.168284789644013,0.16666666666666674,0.16743708269131996,0.16852403232666946,0.10523970599114904
2007-05-03,0.17279850110713685,0.1740308109023193,0.1723163841807911,0.17558485750744357,0.08483517304567623
2007-05-04,0.18020780105603812,0.18088708312172008,0.18139017291559667,0.18153977031050605,0.050836796963790815
2007-05-08,0.18199625276784198,0.17741662434399863,0.17959253552473897,0.17890259464057845,0.012349974363535535
2007-05-09,0.18080395162663948,0.17589300829524301,0.17437082691319983,0.17524457677584004,0.11204121697297331
2007-05-10,0.17424629535002562,0.16971389876417808,0.16478342749529196,0.1629094002552105,0.15285487227753689
2007-05-11,0.16649633793220914,0.16590485864228877,0.16760828625235402,0.16673755848575078,0.03356224410577019
2007-05-14,0.17075455629364672,0.16582021330624686,0.16649546310563257,0.16529136537643552,0.06386155281157574
2007-05-15,0.16445239311871912,0.1664973759945827,0.1654682417394282,0.16750319013185877,0.016567645478445456
2007-05-16,0.16854028274569927,0.16345014389707135,0.16067454203047415,0.15950659293917469,0.2323343373134564
2007-05-17,0.16061999659342535,0.15693245302183845,0.1555384351994522,0.15491280306252653,0.29838517810320997
2007-05-18,0.15746891500596144,0.15752497037413238,0.15665125834617355,0.15882603147596763,0.04370484820147305
2007-05-21,0.15934253108499413,0.15828677839851035,0.15844889573703136,0.16010208421948102,0.40151848092612163
2007-05-22,0.16283427014137292,0.15879465041476215,0.15930491354220166,0.15627392598894085,0.16891781994041474
2007-05-23,0.16130131153125532,0.15938716776705608,0.16178736517719572,0.1589961718417695,0.19440742317459284
2007-05-24,0.1607903253278828,0.1557474183172507,0.15382639958911148,0.1522756273925988,0.1845906674457655
2007-05-25,0.1565321069664452,0.1525308955476553,0.1556240369799693,0.15389196086771584,0.09289877277244091
2007-05-29,0.15789473684210537,0.1566785170137125,0.15742167437082688,0.15499787324542735,0.05217690574023662
2007-05-30,0.1556804632941578,0.15066869815473172,0.15451121383324773,0.1520204168438961,0.02472762289118738
2007-05-31,0.15823539431102024,0.15676316234975451,0.15853449751754833,0.1589961718417695,0.2444412104376483
2007-06-01,0.16283427014137292,0.16488911460978506,0.16392740969012165,0.16665248830284984,0.15735708703676063
2007-06-04,0.17058422755918928,0.16675131200270876,0.1690635165211436,0.16750319013185877,0.01928916775389876
2007-06-05,0.17135070686424808,0.16624343998645674,0.16846430405752444,0.16605699702254362,0.06993334702814358
2007-06-06,0.1663260091977517,0.16497375994582697,0.1654682417394282,0.16639727775414714,0.06381106926177812
2007-06-07,0.16768863907341164,0.1637040799051973,0.15930491354220166,0.1566142067205445,0.19220909405158756
2007-06-08,0.15585079202861524,0.1520230235314034,0.14714946070878276,0.14776690769885148,0.2344225205096305
2007-06-11,0.15125191619826267,0.15075334349077374,0.15228556753980493,0.15185027647809446,0.11021004093940523
2007-06-12,0.15278487480838016,0.14787540206534622,0.14860469097757234,0.1467460655040408,0.08568421456499978
2007-06-13,0.14793050587634143,0.14889114609785004,0.14851908919705537,0.1504040833687792,0.027407840444079012
2007-06-14,0.14971895758814519,0.1501608261384798,0.14894709809964057,0.15099957464908542,0.02566845268287024
2007-06-15,0.15201839550332147,0.15134586084306756,0.15279917822290712,0.15312632922160774,0.0379405446973089
2007-06-19,0.15508431272355655,0.15659387167767058,0.15579524054100324,0.1584857507443641,0.022703691485664784
2007-06-20,0.16044966785896791,0.1561706449974607,0.15451121383324773,0.15193534666099517,0.01771040946931876
2007-06-21,0.15457332652018402,0.1520230235314034,0.15048793014894712,0.1506592939174819,0.02308920222957385
2007-06-25,0.15244421733946528,0.1496529541222278,0.15125834617360046,0.14955338153977038,0.055931046079732066
2007-06-26,0.15005961505706017,0.1455053326561706,0.14415339839068653,0.14266269672479792,0.27861398423701644
2007-06-27,0.14443876681996254,0.14245810055865926,0.14449580551275465,0.14308804763930238,0.11411563192829352
2007-06-28,0.1481859989780276,0.14660572202471644,0.14860469097757234,0.14810718843045512,0.09295843514947444
2007-06-29,0.15082609436211897,0.148806500761808,0.15065913370998119,0.14819225861335594,0.025269173698107272
2007-07-02,0.15269971044115155,0.15380057558828508,0.1537407978085945,0.1545725223309229,0.02298364571636065
2007-07-05,0.15678760006813147,0.15185373285931947,0.14869029275808943,0.14946831135686944,0.09762127938532697
2007-07-06,0.14988928632260273,0.1515997968511935,0.1483478856360213,0.1540621012335176,0.2696049653049509
2007-07-09,0.1568727644353603,0.1576096157101744,0.1578496832734121,0.15763504891535507,0.14111515224278218
2007-07-10,0.16283427014137292,0.15913323175893013,0.1610169491525424,0.15959166312207562,0.08306824880275968
2007-07-11,0.16385624254811787,0.15879465041476215,0.16084574559150833,0.15814547001276047,0.0661424913797044
2007-07-12,0.16445239311871912,0.1627729812087355,0.16178736517719572,0.16307954062101226,0.1681835137615403
2007-07-13,0.16607051609606543,0.1622651091924835,0.1636706043485705,0.1631646108039132,0.07396285218471693
2007-07-16,0.16700732413558167,0.16192652784831552,0.1636706043485705,0.1613781369629944,0.10892959453999296
2007-07-18,0.1663260091977517,0.16708989334687663,0.16563944530046237,0.16818375159506593,0.13920136676409073
2007-07-19,0.17135070686424808,0.1697985441002201,0.1717171717171717,0.1715014887282008,0.11040279631135977
2007-07-20,0.1750127746550843,0.1772473336719147,0.17608286252354055,0.17635048915355167,0.14699878050101342
2007-07-23,0.18071878725941065,0.17555442695107504,0.1777092963533642,0.1754147171416418,0.0774370382935165
2007-07-24,0.18003747232158068,0.1772473336719147,0.1776236945728471,0.1754147171416418,0.07144785352207206
2007-07-25,0.17552376085845683,0.17064499746063988,0.1694915254237288,0.17056571671629095,0.24435860099252496
2007-07-26,0.16930676205075795,0.16708989334687663,0.1556240369799693,0.15993194385367926,0.39000364215864725
2007-07-27,0.1592573667177653,0.15701709835788047,0.15767847971237803,0.15789025946405777,0.14417170171234692
2007-07-30,0.1600238460228241,0.15964110377518204,0.15853449751754833,0.16095278604848995,0.03860142025829588
2007-07-31,0.16692215976835306,0.1636194345691553,0.15896250642013365,0.16112292641429182,0.08262307568181707
2007-08-01,0.16113098279679788,0.1608261384797698,0.16118815271357645,0.16231390897490428,0.190836859379816
2007-08-02,0.16504854368932037,0.1604029117995599,0.16264338298236602,0.16197362824330064,0.1434511637743264
2007-08-03,0.16411173564980414,0.16810563737938045,0.16521143639787705,0.16877924287537216,0.39148143334363195
2007-08-06,0.17101004939533299,0.1659895039783308,0.16829310049649027,0.1673330497660569,0.03520066476738373
2007-08-07,0.16615568046329426,0.16522769595395292,0.16572504708097924,0.16699276903445337,0.0890849700559119
2007-08-08,0.17160619996593435,0.17335364821398347,0.16803629515493934,0.1694598043385792,0.09391303318201119
2007-08-09,0.16496337932209165,0.159895039783308,0.1599897277863379,0.15831561037856223,0.33069464997368425
2007-08-10,0.16061999659342535,0.1684442187235483,0.16170176339667863,0.16775840068056136,0.30409440864395865
2007-08-13,0.16922159768352923,0.16471982393770102,0.16803629515493934,0.16512122501063375,0.06598645131669359
2007-08-14,0.1675183103389542,0.16455053326561708,0.16606745420304747,0.16537643555933645,0.11673159769053362
2007-08-15,0.16351558507920289,0.16395801591332326,0.16281458654340009,0.16401531263292213,0.1689499458357405
2007-08-16,0.16104581842956905,0.15871000507872024,0.14483821263482277,0.1516801361122927,0.7417684277348178
2007-08-17,0.15312553227729525,0.1580328423903843,0.1541688067111796,0.15448745214802218,0.19133251605055626
2007-08-20,0.15738375063873283,0.1552395463009989,0.1560520458825544,0.15542322415993193,0.10413365730921945
2007-08-21,0.1584057230454779,0.154393092940579,0.1556240369799693,0.15499787324542735,0.10428969737223026
2007-08-22,0.15874638051439277,0.15633993566954463,0.15939051532271875,0.15780518928115694,0.09385337080497763
2007-08-23,0.16232328393800038,0.15862535974267822,0.15904810820065052,0.15703955763504884,0.03768812694832083
2007-08-24,0.16044966785896791,0.16209581852039945,0.1605889402499573,0.16384517226712036,0.06618379610226607
2007-08-28,0.16496337932209165,0.16116471982393765,0.16204417051874687,0.15942152275627397,0.05816150109806309
2007-08-29,0.16445239311871912,0.16201117318435754,0.1641842150316727,0.16350489153551673,0.10388582897384932
2007-08-30,0.16428206438426168,0.16116471982393765,0.16332819722650227,0.16120799659719265,0.037729431670882496
2007-08-31,0.17058422755918928,0.16683595733875067,0.1704331450094162,0.1673330497660569,0.08647359370728977
2007-09-04,0.17169136433316295,0.17436939224648718,0.17154596815613765,0.1751595065929391,0.2035128197926356
2007-09-05,0.17688639073411688,0.1740308109023193,0.17659647320664273,0.1761803487877499,0.1864356117201875
2007-09-06,0.18174075966615572,0.18638902996444895,0.18267419962335218,0.18723947256486595,0.6276343004696439
2007-09-07,0.19315278487480841,0.19417640088031152,0.19217599726074308,0.19174819225861328,0.5853290857392416
2007-09-10,0.19911429058082092,0.19383781953614354,0.1898647491867831,0.19370480646533395,0.24748858107997715
2007-09-11,0.1982626469085335,0.20010157440325038,0.19662728984762878,0.20136112292641417,0.411991522802318
2007-09-12,0.2037131664111736,0.19950905705095645,0.1992809450436569,0.20085070182900888,0.2676361068628439
2007-09-13,0.20005109862033726,0.1963771796174032,0.19739770587228211,0.19761803487877494,0.11043492220668552
2007-09-14,0.1986033043774486,0.20238699847638397,0.19953775038520805,0.19685240323266684,0.2536567529825222
2007-09-17,0.2028615227388862,0.20467242254951745,0.2037322376305427,0.20518928115695445,0.24105422318759004
2007-09-18,0.2096746721171862,0.21110546808870834,0.20416024653312792,0.21139940450871963,0.5533179257539351
2007-09-19,0.21427354794753878,0.20941256136786868,0.2114363978770759,0.20910250957039556,0.4007474594383035
2007-09-20,0.21776528700391767,0.22041645505332652,0.21742852251326827,0.22007656316461077,0.4470454640163354
2007-09-21,0.22202350536535526,0.21957000169290675,0.21331963704845058,0.21684389621437683,0.35482119736332673
2007-09-24,0.22134219042752507,0.21643812425935327,0.21631569936654682,0.21633347511697143,0.1959494661502291
2007-09-25,0.21495486288536875,0.2160995429151854,0.21477486731724027,0.2167588260314759,0.1513265975427545
2007-09-26,0.21861693067620508,0.21897748434061293,0.21657250470809786,0.21395150999574641,0.33103426658141366
2007-09-27,0.22202350536535526,0.2178770949720671,0.21931176168464306,0.219906422798809,0.161652778183176
2007-09-28,0.2266223811957077,0.2263416285762655,0.22419106317411397,0.22679710761378136,0.3043651840474185
2007-10-01,0.22917731221257026,0.22786524462502122,0.22889916110255104,0.23011484474691624,0.12014612142229966
2007-10-02,0.22032021802078022,0.21686135093956327,0.21468926553672318,0.21692896639727766,0.39082973660988096
2007-10-03,0.21861693067620508,0.21660741493143731,0.21229241568224622,0.2131008081667376,0.2746992144208922
2007-10-04,0.2147845341509113,0.22007787370915866,0.21135079609655882,0.22135261590812416,0.3199921374165897
2007-10-05,0.22330097087378648,0.2249873031995937,0.216829310049649,0.2258613356018715,0.3851205060691323
2007-10-08,0.22210866973258386,0.21863890299644495,0.22025338127033045,0.21846022968949375,0.056982021798246074
2007-10-09,0.21895758814512017,0.2221093617741663,0.21768532785481942,0.22322415993194378,0.2391174906408088
2007-10-10,0.2301141202520865,0.22651091924834943,0.22324944358842658,0.22552105487026797,0.11063685640587598
2007-10-11,0.23335036620677913,0.23302861012358222,0.22881355932203395,0.23019991492981706,0.371095258052631
2007-10-12,0.23292454437063542,0.23302861012358222,0.23283684300633456,0.23598468736707778,0.06415986469674348
2007-10-15,0.241951967296883,0.23819197562214323,0.23917137476459505,0.24066354742662688,0.20654642219411054
2007-10-16,0.24092999489013806,0.24030810902319288,0.2330936483478857,0.24049340706082512,0.20270508299587373
2007-10-17,0.2446772270482031,0.24208566108007445,0.2376305427152885,0.2352190557209698,0.3281291677612418
2007-10-18,0.24527337761880424,0.24496360250550198,0.24636192432802606,0.2479795831561037,0.1579399425662422
2007-10-19,0.2513200476920457,0.2474183172507196,0.23934257832562922,0.2454274776690769,0.3351922753192901
2007-10-22,0.23428717424629547,0.23455222617233795,0.2336072590309879,0.2360697575499786,0.29517258857063444
2007-10-23,0.24297393970362807,0.23869984763839525,0.24036979969183359,0.24142917907273498,0.040932842376222134
2007-10-24,0.2406745017884518,0.24149314372778063,0.2417394281801062,0.24389621437686082,0.1586558910906448
2007-10-25,0.25004258218361436,0.250211613340105,0.24405067625406607,0.2482347937048064,0.19650937461162085
2007-10-26,0.2579628683358884,0.2596918909768071,0.2578325629173087,0.2623564440663546,0.2908814868378371
2007-10-29,0.2698858797479135,0.2646013204672423,0.26622153740797816,0.2660144619310931,0.21458707485278536
2007-10-30,0.2646908533469597,0.2590147282884713,0.26074302345488787,0.2594640578477243,0.1562143230458873
2007-10-31,0.26571282575370475,0.2699339766378873,0.2597158020886835,0.27026797107613776,0.30601737294988596
2007-11-01,0.2709930165218873,0.26951074995767743,0.26493751070022253,0.2643981284559762,0.24504242362160175
2007-11-02,0.2722704820303185,0.27797528356187584,0.2647663071391886,0.2805614632071458,0.35368302278607144
2007-11-05,0.28189405552716756,0.28085322498730314,0.2787193973634652,0.27988090174393865,0.12942591575782508
2007-11-06,0.293391245103049,0.29168782800067716,0.29233008046567377,0.29417269247128885,0.25189556550662806
2007-11-07,0.3119570771589167,0.30624682579989837,0.29772299263824686,0.3010633772862611,0.6569881899701486
2007-11-08,0.3053142565150742,0.3095479939055358,0.3011470638589283,0.30097830710336027,0.6953556878163368
2007-11-09,0.29986373701243413,0.30108346030133737,0.29678137305255947,0.3005529561888558,0.21783637969430467
2007-11-12,0.28811105433486633,0.2825461317081429,0.2713576442390002,0.2675457252233091,0.6929875503894668
2007-11-13,0.27950945324476245,0.2782292195700018,0.26801917479883586,0.2745214802211825,0.4237450110779266
2007-11-14,0.2864077669902913,0.28457761977315055,0.28556753980482796,0.2843896214376861,0.16052378243315654
2007-11-15,0.27763583716573,0.2745894701201964,0.2632254750898818,0.264568268821778,0.39971025196064336
2007-11-16,0.27048203031851475,0.26908752327746743,0.26211265194316047,0.26286686516376,0.26954530292791734
2007-11-19,0.2662238119570773,0.2618926697138988,0.2530388632083548,0.25852828583581444,0.17847297909301804
2007-11-20,0.2678419349344235,0.2791603182664636,0.2632254750898818,0.27749893662271363,0.44897760714949864
2007-11-21,0.27865780957247493,0.2750126968004063,0.27401129943502833,0.2765631646108039,0.23220583373215334
2007-11-23,0.28495997274740253,0.292449636025055,0.28650915939051536,0.29264142917907265,0.140215627173661
2007-11-26,0.3037812979049566,0.297866937531742,0.29601095702790614,0.2930667800935771,0.24023730756359227
2007-11-27,0.29058082098450017,0.28635517183003223,0.28471152199965766,0.2828583581454699,0.23057659189777577
2007-11-28,0.27967978197922,0.2777213475537499,0.27572333504536906,0.27834963845172256,0.3442839036964789
2007-11-29,0.2784874808380174,0.2731504994074827,0.27161444958055125,0.26737558485750734,0.32598591160165213
2007-11-30,0.2705671946857435,0.2669713898764178,0.26048621811333683,0.2592088472990216,0.33518309649205413
2007-12-03,0.2623914154317834,0.26443202979515834,0.2632254750898818,0.26737558485750734,0.18630710813888443
2007-12-04,0.2729517969681485,0.27560521415270023,0.2740969012155452,0.2769034453424075,0.25313814924369216
2007-12-05,0.2782319877363311,0.27247333671914675,0.2708440335558979,0.2703530412590386,0.2514997285820786
2007-12-06,0.26690512689490725,0.2758591501608262,0.26750556411573356,0.2766482347937048,0.21273754116474544
2007-12-07,0.2761880429228412,0.2754359234806162,0.2708440335558979,0.2700978307103359,0.28097753225026845
2007-12-10,0.2773803440640437,0.28136109700355516,0.27889060092449924,0.28200765631646096,0.12138067368553226
2007-12-11,0.2824902060977687,0.28271542238022684,0.2750385208012327,0.2721395150999575,0.3384461695744273
2007-12-12,0.28504513711463125,0.2866091078381582,0.285824345146379,0.28617609527860477,0.34413245304708606
2007-12-13,0.28112757622210877,0.27560521415270023,0.2717856531415853,0.26924712888132707,0.33738142561505946
2007-12-14,0.271078180889116,0.2667174538682918,0.2676767676767676,0.26941726924712883,0.2120674867765225
2007-12-17,0.268693578606711,0.26857965126121564,0.26759116589625065,0.26609953211399395,0.19690544100685123
2007-12-18,0.28112757622210877,0.2753512781445743,0.27623694572847113,0.275627392598894,0.20891478909166142
2007-12-19,0.2780616590018737,0.27518198747249023,0.27760657421674373,0.2755423224159931,0.15757737889042298
2007-12-20,0.2753363992505536,0.271288302014559,0.2722992638246876,0.2706933219906422,0.18997542644372398
2007-12-21,0.2859819451541475,0.2815303876756391,0.28565314158534505,0.2828583581454699,0.11001728556745069
2007-12-24,0.2864077669902913,0.28415439309294055,0.2875363807567197,0.2831986388770735,0.03016607802847604
2007-12-26,0.29364673820473525,0.29295750804130694,0.2948981338811847,0.29493832411739673,0.16937217188859324
2007-12-27,0.3006302163174928,0.29718977484340614,0.2980653997603151,0.29527860484900037,0.13063733737642313
2007-12-28,0.3048884346789303,0.3043846284069748,0.30645437425098443,0.307528711186729,0.1344145165722808
2007-12-31,0.30795435189916537,0.30277636702217714,0.30328710837185413,0.3029349213100807,0.07391943633189096
2008-01-02,0.31493783001192305,0.3223294396478754,0.31578496832734115,0.32335176520629516,0.46298550718252407
2008-01-03,0.3260943621188896,0.32910106653123417,0.32571477486731715,0.32939174819225847,0.33726251390821793
2008-01-04,0.3300970873786408,0.32579989842559676,0.3242595445985277,0.32564866014461924,0.2843789761532233
2008-01-07,0.3292454437063533,0.32334518368037934,0.3254579695257661,0.32258613356018706,0.2175291184525819
2008-01-08,0.33810253789814343,0.3391738615202302,0.3390686526279746,0.33968524032326664,0.3381708047573494
2008-01-09,0.34048714018054854,0.33976637887252414,0.3402670775552131,0.3377286261165461,0.36165483424047684
2008-01-10,0.33929483903934604,0.3504316912138141,0.3412086971409005,0.35219055720969794,0.4918911486549622
2008-01-11,0.35309146653040374,0.3529710512950738,0.3535353535353535,0.3549978732454274,0.21904559839436608
2008-01-14,0.3650996423096577,0.3629592009480278,0.3633795582948125,0.36316461080391316,0.36164271818852534
2008-01-15,0.3663771078180889,0.36642965972574915,0.3540489642184558,0.3499787324542747,0.9938832754241123
2008-01-17,0.3484925907000512,0.34636871508379896,0.3417223078240027,0.3373032752020416,0.522821272262557
2008-01-18,0.34568216658150236,0.3419671576096157,0.34206471494607094,0.34512973202892383,0.31615006391217404
2008-01-22,0.33691023675694093,0.3502624005417302,0.3357301831878102,0.3515099957464908,0.8480308845507304
2008-01-23,0.34559700221427353,0.3522092432706958,0.3439479541174457,0.34912803062526576,0.5544126385842283
2008-01-24,0.367399080224834,0.36558320636532926,0.36449238144153395,0.3677584006805614,0.38651320952564006
2008-01-25,0.377703968659513,0.37260876925681397,0.36765964732066425,0.36962994470438104,0.3441655427192716
2008-01-28,0.37795946176119916,0.37946504147621474,0.3783598698852936,0.3819651212250106,0.2904614637035209
2008-01-29,0.3813660364503492,0.3780260707635009,0.37887348056839587,0.376860910250957,0.3163614523034175
2008-01-30,0.3758303525804803,0.3853055696631116,0.37579181646978255,0.3846022968949383,0.5586143385397477
2008-01-31,0.37761880429228417,0.377518198747249,0.3782742681047765,0.37898766482347934,0.25633095840357434
2008-02-01,0.38468744677227057,0.3792957508041308,0.3652627974661873,0.36154827732879613,0.7999340134110009
2008-02-04,0.35709419179015506,0.35940409683426444,0.3552473891456942,0.3594215227562738,0.37091048826037176
2008-02-05,0.35189916538920124,0.35237853394277974,0.34882725560691663,0.3473415567843471,0.41146296003593696
2008-02-06,0.3612672457843638,0.3605044862028103,0.3612395137818867,0.3581454700127604,0.30205491912627114
2008-02-07,0.3608414239482201,0.3629592009480278,0.36175312446498886,0.36580178647384076,0.310553641158155
2008-02-08,0.369783682507239,0.3719316065684781,0.3718541345659989,0.3755848575074435,0.3176855899204728
2008-02-11,0.37864077669902924,0.37582529202640935,0.37570621468926557,0.378392173543173,0.21232559539839688
2008-02-12,0.3768523249872254,0.37531742001015755,0.3642355760999828,0.36137813696299437,0.3681023637499474
2008-02-13,0.36024527337761886,0.3633824276282377,0.36055469953775043,0.36231390897490423,0.3595344792548407
2008-02-14,0.3644183273718277,0.3643981716607415,0.36637562061290874,0.3646108039132283,0.2148380698835519
2008-02-15,0.3723386135241015,0.3661757237176232,0.3602122924156822,0.3598468736707784,0.15512906440764715
2008-02-19,0.38025889967637544,0.3798882681564246,0.38032871083718545,0.3805189281156953,0.28307998852279437
2008-02-20,0.3769374893544542,0.3914846791941765,0.3783598698852936,0.39464057847724365,0.3868773794962256
2008-02-21,0.3990802248339295,0.39918740477399695,0.39779147406266047,0.3947256486601446,0.49344030522170634
2008-02-22,0.4001021972406746,0.39495513797189774,0.39205615476801914,0.39591663122075704,0.2464961203850922
2008-02-25,0.4013796627491058,0.3948704926358557,0.3900017120356103,0.3903870693321989,0.44744579856623046
2008-02-26,0.39047862374382564,0.3970712713729474,0.3906009244992297,0.3986388770735856,0.2866616128043905
2008-02-27,0.40861863396354975,0.40528186896901985,0.40592364321177876,0.4077413866439812,0.35434646841868445
2008-02-28,0.4116845511837847,0.414931437277806,0.4102037322376305,0.41803487877498924,0.41332226917498316
2008-02-29,0.41934934423437237,0.4162857626544777,0.4166238657764081,0.41965121225010626,0.3277897347300571
2008-03-03,0.43382728666326015,0.4289825630607753,0.42912172573189533,0.42866865163760093,0.4260440778298462
2008-03-04,0.43178334184977013,0.4265278483155579,0.40951891799349427,0.411144193960017,0.8790705574613861
2008-03-05,0.42173394651677737,0.43245302183849677,0.42270159219311765,0.4327520204168438,0.6038386039077205
2008-03-06,0.4292284108329076,0.4251735229388862,0.4169662728984763,0.4223734581029348,0.7500366694148075
2008-03-07,0.42599216487821495,0.4200101574403251,0.42090395480225984,0.4188855806039983,0.3607642585279107
2008-03-10,0.4123658661216148,0.4171322160148977,0.41371340523882894,0.41701403658017855,0.39769577474717377
2008-03-11,0.425310849940385,0.42254951752158465,0.41636706043485705,0.41803487877498924,0.5573614745161795
2008-03-12,0.4258218361437575,0.42593533096326397,0.42535524738914565,0.4267120374308805,0.2741574341432914
2008-03-13,0.44217339465167776,0.4373624513289318,0.43810991268618393,0.43802637175669923,0.5726465624649484
2008-03-14,0.43817066939192645,0.44413407821229056,0.4405067625406609,0.44117396852403223,0.7048792259091123
2008-03-18,0.4494123658661216,0.44396478754020663,0.42629686697483304,0.4223734581029348,0.8609666975625991
2008-03-24,0.3753193663771079,0.37624851870661935,0.3700564971751412,0.3679285410463631,0.556400038257352
2008-03-25,0.3860500766479305,0.3870831217199934,0.3828967642526965,0.3903019991492981,0.6260820231016395
2008-03-26,0.3962698007153807,0.39732520738107335,0.3981338811847287,0.3994045087196937,0.4673974022817463
2008-03-27,0.3996763754045309,0.3980870154054512,0.3971922615990413,0.39651212250106327,0.24607673976868252
2008-03-28,0.3864758984840742,0.38420518029456585,0.3814415339839069,0.3830710336027221,0.30199860702117864
2008-03-31,0.3915857605177994,0.3858980870154055,0.37159732922444777,0.3705657167162908,0.4112041630020199
2008-04-01,0.35155850792028615,0.34916201117318446,0.3381270330422873,0.3403658017864738,0.9853952467259581
2008-04-02,0.3466189746210186,0.3614355848992722,0.3481424413627804,0.36086771586558897,0.5204842051658807
2008-04-03,0.35777550672798514,0.36135093956323017,0.3517377161444958,0.36214376860910247,0.3267667085404765
2008-04-04,0.36535513541134396,0.36634501438970724,0.3660332134908406,0.3692045937898766,0.23048145335347534
2008-04-07,0.37600068131493786,0.378280006771627,0.37707584317753806,0.3770310506167588,0.27498293197075474
2008-04-08,0.37012433997615407,0.3676146944303369,0.36954288649203904,0.3700552956188855,0.16373719806018336
2008-04-09,0.3723386135241015,0.38352801760623,0.37399417907892485,0.38655891110165885,0.38437679159234106
2008-04-10,0.3895418157043093,0.38513627899102765,0.38024310905666836,0.38213526159081235,0.2548623001516893
2008-04-11,0.3817918582864929,0.37895716945996283,0.37664783427495285,0.3781369629944703,0.19931405706183167
2008-04-14,0.3810253789814341,0.3802268495005926,0.3810135250813217,0.3765206295193534,0.11469894639913689
2008-04-15,0.384517118037813,0.37963433214829867,0.3837527820578668,0.3811994895789025,0.20333176742540685
2008-04-16,0.3969511156532107,0.3948704926358557,0.3977058722821435,0.39489578902594624,0.28756508476922316
2008-04-17,0.39797308805995574,0.39317758591501617,0.3931689779147407,0.38885580603998293,0.21433231650285214
2008-04-18,0.367399080224834,0.3693922464872186,0.3630371511727444,0.3723521905572097,0.42156508550352934
2008-04-21,0.3765116675183104,0.3708312171999324,0.3709981167608286,0.3692045937898766,0.44614938100742774
2008-04-22,0.3733605859308466,0.37489419332994756,0.3729669577127205,0.36937473415567834,0.5433940990054006
2008-04-23,0.3612672457843638,0.3596580328423904,0.35858585858585856,0.3604423649510846,0.7326650963529031
2008-04-24,0.3549650826094363,0.36270526493990185,0.3471152199965759,0.34342832837090587,0.9474258346169924
2008-04-25,0.35556123318003746,0.35009310986964626,0.34788563602122924,0.34385367928541033,0.41196063604866906
2008-04-28,0.3517288366547437,0.3499238191975623,0.35199452148604693,0.3474266269672479,0.2695352980062302
2008-04-29,0.3419349344234373,0.3372270187912647,0.3337613422359186,0.33143343258187996,0.5728851201848102
2008-04-30,0.33656957928802583,0.3362959200948029,0.330080465673686,0.338579327945555,0.7111401039667403
2008-05-01,0.3230284448986545,0.31742001015744037,0.3168977914740626,0.3159506592939174,0.7096568513795501
2008-05-02,0.3183444047010731,0.3193668528864061,0.32023626091422697,0.32096980008507014,0.3001102009997946
2008-05-05,0.33299267586441844,0.3320636532927037,0.33162129772299265,0.33534666099532107,0.2379397094240304
2008-05-06,0.33852835973428724,0.33934315219231426,0.3405238828967643,0.33840918757975313,0.3928212208611245
2008-05-07,0.3312042241526146,0.33045539190790585,0.3308508816983393,0.3315185027647808,0.23007015010503332
2008-05-08,0.3421904275251236,0.3414592855933639,0.3412942989214176,0.34359846873670763,0.29482324240603497
2008-05-09,0.3473854539260774,0.34306754697816155,0.3363293956514296,0.34512973202892383,0.3543673961447824
2008-05-12,0.3435530574007836,0.34349077365837144,0.3444615648005479,0.3414717141641853,0.12883383550697142
2008-05-13,0.3282234712996083,0.3307939732520738,0.32845403184386235,0.3278604849000425,0.23690250194637028
2008-05-14,0.33341849770056214,0.32800067716268844,0.3299948638931689,0.32624415142492547,0.29590675706710035
2008-05-15,0.34534150911258726,0.34315219231420346,0.33966786509159397,0.34155678434708625,0.33189478163478214
2008-05-16,0.3571793561573838,0.35754189944134085,0.35499058380414306,0.3594215227562738,0.45294882675312387
2008-05-19,0.36612161471640264,0.36092771288302017,0.36226673514809116,0.36188855806039977,0.17099870596893627
2008-05-20,0.36646227218531774,0.37337057728119183,0.36817325800376655,0.3747341556784347,0.38915028659052275
2008-05-21,0.3749787089081929,0.38132723886913833,0.37716144495805515,0.38375159506592926,0.41965997401657584
2008-05-22,0.3800034065746892,0.37726426273912306,0.37621982537236776,0.37541471714164176,0.3056016638643707
2008-05-23,0.38111054334866296,0.38039614017267653,0.3801575072761513,0.3775414717141642,0.1769791249603704
2008-05-27,0.36842105263157904,0.362366683595734,0.3647491867830851,0.36163334751169707,0.2478292532528387
2008-05-28,0.3569238630556975,0.35661080074487894,0.35781544256120523,0.35976180348787745,0.2707136299526427
2008-05-29,0.34372338613524106,0.34315219231420346,0.3385550419448724,0.33738834538494256,0.48164583348248924
2008-05-30,0.3471299608243911,0.3439140003385813,0.34591679506933737,0.34538494257762653,0.12566805799329908
2008-06-02,0.3482370975983649,0.351193499238192,0.35002568053415506,0.349723521905572,0.14104741249778102
2008-06-03,0.34125361948560734,0.3410360589131539,0.3421503167265879,0.34053594215227556,0.28414468658802616
2008-06-04,0.3450008516436724,0.34162857626544785,0.34249272384865603,0.338579327945555,0.2272787310601784
2008-06-05,0.33546244251405216,0.33646521076688685,0.33478856360212295,0.33687792428753716,0.5473517339447167
2008-06-06,0.350962357349685,0.3555104113763332,0.352165725047081,0.3590812420246703,0.6988237700050245
2008-06-09,0.3573496848918413,0.35703402742508883,0.3534497517548365,0.3499787324542747,0.319695110567235
2008-06-10,0.33810253789814343,0.33604198408667696,0.330080465673686,0.3292216078264567,0.5371819146262593
2008-06-11,0.34057230454777715,0.33891992551210426,0.34069508645779834,0.341726924712888,0.36486063144089775
2008-06-12,0.3288196218702096,0.3302014558997799,0.327683615819209,0.32964695874096117,0.3498109345165943
2008-06-13,0.3300119230114121,0.32977822921957,0.3294812532100668,0.3316035729476817,0.2855917287017705
2008-06-16,0.3544540964060638,0.34823091247672255,0.34600239684985445,0.3416418545299872,0.21982589049769255
2008-06-17,0.3418497700562085,0.3424750296258676,0.3436911487758946,0.34368353891960857,0.14138404598665874
2008-06-18,0.3498552205757111,0.35000846453360424,0.34737202533812706,0.35244576775840064,0.25774587462199294
2008-06-19,0.3644183273718277,0.3592348061621805,0.35815784968327347,0.3536367503190131,0.38182393026734796
2008-06-20,0.3597342871742463,0.3601659048586423,0.36141071734292074,0.3581454700127604,0.3603880642936461
2008-06-23,0.3443195367058423,0.3414592855933639,0.3440335558979627,0.34232241599319435,0.4854888707637647
2008-06-24,0.34678930335547614,0.3485694938208904,0.34831364492381434,0.3455550829434283,0.23829552666183126
2008-06-25,0.3478964401294499,0.34298290164211953,0.33881184728642355,0.34512973202892383,0.39902858635596705
2008-06-26,0.3655254641458014,0.3707465718638904,0.36765964732066425,0.37226712037430876,0.7437486679226973
2008-06-27,0.3781297904956567,0.3788725241239208,0.37750385208012327,0.37958315610378557,0.5638178156997965
2008-06-30,0.38587974791347307,0.37954968681225676,0.3764766307139189,0.37898766482347934,0.23331211188476383
2008-07-01,0.39133026741611315,0.3918232605383444,0.39197055298750216,0.38970650786899186,0.6092344692866344
2008-07-02,0.3892011582353944,0.39165396986626044,0.39017291559664435,0.3940450871969374,0.4257974427420168
2008-07-03,0.38826435019587807,0.38615202302353147,0.3863208354733779,0.3846022968949383,0.3398700810435372
2008-07-07,0.3746380514392778,0.3774335534112071,0.3733093648347885,0.3775414717141642,0.46331649569265176
2008-07-08,0.37446772270482037,0.3732012866091079,0.37134052388289684,0.3743938749468311,0.4135084157913278
2008-07-09,0.3772781468233691,0.3773489080751651,0.37930148947098097,0.37983836665248827,0.420736007933444
2008-07-10,0.39022313064213937,0.3939393939393939,0.39205615476801914,0.3971076137813696,0.6709482224191387
2008-07-14,0.4131323454266736,0.41594718131030983,0.41405581236089717,0.4173543173117821,0.8739449626504341
2008-07-16,0.42318174075966614,0.4184865413915694,0.40909090909090917,0.40484900042535077,0.8119909996091655
2008-07-18,0.4057230454777721,0.40519722363297794,0.40635165211436397,0.4025521054870267,0.29275029606307246
2008-07-21,0.41023675694089595,0.40705942102590154,0.41003252867659645,0.4106337728626116,0.23502648734175471
2008-07-22,0.4185828649293137,0.4130692398848824,0.3971066598185242,0.39310931518502756,0.7043731053753232
2008-07-24,0.3789814341679441,0.37717961740308115,0.37407978085944193,0.378392173543173,0.4986850871043168
2008-07-25,0.3785556123318004,0.37811071609954294,0.3764766307139189,0.3814547001276052,0.247578212327936
2008-07-28,0.3816215295520355,0.38039614017267653,0.3799863037151172,0.3817949808592088,0.3030756047149066
2008-07-29,0.38025889967637544,0.3742170306416117,0.37271015237116933,0.372096980008507,0.49506459048937657
2008-07-30,0.3600749446431613,0.3610970035551041,0.35550419448724535,0.3629944704381113,0.6963806874537731
2008-07-31,0.37872594106625784,0.3731166412730659,0.37082691319979455,0.3677584006805614,0.40249974345177875
2008-08-01,0.3655254641458014,0.36727611308616903,0.3665468241739429,0.36341982135261575,0.3987004432822825
2008-08-04,0.3619485607221939,0.36075842221093624,0.35516178736517723,0.3512547851977881,0.5862959375061383
2008-08-05,0.3466189746210186,0.3415439309294058,0.3371854134565999,0.33373032752020404,0.8252485764097898
2008-08-06,0.34253108499403856,0.3380734721516845,0.3377846259202192,0.33849425776265407,0.4680541932646133
2008-08-07,0.3411684551183785,0.3362112747587609,0.33350453689436743,0.333815397703105,0.35595602166864104
2008-08-08,0.32166581502299435,0.3184357541899442,0.3191234377675055,0.31969374734155676,0.5189651092583343
2008-08-11,0.3226026230625106,0.31682749280514644,0.29147406266050335,0.29162058698426196,0.9803340872822024
2008-08-12,0.29092147845341504,0.28737091586253605,0.28248587570621464,0.28643130582730747,0.8226757970296947
2008-08-13,0.28964401294498393,0.29448112409006266,0.28967642526964565,0.29527860484900037,0.6797821552216787
2008-08-14,0.2906659853517288,0.2881327238869138,0.28017462763225476,0.27647809442790294,0.6120607219808496
2008-08-18,0.27210015329586107,0.2717961740308109,0.26759116589625065,0.27179923436835385,0.5445620588770366
2008-08-19,0.26690512689490725,0.28322329439647875,0.26664954631056326,0.2856656741811995,0.6679584948118514
2008-08-20,0.2858967807869189,0.2844083291010665,0.27615134394795415,0.28251807741386636,0.5743096282776904
2008-08-21,0.3017373530914666,0.31725071948535644,0.30131826741996237,0.30046788600595487,0.6803714359302255
2008-08-22,0.29730880599557147,0.29541222278652446,0.2943845231980825,0.2911952360697575,0.259229861515362
2008-08-25,0.2939873956736501,0.29016421195192155,0.29113165553843523,0.2899191833262441,0.19775636418575818
2008-08-26,0.28981434167944137,0.29448112409006266,0.29147406266050335,0.2924712888132709,0.2924948034069603
2008-08-27,0.30071538068472153,0.2961740308109023,0.2948981338811847,0.2935772011909825,0.2245520227473368
2008-08-28,0.31067961165048547,0.3053157271034366,0.2972093819551447,0.3005529561888558,0.3280401790311894
2008-08-29,0.30429228410832915,0.2997291349246657,0.2998630371511728,0.29655465759251376,0.1339690221923849
2008-09-02,0.26894907170839727,0.27704418486541404,0.26904639616504034,0.27520204168438955,0.48076182063139683
2008-09-03,0.2777210015329586,0.27619773150499405,0.27212806026365355,0.27256486601446184,0.3903894741615095
2008-09-04,0.282064384261625,0.276959539529372,0.2704160246533128,0.2683113568694172,0.3978541095169935
2008-09-05,0.2853006302163175,0.2811071609954292,0.270672829994864,0.27333049766056994,0.39176166293914494
2008-09-08,0.28547095895077496,0.28178432368376505,0.2732408834103749,0.27230965546575914,0.3587964097567996
2008-09-09,0.2623914154317834,0.26036905366514307,0.2541516863550761,0.2521480221182475,0.8256917760828767
2008-09-11,0.23019928461931533,0.22744201794481134,0.22222222222222232,0.22313908974904284,0.9899691940200308
2008-09-12,0.23573496848918424,0.2414084983917386,0.23052559493237468,0.24415142492556352,0.7063442126301029
2008-09-15,0.256004087889627,0.2596072456407652,0.2520972436226674,0.2612505316886431,0.6791340382305497
2008-09-16,0.2564299097257708,0.255882850854918,0.2546652970381784,0.2547001276052744,0.6877648435863587
2008-09-23,0.36016010901039014,0.3558489927205011,0.34386235233692863,0.35278604849000417,0.9251283521306537
2008-09-24,0.3585419860330438,0.3529710512950738,0.3436911487758946,0.3390897490429603,0.6904947644887329
2008-09-25,0.34525634474535866,0.34484509903504323,0.3292244478685157,0.33687792428753716,0.8483861051647609
2008-09-26,0.34448986544029986,0.3649060436769934,0.3427495291902072,0.33849425776265407,0.9077321798117568
2008-09-30,0.34687446772270486,0.34112070424919594,0.3223763054271528,0.32513823904721384,0.8368992159262199
2008-10-01,0.3376767160619997,0.3469612324360928,0.33067967813730537,0.3327945555082943,0.6692840551471283
2008-10-02,0.3234542667347982,0.31826646351786014,0.3002054442732409,0.3018290089323691,0.9384256732532095
2008-10-06,0.3343553057400784,0.3334179786693754,0.322718712549221,0.31841769459804337,0.8936394215209353
2008-10-07,0.3457673309487312,0.34399864567462335,0.3336757404554015,0.34385367928541033,0.8300568132690594
2008-10-09,0.3467041389882474,0.36837650245471476,0.3423215202876221,0.36622713738834534,0.8172846128526712
2008-10-13,0.31536365184806675,0.3118334179786695,0.29421331963704844,0.2989366227137388,0.6805321571951266
2008-10-14,0.30505876341338795,0.3068393431521924,0.30011984249272383,0.30072309655465757,0.46717343889718965
2008-10-15,0.3033554760688129,0.31598103944472666,0.30414312617702444,0.3101658868566567,0.6747144329164494
2008-10-17,0.2600919775166071,0.28542407313357043,0.24353706557096388,0.25827307528711174,0.6026907915618674
2008-10-20,0.2656276613864759,0.2666328085322499,0.2629686697483308,0.26924712888132707,0.3270715373929818
2008-10-21,0.24970192471469949,0.2529202640934485,0.2425954459852765,0.2482347937048064,0.39721186697529554
2008-10-22,0.23726792709930172,0.23184357541899447,0.16649546310563257,0.21148447469162046,0.9675427949051634
2008-10-23,0.19638903082950093,0.21271372947350597,0.19645608628659483,0.2024670353041259,0.6631557193547872
2008-10-24,0.1934934423437234,0.22744201794481134,0.19277520972436224,0.2157379838366651,0.9301877675972345
2008-10-27,0.20907852154658496,0.22473336719146775,0.206899503509673,0.21548277328796261,0.456823714564908
2008-10-28,0.22525975132004777,0.2263416285762655,0.21528847800034245,0.22917907273500637,0.2876822524988898
2008-10-29,0.24246295350025554,0.24801083460301343,0.23163841807909602,0.23096554657592505,0.6387659232000182
2008-10-30,0.2411003236245955,0.2386152023023531,0.21896935456257494,0.21999149298170984,0.3988663046904358
2008-10-31,0.221768012263669,0.21846961232436102,0.20587228214346853,0.20833687792428757,0.33562886623676713
2008-11-03,0.21265542497019246,0.21254443880142204,0.20980996404725227,0.20629519353466597,0.21114987941774657
2008-11-04,0.22628172372679284,0.2423395970882004,0.22513268275980136,0.2435559336452573,0.4239776943483574
2008-11-05,0.23624595469255666,0.2380226849500593,0.22110939907550076,0.22075712462781782,0.3723571173268905
2008-11-06,0.23658661216147164,0.23632977822921963,0.2150316726587913,0.21582305401956603,0.3897826618929422
2008-11-07,0.22151251916198272,0.2203318097172846,0.21828454031843858,0.21820501914079116,0.1765345943573343
2008-11-10,0.2403338443195367,0.23582190621296772,0.22607430234548875,0.22739259889408758,0.17854668507572255
2008-11-11,0.22125702606029646,0.21669206026747923,0.21400445129258683,0.21437686091025088,0.282224338247861
2008-11-12,0.21180378129790506,0.21017436939224654,0.19876733436055471,0.19693747341556778,0.35946637235675016
2008-11-13,0.20362800204394477,0.2141527001862198,0.19054956343091944,0.21522756273925991,0.6712421743613693
2008-11-14,0.22832566854028274,0.23023531403419684,0.22436226673514814,0.22501063377286257,0.4866797318093543
2008-11-17,0.22014988928632268,0.2263416285762655,0.219140558123609,0.21948107188430455,0.25268292530692615
2008-11-18,0.21972406745017886,0.22346368715083798,0.21896935456257494,0.2182900893236921,0.2726587611263449
2008-11-19,0.228581161641969,0.2381073302861012,0.21785653141585348,0.21616333475116967,0.5400797162787786
2008-11-20,0.22628172372679284,0.22972744201794482,0.22153740797808608,0.22628668651637596,0.5224338339649285
2008-11-24,0.2884517118037813,0.2933807347215168,0.28959082348912857,0.28974904296044224,0.8120365265922558
2008-11-25,0.29603134048714025,0.2905027932960894,0.28017462763225476,0.2894087622288388,0.7030503904764894
2008-11-26,0.28904786237438257,0.2853394277975284,0.28060263653483997,0.2852403232666949,0.31832971412175415
2008-11-28,0.28495997274740253,0.2851701371254445,0.28462592021914057,0.2846448319863887,0.06698497003755424
2008-12-01,0.2603474706182934,0.2563060775351279,0.2484163670604348,0.24500212675457256,0.5022457377656788
2008-12-02,0.25821836143757465,0.25613678686304386,0.2543228899161103,0.2560612505316886,0.2177381662428802
2008-12-03,0.2505535683869869,0.25461317081428814,0.24473549049820242,0.2495108464483199,0.3894990820254881
2008-12-04,0.2470618293306081,0.2587607922803453,0.24413627803458304,0.24372607401105906,0.4417061861073309
2008-12-05,0.2360756259580991,0.23489080751650593,0.22564629344290366,0.23538919608677145,0.5133824088510329
2008-12-08,0.25464145801396704,0.250211613340105,0.24696113679164533,0.24959591663122072,0.23263067575076837
2008-12-09,0.24680633622892184,0.2521584560690706,0.2461051189864749,0.25078689919183317,0.34017922394484335
2008-12-10,0.2778061659001874,0.2797528356187574,0.27401129943502833,0.27988090174393865,0.6356211193065799
2008-12-11,0.29807528530063027,0.2952429321144405,0.29053244307481596,0.2875372182050191,0.5411486366045388
2008-12-12,0.28930335547606884,0.29261892669713896,0.2863379558294813,0.2888983411314334,0.47423388459533944
2008-12-15,0.2959461761199114,0.3044692737430168,0.29686697483307656,0.30412590387069316,0.5877751055152085
2008-12-16,0.3048884346789303,0.3180971728457762,0.30285909946926903,0.31994895789025934,0.7564740563201825
2008-12-17,0.32941577244081083,0.3373116641273066,0.32742681047765787,0.32820076563164613,0.9158953698140315
2008-12-18,0.32592403338443193,0.3221601489757915,0.3159561718883752,0.3149298170991067,0.6907429599771925
2008-12-19,0.3071878725941067,0.3031149483663451,0.3035439137134053,0.30438111441939586,0.3182050656478903
2008-12-22,0.31502299437915177,0.3110716099542916,0.310220852593734,0.31144193960016997,0.20604723167488445
2008-12-23,0.3095724748765118,0.30751650584052825,0.29994863893168977,0.30438111441939586,0.18894115619077936
2008-12-26,0.31459717254300806,0.3293550025393601,0.3130457113507962,0.32964695874096117,0.1320316930218333
2008-12-29,0.339976153977176,0.3380734721516845,0.337271015237117,0.3360272224585281,0.3159866348932383
2008-12-30,0.3352069494123659,0.33087861858811585,0.33153569594247567,0.33219906422798806,0.2256778518019598
2008-12-31,0.3270311701584058,0.33891992551210426,0.32297551789077217,0.3374734155678434,0.25898900908869116
2009-01-02,0.3351217850451372,0.3347723040460471,0.3363293956514296,0.33500638026371754,0.19309907314038335
2009-01-05,0.3154488162152956,0.3184357541899442,0.31407293271700043,0.3201190982560612,0.3385647600223155
2009-01-06,0.31331970703457684,0.32706957846622653,0.3120184899845917,0.32564866014461924,0.4898667583080778
2009-01-07,0.3234542667347982,0.3175893008295243,0.3052559493237459,0.30540195661420666,0.5123690204300501
2009-01-08,0.3220916368591383,0.32021330624682587,0.31843862352336927,0.31994895789025934,0.3907609412997476
2009-01-09,0.3130642139328906,0.32537667174538687,0.312788906009245,0.3153551680136112,0.3055094625447857
2009-01-12,0.29926758644183277,0.2960893854748604,0.2885636021229242,0.28847299021692896,0.5762156576473675
2009-01-13,0.2926247657979902,0.2942271880819367,0.2916452662215374,0.28949383241173954,0.3586936068917572
2009-01-14,0.28947368421052627,0.2880480785508719,0.280859441876391,0.2802211824755423,0.615146551909297
2009-01-15,0.2843638221768013,0.2847469104452345,0.27666495463105634,0.28532539344959584,0.6659798609187382
2009-01-16,0.3033554760688129,0.30421533773489084,0.3012326656394453,0.305061675882603,0.6546483692253015
2009-01-20,0.32013285641287687,0.3235144743524633,0.3168977914740626,0.32045937898766474,0.6676719777196819
2009-01-21,0.3191108840061318,0.31598103944472666,0.31184728642355763,0.31731178222033174,0.4623367017793524
2009-01-22,0.31894055527167436,0.3208904689351617,0.3191234377675055,0.32096980008507014,0.7511302348916963
2009-01-26,0.3631408618633964,0.36507533434907735,0.3606403013182675,0.3581454700127604,0.776958720427425
2009-01-27,0.3561573837506388,0.3536482139834096,0.3549049820236262,0.35329646958740946,0.44412393509541115
2009-01-28,0.35505024697666493,0.3497545285254783,0.3448895737031331,0.34512973202892383,0.7459182673164542
2009-01-29,0.3415091125872936,0.3596580328423904,0.34009587399417907,0.36282433007230963,0.8713953139149736
2009-01-30,0.3757451882132516,0.3760792280345353,0.3689436740284199,0.37822203317737124,0.8754792036229198
2009-02-02,0.3687617101004939,0.3853055696631116,0.3601266906351652,0.3572096980008507,0.6788968573347733
2009-02-03,0.36416283427014146,0.3611816488911461,0.3376990241397021,0.35406210123351756,0.7055186689085035
2009-02-04,0.3603304377448476,0.3592348061621805,0.3592706728299948,0.3601020842194811,0.5537044002747039
2009-02-05,0.3761710100493954,0.3704079905197224,0.36594761171032353,0.36809868141216495,0.6879557172987298
2009-02-06,0.36254471129279514,0.36465210766886746,0.3646635850025681,0.3635899617184176,0.47492142464944687
2009-02-09,0.355731561914495,0.35203995259861187,0.35139530902242766,0.35278604849000417,0.875098098716084
2009-02-13,0.3910747743144269,0.38691383104790933,0.3864064372538949,0.388770735857082,0.5741750207762755
2009-02-19,0.42011582353943117,0.4190790587438632,0.4183359013867488,0.4161633347511696,0.8765407349927551
2009-03-04,0.3719127916879578,0.36642965972574915,0.35867146036637565,0.35848575074436395,0.8108954147902849
2009-03-05,0.369102367569409,0.38183511088539024,0.36534839924670437,0.38400680561463196,1.0
2009-03-06,0.3851984329756431,0.38843744709666506,0.38221195000856023,0.38655891110165885,0.9266172496965939
2009-03-09,0.38928632260262314,0.38318943626206203,0.3682588597842834,0.3719268396427051,0.7391342878946505
2009-03-11,0.3569238630556975,0.362028102251566,0.3529361410717343,0.3604423649510846,0.6648158938369498
2009-03-12,0.3729347640947029,0.37675639072287115,0.37313816127375454,0.37643555933645245,0.8229980197598121
2009-03-13,0.38570941917901563,0.37946504147621474,0.37621982537236776,0.3781369629944703,0.4354263537714608
2009-03-16,0.3722534491568728,0.37159302522431015,0.37219654168806715,0.3738834538494257,0.4397343445463723
2009-03-17,0.37199795605518654,0.3684611477907568,0.3697996918335902,0.3674181199489579,0.3602095819980434
2009-03-20,0.3994208823028446,0.40045708481462683,0.39873309364834786,0.3976180348787749,0.7284228718751371
2009-03-23,0.3990802248339295,0.3965633993566955,0.3886320835473378,0.38477243726074006,0.7092466954845127
2009-03-24,0.3762561744166241,0.377518198747249,0.37407978085944193,0.3751595065929392,0.6791452363997775
2009-03-26,0.39294839039345936,0.38649060436769933,0.3876904639616504,0.3834963845172267,0.4664703866250536
2009-03-27,0.3768523249872254,0.3741323853055698,0.3754494093477144,0.3729476818375158,0.4322384093900137
2009-03-30,0.3695281894055527,0.3787878787878789,0.3697996918335902,0.3669076988515525,0.6527959442066822
2009-03-31,0.3730199284619315,0.37066192652784835,0.3683444615648005,0.3694598043385793,0.5596873434436279
2009-04-01,0.3811957077158918,0.3751481293380735,0.3737373737373737,0.3758400680561462,0.46338097695398417
2009-04-03,0.3609265883154488,0.3587269341459286,0.3507104947782914,0.346575925138239,0.648954237855356
2009-04-06,0.3391245103048885,0.33333333333333337,0.32888204074644756,0.3268396427052317,0.9501631903694276
2009-04-07,0.3380173735309147,0.3487387844929746,0.3391542544084917,0.339344959591663,0.40411365664467236
2009-04-08,0.3457673309487312,0.3424750296258676,0.3399246704331451,0.3382390472139515,0.4600409394052377
2009-04-09,0.33852835973428724,0.33705772811918067,0.3385550419448724,0.3356869417269247,0.3397313430698661
2009-04-13,0.353006302163175,0.3503470458777722,0.35139530902242766,0.3490429604423648,0.2330267421459988
2009-04-14,0.3508771929824562,0.34492974437108526,0.34660160931347384,0.34470438111441937,0.22768801496662852
2009-04-15,0.3478112757622211,0.346030133739631,0.34822804314329747,0.3458102934921309,0.21346689077691247
2009-04-16,0.3474706182933061,0.3418825122735738,0.334959767163157,0.33143343258187996,0.8640665252025813
2009-04-17,0.3335888264350196,0.33274081598103955,0.32845403184386235,0.32641429179072723,0.9236953995167163
2009-04-20,0.3359734287174247,0.340951413577112,0.3376990241397021,0.3411314334325818,0.48042817026137075
2009-04-21,0.3514733435530574,0.3455222617233791,0.3405238828967643,0.3406210123351765,0.38782674559723784
2009-04-22,0.34448986544029986,0.34501438970712717,0.3445471665810649,0.3447894512973202,0.3616281238532203
2009-04-23,0.3502810424118548,0.3581344167936348,0.35156651258346183,0.35686941726924704,0.6616637927758591
2009-04-24,0.3621188894566513,0.36211274758760803,0.3619243280260229,0.36469587409612925,0.4231264499104973
2009-04-27,0.3640776699029126,0.36168952090739814,0.3628659476117103,0.3586558911101658,0.2272084212435512
2009-04-28,0.3470447964571623,0.346114779075673,0.347200821777093,0.3479370480646533,0.2921298073419236
2009-04-29,0.35539090444558,0.3531403419671577,0.35199452148604693,0.3528711186729051,0.2704105450773123
2009-04-30,0.3427865780957248,0.3446758083629593,0.3423215202876221,0.34385367928541033,0.34468102565684144
2009-05-01,0.34210526315789475,0.34222109361774167,0.3436055469953775,0.3411314334325818,0.17973327796664743
2009-05-04,0.3489184125361949,0.35652615540883703,0.35096730011984245,0.3555082943428328,0.3951683846677604
2009-05-05,0.36731391585760514,0.3611816488911461,0.3537921588769046,0.35219055720969794,0.3556897897846628
2009-05-06,0.3651848066768864,0.36084306754697815,0.36200992980654,0.36316461080391316,0.41907528272164707
2009-05-07,0.37089081928121276,0.36600643304553926,0.36543400102722134,0.36231390897490423,0.578389525195789
2009-05-08,0.36731391585760514,0.3642288809886576,0.36260914227015917,0.3669076988515525,0.40085687105895584
2009-05-11,0.366717765287004,0.36355171830032174,0.36765964732066425,0.36444066354742655,0.45921048501106687
2009-05-12,0.37319025719638915,0.37057728119180644,0.3715117274439309,0.37303275202041675,0.6222643652776715
2009-05-13,0.373530914665304,0.37616387337057733,0.3745933915425441,0.3763504891535516,0.6994104806419451
2009-05-14,0.37744847555782673,0.3741323853055698,0.3779318609827085,0.3758400680561462,0.2670796863558018
2009-05-15,0.37957758473854547,0.3787878787878789,0.3813559322033898,0.3802637175669926,0.4360447772564816
2009-05-18,0.382813830693238,0.37675639072287115,0.37313816127375454,0.37014036580178644,0.6951869809717404
2009-05-19,0.37523420200987906,0.37489419332994756,0.3768190378359869,0.3752445767758399,0.3407811255408394
2009-05-20,0.3828989950604668,0.38412053495852383,0.3849512069851052,0.3862186303700552,0.7385353235233699
2009-05-21,0.38979730880599556,0.3961401726764856,0.38846087998630374,0.39982985963419804,0.9006242795767974
2009-05-22,0.40597853857945837,0.4008803114948367,0.4044684129429892,0.4023819651212249,0.6059105864738231
2009-05-26,0.39490717083972077,0.39597088200440167,0.3963362437938709,0.39906422798809016,0.46600479061351097
2009-05-27,0.40154999148356335,0.39969527679024897,0.3984762883067967,0.39642705231816244,0.527883762636262
2009-05-28,0.40504173053994214,0.40435077027255806,0.4044684129429892,0.4031475967673329,0.5859314003824634
2009-05-29,0.4183273718276274,0.4172168613509396,0.4197055298750214,0.41982135261590803,0.7312574773021371
2009-06-01,0.42488502810424117,0.42068732012866106,0.4201335387776065,0.4158230540195661,0.7213447110404219
2009-06-02,0.42250042582183617,0.42246487218554263,0.4241568224619071,0.42118247554232235,0.5658668053036733
2009-06-03,0.42003065917220245,0.41603182664635174,0.408834103749358,0.40459378987664807,0.7343950299220589
2009-06-04,0.4144098109351047,0.41840189605552736,0.41645266221537414,0.42007656316461073,0.5245240365030944
2009-06-05,0.40589337421222965,0.4040121889283902,0.4024995719910973,0.3986388770735856,0.7524364279015053
2009-06-08,0.39754726622381203,0.3947858472998138,0.394024995719911,0.3973628243300722,0.42916864240922925
2009-06-09,0.4061488673139159,0.40062637548671076,0.401386748844376,0.3996597192683964,0.3339027418809143
2009-06-10,0.4081076477601772,0.4018114101912985,0.3967642526964561,0.399914929817099,0.5616936056067214
2009-06-11,0.39644012944983814,0.4018114101912985,0.3976202705016264,0.39855380689068476,0.5770076068612835
2009-06-12,0.3903082950093681,0.3868291857118674,0.389060092449923,0.38553806890684805,0.532590160407349
2009-06-15,0.3859649122807019,0.37954968681225676,0.3796438965930492,0.37643555933645245,0.5009573057865714
2009-06-16,0.38570941917901563,0.38141188420518035,0.38349597671631563,0.3834963845172267,0.3504122853829562
2009-06-17,0.38349514563106796,0.38369730827831394,0.37322376305427163,0.38706933219906414,0.45544450398443714
2009-06-18,0.3888605007664793,0.38462840697477574,0.38306796781373054,0.380774138664398,0.6442723475529889
2009-06-19,0.3851984329756431,0.38234298290164215,0.3854648176682075,0.383241173968524,0.44086448764979613
2009-06-22,0.37327542156361776,0.36888437447096667,0.37305255949323746,0.37167162909400253,0.49340602230198016
2009-06-23,0.3754045307443366,0.3721855425766041,0.3715117274439309,0.3749042960442365,0.44790717231724453
2009-06-24,0.3875830352580481,0.38318943626206203,0.38084232152028763,0.3794130157379838,0.45478899803738315
2009-06-25,0.38783852835973437,0.38318943626206203,0.38666324259544593,0.3867290514674606,0.4240927050536236
2009-06-26,0.39371486969851816,0.3882681564245811,0.38846087998630374,0.38655891110165885,0.3769120644485847
2009-06-29,0.3895418157043093,0.38378195361435596,0.38657764081492885,0.38443215652913654,0.19839906566881801
2009-07-01,0.3894566513370806,0.38886067377687494,0.389060092449923,0.3874096129306678,0.3918406926416462
2009-07-02,0.38230284448986546,0.37684103605891317,0.38118472864235575,0.37771161207996584,0.2367974502686551
2009-07-06,0.3738715721342191,0.3713390892161843,0.3750214004451292,0.37354317311782215,0.18730668242487727
2009-07-07,0.3773633111905979,0.3751481293380735,0.37621982537236776,0.3731178222033176,0.2516956965435657
2009-07-08,0.3707204905467553,0.36592178770949735,0.36183872624550584,0.36086771586558897,0.9065001517260143
2009-07-09,0.3666326009197752,0.3656678517013714,0.3662044170518747,0.36290940025521057,0.5269904791696612
2009-07-10,0.36382217680122636,0.3615202302353141,0.3647491867830851,0.3635048915355167,0.13008367051755185
2009-07-13,0.3650996423096577,0.36930760115117656,0.3642355760999828,0.3686941726924712,0.30315408368777375
2009-07-14,0.37710781808891164,0.3728627052649399,0.3769902413970211,0.3739685240323266,0.16137539402410614
2009-07-15,0.38826435019587807,0.38479769764685967,0.38931689779147405,0.3861335601871543,0.3514387077386142
2009-07-16,0.3868165559529893,0.38141188420518035,0.38520801232665636,0.38392173543173114,0.11011150622902752
2009-07-17,0.38809402146142064,0.3829355002539361,0.3876904639616504,0.3834963845172267,0.30027390538354737
2009-07-20,0.4005280190768183,0.3956323006602337,0.3968498544769731,0.3949808592088472,0.5034130092252721
2009-07-21,0.3997615397717595,0.3933468765871001,0.3949666153055983,0.3937048064653338,0.32780979046756764
2009-07-22,0.3938000340657469,0.3958015913323176,0.3953090224276665,0.3963419821352615,0.3688753127914851
2009-07-23,0.3970362800204395,0.39732520738107335,0.3985618900873138,0.3948107188430455,0.3469040917192475
2009-07-24,0.3994208823028446,0.3948704926358557,0.4004451292586886,0.3960867715865588,0.11602579177022679
2009-07-27,0.4029977857264521,0.39690198070086347,0.40070193460023973,0.3986388770735856,0.136113150340562
2009-07-28,0.3931187191279169,0.3873370577281192,0.3860640301318268,0.38502764780944265,0.39844026942428
2009-07-29,0.3840061318344405,0.378280006771627,0.37887348056839587,0.3772862611654615,0.3428838112840463
2009-07-30,0.3829841594276954,0.38039614017267653,0.38426639274096897,0.38085920884729896,0.18549565391709202
2009-07-31,0.3856242548117868,0.3975791433891993,0.3876048621811333,0.3955763504891534,0.5591563482880294
2009-08-03,0.40504173053994214,0.40147282884713054,0.4031843862352338,0.3999999999999999,0.35846849615379606
2009-08-04,0.40538238800885723,0.4079058743863213,0.4060948467728128,0.40689068481497237,0.4288352674040202
2009-08-05,0.41134389371486973,0.40621296766548165,0.406266050333847,0.4077413866439812,0.31122475111151005
2009-08-06,0.4124510304888435,0.4073980023700694,0.4041260058209212,0.4062101233517651,0.5257059022979929
2009-08-07,0.4065746891500596,0.4027425088877603,0.40275637733264846,0.3989791578051892,0.26786089634185184
2009-08-10,0.39456651337080567,0.3900457084814627,0.39419619928094496,0.39200340280731605,0.1934253804486207
2009-08-11,0.3926077329245445,0.388606737768749,0.3925697654511213,0.3908124202467035,0.12962858426319443
2009-08-12,0.3919264179867144,0.3930082952429321,0.3930833761342236,0.3921735431731178,0.2618225130564228
2009-08-13,0.4025719638903083,0.39774843406128324,0.40147235062489306,0.3987239472564865,0.20889955223844978
2009-08-14,0.4024867995230796,0.3965633993566955,0.39248416367060435,0.39259889408762216,0.18280896529099913
2009-08-17,0.3824731732243229,0.3792111054680888,0.3828967642526965,0.380774138664398,0.2123512961146575
2009-08-18,0.3851984329756431,0.3820890468935162,0.38700564971751417,0.3846022968949383,0.09895762484260606
2009-08-19,0.3840912962016693,0.38699847638395135,0.38614963191234375,0.38860059549128023,0.2255038212375666
2009-08-20,0.3894566513370806,0.3850516336549856,0.3900873138161274,0.386388770735857,0.08109392895844728
2009-08-21,0.4006983478112757,0.3956323006602337,0.40104434172230785,0.3981284559761803,0.2331881977170788
2009-08-24,0.40078351217850455,0.3947858472998138,0.3859784283513097,0.3869842620161633,0.29104684341049236
2009-08-25,0.39873956736501454,0.39275435923480617,0.39325457969525757,0.3905572096980008,0.2789469461949997
2009-08-26,0.39252256855731565,0.38759099373624517,0.3908577298407806,0.3908124202467035,0.1386331055699143
2009-08-27,0.39362970533128944,0.3914846791941765,0.3923129601095703,0.3942152275627392,0.21433451942138873
2009-08-28,0.4044455799693408,0.3985948874217031,0.4030131826741996,0.3999999999999999,0.20896931132544286
2009-08-31,0.39652529381706697,0.39309294057897415,0.39693545625749016,0.396001701403658,0.12626518659913252
2009-09-01,0.39882473173224325,0.3969866260369054,0.3981338811847287,0.4002552105487026,0.2660104906652244
2009-09-04,0.43059104070856763,0.4297443710851533,0.4233008046567368,0.4311356869417269,0.583206803199886
2009-09-08,0.442769545222279,0.43660064330455395,0.43519945214860467,0.43028498511271795,0.9538515185176415
2009-09-09,0.43774484755578275,0.43423057389537845,0.4305769560006848,0.4273075287111866,0.8368176620462285
2009-09-10,0.4296542326690513,0.43143727780599295,0.43083376134223583,0.43258188005104203,0.46124657836267713
2009-09-11,0.44609095554420025,0.4424411714914509,0.4427324088341037,0.44176945980433846,0.79381852797679
2009-09-14,0.43927780616590023,0.4348230912476724,0.43810991268618393,0.4347937048064652,0.34112840646931086
2009-09-15,0.43578606710952145,0.4404943287624852,0.43665468241739436,0.44279030199914926,0.6447021002441752
2009-09-16,0.45503321410321934,0.44828169967834774,0.45326142783769907,0.45138239047213935,0.6600489617002419
2009-09-17,0.452052461250213,0.44878957169459965,0.44932374593391544,0.4465333900467885,0.47212734374469345
2009-09-18,0.45264861182081423,0.4470120196377181,0.44615648005478514,0.4408336877924287,0.5385889829473912
2009-09-21,0.4374893544540965,0.43643135263247,0.43810991268618393,0.438196512122501,0.40915457677437284
2009-09-22,0.45358541986033046,0.44675808362959213,0.4521486046909776,0.44934070608251797,0.3984086942585885
2009-09-23,0.4477942428887754,0.447181310309802,0.44624208183530223,0.4421948107188429,0.5750218134829261
2009-09-24,0.44949753023335043,0.4433722701879127,0.43305940763567885,0.43130582730752864,0.9703830912050497
2009-09-25,0.42999489013796627,0.4269510749957678,0.42989214175654855,0.42662696724797955,0.3911491139035551
2009-09-28,0.43118719127916877,0.42957508041306935,0.4318609827084403,0.4270523181624839,0.25647180750750964
2009-09-29,0.43101686254471133,0.4288979177247334,0.4314329738058552,0.43028498511271795,0.3238381119225806
2009-09-30,0.44055527167433156,0.4401557474183173,0.43665468241739436,0.4423649510846447,0.7557122136596003
2009-10-01,0.4450689831374554,0.43846284069747765,0.43939393939393934,0.43419821352615895,0.4058478583684928
2009-10-02,0.43655254641458024,0.43846284069747765,0.4381955144667009,0.43828158230540193,0.3796174319881027
2009-10-05,0.44200306591722033,0.44675808362959213,0.443502824858757,0.45061675882603136,0.43613665731711326
2009-10-07,0.4744506898313747,0.46944303368884377,0.47320664269816815,0.47222458528285827,0.6419650657506931
2009-10-09,0.4810083461079884,0.4756221432199086,0.477829138846088,0.47630795406210114,0.5955260743863173
2009-10-12,0.48381877022653724,0.4812933807347216,0.4851052901900359,0.4824330072309655,0.32000870519975055
2009-10-13,0.4864588656106286,0.48620281022515666,0.48715973292244474,0.488387920034028,0.6954147994637362
2009-10-14,0.491483563277125,0.4878957169459963,0.4897277863379559,0.4877073585708209,0.7189264113227075
2009-10-15,0.4827967978197922,0.48154731674284756,0.4797979797979798,0.4764780944279029,0.623254439477475
2009-10-16,0.47794242888775346,0.479261892669714,0.4791987673343605,0.47920034028073155,0.556011498500455
2009-10-19,0.48185998978027594,0.48417132216014913,0.4810820065057353,0.4881327094853253,0.5383559784180071
2009-10-20,0.4919093851132687,0.4849331301845269,0.4814244136278035,0.48124202467035293,0.7364385581237302
2009-10-21,0.4837336058593085,0.4858642288809887,0.48527649375106996,0.4840493407060824,0.6335877796031405
2009-10-22,0.4844149207971385,0.4827323514474353,0.48407806882383153,0.4854955338153977,0.4303652402218412
2009-10-23,0.49327201498892864,0.4868799729134925,0.482879643896593,0.48183751595065916,0.4230300263303838
2009-10-26,0.4839890989609947,0.4817166074149315,0.4724362266735148,0.46797107613781364,0.886722670363164
2009-10-27,0.4710441151422245,0.46554934823091254,0.467984934086629,0.4678860059549127,0.7441431739172977
2009-10-28,0.46772270482030326,0.4652954122227866,0.4631056325971581,0.45835814547001275,0.7868484937269141
2009-10-29,0.46959632089933573,0.4714745217538515,0.47038178394110597,0.47503190131858775,0.6022245989265546
2009-10-30,0.47479134730028955,0.4706280683934315,0.4702105803800719,0.4736707783921734,0.5984709175284209
2009-11-02,0.4847555782660535,0.484086676824107,0.48536209553158705,0.48575074436410026,0.6085662965579949
2009-11-05,0.5129449838187703,0.5090570509564923,0.5140386920047937,0.511527009783071,0.36673159769053365
2009-11-06,0.5177993527508091,0.5161672591840191,0.5179763739085773,0.5153551680136111,0.5774807295111595
2009-11-09,0.5289558848577756,0.522177078043,0.5252525252525252,0.521820501914079,0.7456218370908698
2009-11-10,0.5233350366206779,0.5224310140511259,0.5234548878616675,0.5235219055720969,0.6321582690494167
2009-11-11,0.5357690342360757,0.5303030303030303,0.534583119328882,0.5338153977031049,0.7097309245153441
2009-11-12,0.5329586101175268,0.5290333502624006,0.527050162643383,0.5219906422798808,0.7184085877841926
2009-11-13,0.5258048032703118,0.5310648383274083,0.5272213662044171,0.5350063802637174,0.6905148202262434
2009-11-17,0.549395332992676,0.5496021669206027,0.5508474576271187,0.5539770310506167,0.8088792853879129
2009-11-18,0.5630216317492762,0.558913153885221,0.5585516178736517,0.5563589961718417,0.9238805823562013
2009-11-19,0.555867824902061,0.5530726256983242,0.5496490326998802,0.556784347086346,0.8739912698338393
2009-11-20,0.5549310168625448,0.5576434738445912,0.5563259715802089,0.5622288387920032,0.6931753491947139
2009-11-24,0.5803951626639414,0.5734721516844423,0.5771272042458483,0.5774564015312632,0.9367818829776628
2009-11-27,0.5663430420711975,0.5819366852886407,0.56899503509673,0.5802637175669927,0.873281746488502
2009-11-30,0.5782660534832227,0.5826138479769766,0.5796952576613593,0.5851977881752445,0.652373855836238
2009-12-10,0.5457332652018396,0.5414762146605723,0.5434857045026537,0.5441939600170139,0.8410365723028154
2009-12-14,0.5401975813319708,0.5386829185711868,0.5388632083547338,0.5392598894087621,0.6486139328355839
2009-12-15,0.5396014307613695,0.5375825292026409,0.5379215887690464,0.5390046788600594,0.819359670325898
2009-12-16,0.5471810594447284,0.5489250042322669,0.5485362095531586,0.5507443641003827,0.94743955696371
2009-12-21,0.5330437744847556,0.526832571525309,0.5159219311761684,0.5112717992343683,0.9698028516413304
2009-12-23,0.5115823539431104,0.511173184357542,0.5114706385892827,0.5078689919183325,0.6762785050774518
2009-12-24,0.5222278998467043,0.5189605552734046,0.5240541003252868,0.5232666950233942,0.2655140996883054
2009-12-28,0.5285300630216319,0.5224310140511259,0.5252525252525252,0.5248830284985111,0.3410507076967587
2009-12-29,0.5273377618804294,0.5200609446419503,0.5213148433487417,0.5156954487452147,0.4055881893459884
2009-12-30,0.5114971895758815,0.5110885390215,0.5123266563944531,0.5111016588685665,0.3303865626375103
2009-12-31,0.5229092147845342,0.5167597765363129,0.5195172059578839,0.5143343258188005,0.31755332302000305
2010-01-04,0.5385794583546244,0.5339427797528357,0.5372367745249101,0.5355168013611228,0.6433367037986943
2010-01-05,0.5390904445579969,0.5360589131538853,0.5368087656223249,0.5346660995321139,0.5510438254120972
2010-01-07,0.5492250042582183,0.543676993397664,0.5484506077726417,0.5441939600170139,0.5233550210663264
2010-01-08,0.5530574007835123,0.5461317081428814,0.5453689436740284,0.5488728200765631,0.6282949924540862
2010-01-11,0.568557315619145,0.5631454206873202,0.5647149460708782,0.5614632071458953,0.6905592457500653
2010-01-13,0.5479475387497872,0.5460470628068393,0.5394624208183529,0.5503190131858783,0.8172719919652218
2010-01-14,0.5529722364162835,0.5528186896901982,0.5499058380414313,0.554487452148022,0.7393882660442688
2010-01-15,0.5516096065406233,0.5497714575926868,0.5463961650402328,0.5445342407486174,0.7252119804256002
2010-01-19,0.5482030318514735,0.5475706788555952,0.5502482451634993,0.5501488728200764,0.3794629982198582
2010-01-20,0.5398569238630557,0.5331809717284578,0.5299606231809622,0.528200765631646,0.7036868044628927
2010-01-25,0.5183103389541817,0.5134586084306755,0.5180619756890943,0.5157805189281156,0.504572019740353
2010-01-26,0.5134559700221428,0.5157440325038091,0.5153227187125492,0.5164610803913228,0.46311217499838
2010-01-27,0.5190768182592405,0.5226003047232098,0.5102722136620441,0.5076988515525307,0.7709671491608991
2010-01-28,0.5160960654062341,0.5093109869646183,0.5018832391713748,0.5072735006380263,0.6694141650231976
2010-01-29,0.5050246976664963,0.5014389707127138,0.502653655196028,0.5028498511271797,0.8294336626880122
2010-02-01,0.5114971895758815,0.5198916539698664,0.5120698510529019,0.5231816248404932,0.5826559817774578
2010-02-02,0.5329586101175268,0.5293719316065685,0.5312446498887177,0.5298170991067629,0.5563316101003081
2010-02-03,0.5324476239141542,0.5288640595903167,0.5297038178394111,0.5261590812420246,0.5134168753473038
2010-02-08,0.49250553568386984,0.4916201117318436,0.4917822290703646,0.48651637601020836,0.687333209235589
2010-02-10,0.49863737012434,0.49466734382935507,0.492723848656052,0.4957039557635048,0.6459473458411377
2010-02-11,0.5024697666496338,0.5121042830540038,0.502653655196028,0.5128030625265843,0.7868011768725128
2010-02-12,0.5067279850110713,0.5082105975960725,0.505221708611539,0.5120374308804764,0.562568210159897
2010-02-16,0.5354283767671606,0.5316573556797022,0.5354391371340523,0.5339855380689068,0.8581415922217883
2010-02-17,0.5372168284789645,0.5328423903842899,0.5334702961821606,0.5308379413015737,0.7979686888173797
2010-02-18,0.5367910066428208,0.5336888437447097,0.5362095531587057,0.537048064653339,0.7788750759777424
2010-02-19,0.5343212399931869,0.5360589131538853,0.5329566854990584,0.5327094853253933,0.9052055240385224
2010-02-22,0.5389201158235395,0.532503809040122,0.5316726587913029,0.5293066780093576,0.39196341356179065
2010-02-23,0.5302333503662069,0.5235314034196716,0.5230268789590824,0.5192683964270522,0.5244714877171688
2010-02-24,0.5173735309146654,0.5171830032165228,0.5183187810306454,0.5147596767333049,0.6884636277038301
2010-02-25,0.5120081757792541,0.52175385136279,0.5140386920047937,0.5228413441088897,0.9726849116051401
2010-02-26,0.5306591722023506,0.5293719316065685,0.529532614278377,0.5323692045937898,0.4970530916217685
2010-03-01,0.5356838698688469,0.5319112916878281,0.5343263139873309,0.5323692045937898,0.48760904217285606
2010-03-02,0.5389201158235395,0.5450313187743356,0.541944872453347,0.5458953636750318,0.8215411104067891
2010-03-03,0.5525464145801398,0.5512104283054005,0.5532443074815957,0.5510846448319863,0.6432437222787943
2010-03-04,0.5507579628683359,0.5443541560859998,0.5450265365519603,0.5442790301999149,0.4931637471570878
2010-03-05,0.5497359904615908,0.5475706788555952,0.5499914398219483,0.5441088898341131,0.407777660900711
2010-03-08,0.5505024697666496,0.5437616387337059,0.5390344119157678,0.53619736282433,0.484371302653654
2010-03-09,0.5329586101175268,0.5341120704249196,0.5349255264509503,0.5348362398979156,0.4794422265338233
2010-03-10,0.5396014307613695,0.5369900118503471,0.5261941448382126,0.524202467035304,0.9080039189920766
2010-03-11,0.5254641458013967,0.5213306246825801,0.5248245163499401,0.5253083794130156,0.3357316691018095
2010-03-12,0.5278487480838019,0.5223463687150839,0.5213148433487417,0.5197788175244576,0.44256862871441893
2010-03-15,0.5244421733946516,0.5205688166582022,0.5244821092278719,0.5232666950233942,0.25217313324224266
2010-03-16,0.5402827456991994,0.5375825292026409,0.5405752439650745,0.5406210123351765,0.7134595018209875
2010-03-17,0.5416453755748596,0.5366514305061791,0.5392912172573189,0.5337303275202041,0.5313847050264543
2010-03-18,0.5409640606370294,0.5379211105468089,0.5388632083547338,0.540110591237771,0.5345419921249334
2010-03-22,0.5172032021802078,0.5158286778398511,0.5170347543228899,0.5180774138664397,0.4305086593974027
2010-03-23,0.5188213251575542,0.5200609446419503,0.5203732237630543,0.5229264142917905,0.4165715281223663
2010-03-24,0.514052120592744,0.5079566615879465,0.5109570279061804,0.5057422373458101,0.552324409493918
2010-03-25,0.5145631067961165,0.5094802776367022,0.5130114706385893,0.5098256061250531,0.6730449878187784
2010-03-26,0.5159257366717764,0.52175385136279,0.5159219311761684,0.5252233092301147,0.6989181283490098
2010-03-29,0.5304888434678932,0.5257321821567632,0.52944701249786,0.5265844321565291,0.4279344114049498
2010-03-30,0.5279339124510305,0.521415270018622,0.5249101181304572,0.5199489578902593,0.34935515985019416
2010-03-31,0.535343212399932,0.5285254782461487,0.5332990926211265,0.5282858358145469,0.5415747177648307
2010-04-01,0.5398569238630557,0.5367360758422212,0.5424584831364493,0.539430029774564,0.42065252649973317
2010-04-05,0.544881621529552,0.5410529879803624,0.5454545454545454,0.5447894512973201,0.2755557825785492
2010-04-06,0.5476920456481009,0.5455391907905875,0.5502482451634993,0.5459804338579327,0.37256813856504456
2010-04-07,0.555867824902061,0.5575588285085493,0.5582948125321007,0.5584006805614631,0.7773966881689873
2010-04-08,0.5611480156702435,0.5579820551887592,0.5613764766307139,0.5597618034878774,0.4700415470436007
2010-04-09,0.5664282064384263,0.5672083968173354,0.566598185242253,0.5681837515950658,0.6527213203412541
2010-04-12,0.5711122466360075,0.5677162688335873,0.5686526279746619,0.5628243300723096,0.4091165764296161
2010-04-13,0.5666836995401126,0.5595056712375148,0.5607772641670947,0.5601020842194809,0.4155634634211802
2010-04-14,0.5676205075796288,0.563737938039614,0.5669405923643211,0.5629944704381113,0.3840253801916135
2010-04-15,0.5648100834610801,0.5641611647198239,0.5675398048279403,0.5682688217779668,0.4015325704259288
2010-04-19,0.5476068812808721,0.5442695107499578,0.5488786166752269,0.5470012760527434,0.265720944560067
2010-04-20,0.5548458524953159,0.5514643643135263,0.5545283341893511,0.549638451722671,0.22093235222684773
2010-04-21,0.5556123318003747,0.5551041137633317,0.5558123608971067,0.556869417269247,0.21283896720570247
2010-04-22,0.5553568386986885,0.5497714575926868,0.5496490326998802,0.5528711186729051,0.33958149871523957
2010-04-23,0.5508431272355647,0.5606907059421027,0.5524738914569424,0.5643555933645256,0.4727097403328132
2010-04-26,0.5646397547266224,0.5598442525816828,0.5656565656565656,0.5606125053168863,0.2814015481744322
2010-04-29,0.5729006983478113,0.5710174369392247,0.5760143810991268,0.573628243300723,0.37521407319821
2010-04-30,0.5849088741270654,0.5810055865921788,0.5877418250299605,0.5828158230540195,0.5140222190035134
2010-05-03,0.5904445579969342,0.585915016082614,0.5904810820065057,0.5859634198213526,0.5215836450922003
2010-05-04,0.5945324476239142,0.5871846961232438,0.578839239856189,0.5786473840918758,0.8863964089490628
2010-05-05,0.5706012604326349,0.5771119011342475,0.571477486731724,0.5805189281156954,0.8908244587842202
2010-05-13,0.6362629875660026,0.6318774335534112,0.6296010957027907,0.627052318162484,0.92404529641095
2010-05-21,0.5831204224152615,0.5855764347384459,0.5817497003937683,0.5816248404934069,0.8211413265865282
2010-05-24,0.5941066257877705,0.5934484509903505,0.5948467728128746,0.5954062101233517,0.5567207923751115
2010-05-25,0.6010901039005281,0.5964110377518199,0.6015237116932032,0.5998298596341981,0.87320308393909
2010-05-26,0.6131834440470108,0.6096157101743696,0.6143639787707584,0.6092726499361972,0.5024139397747773
2010-05-27,0.6096065406234032,0.6092771288302017,0.6128231467214518,0.611144193960017,0.3771839872054491
2010-05-28,0.6123318003747233,0.6080920941256138,0.608457455915083,0.6127605274351339,0.4302684494886384
2010-06-01,0.6242548117867486,0.6195192144912816,0.6255778120184898,0.621522756273926,0.4590104324714598
2010-06-02,0.6197411003236246,0.6163873370577282,0.6177880499914399,0.6204168438962142,0.3736690929978582
2010-06-03,0.6181229773462784,0.612239715591671,0.6071734292073276,0.6049340706082517,0.5349045558007526
2010-06-04,0.6079032532788282,0.612239715591671,0.6034925526450949,0.6153977031050616,0.6576805030144186
2010-06-07,0.6144609095554421,0.6326392415777891,0.6169320321862695,0.6349638451722669,0.8279288398568176
2010-06-08,0.6389882473173225,0.6381411884205181,0.6343947954117446,0.6307954062101232,0.9731401814360421
2010-06-09,0.6293646738204737,0.6257829693583883,0.6245505906522857,0.627052318162484,0.49007424569774594
2010-06-10,0.6198262646908534,0.6177416624344001,0.6187296695771272,0.6135261590812419,0.5269412347615405
2010-06-11,0.6242548117867486,0.6208735398679532,0.6230097586029788,0.6223734581029349,0.2581231703155259
2010-06-14,0.6221257026060296,0.6196038598273237,0.6198424927238486,0.6188855806039982,0.40376922115264413
2010-06-15,0.6228070175438596,0.6261215507025564,0.6242937853107344,0.6307103360272223,0.5905489471059066
2010-06-16,0.6310679611650487,0.6249365159979685,0.6290874850196884,0.6250957039557633,0.38088984691368355
2010-06-17,0.6392437404190088,0.6378026070763501,0.6414997431946583,0.6384517226712038,0.80743775057051
2010-06-18,0.651166751831034,0.6470289487049266,0.652799178222907,0.6463632496809867,0.7905129569243144
2010-06-21,0.6515925736671777,0.6437277805992891,0.6318267419962336,0.6256061250531687,0.8185403223126826
2010-06-22,0.6351558507920287,0.6308616895209076,0.6361924328026023,0.6346235644406634,0.49283335527073047
2010-06-23,0.6328564128768523,0.6260369053665145,0.6267762369457284,0.6303700552956187,0.5468059608772683
2010-06-24,0.6317492761028787,0.6356864736753005,0.6344803971922617,0.63334751169715,0.501838060153995
2010-06-25,0.6486969851814002,0.643897071271373,0.6500599212463618,0.6457677584006806,0.35727102635259655
2010-06-28,0.6490376426503153,0.6475368207211785,0.6356788221195,0.6315610378562312,0.8008411110125917
2010-06-29,0.6342190427525125,0.6328085322498731,0.620441705187468,0.6330923011484474,0.6944216503568086
2010-06-30,0.6343893714869699,0.6350939563230067,0.6362780345831194,0.636580178647384,0.45022271506405265
2010-07-02,0.610032362459547,0.6047062806839343,0.6065742167437083,0.6094427903019989,0.5749085467548348
2010-07-06,0.6054334866291944,0.5981039444726596,0.5970724191063174,0.5925988940876222,0.6720245317008238
2010-07-07,0.5960654062340316,0.5986118164889116,0.5987844547166581,0.6029774564015312,0.4005531895598551
2010-07-08,0.6030488843467894,0.5954799390553581,0.5953603834959766,0.5985538068906846,0.41808548388666056
2010-07-09,0.6094362118889458,0.6066531234129,0.6116247217942132,0.6083368779242874,0.33921062820077175
2010-07-12,0.6067961165048545,0.602166920602675,0.6028077384009587,0.5996597192683963,0.243469861045406
2010-07-13,0.6165900187361608,0.6097850008464534,0.6147063858928266,0.6083368779242874,0.2853424776481789
2010-07-14,0.6104581842956909,0.6100389368545793,0.6081150487930149,0.607826456826882,0.3382341386652773
2010-07-15,0.6132686084142396,0.606399187404774,0.6093134737202535,0.6072309655465759,0.2929282735231772
2010-07-16,0.5970873786407767,0.5902319282207552,0.5940763567882212,0.5939600170140364,0.7016342810105302
2010-07-19,0.5875489695111564,0.5818520399525987,0.5868858072247902,0.5859634198213526,0.6203811452936756
2010-07-20,0.589081928121274,0.5898087015405451,0.5900530731039206,0.5937898766482347,0.32406106563614134
2010-07-21,0.5980241866802929,0.5920094802776368,0.5920219140558123,0.5869842620161632,0.33023644291806664
2010-07-22,0.5907852154658491,0.596241747079736,0.593733949666153,0.5955763504891535,0.27342679949531135
2010-07-23,0.600749446431613,0.59598781107161,0.5927067282999486,0.5890259464057847,0.2812955327198572
2010-07-26,0.5944472832566854,0.5875232774674116,0.5885122410546139,0.5841769459804337,0.4138474816694231
2010-07-28,0.5697496167603475,0.5660233621127477,0.5695086457798322,0.5693747341556783,0.6364621293520721
2010-07-29,0.57026060296372,0.569578466226511,0.5717342920732752,0.573713313483624,0.3339966412835378
2010-07-30,0.5772440810764776,0.5812595226003048,0.5780688238315357,0.583921735431731,0.36198697010400893
2010-08-02,0.592233009708738,0.5868461147790758,0.5876562232494436,0.5843470863462356,0.2876267664882486
2010-08-03,0.5901890648952479,0.5872693414592857,0.5928779318609827,0.5881752445767757,0.15507330303218883
2010-08-04,0.6032192130812468,0.5975114271203658,0.6000684814244137,0.5943853679285409,0.37265937610776967
2010-08-05,0.5998126383920968,0.5928559336380566,0.5975004280089026,0.5965971926839642,0.22121267361063304
2010-08-06,0.6081587463805145,0.6040291179955986,0.6072590309878445,0.6039132284134411,0.3577795792756032
2010-08-09,0.6061999659342532,0.5992043338412054,0.6050333846944016,0.6001701403658017,0.20875874902865058
2010-08-10,0.5962357349684893,0.601235821906213,0.5979284369114878,0.6029774564015312,0.37810416463585117
2010-08-11,0.6060296371997957,0.601659048586423,0.5994692689607943,0.5996597192683963,0.4695281752362951
2010-08-12,0.6130131153125533,0.6077535127814457,0.6155624036979968,0.611824755423224,0.4644828951636576
2010-08-13,0.6152273888605009,0.6080074487895717,0.6147063858928266,0.6115695448745214,0.3675352499091755
2010-08-16,0.622721853176631,0.6159641103775182,0.6241225817497003,0.6199914929817097,0.3096871598670832
2010-08-17,0.6231476750127747,0.617149145082106,0.6253210066769388,0.6201616333475116,0.3184647346703947
2010-08-18,0.6187191279168798,0.6217199932283732,0.6201848998459167,0.6241599319438534,0.45431798651777144
2010-08-19,0.6308124680633624,0.6257829693583883,0.6296866974833075,0.6256061250531687,0.3583966718306748
2010-08-20,0.6250212910918074,0.6179955984425258,0.6240369799691834,0.6220331773713311,0.38902673957592715
2010-08-23,0.6245103048884348,0.6179955984425258,0.6237801746276324,0.6204168438962142,0.12159100651164362
2010-08-24,0.6148015670243572,0.6241747079735906,0.6177024482109228,0.6253509145044661,0.5781937867049828
2010-08-25,0.6348151933231136,0.6290841374640257,0.6344803971922617,0.6338579327945554,0.5408137011986998
2010-08-26,0.6345597002214274,0.6423734552226172,0.6330251669234719,0.6304551254785197,0.30676191352112847
2010-08-27,0.6354965082609438,0.6296766548163197,0.6323403526793356,0.6308804763930241,0.37589440787293715
2010-08-30,0.6325157554079375,0.6263754867106823,0.6337099811676083,0.6300297745640152,0.1003032868095296
2010-08-31,0.6403508771929824,0.6359404096834265,0.6412429378531073,0.6399829859634197,0.46104317555112895
2010-09-01,0.6435871231476751,0.6361097003555105,0.6409861325115562,0.6366652488302847,0.44369661479344247
2010-09-02,0.6455459035939364,0.6383951244286441,0.6449238144153397,0.6417694598043385,0.21973428580187795
2010-09-03,0.63711463123829,0.6366175723717624,0.6385892826570794,0.6381114419396,0.23100111265743753
2010-09-07,0.6500596150570601,0.6433045539190791,0.6512583461736003,0.6452573373032752,0.3017258122757268
2010-09-08,0.6492931357520013,0.6463517860165906,0.6510015408320493,0.6453424074861759,0.34814181067787653
2010-09-09,0.6460568897973089,0.6417809378703234,0.640558123608971,0.6355593364525732,0.5296642256493516
2010-09-10,0.6371997956055189,0.6368715083798884,0.6406437253894881,0.6370055295618885,0.310135683259967
2010-09-13,0.63915857605178,0.6352632469950907,0.6406437253894881,0.6360697575499786,0.3430613756969254
2010-09-15,0.6590870379833078,0.6537159302522433,0.6581920903954801,0.6558060399829858,0.4350708118984771
2010-09-16,0.6636007494464318,0.6577789063822583,0.6646122239342578,0.6616758826031474,0.48017965351395797
2010-09-17,0.6681144609095555,0.65997968511935,0.665297038178394,0.6609102509570396,0.3161348729530986
2010-09-20,0.668625447112928,0.6635347892331134,0.669662728984763,0.663717566992769,0.28785844008768346
2010-09-21,0.6659001873616079,0.6696292534281363,0.6643554185927067,0.6734155678434707,0.8294333414290589
2010-09-22,0.6813149378300121,0.6735229388860675,0.67753809279233,0.6750319013185878,0.4059968766286681
2010-09-23,0.6780786918753194,0.6737768748941935,0.6784797123780175,0.6758826031475965,0.32672398109969325
2010-09-24,0.6841253619485608,0.6766548163196209,0.6826741996233521,0.6792003402807315,0.5303092218392204
2010-09-27,0.6840401975813322,0.675893008295243,0.6842150316726587,0.6794555508294341,0.20530507759872332
2010-09-28,0.6799523079543519,0.6853732859319452,0.6810477657935285,0.6890684814972351,0.8099015772713145
2010-09-29,0.6928121274058936,0.6871508379888269,0.6931176168464304,0.689919183326244,0.4646465995474104
2010-09-30,0.6946857434849261,0.6874894193329948,0.6853278548193802,0.6895789025946405,0.7803739784653698
2010-10-01,0.6995401124169649,0.6941764008803115,0.7011641842150318,0.6980859208847298,0.6104765022940642
2010-10-04,0.6978368250723899,0.6903673607584224,0.6991097414826228,0.6942577626541896,0.28267061282807193
2010-10-05,0.7113779594617615,0.7115286947689183,0.7132340352679336,0.7157805189281156,0.7006543953089583
2010-10-06,0.722789984670414,0.7177924496360253,0.7258174970039377,0.7227562739259888,0.6390657495916798
2010-10-08,0.7170839720660878,0.7179617403081091,0.7183701420989557,0.7214802211824755,0.5545900653146988
2010-10-11,0.7213421904275252,0.7217707804299984,0.7227358329053244,0.7268396427052316,0.3862679053677598
2010-10-12,0.7279850110713679,0.7207550363974946,0.7259887005649719,0.7240323266695022,0.5087426493656788
2010-10-13,0.7336910236756942,0.7385305569663112,0.7368601266906352,0.7419821352615906,0.7428424882038301
2010-10-15,0.7465508431272359,0.739800237006941,0.7406266050333845,0.7386643981284559,0.8110696289312228
2010-10-18,0.7399080224833932,0.7387844929744372,0.7413970210580381,0.7437686091025094,0.4631054744544977
2010-10-20,0.7135070686424803,0.7160148975791436,0.7170861153912,0.7185878349638449,0.4745557860665035
2010-10-21,0.7196389030829502,0.7155070255628917,0.7033898305084745,0.7028498511271798,0.8994681144981596
2010-10-22,0.7059274399591211,0.6999322837311666,0.7055298750214005,0.7050616758826028,0.32403600743778727
2010-10-25,0.7203202180207802,0.7137294735060098,0.7161444958055128,0.7145895363675031,0.4566670778781269
2010-10-26,0.7103559870550165,0.7116979854410022,0.7120356103406951,0.7148447469162057,0.3898999673050174
2010-10-27,0.7098450008516439,0.7020484171322161,0.7039890429720936,0.7032752020416843,0.6390998030407251
2010-10-28,0.7135070686424803,0.7147452175385138,0.7129772299263826,0.7179072735006379,0.6281713536512181
2010-10-29,0.7230454777721003,0.7259184018960556,0.7234206471494606,0.7296469587409612,0.4750917836829457
2010-11-01,0.7347129960824392,0.7280345352971052,0.7294127717856531,0.7236920459378985,0.46799632075889075
2010-11-02,0.7312212570260603,0.7239715591670901,0.7304399931518575,0.7285410463632497,0.33039239119280506
2010-11-04,0.7499574178163857,0.7539360081259523,0.7506420133538778,0.7586558911101658,0.9760945705584709
2010-11-05,0.7542156361778232,0.7579989842559678,0.7567197397705872,0.7616333475116969,0.6625799315222772
2010-11-08,0.7608584568216659,0.7679871339089217,0.7616846430405753,0.7735431731178221,0.6951390674935688
2010-11-11,0.7753363992505538,0.7676485525647538,0.7695600068481423,0.7725223309230113,0.6071080103808865
2010-11-15,0.7433145971725432,0.7400541730150672,0.7348056839582262,0.7279455550829431,0.59013902068155
2010-11-17,0.7169988076988589,0.7136448281699679,0.7154596815613765,0.7105912377711611,0.6512510099004666
2010-11-18,0.7259410662578778,0.7255798205518877,0.7276151343947954,0.7251382390472138,0.6330012066486285
2010-11-19,0.7230454777721003,0.7219400711020822,0.7229926382468754,0.7260740110591236,0.45671994792300574
2010-11-22,0.7285811616419691,0.7325207381073304,0.728813559322034,0.7369629944704378,0.4992350365381576
2010-11-23,0.7411003236245954,0.744963602505502,0.7439650744735491,0.7448745214802209,0.7345517125029762
2010-11-24,0.7475728155339807,0.7418317250719486,0.7463619243280262,0.7429179072735005,0.3053358909217543
2010-11-26,0.7307102708226878,0.728796343321483,0.7308680020544427,0.7338153977031051,0.18855045940948198
2010-11-29,0.7376085845682168,0.7337904181479602,0.7342920732751241,0.7372182050191406,0.5401598474405482
2010-11-30,0.7548117867484245,0.750719485356357,0.7552645095017976,0.7534666099532111,0.7004115694344318
2010-12-01,0.7590700051098622,0.7540206534619942,0.7568053415511042,0.7531263292216076,0.6708051703966667
2010-12-02,0.7583035258048034,0.7578296935838837,0.758431775380928,0.7515950659293914,0.7051739580516581
2010-12-03,0.7668199625276786,0.7706957846622653,0.7698168121896933,0.7760102084219479,0.5577090767036041
2010-12-06,0.7797649463464487,0.782122905027933,0.7805170347543229,0.7848575074436409,0.6157140329031584
2010-12-08,0.760773292454437,0.755290333502624,0.7475603492552645,0.748107188430455,0.9762860867887486
2010-12-09,0.7588996763754046,0.7541899441340782,0.756120527306968,0.7530412590387069,0.5482461188705857
2010-12-10,0.7525123488332484,0.7484340612832232,0.7481595617188836,0.7533815397703104,0.38979496152143833
2010-12-13,0.7637540453074434,0.7582529202640935,0.7645095017976375,0.7588260314759677,0.5110825618987983
2010-12-14,0.7638392096746722,0.7630777044184867,0.7645095017976375,0.7599319438536792,0.6987652549813954
2010-12-15,0.7552376085845682,0.7522431014051127,0.7544084916966274,0.7473415567843468,0.5911075705314853
2010-12-16,0.7462953500255496,0.7378533942779752,0.738828967642527,0.7397703105061674,0.9756483877665325
2010-12-17,0.7442514052120595,0.7412392077196548,0.7419106317411401,0.7430880476393021,0.510452251832507
2010-12-20,0.7541304718105946,0.7480954799390553,0.7514124293785311,0.7508294342832836,0.5017796828127745
2010-12-21,0.7544711292795094,0.750973421364483,0.7553501112823147,0.7526159081242022,0.36879476858248983
2010-12-22,0.7581331970703458,0.750296258676147,0.7568909433316213,0.7503190131858782,0.23389795053309712
2010-12-23,0.7467211718616931,0.7435246317927884,0.7479883581578497,0.7470012760527432,0.2980949894801461
2010-12-27,0.7526826775677058,0.7448789571694601,0.7527820578668036,0.7500638026371756,0.05651367213853273
2010-12-28,0.7687787429739397,0.7641780937870324,0.7710152371169321,0.768779242875372,0.3630727794718833
2010-12-29,0.7732924544370636,0.7701879126460134,0.7758945386064029,0.7729476818375159,0.2862157512714052
2010-12-30,0.7749957417816389,0.767309971220586,0.7737544940934771,0.7671629094002551,0.16270710417363107
2010-12-31,0.7781468233691025,0.7762823768410363,0.7817154596815614,0.7815397703105059,0.260505397242203
2011-01-03,0.7842786578095724,0.7782292195700018,0.7818010614620783,0.7754147171416418,0.4268382758564351
2011-01-05,0.740248679952308,0.7416624343998648,0.7408834103749358,0.7445342407486174,0.6648113962116042
2011-01-06,0.7450178845171183,0.739123074318605,0.7412258174970039,0.7399404508719692,0.6315299324309812
2011-01-07,0.739226707545563,0.741069917047571,0.741568224619072,0.7378136962994469,0.46258475958540335
2011-01-10,0.7431442684380856,0.7375994582698493,0.7420818353021743,0.7424074861760951,0.2853377046580161
2011-01-11,0.751234883324817,0.7457254105298798,0.7482451634994007,0.7491280306252658,0.3701014205336607
2011-01-12,0.751234883324817,0.7492805146436434,0.7515836329395651,0.7538068906848149,0.39384176876735144
2011-01-13,0.7586441832737183,0.7501269680040632,0.7454203047423387,0.741811994895789,0.5551282199555414
2011-01-14,0.7374382558337591,0.7325207381073304,0.7333504536894366,0.7302424500212673,0.6979217666525496
2011-01-18,0.7412706523590531,0.7359065515490097,0.7414826228385549,0.7365376435559335,0.43087058055531535
2011-01-19,0.7476579799012095,0.7392923649906891,0.7434514637904468,0.7390046788600594,0.4400475261316622
2011-01-21,0.7169136433316301,0.7141527001862198,0.718883752782058,0.7161207996597191,0.6217863778493604
2011-01-24,0.7190427525123488,0.7158456069070596,0.7155452833418934,0.7104210974053594,0.5925419917577803
2011-01-25,0.7074603985692387,0.7043338412053497,0.7063858928265707,0.7082092726499359,0.9186607209895363
2011-01-26,0.7089933571793563,0.7119519214491281,0.7081835302174284,0.7172267120374308,0.8417661513856632
2011-01-31,0.7042241526145463,0.7063653292703571,0.7079267248758774,0.7062526584432155,0.5718329053246193
2011-02-01,0.7148696985181402,0.7111901134247505,0.7086115391200138,0.7141641854529986,0.6038700872851397
2011-02-02,0.7135922330097089,0.7071271372947352,0.709638760486218,0.7111867290514672,0.3615601546375382
2011-02-03,0.7110373019928462,0.7216861350939563,0.7081835302174284,0.7260740110591236,0.6971760328337665
2011-02-04,0.7261113949923352,0.7249026578635518,0.7248758774182502,0.7214802211824755,0.4652664457506528
2011-02-07,0.7246636007494465,0.7185542576604029,0.7248758774182502,0.7216503615482773,0.22819743987822264
2011-02-08,0.7356498041219555,0.7316742847469107,0.7383153569594247,0.7340706082518075,0.64340967547522
2011-02-09,0.7376085845682168,0.7307431860504485,0.7356617017633966,0.7334751169715014,0.3658942132817997
2011-02-10,0.7284108329075116,0.7300660233621128,0.7314672145180618,0.7316035729476816,0.27056846679990654
2011-02-11,0.7360756259580992,0.7311664127306585,0.7322376305427154,0.7270948532539342,0.273083878509777
2011-02-14,0.7355646397547266,0.7306585407144066,0.7374593391542543,0.7324542747766906,0.2980230274746164
2011-02-15,0.7433145971725432,0.7373455222617233,0.7454203047423387,0.7411314334325817,0.3628223810648872
2011-02-16,0.7466360074944645,0.7431860504486205,0.7438794726930318,0.7422373458102932,0.48728938951436473
2011-02-18,0.7545562936467383,0.751142712036567,0.756120527306968,0.7533815397703104,0.5643621660490233
2011-02-22,0.7692045648100836,0.7631623497545286,0.7673343605546994,0.7608677158655889,0.6640897109201792
2011-02-23,0.7697155510134561,0.7714575926866429,0.7735832905324429,0.7712462781794979,0.6188181286978053
2011-02-24,0.7789133026741613,0.770949720670391,0.7633966786509159,0.7624840493407058,0.760864564751945
2011-02-25,0.7718446601941749,0.7675639072287119,0.7722992638246877,0.7701403658017864,0.37382366444851123
2011-02-28,0.7752512348833249,0.770949720670391,0.7745249101181304,0.7725223309230113,0.30491866732974515
2011-03-01,0.783427014137285,0.7869476891823262,0.7870227700736177,0.7926839642705231,0.6248661497518321
2011-03-02,0.7976494634644866,0.7913492466565095,0.7954973463448038,0.791748192258613,0.6203400700417948
2011-03-03,0.7851303014818602,0.7793296089385475,0.7791474062660502,0.7761803487877498,0.6553872648177939
2011-03-04,0.7839380003406575,0.7845776197731507,0.788049991439822,0.7868991918332623,0.6999093040080817
2011-03-07,0.7982456140350878,0.7918571186727614,0.7937853107344632,0.7900467886005954,0.5444277267404387
2011-03-08,0.7926247657979903,0.7838158117487728,0.7899332306111968,0.7869842620161632,0.39094474731514717
2011-03-09,0.7949242037131663,0.7862705264939902,0.7908748501968841,0.7874096129306677,0.29920691261150667
2011-03-10,0.7828308635666839,0.7739969527679025,0.7729840780688237,0.7734581029349213,0.6129952183817398
2011-03-11,0.7724408107647762,0.777636702217708,0.775808936825886,0.7772862611654613,0.37685029094128686
2011-03-14,0.7898995060466703,0.7828847130523111,0.788049991439822,0.7827307528711186,0.36886801562383253
2011-03-15,0.756004087889627,0.7607922803453531,0.759116589625064,0.7606975754997872,0.9756594941474879
2011-03-16,0.7659683188553912,0.7629930590824445,0.7639958911145353,0.7604423649510846,0.5134548297979245
2011-03-17,0.7663089763243061,0.7619773150499409,0.7678479712378017,0.7666524883028497,0.31744973995464554
2011-03-18,0.7797649463464487,0.7767902488572882,0.7807738400958739,0.7785623139089749,0.7524753002348494
2011-03-21,0.791347300289559,0.7859319451498223,0.7911316555384351,0.7851127179923435,0.5295005212655988
2011-03-22,0.7861522738886051,0.7812764516675132,0.7885636021229241,0.7843470863462355,0.3374191964891353
2011-03-23,0.7922841083290753,0.7913492466565095,0.7960965588084232,0.7953211399404508,0.4285186437585168
2011-03-24,0.798501107136774,0.7975283561875741,0.7899332306111968,0.7857932794555508,0.6797126714995028
2011-03-25,0.7954351899165388,0.7887252412392078,0.788478000342407,0.7861335601871541,0.5041809558059662
2011-03-28,0.7770396865951286,0.7767902488572882,0.7809450436569081,0.7800085070182899,0.2503882184979437
2011-03-29,0.7802759325498212,0.7767056035212461,0.7823146721451806,0.7772011909825606,0.19015014542015987
2011-03-30,0.7881110543348664,0.7797528356187575,0.7800890258517377,0.7811144193960015,0.3921635119955339
2011-03-31,0.796116504854369,0.7900795666158795,0.7980653997603151,0.7912377711612079,0.5976026004719018
2011-04-01,0.7841083290751152,0.7828847130523111,0.7804314329738058,0.7856231390897489,0.6210929633458221
2011-04-04,0.796797819792199,0.7888945319112917,0.7952405410032528,0.791067630795406,0.3429094661061708
2011-04-05,0.792028615227389,0.8043846284069749,0.7958397534668722,0.8098681412165035,0.7397378416795491
2011-04-06,0.8160449667858969,0.8088708312172002,0.815100154083205,0.8126754572522329,0.39047961024496636
2011-04-07,0.8145971725430081,0.8111562552903335,0.8153569594247561,0.8137813696299444,0.3342732911364288
2011-04-08,0.8240504173053995,0.8191975622143222,0.8253723677452491,0.8235644406635473,0.5012581418492289
2011-04-11,0.823539431102027,0.8162349754528528,0.8194658448895737,0.8148872820076561,0.3626449084402804
2011-04-12,0.8189405552716744,0.8105637379380397,0.8063687724704673,0.8061250531688643,0.5848341633746803
2011-04-13,0.8159598024186681,0.8081090231928223,0.8126177024482109,0.8085920884729901,0.5361421370769731
2011-04-14,0.8156191449497532,0.8191129168782803,0.8190378359869883,0.8248404934070607,0.5472786704799186
2011-04-15,0.8286492931357521,0.8300321652276961,0.8305084745762712,0.8353891960867715,0.7765110690231286
2011-04-18,0.8398058252427185,0.8380734721516845,0.8395822633110768,0.84287537218205,0.6946106883037325
2011-04-19,0.8444047010730711,0.8395124428643983,0.8442903612395138,0.84287537218205,0.4013435324790048
2011-04-20,0.8498552205757113,0.8445911630269174,0.8490840609484678,0.847724372607401,0.5365066283065119
2011-04-21,0.8513881791858289,0.846453360419841,0.8540489642184557,0.8497660569970226,0.36280498718727505
2011-04-25,0.8601601090103903,0.8508549178940243,0.8549049820236259,0.8508719693747341,0.6142635487292005
2011-04-26,0.8507068642479987,0.8427289656339938,0.8468584146550246,0.8467035304125902,0.6436558057275514
2011-04-27,0.8586271504002727,0.8646521076688676,0.8557609998287965,0.870693321990642,0.9047690708034539
2011-04-28,0.8748083801737354,0.8713390892161843,0.8735661701763395,0.8759676733304974,0.8513909319428511
2011-05-09,0.8524101515925737,0.8508549178940243,0.8542201677794898,0.8552105487026794,0.5342483155475198
2011-05-10,0.8570090274229265,0.8560182833925851,0.8592706728299948,0.8596341982135262,0.4164525705213886
2011-05-11,0.8572645205246128,0.8489080751650584,0.8493408662900188,0.8480646533390045,0.8801621035962829
2011-05-12,0.8456821665815024,0.8469612324360929,0.8424071220681391,0.848490004253509,0.7581639702025895
2011-05-13,0.8532617952648613,0.8483155578127646,0.8383838383838385,0.8403232666950232,0.6913195739041536
2011-05-16,0.8456821665815024,0.8431521923142036,0.8443759630200307,0.8381114419396,0.36081657784315546
2011-05-17,0.831459717254301,0.8271542238022687,0.8292244478685156,0.8327520204168438,0.6880050993892591
2011-05-18,0.8428717424629537,0.8393431521923143,0.8439479541174455,0.8400680561463204,0.38095263009197733
2011-05-19,0.8392096746721174,0.8362112747587609,0.8415511042629689,0.8404934070608251,0.2702379831252768
2011-05-20,0.845086016010901,0.8525478246148639,0.8418935113850368,0.8561463207145895,0.9629546204288753
2011-05-23,0.8555612331800375,0.8539867953275775,0.8596130799520629,0.8590387069332198,0.6303730330461645
2011-05-24,0.8678249020609776,0.8632977822921959,0.8699708953946241,0.8655040408336877,0.5845290132632218
2011-05-25,0.8698688468744677,0.8660064330455393,0.8728813559322035,0.8654189706507868,0.40234136278782273
2011-05-26,0.8675694089592914,0.8595733875063487,0.8649203903441192,0.8623564440663546,0.34800945198913447
2011-05-27,0.8724237778913304,0.8706619265278484,0.8766478342749529,0.8749468311356866,0.3662588880878832
2011-05-31,0.8797479134730029,0.8727780599288979,0.8804999143982195,0.8744364100382812,0.38066602121153537
2011-06-01,0.8778742973939704,0.8809040121889284,0.8806711179592537,0.8767333049766054,0.7412629497189351
2011-06-02,0.8820473513881792,0.8745556119857796,0.8690292758089366,0.873245427477669,0.5207504370498588
2011-06-03,0.8831544881621531,0.8769256813949553,0.8822975517890772,0.8793704806465331,0.47732673632662237
2011-06-06,0.8877533639925055,0.8836126629422718,0.8873480568395824,0.8815823054019564,0.4254497487663197
2011-06-07,0.8864758984840742,0.8785339427797529,0.8828111624721795,0.881071884304551,0.3642562056674118
2011-06-08,0.8809402146142056,0.8745556119857796,0.8795582948125322,0.8758826031475967,0.33921374900203194
2011-06-09,0.8808550502469767,0.8799729134924668,0.8834103749357987,0.8822628668651636,0.24997172921211333
2011-06-10,0.8725941066257878,0.8694768918232607,0.8743365862009929,0.8710336027222457,0.4653207844078895
2011-06-13,0.8692726963038666,0.8632131369561538,0.8614963191234377,0.8585282858358144,0.49502562636776004
2011-06-14,0.8613524101515926,0.8605891315388523,0.8639787707584317,0.8661846022968948,0.400932275124699
2011-06-15,0.8652699710441154,0.8675300490942952,0.8677452491011812,0.8700127605274349,0.5646202287767615
2011-06-16,0.8708056549139842,0.8670221770780433,0.8703133025166923,0.8687367077839215,0.4051241996292121
2011-06-17,0.8711463123828991,0.8737938039614017,0.8755350111282316,0.8769885155253082,0.780162727756535
2011-06-20,0.8813660364503493,0.878026070763501,0.8819551446670091,0.8777541471714162,0.3789219063543001
2011-06-21,0.8829841594276955,0.878703233451837,0.8870912514980311,0.8839642705231813,0.46988261565001055
2011-06-22,0.8893714869698519,0.8870831217199935,0.8903441191576784,0.8859208847299022,0.5464328874442639
2011-06-24,0.8625447112927953,0.8545793126798715,0.8510529019003594,0.8456826882177794,0.7846074371631255
2011-06-27,0.8461079884176461,0.84086676824107,0.8444615648005478,0.8411739685240321,0.4312764682956882
2011-06-28,0.8480667688639074,0.8439986456746236,0.8484848484848484,0.8455125478519777,0.3027744932874319
2011-06-29,0.8532617952648613,0.8495005925173522,0.85507618558466,0.8535091450446618,0.47815783323869965
2011-06-30,0.8567535343212402,0.8494159471813103,0.8511385036808765,0.8434708634623563,0.4801148968878085
2011-07-01,0.8361437574518822,0.8296089385474861,0.8339325457969526,0.8343683538919607,0.6498731761440811
2011-07-05,0.8548799182422075,0.8528864059590318,0.8585858585858586,0.8573373032752017,0.4164407298342543
2011-07-06,0.8696985181400103,0.8665989503978331,0.8733949666153056,0.8682262866865161,0.564386076893973
2011-07-07,0.8719979560551867,0.8658371423734552,0.8709125149803114,0.8702679710761377,0.33570463745559975
2011-07-08,0.883495145631068,0.8755713560182834,0.8854648176682076,0.8796256911952359,0.5257669414991117
2011-07-11,0.892096746721172,0.8856441510072797,0.8872624550590651,0.8910250957039557,0.8372399798873538
2011-07-14,0.9217339465167775,0.915693245302184,0.9193631227529531,0.916120799659719,0.7071757225894059
2011-07-15,0.9177312212570261,0.9161164719823938,0.9216743708269131,0.921735431731178,0.7454305044371369
2011-07-18,0.9299097257707376,0.92703572033181,0.934086629001883,0.9333900467886004,0.684735647021957
2011-07-19,0.934593765968319,0.9248349415947181,0.9206471494607087,0.9171416418545298,0.9486051762344008
2011-07-20,0.916709248850281,0.9222955815134588,0.920732751241226,0.9287111867290513,0.5671783220332791
2011-07-21,0.9311020269119401,0.9224648721855426,0.9226159904126006,0.9185878349638451,0.8165421834116929
2011-07-22,0.9318685062169989,0.926866429659726,0.9341722307824003,0.9295618885580602,0.4203088253138838
2011-07-25,0.9454948049735992,0.937362451328932,0.9430748159561719,0.9399404508719692,0.4966724915504306
2011-07-26,0.9401294498381878,0.9372778059928899,0.9420475945899673,0.9435984687367077,0.43767640558594056
2011-07-27,0.9529041049225004,0.9444726595564585,0.9428180106146207,0.9386643981284558,0.7384528517606551
2011-07-28,0.9449838187702266,0.9356695446080923,0.9378531073446328,0.9397703105061673,0.420716870078657
2011-07-29,0.9525634474535856,0.9496360250550195,0.9512925868858073,0.948022118247554,0.6847356929160932
2011-08-01,0.9443876681996253,0.947265955645844,0.943588426639274,0.943173117822203,0.5788564521372808
2011-09-28,0.9721512519161983,0.9669036736075842,0.9331450094161959,0.9304125903870691,0.9064928086642254
2011-09-29,0.9499233520694943,0.9407482647706111,0.9381099126861838,0.9430029774564012,0.6941035580989474
2011-09-30,0.9429398739567367,0.9559844252581684,0.9397363465160076,0.9460655040408336,0.6684229434699895
2011-10-03,0.9752171691364335,0.969189097680718,0.9705529875021401,0.9707358570820926,0.547929678801627
2011-10-05,0.9484755578266053,0.9586930760115118,0.9406779661016949,0.9579753296469585,0.5935374814656531
2011-10-06,0.966104581842957,0.9653800575588287,0.9606231809621641,0.9667375584857506,0.4676541799736714
2011-10-07,0.9746210185658322,0.9693583883528021,0.9560006848142439,0.9555933645257336,0.49418447863985937
2011-10-10,0.9833929483903936,0.984086676824107,0.9809108029447011,0.9903870693321989,0.30954332764429615
2011-10-11,0.9846704138988247,0.9772304046047062,0.9815100154083205,0.9804338579327944,0.27784690964490966
2011-10-12,0.9974450689831376,0.989842559674962,0.992552645095018,0.990301999149298,0.3977880219608949
2011-10-13,0.9855220575711126,0.9769764685965803,0.9781715459681561,0.9821352615908124,0.2810305399775559
2011-10-14,0.9942939873956738,0.9883189436262063,0.9904126005820921,0.9914929817099106,0.3458891428976346
2011-10-17,1.0,0.9911968850516337,0.9878445471665809,0.9848575074436409,0.3008035237150606
2011-10-18,0.9655935956395845,0.9731674284746912,0.9565998972778635,0.9782220331773711,0.6041720707012018
2011-10-19,0.9752171691364335,0.9680887083121721,0.9673001198424929,0.9614632071458952,0.29020968847243933
2011-10-20,0.9454948049735992,0.9426104621635347,0.9373394966615307,0.9435984687367077,0.6954487611245092
2011-10-21,0.9658490887412707,0.9597934653800575,0.9620784112309535,0.9584857507443639,0.5107607522159066
2011-10-24,0.970618293306081,0.9672422549517523,0.9730354391371341,0.971246278179498,0.36603005992489146
2011-11-25,0.9941236586612163,1.0,0.9993151857558635,0.9914929817099106,0.1786068522882541
2011-12-12,0.985947879407256,0.9763839512442865,0.9809108029447011,0.9794980859208847,0.601734495446292
2011-12-15,0.921222960313405,0.9132385305569664,0.9001883239171375,0.8973202892386217,0.8859964874463934
2011-12-16,0.9174757281553398,0.9167936346707297,0.9189351138503681,0.9219906422798806,0.7306277179654799
2011-12-19,0.9274399591211038,0.9209412561367871,0.9228727957541518,0.9189281156954486,0.47189952525269774
2011-12-20,0.9391926417986716,0.9342305738953784,0.9418763910289334,0.936877924287537,0.3180707794054286
2011-12-21,0.9402146142054164,0.9350770272557984,0.9380243109056667,0.938409187579753,0.44949341134602183
2011-12-22,0.9348492590700053,0.9288979177247336,0.9311761684643041,0.9288813270948529,0.3526979051529753
2011-12-23,0.9348492590700053,0.9262739123074322,0.9353706557096386,0.9311782220331771,0.06236462377180407
2011-12-27,0.9240333844319539,0.9183172507194857,0.9244136278034583,0.9192683964270522,0.12450978178439706
2011-12-28,0.9152614546073925,0.9073980023700694,0.8912001369628488,0.8862611654615057,0.6524035952364824
2011-12-29,0.8730199284619315,0.8774335534112072,0.8707413114192775,0.8803913228413439,0.8075662082576768
2011-12-30,0.8991653892011584,0.9030810902319284,0.9008731381612736,0.8944279030199914,0.3968537091365495
2012-01-03,0.9213081246806336,0.9246656509226343,0.9244992295839753,0.9278604849000424,0.5127783502306363
2012-01-04,0.9272696303866463,0.9338073472151684,0.9312617702448212,0.934581029349213,0.42771333935097244
2012-01-05,0.9263328223471301,0.9393092940578975,0.9304913542201678,0.9436835389196084,0.4317459194146699
2012-01-06,0.9541815704309318,0.9443880142204166,0.9401643554185926,0.9387494683113565,0.34809867018986773
2012-01-09,0.9439618463634816,0.9355848992720504,0.938537921588769,0.9327945555082943,0.30132593666719354
2012-01-10,0.9569068301822519,0.9514982224479431,0.9580551275466529,0.9509995746490852,0.2803764108545873
2012-01-11,0.9601430761369443,0.9564076519383784,0.9618216058894025,0.9597618034878773,0.26452953278484337
2012-01-12,0.9744506898313747,0.96969696969697,0.9696969696969697,0.9658017864738407,0.29358690027149137
2012-01-13,0.9601430761369443,0.9525139664804472,0.9541174456428692,0.9562739259889407,0.3076859001648333
2012-01-17,0.9759836484414923,0.9699509057050959,0.9747474747474747,0.9668226286686515,0.2800041635160342
2012-01-18,0.966104581842957,0.9698662603690538,0.9684129429892141,0.9761803487877497,0.32583845374210685
2012-01-19,0.9741100323624596,0.9682579989842559,0.9739770587228216,0.9729476818375157,0.27115829823808735
2012-01-20,0.970192471469937,0.9736753004909431,0.9711521999657593,0.9801786473840916,0.431915590036126
2012-01-23,0.9861182081417137,0.9853563568647368,0.9910118130457113,0.989451297320289,0.3041526941969067
2012-01-24,0.9812638392096749,0.9760453699001186,0.9842492723848655,0.9796682262866862,0.24305433553643543
2012-03-06,0.9843297564299098,0.979769764685966,0.9863893168977915,0.9855380689068479,0.6116572666296943
2012-03-07,0.9895247828308638,0.9900118503470461,0.9926382468755348,0.9934495959166311,0.14446528650148815
2012-03-15,0.9634644864588657,0.9727442017944812,0.9649888717685327,0.9717566992769034,0.4812938254579914
2012-03-16,0.9664452393118721,0.969019807008634,0.9704673857216228,0.973628243300723,0.4747175170024006
2012-03-19,0.9731732243229434,0.9754528525478248,0.9773155281629857,0.9760952786048488,0.3541840031766085
2012-03-20,0.9676375404530744,0.9651261215507028,0.9691833590138674,0.9636750319013184,0.35979864590269084
2012-03-21,0.9711292795094535,0.9685119349923819,0.9724362266735147,0.9643555933645257,0.20518286151407691
2012-03-22,0.950604667007324,0.953529710512951,0.9551446670090737,0.9589111016588684,0.4086442798741913
2012-03-23,0.9734287174246297,0.9718977484340614,0.9756034925526451,0.9755848575074434,0.38934643812855463
2012-03-26,0.9929313575200136,0.9944134078212292,0.9964047252182844,0.9999999999999999,0.5056110629834603
2012-03-28,0.9890137966274912,0.9812087353986796,0.9768019174798834,0.9754147171416415,0.4041827273196228
2012-03-29,0.9758133197070347,0.968342644320298,0.9695257661359356,0.9734581029349211,0.404866917101789
2012-03-30,0.980156702435701,0.9757067885559507,0.9815956171888374,0.9806039982985962,0.24451854205711102
2012-04-02,0.9826264690853348,0.9861181648891149,0.9866461222393426,0.9875797532964693,0.2448668326565784
2012-04-03,0.9934423437233861,0.9833248687997291,0.9640472521828451,0.9616333475116968,0.6709099008154287
2012-04-04,0.9463464486458866,0.9393092940578975,0.9418763910289334,0.9388345384942577,0.6320461496747299
2012-04-05,0.9477942428887756,0.9448112409006266,0.9521486046909775,0.9488728200765629,0.1971512041060933
2012-04-09,0.9635496508260946,0.9560690705942103,0.9618216058894025,0.9572096980008505,0.21354582869114144
2012-04-10,0.963038664622722,0.9693583883528021,0.9580551275466529,0.9719268396427051,0.5545266396184986
2012-04-11,0.9761539771759495,0.969019807008634,0.9774867317240199,0.9716716290940023,0.357960126807334
2012-04-12,0.9722364162834272,0.9830709327916032,0.9750898818695428,0.9855380689068479,0.32239084033815535
2012-04-13,0.9867995230795434,0.9768071779244965,0.9726074302345487,0.9698000850701828,0.3595820714740591
2012-04-16,0.9702776358371659,0.9659725749111225,0.9671289162814587,0.966482347937048,0.2049103880275783
2012-04-17,0.9705331289388521,0.964110377518199,0.96045197740113,0.9648660144619311,0.24689360949854414
2012-04-18,0.9615908703798333,0.9570001692906722,0.963191234377675,0.9566992769034451,0.2413389963025848
2012-04-19,0.9659342531084996,0.9614017267648554,0.96276322547509,0.9577201190982559,0.353824422619641
2012-04-20,0.9595469255663431,0.9552226172337905,0.9643040575243964,0.9586558911101656,0.3186406927885075
2012-04-23,0.950604667007324,0.9490435077027257,0.9530046224961479,0.9546575925138238,0.30628181496255313
2012-04-24,0.9627831715210358,0.9575080413069241,0.9650744735490497,0.9566142067205444,0.13745261659910132
2012-04-25,0.9615057060126044,0.9556458439140005,0.9519774011299433,0.9593364525733729,0.5914598998149365
2012-04-26,0.9698518140010222,0.9676654816319621,0.9720082177709295,0.9713313483623988,0.3998835941129939
2012-04-27,0.9810935104752172,0.9726595564584393,0.9809964047252182,0.97430880476393,0.28327903139140553
2012-04-30,0.9701073071027084,0.9718977484340614,0.9738058551617874,0.9785623139089746,0.2662769979140197
2012-05-01,0.9839039345937661,0.974437108515321,0.9787707584317753,0.9737983836665246,0.23917885110088097
2012-05-02,0.9722364162834272,0.9625867614694432,0.9690977572333503,0.9675882603147595,0.15725038317014298
2012-05-03,0.9587804462612843,0.951582867783985,0.9571991097414827,0.9538068906848148,0.5034120454484123
2012-05-04,0.9558848577755068,0.9558151345860844,0.9589111453518233,0.9580603998298595,0.42149596893444286
2012-05-07,0.9600579117697157,0.9503978330793974,0.9578839239856187,0.9547426626967247,0.12466104885724519
2012-05-08,0.9370635326179528,0.9283054003724396,0.9276664954631055,0.9285410463632494,0.7182757701540886
2012-05-09,0.915687276443536,0.9134924665650923,0.916367060434857,0.9155253083794129,0.5350598615575846
2012-05-10,0.9247146993697837,0.9184865413915695,0.9252696456086285,0.9180774138664397,0.24114077952842491
2012-05-11,0.9100664282064386,0.9091755544269511,0.9132853963362437,0.9077839217354317,0.27902037681288716
2012-05-14,0.894225855901891,0.8885220924327071,0.894110597500428,0.8888132709485325,0.5132492699619758
2012-05-15,0.8906489524782832,0.8835280176062299,0.8823831535695941,0.8752871118672904,0.5117271450414415
2012-05-16,0.8765116675183104,0.8772642627391232,0.8735661701763395,0.8729051467460655,0.667713144759835
2012-05-17,0.8878385283597345,0.9001185034704589,0.8888032871083718,0.9013185878349638,0.5092008105271603
2012-05-18,0.9187531936637712,0.9147621466057221,0.9195343263139872,0.91620586984262,0.49515963724540457
2012-05-21,0.915772440810765,0.9132385305569664,0.9185927067283,0.9170565716716289,0.24449880757855377
2012-05-22,0.9113438937148699,0.9087523277467411,0.898818695428865,0.8951935346660994,0.4176432479904335
2012-05-23,0.8935445409640608,0.8869138310479094,0.8756206129087485,0.8912803062526583,0.7637611731569236
2012-05-24,0.9038494293987398,0.8959708820044017,0.8908577298407807,0.8894938324117395,0.22102473712297735
2012-05-25,0.896865951285982,0.8954630099881498,0.8995035096730011,0.900297745640153,0.18392088842235968
2012-05-29,0.9103219213081248,0.9019807008633827,0.8876904639616503,0.8861760952786047,0.4147936810750389
2012-05-30,0.8785556123318006,0.8914846791941764,0.8729669577127204,0.8937473415567841,0.6682389997721815
2012-05-31,0.8980582524271845,0.8942779752835621,0.8908577298407807,0.8912803062526583,0.3629982932888637
2012-06-04,0.9425992164878214,0.9343152192314204,0.9382811162472178,0.9397703105061673,0.42481774061698974
2012-06-05,0.9397036280020439,0.9328762485187068,0.9405067625406607,0.9382390472139511,0.2697906070857976
2012-06-06,0.956566172713337,0.9492127983748095,0.9419619928094505,0.9390046788600593,0.43837009545429595
2012-06-07,0.9473684210526316,0.9377010326730999,0.9128573874336585,0.9157805189281155,0.7667496157283977
2012-06-08,0.9064895247828311,0.9122227865244628,0.911230953603835,0.917737133134836,0.4070566181271925
2012-06-11,0.9219042752512352,0.9170475706788557,0.9159390515322718,0.9230965546575925,0.3192418600783248
2012-06-12,0.9275251234883326,0.930929405789741,0.9322033898305084,0.9324542747766907,0.506448126133241
2012-06-13,0.945579969340828,0.9360927712883023,0.9405067625406607,0.9380689068481497,0.3627445905040626
2012-06-14,0.945835462442514,0.9385474860335197,0.9389659304913542,0.9434283283709058,0.42672606469347585
2012-06-15,0.9467722704820305,0.9429490435077028,0.9490669405923642,0.9441939600170138,0.49993409602044603
2012-06-18,0.9443025038323967,0.9408329101066533,0.941533983906865,0.944959591663122,0.2077542640700866
2012-06-19,0.9489013796627492,0.9402403927543592,0.9452148604690978,0.938409187579753,0.2175573433463324
2012-06-20,0.9318685062169989,0.9337227018791265,0.9220167779489812,0.9282858358145468,0.677713981868879
2012-06-21,0.9125361948560722,0.9071440663619434,0.9009587399417909,0.894683113568694,0.5618803947409726
2012-06-22,0.8981434167944133,0.89419332994752,0.8959082348912857,0.8999574649085492,0.20876861626792922
2012-06-25,0.9027422926247659,0.9065515490096496,0.9048108200650573,0.9094853253934493,0.13809040740958992
2012-06-26,0.9065746891500597,0.8992720501100391,0.9037835986988529,0.8997873245427476,0.17977472037161765
2012-06-27,0.9088741270652361,0.9005417301506686,0.9039548022598871,0.9015737983836664,0.1209056234819367
2012-06-28,0.8969511156532108,0.8896224818012528,0.8868344461564801,0.8864313058273076,0.3005991571266525
2012-06-29,0.9244592062680974,0.9217030641611648,0.9242424242424243,0.9216503615482771,0.3750507818616827
2012-07-02,0.9205416453755748,0.9183172507194857,0.9227015921931176,0.9207996597192684,0.06648357659979157
2012-07-03,0.9401294498381878,0.9366852886405961,0.9435028248587571,0.94096129306678,0.12994626347382995
2012-07-05,0.9270993016521889,0.9255121042830541,0.9236432117788049,0.925818800510421,0.144732206797509
2012-07-06,0.9167944132175099,0.9093448450990353,0.9108029447012496,0.909059974478945,0.22214914345937883
2012-07-09,0.9115142224493273,0.9101066531234132,0.9149118301660675,0.9118672905146744,0.10385618136187727
2012-07-10,0.9242037131664111,0.9151853732859321,0.9007875363807567,0.8957890259464057,0.3450612126809537
2012-07-11,0.9027422926247659,0.9005417301506686,0.9028419791131657,0.9029349213100807,0.21263423346420504
2012-07-12,0.8915005961505706,0.8973252073810734,0.8928265707926724,0.899532113994045,0.4218592210223048
2012-07-13,0.9101515925736672,0.9131538852209244,0.9149974319465843,0.9127179923436833,0.13193113896946368
2012-07-16,0.9184977005620849,0.9115456238361268,0.9196199280945043,0.9133134836239897,0.16090011434982968
2012-07-17,0.9149207971384772,0.909429490435077,0.9065228556753979,0.9070182900893234,0.49637684152516126
2012-07-18,0.9035087719298245,0.9018114101912986,0.9060948467728129,0.9034453424074861,0.21119916972000355
2012-07-19,0.9125361948560722,0.9079058743863213,0.9106317411402158,0.9062526584432155,0.17743829579284784
2012-07-20,0.9060637029466871,0.9051972236329779,0.909090909090909,0.9087196937473413,0.2927055033861612
2012-07-23,0.9020609776869359,0.899525986118165,0.9051532271871254,0.9032752020416842,0.14000111798115733
2012-07-24,0.9116845511837848,0.9035043169121384,0.9043828111624721,0.9074436410038281,0.19843591866017027
2012-07-25,0.9261624936126727,0.9245810055865922,0.9287793186098272,0.9257337303275198,0.3281814411823504
2012-07-26,0.9378300119230114,0.9327916031826646,0.9373394966615307,0.9350914504466185,0.2357696051947756
2012-07-27,0.945835462442514,0.9387167767056037,0.9425612052730696,0.941641854529987,0.34724990403536127
2012-07-30,0.9390223130642141,0.9361774166243442,0.9267248758774183,0.9407060825180772,0.2297515530116742
2012-07-31,0.9454948049735992,0.9366852886405961,0.9391371340523882,0.9327094853253933,0.39992274181115517
2012-08-01,0.9248850281042413,0.9203487387844931,0.9233008046567368,0.9212250106337726,0.48229821862828304
2012-08-02,0.9204564810083462,0.914846791941764,0.9164526622153741,0.9126329221607824,0.4283303401177717
2012-08-03,0.9203713166411176,0.9211951921449129,0.9233864064372537,0.9247128881327095,0.3884701813864765
2012-08-06,0.9311871912791687,0.9283054003724396,0.9346858414655026,0.9310931518502764,0.11041000169073997
2012-08-07,0.9350195878044627,0.9274589470120198,0.9369970895394624,0.9309230114844745,0.17060530143360428
2012-08-08,0.9360415602112078,0.9294057897409855,0.9391371340523882,0.9326244151424924,0.06493552149231577
2012-08-09,0.9349344234372341,0.9305908244455732,0.9393083376134224,0.936962994470438,0.04466812022574776
2012-08-10,0.9395332992675867,0.9375317420010159,0.9424756034925525,0.9385793279455549,0.11022523189848069
2012-08-13,0.940810764776018,0.9343998645674623,0.9360554699537751,0.9284559761803487,0.10868837496023273
2012-08-14,0.9238630556974963,0.9185711867276116,0.9268960794384524,0.9211399404508717,0.13169551847431735
2012-08-15,0.9260773292454438,0.920602674792619,0.930662557781202,0.9253934495959165,0.1279360085208889
2012-08-16,0.9305910407085676,0.931352632469951,0.9326313987330936,0.9333049766056994,0.30437771314659556
2012-08-17,0.9408959291432466,0.931183341797867,0.9387947269303201,0.9346660995321138,0.25727334859588724
2012-08-20,0.936297053312894,0.9339766378872525,0.9409347714432459,0.9392598894087619,0.258886527482602
2012-08-21,0.9557996934082782,0.9492127983748095,0.9599383667180277,0.9526159081242024,0.44166970026906816
2012-08-22,0.9590359393629706,0.9613170814288134,0.958397534668721,0.9671629094002551,0.5228220524628721
2012-08-23,0.9779424288877534,0.9767225325884543,0.9816812189693545,0.9786473840918756,0.6894870669406363
2012-08-24,0.981859989780276,0.9758760792280345,0.9825372367745249,0.9793279455550828,0.2887246460139382
2012-08-27,0.9810083461079886,0.9753682072117826,0.982622838555042,0.9741386643981284,0.14570277598943626
2012-08-28,0.9798160449667859,0.9745217538513629,0.9822804314329738,0.9765206295193533,0.13161993083202947
2012-08-29,0.9795605518650996,0.9702048417132219,0.972693032015066,0.9675882603147595,0.3249973060142063
2012-08-30,0.9766649633793221,0.9670729642796683,0.9712378017462762,0.9669927690344534,0.16557617609690198
2012-08-31,0.975642990972577,0.9917047570678856,0.9673857216230097,0.9984687367077837,0.7259978257194043
2012-11-05,0.9925055356838701,0.9849331301845268,0.9952063002910461,0.9900467886005951,0.1813222706435955
2012-12-19,0.977090785215466,0.9747756898594888,0.9806539976031503,0.9769459804338577,0.49510635415329995
2012-12-21,0.964401294498382,0.9624174707973592,0.9692689607943845,0.9653764355593363,0.5158243440488798
2012-12-24,0.9734287174246297,0.964110377518199,0.9751754836500599,0.9678434708634621,0.0685446363614835
2012-12-26,0.9775166070516099,0.9685119349923819,0.9766307139188493,0.9692045937898764,0.12646243959643266
2012-12-27,0.9678930335547606,0.9670729642796683,0.9715802088683445,0.9724372607401103,0.308972817637447
2012-12-28,0.9739397036280022,0.9641950228542409,0.9724362266735147,0.9671629094002551,0.2132604130582402
2012-12-31,0.9735990461590871,0.9792618926697141,0.9777435370655709,0.9797532964695873,0.439813466037146
2013-01-02,0.9956566172713339,0.9910275943795497,0.9980311590481081,0.9895363675031897,0.37757560186947003
2013-01-03,0.9870550161812297,0.9803622820382598,0.9782571477486732,0.9727775414717138,0.6367180350554098
2013-01-04,0.9618463634815195,0.9614017267648554,0.9616504023283683,0.9663122075712461,0.7789865069403866
2013-01-07,0.9603134048714019,0.9556458439140005,0.9638760486218114,0.9577201190982559,0.32839870402302485
2013-01-08,0.9698518140010222,0.9643643135263249,0.9712378017462762,0.9673330497660569,0.25194182679589716
2013-01-09,0.9724919093851134,0.9630099881496532,0.970381783941106,0.9667375584857506,0.28130214147546706
2013-01-10,0.9796457162323287,0.9776536312849164,0.984934086629002,0.9794130157379836,0.4229812408636249
2013-01-11,0.9817748254130474,0.9720670391061454,0.9720938195514468,0.9715865589111016,0.526379352852293
2013-01-14,0.9819451541475048,0.9726595564584393,0.980825201164184,0.9756699276903443,0.23327356081037295
2013-01-15,0.98978027593255,0.9828169967834772,0.9913542201677796,0.9843470863462355,0.36137019880789056
2013-01-16,0.9865440299778572,0.9816319620788896,0.9895565827769217,0.9851127179923435,0.32176498200307346
2013-01-17,0.9824561403508774,0.9932283731166414,0.9868173258003767,0.9910676307954059,0.5831813778484425
2013-01-18,0.9995741781638563,0.9895886236668361,0.9970039376819038,0.9888558060399829,0.3594671525570652
2013-01-22,0.9955714529041049,0.9917047570678856,1.0,0.9937898766482346,0.292982382709733
2013-01-23,0.99931868506217,0.989419332994752,0.9968327341208696,0.9898766482347935,0.20612162606963166
2013-01-24,0.9827967978197922,0.9751989165396988,0.9812532100667695,0.9746490854955335,0.504069020007824
2013-01-25,0.9707034576733096,0.9647875402065347,0.9738058551617874,0.9680986814121649,0.3135238637575659
2013-01-28,0.9679781979219897,0.9621635347892332,0.9713234035267935,0.9650361548277325,0.2885555261221162
2013-01-29,0.9745358541986033,0.9670729642796683,0.9770587228214347,0.9709910676307952,0.23682136111360466
2013-01-30,0.988758303525805,0.9817166074149315,0.9885293614107173,0.9811994895789024,0.45002555385502485
2013-01-31,0.9797308805995573,0.9713052310817676,0.9751754836500599,0.9727775414717138,0.3271799393426381
2013-02-01,0.9885879747913473,0.9794311833417981,0.9785995548707414,0.9749042960442361,0.4909797828987067
2013-02-04,0.9760688128087209,0.9764685965803284,0.9809964047252182,0.9795831561037854,0.23631156904892112
2013-02-05,0.9893544540964061,0.9796851193499241,0.9825372367745249,0.9792428753721819,0.3108494288658329
2013-02-06,0.9840742633282236,0.9782461486372103,0.9881869542886492,0.9829008932369202,0.1808359304824997
2013-02-07,0.9764946346448649,0.9810394447265958,0.980825201164184,0.9782220331773711,0.4874729660590834
2013-02-08,0.9783682507238973,0.9730827831386493,0.9814244136278034,0.9759251382390469,0.1780524052290677
2013-02-11,0.9640606370294671,0.9558151345860844,0.9647320664269816,0.9600170140365799,0.45362824354512743
2013-02-12,0.9603985692386305,0.9564076519383784,0.9615648005478512,0.9616333475116968,0.24903186319729023
2013-02-13,0.9625276784193495,0.952937193160657,0.9606231809621641,0.9544874521480221,0.31007133968104306
2013-02-14,0.9600579117697157,0.9530218384966991,0.9543742509844204,0.9485325393449594,0.4683093646617722
2013-02-15,0.9354454096406064,0.92703572033181,0.9245848313644924,0.926499361973628,0.9715033670691948
2013-02-19,0.9299948901379664,0.9207719654647031,0.9277520972436226,0.9228413441088897,0.44048976202788936
2013-02-21,0.8978027593254982,0.9002031488065008,0.9018147577469611,0.8997873245427476,0.7232769459618575
2013-02-22,0.9000170328734458,0.8966480446927376,0.9020715630885123,0.9027647809442788,0.3619811415487141
2013-02-25,0.9107477431442685,0.9099373624513292,0.9138846087998631,0.9144193960017012,0.3337369263668971
2013-02-26,0.9181570430931698,0.9288979177247336,0.91397021058038,0.9304125903870691,0.7332108235262154
2013-02-27,0.9272696303866463,0.9187404773996954,0.9204759458996747,0.9163760102084216,0.33921581423816005
2013-02-28,0.9156021120763074,0.9065515490096496,0.9060092449922956,0.9030199914929816,0.5809631306703352
2013-03-01,0.9076818259240336,0.9018960555273408,0.9038692004793698,0.8982560612505316,0.41181712508483537
2013-03-04,0.901635155850792,0.8945319112916881,0.90155795240541,0.8970650786899191,0.20330179855448158
2013-03-05,0.907170839720661,0.9000338581344167,0.903612395137819,0.8977456401531262,0.39461779271601316
2013-03-06,0.899250553568387,0.8999492127983748,0.8996747132340353,0.9049766056997021,0.39712361255142203
2013-03-07,0.9064895247828311,0.8985102420856612,0.9060948467728129,0.9003828158230539,0.20107799818589658
2013-03-08,0.8944813490035772,0.899187404773997,0.8975346687211094,0.9005529561888558,0.4430567587468257
2013-03-11,0.9047862374382558,0.8972405620450314,0.9082348912857388,0.9029349213100807,0.11953104820921998
2013-03-12,0.9154317833418497,0.9110377518198749,0.9189351138503681,0.9131433432581878,0.23221395699425715
2013-03-13,0.9170499063191961,0.910275943795497,0.9148262283855502,0.9086346235644404,0.24005832043249162
2013-03-14,0.9064895247828311,0.9066361943456915,0.9113165553843519,0.9088047639302422,0.42287017705407004
2013-03-15,0.9158576051779936,0.9112916878280009,0.9195343263139872,0.9115270097830709,0.16041698677826652
2013-03-18,0.9293135752001362,0.9215337734890809,0.9283513097072418,0.923266695023394,0.3257047182292794
2013-03-19,0.9252256855731562,0.9250042322668022,0.9292073275124122,0.9292216078264567,0.40485048700103665
2013-03-20,0.9278657809572477,0.9206873201286612,0.9273240883410374,0.9231816248404933,0.27608673184001153
2013-03-21,0.9333163004598877,0.92576604029118,0.9358842663927409,0.930667800935772,0.12787515289631468
2013-03-22,0.9271844660194175,0.9220416455053329,0.9319465844889572,0.9247128881327095,0.11657904558187246
2013-03-25,0.9208823028444901,0.9184865413915695,0.9228727957541518,0.9220757124627817,0.21177114833921054
2013-03-26,0.918838358031,0.9128999492127985,0.9221879815100154,0.9176520629519352,0.23786191886320593
2013-03-27,0.9205416453755748,0.9189097680717795,0.924156822461907,0.9230965546575925,0.2070888449896178
2013-03-28,0.9190938511326863,0.9119688505163368,0.9216743708269131,0.9155253083794129,0.213191893112924
2013-04-01,0.9196900017032874,0.9130692398848825,0.9223591850710495,0.9172267120374306,0.09555540073933616
2013-04-02,0.9070856753534322,0.899356695446081,0.9048964218455742,0.8981709910676307,0.3300867362458486
2013-04-03,0.8979730880599559,0.8927543592348064,0.884865605204588,0.8837090599744787,0.6202536054892324
2013-04-04,0.8777891330267418,0.8764178093787034,0.8807567197397705,0.8799659719268395,0.469187870216523
2013-04-05,0.8938851984329756,0.8963941086846117,0.8947098099640471,0.9014036580178645,0.5638385598493497
2013-04-08,0.9011241696474195,0.8932622312510583,0.89924670433145,0.8958740961293065,0.18541143817720238
2013-04-09,0.9005280190768183,0.9039275435923482,0.9050676254066083,0.9059123777116119,0.2219838786749959
2013-04-10,0.9035087719298245,0.8942779752835621,0.8905153227187126,0.8838792003402806,0.748242667631545
2013-04-11,0.887242377789133,0.8858134416793637,0.8909433316212976,0.8864313058273076,0.26833443203895346
2013-04-18,0.7455288707204908,0.7469950905705096,0.7453347029618216,0.7439387494683113,0.818598424289086
2013-04-19,0.7615397717594958,0.7530049094294906,0.7537236774524909,0.7538919608677158,0.6176658187266066
2013-04-22,0.7798501107136775,0.772050110038937,0.7761513439479542,0.7745640153126329,0.6591958356027984
2013-04-23,0.7719298245614037,0.7633316404266126,0.7644239000171202,0.7658868566567417,0.5708853290949181
2013-04-24,0.779339124510305,0.7744201794481127,0.7781201848998458,0.7785623139089749,0.374700104767134
2013-04-25,0.7956055186509965,0.804299983070933,0.798151001540832,0.8062951935346659,0.7656592628410416
2013-04-26,0.8151933231136095,0.8157271034366007,0.8002910460537578,0.8001701403658016,0.7849495779483449
2013-04-29,0.8134048714018056,0.809209412561368,0.8127033042287279,0.8119948957890258,0.4038021272482849
2013-04-30,0.8149378300119232,0.8106483832740818,0.8132169149118302,0.8159931943853679,0.41671476372138294
2013-05-01,0.800630216317493,0.7998137802607079,0.7939565142954974,0.8018715440238197,0.5381473895690706
2013-05-02,0.8126383920967468,0.8076011511765702,0.8139873309364833,0.8087622288387918,0.4267041731905181
2013-05-03,0.8100834610798842,0.809632639241578,0.8119328882040746,0.810208421948107,0.434202219477141
2013-05-06,0.8154488162152957,0.8076011511765702,0.8139017291559665,0.8107188430455124,0.2535227421048777
2013-05-07,0.7988417646056891,0.7921110546808872,0.7945557267591166,0.7956614206720544,0.5242564736891671
2013-05-08,0.8107647760177144,0.8104790926019978,0.8127033042287279,0.8133560187154402,0.4110269657422303
2013-05-09,0.8069323794924206,0.8066700524801085,0.8043143297380584,0.7993194385367927,0.27800969614593896
2013-05-10,0.7804462612842789,0.7845776197731507,0.776493751070022,0.7890259464057846,0.5712440376632982
2013-05-13,0.7824902060977688,0.7779752835618758,0.7841979113165554,0.7790727350063801,0.20699889248270573
2013-05-14,0.7781468233691025,0.7795835449466735,0.7797466187296693,0.7737983836665246,0.3529013997527958
2013-05-15,0.7665644694259923,0.7611308616895209,0.7505564115733605,0.7467460655040407,0.773625980046331
2013-05-16,0.7375234202009882,0.7399695276790248,0.7400273925697654,0.7421522756273925,0.4843421139830437
2013-05-17,0.7374382558337591,0.7315049940748264,0.7230782400273927,0.7164610803913226,0.8325553359368159
2013-05-20,0.7179356157383752,0.7470797359065515,0.7216230097586029,0.7509145044661846,0.8893803997893275
2013-05-21,0.7289218191108839,0.7329439647875404,0.726759116589625,0.7318587834963844,0.5660314734642858
2013-05-23,0.7488502810424118,0.7430167597765365,0.7410546139359699,0.746575925138239,0.37009650986108944
2013-05-24,0.745443706353262,0.7402234636871508,0.7455059065228555,0.7393449595916629,0.15220244123760698
2013-05-28,0.7417816385624256,0.7491958693076013,0.7383153569594247,0.7370480646533389,0.47089426009381863
2013-05-29,0.7452733776188045,0.7436092771288303,0.7455059065228555,0.7484474691620587,0.3010192261551049
2013-05-30,0.7672457843638221,0.7622312510580669,0.7679335730183188,0.7643555933645255,0.2939876478686121
2013-05-31,0.7590700051098622,0.7532588454376166,0.7476459510357814,0.7407060825180772,0.3479153690099661
2013-06-03,0.7510645545903596,0.7611308616895209,0.7522684471837016,0.7627392598894086,0.31986510244764443
2013-06-04,0.7548117867484245,0.7480954799390553,0.7508988186954288,0.7518502764780942,0.1510978611680351
2013-06-05,0.7570260602963721,0.7559674961909599,0.7572333504536892,0.7543173117822203,0.2404251522629756
2013-06-06,0.7563447453585419,0.7665481631962081,0.7569765451121382,0.7629094002552105,0.350709587597128
2013-06-07,0.745443706353262,0.7411545623836129,0.741568224619072,0.7352615908124202,0.4061635182371365
2013-06-10,0.7385453926077332,0.7382766209581852,0.7399417907892485,0.7408762228838791,0.18066396515423458
2013-06-11,0.7301141202520867,0.7317589300829523,0.7336072590309879,0.7350063802637173,0.22922744197650255
2013-06-12,0.7355646397547266,0.7429321144404946,0.738572162300976,0.7435133985538068,0.19938211806578612
2013-06-13,0.7386305569749618,0.7375994582698493,0.7384865605204587,0.7391748192258613,0.22755524323066081
2013-06-14,0.7445068983137457,0.7409852717115288,0.7475603492552645,0.7450446618460228,0.09513230269789597
2013-06-17,0.7435700902742293,0.7364144235652617,0.7444786851566514,0.7394300297745641,0.08563887115845428
2013-06-18,0.7336058593084653,0.7271034366006435,0.7274439308337612,0.7254785197788173,0.23746984525782314
2013-06-19,0.7324135581672631,0.7287116979854411,0.7175997260743023,0.7123777116120799,0.49566520704955963
2013-06-21,0.6692215976835292,0.6645505332656172,0.6669234720082178,0.6652488302849849,0.6605993241813083
2013-06-24,0.6619826264690853,0.6571863890299645,0.6570792672487589,0.6557209698000851,0.4839496732245716
2013-06-25,0.6563617782319879,0.6504147621466059,0.6533983906865262,0.6518077413866438,0.3288394713068943
2013-07-01,0.6247657979901211,0.6339089216184188,0.623437767505564,0.6319013185878347,0.6306509220407324
2013-07-02,0.6366888094021463,0.6298459454884036,0.6268618387262455,0.6227137388345384,0.3829822523703862
2013-07-03,0.6311531255322773,0.6323853055696631,0.6333675740455402,0.6285835814547,0.20854456109510014
2013-07-05,0.6089252256855733,0.6019976299305909,0.6008388974490669,0.6060399829859634,0.4308136259323164
2013-07-08,0.6175268267756773,0.6145251396648046,0.6195856873822976,0.6181199489578902,0.2958835346341935
2013-07-09,0.6324305910407086,0.6301845268325716,0.6291730868002054,0.6275627392598894,0.27517917529705893
2013-07-10,0.6350706864247999,0.6372947350600981,0.6337955829481254,0.6303700552956187,0.5729584590144252
2013-07-11,0.6615568046329416,0.6543084476045371,0.6584488957370314,0.6583581454700126,0.41649107570164334
2013-07-12,0.655254641458014,0.6538005755882852,0.6571648690292757,0.6574223734581027,0.20090341689186916
2013-07-15,0.6597683529211378,0.6545623836126631,0.6616161616161615,0.6578477243726074,0.08845814794397022
2013-07-16,0.6658150229943793,0.6615033011681057,0.6658106488614963,0.6638877073585706,0.15477315538157396
2013-07-17,0.6681996252767843,0.6656509226341629,0.6521143639787708,0.6505316886431304,0.3982710577441857
2013-07-18,0.6602793391245103,0.6556627729812088,0.6611025509330595,0.6564015312632921,0.18106815481156877
2013-07-19,0.666922159768353,0.6632808532249874,0.6685499058380415,0.6657592513823903,0.1634519660038268
2013-07-22,0.6904275251234884,0.6974775689859489,0.6937168293100497,0.6974904296044236,0.39679133900548136
2013-07-23,0.6993697836825072,0.7032334518368037,0.7002225646293443,0.7048915355168014,0.3035897108283909
2013-07-24,0.7033725089422584,0.696969696969697,0.6875535011128231,0.685920884729902,0.3565846795460299
2013-07-25,0.6908533469596323,0.692483494159472,0.6941448382126347,0.6960442364951082,0.11457315057186848
2013-07-26,0.6943450860160112,0.6933299475198917,0.6867830850881698,0.6969800085070182,0.18096897758328453
2013-07-29,0.6972406745017885,0.6917216861350941,0.6993665468241739,0.6943428328370905,0.062018995032235125
2013-07-30,0.692982456140351,0.6877433553411207,0.6905495634309193,0.6913653764355593,0.10471173984853832
2013-07-31,0.6913643331630048,0.6929067208396817,0.6812189693545625,0.690004253509145,0.6337865012127984
2013-08-01,0.6920456481008348,0.6841882512273574,0.6829310049649033,0.6785197788175242,0.3834514281245508
2013-08-02,0.682677567705672,0.6787709497206704,0.6828454031843862,0.6763930242450019,0.19545527809184662
2013-08-05,0.6807187872594107,0.6736075842221094,0.6744564286937169,0.670778392173543,0.08257167424929585
2013-08-06,0.662152955203543,0.6559167089893347,0.6591337099811676,0.6560612505316884,0.1749744231979071
2013-08-07,0.6593425310849941,0.6563399356695447,0.6617017633966786,0.6575925138239046,0.14225006833636877
2013-08-08,0.6659853517288368,0.6765701709835787,0.6695771272042459,0.6806465333900465,0.29592626207497663
2013-08-09,0.6807187872594107,0.6789402403927545,0.6826741996233521,0.6806465333900465,0.18299947185028084
2013-08-12,0.7067790836314087,0.6995937023869987,0.704759458996747,0.6999574649085495,0.2391157007694978
2013-08-13,0.6975813319707036,0.6906212967665484,0.6919191919191918,0.6881327094853252,0.23551204730253542
2013-08-14,0.6905126894907172,0.6941764008803115,0.6935456257490156,0.6988515525308377,0.2982638799012872
2013-08-15,0.6939192641798673,0.7220247164381244,0.6970552987502141,0.721735431731178,0.6890594253797143
2013-08-16,0.7322432294328054,0.7297274420179449,0.7262455059065227,0.7293066780093577,0.5616542284378793
2013-08-19,0.7302844489865443,0.723209751142712,0.7279575415168635,0.7244576775840067,0.2713722567009569
2013-08-20,0.7277295179696817,0.7285424073133571,0.731638418079096,0.7282007656316459,0.2570431436088101
2013-08-21,0.7252597513200478,0.7293888606737768,0.7272727272727271,0.7249680986814119,0.3909150538090389
2013-08-22,0.7322432294328054,0.7313357034027426,0.7337784625920221,0.7312632922160781,0.16227689254108305
2013-08-23,0.7324135581672631,0.7464025732182158,0.7357473035439137,0.7490429604423648,0.43215501974457526
2013-08-26,0.7520013626298758,0.7494498053157272,0.7498715973292245,0.7537218205019139,0.2516005579992653
2013-08-27,0.7695452222789985,0.7659556458439143,0.7701592193117617,0.76478094427903,0.4152327502758697
2013-08-28,0.7718446601941749,0.7651938378195362,0.7713576442390002,0.7644406635474265,0.525270366945648
2013-08-29,0.7625617441662409,0.7574911122397159,0.7607430234548878,0.7572947681837515,0.26320989279313367
2013-08-30,0.7500425821836145,0.7503809040121892,0.7523540489642184,0.7466609953211399,0.25164580961753846
2013-09-03,0.7569408959291435,0.7595226003047233,0.7574045540147234,0.7619736282433004,0.27054965020407284
2013-09-04,0.7497019247146997,0.7430167597765365,0.746190720766992,0.7470012760527432,0.25610460852393624
2013-09-05,0.7462101856583205,0.7388691383104791,0.7297551789077215,0.7260740110591236,0.40931974977048347
2013-09-06,0.7395673650144778,0.7392923649906891,0.7428522513268276,0.7426626967247979,0.28650052438639995
2013-09-09,0.7456140350877194,0.7386152023023531,0.7457627118644066,0.7406210123351763,0.1322330764913896
2013-09-10,0.7259410662578778,0.7189774843406129,0.7238486560520461,0.7221607826456827,0.2857571770626982
2013-09-11,0.7238971214443879,0.7173692229558153,0.7251326827598013,0.721820501914079,0.13050589657040462
2013-09-12,0.6986884687446773,0.6917216861350941,0.6938880328710837,0.6875372182050191,0.49241103742960524
2013-09-13,0.6862544711292795,0.6847807685796512,0.6819037835986987,0.6888132709485323,0.4522091050661803
2013-09-16,0.6889797308805996,0.6852886405959033,0.6830166067454204,0.6771586558911101,0.35711507807785814
2013-09-17,0.6832737182762734,0.6765701709835787,0.6810477657935285,0.6775840068056146,0.27198475984241055
2013-09-19,0.7274740248679954,0.7255798205518877,0.7247902756377331,0.7222458528285834,0.5573957115417695
2013-09-20,0.7155510134559702,0.7097511427120367,0.6963704845060779,0.690004253509145,0.790080588267366
2013-09-23,0.6893203883495147,0.6888437447096665,0.6914911830166066,0.6865163760102083,0.23936614507063017
2013-09-24,0.6797819792198945,0.686896901980701,0.6830166067454204,0.6874521480221182,0.23606594363208763
2013-09-25,0.689575881451201,0.6953614355848994,0.6931176168464304,0.697065078689919,0.24378781562085863
2013-09-26,0.6986033043774487,0.6934992381919758,0.6914055812360895,0.6885580603998297,0.3343625552312982
2013-09-27,0.7007324135581674,0.698493313018453,0.7044170518746791,0.6985963419821352,0.24080465087504513
2013-09-30,0.692982456140351,0.6947689182326053,0.694658448895737,0.6918757975329647,0.3109460819166272
2013-10-01,0.669988076988588,0.6619265278483157,0.6613593562746105,0.6613356018715438,0.6656657155565885
2013-10-02,0.671010049395333,0.6835110885390216,0.6744564286937169,0.6823479370480646,0.4492806002365567
2013-10-03,0.6829330608073583,0.6824953445065178,0.6819893853792158,0.6833687792428752,0.432296740837098
2013-10-04,0.6853176630897633,0.6779244963602507,0.680106146207841,0.6778392173543172,0.21652660694187362
2013-10-07,0.6870209504343383,0.6879126460132048,0.6896935456257491,0.6872820076563163,0.20782448209844143
2013-10-08,0.6916198262646911,0.6889283900457084,0.6904639616504022,0.6852403232666949,0.21985131584913606
2013-10-09,0.6781638562425483,0.675723717623159,0.6712891628145865,0.6742662696724796,0.3901129619910271
2013-10-10,0.6707545562936468,0.6667513120027087,0.6638418079096045,0.6586133560187152,0.3817041465719191
2013-10-11,0.6454607392267078,0.6411884205180296,0.6445814072932716,0.644406635474266,0.631724018732885
2013-10-14,0.6584908874127067,0.6532927035720333,0.652799178222907,0.6463632496809867,0.17948104379420407
2013-10-15,0.644694259921649,0.6543084476045371,0.647748673172402,0.654019566142067,0.28326631871568375
2013-10-16,0.655254641458014,0.6503301168105637,0.650231124807396,0.6524032326669501,0.28996254854911196
2013-10-17,0.6849770056208484,0.6839343152192314,0.687039890429721,0.6854104636324968,0.4390758554804667
2013-10-18,0.6837847044796459,0.6794481124090064,0.6852422530388631,0.6805614632071456,0.14430387682454432
2013-10-21,0.6859989780275932,0.6795327577450483,0.6868686868686869,0.6816673755848573,0.05443824751221657
2013-10-22,0.6955373871572135,0.7004401557474185,0.6991097414826228,0.7017439387494683,0.3049859940275207
2013-10-23,0.6980923181740761,0.6943456915523956,0.7002225646293443,0.69621437686091,0.13274475021565654
2013-10-24,0.7054164537557486,0.7065346199424414,0.7092963533641499,0.7065078689919183,0.36803402738117597
2013-10-25,0.7064384261624936,0.7098357880480786,0.7097243622667353,0.7112717992343683,0.30118540882221145
2013-10-28,0.7137625617441663,0.7142373455222617,0.7152028762198253,0.7121225010633773,0.2116274996929682
2013-10-29,0.711803781297905,0.7070424919586933,0.7106659818524224,0.7054019566142066,0.14357218661143215
2013-10-30,0.7175097939022315,0.7123751481293381,0.7041602465331278,0.7039557635048913,0.30702194969672236
2013-10-31,0.6937489354454096,0.6892669713898767,0.6912343776750556,0.6881327094853252,0.2539917801766337
2013-11-01,0.6836995401124171,0.6780937870323347,0.6805341551104263,0.6814121650361548,0.3380398687868289
2013-11-04,0.6864247998637372,0.681056373793804,0.6864406779661016,0.6802211824755423,0.07403040835317337
2013-11-05,0.6824220746039857,0.675469781615033,0.680106146207841,0.67809442790302,0.1255626850566306
2013-11-06,0.6858286492931358,0.6797020484171323,0.6879815100154083,0.6835389196086771,0.06138037812729527
2013-11-07,0.6775677056719469,0.6753851362789911,0.6789077212806025,0.6746916205869841,0.25214096145278075
2013-11-08,0.6632600919775167,0.6551549009649569,0.6597329224447868,0.6586984262016161,0.28547010924089444
2013-11-11,0.6589167092488504,0.6510072794988997,0.6600753295668549,0.6552105487026797,0.04873475373849043
2013-11-12,0.6551694770907854,0.6501608261384799,0.6435541859270673,0.6431305827307529,0.2521851116117855
2013-11-13,0.6505706012604326,0.6448281699678349,0.6492039034411916,0.6465333900467883,0.17239797228691764
2013-11-14,0.6586612161471641,0.6589639410868462,0.6619585687382297,0.6586133560187152,0.2507141127589554
2013-11-15,0.6607051609606542,0.6556627729812088,0.6635850025680534,0.6590387069332196,0.11275900126282304
2013-11-18,0.6567876000681316,0.6509226341628576,0.6505735319294641,0.646958740961293,0.18516796978476932
2013-11-19,0.6505706012604326,0.6461824953445066,0.6529703817839412,0.6473840918757975,0.06696404231145633
2013-11-20,0.639499233520695,0.638056543084476,0.6266906351652115,0.6233092301148447,0.5538110123530493
2013-11-21,0.6236586612161472,0.6203656678517013,0.6228385550419449,0.6217779668226285,0.2458289114333124
2013-11-22,0.6273207290069835,0.6207888945319113,0.6272042458483136,0.6216078264568269,0.20967002299663376
2013-11-25,0.6182933060807361,0.6258676146944304,0.6212977229926382,0.626201616333475,0.23242823671607996
2013-11-26,0.6239141543178335,0.6207888945319113,0.6252354048964219,0.6207571246278177,0.3140953834354111
2013-11-27,0.6296201669221599,0.623243609277129,0.6223249443588426,0.6176945980433856,0.18064689253557573
2013-11-29,0.6309827967978199,0.6262908413746404,0.6340523882896765,0.6282433007230964,0.007272751972116923
2013-12-02,0.6184636348151935,0.6113932622312512,0.6073446327683616,0.6017014036580178,0.3710306850030263
2013-12-03,0.6047521716913644,0.6030980192991366,0.6050333846944016,0.6049340706082517,0.2202020847319571
2013-12-04,0.6111394992335208,0.6238361266294228,0.6129943502824857,0.6219481071884302,0.3166919359780471
2013-12-05,0.6099471980923183,0.6109700355510412,0.6065742167437083,0.607826456826882,0.36936858296714403
2013-12-06,0.615568046329416,0.6111393262231253,0.6117103235747303,0.6099532113994043,0.2617485317089012
2013-12-09,0.6166751831033896,0.6167259184018961,0.6197568909433315,0.6199064227988088,0.15164198204658105
2013-12-10,0.6435019587804465,0.6370407990519722,0.6413285396336244,0.6377711612079965,0.3192816502943925
2013-12-11,0.6379662749105774,0.6327238869138312,0.635250813216915,0.6296044236495107,0.3546068717473678
2013-12-12,0.613438937148697,0.6074149314372779,0.6118815271357645,0.6077413866439813,0.3028814266247304
2013-12-13,0.6158235394311022,0.6130861689520908,0.618130457113508,0.6170140365801785,0.19635535389060196
2013-12-16,0.6187191279168798,0.6239207719654647,0.6199280945043657,0.6196512122501062,0.274737490130466
2013-12-17,0.6164196900017034,0.6165566277298122,0.6147919876733436,0.6108039132284134,0.2927536922291498
2013-12-18,0.6167603474706185,0.617826307770442,0.6055469953775039,0.6019566142067204,0.6448804907515054
2013-12-19,0.5909555442003067,0.5840528186896903,0.5816640986132512,0.5782220331773712,0.6315053331739889
2013-12-20,0.5858456821665816,0.5875232774674116,0.5864577983222051,0.5877498936622713,0.5732420388818793
2013-12-23,0.5878896269800715,0.5845606907059422,0.5896250642013354,0.5846022968949381,0.18527527027515736
2013-12-24,0.5894225855901891,0.585999661418656,0.5920219140558123,0.5891110165886855,0.052674398176424025
2013-12-26,0.6016862544711294,0.5939563230066024,0.6000684814244137,0.5945555082943427,0.07628638051122028
2013-12-27,0.6023675694089594,0.5952260030472322,0.6017805170347543,0.5977881752445767,0.09183852643841861
2013-12-30,0.5943621188894568,0.5869307601151178,0.5874850196884096,0.5830710336027222,0.20645018219054181
2013-12-31,0.5793731902571964,0.5931098696461825,0.581321691491183,0.5892811569544874,0.48793727703481293
2014-01-02,0.607647760177142,0.6066531234129,0.6094846772812874,0.6052743513398552,0.2454171951376448
2014-01-03,0.6136944302503833,0.6141865583206367,0.6166752268447184,0.6162484049340705,0.1685502538037519
2014-01-06,0.6232328393800035,0.6207042491958694,0.6040061633281972,0.6180348787749893,0.36263380205932494
2014-01-07,0.6121614716402657,0.6082613847976976,0.6127375449409347,0.6122501063377285,0.19411429732681343
2014-01-08,0.6081587463805145,0.6048755713560183,0.6073446327683616,0.606295193534666,0.23983421936552643
2014-01-09,0.6091807187872595,0.6063145420687321,0.6115391200136961,0.6091875797532963,0.08108520907257313
2014-01-10,0.6228921819110884,0.6210428305400373,0.6251498031159048,0.6245002126754572,0.26563737133808396
2014-01-13,0.6275762221086698,0.6262061960385985,0.6304571135079611,0.6309655465759251,0.16844322867818093
2014-01-14,0.6298756600238462,0.6263754867106823,0.6263482280431432,0.6213526159081241,0.2432124867297105
2014-01-15,0.6183784704479647,0.6157948197054344,0.6211265194316042,0.6193960017014034,0.15004188298867752
2014-01-16,0.6239141543178335,0.6170644997460639,0.6250642013353878,0.6205019140791151,0.08002757870431307
2014-01-17,0.628513030148186,0.6260369053665145,0.6304571135079611,0.6301999149298171,0.2624613594320435
2014-01-21,0.6192301141202523,0.617149145082106,0.6221537407978086,0.6197362824330072,0.2091639942511169
2014-01-22,0.6222960313404873,0.6154562383612663,0.6216401301147063,0.6153977031050616,0.12326077286826786
2014-01-23,0.6335377278146825,0.6345014389707129,0.6370484506077727,0.6375159506592939,0.4052331982026388
2014-01-24,0.6428206438426163,0.6385644151007279,0.6420133538777606,0.6417694598043385,0.29066225054930694
2014-01-27,0.6393289047862376,0.6348400203148807,0.6349084060948467,0.6304551254785197,0.24446356088196777
2014-01-28,0.6365184806676887,0.6292534281361097,0.6322547508988186,0.6303700552956187,0.13535116999757127
2014-01-29,0.6439277806165902,0.63864906043677,0.6384180790960452,0.6433007230965545,0.4614540198582091
2014-01-30,0.6224663600749447,0.6192652784831556,0.6253210066769388,0.6203317737133133,0.30037996673225853
2014-01-31,0.6308124680633624,0.6246825799898426,0.6241225817497003,0.6230540195661419,0.26517200479722225
2014-02-03,0.6292795094532448,0.6352632469950907,0.6314843348741652,0.6335176520629519,0.32416281293605165
2014-02-04,0.6287685232498723,0.6266294227188083,0.6320835473377846,0.6307103360272223,0.22134668448827763
2014-02-05,0.640180548458525,0.633316404266125,0.6349940078753638,0.6332624415142493,0.21089576358571985
2014-02-06,0.6370294668710612,0.6301845268325716,0.635422016777949,0.6328370905997446,0.11665270567044081
2014-02-07,0.6358371657298587,0.6363636363636365,0.6392740969012156,0.6407486176095277,0.20542844103677424
2014-02-10,0.6491228070175439,0.6441510072794989,0.6520287621982537,0.6471288813270947,0.26278812568164267
2014-02-11,0.6540623403168115,0.6576096157101745,0.6575072761513439,0.6593789876648234,0.42915225820261305
2014-02-12,0.6627491057741441,0.65955645843914,0.6640986132511555,0.6599744789451297,0.20407410507811272
2014-02-13,0.6653040367910068,0.6648044692737431,0.6686355076185584,0.6689919183326242,0.3195815684743265
2014-02-14,0.6848066768863907,0.6798713390892162,0.6865262797466187,0.6831135686941726,0.4118791739569502
2014-02-18,0.6884687446772271,0.6830032165227697,0.6894367402841979,0.6852403232666949,0.25165783388121754
2014-02-19,0.6871061148015671,0.6804638564415102,0.6814757746961135,0.6756273925988939,0.32960576569868594
2014-02-20,0.6827627320729008,0.6830032165227697,0.6835302174285225,0.6869417269247128,0.38414690786421724
2014-02-21,0.6897462101856584,0.6857118672761131,0.6899503509673002,0.6867715865589109,0.23396018298175672
2014-02-24,0.697751660705161,0.6941764008803115,0.7001369628488272,0.698766482347937,0.454801986077922
2014-02-25,0.6986884687446773,0.698070086338243,0.7021058038007191,0.7006380263717565,0.16430679018430902
2014-02-26,0.6975813319707036,0.6915523954630101,0.69226159904126,0.6912803062526583,0.22254975337409097
2014-02-27,0.6971555101345597,0.6918909768071781,0.6962848827255608,0.6920459378987663,0.13131840635732916
2014-02-28,0.6957077158916711,0.6880819366852886,0.6899503509673002,0.6871118672905147,0.3846973162394197
2014-03-03,0.7103559870550165,0.7070424919586933,0.7127204245848313,0.7098256061250531,0.43858790902460454
2014-03-04,0.6980071538068473,0.6956153715930253,0.699965759287793,0.6961293066780093,0.1901631334606987
2014-03-05,0.6994549480497361,0.6964618249534451,0.7021914055812362,0.6979157805189279,0.12274386721247643
2014-03-06,0.7078010560381538,0.7060267479261892,0.7098099640472522,0.7088047639302423,0.14717740047902464
2014-03-07,0.6952818940555272,0.6955307262569832,0.6990241397021058,0.699617184176946,0.24648111300256145
2014-03-10,0.7009027422926248,0.6987472490265789,0.7039034411915768,0.6999574649085495,0.09014966812114364
2014-03-11,0.7105263157894737,0.7033180971728459,0.7051874678993324,0.7061675882603148,0.2335510826518513
2014-03-12,0.7238971214443879,0.7199932283731167,0.7262455059065227,0.7223309230114842,0.4085187135176038
2014-03-13,0.7248339294839041,0.7235483324868801,0.7277007361753125,0.7261590812420246,0.2662556571406962
2014-03-14,0.7417816385624256,0.7332825461317083,0.7344632768361581,0.733730327520204,0.44715684908484343
2014-03-17,0.7336910236756942,0.7293042153377349,0.7247902756377331,0.7213100808166736,0.5701845256354547
2014-03-18,0.7137625617441663,0.7127983748095481,0.7171717171717173,0.7126329221607824,0.19358981913855236
2014-03-19,0.7066087548969513,0.6993397663788727,0.6967128916281458,0.6911101658868565,0.49174699517322196
2014-03-20,0.6913643331630048,0.6885898087015405,0.6936312275295327,0.689153551680136,0.2517130445270417
2014-03-21,0.7020950434338276,0.6943456915523956,0.7007361753124464,0.6943428328370905,0.23131957206838813
2014-03-24,0.6837847044796459,0.6778398510242087,0.6803629515493923,0.6748617609527859,0.4988826154664341
2014-03-25,0.6801226366888096,0.6751312002708652,0.68216058894025,0.6768183751595064,0.20017920742295428
2014-03-26,0.6786748424459208,0.6714068054850177,0.672658791302859,0.6683113568694171,0.2925933381173381
2014-03-27,0.6683699540112418,0.6621804638564417,0.6647834274952917,0.6613356018715438,0.23447805241440786
2014-03-28,0.6613013115312554,0.659387167767056,0.6619585687382297,0.6610803913228412,0.23164927554270273
2014-03-31,0.6637710781808892,0.6579481970543424,0.6593049135422016,0.6529987239472564,0.46681211436304726
2014-04-01,0.6568727644353602,0.6499915354663959,0.655367231638418,0.6511271799234367,0.17401831065887638
2014-04-02,0.6630897632430592,0.6576096157101745,0.6646122239342578,0.6590387069332196,0.12396469712899133
2014-04-03,0.6572134219042753,0.6534619942441173,0.6594761171032357,0.6556358996171842,0.06668179337395147
2014-04-04,0.6694770907852154,0.6678517013712544,0.6703475432288992,0.6696724797958314,0.23280608313924703
2014-04-07,0.6684551183784704,0.6637040799051972,0.670176339667865,0.6640578477243725,0.08089796099696014
2014-04-08,0.6792709930165219,0.6710682241408499,0.6792501284026708,0.674096129306678,0.21742158849151297
2014-04-09,0.6717765287003918,0.6742847469104454,0.6743708269131998,0.6760527435133984,0.14228260727892014
2014-04-10,0.6844660194174759,0.6797866937531742,0.6871254922102379,0.6819225861335602,0.12846177174496298
2014-04-11,0.6852324987225347,0.6792788217369223,0.6863550761855848,0.6812420246703529,0.1143853976607575
2014-04-14,0.6914494975302334,0.6872354833248688,0.6939736346516008,0.6890684814972351,0.20522903101507364
2014-04-15,0.6659853517288368,0.6656509226341629,0.6681218969354561,0.6689919183326242,0.3562426305490829
2014-04-16,0.671010049395333,0.6645505332656172,0.6718027734976888,0.6694172692471289,0.08563042663739723
2014-04-17,0.6710952137625619,0.6642119519214493,0.6678650915939051,0.6626967247979582,0.16961821035265237
2014-04-21,0.6599386816555954,0.6540545115964111,0.6609313473720253,0.6583581454700126,0.20069267101853225
2014-04-22,0.6606199965934254,0.6526155408836973,0.6537407978085945,0.6544449170565715,0.21536915682742278
2014-04-23,0.6565321069664454,0.6507533434907737,0.657678479712378,0.6542747766907698,0.07024753828442945
2014-04-24,0.6497189575881452,0.6607414931437279,0.653055983564458,0.6610803913228412,0.30053164685233225
2014-04-25,0.6693919264179868,0.6657355679702048,0.6721451806197569,0.668481497235219,0.2210950010454684
2014-04-28,0.6707545562936468,0.6626036905366515,0.6668378702277007,0.6638026371756697,0.12353774398011205
2014-04-29,0.6674331459717255,0.6629422718808193,0.6685499058380415,0.663632496809868,0.13931142090264953
2014-04-30,0.6613013115312554,0.6601489757914341,0.6614449580551274,0.6581880051042109,0.373922703994387
2014-05-01,0.6522738886050077,0.6498222447943118,0.6549392227358328,0.6546150574223734,0.20566736590972548
2014-05-02,0.6567876000681316,0.665396986626037,0.6572504708097928,0.6653339004678859,0.3537746733760222
2014-05-05,0.6803781297904958,0.6735229388860675,0.680106146207841,0.6752020416843895,0.13725811724997194
2014-05-06,0.6765457332652018,0.6691213814118844,0.6769388803287109,0.6731603572947681,0.05882269791800332
2014-05-07,0.6722875149037644,0.6645505332656172,0.6623009758602978,0.6577626541897065,0.2874699921190589
2014-05-08,0.6609606540623405,0.6552395463009988,0.6620441705187468,0.6577626541897065,0.06835307423706966
2014-05-09,0.6626639414069155,0.6552395463009988,0.6614449580551274,0.6571671629094001,0.04191337059570038
2014-05-12,0.6712655424970193,0.6632808532249874,0.6688923129601094,0.6643130582730751,0.08349772612912884
2014-05-13,0.6660705160960656,0.6605722024716438,0.6672658791302859,0.6614206720544448,0.019884781853238262
2014-05-14,0.6745869528189408,0.6678517013712544,0.6753124464988871,0.6717141641854528,0.0830947756134715
2014-05-15,0.6659001873616079,0.6640426612493653,0.667608286252354,0.66286686516376,0.16779061406170628
2014-05-16,0.6623232839380004,0.6577789063822583,0.6654682417394282,0.6605699702254358,0.08471814299841812
2014-05-19,0.6702435700902742,0.6637040799051972,0.667094675569252,0.6612505316886429,0.07788221141445911
2014-05-20,0.6603645034917391,0.6589639410868462,0.6637562061290876,0.6621863037005528,0.07181578681182432
2014-05-21,0.661471640265713,0.6559167089893347,0.6589625064201334,0.659634198213526,0.21296251422029808
2014-05-22,0.6690512689490717,0.6617572371762317,0.667608286252354,0.6620161633347511,0.0574869031903584
2014-05-23,0.6644523931187192,0.6568478076857966,0.6646122239342578,0.6606550404083368,0.0
2014-05-27,0.6506557656276615,0.6433891992551211,0.6437253894881014,0.6380263717566991,0.39904084009032703
2014-05-28,0.63779594617612,0.6317927882173693,0.6366204417051875,0.632496809868141,0.20794605566518135
2014-05-29,0.6318344404701073,0.6297613001523616,0.6353364149974319,0.6302849851127178,0.15354746068662398
2014-05-30,0.6317492761028787,0.6242593533096328,0.625492210237973,0.6259464057847725,0.3003136955996152
2014-06-02,0.6246806336228923,0.6212967665481632,0.6254066084574559,0.6197362824330072,0.17051993834031018
2014-06-03,0.6229773462783172,0.6181648891146099,0.6237801746276324,0.6223734581029349,0.1286103769579127
2014-06-04,0.626128427865781,0.6187574064669037,0.6260058209210753,0.6202467035304126,0.07594249574882617
2014-06-05,0.6299608243910748,0.6248518706619266,0.6324259544598527,0.6279030199914929,0.09075005521064583
2014-06-06,0.6310679611650487,0.6239207719654647,0.628231467214518,0.6274776690769884,0.11944164643194202
2014-06-09,0.6320047692045649,0.6245979346538006,0.6336243793870913,0.627817949808592,0.02670116253518473
2014-06-10,0.6362629875660026,0.6298459454884036,0.6391028933401814,0.634113143343258,0.06220830834397617
2014-06-11,0.6381366036450351,0.6310309801929914,0.6388460879986304,0.6342832837090598,0.06271158344132224
2014-06-12,0.641543178334185,0.6406805485017777,0.6444102037322377,0.6447469162058698,0.2380482490560953
2014-06-13,0.6469936978368251,0.6431352632469953,0.650231124807396,0.6474691620586982,0.08354655749002399
2014-06-16,0.6498041219553738,0.6428813272388694,0.6484334874165383,0.64287537218205,0.16647285572958
2014-06-17,0.6410321921308124,0.6385644151007279,0.6443246019517206,0.6416843896214376,0.08393555618828272
2014-06-18,0.6441832737182764,0.6411037751819875,0.6466358500256806,0.6450021267545724,0.11001402708378194
2014-06-20,0.6791006642820645,0.6772473336719147,0.6819037835986987,0.6775840068056146,0.35563113707862526
2014-06-23,0.6819110884006134,0.676146944303369,0.6832734120869715,0.6805614632071456,0.13472196139054826
2014-06-24,0.6863396354965083,0.6793634670729642,0.6863550761855848,0.6816673755848573,0.19019943572241685
2014-06-25,0.6830182251745871,0.68131030980193,0.6857558637219654,0.6817524457677583,0.20600615642300366
2014-06-26,0.6808891159938684,0.6759776536312849,0.6818181818181819,0.679540621012335,0.15259740617356907
2014-06-27,0.6838698688468745,0.6780937870323347,0.6856702619414483,0.6789451297320287,0.09151818536788464
2014-06-30,0.6808891159938684,0.6854579312679872,0.6832734120869715,0.690684814972352,0.7308525992327601
2014-07-01,0.6933231136092659,0.6861350939563231,0.6928608115048793,0.6877924287537217,0.27265050018183257
2014-07-02,0.6913643331630048,0.6871508379888269,0.6941448382126347,0.6877924287537217,0.16229988550330907
2014-07-03,0.6831885539090445,0.6791095310648385,0.6853278548193802,0.6831986388770733,0.1246605440217472
2014-07-07,0.6817407596661558,0.6769087523277468,0.6820749871597329,0.6820076563164609,0.11134757299875406
2014-07-08,0.6872764435360246,0.6811410191298461,0.6837870227700737,0.6824330072309653,0.18416109833112396
2014-07-09,0.6893203883495147,0.6873201286609107,0.6902071563088512,0.6889834113143342,0.28272609883871314
2014-07-10,0.7028615227388864,0.6953614355848994,0.7014209895565828,0.6949383241173966,0.1884982777766457
2014-07-11,0.6969000170328734,0.6921449128153041,0.7004793699708953,0.6969800085070182,0.09710795347215759
2014-07-14,0.6721171861693069,0.6690367360758422,0.6753980482794042,0.6709485325393448,0.4251127940184888
2014-07-15,0.6751831033895419,0.6708989334687658,0.6660674542030474,0.6608251807741387,0.3827896805749764
2014-07-16,0.6679441321750981,0.6637040799051972,0.669662728984763,0.6645682688217779,0.0870824712119852
2014-07-17,0.6722875149037644,0.68131030980193,0.672487587741825,0.6826031475967672,0.42312365036819033
2014-07-18,0.6745869528189408,0.6699678347723041,0.677281287450779,0.6744364100382815,0.1952723899591707
2014-07-21,0.6808891159938684,0.6728457761977316,0.6810477657935285,0.6762228838792003,0.05020506417927792
2014-07-22,0.6791858286492933,0.6718300321652277,0.6755692518404381,0.6711186729051465,0.07696230934887419
2014-07-23,0.6739908022483394,0.6685288640595906,0.674970039376819,0.6700978307103359,0.038394758963078895
2014-07-24,0.6665815022994379,0.6586253597426783,0.6621297722992638,0.6592939174819225,0.27107917674731363
2014-07-25,0.6636007494464318,0.6675977653631286,0.6666666666666667,0.6715440238196512,0.15757825087901037
2014-07-28,0.6716061999659344,0.665396986626037,0.6741140215716486,0.6697575499787324,0.04622494111323386
2014-07-29,0.6745869528189408,0.6671745386829186,0.6691491183016607,0.6665248830284983,0.14059627313913503
2014-07-30,0.6668369954011242,0.6591332317589302,0.6664954631056326,0.6633772862611652,0.15664324964262236
2014-07-31,0.658320558678249,0.6518537328593195,0.6563944530046224,0.6511271799234367,0.35302591054425114
2014-08-01,0.6639414069153469,0.6581174877264264,0.6649546310563259,0.659549128030625,0.2382370575323384
2014-08-04,0.6624084483052293,0.6552395463009988,0.6606745420304743,0.6562313908974903,0.1970344035295161
2014-08-05,0.6572134219042753,0.6556627729812088,0.6578496832734122,0.6552105487026797,0.2816215187691413
2014-08-06,0.6739056378811106,0.6681902827154225,0.6759972607430234,0.6705231816248404,0.32677276656645227
2014-08-07,0.6718616930676207,0.6725071948535637,0.674713234035268,0.6748617609527859,0.23278070368193968
2014-08-08,0.6770567194685744,0.6716607414931437,0.6791645266221538,0.6749468311356869,0.16164433366211892
2014-08-11,0.6749276102878556,0.6685288640595906,0.6770244821092279,0.6729902169289662,0.04399067688159991
2014-08-12,0.6799523079543519,0.6750465549348232,0.6789933230611196,0.6732454274776688,0.11042560569704105
2014-08-13,0.6792709930165219,0.6726764855256477,0.6792501284026708,0.6750319013185878,0.08091099493163517
2014-08-14,0.6787600068131494,0.6726764855256477,0.6812189693545625,0.6759676733304975,0.05242202632157214
2014-08-15,0.6636007494464318,0.6687828000677163,0.6664954631056326,0.6689068481497235,0.4986716860165523
2014-08-18,0.6659853517288368,0.66040291179956,0.6685499058380415,0.664483198638877,0.12604778607604952
2014-08-19,0.6678589678078692,0.6597257491112241,0.667094675569252,0.662101233517652,0.12263711745172257
2014-08-20,0.6663260091977516,0.6582021330624683,0.6619585687382297,0.6581880051042109,0.1004947571456711
2014-08-21,0.6486969851814002,0.6448281699678349,0.6497175141242937,0.6467886005954911,0.2663136673288272
2014-08-22,0.6515074092999489,0.6455899779922127,0.650744735490498,0.6494257762654189,0.11628266125042427
2014-08-25,0.6499744506898315,0.6431352632469953,0.6520287621982537,0.6455976180348787,0.1290005689037121
2014-08-26,0.6588315448816215,0.6510072794988997,0.6568224619072076,0.6507868991918332,0.07732285368270153
2014-08-27,0.655935956395844,0.648806500761808,0.6565656565656566,0.6505316886431304,0.017010248527762006
2014-08-28,0.6607051609606542,0.6540545115964111,0.6613593562746105,0.6563164610803912,0.050050033787263054
2014-08-29,0.6574689150059616,0.6531234128999492,0.6597329224447868,0.6551254785197788,0.06780142672019024
2014-09-02,0.6420541645375575,0.6350093109869648,0.6409861325115562,0.6363249680986814,0.3634931697592889
2014-09-03,0.6399250553568387,0.6360250550194686,0.6429549734634481,0.6405784772437261,0.055481513015852385
2014-09-04,0.646397547266224,0.6399187404773998,0.6394453004622496,0.6348787749893662,0.23378532632291224
2014-09-05,0.640861863396355,0.6348400203148807,0.6426981681218968,0.6398128455976179,0.05892485826513924
2014-09-08,0.6387327542156362,0.6310309801929914,0.6319123437767507,0.6284985112717992,0.243325523987121
2014-09-09,0.6301311531255323,0.6253597426781785,0.6287450778976202,0.6296894938324117,0.18115590439994425
2014-09-10,0.6263839209674673,0.6219739292364992,0.6256634137990069,0.6245002126754572,0.22099522719341383
2014-09-11,0.6217850451371147,0.6148637210089725,0.6182160588940249,0.6177796682262865,0.24814468365080142
2014-09-12,0.613438937148697,0.6080920941256138,0.6122239342578324,0.6085070182900892,0.27179856733192964
2014-09-15,0.6149718957588146,0.6077535127814457,0.6155624036979968,0.6107188430455125,0.11796335041145928
2014-09-16,0.6154828819621871,0.6125782969358389,0.6153912001369628,0.6123351765206294,0.1991015213171837
2014-09-17,0.6163345256344746,0.6109700355510412,0.6073446327683616,0.6013611229264142,0.28008521256052743
2014-09-18,0.6033043774484756,0.601235821906213,0.6046909775723335,0.6034028073160357,0.14514575885862385
2014-09-19,0.6040708567535344,0.5968342644320298,0.6006676938880329,0.597532964695874,0.40037948025441505
2014-09-22,0.5970873786407767,0.5951413577111903,0.5994692689607943,0.5954912803062525,0.24762970554872957
2014-09-23,0.6081587463805145,0.6003893685457932,0.6057181989385378,0.6018715440238195,0.11283642467055813
2014-09-24,0.600749446431613,0.5981039444726596,0.6022085259373395,0.5971926839642704,0.15195869748035687
2014-09-25,0.5937659683188554,0.5984425258168277,0.5962164013011471,0.6000850701829008,0.24927188952950982
2014-09-26,0.5998978027593256,0.5928559336380566,0.5994692689607943,0.5972777541471713,0.09082963564278135
2014-09-29,0.6020269119400443,0.5953952937193162,0.6022085259373395,0.5970225435984686,0.08466752176621195
2014-09-30,0.5958099131323455,0.5949720670391062,0.5932203389830508,0.5900467886005953,0.36556271993617406
2014-10-01,0.5964060637029467,0.5942102590147285,0.5995548707413114,0.5948107188430454,0.22105791858343524
2014-10-02,0.5985351728836654,0.5937870323345183,0.5973292244478685,0.5945555082943427,0.19017102725212162
2014-10-03,0.5841423948220066,0.5793973252073812,0.5809792843691148,0.5764355593364524,0.41751111877237224
2014-10-06,0.5840572304547778,0.5861689520907399,0.5854305769560006,0.5885155253083794,0.24961141434896686
2014-10-07,0.5938511326860842,0.5888776028440833,0.5952747817154597,0.5913228413441087,0.1409351095465494
2014-10-08,0.5999829671265544,0.5980192991366176,0.5932203389830508,0.600765631646108,0.3885828973849338
2014-10-09,0.6071367739737694,0.6026747926189269,0.6072590309878445,0.602211824755423,0.20213269132944114
2014-10-10,0.6056889797308807,0.5982732351447435,0.6046909775723335,0.6017864738409188,0.11228615397776409
2014-10-13,0.6094362118889458,0.6061452513966481,0.6110255093305941,0.6096980008507017,0.14643308937846305
2014-10-14,0.6131834440470108,0.6074149314372779,0.6146207841123095,0.610293492131008,0.13624899698365378
2014-10-15,0.6185487991824221,0.6189266971389877,0.6166752268447184,0.6136962994470437,0.33276103345517305
2014-10-16,0.6167603474706185,0.6144404943287627,0.6191576784797124,0.6156529136537642,0.19926830060806058
2014-10-17,0.6171010049395333,0.6108853902149993,0.6152199965759289,0.6136962994470437,0.2686125046100659
2014-10-20,0.6224663600749447,0.6162180463856441,0.6248073959938367,0.6205869842620161,0.038021501953529796
2014-10-21,0.6275762221086698,0.6216353478923311,0.62788906009245,0.6224585282858356,0.10840038925570541
2014-10-22,0.6224663600749447,0.6156255290333503,0.6223249443588426,0.616673755848575,0.07044782029471747
2014-10-23,0.6139499233520695,0.6074149314372779,0.6105975004280089,0.6096980008507017,0.19335897163356872
2014-10-24,0.6135241015159258,0.6058066700524802,0.6126519431604178,0.6082518077413864,0.06447244965826307
2014-10-27,0.6097768693578609,0.6036058913153886,0.6117103235747303,0.6057847724372606,0.010976638232495659
2014-10-28,0.6123318003747233,0.6045369900118505,0.6117103235747303,0.6061250531688641,0.04848362102531539
2014-10-29,0.6051779935275081,0.5997122058574573,0.5957027906180449,0.5917481922586132,0.2613473251704187
2014-10-30,0.5895077499574177,0.5821059759607247,0.5854305769560006,0.5813696299447042,0.25911985327093934
2014-10-31,0.5556974961676036,0.5571356018283393,0.5573531929464133,0.5598468736707782,0.7344628614553325
2014-11-03,0.5604667007324136,0.5554426951074997,0.5602636534839924,0.5555082943428328,0.20159247145247047
2014-11-04,0.5581672628172374,0.5556966311156255,0.5609484677281287,0.556103785623139,0.1937954707627734
2014-11-05,0.539431102026912,0.5398679532757746,0.5403184386235234,0.535431731178222,0.5209645790892731
2014-11-06,0.539431102026912,0.5369053665143051,0.5410032528676596,0.53619736282433,0.22084409780297423
2014-11-07,0.5467552376085847,0.5594210259014729,0.549392227358329,0.562484049340706,0.39973553962967834
2014-11-10,0.5590189064895248,0.5517183003216523,0.5455401472350625,0.5411314334325817,0.2909003952219431
2014-11-11,0.5493101686254471,0.5561198577958356,0.5505906522855676,0.5545725223309229,0.2933223664705519
2014-11-12,0.5576562766138649,0.5511257829693584,0.5536723163841808,0.5499787324542746,0.13432997957343787
2014-11-13,0.5562084823709761,0.5518875909937364,0.5535867146036637,0.5514249255635899,0.1222778122595721
2014-11-14,0.5465849088741273,0.5727103436600643,0.5487074131141928,0.57524457677584,0.5491958980188235
2014-11-17,0.573752342020099,0.5689013035381751,0.5736175312446499,0.5716716290940024,0.14843714862301988
2014-11-18,0.5815874638051439,0.5765193837819537,0.5820921075158363,0.5801786473840918,0.1551045569389272
2014-11-19,0.5820984500085165,0.5780429998307094,0.5677966101694915,0.5685240323266695,0.44923268675838524
2014-11-20,0.5791176971555101,0.5752497037413239,0.5781544256120528,0.5785623139089748,0.1560017873012394
2014-11-21,0.5877192982456141,0.5832063653292704,0.5814072932717,0.5830710336027222,0.19988406223318297
2014-11-24,0.5839720660875491,0.5782122905027934,0.5841465502482452,0.5806890684814972,0.1142059056941589
2014-11-25,0.5835462442514052,0.5790587438632132,0.5850881698339326,0.5829859634198212,0.3136072992971405
2014-11-26,0.5850792028615228,0.5779583544946675,0.5857729840780689,0.5811144193960016,0.04484839239266142
2014-11-28,0.5700051098620338,0.5651769087523278,0.5598356445814073,0.5551680136112291,0.3400814694347807
2014-12-01,0.5724748765116676,0.5950567123751482,0.5751583632939564,0.5931943853679285,0.6164067131005179
2014-12-02,0.5837165729858629,0.5810902319282207,0.5835473377846259,0.5809442790301999,0.19125977384471152
2014-12-03,0.5889115993868166,0.5899779922126293,0.5907378873480569,0.591067630795406,0.16297549308200968
2014-12-04,0.5912962016692216,0.5864228880988659,0.591165896250642,0.5872394725648659,0.06500546415585354
2014-12-05,0.5840572304547778,0.5766040291179957,0.5794384523198082,0.5749042960442364,0.18926636203974836
2014-12-08,0.5824391074774316,0.58489927205011,0.581321691491183,0.5863887707358569,0.1384023957473392
2014-12-09,0.5999829671265544,0.6088539021499915,0.6028933401814758,0.6068906848149723,0.3790563302791703
2014-12-10,0.6095213762561746,0.6044523446758083,0.6099982879643897,0.6049340706082517,0.09502949983285355
2014-12-11,0.5995571452904105,0.6036905366514305,0.6015237116932032,0.6026371756699275,0.13802496237139775
2014-12-12,0.6031340487140182,0.5987811071609955,0.6003252867659647,0.6002552105487026,0.11612281197411056
2014-12-15,0.5930846533810255,0.5917555442695108,0.5804656736860127,0.5745640153126328,0.3022278941255322
2014-12-16,0.5937659683188554,0.5877772134755376,0.5779832220510186,0.5793279455550828,0.3195560513346106
2014-12-17,0.5835462442514052,0.5791433891992552,0.5737887348056839,0.5735431731178221,0.3161452450278751
2014-12-18,0.5877192982456141,0.5819366852886407,0.5823489128573874,0.5810293492131008,0.1400505459658228
2014-12-19,0.5832055867824903,0.5769426104621636,0.5839753466872111,0.5777966822628667,0.11225063191636106
2014-12-22,0.5810764776017714,0.574826477061114,0.5637733264851909,0.5589111016588685,0.24210473996474227
2014-12-23,0.5646397547266224,0.5608599966141866,0.5654853620955316,0.5605274351339854,0.2549958061938359
2014-12-26,0.5811616419690002,0.574911122397156,0.5819209039548022,0.5783071033602721,0.07151141690068086
2014-12-29,0.5794583546244252,0.5720331809717285,0.5707926724875878,0.5684389621437685,0.4935178663118499
2014-12-30,0.5824391074774316,0.58574572541053,0.5850881698339326,0.5814547001276051,0.26523983633049575
2014-12-31,0.5815874638051439,0.57508041306924,0.5712206813901729,0.5676733304976604,0.2486301059291736
2015-01-02,0.5612331800374724,0.5733875063484003,0.5630029104605375,0.5719268396427051,0.2249726425054233
2015-01-05,0.5808209845000851,0.5835449466734384,0.583632939565143,0.5865589111016587,0.27399056306414216
2015-01-06,0.5930846533810255,0.596241747079736,0.5927923300804656,0.5977881752445767,0.4145106978313552
2015-01-07,0.5945324476239142,0.590993736245133,0.5959595959595959,0.5919183326244151,0.19399878178604926
2015-01-08,0.5952137625617442,0.590909090909091,0.5932203389830508,0.5877498936622713,0.22152856294995757
2015-01-09,0.5955544200306593,0.5948874217030643,0.5987844547166581,0.5989791578051892,0.26418771325857726
2015-01-12,0.6036450349173905,0.606483832740816,0.6058038007190549,0.6100382815823052,0.28048008570821714
2015-01-13,0.6163345256344746,0.6105468088708312,0.610511898647492,0.6066354742662695,0.2518209875353362
2015-01-14,0.6177823198773635,0.611647198239377,0.610768703989043,0.6050191407911526,0.2533574314263586
2015-01-15,0.6287685232498723,0.6317927882173693,0.6316555384351994,0.6302849851127178,0.7103207100593888
2015-01-16,0.6400102197240676,0.644066361943457,0.6432973805855162,0.643726074011059,0.560799404257397
2015-01-20,0.6561914494975303,0.6563399356695447,0.6586200992980653,0.6580178647384091,0.5856419001714421
2015-01-21,0.6693919264179868,0.6626036905366515,0.6575928779318609,0.6582730752871119,0.4073701668655718
2015-01-22,0.6684551183784704,0.6646351786016591,0.6642698168121897,0.6667800935772011,0.3813338267870855
2015-01-23,0.662834270141373,0.6554934823091247,0.6574216743708268,0.6582730752871119,0.18652331541442682
2015-01-26,0.6536365184806678,0.6456746233282546,0.6503167265879131,0.647724372607401,0.2090490294399869
2015-01-27,0.6554249701924717,0.6566785170137126,0.6587913028590995,0.6597192683964269,0.3385866974194094
2015-01-28,0.6549139839890992,0.6503301168105637,0.6539120013696285,0.6513823904721393,0.25077854812615163
2015-01-29,0.6422244932720151,0.6367868630438465,0.6309707241910631,0.6287537218205018,0.4493775286521682
2015-01-30,0.6366888094021463,0.6474521753851363,0.6365348399246704,0.6516376010208421,0.5666601313416747
2015-02-02,0.6409470277635838,0.6441510072794989,0.6443246019517206,0.64287537218205,0.30647447854623533
2015-02-03,0.6400953840912962,0.6323006602336212,0.6335387776065742,0.6312207571246277,0.2775766849710839
2015-02-04,0.6390734116845513,0.6361943456915524,0.6366204417051875,0.6357294768183751,0.14594858498281446
2015-02-05,0.6335377278146825,0.632893177585915,0.6339667865091594,0.6375159506592939,0.21446889745212275
2015-02-06,0.6180378129790498,0.6133401049602167,0.6111967128916282,0.6107188430455125,0.5048304037270445
2015-02-09,0.6153125532277297,0.6123243609277129,0.6182160588940249,0.6152275627392597,0.1390719911942003
2015-02-10,0.6136092658831545,0.6094464195022855,0.6134223591850709,0.6092726499361972,0.0862626183632719
2015-02-11,0.612416964741952,0.6052987980362283,0.6030645437425097,0.5973628243300722,0.20990614832727802
2015-02-12,0.6056038153636518,0.5989503978330795,0.6038349597671633,0.5996597192683963,0.09805745725557838
2015-02-13,0.608669732583887,0.6053834433722702,0.6098270844033555,0.6051042109740535,0.0872971639810336
2015-02-17,0.594617611991143,0.5881157948197056,0.5909090909090908,0.5883453849425776,0.23023197282920274
2015-02-18,0.591211037301993,0.5880311494836635,0.5858585858585859,0.591152700978307,0.28131274302092457
2015-02-19,0.594617611991143,0.5881157948197056,0.5922787193973634,0.5877498936622713,0.1983577150521201
2015-02-20,0.5920626809742804,0.5873539867953277,0.586372196541688,0.5821352615908123,0.2053606553976369
2015-02-23,0.5838017373530915,0.585407144066362,0.5865434001027221,0.5834113143343258,0.11928528510997796
2015-02-24,0.5826946005791178,0.579735906551549,0.5798664612223935,0.5819651212250105,0.24776178887265457
2015-02-25,0.5895929143246466,0.5826138479769766,0.588769046396165,0.5857082092726499,0.12969595685510615
2015-02-26,0.5958099131323455,0.5882004401557475,0.5930491354220168,0.5888558060399828,0.08347698197957565
2015-02-27,0.5975132004769204,0.5926019976299306,0.5958739941790789,0.5896214376860909,0.2776266636853836
2015-03-02,0.5954692556634305,0.5889622481801253,0.5912514980311591,0.5855380689068481,0.2655892283892315
2015-03-03,0.5915516947709079,0.5887083121719994,0.5889402499571991,0.5837515950659292,0.11620840453808562
2015-03-04,0.5885709419179015,0.5817673946165568,0.5861153912001369,0.5806890684814972,0.11731445322001519
2015-03-05,0.5862715040027253,0.5845606907059422,0.5845745591508303,0.5797532964695873,0.16824317613857384
2015-03-06,0.5671095213762563,0.5603521245979348,0.5576956000684814,0.5530412590387068,0.41234031823728334
2015-03-09,0.5608925225685573,0.5549348230912478,0.5598356445814073,0.5539770310506167,0.15272636869623388
2015-03-10,0.5579117697155511,0.5526493990181142,0.5535867146036637,0.5492981709910676,0.22091128681834124
2015-03-11,0.5504173053994208,0.5433384120534959,0.544512925868858,0.5435984687367077,0.19937316870923108
2015-03-12,0.5499063191960485,0.542915185373286,0.5452833418935114,0.543343258188005,0.2030905937397828
2015-03-13,0.5495656617271334,0.5435923480616219,0.5475089881869544,0.5447043811144192,0.10791074471680473
2015-03-16,0.5493101686254471,0.542915185373286,0.5467385721623009,0.5441088898341131,0.04860634194545976
2015-03-17,0.539431102026912,0.5441848654139158,0.5411744564286937,0.5390046788600594,0.30827077503630684
2015-03-18,0.5429228410832907,0.5570509564922974,0.5439137134052389,0.5573798383666524,0.4700384262423405
2015-03-19,0.5549310168625448,0.5545962417470798,0.556668378702277,0.5566992769034453,0.19879031317974952
2015-03-20,0.5632771248509625,0.5666158794650415,0.5659989727786338,0.5675882603147595,0.26743417266365344
2015-03-23,0.57162323283938,0.569747756898595,0.5730183187810306,0.573713313483624,0.09334853530700149
2015-03-24,0.5769885879747914,0.5721178263077705,0.5758431775380928,0.5760952786048489,0.03548061899807961
2015-03-25,0.5833759155169478,0.5762654477738277,0.5829481253210067,0.5774564015312632,0.03741276213124292
2015-03-26,0.5889967637540454,0.5821906212967667,0.5888546481766821,0.5838366652488302,0.15094108679884546
2015-03-27,0.5839720660875491,0.5781276451667514,0.581236089710666,0.5802637175669927,0.1246253891134336
2015-03-30,0.5731561914494976,0.5667005248010836,0.5734463276836158,0.5691195236069756,0.09993893326239936
2015-03-31,0.5728155339805825,0.5689859488742172,0.5723335045368944,0.5683538919608676,0.09991662871221604
2015-04-01,0.5789473684210527,0.5834603013373963,0.5820065057353193,0.5848575074436408,0.23487687245780905
2015-04-02,0.5869528189405553,0.5811748772642628,0.5832049306625579,0.5821352615908123,0.07700104399980981
2015-04-06,0.602452733776188,0.59598781107161,0.5989556582776921,0.5941301573798382,0.17017072985811918
2015-04-07,0.5934253108499405,0.5878618588115796,0.5939907550077042,0.5891960867715864,0.011991724736517176
2015-04-08,0.5910407085675353,0.5837988826815643,0.5850881698339326,0.5837515950659292,0.15430971639443183
2015-04-09,0.5809913132345428,0.5738107330286102,0.5814928950522171,0.5769459804338578,0.11477393741765443
2015-04-10,0.591211037301993,0.585153208058236,0.5902242766649546,0.588005104210974,0.07922232019090492
2015-04-13,0.585675353432124,0.5783815811748774,0.5842321520287621,0.5809442790301999,0.04515510290475003
2015-04-14,0.5800545051950263,0.5756729304215338,0.5807224790275638,0.5749893662271373,0.066326067924423
2015-04-15,0.5808209845000851,0.5801591332317589,0.5814072932717,0.5834113143343258,0.0662590624856007
2015-04-16,0.587378640776699,0.5806670052480108,0.5828625235404896,0.58000850701829,0.04250407402246867
2015-04-17,0.586016010901039,0.5817673946165568,0.5879130285909947,0.5848575074436408,0.05920788740295915
2015-04-20,0.5811616419690002,0.5746571863890301,0.5801232665639444,0.5773713313483623,0.07923865850338488
2015-04-21,0.5803099982967126,0.5798205518875911,0.5829481253210067,0.5829859634198212,0.05094680520821343
2015-04-22,0.5811616419690002,0.574741831725072,0.5754151686355076,0.5698000850701828,0.16015708828508116
2015-04-23,0.5732413558167264,0.574741831725072,0.5757575757575758,0.5768609102509569,0.05751439377793002
2015-04-24,0.5738375063873276,0.5672083968173354,0.5668549905838041,0.5631646108039131,0.2270249823812411
2015-04-27,0.5730710270822688,0.5820213306246826,0.5745591508303373,0.5825606125053168,0.24238056372318198
2015-04-28,0.5855901890648954,0.5887929575080414,0.5888546481766821,0.591067630795406,0.26839615965211505
2015-04-29,0.5917220235053655,0.5868461147790758,0.5883410374935799,0.5840918757975329,0.22782753314061469
2015-04-30,0.5729006983478113,0.5656001354325377,0.5684814244136277,0.5667375584857506,0.33199804344118633
2015-05-01,0.5607221938340998,0.5607753512781447,0.5626605033384694,0.5634198213526158,0.24740597163485376
2015-05-04,0.5757111224663602,0.5703402742508888,0.576356788221195,0.5720969800085068,0.06617002786141218
2015-05-05,0.5817577925396016,0.5760115117657018,0.5807224790275638,0.5748192258613355,0.0757389552548694
2015-05-06,0.5792028615227389,0.5729642796681904,0.5775552131484334,0.5743088047639301,0.04923440319907829
2015-05-07,0.5728155339805825,0.5667005248010836,0.571563088512241,0.5663122075712462,0.1490819153422078
2015-05-08,0.5770737523420202,0.5702556289148469,0.573874336586201,0.5709910676307953,0.3560373919720875
2015-05-11,0.5749446431613014,0.5692398848823431,0.5695086457798322,0.567247979583156,0.032607646073233465
2015-05-12,0.5750298075285301,0.5722871169798545,0.5778976202705016,0.5754997873245427,0.04821234078635747
2015-05-13,0.5889967637540454,0.591416962925343,0.5917651087142614,0.5929391748192258,0.4388407398208183
2015-05-14,0.6019417475728157,0.5983578804807856,0.603321349084061,0.5982985963419821,0.216473323849769
2015-05-15,0.5977686935786066,0.5973421364482817,0.6003252867659647,0.6012760527435133,0.10283499093774387
2015-05-18,0.6063702946687106,0.5994582698493314,0.6053757918164697,0.6011909825606123,0.13188088489034697
2015-05-19,0.5960654062340316,0.5897240562045032,0.5915083033727102,0.5873245427477668,0.13061214149566053
2015-05-20,0.5914665304036792,0.5867614694430338,0.5924499229583976,0.5889408762228837,0.1021765477659744
2015-05-21,0.5872083120422416,0.5835449466734384,0.5899674713234035,0.585623139089749,0.01415361391539581
2015-05-26,0.5728155339805825,0.5685627221940072,0.5748159561718884,0.5704806465333899,0.16313951872471574
2015-05-27,0.57230454777721,0.5667005248010836,0.574216743708269,0.5703105061675882,0.02179039817568973
2015-05-28,0.5729006983478113,0.5679702048417132,0.5706214689265536,0.5714164185452997,0.1404254092701382
2015-05-29,0.5750298075285301,0.5706788555950568,0.5773840095873994,0.5720969800085068,0.055127898696588185
2015-06-01,0.5828649293135753,0.5793126798713392,0.5765279917822291,0.571246278179498,0.2775599795055146
2015-06-02,0.5773292454437065,0.5721178263077705,0.578839239856189,0.575159506592939,0.08178821545057302
2015-06-03,0.5752853006302163,0.569747756898595,0.5695086457798322,0.5681837515950658,0.12298696845182006
2015-06-04,0.56549139839891,0.5594210259014729,0.5643725389488101,0.5613781369629944,0.15422251753569047
2015-06-05,0.5539942088230285,0.5529879803622821,0.55658277692176,0.5562739259889408,0.1539746892003204
2015-06-08,0.5602963719979561,0.5552734044354156,0.5613764766307139,0.5590812420246701,0.04202971223091578
2015-06-09,0.5671095213762563,0.5600981885898088,0.5663413799007019,0.5612079965971926,0.060751031837863734
2015-06-10,0.5753704649974452,0.5678009141696293,0.5747303543913713,0.5693747341556783,0.1490026561690255
2015-06-11,0.5677056719468574,0.5616218046385645,0.5681390172915597,0.5649510846448319,0.10227177809854718
2015-06-12,0.56617271333674,0.5623836126629423,0.5684814244136277,0.5646958740961292,0.0362699981403696
2015-06-15,0.5680463294157725,0.5678855595056713,0.5706214689265536,0.568949383241174,0.13074307746618105
2015-06-16,0.5663430420711975,0.5619603859827325,0.5670261941448382,0.5654615057422372,0.08384844911781372
2015-06-17,0.5662578777039686,0.5669544608092095,0.5656565656565656,0.5699702254359845,0.19503617284025407
2015-06-18,0.5848237097598366,0.580243778567801,0.5850025680534156,0.5824755423224158,0.26779214692585473
2015-06-19,0.5855901890648954,0.5789740985271712,0.5855161787365177,0.5807741386643981,0.11039361748412382
2015-06-22,0.5722193834099814,0.5661080074487896,0.5717342920732752,0.5681837515950658,0.16326366236308174
2015-06-23,0.5653210696644524,0.5595903165735568,0.5670261941448382,0.5618034878774988,0.1063180805089623
2015-06-24,0.5612331800374724,0.5559505671237515,0.5629173086800205,0.559251382390472,0.03530622128059693
2015-06-25,0.5608925225685573,0.5556966311156255,0.5630029104605375,0.5579753296469586,0.032056916439077654
2015-06-26,0.5588485777550674,0.5554426951074997,0.5613764766307139,0.5589961718417694,0.10033821224716233
2015-06-29,0.5640436041560213,0.5600981885898088,0.5648005478513953,0.5633347511697149,0.16586127047084995
2015-06-30,0.5591892352239822,0.558574572541053,0.5588940249957199,0.5573798383666524,0.2611762318307409
2015-07-01,0.5581672628172374,0.554003724394786,0.5597500428008902,0.5540621012335176,0.10109546549412657
2015-07-02,0.5542497019247148,0.548332486879973,0.5552131484334873,0.5521905572096979,0.07491286080363568
2015-07-06,0.5546755237608585,0.5545962417470798,0.5570963876048621,0.5547426626967247,0.09424347096250468
2015-07-07,0.5493101686254471,0.5424073133570341,0.5435713062831706,0.5436835389196086,0.3151640742904904
2015-07-08,0.5518650996423096,0.5467242254951753,0.5523882896764253,0.5464908549553381,0.16011073520753968
2015-07-09,0.5554420030659173,0.5490942949043509,0.5529875021400446,0.5487877498936622,0.07327444014202217
2015-07-10,0.5501618122977348,0.5472320975114271,0.5519602807738401,0.5498936622713737,0.06373304923027273
2015-07-13,0.5436893203883495,0.5424073133570341,0.5462249614791987,0.5456401531263291,0.09514299603162582
2015-07-14,0.5486288536876172,0.5418994413407822,0.5485362095531586,0.5435133985538068,0.018116802045189576
2015-07-15,0.540112416964742,0.5343660064330455,0.53954802259887,0.538579327945555,0.32481781404760757
2015-07-16,0.5373019928461933,0.5328423903842899,0.5397192261599041,0.5351765206295193,0.11121971193535754
2015-07-17,0.5327031170158405,0.5256475368207212,0.52944701249786,0.5257337303275201,0.5806524732625352
2015-07-20,0.5111565321069664,0.5044015574741832,0.5056497175141244,0.5006380263717566,0.6216588839390533
2015-07-21,0.5044285470958951,0.5016082613847977,0.502482451634994,0.4978307103360272,0.3815407634471195
2015-07-22,0.4923352069494124,0.4911968850516337,0.4933230611196714,0.49298170991067614,0.28192754086918714
2015-07-23,0.4973599046159088,0.4929744371085154,0.49349426468070534,0.4889834113143342,0.16397961088748428
2015-07-24,0.4859478794072561,0.49542915185373293,0.4869029275808937,0.49766056997022534,0.429862699430674
2015-07-27,0.4970192471469937,0.4961909598781108,0.49743194658448897,0.49349213100808154,0.3893611242521321
2015-07-28,0.498296712655425,0.49322837311664136,0.49888717685327855,0.49485325393449586,0.15342395956616459
2015-07-29,0.4969340827797651,0.4957677331979008,0.4959767163156993,0.49612930667800925,0.1565309925855269
2015-07-30,0.4892692897291773,0.4901811410191299,0.4905838041431262,0.4884729902169288,0.20403142353146567
2015-07-31,0.5010219724067451,0.4967834772304047,0.49768875192604,0.4940876222883879,0.20573868539734866
2015-08-03,0.49403849429398744,0.48891146097850013,0.4922102379729498,0.48702679710761365,0.06061422141791217
2015-08-04,0.4937830011923012,0.4883189436262063,0.4913542201677795,0.48881327094853244,0.04749111443629425
2015-08-05,0.4925907000510987,0.48620281022515666,0.48989898989898994,0.4855806039982986,0.13010055955966596
2015-08-06,0.4902912621359224,0.4892500423226681,0.49298065399760316,0.4894938324117396,0.07808460455501137
2015-08-07,0.4937830011923012,0.49365159979685125,0.4964903269988016,0.49170565716716286,0.10072372299107138
2015-08-10,0.4977857264520525,0.5011850347045879,0.4996575928779319,0.5008081667375583,0.1691840059302567
2015-08-11,0.5102197240674502,0.5042322668020992,0.5069337442218798,0.5054019566142066,0.08510558129604673
2015-08-12,0.5144779424288877,0.5150668698154732,0.5168635507618559,0.5180774138664397,0.35872219893859714
2015-08-13,0.5141372849599728,0.5088877602844084,0.5149803115904811,0.5105061675882602,0.11727773791107149
2015-08-14,0.5151592573667179,0.510834603013374,0.5135250813216915,0.5104210974053592,0.05979992175967663
2015-08-17,0.5177141883835803,0.5116810563737939,0.5174627632254751,0.5128030625265843,0.16351149069845186
2015-08-18,0.5117526826775678,0.5101574403250382,0.5115562403697997,0.5126329221607825,0.0879146695833308
2015-08-19,0.5199284619315279,0.521499915354664,0.5228556753980482,0.5248830284985111,0.22161346710188992
2015-08-20,0.5384942939873958,0.5379211105468089,0.5405752439650745,0.54096129306678,0.47467373399648527
2015-08-21,0.548032703117016,0.5440155747418318,0.54417051874679,0.5468311356869415,0.5374844487719556
2015-08-24,0.5532277295179697,0.5507025562891485,0.5411744564286937,0.5417269247128881,0.7426159547476474
2015-08-25,0.5401975813319708,0.5331809717284578,0.5321862694744051,0.5300723096554656,0.356500922747502
2015-08-26,0.5206949412365867,0.516336549856103,0.5181475774696114,0.5173968524032326,0.3970024979260439
2015-08-27,0.5173735309146654,0.5161672591840191,0.5184043828111624,0.5179072735006379,0.27058251040557746
2015-08-28,0.5245273377618804,0.526832571525309,0.527050162643383,0.5261590812420246,0.24565740504640907
2015-08-31,0.5246976664963379,0.5236160487557137,0.5262797466187297,0.5271799234368352,0.10674044424422363
2015-09-01,0.5369613353772782,0.5308109023192823,0.5340695086457798,0.5304125903870692,0.22357773613037898
2015-09-02,0.5316811446090957,0.527171152869477,0.5299606231809622,0.5254785197788174,0.08763471535263492
2015-09-03,0.5211207630727304,0.5185373285931946,0.5222564629344291,0.5188430455125478,0.07833656336263767
2015-09-04,0.515755407937319,0.5121042830540038,0.5180619756890943,0.5158655891110164,0.08347211720114059
2015-09-08,0.5196729688298416,0.5153208058235992,0.5201164184215031,0.5161207996597191,0.1732869417047175
2015-09-09,0.5114971895758815,0.504909429490435,0.5044512925868858,0.504296044236495,0.3051453843624726
2015-09-10,0.5112416964741953,0.5048247841543931,0.5104434172230783,0.5064227988090173,0.1834724568177483
2015-09-11,0.5030659172202352,0.5005925173522939,0.502653655196028,0.5045512547851977,0.083417044237725
2015-09-14,0.5048543689320388,0.5022007787370917,0.5070193460023968,0.5050616758826031,0.006636154409168996
2015-09-15,0.5045988758303526,0.4994074826477062,0.5061633281972265,0.5023394300297745,0.03206609526631357
2015-09-16,0.5111565321069664,0.5133739630946335,0.5136962848827256,0.5143343258188005,0.1427030893545981
2015-09-17,0.5151592573667179,0.5207381073302861,0.5171203561034069,0.5236920459378986,0.28443565541140514
2015-09-18,0.5324476239141542,0.5275097342136449,0.5330422872795754,0.53049766056997,0.21056215910982998
2015-09-21,0.5272525975132005,0.521415270018622,0.5288478000342407,0.5247128881327094,0.08712987985465878
2015-09-22,0.5195026400953842,0.5154900964956831,0.5212292415682246,0.5184176945980433,0.15039494657830757
2015-09-23,0.5276784193493442,0.521245979346538,0.5277349768875192,0.5220757124627817,0.024689852017111547
2015-09-24,0.5373019928461933,0.5396986626036906,0.5399760315014552,0.5413866439812844,0.40469068361885907
2015-09-25,0.5390052801907683,0.5330116810563739,0.5392912172573189,0.5356018715440237,0.13782913209231917
2015-09-28,0.5262306251064555,0.5235314034196716,0.5283341893511385,0.5237771161207996,0.07358752993903975
2015-09-29,0.5251234883324818,0.5216692060267479,0.5249957199109742,0.5200340280731602,0.08432115872046414
2015-09-30,0.512689490717084,0.5080413069239885,0.5129258688580722,0.5105061675882602,0.2386172445564506
2015-10-01,0.5143927780616591,0.5091416962925343,0.5142954973463447,0.5094002552105487,0.0951062807226821
2015-10-02,0.5276784193493442,0.527001862197393,0.5306454374250985,0.5286261165461504,0.25353742822845515
2015-10-05,0.5327882813830693,0.5275097342136449,0.5299606231809622,0.5267545725223308,0.15070826584600608
2015-10-06,0.538409129620167,0.5349585237853396,0.5399760315014552,0.5360272224585282,0.2435875795047068
2015-10-07,0.5379833077840233,0.5339427797528357,0.5374935798664613,0.5346660995321139,0.1445337605526682
2015-10-08,0.5329586101175268,0.5350431691213815,0.5350967300119842,0.5299021692896638,0.12996746656474495
2015-10-09,0.5447112927950946,0.5416455053326562,0.5451121383324773,0.5446193109315184,0.26155054440542214
2015-10-12,0.5543348662919436,0.5474013881835111,0.551789077212806,0.5483623989791577,0.18593513616514837
2015-10-13,0.551779935275081,0.548586422888099,0.554100325286766,0.5530412590387068,0.13508466274877604
2015-10-14,0.5625106455459037,0.5661926527848317,0.5628317068995035,0.569629944704381,0.3672217929590684
2015-10-15,0.5673650144779425,0.5665312341289995,0.5683102208525938,0.5652062951935346,0.5451166436186314
2015-10-16,0.5677056719468574,0.5618757406466904,0.563944530046225,0.5584006805614631,0.23506044900252768
2015-10-19,0.5625958099131323,0.5555273404435416,0.559322033898305,0.554402381965121,0.08046068166744044
2015-10-20,0.5603815363651847,0.558913153885221,0.5635165211436397,0.5604423649510846,0.12377634759411005
2015-10-21,0.5602963719979561,0.5528186896901982,0.5552131484334873,0.5519353466609952,0.07813462916344718
2015-10-22,0.5530574007835123,0.5514643643135263,0.5553843519945215,0.5515950659293917,0.0564542392321801
2015-10-23,0.5555271674331461,0.548332486879973,0.5513610683102208,0.5499787324542746,0.12217464224144023
2015-10-26,0.5548458524953159,0.5495175215845608,0.5545283341893511,0.5493832411739685,0.01685677853637725
2015-10-27,0.5512689490717084,0.5480785508718471,0.5541859270672831,0.5515099957464908,0.02018869282301991
2015-10-28,0.5629364673820474,0.5602674792618927,0.5457969525766136,0.5438536792854104,0.27513520871459884
2015-10-29,0.5420711974110033,0.5378364652107669,0.5402328368430063,0.5348362398979156,0.13513973571219162
2015-10-30,0.5358541986033045,0.5292026409344845,0.5350967300119842,0.5312632922160782,0.1531440053354687
2015-11-02,0.5285300630216319,0.5229388860673778,0.5299606231809622,0.5252233092301147,0.16692151680487224
2015-11-03,0.521291091807188,0.5142204164550535,0.51472350624893,0.511527009783071,0.22667402992187533
2015-11-04,0.5147334355305739,0.5081259522600305,0.5082177709296354,0.5029349213100807,0.2482193534103657
2015-11-05,0.5061318344404702,0.49974606399187405,0.5053073103920561,0.5001276052743513,0.17095093017317323
2015-11-06,0.49046159087037994,0.4855256475368208,0.4919534326313987,0.48702679710761365,0.30407605098948676
2015-11-09,0.491483563277125,0.4868799729134925,0.49340866290018826,0.48957890259464054,0.08825424029692405
2015-11-10,0.48978027593254986,0.48747249026578643,0.4906694059236433,0.4877073585708209,0.10300925097281799
2015-11-11,0.48978027593254986,0.48391738615202307,0.48989898989898994,0.4847299021692896,0.06063978445176424
2015-11-12,0.4812638392096747,0.48467919417640093,0.48356445814072935,0.48490004253509134,0.1879042240779363
2015-11-13,0.4850962357349686,0.47976976468596577,0.48707413114192777,0.4824330072309655,0.04672009294847612
2015-11-16,0.4888434678930336,0.4822244794311834,0.4876733436055469,0.48370905997447877,0.03419099377143142
2015-11-17,0.4837336058593085,0.47689182326053847,0.47449066940592366,0.4720544449170565,0.2931165312697861
2015-11-18,0.4753023335036621,0.47308278313864915,0.47500428008902595,0.4728200765631646,0.13022447372735102
2015-11-19,0.48109351047521715,0.4827323514474353,0.4838212634822804,0.4824330072309655,0.1322392263056377
2015-11-20,0.48543689320388356,0.47909260199762993,0.4829652456771101,0.47843470863462345,0.1728096426884491
2015-11-23,0.4760688128087209,0.4713898764178095,0.4760315014552302,0.47137388345384934,0.08427067517066653
2015-11-24,0.48151933231136096,0.4756221432199086,0.4805683958226331,0.47715865589111006,0.05842768708790508
2015-11-25,0.47598364844149216,0.4708820044015575,0.4764595103578154,0.4730752871118672,0.033273111047838394
2015-11-27,0.4635496508260944,0.46182495344506524,0.46601609313473713,0.46278179498085914,0.12792058809113252
2015-11-30,0.4679781979219895,0.468257998984256,0.47055298750214003,0.4684814972352189,0.2095846140092034
2015-12-01,0.4745358541986033,0.468681225664466,0.4730354391371341,0.4715440238196511,0.11196581290723015
2015-12-02,0.46644523931187193,0.45953952937193165,0.4620784112309536,0.4580178647384091,0.3678354434539266
2015-12-03,0.465423266905127,0.4647875402065347,0.4648176682074987,0.4671203743088047,0.19705390853739244
2015-12-04,0.47828308635666833,0.483748095479939,0.480225988700565,0.4863462356444065,0.38844783094215707
2015-12-07,0.483222619655936,0.4766378872524125,0.4789419619928095,0.474861760952786,0.100379516969724
2015-12-08,0.4816044966785897,0.4757067885559507,0.4791987673343605,0.47630795406210114,0.055349659162608256
2015-12-09,0.48586271504002726,0.47909260199762993,0.4774011299435028,0.4746065504040833,0.17531546252385807
2015-12-10,0.47632430591040714,0.47206703910614534,0.4775723335045369,0.4738409187579752,0.07560127284633045
2015-12-11,0.47121444387668204,0.4762146605722025,0.4733778462592021,0.4786048490004252,0.2107549144817845
2015-12-14,0.4769204564810084,0.47113594040968343,0.4724362266735148,0.4673755848575074,0.15403816079065683
2015-12-15,0.469511156532107,0.46554934823091254,0.46961136791645264,0.4650786899191832,0.21225106332124113
2015-12-16,0.4770056208482372,0.4751989165396987,0.47175141242937846,0.47554232241599315,0.2793069856933291
2015-12-17,0.4627831715210357,0.4564922972744202,0.4595103578154426,0.4564015312632921,0.3648582449458164
2015-12-18,0.46644523931187193,0.4695276790248858,0.46866974833076525,0.4695023394300297,0.2817715008061764
2015-12-21,0.4800715380684722,0.4779075672930422,0.48176682074987154,0.47894512973202885,0.191497734940803
2015-12-22,0.4812638392096747,0.4751989165396987,0.47945557267591166,0.4743513398553806,0.08799324034447037
2015-12-23,0.4753874978708909,0.4700355510411377,0.4764595103578154,0.4717992343683538,0.028229345481694756
2015-12-28,0.4760688128087209,0.4701201963771796,0.47491867830850887,0.47145895363675017,0.05277504401706601
2015-12-29,0.47640947027763586,0.4699509057050957,0.4756034925526451,0.47086346235644405,0.028731335543227765
2015-12-30,0.467467211718617,0.4616556627729812,0.4690549563430919,0.4642279880901743,0.07059628782525862
2015-12-31,0.4675523760858457,0.462671406805485,0.46875535011128233,0.4645682688217778,0.07421875788805465
2016-01-04,0.4816044966785897,0.47917724733367195,0.47881355932203384,0.4767333049766056,0.19429144869246687
2016-01-05,0.4816044966785897,0.47739969527679027,0.48262283855504196,0.47920034028073155,0.05939017891186471
2016-01-06,0.49216487821495497,0.4887421703064162,0.49118301660674546,0.4918757975329646,0.32616264992007993
2016-01-07,0.5045988758303526,0.5009057050956492,0.5019688409518918,0.5044661846022969,0.4366069345305461
2016-01-08,0.5016181229773464,0.4972067039106146,0.5006848142441364,0.5004678860059548,0.25068763184237974
2016-01-11,0.5015329586101176,0.4952260030472322,0.49785995548707407,0.49247128881327085,0.18661271719170477
2016-01-12,0.48978027593254986,0.4869646182495345,0.4887861667522685,0.4879625691195234,0.15291494770179606
2016-01-13,0.4880769885879748,0.48891146097850013,0.48989898989898994,0.4923011484474691,0.23483474164079612
2016-01-14,0.4868846874467723,0.4834941594718132,0.47893340181475774,0.4778392173543172,0.35718245066976984
2016-01-15,0.49684891841253626,0.4900964956830879,0.49148262283855504,0.4869417269247128,0.36008314365286853
2016-01-19,0.4895247828308636,0.48577958354494677,0.4887861667522685,0.48600595491280296,0.10932887352475593
2016-01-20,0.498978027593255,0.500253936008126,0.49982879643896594,0.4978307103360272,0.36309962754154845
2016-01-21,0.4974450689831375,0.49458269849331304,0.496190720766992,0.4988515525308378,0.14769040513324078
2016-01-22,0.4969340827797651,0.4947519891653971,0.4982879643896594,0.4946831135686941,0.09081719833187665
2016-01-25,0.5040027252597514,0.49966141865583213,0.5054785139530902,0.5038706933219905,0.21147572778462212
2016-01-26,0.5087719298245614,0.5110038936854581,0.511085430576956,0.5141641854529987,0.2861482868912212
2016-01-27,0.513370805654914,0.5152361604875573,0.5144667009073789,0.5175669927690343,0.27834389724559916
2016-01-28,0.5107307102708227,0.5061791095310649,0.5130114706385893,0.5077839217354316,0.17014374410604557
2016-01-29,0.5112416964741953,0.5073641442356527,0.5111282314672145,0.5112632922160781,0.27042748001356265
2016-02-01,0.5191619826264693,0.5170983578804809,0.5219996575928779,0.5206295193534665,0.3793165959254451
2016-02-02,0.5223982285811617,0.5173522938886068,0.5204588255435713,0.5209698000850701,0.2041361998443638
2016-02-03,0.5223130642139329,0.5292026409344845,0.5251669234720082,0.5308379413015737,0.6231017037922691
2016-02-04,0.5439448134900358,0.5386829185711868,0.5424584831364493,0.5420672054444915,0.5049400448183776
2016-02-05,0.5383239652529384,0.5526493990181142,0.53954802259887,0.5569544874521478,0.5765917600933597
2016-02-09,0.577840231647079,0.5724564076519384,0.5735319294641328,0.5676733304976604,0.7319290920909901
2016-02-10,0.5734968489184127,0.5710174369392247,0.5686526279746619,0.575159506592939,0.5081166074540522
2016-02-12,0.6092658831544884,0.6067377687489419,0.6105975004280089,0.6083368779242874,0.6778365651066148
2016-02-16,0.591211037301993,0.5861689520907399,0.5837185413456599,0.5777966822628667,0.5682673898848223
2016-02-17,0.586697325838869,0.5841374640257322,0.5850025680534156,0.5838366652488302,0.3842438362798286
2016-02-18,0.5852495315959803,0.6055104113763332,0.588426639274097,0.6077413866439813,0.5220045861092402
2016-02-19,0.6019417475728157,0.6001777552056883,0.6039205615476801,0.6017014036580178,0.5959640421278798
2016-02-22,0.5864418327371828,0.585153208058236,0.5894538606403013,0.583921735431731,0.3887024057155456
2016-02-23,0.597002214273548,0.5955645843914001,0.5989556582776921,0.5986388770735855,0.3127393034995747
2016-02-24,0.6167603474706185,0.6162180463856441,0.606060606060606,0.6019566142067204,0.7217977320586513
2016-02-25,0.6050076647930507,0.6081767394616557,0.6076870398904297,0.6045937898766481,0.4721285369922341
2016-02-26,0.6033895418157045,0.5981039444726596,0.5933401814757747,0.5977031050616758,0.47239628338270623
2016-02-29,0.6047521716913644,0.606399187404774,0.6076014381099126,0.6107188430455125,0.4272087792178134
2016-03-01,0.6145460739226709,0.6098696461824955,0.6059750042800891,0.6033177371331347,0.5472796801509145
2016-03-02,0.6111394992335208,0.6086846114779076,0.6122239342578324,0.611059123777116,0.30672258224642246
2016-03-03,0.615568046329416,0.62840697477569,0.6185584660160932,0.6284985112717992,0.7573850090292124
2016-03-04,0.6349003576903425,0.6374640257321822,0.630628317068995,0.6268821777966821,0.6448404251706206
2016-03-07,0.6353261795264862,0.6307770441848655,0.6322547508988186,0.6319863887707357,0.3277535701507476
2016-03-08,0.6405212059274401,0.633316404266125,0.6327683615819208,0.6272224585282856,0.4276155389467736
2016-03-09,0.6184636348151935,0.6207042491958694,0.6188152713576442,0.6187154402381964,0.29661265477567955
2016-03-10,0.6295350025549311,0.6323006602336212,0.6323403526793356,0.6350489153551678,0.7296567816204632
2016-03-11,0.635411343893715,0.6291264601320468,0.6232665639445301,0.6172692471288811,0.39478760101987787
2016-03-14,0.6275762221086698,0.6200270865075335,0.6073446327683616,0.6041684389621437,0.5518849731399978
2016-03-15,0.6063702946687106,0.6008125952260032,0.606146207841123,0.6049340706082517,0.3550174406896309
2016-03-16,0.6033043774484756,0.6238361266294228,0.6059750042800891,0.6273075287111866,0.6937104748225686
2016-03-17,0.6351558507920287,0.6273912307431861,0.6290018832391713,0.6233943002977455,0.35368449139842917
2016-03-18,0.6217850451371147,0.6202810225156594,0.6245505906522857,0.6205869842620161,0.677369867635804
2016-03-21,0.6167603474706185,0.6117318435754191,0.617873651771957,0.6134410888983409,0.2309946874783724
2016-03-22,0.6229773462783172,0.6187574064669037,0.6198424927238486,0.6164185452998724,0.21020496504794375
2016-03-23,0.5975132004769204,0.5930252243101406,0.5958739941790789,0.5934495959166312,0.6326616359350352
2016-03-24,0.5977686935786066,0.5915016082613849,0.5970724191063174,0.591067630795406,0.18696463342793032
2016-03-28,0.5974280361096918,0.5912476722532589,0.5968156137647662,0.5933645257337302,0.07663710349990518
2016-03-29,0.6027933912451031,0.607330286101236,0.6013525081321691,0.6117396852403233,0.5625739469269194
2016-03-30,0.6072219383409982,0.602166920602675,0.6022941277178564,0.5976180348787749,0.39239394645329195
2016-03-31,0.6096150570601262,0.6037751819874726,0.6082006505735318,0.602211824755423,0.327327305413911
2016-04-01,0.591892352239823,0.5918401896055528,0.5906522855675398,0.5961718417694597,0.375937823725763
2016-04-04,0.5969170499063192,0.5897240562045032,0.5951035781544255,0.58953636750319,0.2492809765684734
2016-04-05,0.6061999659342532,0.5998814965295414,0.6043485704502654,0.6023819651212249,0.3052743009910013
2016-04-06,0.5971725430080055,0.5952683257152532,0.5967300119842494,0.5962569119523605,0.24519295638827096
2016-04-07,0.6137795946176121,0.6076688674454038,0.5859441876391028,0.6104636324968097,0.44475649397437533
2016-04-08,0.6088400613183444,0.6069917047570679,0.6114535182331793,0.6089323692045937,0.31536040940506693
2016-04-11,0.6207630727303697,0.6199424411714916,0.6237801746276324,0.6225435984687365,0.3499281481403971
2016-04-12,0.6272355646397549,0.6203233451836805,0.6248929977743536,0.6227137388345384,0.3432454111830058
2016-04-13,0.6199114290580823,0.6125782969358389,0.6164184215031672,0.611824755423224,0.3041021647529729
2016-04-14,0.6090103900528021,0.6020568816658203,0.6026365348399247,0.5977031050616758,0.5025355133415171
2016-04-15,0.6025378981434169,0.601489757914339,0.6046909775723335,0.6045937898766481,0.25817108379369735
2016-04-18,0.612757622210867,0.6052141527001864,0.608457455915083,0.6030625265844319,0.16491585126554917
2016-04-19,0.6241696474195197,0.6181648891146099,0.6233521657250471,0.6187154402381964,0.8635487475582024
2016-04-20,0.6224663600749447,0.618080243778568,0.6177966101694916,0.6135261590812419,0.36820121971927844
2016-04-21,0.6288536876171011,0.6220585745725411,0.6212977229926382,0.617354317311782,0.5688282621230738
2016-04-22,0.6142905808209846,0.6091078381581176,0.6054613935969868,0.6043385793279455,0.35970947359609373
2016-04-25,0.6094362118889458,0.6065007618080245,0.6125663413799007,0.6072309655465759,0.09912862639401143
2016-04-26,0.6149718957588146,0.6080074487895717,0.6154768019174799,0.6113994045087195,0.3532827800244487
2016-04-27,0.6165048543689322,0.6148637210089725,0.6153055983564459,0.6138664398128456,0.2644153940681645
2016-04-28,0.6245954692556634,0.6294227188081938,0.6264338298236602,0.6332624415142493,0.5928973959483556
2016-04-29,0.6459717254300803,0.6506686981547318,0.6487758945386064,0.65333900467886,0.772331306464703
2016-05-02,0.6574689150059616,0.6509226341628576,0.6548108200650573,0.6496809868141215,0.4555772298262687
2016-05-03,0.6570430931698179,0.6497375994582699,0.650231124807396,0.6474691620586982,0.31464712274056283
2016-05-04,0.6495486288536876,0.644743524631793,0.6416709467556925,0.6410888983411313,0.3292302598764639
2016-05-05,0.6476750127746551,0.6405366514305062,0.6394453004622496,0.6398979157805188,0.3042057937124666
2016-05-06,0.6493783001192301,0.6496106314542069,0.6508988186954288,0.6493407060825179,0.4203774370474723
2016-05-09,0.6354965082609438,0.628280006771627,0.6337955829481254,0.627817949808592,0.3220412188087387
2016-05-10,0.631578947368421,0.6290841374640257,0.6294298921417565,0.6306252658443215,0.3504374353695827
2016-05-11,0.6410321921308124,0.6356864736753005,0.640558123608971,0.6403232666950233,0.24647560570621987
2016-05-12,0.6424799863737014,0.6376333164042662,0.6373052559493237,0.6321565291365375,0.24028765343098138
2016-05-13,0.6345597002214274,0.633147113594041,0.6343947954117446,0.6368353891960866,0.2506623900674809
2016-05-16,0.6502299437915178,0.6425427458947013,0.640558123608971,0.6376010208421946,0.224273628917271
2016-05-17,0.6387327542156362,0.638733705772812,0.6414141414141414,0.6413441088898338,0.2935075034159006
2016-05-18,0.6356668369954013,0.6336549856102929,0.6277178565314159,0.6231390897490429,0.5126015201239362
2016-05-19,0.6167603474706185,0.6171914677501269,0.6195000856017805,0.6211824755423224,0.5373227637301946
2016-05-20,0.6268949071708398,0.6201117318435754,0.6228385550419449,0.6198213526159079,0.3747946925818003
2016-05-23,0.615568046329416,0.6140172676485527,0.6180448553329909,0.6169289663972776,0.29427053932402336
2016-05-24,0.6096917049906321,0.6024208566108009,0.6052045882554358,0.5993194385367927,0.484292869574923
2016-05-25,0.5962357349684893,0.5925173522938887,0.5972436226673514,0.5965971926839642,0.380342742916286
2016-05-26,0.604581842956907,0.5973421364482817,0.5978428351309707,0.5931943853679285,0.16889345015410331
2016-05-27,0.5935104752171692,0.5865921787709498,0.588426639274097,0.5851127179923435,0.29738179460391434
2016-05-31,0.5891670924885029,0.5869307601151178,0.5902242766649546,0.588770735857082,0.2741937822991457
2016-06-01,0.5909555442003067,0.5846876587100052,0.5876562232494436,0.5877498936622713,0.28387386529043
2016-06-02,0.5893374212229603,0.5832910106653124,0.5909090909090908,0.5854529987239472,0.10910679179978261
2016-06-03,0.610373019928462,0.6080074487895717,0.6135935627461051,0.6125053168864311,0.5680955622389656
2016-06-06,0.6158235394311022,0.6103775181987474,0.6155196028077383,0.6131008081667374,0.35135407895149884
2016-06-07,0.6125021291091808,0.6091078381581176,0.6151343947954118,0.6122501063377285,0.10997997363473663
2016-06-08,0.6278317152103561,0.6240054173015068,0.6307139188495121,0.6272224585282856,0.43330173063116006
2016-06-09,0.6304718105944473,0.6299559844252582,0.6334531758260571,0.6329221607826455,0.4567459698982197
2016-06-10,0.63847726111395,0.6351786016590486,0.6388032871083718,0.6370905997447892,0.5384730084652652
2016-06-13,0.6491228070175439,0.6413577111901134,0.6461222393425783,0.6447469162058698,0.47650881103162857
2016-06-14,0.6508260943621189,0.6433045539190791,0.6484334874165383,0.6458528285835813,0.43284076992737164
2016-06-15,0.6467382047351389,0.6501608261384799,0.6491183016606745,0.6535942152275628,0.5889027244411426
2016-06-17,0.6530403679100665,0.6521076688674454,0.6517719568567026,0.6558911101658867,0.6131797587033181
2016-06-20,0.6445239311871913,0.6455899779922127,0.6469782571477487,0.6495959166312205,0.44302050237924384
2016-06-21,0.6393289047862376,0.633147113594041,0.6353364149974319,0.6294342832837089,0.567932683949664
2016-06-22,0.6323454266734798,0.62798374809548,0.6345659989727788,0.6300297745640152,0.25933477551066864
2016-06-23,0.6293646738204737,0.6261215507025564,0.6292586885807225,0.6232241599319438,0.3890629041552367
2016-06-27,0.6801226366888096,0.6770780429998309,0.6786509159390515,0.6791152700978306,0.8804418283562978
2016-06-28,0.6726281723726795,0.6683595733875065,0.6720595788392398,0.6675457252233091,0.632884360177915
2016-06-29,0.6756089252256856,0.6750465549348232,0.67753809279233,0.6719693747341556,0.4592021781724184
2016-06-30,0.6759495826946007,0.6725918401896056,0.6758260571819894,0.6773287962569118,0.6314638907690187
2016-07-01,0.6905126894907172,0.6886744540375824,0.6924328026022941,0.6938324117396851,0.5843329994075985
2016-07-05,0.7002214273547949,0.6985779583544949,0.6986817325800376,0.702594640578477,0.768497539798936
2016-07-06,0.7146993697836825,0.7117826307770443,0.7128060263653484,0.7093151850276477,0.6961290499051
2016-07-07,0.7089081928121275,0.7030641611647199,0.7056154768019174,0.705146746065504,0.6562321758648613
2016-07-08,0.7091636859138137,0.7064499746063995,0.7055298750214005,0.7116971501488726,0.7080164113759447
2016-07-11,0.7060977686935788,0.7011596411037753,0.707156308851224,0.7016588685665673,0.39520372315261876
2016-07-13,0.6934082779764947,0.6887590993736246,0.6938880328710837,0.6930667800935769,0.23721985989805258
2016-07-14,0.6790154999148357,0.6797866937531742,0.6803629515493923,0.6846448319863886,0.45526533327679175
2016-07-15,0.679611650485437,0.6782630777044185,0.6829310049649033,0.6804763930242449,0.5311640001255663
2016-07-18,0.685062169988077,0.6808870831217202,0.6854990583804144,0.6821777966822627,0.28774563230095396
2016-07-19,0.6844660194174759,0.6796174030810902,0.6871254922102379,0.6836239897915778,0.13591502535467448
2016-07-20,0.6721171861693069,0.6692060267479263,0.6741996233521657,0.6681412165036155,0.4374442730451439
2016-07-21,0.6734798160449669,0.6797866937531742,0.6766820749871596,0.6846448319863886,0.3297021433846632
2016-07-22,0.6800374723215807,0.6725918401896056,0.6801917479883581,0.676307954062101,0.2528276754124368
2016-07-25,0.6723726792709932,0.6699678347723041,0.6716315699366546,0.6688217779668225,0.5016969356852425
2016-07-26,0.6771418838358032,0.6693753174200103,0.6779233008046568,0.6733304976605697,0.24804651609351316
2016-07-27,0.6831033895418159,0.6861350939563231,0.6804485533299094,0.6905997447894511,0.6813978582858834
2016-07-28,0.6941747572815535,0.6868122566446588,0.6904211607601438,0.6874521480221182,0.32339550887326407
2016-07-29,0.6969851814001022,0.6970543423057389,0.6961992809450437,0.6986814121650359,0.5277951869534353
2016-08-01,0.6982626469085336,0.6964618249534451,0.702020202020202,0.7006380263717565,0.22498136239129743
2016-08-02,0.7107818088911599,0.7067039106145254,0.7138760486218112,0.7096554657592514,0.2497600195619166
2016-08-03,0.7100153295861011,0.7017098357880482,0.7080979284369116,0.704381114419396,0.12858160133452803
2016-08-04,0.7105263157894737,0.7044184865413916,0.7128060263653484,0.7062526584432155,0.12358400526938113
2016-08-05,0.6973258388690173,0.6897494498053158,0.6920047936997089,0.6865163760102083,0.6424377753533436
2016-08-08,0.6873616079032534,0.6825799898425597,0.6910118130457112,0.6855806039982985,0.20960251272231348
2016-08-09,0.6928972917731222,0.6863043846284069,0.6950864577983222,0.690004253509145,0.2426531289979529
2016-08-10,0.702946687106115,0.6952852547824615,0.6985105290190037,0.6951084644831985,0.18286160586519715
2016-08-11,0.6986033043774487,0.6951921449128153,0.6927324088341036,0.6875372182050191,0.34667012341300374
2016-08-12,0.702946687106115,0.6957846622651092,0.6903783598698854,0.6852403232666949,0.6052538413850924
2016-08-15,0.6901720320218023,0.6872354833248688,0.6938024310905666,0.6889834113143342,0.10631422540152322
2016-08-16,0.6944302503832398,0.6939224648721856,0.697226502311248,0.6943428328370905,0.2957816496518746
2016-08-17,0.6948560722193835,0.6934992381919758,0.6926040061633281,0.6945980433857931,0.450931458209075
2016-08-18,0.7009879066598534,0.6950228542407313,0.7021914055812362,0.6997873245427478,0.3345927143242391
2016-08-19,0.6940895929143249,0.6907905874386322,0.6959852764937511,0.6900893236920459,0.3986836919225769
2016-08-22,0.6902571963890309,0.6844421872354833,0.6925184043828112,0.6884729902169288,0.29463489287115363
2016-08-23,0.6946005791176972,0.6869815473167429,0.6938880328710837,0.6883028498511271,0.31345791388387567
2016-08-24,0.6842105263157896,0.6763670221770781,0.6826313987330936,0.6762228838792003,0.5188663909714119
2016-08-25,0.676205075796287,0.6708142881327239,0.6797637390857729,0.6752871118672904,0.170658355055028
2016-08-26,0.6838698688468745,0.6860504486202812,0.6785653141585344,0.6737558485750742,0.7232151724545598
2016-08-29,0.6763754045307444,0.6722532588454377,0.6795069337442219,0.6758826031475965,0.1536425992309244
2016-08-30,0.6740759666155682,0.6677670560352125,0.6705187467899332,0.6650786899191833,0.35110790280503124
2016-08-31,0.6655595298926931,0.660656847807686,0.6684643040575244,0.662951935346661,0.5095875604127461
2016-09-01,0.6650485436893205,0.6640426612493653,0.6676938880328711,0.6673755848575073,0.4897048896897721
2016-09-02,0.6788451711803782,0.6730150668698156,0.6765108714261256,0.6781794980859207,0.41799957006373223
2016-09-06,0.6882984159427696,0.6942610462163536,0.6909775723335045,0.6963845172267119,0.5912086753134891
2016-09-07,0.700136262987566,0.6923988488234301,0.6982537236774524,0.6926414291790727,0.30515066218813325
2016-09-08,0.6947709078521547,0.6895209073980026,0.692090395480226,0.6868566567418118,0.38232151449180773
2016-09-09,0.6869357860671095,0.6809717284577621,0.6860982708440335,0.6797107613781369,0.4704860317525006
2016-09-12,0.6790154999148357,0.6759776536312849,0.67984934086629,0.6783496384517226,0.4100012776927513
2016-09-13,0.6803781297904958,0.6732690028779416,0.6760828625235404,0.6710336027222458,0.3043930417880796
2016-09-14,0.6772270482030318,0.6727611308616896,0.6803629515493923,0.6748617609527859,0.16549590725272376
2016-09-15,0.6740759666155682,0.6690367360758422,0.6707755521314842,0.6679710761378136,0.49118116636826303
2016-09-16,0.666240844830523,0.6617995598442528,0.6687211093990755,0.6653339004678859,0.7697524231644961
2016-09-19,0.6730539942088232,0.6649737599458272,0.6736860126690636,0.6675457252233091,0.1259208428953766
2016-09-20,0.6704990631919605,0.6647198239377012,0.6730011984249273,0.6685665674181197,0.15855965108707606
2016-09-21,0.6791858286492933,0.6802099204333842,0.6797637390857729,0.6841344108889832,0.5243473440788028
2016-09-22,0.6897462101856584,0.6868122566446588,0.6929464132853964,0.68668651637601,0.5953056907443827
2016-09-23,0.6900017032873447,0.6839343152192314,0.692347200821777,0.6873670778392172,0.25223811933907303
2016-09-26,0.6930676205075796,0.6854156085999663,0.69226159904126,0.6865163760102083,0.1667358291298894
2016-09-27,0.6836995401124171,0.6758083629592011,0.6830251669234719,0.6786048490004252,0.18423553862000738
2016-09-28,0.6785045137114631,0.6715760961571018,0.6777948981338813,0.6752020416843895,0.20751185124278568
2016-09-29,0.6750127746550845,0.6710682241408499,0.6761684643040575,0.6739259889408761,0.24006396541124173
2016-09-30,0.6808039516266395,0.6728457761977316,0.6735576099982878,0.6702679710761378,0.4128963256970998
2016-10-03,0.6705842275591893,0.6636194345691553,0.6706899503509673,0.6675457252233091,0.31323206883973564
2016-10-05,0.6366036450349175,0.6308616895209076,0.6321691491183017,0.6289238621863037,0.573611348995717
2016-10-06,0.6226366888094022,0.617233790418148,0.6222393425783255,0.6193960017014034,0.72056304211301
2016-10-07,0.6294498381877023,0.622312510580667,0.6152199965759289,0.6200765631646107,0.7203729027068178
2016-10-10,0.6266394140691536,0.6209581852039954,0.628060263653484,0.6236495108464483,0.10583853268002111
2016-10-11,0.6245954692556634,0.6187574064669037,0.6247217942133196,0.6184602296894938,0.1769554894802379
2016-10-12,0.6228921819110884,0.6179955984425258,0.6226587913028592,0.6200765631646107,0.12117722497984787
2016-10-13,0.6252767841934936,0.6209581852039954,0.6270330422872796,0.6225435984687365,0.2282244256302963
2016-10-14,0.6199114290580823,0.6187574064669037,0.6226673514809109,0.6168438962143766,0.2004234101215662
2016-10-17,0.622721853176631,0.6167259184018961,0.6251498031159048,0.6195661420672053,0.11801369627884836
2016-10-18,0.6259580991313236,0.622820382596919,0.6272042458483136,0.6258613356018715,0.12451919008231388
2016-10-19,0.6349003576903425,0.6297359065515491,0.6363636363636362,0.6317311782220331,0.174872216956635
2016-10-20,0.63711463123829,0.6308616895209076,0.6341379900701933,0.6285835814547,0.19680842080296748
2016-10-21,0.6329415772440812,0.6252327746741155,0.6334531758260571,0.6293492131008079,0.20654412748730153
2016-10-24,0.6361778231987738,0.62840697477569,0.6301147063858927,0.627052318162484,0.14987560853329865
2016-10-25,0.6328564128768523,0.6323006602336212,0.6360640301318268,0.6347937048064652,0.18043394374370217
2016-10-26,0.6369443025038326,0.6303538175046557,0.6339667865091594,0.6290089323692046,0.0779695020614728
2016-10-27,0.634730028955885,0.6273912307431861,0.6351652114363979,0.6308804763930241,0.09759947967064164
2016-10-28,0.6354965082609438,0.6383951244286441,0.6356788221195,0.6357294768183751,0.43290740821310447
2016-10-31,0.6381366036450351,0.6343321482986288,0.6392740969012156,0.6387920034028073,0.2530397063215868
2016-11-01,0.6491228070175439,0.6445742339597089,0.650744735490498,0.6455125478519778,0.5129107548135147
2016-11-02,0.6572985862715042,0.6576942610462164,0.6592193117616847,0.653253934495959,0.6188156504144515
2016-11-03,0.6538920115823541,0.6540545115964111,0.6574216743708268,0.658868566567418,0.36192776666833715
2016-11-04,0.6627491057741441,0.6558320636532928,0.6633281972265024,0.659634198213526,0.2931856478388727
2016-11-07,0.6479305058763414,0.6403419671576096,0.6448382126348227,0.6405784772437261,0.3581613267003456
2016-11-08,0.6433316300459888,0.6435584899272051,0.6403869200479371,0.6362398979157805,0.3327449705075102
2016-11-09,0.6618974621018567,0.654223802268495,0.6382040746447526,0.6355593364525732,0.7354880446693135
2016-11-10,0.6382217680122637,0.6304384628406976,0.623437767505564,0.6201616333475116,0.9191887330262831
2016-11-11,0.6222960313404873,0.6147790756729306,0.5964732066426982,0.5976180348787749,0.834100637396121
2016-11-14,0.592233009708738,0.5931945149822245,0.5901386748844375,0.5891960867715864,0.8501050700353696
2016-11-15,0.5951285981945154,0.5940409683426443,0.5969868173258004,0.5977881752445767,0.3277928555313173
2016-11-16,0.6020269119400443,0.5942949043507704,0.5994692689607943,0.5948107188430454,0.1502007684881315
2016-11-17,0.5989609947198093,0.5938716776705604,0.5897106659818524,0.5897065078689918,0.37329445916422366
2016-11-18,0.5871231476750127,0.5815981039444728,0.5856017805170347,0.5810293492131008,0.35186593625231055
2016-11-21,0.5888264350195878,0.5830370746571865,0.588426639274097,0.5846873670778391,0.20262206050352474
2016-11-22,0.5888264350195878,0.5817673946165568,0.5857729840780689,0.5843470863462356,0.1919022458570904
2016-11-23,0.5730710270822688,0.5656001354325377,0.5658277692175998,0.564866014461931,0.8611094283261178
2016-11-25,0.569238630556975,0.5624682579989844,0.5632597158020887,0.5594215227562738,0.14409317684534353
2016-11-28,0.5676205075796288,0.5652615540883699,0.5668549905838041,0.5695448745214801,0.1580615161329821
2016-11-29,0.5636177823198774,0.5622143219908584,0.5661701763396678,0.5650361548277327,0.23975133455558598
2016-11-30,0.5630216317492762,0.5563737938039616,0.5559835644581407,0.552105487026797,0.3997679867839574
2016-12-01,0.5495656617271334,0.5496021669206027,0.5485362095531586,0.5503190131858783,0.3683395905398601
2016-12-02,0.5562084823709761,0.5523954630099882,0.5583804143126178,0.5554232241599318,0.238999772181508
2016-12-05,0.5499063191960485,0.5506179109531065,0.5457969525766136,0.5503190131858783,0.3662354820784316
2016-12-06,0.554505195026401,0.5499407482647707,0.5533299092621127,0.5493832411739685,0.15268855192802186
2016-12-07,0.558252427184466,0.5539190790587439,0.5582948125321007,0.5527860484900041,0.12356170071919784
2016-12-08,0.5547606881280873,0.5485948874217031,0.5556411573360726,0.5505742237345809,0.17298096549880773
2016-12-09,0.5501618122977348,0.5433384120534959,0.5447697312104092,0.5406210123351765,0.380967866945189
2016-12-12,0.5451371146312383,0.5421533773489081,0.5454203047423387,0.5441939600170139,0.18126136912488508
2016-12-13,0.5449667858967808,0.5394447265955647,0.5436569080636877,0.5410463632496809,0.26409197809050655
2016-12-14,0.5482030318514735,0.5410529879803624,0.5304742338640643,0.5272649936197361,0.4912863098342506
2016-12-15,0.5218020780105603,0.5157440325038091,0.5174627632254751,0.5145895363675032,0.5606238132923738
2016-12-16,0.522653721682848,0.5224310140511259,0.5215288478000342,0.5206295193534665,0.3499022638475918
2016-12-19,0.5281894055527168,0.5232774674115457,0.5289334018147578,0.5252233092301147,0.14371028206719672
2016-12-20,0.5185658320558679,0.5158032842390385,0.5199794555726759,0.5184176945980433,0.23472358604296903
2016-12-21,0.5252086526997104,0.5184780768579652,0.5232836843006335,0.5189281156954486,0.13307752859709518
2016-12-22,0.5203542837676718,0.5166751312002709,0.5216572504708098,0.5167162909400255,0.125567641623338
2016-12-23,0.5217169136433317,0.5179448112409006,0.5243109056668378,0.5196086771586559,0.12875186857975454
2016-12-27,0.5282745699199456,0.521499915354664,0.5280773840095874,0.524968098681412,0.06779371650531207
2016-12-28,0.5264861182081417,0.5235314034196716,0.5285053929121726,0.5275202041684388,0.13228328467637016
2016-12-29,0.5335547606881281,0.5372439478584731,0.5359527478171545,0.5396852403232666,0.24542880635409822
2016-12-30,0.5433486629194346,0.5380057558828509,0.5391200136962849,0.5339004678860059,0.3060001626488186
2017-01-03,0.5368761710100496,0.5412222786524463,0.5377503852080123,0.5412165036154827,0.24415249042694212
2017-01-04,0.5491398398909897,0.5430844760453699,0.5483650059921247,0.5445342407486174,0.12284097920463258
2017-01-05,0.5585079202861523,0.5576434738445912,0.5608628659476116,0.5591663122075711,0.3395893925066624
2017-01-06,0.5555271674331461,0.5529033350262401,0.55658277692176,0.552105487026797,0.2512162863970331
2017-01-09,0.5604667007324136,0.5584899272050111,0.5618044855332991,0.5599319438536792,0.1590916100195344
2017-01-10,0.565150740929995,0.5619603859827325,0.5656993665468242,0.5640153126329222,0.17813937461712817
2017-01-11,0.5645545903593938,0.5682241408498392,0.5617188837527821,0.5669927690344533,0.35383805317808625
2017-01-12,0.5786067109521376,0.5744878957169461,0.5757147748673173,0.5704806465333899,0.2867790558988743
2017-01-13,0.5711974110032363,0.5692398848823431,0.5704502653655196,0.5730327520204167,0.23187310124485092
2017-01-17,0.5902742292624765,0.5832063653292704,0.5901814757746962,0.5869842620161632,0.31798592114763247
2017-01-18,0.5889967637540454,0.5828677839851025,0.5821777092963534,0.5786473840918758,0.19626888933803951
2017-01-19,0.5769034236075625,0.574741831725072,0.5768275980140387,0.5777966822628667,0.1940230138899521
2017-01-20,0.5797138477261115,0.5815134586084308,0.5801232665639444,0.5801786473840918,0.46142721768268025
2017-01-23,0.5870379833077841,0.5849839173861521,0.5876562232494436,0.5864738409187579,0.18996211714423186
2017-01-24,0.5885709419179015,0.5837142373455223,0.5854305769560006,0.5820501914079114,0.16480469566772202
2017-01-25,0.5753704649974452,0.5703402742508888,0.5746447526108543,0.5739685240323265,0.2058139058865471
2017-01-26,0.5677056719468574,0.5624259353309633,0.5673686012669064,0.5649510846448319,0.14606240244054
2017-01-27,0.5650655765627663,0.5627645166751313,0.5671973977058723,0.5669076988515523,0.2054866806955862
2017-01-30,0.5708567535343212,0.5691552395463011,0.5734035267933573,0.5709910676307953,0.2513111954706526
2017-01-31,0.584994038494294,0.58199593702387,0.5874850196884096,0.5844321565291364,0.3763302185900991
2017-02-01,0.5797990120933401,0.5788894531911293,0.5785824345146379,0.5814547001276051,0.21682152266096402
2017-02-02,0.5934253108499405,0.5883697308278314,0.5912942989214176,0.5868991918332623,0.22854316040606396
2017-02-03,0.5889115993868166,0.5866345014389708,0.5920219140558123,0.5893662271373882,0.3326985715358326
2017-02-06,0.6003236245954693,0.5982732351447435,0.6008388974490669,0.6027222458528284,0.29043603835207743
2017-02-07,0.6023675694089594,0.5982732351447435,0.6047765793528506,0.600680561463207,0.2940019209449639
2017-02-08,0.6090103900528021,0.6054680887083124,0.6099982879643897,0.6068906848149723,0.34053728999531696
2017-02-09,0.6109691704990632,0.6053834433722702,0.6047765793528506,0.5992343683538919,0.273215961833702
2017-02-10,0.597002214273548,0.5992889791772474,0.6002396849854477,0.6018715440238195,0.31503910455767326
2017-02-13,0.5974280361096918,0.5915862535974269,0.595788392398562,0.5950659293917481,0.23609453567892755
2017-02-14,0.6040708567535344,0.5967496190959879,0.5977572333504536,0.5961718417694597,0.21655758548379486
2017-02-15,0.5940214614205417,0.596072456407652,0.5966187296695771,0.6005954912803062,0.22366323690608167
2017-02-16,0.607647760177142,0.6034366006433045,0.6101694915254237,0.6059549128030625,0.19143761362240766
2017-02-17,0.6098620337250895,0.6038598273235145,0.608371854134566,0.6025521054870268,0.23544784140602007
2017-02-21,0.600068131493783,0.6004740138818352,0.601095702790618,0.6031475967673329,0.18166601772358107
2017-02-22,0.6070516096065408,0.6006433045539191,0.6051189864749187,0.6045087196937472,0.17659095235656294
2017-02-23,0.6147164026571283,0.6102505501946844,0.6174028419791131,0.6132709485325393,0.24268309786887823
2017-02-24,0.6230625106455459,0.6163873370577282,0.6223249443588426,0.6197362824330072,0.34874550214518374
2017-02-27,0.6229773462783172,0.6207888945319113,0.6212121212121213,0.6148022118247553,0.3231964660046529
2017-02-28,0.6228070175438596,0.6160487557135603,0.6186440677966101,0.6157379838366651,0.2962478422871875
2017-03-01,0.6080735820132859,0.6099542915185374,0.6111967128916282,0.6142917907273501,0.2969840301256452
2017-03-02,0.6061999659342532,0.6033519553072626,0.6049905838041432,0.6017014036580178,0.40252787655725686
2017-03-03,0.5993016521887242,0.5981885898087016,0.5982708440335559,0.6011059123777115,0.3880345542458593
2017-03-06,0.6027082268778743,0.5949720670391062,0.5998972778633795,0.5943853679285409,0.12273858938681578
2017-03-07,0.5923181740759667,0.5856610800744879,0.5912086971409005,0.5863887707358569,0.21084739116618653
2017-03-08,0.582609436211889,0.5781276451667514,0.5854733778462591,0.5802637175669927,0.24823706854693103
2017-03-09,0.5808209845000851,0.575292026409345,0.5808508816983393,0.57524457677584,0.1928662062934078
2017-03-10,0.5780105603815364,0.5727949889961064,0.5784968327341208,0.5773713313483623,0.2623662208877431
2017-03-13,0.5795435189916538,0.5743186050448621,0.5817068995035096,0.577541471714164,0.16519309774221044
2017-03-14,0.5787770396865952,0.575165058405282,0.577598014038692,0.5722671203743087,0.14200939948624267
2017-03-15,0.5766479305058765,0.5856610800744879,0.5775552131484334,0.590387069332199,0.5193624147952415
2017-03-16,0.6020269119400443,0.5944641950228544,0.6004108885464817,0.5944704381114418,0.32647908998903863
2017-03-17,0.600068131493783,0.5942949043507704,0.6022941277178564,0.596682262866865,0.11365848043780802
2017-03-20,0.6023675694089594,0.5970458777721348,0.604819380243109,0.6011059123777115,0.08053727898072427
2017-03-21,0.606285130301482,0.6072456407651938,0.6095702790618045,0.6098681412165036,0.33782086196897954
2017-03-22,0.6156532106966446,0.6102082275266634,0.6174456428693718,0.6123351765206294,0.2331886566584406
2017-03-23,0.6180378129790498,0.6110546808870831,0.6143639787707584,0.6109740535942151,0.18306023568658267
2017-03-24,0.6125021291091808,0.6107160995429153,0.6149631912343776,0.612590387069332,0.21434424897825885
2017-03-27,0.6246806336228923,0.618080243778568,0.6224961479198767,0.6182900893236919,0.28970012587843674
2017-03-28,0.6230625106455459,0.6159641103775182,0.618301660674542,0.6141216503615482,0.22512882025084266
2017-03-29,0.618633963549651,0.6127475876079229,0.6205872282143468,0.616588685665674,0.12411265982403452
2017-03-30,0.6148015670243572,0.6099542915185374,0.6143639787707584,0.6092726499361972,0.21508286920593414
2017-03-31,0.613438937148697,0.6096157101743696,0.6155624036979968,0.6113994045087195,0.2897032007855608
2017-04-03,0.614120252086527,0.612070424919587,0.6173600410888547,0.6167588260314757,0.178964229926685
2017-04-04,0.6217850451371147,0.6154562383612663,0.623437767505564,0.6190557209698001,0.11384471884242506
2017-04-05,0.6135241015159258,0.6142712036566786,0.6150487930148947,0.6190557209698001,0.27034487056843926
2017-04-06,0.618633963549651,0.612493651599797,0.6199708953946241,0.6153126329221607,0.11023776099765775
2017-04-07,0.6278317152103561,0.6230743186050449,0.6213833247731553,0.6176945980433856,0.46559192696443885
2017-04-10,0.6171010049395333,0.6147790756729306,0.6189008731381611,0.6176945980433856,0.11086013137838999
2017-04-11,0.6280872083120423,0.6292534281361097,0.6312275295326144,0.6324117396852401,0.4703731780716349
2017-04-12,0.6370294668710612,0.6361943456915524,0.6385036808765623,0.6394725648660143,0.3338330745821936
2017-04-13,0.6469085334695965,0.6398340951413579,0.6461222393425783,0.644406635474266,0.3526192884976995
2017-04-17,0.6469936978368251,0.6433891992551211,0.6457798322205102,0.6413441088898338,0.28734970358813205
2017-04-18,0.6459717254300803,0.6430421533773489,0.6435541859270673,0.6462781794980857,0.39904588844530675
2017-04-19,0.6444387668199627,0.6365329270357205,0.5434001027221366,0.6370055295618885,0.2872682873905493
2017-04-20,0.6407766990291262,0.6357711190113426,0.6415853449751754,0.6389621437686089,0.4395041395592951
2017-04-21,0.6435019587804465,0.6394955137971898,0.6435541859270673,0.6419396001701402,0.6139266398755058
2017-04-24,0.6318344404701073,0.6301845268325716,0.6343947954117446,0.6348787749893662,0.4053291628413904
2017-04-25,0.6297904956566174,0.6247672253258847,0.6291730868002054,0.6244151424925563,0.3733349377923342
2017-04-26,0.6270652359052973,0.6255290333502623,0.6276322547508988,0.6294342832837089,0.3464687399434474
2017-04-27,0.6288536876171011,0.6224648721855426,0.6284882725560692,0.6256061250531687,0.27801662616050205
2017-04-28,0.6281723726792712,0.6239207719654647,0.6310563259715802,0.6288387920034028,0.3179565489004774
2017-05-01,0.6270652359052973,0.6237514812933809,0.623180962164013,0.6194810718843043,0.3269951236562426
2017-05-02,0.6193152784874809,0.6144404943287627,0.6222393425783255,0.6193109315185027,0.12359070581326337
2017-05-03,0.6182933060807361,0.611816488911461,0.610939907550077,0.6051042109740535,0.39473684210526316
2017-05-04,0.5981093510475217,0.5943795496868124,0.5998972778633795,0.5949808592088472,0.46796965626577036
2017-05-05,0.5985351728836654,0.5926019976299306,0.6003252867659647,0.5968524032326669,0.22584486056351757
2017-05-08,0.5999829671265544,0.5931945149822245,0.6003252867659647,0.5946405784772436,0.1465412618574385
2017-05-09,0.5927439959121106,0.5855764347384459,0.5907378873480569,0.588685665674181,0.20767642761512586
2017-05-10,0.5947879407256005,0.5877772134755376,0.5933059407635679,0.5886005954912803,0.09559083101246688
2017-05-11,0.5929994890137966,0.590697477568986,0.5960879986303715,0.5925138239047213,0.18647223524085885
2017-05-12,0.6003236245954693,0.5933638056543085,0.60075329566855,0.5953211399404508,0.14802465212703717
2017-05-15,0.604156021120763,0.596580328423904,0.6029789419619926,0.5979583156103785,0.10443017932307616
2017-05-16,0.6035598705501619,0.5997122058574573,0.6064886149631912,0.602296894938324,0.12301574407520469
2017-05-17,0.6198262646908534,0.617572371762316,0.6224961479198767,0.6205019140791151,0.5368527159874427
2017-05-18,0.6233180037472321,0.6160487557135603,0.6164184215031672,0.6121650361548275,0.3733459523850172
2017-05-19,0.6200817577925397,0.6135517183003218,0.6191576784797124,0.6171841769459804,0.21019656642102288
2017-05-22,0.6221257026060296,0.6185881157948199,0.6251498031159048,0.621437686091025,0.1337200465036103
2017-05-23,0.6263839209674673,0.6190113424750296,0.6200479369970895,0.6149723521905571,0.2797927751247907
2017-05-24,0.6173564980412196,0.6152276959539529,0.6194572847115221,0.6189706507868992,0.22294260717978878
2017-05-25,0.6211888945665134,0.6148213983409514,0.6226673514809109,0.6178647384091874,0.08685814067433906
2017-05-26,0.6294498381877023,0.6240900626375487,0.6315699366546823,0.6268821777966821,0.20995938552524643
2017-05-30,0.6273207290069835,0.6201963771796175,0.628317068995035,0.6234793704806464,0.1055934579928218
2017-05-31,0.6279168795775849,0.6278144574233961,0.6309707241910631,0.6275627392598894,0.3742273492703475
2017-06-01,0.6267245784363824,0.6236668359573387,0.6292586885807225,0.6284134410888983,0.2957946835865496
2017-06-02,0.6364333163004601,0.6318774335534112,0.6389316897791473,0.6359846873670777,0.23226902995767276
2017-06-05,0.641543178334185,0.6338242762823769,0.6422701592193116,0.6370055295618885,0.08131357829420308
2017-06-06,0.6515925736671777,0.6454206873201287,0.6524567711008389,0.6486601446193107,0.394305574907583
2017-06-07,0.6490376426503153,0.6441510072794989,0.6459938366718028,0.6431305827307529,0.3134144980310497
2017-06-08,0.6429058082098451,0.6349246656509226,0.6368772470467385,0.6363249680986814,0.2735093630462986
2017-06-09,0.629194345086016,0.6251058066700526,0.6321691491183017,0.6268821777966821,0.2224975717412547
2017-06-12,0.6280872083120423,0.6232012866091079,0.6310135250813216,0.6253509145044661,0.12488023925163919
2017-06-13,0.6248509623573497,0.6234128999492128,0.628060263653484,0.6263717566992769,0.0718408450101784
2017-06-14,0.6381366036450351,0.633316404266125,0.6250642013353878,0.6207571246278177,0.867466408704906
2017-06-15,0.618633963549651,0.6131708142881329,0.6212806026365347,0.6165036154827731,0.21062347367576598
2017-06-16,0.6197411003236246,0.6131708142881329,0.6222393425783255,0.616673755848575,0.1927729035145546
2017-06-19,0.6145460739226709,0.6075842221093619,0.6144495805512755,0.6089323692045937,0.21022543383267986
2017-06-20,0.6118208141713508,0.6043676993397664,0.6122239342578324,0.6068056146320714,0.1098785475937796
2017-06-21,0.6095213762561746,0.6060606060606062,0.6129087485019689,0.6096980008507017,0.11554059896253552
2017-06-22,0.6178674842445921,0.6106145251396649,0.6167608286252353,0.6131008081667374,0.16545060974031447
2017-06-23,0.6222960313404873,0.6145251396648046,0.6228385550419449,0.617439387494683,0.3236156171503817
2017-06-26,0.6107136773973771,0.6050025393600813,0.6130799520630028,0.6083368779242874,0.20130186978218093
2017-06-27,0.6156532106966446,0.6093617741662436,0.6157421674370827,0.6121650361548275,0.1629256979442548
2017-06-28,0.617271333673991,0.6094464195022855,0.6174884437596302,0.6129306678009357,0.09277577648747942
2017-06-29,0.607988417646057,0.6058913153885221,0.6108543057695599,0.6079965971926838,0.2523149920171739
2017-06-30,0.6089252256855733,0.6039444726595564,0.6111967128916282,0.6054444917056571,0.23248941359960743
2017-07-03,0.5958099131323455,0.590739800237007,0.5939907550077042,0.5890259464057847,0.4561347517925791
2017-07-05,0.5904445579969342,0.5892161841882513,0.593391542544085,0.5926839642705231,0.2299104385111281
2017-07-06,0.5961505706012604,0.5887083121719994,0.5965588084232152,0.5922586133560186,0.10207011926417381
2017-07-07,0.5893374212229603,0.5817673946165568,0.5842321520287621,0.5821352615908123,0.4104643495268039
2017-07-10,0.5828649293135753,0.579905197223633,0.5844889573703133,0.5837515950659292,0.1267715824977388
2017-07-11,0.5849088741270654,0.5815981039444728,0.5849169662728985,0.5850276478094427,0.2031655388641642
2017-07-12,0.5929994890137966,0.5863382427628239,0.593391542544085,0.5885155253083794,0.11200922876005609
2017-07-13,0.5915516947709079,0.5838835280176063,0.5916795069337443,0.5867290514674605,0.0875125451621247
2017-07-14,0.600068131493783,0.5941256136786863,0.5999828796438966,0.5948107188430454,0.16432427585019346
2017-07-17,0.6033043774484756,0.5964956830878619,0.6050333846944016,0.5992343683538919,0.13593306175019307
2017-07-18,0.6081587463805145,0.6032673099712207,0.6105975004280089,0.606210123351765,0.2272129188688968
2017-07-19,0.6097768693578609,0.6027594379549688,0.6102208525937338,0.6059549128030625,0.045779905674699806
2017-07-20,0.6075625958099133,0.6057220247164383,0.6087142612566341,0.6073160357294766,0.1543993476423907
2017-07-21,0.6167603474706185,0.612239715591671,0.6180534155110426,0.6159931943853679,0.3639136977291031
2017-07-24,0.6211888945665134,0.6138141188420518,0.6217257318952234,0.6164185452998724,0.06631142769498169
2017-07-25,0.6166751831033896,0.611647198239377,0.618387262455059,0.6131008081667374,0.18284223853972933
2017-07-26,0.6130982796797819,0.6186727611308618,0.6163328197226501,0.6212675457252231,0.2901151465519093
2017-07-27,0.626128427865781,0.6185881157948199,0.6225817497003938,0.6205019140791151,0.19172243263153857
2017-07-28,0.626554249701925,0.6246487218554257,0.6299435028248588,0.6281582305401955,0.23804067652362562
2017-07-31,0.6295350025549311,0.6242170306416117,0.6325971580208869,0.6286686516376009,0.07957432821540283
2017-08-01,0.6290240163515586,0.6270526493990183,0.6325115562403698,0.627817949808592,0.23657752556808218
2017-08-02,0.6296201669221599,0.6260369053665145,0.6316555384351994,0.6256911952360696,0.17036536688965706
2017-08-03,0.6279168795775849,0.6244286439817166,0.6313987330936484,0.6273075287111866,0.0949206848359716
2017-08-04,0.6250212910918074,0.6177331979007958,0.6220681390172915,0.6193109315185027,0.2954574993680378
2017-08-07,0.6204224152614548,0.6156255290333503,0.6238657764081494,0.6181199489578902,0.03681329292446431
2017-08-08,0.6254471129279511,0.6184188251227358,0.6199280945043657,0.6210974053594215,0.23012292836163992
2017-08-09,0.6339635496508262,0.6305231081767395,0.635250813216915,0.6334325818800509,0.3201440929014805
2017-08-10,0.6429909725770739,0.638056543084476,0.6461222393425783,0.6410888983411313,0.34775184820275806
2017-08-11,0.6443536024527339,0.6413577111901134,0.6461222393425783,0.6460229689493832,0.266401233340658
2017-08-14,0.6421393289047863,0.6363636363636365,0.6431689779147407,0.6386218630370054,0.17523643282135667
2017-08-15,0.6303866462272185,0.6278144574233961,0.6337356617017633,0.6306252658443215,0.20757876489333557
2017-08-16,0.630897632430591,0.6348400203148807,0.6343947954117446,0.638196512122501,0.2778985405481118
2017-08-17,0.6447794242888776,0.6394955137971898,0.6438109912686185,0.6434708634623564,0.2741617022979561
2017-08-18,0.6539771759495829,0.6473675300490944,0.6458654340010272,0.6418545299872392,0.5253924453478858
2017-08-21,0.6469085334695965,0.6426358557643475,0.6501455230268789,0.6457677584006806,0.1534193701525466
2017-08-22,0.647078862204054,0.63907228711698,0.6445814072932716,0.6410888983411313,0.19671057450463245
2017-08-23,0.6472491909385114,0.6401726764855258,0.6485190891970554,0.6450021267545724,0.1294962255744523
2017-08-24,0.6456310679611652,0.6397494498053158,0.6469782571477487,0.6417694598043385,0.09118398426822441
2017-08-25,0.6488673139158576,0.6429659725749113,0.6397877075843177,0.6455976180348787,0.4677337145116708
2017-08-28,0.6536365184806678,0.6574403250380905,0.6572504708097928,0.6621863037005528,0.4262695098267607
2017-08-29,0.6747572815533982,0.6670898933468767,0.6634565998972779,0.6598894087622288,0.35090693238270054
2017-08-30,0.662152955203543,0.6565092263416288,0.6643554185927067,0.6593789876648234,0.1891629625509356
2017-08-31,0.6642820643842617,0.6668359573387508,0.6676938880328711,0.6717992343683538,0.43894574560439736
2017-09-01,0.6764605688979732,0.6696292534281363,0.6725731895223421,0.6738409187579751,0.42936878673710865
2017-09-05,0.6819110884006134,0.6832571525308957,0.6849854476973121,0.6857507443641001,0.44019351537884965
2017-09-06,0.6877874297393971,0.6803792111054681,0.6848142441362779,0.6802211824755423,0.36015382062258516
2017-09-07,0.6896610458184298,0.6878280006771627,0.6920047936997089,0.69145044661846,0.3670588228814945
2017-09-08,0.6951541475046843,0.6876587100050788,0.6937168293100497,0.6900893236920459,0.3127042403795335
2017-09-11,0.682677567705672,0.676146944303369,0.6804913542201678,0.6749468311356869,0.31669629592098425
2017-09-12,0.6766308976324307,0.6731843575418996,0.679592535524739,0.67809442790302,0.281445698333437
2017-09-13,0.6797819792198945,0.6719993228373118,0.6758260571819894,0.670012760527435,0.2876942308684327
2017-09-14,0.6734798160449669,0.6719146775012697,0.6768532785481938,0.6746916205869841,0.14134081371037752
2017-09-15,0.6762902401635156,0.6681056373793803,0.6750556411573361,0.6693321990642279,0.2516447081582701
2017-09-18,0.6653892011582354,0.6576942610462164,0.6626861838726246,0.6593789876648234,0.3042514583779654
2017-09-19,0.6635155850792029,0.6567631623497547,0.6632425954459853,0.6615908124202466,0.1660467745692881
2017-09-20,0.6651337080565494,0.660233621127476,0.6557096387604862,0.6530837941301574,0.42206468906998107
2017-09-21,0.647078862204054,0.6433891992551211,0.6500599212463618,0.6450871969374733,0.25463466523623823
2017-09-22,0.6510815874638052,0.6460978500084646,0.65386920047937,0.6498511271799233,0.17464701443040145
2017-09-25,0.6489524782830864,0.6568478076857966,0.6519431604177366,0.6608251807741387,0.36850747129000516
2017-09-26,0.6556804632941577,0.649652954122228,0.6535695942475603,0.6490004253509144,0.2958856916585939
2017-09-27,0.6426503151081588,0.63864906043677,0.6448382126348227,0.6391322841344108,0.21550954698999633
2017-09-28,0.6426503151081588,0.638352801760623,0.6444102037322377,0.6410888983411313,0.17191617564530368
2017-09-29,0.6447794242888776,0.6368715083798884,0.6420133538777606,0.6357294768183751,0.3672008193388344
2017-10-02,0.6352410151592576,0.6287455561198578,0.6350796096558808,0.6288387920034028,0.4379331373837295
2017-10-03,0.6314086186339636,0.6267140680548502,0.6347714432460194,0.6293492131008079,0.06982402719576364
2017-10-04,0.6355816726281724,0.628153038767564,0.6348228043143296,0.6322415993194385,0.19549236055387978
2017-10-05,0.6350706864247999,0.627899102759438,0.632126348228043,0.6267120374308802,0.18348315015147817
2017-10-06,0.6274910577414412,0.6276451667513121,0.6268960794384524,0.6315610378562312,0.35817353454056944
2017-10-09,0.6392437404190088,0.6350093109869648,0.6420219140558123,0.6399829859634197,0.13920880161415183
2017-10-10,0.6475898484074265,0.6405874386321315,0.6489470980996404,0.6427052318162484,0.3262444791648883
2017-10-11,0.6471640265712826,0.6417809378703234,0.6461222393425783,0.6460229689493832,0.157829016439096
2017-10-12,0.649463464486459,0.6430929405789743,0.6501455230268789,0.6468736707783921,0.03692288812166131
2017-10-13,0.6564469425992165,0.6500761808024378,0.6573360725903099,0.654785197788175,0.21122390665940435
2017-10-16,0.6578095724748765,0.6510072794988997,0.650744735490498,0.6475542322415991,0.2750692588409087
2017-10-17,0.64256515074093,0.6370407990519722,0.6435541859270673,0.6404083368779242,0.2217123689653571
2017-10-18,0.6398398909896099,0.6338242762823769,0.6420133538777606,0.6364951084644831,0.06688386525555048
2017-10-19,0.644012944983819,0.6389876417809379,0.6468156137647663,0.6426201616333475,0.15401847220623574
2017-10-20,0.6395843978879239,0.6341628576265448,0.6406437253894881,0.6359846873670777,0.28797211986300053
2017-10-23,0.6336228921819111,0.633485694938209,0.6369628488272556,0.6376010208421946,0.13139018478631415
2017-10-24,0.6359649122807018,0.6318774335534112,0.6371340523882898,0.6336027222458528,0.13190520878252218
2017-10-25,0.6364333163004601,0.6308616895209076,0.6359356274610513,0.6337728626116544,0.09527847552162816
2017-10-26,0.6351558507920287,0.6272219400711021,0.630628317068995,0.6250957039557633,0.1927624396515056
2017-10-27,0.628513030148186,0.6257829693583883,0.6305427152884779,0.6299447043811143,0.20454901759929975
2017-10-30,0.6332822347129963,0.6298459454884036,0.6355932203389829,0.6319013185878347,0.13359461782943133
2017-10-31,0.6322602623062512,0.6245132893177587,0.6319979455572675,0.6279880901743938,0.07821700913788968
2017-11-01,0.6336228921819111,0.6305231081767395,0.6358928265707926,0.6317311782220331,0.11204520976282092
2017-11-02,0.6362629875660026,0.6339935669544607,0.637733264851909,0.6324117396852401,0.14511707502351157
2017-11-03,0.6368591381366038,0.6295073641442357,0.6303201506591336,0.6275627392598894,0.18923708158086575
2017-11-06,0.6314086186339636,0.6330624682579991,0.6345659989727788,0.6363249680986814,0.21782201482968042
2017-11-07,0.6350706864247999,0.6284916201117319,0.6367060434857046,0.632581880051042,0.08986682255986844
2017-11-08,0.6418838358031,0.6364482816996784,0.6423557609998287,0.6361548277328796,0.15411292233849347
2017-11-09,0.6410321921308124,0.6378026070763501,0.6435541859270673,0.6404083368779242,0.17743549625054086
2017-11-10,0.6422244932720151,0.6352632469950907,0.636748844375963,0.6319013185878347,0.22460461742739865
