moving_avg_Open,exp_moving_avg_Open,moving_avg_Close,exp_moving_avg_Close,moving_avg_Low,exp_moving_avg_Low,moving_avg_High,exp_moving_avg_High,moving_avg_Volume,exp_moving_avg_Volume,Open,Close,Low,High,Volume
,0.0,,0.0017864738409187,,0.0,,0.0005925173522939,,0.0677258390779023,0.0,0.0017864738409187,0.0,0.0005925173522939,0.0677258390779023
,0.0014307613694429999,,0.00199064227988086,,0.0014381099126861401,,0.0011003893685457798,,0.04749753961535934,0.002384602282405,0.0021267545725223,0.0023968498544769,0.0014389707127137,0.0340120066403307
,0.004060995616276231,,0.003223712194139074,,0.004041305111777873,,0.0032254328049682044,,0.038492240523805295,0.0069834781127576,0.0045937898766482,0.0069337442218798,0.0055865921787709,0.0284863526443008
,0.005734837467080685,,0.0018846317442659203,,0.0033226660345304073,,0.003924939120469838,,0.05537466793650792,0.0080906148867314,0.0,0.0023112480739599,0.0049094294904351,0.0791351213321635
0.00401975813319706,0.0045468085157909215,0.00199064227988088,0.001716321178242184,0.00241397021058036,0.002211446945963764,0.00250550194684272,0.0024182089367823646,0.0457829346876876,0.041624125521275014,0.0026400953840913,0.0014461931093152,0.0004280089025852,0.0,0.0195553537437407
0.00461590870379832,0.003974550581871128,0.0019906422798808806,0.0017419559106187155,0.0030131826741996,0.002498156021795617,0.0026070763500930802,0.0019366598313966363,0.04219125959026812,0.044599811462471654,0.0029807528530063,0.0017864738409187,0.0029960623180962,0.0011003893685457,0.0497674635908049
0.005007664793050599,0.004105137582849153,0.00170140365801784,0.001366163510345249,0.00311590481082006,0.002644134648316371,0.00257321821567628,0.0017005120570065945,0.03577617723507652,0.029494670665961637,0.0043433827286664,0.0006805614632071,0.0029104605375792,0.0012696800406297,0.0019365948643727
0.0050076647930506,0.005103540554920488,0.00134410888983408,0.001866052578230283,0.00267077555213148,0.0033600565664168615,0.00206534619942438,0.0021676455587645656,0.0324497702447754,0.023375804376934674,0.0069834781127576,0.0028073160357294,0.0047080979284369,0.0030472320975114,0.0118543176927952
0.004598875830352579,0.005426313116065074,0.0029264142917906797,0.003935029561455852,0.00335558979626776,0.004172956193973095,0.0023023531403419195,0.0035115429596560307,0.01799036370001458,0.017716008166115085,0.0060466700732413,0.007911527009783,0.0057353192946413,0.0060944641950228,0.0068380886083594
0.00688128087208312,0.008352323776357555,0.005410463632496741,0.007303921383568776,0.00604348570450264,0.007461495242185894,0.00487557135601822,0.006684754000084697,0.03212667552607066,0.04231624887900976,0.014052120592744,0.0138664398128455,0.0138674884437596,0.0128660910783815,0.0902369128740211
0.00987906659853516,0.011595605321959553,0.008694172692471221,0.010980121256019338,0.00878274268104776,0.010574434649638203,0.00797359065515486,0.010025284561914581,0.02381341169848868,0.03081154124928229,0.0179696814852665,0.0182050191407911,0.0166923472008218,0.0165904858642289,0.008201144452895
0.01309827967978194,0.0145664502579768,0.01276052743513392,0.014350166671022872,0.012138332477315519,0.013636022995347954,0.011579481970543381,0.01314057923637551,0.028871863388209795,0.029608036105870594,0.0204394481349003,0.0210123351765206,0.019688409518918,0.0192991366175723,0.0272288533129783
0.01679441321750976,0.01821777679865384,0.01721820501914072,0.017950511838061275,0.0160417736688923,0.017184013688411454,0.01591332317589296,0.01701912774418215,0.02721141354123004,0.02087785587308588,0.0254641458013967,0.0250957039557634,0.0242253038863208,0.0247164381242593,0.0035520684578964
0.02078010560381534,0.020812449887307342,0.02128455976180342,0.02139323446936986,0.02008217770929634,0.020111818114974003,0.020162519045200562,0.020471392031092824,0.02907196182195308,0.01929341978688066,0.0259751320047692,0.0282433007230965,0.0259373394966615,0.0273404435415608,0.0161408300119746
0.024442173394651663,0.02467126532292547,0.02538494257762648,0.02572817379690436,0.02357473035439136,0.02385985520224933,0.02417470797359062,0.024632776440721402,0.01366254665827348,0.01725423540954678,0.0323624595469256,0.0343683538919608,0.0313302516692347,0.0329270357203318,0.0131898370556231
0.0287514903764265,0.029627144035570728,0.029349213100808104,0.02983382371774032,0.02802602294127716,0.028897175859202588,0.02837311664127302,0.028955942450541193,0.01269785191577722,0.012621661042021172,0.0395162663941407,0.0380263717566992,0.0389488101352508,0.0375825292026409,0.0033776707404137
0.03277124850962358,0.03326787081324467,0.03373883453849418,0.03421380877305612,0.032152028762198234,0.03270813141181094,0.032791603182664594,0.033105362901110116,0.01496043282943402,0.021270471511756164,0.0405382388008857,0.042960442364951,0.0403184386235234,0.0413915693245302,0.0385417578812623
0.03743825583375916,0.03844848008764398,0.03816248404934062,0.03855012380733913,0.036688923129601106,0.03744521814891395,0.03773489080751648,0.03855155245714053,0.04799411416882318,0.07045375207572986,0.0487991824220746,0.0472139515099956,0.0469097757233351,0.0494328762485187,0.1687204751548422
0.04358712314767502,0.044541558128002055,0.04222883879200332,0.04189328209229533,0.04126005820921076,0.04122952413808195,0.043609277128830184,0.04460789199311157,0.09340544403586419,0.12806098071654426,0.0567194685743485,0.04857507443641,0.0487930148947098,0.0567123751481293,0.2431974793471797
0.04668710611480158,0.04564882986786723,0.0435219055720969,0.041539977743596496,0.0435713062831707,0.04178201292094401,0.04746910445234464,0.047148082682850895,0.1270779717508741,0.14589684277614767,0.0478623743825584,0.0408336877924287,0.0428864920390344,0.0522261723379041,0.1815524756306726
0.046227218531766326,0.042837599126464086,0.04187154402381958,0.03761738674381227,0.042116076014381096,0.03841155248169636,0.04696123243609274,0.04311230237915969,0.1703478812237726,0.1705119028550865,0.0372168284789644,0.0297745640153126,0.0316726587913028,0.0350431691213814,0.2197272181049062
0.04476239141543178,0.03962933835028547,0.03904721395150992,0.03469079733731572,0.04014723506248928,0.035765425935334556,0.0449974606399187,0.03926525751548374,0.18579125804822513,0.1522583761896277,0.033214103219213,0.0288387920034027,0.0304742338640643,0.03157271034366,0.115758642003525
0.041372849599727465,0.03703648564578385,0.03511697150148868,0.03231456624460564,0.0365519602807738,0.0334878816217055,0.041086846114779016,0.0361364940967945,0.15646949444304614,0.10887227059298873,0.031851473343553,0.0275627392598894,0.0289334018147577,0.0298798036228203,0.0221116571289472
0.03645034917390562,0.035393214963411704,0.0291280306252658,0.02775289653709386,0.030987844547166542,0.02931581865617052,0.03539867953275768,0.03351468773353691,0.12721290051124226,0.10488611350092393,0.0321069664452393,0.0186303700552956,0.0209724362266735,0.0282715422380226,0.0969145096881603
0.031204224152614497,0.03080587806600555,0.025248830284985056,0.025647743019845105,0.02626262626262622,0.02596387989898343,0.028999492127983695,0.029086361555895713,0.10696716127695102,0.09669834456728109,0.0216317492761028,0.021437686091025,0.0192604006163328,0.0202302353140342,0.0803237794592165
0.028751490376426436,0.02885492040196159,0.0248915355168013,0.026427879334733492,0.024927238486560484,0.02564115138248963,0.027475876079227978,0.028532589376093563,0.06998933787428267,0.07607771899493938,0.0249531595980241,0.0279880901743938,0.0249957199109741,0.0274250888776028,0.0348381010915644
0.02810424118548794,0.029229239277847475,0.02468736707783916,0.026891244315014898,0.02487587741825028,0.02716660394523873,0.0269172168613509,0.028614865783629834,0.0530002465432995,0.06098927554195393,0.0299778572645205,0.027817949808592,0.0302174285225133,0.0287794142542746,0.0308131853486091
0.028666326009197718,0.031040146588386563,0.025623139089748982,0.028674716910359086,0.02585173771614448,0.029381996393570316,0.027103436600643283,0.029346886551685863,0.06874836043198493,0.07427708180406593,0.0346618974621019,0.0322415993194385,0.0338127033042287,0.0308109023192822,0.1008522265723744
0.03064213932890476,0.03468880394899162,0.029757549978732385,0.032217313819446335,0.029583975346687198,0.03279923245399221,0.0291518537328593,0.03240249090372551,0.07556822906828108,0.0931894867709086,0.0419860330437745,0.0393024245002126,0.0396336243793871,0.0385136278991027,0.131013852869641
0.03466189746210184,0.03703606152119516,0.033330497660569905,0.034579029696274535,0.033213490840609476,0.03433548900970016,0.0327577450482478,0.03435490141481563,0.06938445315943492,0.07859454837160995,0.0417305399420882,0.0393024245002126,0.0374079780859442,0.0382596918909767,0.0494048999149857
0.0375234202009879,0.037777634689864614,0.03578051892811562,0.03646542519337837,0.036123951378188655,0.036073006246968464,0.03516167259184014,0.03605151570706846,0.06636094746791951,0.05896982156252534,0.0392607732924544,0.0402381965121224,0.03954802259887,0.0394447265955645,0.0197205726339874
0.04125361948560722,0.0413947160728591,0.0408847299021692,0.04208996472520923,0.03980482794042114,0.04025595097118392,0.03976637887252406,0.041302004526965155,0.08223022187611921,0.07603310638784264,0.0486288536876171,0.0533390046788599,0.0486218113336757,0.0518029456576942,0.1101595573896076
0.045034917390563776,0.045452612647850256,0.0454104636324967,0.04635007238994004,0.04343434343434342,0.044157400267307516,0.04423565261554082,0.045253766135746894,0.09034614091812868,0.09783271187107703,0.0535683869868847,0.054870267971076,0.0519602807738401,0.053157271034366,0.1414318217824217
0.04682336910236756,0.047277840846409284,0.04689068481497226,0.0464678918521943,0.04500941619585686,0.04527459739139505,0.046114779075672865,0.0461389317355987,0.11421935267605951,0.14868183084897466,0.0509282916027934,0.0467035304125904,0.0475089881869543,0.0479092601997629,0.2503799116592952
0.049650826094362124,0.05014117083138462,0.05071884304551246,0.05045966919383301,0.04863893168977912,0.048701585799638854,0.049991535466395745,0.04997378173889013,0.12658506872830463,0.136199038718686,0.055867824902061,0.0584432156529136,0.0555555555555555,0.0576434738445911,0.1112334801762114
0.05351728836654744,0.052958476728594876,0.05585708209272642,0.05561624573951153,0.052302687895908216,0.051756659808335846,0.05552734044354153,0.05569044093701214,0.15190302789317092,0.139569483508358,0.058593084653381,0.0659293917481922,0.0578668036295155,0.0671237514812934,0.1463103684583186
0.056361778231987736,0.05625608649719007,0.057456401531263246,0.0575226983654238,0.05492210237972948,0.05507740213673253,0.05755882850854917,0.05778042325683861,0.1619455827720021,0.1465037683833598,0.0628513030148186,0.061335601871544,0.061718883752782,0.0619603859827324,0.1603723317837637
0.05869528189405552,0.059249360039620516,0.059549128030625245,0.06012643292939849,0.05740455401472348,0.05817578170456513,0.0599796851193499,0.060274134041448095,0.1520498891289458,0.12832029307789086,0.0652359052972236,0.065333900467886,0.0643725389488101,0.0652615540883697,0.0919533535671401
0.06150570601260432,0.06115971101741117,0.06310506167588256,0.06157868836289934,0.0606745420304742,0.06007016414859819,0.0632300660233621,0.061569811110007165,0.11479486514375233,0.10691512305928412,0.0649804121955374,0.064483198638877,0.0638589282657079,0.0641611647198239,0.0641047917333278
0.0639073411684551,0.06339847444118109,0.06603147596767327,0.06541088829246408,0.06319123437767502,0.0627597821061616,0.06609107838158115,0.06502938626477635,0.11219083185691892,0.10401451969121357,0.0678760006813149,0.0730752871118672,0.0681390172915596,0.0719485356356864,0.0982133137420444
0.0669562255152444,0.06687815196635932,0.06715440238196506,0.06745526692478572,0.06613593562746102,0.0660366248944897,0.06758083629592007,0.06821043805263827,0.10976945723208054,0.11407751217890075,0.0738375063873275,0.0715440238196511,0.0725903098784455,0.0745725410529879,0.1342034953341267
0.06811446090955542,0.0674662613300029,0.06717141641854524,0.06544373522048619,0.06656394453004619,0.06531072598905192,0.06817335364821392,0.06711461623911336,0.09931018359673807,0.11207699590787445,0.0686424799863737,0.0614206720544449,0.0638589282657079,0.0649229727442017,0.1080759636070514
0.06934082779764944,0.06876675416741498,0.06897490429604416,0.0684129368450148,0.06807053586714602,0.0675089825963763,0.06976468596580322,0.06914914943936573,0.10923157795605501,0.12190477265650657,0.0713677397376937,0.0743513398553806,0.0719054956343092,0.0732182156763162,0.1415603253637248
0.07259410662578773,0.0729267716313352,0.07028498511271793,0.06928649215303055,0.06979969183359011,0.06917422445997529,0.073082783138649,0.07301664989001805,0.14322628250704608,0.15929595393506388,0.0812468063362289,0.0710336027222458,0.0725047080979284,0.0807516505840528,0.2340783144882831
0.07436552546414579,0.07419554606036895,0.07084644831986384,0.07148519584407138,0.07108371854134564,0.07096919993813984,0.0736583714237345,0.07361992562090137,0.14893826669596544,0.14845504738981327,0.0767330948731051,0.0758826031475967,0.0745591508303372,0.0748264770611139,0.1267732346866412
0.07479134730028955,0.0747859025676153,0.07164610803913221,0.0728375713787827,0.0714946070878274,0.07219438417210554,0.07342136448281693,0.07354245252945252,0.1332305396471181,0.11752498471093126,0.0759666155680463,0.0755423224159931,0.0746447526108543,0.0733875063484001,0.05566486008989
0.07748254130471809,0.07722341839415105,0.0751680136112292,0.07490178090175782,0.07445642869371681,0.07435226822454395,0.07646859658032838,0.07574801277522891,0.18320191088496923,0.19766093016355815,0.0820984500085164,0.0790301999149298,0.078668036295155,0.0801591332317589,0.3579328197963071
0.07845341509112587,0.07688964848483379,0.07566142067205439,0.0755406456565951,0.07500428008902585,0.07444976302032477,0.07680717792449632,0.07546904931488685,0.1741699448848139,0.16390745177758095,0.0762221086697326,0.0768183751595065,0.0746447526108543,0.0749111223971559,0.0964004953629482
0.07818088911599387,0.0778878244790937,0.07639302424500205,0.07525763729939236,0.07577469611367917,0.07508543808877693,0.07618080243778563,0.07618595726177756,0.14644070780506882,0.14108234416121063,0.0798841764605689,0.0746916205869842,0.076356788221195,0.0776197731504994,0.0954321290895576
0.07882813830693236,0.07858166326308316,0.07794130157379832,0.07804642146782798,0.07695600068481426,0.07687884995733485,0.0775351278144574,0.07799000615883862,0.13726830574820378,0.12102530421012306,0.0799693408277976,0.083623989791578,0.0804656736860127,0.0815981039444727,0.080911224402316
0.08065065576562763,0.08074750979816084,0.07959166312207566,0.07996232436634843,0.07911316555384354,0.07972942562653723,0.07976976468596578,0.08018023434349641,0.1518874238868698,0.12360368640385122,0.0850792028615227,0.0837941301573798,0.0854305769560007,0.084560690705942,0.1287604507832201
0.0816215295520354,0.08281594618040072,0.08054444917056566,0.08123959296424918,0.07969525766135936,0.08034578269569914,0.08039614017267646,0.08121715978482448,0.10319925269660171,0.1205664455487726,0.0869528189405552,0.0837941301573798,0.0815784968327341,0.0832910106653123,0.1144919638449666
0.08419349344234367,0.08490460682832905,0.08241599319438533,0.0828850937364657,0.08209210751583633,0.08244018909251907,0.0827492805146436,0.0830370478930592,0.1106120735723389,0.12486583028172439,0.089081928121274,0.0861760952786048,0.0866290018832392,0.0866768241069916,0.1334645997416343
0.08608414239482196,0.08638221162699722,0.08389621437686087,0.08262097132401594,0.08342749529190209,0.0826380350955819,0.0843914000338581,0.08396815551118522,0.11766692018587485,0.1268126742408318,0.0893374212229603,0.0820927264993619,0.0830337271015237,0.0858303707465719,0.1307063621572373
0.08742973939703623,0.08648724969764283,0.08396427052318156,0.08306873772383028,0.08462592021914056,0.08391128950471925,0.08515320805823594,0.08444781836300985,0.11294900298660673,0.10364899562442903,0.086697325838869,0.0839642705231815,0.0864577983222051,0.0854071440663619,0.0573216384059754
0.08625447112927949,0.08405912030567386,0.08039132284134404,0.07735562239783098,0.08085944187639102,0.07814025474976924,0.08324022346368712,0.0812971348193054,0.1605513189148643,0.19135667390319808,0.0792028615227389,0.0659293917481922,0.066598185242253,0.0749957677331979,0.3667720304245079
0.08269460057911768,0.07909056893324191,0.07720969800085062,0.07419908358323514,0.07800034240712206,0.07452116966164372,0.0801591332317589,0.0768266097143503,0.16675161671273514,0.17606893354550238,0.0691534661897462,0.0678860059549127,0.0672829994863893,0.0678855595056712,0.1454934528343208
0.08044626128427865,0.0786737898378287,0.07584857507443632,0.07592288260444001,0.07608286252354046,0.07536131392959096,0.0787201625190452,0.07771172999076206,0.16844969975138221,0.1646976273412623,0.0778402316470788,0.0793704806465333,0.0770416024653312,0.0794819705434231,0.1419550149348697
0.07818088911599386,0.07845271335238892,0.07293917481922578,0.07313049681061581,0.072949837356617,0.07269707637525408,0.07624851870661926,0.07629853722193113,0.16179046059171487,0.14226847367956008,0.0780105603815364,0.0675457252233092,0.0673686012669064,0.0734721516844422,0.0974101663589006
0.0745699199454948,0.07518263556362825,0.06783496384517221,0.06823473642458193,0.06764252696456084,0.06843846637069499,0.07243947858472997,0.07298633930016916,0.17709799077307567,0.13946541222389025,0.0686424799863737,0.0584432156529136,0.0599212463619243,0.0663619434569155,0.1338592893127793
0.07126554249701925,0.07101541513579697,0.06764780944279025,0.06715436419512916,0.0665297038178394,0.06597033408330051,0.07008633824276282,0.06973424820784119,0.1166379736527271,0.11446758975639529,0.0626809742803611,0.0649936197362824,0.0610340695086458,0.0632300660233621,0.0644719448227651
0.07058422755918922,0.06925924059070879,0.06582730752871112,0.06436407492489142,0.06468070535867144,0.06332622511901823,0.06876587100050786,0.06691723990332554,0.11147488333251639,0.11620439358204025,0.0657468915005961,0.0587834963845171,0.0580380071905495,0.0612832232943964,0.1196780012332672
0.06666666666666667,0.06559030278859829,0.06300297745640149,0.06465899337825835,0.06103406950864578,0.06182029115106765,0.06553241916370404,0.06571639705534202,0.11414041476183052,0.1292304864152786,0.058252427184466,0.0652488302849851,0.0588084232152029,0.063314711359404,0.1552826720814404
0.06484414920797137,0.06669285955509145,0.06329221607826452,0.06610330169638813,0.061342235918507106,0.06418333853946212,0.0646182495344506,0.06677803254962537,0.11045511562660455,0.11248154783768598,0.06889797308806,0.0689919183326244,0.068909433316213,0.068901303538175,0.0789836706827707
0.0656957928802589,0.06876213915267214,0.06567418119948952,0.06751988155061003,0.06382468755350112,0.06690006053861594,0.06536312849162006,0.06788080111400847,0.09420583777083733,0.09252533190303362,0.0729006983478113,0.0703530412590386,0.0723335045368944,0.0700863382427628,0.0526129000339433
0.06745017884517118,0.0696590608034244,0.0671203743088047,0.06908811612802987,0.06584488957370313,0.0683117335622993,0.06675131200270859,0.0686441952689424,0.09627382754709239,0.08662085250335512,0.0714529041049225,0.0722245852828583,0.0711350796096559,0.0701709835788048,0.0748118937040404
0.06877874297393968,0.07056927791709729,0.06861760952786045,0.06814863491195035,0.0679335730183188,0.0683682971794089,0.06812256644658873,0.06847596201722704,0.07438507823756967,0.061158653230747415,0.0723897121444387,0.0662696724797958,0.0684814244136278,0.0681394955137971,0.0102342546856536
0.07182762732072899,0.07154513491753674,0.07052318162484045,0.07035798686459761,0.07068995035096733,0.06977563474575593,0.07010326730997117,0.07005671323692511,0.0683086946073839,0.08240602013069133,0.0734968489184125,0.0747766907698851,0.0725903098784455,0.0732182156763162,0.1249007539305115
0.07283256685402827,0.0723376468632105,0.07096554657592509,0.07063990560574782,0.07139188495120699,0.07065679193630837,0.07030641611647194,0.07001015801484296,0.053295804780296475,0.05624375393622025,0.0739226707545563,0.0712037430880476,0.0724191063174114,0.0699170475706788,0.0039192215473336
0.07332652018395502,0.07334858624128918,0.07258188005104206,0.07323817328204092,0.07190549563430919,0.0720717139416747,0.0715422380226849,0.07209525460117215,0.053968612816690166,0.056154816029450695,0.0753704649974451,0.0784347086346235,0.0749015579524054,0.0762654477738276,0.0559769402159117
0.0751149718957588,0.07569744504884066,0.07387494683113563,0.07505542191580325,0.07372025338127033,0.07478409874260453,0.07335364821398335,0.07447284791254788,0.057917344293587324,0.06895506104914656,0.0803951626639414,0.0786899191833262,0.0802088683444616,0.0792280345352971,0.0945555510885262
0.0769374893544541,0.0776323965118659,0.07744789451297314,0.07808175157353058,0.07618558466016094,0.07679209276443037,0.07624851870661922,0.07718651460069129,0.07106876795722811,0.07130049836738403,0.0815022994379152,0.0841344108889833,0.0808080808080808,0.0826138479769764,0.0759913730038575
0.07910066428206439,0.07985917219339887,0.07853679285410457,0.07879489520753459,0.07818866632425954,0.07872996790926669,0.07765363128491616,0.07820560258972796,0.054318326134379105,0.061249847183676785,0.0843127235564639,0.0802211824755423,0.0826057181989385,0.0802437785678009,0.0411485448162665
0.08105944472832566,0.0811449724575536,0.07855380689068474,0.07629286789533896,0.07810306454374251,0.07648367774445299,0.07956661587946504,0.07863105857429305,0.08314535095154146,0.090184680000169,0.0837165729858627,0.0712888132709484,0.0719910974148262,0.0794819705434231,0.1480543456331454
0.08088911599386814,0.07893625541342143,0.07664823479370474,0.07383086131346699,0.07681903783598698,0.07381625996751108,0.07831386490604367,0.07575460335176878,0.09195243568441647,0.09346057462687511,0.0745188213251575,0.0689068481497235,0.0684814244136278,0.0700016929067208,0.1000123638802867
0.07780616590018734,0.07428430767412657,0.07302424500212669,0.06941056428412311,0.07277863379558293,0.06921312269248764,0.07467411545623834,0.07084616466326915,0.11440751863439609,0.13125070503072642,0.0649804121955374,0.0605699702254359,0.0600068481424413,0.0610292872862705,0.2068309658384243
0.07516607051609604,0.07229014595523722,0.06877073585708204,0.06722933124400206,0.06959424756034924,0.06777079833896252,0.0712205857457254,0.06901284291698329,0.11383108828397966,0.11187021043774222,0.0683018225174587,0.0628668651637601,0.0648861496319124,0.0653461994244117,0.0731092212517754
0.06961335377278147,0.0670431439167884,0.06460229689493827,0.06461255005094245,0.06437253894881012,0.06401292393972258,0.06686981547316742,0.0655052043463258,0.1449188582493516,0.1401092718395374,0.056549139839891,0.0593789876648234,0.0564971751412429,0.058489927205011,0.1965873946431262
0.0656617271333674,0.0660149092074564,0.06303700552956185,0.06422915218198375,0.0625920219140558,0.06370478670683326,0.06350093109869644,0.06454931912123993,0.11732363204725109,0.09676558610057202,0.0639584397887924,0.0634623564440663,0.0630885122410546,0.0626375486710682,0.0100782146226428
0.06378811105433488,0.06572685311496923,0.0629008932369204,0.06556153035016127,0.06199280945043656,0.06429831183639938,0.06294227188081934,0.06543567835327173,0.10159387581303751,0.07163158497012077,0.0651507409299949,0.0682262866865163,0.0654853620955316,0.0672083968173353,0.0213635827092189
0.0658320558678249,0.06888461416430867,0.06485750744364094,0.06715870065312039,0.06442390001712037,0.06691964154955303,0.06492297274420175,0.06726804943657537,0.0831894093222739,0.08602393444161599,0.0752001362629875,0.0703530412590386,0.0721623009758603,0.0709327916031826,0.1148086333846062
0.06676886390734116,0.07025169701455246,0.06672905146746058,0.06884732886303305,0.065040232836843,0.06726903227654389,0.06587100050787198,0.06820747903863784,0.07899468527545381,0.07472782330030225,0.07298586271504,0.0722245852828583,0.0679678137305256,0.0700863382427628,0.0521356010176749
0.0702776358371657,0.07153213117270625,0.06892386218630361,0.06934923299503491,0.06808765622324944,0.06875745220878762,0.06817335364821393,0.06880555032799884,0.03995070786197756,0.050274384725449775,0.0740929994890138,0.0703530412590386,0.0717342920732751,0.0700016929067208,0.001367507575745
0.07133367399080222,0.07076763096746247,0.06980859208847291,0.06886149064832751,0.06890943331621298,0.06823743404114918,0.06956153715930248,0.0690631889608362,0.05916291114950304,0.06889600017038995,0.0692386305569749,0.0678860059549127,0.0671973977058723,0.0695784662265109,0.1061392310602702
0.07155510134559695,0.06926437987963117,0.0695193534666099,0.06816769162461875,0.0689779147406266,0.06743421243329935,0.06930760115117654,0.06802169823279267,0.07136249042877786,0.07338449314879096,0.0662578777039686,0.0667800935772012,0.0658277692175997,0.0659387167767056,0.082361479105593
0.07111224663600746,0.07050487415810079,0.07052318162484043,0.07056918843314297,0.06918335901386748,0.06935264906955446,0.06996783477230403,0.07009245205813512,0.06289410442090866,0.07307856321428072,0.07298586271504,0.0753721820501914,0.0731895223420647,0.07423395970882,0.0724667033452602
0.07286663260091975,0.07425584695193432,0.07230965546575921,0.07409844378457935,0.07207669919534326,0.07371327092567115,0.07201625190452002,0.07350444267337101,0.06968368292732623,0.07741353999277471,0.0817577925396014,0.0811569544874521,0.0824345146379045,0.0803284239038428,0.0860834935497627
0.07504684040197578,0.07783524413272089,0.073908974904296,0.0755155086736271,0.07377161444958055,0.07587847006526796,0.07421703064161163,0.07600482397964027,0.08054957860922038,0.07017468865692174,0.084994038494294,0.0783496384517226,0.0802088683444616,0.0810055865921788,0.0556969859852158
0.07782319877363311,0.0795969702269011,0.07772011909825602,0.07932424809065566,0.07693888032871084,0.07826355574401987,0.07738276620958182,0.07913893067521414,0.08989637838356808,0.09774086908195072,0.0831204224152615,0.0869417269247128,0.0830337271015237,0.0854071440663619,0.1528732299320087
0.08398909896099471,0.08542710636485963,0.08435559336452568,0.08620198702995362,0.08305084745762711,0.08430490545007362,0.08390045708481461,0.08560167750109926,0.10710209003731923,0.12129059184608337,0.0970873786407767,0.0999574649085495,0.0963876048621811,0.0985271711528695,0.1683900373743487
0.08896269800715381,0.08956935689185158,0.08842194810718837,0.08936930994113734,0.08726245505906524,0.08761912374980085,0.08809886575249701,0.08880978601647688,0.11895379176435228,0.12476879855753076,0.0978538579458355,0.0957039557635048,0.0942475603492553,0.0952260030472321,0.1317252119804255
0.0931187191279169,0.09389220397570665,0.0919608677158655,0.09253005747103749,0.09106317411402158,0.09222545247076264,0.09212798374809548,0.09269786197159628,0.12678883869294227,0.12493210843592473,0.1025378981434168,0.0988515525308378,0.1014381099126862,0.1004740138818351,0.1252587281927127
0.09632089933571795,0.09626311582823753,0.09582305401956603,0.0942402283041001,0.09493237459339153,0.0946685918942789,0.09573387506348399,0.09481025570410462,0.14216062066495455,0.12747337090570887,0.1010049395332993,0.0976605699702253,0.0995548707413114,0.0990350431691213,0.1325558958452772
0.10023846022824053,0.09841148617811646,0.09852828583581444,0.09631611420471835,0.09792843691148775,0.0957837408268542,0.09837480954799388,0.09607744263237354,0.15246936153362775,0.15312122536226414,0.1027082268778743,0.1004678860059548,0.0980140386920048,0.0986118164889114,0.2044169342753747
0.10192471469936981,0.10078054111755201,0.09968524032326657,0.09945815525174896,0.09970895394624207,0.09895255722988704,0.09945826984933129,0.09869978597476786,0.15034629879395708,0.15467239146684122,0.1055186509964231,0.1057422373458102,0.1052901900359527,0.1039444726595565,0.1577747236759954
0.1029466871061148,0.1015082674048882,0.10051892811569534,0.09959623507638217,0.10083889744906696,0.09926746410771788,0.10032165227695951,0.09898082904496963,0.13520674115101386,0.12179073556646391,0.1029637199795606,0.0998723947256486,0.0998972778633796,0.0995429151853732,0.0560274237657093
0.10441151422244935,0.10429285617828861,0.10244151424925554,0.10255231778380104,0.10178051703475433,0.1015603786855196,0.10154054511596407,0.10151004538893238,0.12370108121077536,0.10377063320814939,0.1098620337250894,0.1084644831986388,0.1061462078411231,0.1065684780768579,0.0677304284915203
0.10625106455459035,0.10626280118352721,0.10359846873670771,0.10284999265836274,0.1031843862352337,0.10323165803824914,0.10338581344167933,0.10376049185852078,0.12304846659430076,0.11227802972640095,0.1102026911940044,0.1034453424074861,0.1065742167437082,0.1082613847976976,0.1292928227629041
0.10763072730369612,0.10737738099681916,0.10490854955338147,0.10423942513534969,0.10515322718712546,0.10477385317598732,0.10507872016251903,0.10486577793671714,0.09596725471741233,0.0978556447812448,0.1096065406234031,0.1070182900893236,0.1078582434514637,0.1070763500931099,0.0690108748909325
0.10790325327882815,0.10721201428857385,0.1052828583581454,0.10536421054677643,0.10518746789933228,0.10500303331632048,0.10551887590993733,0.10529226909002747,0.069977405398876,0.07451225554860114,0.1068812808720832,0.1076137813696299,0.1054613935969868,0.1061452513966481,0.0278254770833138
0.11081587463805145,0.11065028511760827,0.10953636750319007,0.11062278718147493,0.10857729840780683,0.10895083234613112,0.10971728457761976,0.11037316556794674,0.0942627464997001,0.10882621345567738,0.1175268267756771,0.1211399404508719,0.1168464304057524,0.1205349585237853,0.1774541292698298
0.11383069323794923,0.11541223231993165,0.11336452573373026,0.11628361623809656,0.11218969354562569,0.11403661607415988,0.11357711190113425,0.11553798194344127,0.10756286716456294,0.11729448624239643,0.1249361267245784,0.1276052743513398,0.1242081835302174,0.1258676146944303,0.1342310318158345
0.11798671435871233,0.1206024204792277,0.12142917907273494,0.1254452805262342,0.11715459681561372,0.11982398841398935,0.12051802945657694,0.12468064548726454,0.16505904097042964,0.2171208880923435,0.1309827967978198,0.1437686091025095,0.1313987330936483,0.1429659725749111,0.4167736917922376
0.12469766649633796,0.1281220474233289,0.12403232666950229,0.12364152970854288,0.11936312275295324,0.11951628332204667,0.12684950059251734,0.12936499891578032,0.25012932967575424,0.30953469820074747,0.1431613013115313,0.1200340280731603,0.1189008731381613,0.1387337057728119,0.4943623184175555
0.13045477772100153,0.1306369772806863,0.13032752020416838,0.12879093615334872,0.12434514637904467,0.12313469279051244,0.13307939732520738,0.1320082442972196,0.2934304471612549,0.28780015363743733,0.1356668369954011,0.1390897490429604,0.130371511727444,0.1372947350600982,0.2443310645108171
0.13381025378981434,0.1318593872270379,0.13128030625265835,0.12782858100000646,0.12674199623352167,0.12503335508638738,0.1351616725918402,0.1316542744837962,0.30547765790841325,0.2710968300934988,0.1343042071197411,0.1259038706933219,0.1288306796781373,0.1309463348569494,0.2376901830056216
0.13655254641458012,0.13412212143416105,0.13286261165461496,0.13039132112037857,0.12865947611710324,0.12795409770696667,0.1372778059928898,0.13325227688909025,0.3098899201607249,0.23282866775479674,0.1386475898484074,0.1355168013611228,0.1337955829481253,0.1364482816996783,0.1562923430773927
0.13839209674672115,0.136141597108949,0.1326924712888132,0.1345668498380859,0.13061119671289162,0.13235517716217454,0.13700694091755541,0.1360387336588066,0.259496322870021,0.21015434694943716,0.1401805484585249,0.1429179072735006,0.1411573360725903,0.1416116471982393,0.164805705338718
0.13745528870720491,0.13692015177728267,0.1360952786048489,0.13539392144317022,0.13460023968498544,0.13451881410765984,0.13617741662434396,0.1355545172081226,0.19931258844947392,0.2045841134045648,0.13847726111395,0.1370480646533389,0.1388460879986304,0.1345860843067546,0.1934436463148201
0.13982285811616418,0.1404483291982543,0.13931093151850268,0.14198528549918987,0.13810991268618386,0.13898583498291858,0.1395463009988149,0.14174939711623272,0.20710541277277864,0.23082113764549014,0.1475046840401976,0.1551680136112292,0.1479198767334361,0.154139156932453,0.2832951861273408
0.14549480497359904,0.147853533267808,0.14528285835814536,0.14657802529663838,0.14389659304913544,0.14524525048624407,0.14513289317758585,0.14745936332775653,0.2086777458782935,0.2357313746080587,0.1626639414069154,0.1557635048915354,0.1577640814928951,0.1588792957508041,0.2455518485331958
0.15016181229773465,0.1525632310015671,0.15169715014887272,0.15358143696934545,0.149683273412087,0.1510731619117904,0.15087184696123238,0.15335392575780799,0.2140390988668003,0.21818728574534807,0.1619826264690853,0.1675882603147596,0.1627289847628831,0.1651430506179109,0.1830991080199268
0.15714529041049227,0.16007480034181576,0.15647809442790292,0.1579951675357808,0.1536038349597672,0.15430215587819066,0.1565430844760453,0.15889189542930668,0.26691465104209977,0.2885193459019704,0.1750979390223131,0.1668226286686515,0.1607601438109912,0.169967834772304,0.4291834662152152
0.1638221768012264,0.1640037645837507,0.16416843896214367,0.16383004079870142,0.15951035781544257,0.15899433801112953,0.16451667513120025,0.1640792761470475,0.3376283360677059,0.3746835877489307,0.1718616930676206,0.1754997873245427,0.1683787022770073,0.1744540375825292,0.547012071442851
0.16997104411514224,0.16875218325909278,0.16910250957039547,0.16916614941663033,0.16504023283684302,0.16451930928756578,0.169155239546301,0.16849684376735055,0.34581676784487925,0.35786817350368955,0.1782490206097769,0.1798383666524882,0.1755692518404383,0.1773319790079567,0.3242373450132074
0.17256004087889631,0.17103776391462375,0.1731858783496384,0.17150421587367018,0.16807053586714601,0.16731807173984725,0.17216861350939563,0.17031328436699278,0.3364754753668731,0.30486057771684805,0.1756089252256856,0.1761803487877499,0.1729155966444102,0.1739461655662773,0.198845386143165
0.1775677056719469,0.17636549275452862,0.17851127179923432,0.17907455310335985,0.17301831878103063,0.17403468093733354,0.17750126968004062,0.17747763340170716,0.3903441766491002,0.3540545899549195,0.1870209504343383,0.1942152275627392,0.1874678993323061,0.1918063314711359,0.4524426144310624
0.18119570771589172,0.18198964491703143,0.18518077413866435,0.1861064155241738,0.17976373908577298,0.1808522024031233,0.18317250719485356,0.18442642971659437,0.37894131957390415,0.360092786916358,0.1932379492420371,0.2001701403658017,0.1944872453347029,0.1983240223463687,0.3721691808392349
0.19008686765457336,0.1934322608650306,0.19122075712462777,0.19263751110090246,0.1879472693032015,0.19033358605679884,0.19075672930421533,0.19374266918750896,0.4125358272574086,0.47839006123102984,0.2163174927610289,0.2056997022543598,0.2092963533641499,0.2123751481293381,0.7149846098603735
0.19746210185658325,0.20066323778329584,0.1965461505742237,0.19724678536742424,0.19332306111967126,0.19437179434546162,0.19795158286778397,0.20026386173360597,0.5168660491518855,0.6008895256492172,0.2151251916198263,0.2064653339004678,0.2024482109227872,0.2133062468258,0.8458884544855919
0.19998296712655428,0.19651324238071086,0.19629094002552097,0.18979928892636164,0.19429892141756544,0.18884616227493478,0.20081259522600306,0.1962596502748615,0.6255993544714381,0.6480969880131208,0.1882132515755408,0.1749042960442364,0.1777948981338811,0.1882512273573726,0.7425119127409281
0.19960824391074775,0.19272460637224242,0.19447043811144188,0.18823709861502227,0.19330594076356783,0.1867317735373959,0.19935669544608095,0.1923487110404161,0.6270468555265444,0.5852913652442783,0.1851473343553056,0.1851127179923436,0.1825029960623181,0.1845268325715253,0.4596801197065933
0.20001703287344577,0.19357703560000403,0.19067630795406204,0.1858912289363157,0.19125149803115898,0.1858928595824835,0.19881496529541223,0.19343759789128578,0.6830551414374668,0.6075977802941345,0.1952818940555272,0.1811994895789026,0.1842150316726587,0.1956153715930252,0.652210610393847
0.19441321750979387,0.19181749571425918,0.18460229689493823,0.1823707016104574,0.1850196884095189,0.1833076748069721,0.19365159979685118,0.19114450547303477,0.6365781497283343,0.5659317373009932,0.1882984159427695,0.1753296469587408,0.1781373052559494,0.1865583206365328,0.4825996513147109
0.1840572304547777,0.18232674925775458,0.1751765206295193,0.17469261859809593,0.17560349255264507,0.17399419375078742,0.1831386490604367,0.18101016802993242,0.618680354500994,0.629420984316959,0.1633452563447454,0.159336452573373,0.1553672316384181,0.1607414931437277,0.7563994783488905
0.17680122636688808,0.17219557655053394,0.17158655891110158,0.16877990821611324,0.16957712720424584,0.16521715296448658,0.17657017098357877,0.17247639101098255,0.5598798693449016,0.5691171518647947,0.1519332311360927,0.1569544874521479,0.1476630713918849,0.1554088369730828,0.4485094869604662
0.17283256685402829,0.1698983966306915,0.16779242875372175,0.16790062787922364,0.16622153740797807,0.16538645100331748,0.17369222955815128,0.17169663582211767,0.5441767317096722,0.5064662450866786,0.1653040367910066,0.1661420672054444,0.1657250470809792,0.1701371254443879,0.3811644315304464
0.16486118208141715,0.16507392115128483,0.16083368779242865,0.1607356801769615,0.15791816469782569,0.15782369004284394,0.16521076688674446,0.16553377662674215,0.4950589914047626,0.47318479968088534,0.1554249701924715,0.1464057847724372,0.1426981681218969,0.1532080582359911,0.4066219088692988
0.1570771589167093,0.1598420474739333,0.15613781369629937,0.1577738789440058,0.15175483650059918,0.1543226814518349,0.15786355171830027,0.1602965993492654,0.4380382808497171,0.38128856596708466,0.1493783001192302,0.1518502764780944,0.1473206642698168,0.1498222447943119,0.1974960985394833
0.155799693408278,0.15888067458348523,0.15532113994045077,0.1569336138940472,0.1501284026707755,0.15196014179765652,0.15625529033350255,0.15776446163942334,0.31489329888703044,0.30108390015654224,0.1569579288025891,0.15525308379413,0.1472350624892998,0.1527001862197392,0.1406745685354575
0.15712825753704654,0.1587791336489686,0.1549978732454274,0.15640179392170847,0.15218284540318433,0.15395185621641405,0.1576434738445911,0.15929289260245735,0.280603953981766,0.2930768542490762,0.1585760517799353,0.155338153977031,0.1579352850539291,0.1623497545285254,0.2770627624341442
0.15634474535854204,0.15964824773214042,0.151339855380689,0.1535518552417231,0.14819380243109054,0.1512278482177794,0.1549856102928728,0.15847786429690372,0.25363472379715596,0.2774906630351828,0.1613864758984841,0.1478519778817524,0.1457798322205101,0.1568478076857965,0.246318280607396
0.15177993527508096,0.1506324717464823,0.1487877498936622,0.14691632260691648,0.14576271186440676,0.14433280390801226,0.15127814457423394,0.1505421527455347,0.25993048139828046,0.33102734098176234,0.1326009197751661,0.1336452573373032,0.130542715288478,0.1346707296427967,0.4381006968749213
0.1500425821836144,0.1473188260516207,0.14674606550404073,0.14515816658127337,0.1436569080636877,0.14181908436074867,0.1492974437108515,0.14700101532282303,0.26407380401257935,0.29342246452483417,0.1406915346618975,0.1416418545299872,0.1367916452662215,0.1399187404773997,0.2182127116109778
0.14801567024357012,0.147153673735203,0.14366652488302845,0.1433905712838717,0.14257832562917305,0.1418267730127413,0.1477568985948874,0.14633316376185493,0.2709597602049742,0.2539830928490333,0.1468233691023676,0.1398553806890684,0.1418421503167266,0.1449974606399187,0.1751043494974316
0.14355305740078353,0.1435234450121361,0.13931093151850268,0.14011377657404855,0.1377161444958055,0.13909264180419126,0.14171322160148975,0.14159923236174898,0.2611613621306187,0.24534565258681115,0.1362629875660023,0.1335601871544023,0.1336243793870912,0.1321313695615371,0.2280707720623668
0.13675694089592913,0.1381509277994948,0.13599319438536786,0.13716361512139177,0.13389830508474576,0.134958639591198,0.137074657186389,0.13895115011126358,0.28502080564769566,0.28543560112213434,0.1274058933742122,0.1312632922160782,0.1266906351652115,0.1336549856102928,0.3656154981927807
0.13564980412195538,0.1344556971680956,0.13318587834963838,0.13131196913381313,0.131552816298579,0.12957751684668006,0.13463687150837983,0.13346136715842602,0.30776043224198907,0.3742233440302191,0.1270652359052972,0.1196086771586558,0.1188152713576442,0.1224818012527509,0.5517988298463886
0.13236245954692555,0.1310554020409799,0.1279965971926839,0.12610646233761366,0.12672487587741826,0.12393565895125931,0.13089554765532413,0.1293782851763244,0.3119294555725486,0.32916817210807114,0.1242548117867485,0.1156954487452147,0.1126519431604178,0.1212121212121212,0.2390578282637752
0.12718446601941746,0.12768140184892898,0.12245002126754564,0.12144514191286819,0.12134908406094849,0.12094483637896543,0.12522431014051122,0.1251326144728343,0.2945098772442003,0.2487809340239441,0.1209334014648271,0.1121225010633772,0.1149631912343777,0.1166412730658541,0.0880064578556901
0.11708397206608753,0.11370777383240356,0.11065929391748183,0.10583227807660656,0.10917651087142614,0.10488372873247011,0.11547316742847466,0.11121362831567431,0.3448841989977087,0.32583474962593245,0.0857605177993527,0.0746065504040833,0.0727615134394795,0.0833756560013543,0.4799423808299091
0.10955544200306593,0.10572626357463706,0.10222033177371322,0.10024434588348274,0.10058209210751583,0.09782866627020004,0.10661926527848313,0.10393757716389458,0.360842508030097,0.36569218086886224,0.0897632430591041,0.0890684814972351,0.0837185413456599,0.0893854748603351,0.4454070433547218
0.1024016351558508,0.10091624293949854,0.09672479795831553,0.09753989994954426,0.09373394966615303,0.09341063056374345,0.10052480108346029,0.09996154486847529,0.29743975889790913,0.3220564819743914,0.0912962016692215,0.0921310080816673,0.0845745591508303,0.0920094802776367,0.2347850841854497
0.09504343382728665,0.09643209700764162,0.08976605699702248,0.09199384794594596,0.08763910289334013,0.0896663234746134,0.09353309632639237,0.09539222905457743,0.2820441119750835,0.2687308525328098,0.0874638051439278,0.0809017439387494,0.0821777092963533,0.0862535974267817,0.1620795936496467
0.08799182422074603,0.0928465158158024,0.08512122501063368,0.09096201234110841,0.08109912686183868,0.08719865267536574,0.08784492974437104,0.09299496608830075,0.34582502878939153,0.3147909156642834,0.085675353432124,0.0888983411314333,0.0822633110768704,0.0882004401557474,0.4069110419272306
0.08794072560040879,0.0903993521097571,0.08973202892386209,0.09319486488414737,0.08378702277007355,0.08686609944379513,0.09099373624513285,0.09503654022725498,0.2861553086940566,0.2703918705606003,0.0855050246976665,0.0976605699702253,0.0862009929806539,0.0991196885051634,0.1815937803532342
0.08972917731221255,0.09316806861254573,0.0904296044236494,0.09298202958815549,0.0860640301318267,0.08961192568067196,0.09266971389876415,0.09594614786100053,0.2261606581145697,0.22873917719282932,0.098705501618123,0.0925563589961717,0.0951035781544256,0.0977653631284916,0.1454337904572873
0.08967807869187534,0.09245894859754229,0.09095703955763494,0.093577414309302,0.08750214004451291,0.09032965335853509,0.09329608938547482,0.09567788447773036,0.2150056293747437,0.2121627649573262,0.0910407085675354,0.094768183751595,0.0917651087142613,0.09514135771119,0.1790099404863199
0.09206268097428037,0.09476823791701254,0.09422373458102926,0.0947966825581083,0.0896764252696456,0.09123614737969565,0.09512442864398168,0.09558368755825891,0.1937658231508013,0.16006869748152894,0.099386816555953,0.0972352190557209,0.0930491354220168,0.095395293719316,0.0558805625299344
0.09558848577755068,0.09761361776083353,0.09487026797107605,0.09390812439929463,0.09227871939736346,0.09258235882495032,0.0981378026070763,0.0981448950292461,0.15194249685028538,0.17264393512923634,0.1033043774484755,0.0921310080816673,0.0952747817154597,0.1032673099712205,0.1977944104246511
0.09819451541475047,0.09792080280177749,0.09352615908124194,0.09291875810654802,0.0935285053929122,0.09253821353609941,0.09715591670898927,0.09683334969107348,0.12200116240668113,0.1257249927978952,0.0985351728836654,0.0909400255210548,0.0924499229583976,0.0942102590147282,0.0318871081352129
0.0979049565661727,0.09769977099292974,0.09657167162909394,0.09787381264950924,0.09411059750042802,0.09436348858806787,0.0991366175723717,0.10044518894251692,0.17135663433700135,0.2145537119015596,0.0972577073752342,0.1077839217354317,0.0980140386920048,0.1076688674454038,0.3922111501088884
0.10403679100664279,0.10569980758524844,0.10208421948107183,0.10602618277016762,0.0999486389316898,0.1032274310155686,0.10429998307093273,0.10728285436300967,0.18665865722202057,0.22820915957151175,0.1216998807698858,0.1223309230114844,0.1209553158705701,0.1209581852039952,0.255520054911416
0.11035598705501615,0.11412747065610555,0.1087196937473415,0.11415498530913486,0.1075843177538093,0.11256079718791716,0.11113932622312506,0.11471923940209898,0.18348920817745384,0.16548387881670815,0.1309827967978198,0.1304125903870693,0.1312275295326143,0.1295920094802776,0.0400333173071009
0.116777380344064,0.12122209506864197,0.11692045937898761,0.12048160228605583,0.11402157164869028,0.11752754852189967,0.1168444218723548,0.12041042234052239,0.19874809057446421,0.2016855266810397,0.1354113438937148,0.1331348362398978,0.1274610511898647,0.1317927882173692,0.2740888224097028
0.12411854879918241,0.12589506843218046,0.1262441514249255,0.12617389677428534,0.12206813901729152,0.1225792856150677,0.12532588454376162,0.12581280568426903,0.2243175496055949,0.18770181888431528,0.1352410151592574,0.1375584857507443,0.1326827598014038,0.1366175723717623,0.1597344032908665
0.13236245954692555,0.13008913265943697,0.13153551680136105,0.1288628473887267,0.12970381783941104,0.1271170013442459,0.13086168952090735,0.12899116789989018,0.1745407695051455,0.1729102957917573,0.13847726111395,0.1342407486176094,0.1361924328026023,0.1353478923311325,0.1433272496066413
0.13450860160109013,0.1308696187865275,0.13287962569119516,0.12892572074603612,0.13194658448895735,0.1288010506022645,0.13280853224987302,0.1295582448828679,0.13543621183191212,0.13527261937625457,0.1324305910407086,0.129051467460655,0.1321691491183017,0.1306923988488234,0.0599972665452491
0.13599046159087042,0.1333771114399254,0.13565291365376425,0.1340434905639957,0.1333504536894367,0.13194965891318003,0.13553411207042487,0.13411213278292425,0.16030073693132343,0.14496706051888886,0.1383920967467212,0.1442790301999149,0.1382468755350111,0.143219908583037,0.1643559428041574
0.13968659512859824,0.1402154114874016,0.13977031050616753,0.14060293387663514,0.13603834959767164,0.13493328285246642,0.13986795327577445,0.14056208660332187,0.17201200260164676,0.20752642393303236,0.153892011582354,0.153721820501914,0.1409005307310392,0.1534619942441171,0.3326451507613194
0.1441662408448306,0.14602335557174076,0.1440748617609527,0.1467623699259802,0.13956514295497346,0.1400610974309486,0.14406636194345687,0.14624459630560604,0.23208742686080983,0.2917214574842489,0.1576392437404191,0.1590812420246703,0.150316726587913,0.1576096157101744,0.460111524586682
0.14937830011923015,0.1521947562098098,0.14955338153977024,0.1517193624545525,0.14511213833247733,0.14801653485067293,0.14977145759268662,0.15212085439616443,0.27528849512943887,0.3142585019727614,0.1645375574859479,0.1616333475116971,0.1639274096901216,0.1638733705772812,0.3593325909497864
0.15390904445579973,0.15315794171439204,0.15283709059974473,0.14963624588987748,0.1479883581578497,0.14752777264883646,0.15437616387337055,0.15265254634819062,0.33397149129691134,0.3273097504427114,0.1550843127235565,0.1454700127605274,0.1465502482451635,0.153715930252243,0.3534122473826114
0.15717935615738376,0.15368651289447516,0.15128881327094848,0.14527004511189615,0.14737202533812704,0.14340691891135693,0.15567970204841713,0.1516808973848837,0.35097159722057764,0.30132532443597054,0.1547436552546414,0.1365376435559335,0.1351652114363979,0.1497375994582699,0.2493564724224889
0.1536365184806677,0.14785028299590797,0.14977456401531256,0.14556355481584227,0.14646464646464646,0.14105915806211672,0.15407144066361939,0.14959416069663198,0.33084242909218275,0.27821665299709536,0.1361778231987736,0.1461505742237345,0.1363636363636363,0.1454206873201285,0.2319993101193449
0.1507579628683359,0.14631567722352531,0.1446533390046788,0.14153407553439534,0.14353706557096388,0.1392657127479112,0.15117657017098357,0.14744119488008636,0.27734088089939285,0.24967902987230775,0.14324646567876,0.1334751169715015,0.1356788221195001,0.1431352632469951,0.1926037836227326
0.14614205416453757,0.1446964561380023,0.13760952786048483,0.13649414761983927,0.13585002568053411,0.13467454524459843,0.14581005586592174,0.14397439627071498,0.2490113485184179,0.23901432959650912,0.1414580139669563,0.1264142917907272,0.1254922102379729,0.1370407990519722,0.2176849290449118
0.13905637881110544,0.13634961607746685,0.1328285835814546,0.131517862201685,0.12927580893682586,0.12767608500527297,0.1390553580497714,0.1359637445709738,0.22492151643771913,0.23699724872404526,0.1196559359563959,0.1215652913653764,0.1136791645266221,0.1199424411714914,0.2329630869791175
0.1332481689661046,0.13280061272819033,0.1305316886431305,0.12936296442256096,0.12622838555041943,0.12509342150497055,0.13372270187912644,0.1316672692489975,0.1982992459226272,0.19674653909837328,0.1257026060296373,0.1250531688643129,0.1199280945043657,0.1230743186050449,0.1162451198470293
0.13117015840572308,0.13046299861774888,0.12707783921735424,0.12920241864665838,0.12357473035439137,0.1244274011311457,0.13054003724394786,0.13094730088074355,0.16263674846286766,0.14905996700576454,0.125787770396866,0.1288813270948532,0.123095360383496,0.1295073641442357,0.0536868228205471
0.13139158576051785,0.13509319989607718,0.12769034453424064,0.13164749361641676,0.12383153569594248,0.12860588369651568,0.12993059082444555,0.13399421097032357,0.146995108970119,0.13750517339017285,0.1443536024527338,0.1365376435559335,0.1369628488272556,0.1400880311494836,0.1143955861589894
0.1306932379492421,0.1360508915675773,0.13007230965546568,0.13387303487656194,0.12646807053586712,0.13196221727687588,0.13008295242932114,0.13526367633899908,0.11218073514695939,0.10620780223648646,0.1379662749105775,0.1383241173968523,0.1386748844375963,0.1378026070763501,0.0436130599291137
0.1349344234372339,0.13765454884383654,0.13350914504466177,0.13549851268816024,0.13093648347885636,0.13331522126510664,0.13367191467750125,0.13613820169679672,0.0767348580099678,0.08938310192237747,0.140861863396355,0.1387494683113568,0.1360212292415682,0.137887252412392,0.0557337012941595
0.13762561744166246,0.13815589124648436,0.13822203317737122,0.13987154496806029,0.1349768875192604,0.13558685241219973,0.13851362789910274,0.13985309603554857,0.0761180408197133,0.09730907924683725,0.13915857605178,0.1486176095278604,0.1401301147063859,0.1472828847130523,0.1131610338957568
0.1433997615397718,0.14365675779346046,0.14290089323692037,0.14400623910957314,0.14091765108714263,0.14132429434910218,0.1433553411207042,0.14447404077444673,0.09150359103257948,0.10841091079285083,0.1546584908874127,0.1522756273925988,0.1527991782229071,0.153715930252243,0.130614573884878
0.14420030659172206,0.145223281099802,0.1449766056997022,0.14497622802966295,0.1426296866974833,0.14272387185905447,0.14457423395970875,0.14504352563113332,0.08362632149870416,0.09727702002510485,0.1483563277124851,0.1469162058698426,0.1455230268789591,0.1461824953445065,0.0750092384896129
0.14776017714188389,0.14873739662033017,0.14696724797958308,0.1460765949518609,0.1447697312104092,0.14494095024011153,0.14735060098188585,0.1472571644831674,0.09882003422233941,0.1047118878658332,0.1557656276613865,0.1482773287962568,0.1493751070022256,0.1516844421872355,0.1195816235472899
0.15005961505706014,0.1499446154042989,0.14924712888132702,0.14743402090793276,0.14786851566512585,0.14713235066512484,0.14982224479431183,0.14825326681361886,0.09031309714007932,0.0742075972048418,0.1523590529722364,0.1501488728200765,0.1515151515151515,0.1502454714745218,0.013199015882859
0.15186509964230965,0.14935840992887514,0.1486516376010208,0.14683606498073154,0.14946070878274267,0.14745192720823994,0.15000846453360417,0.14824017234558393,0.09860524966501863,0.10101233031004568,0.1481859989780276,0.1456401531263291,0.1480910802944701,0.148213983409514,0.1546217965204534
0.15155850792028616,0.15061411737834848,0.14844746916205862,0.1483089717197504,0.14944358842663924,0.14920581028628996,0.14985610292872859,0.14981148897301103,0.09234345372466705,0.10044341826773716,0.1531255322772952,0.1512547851977881,0.15271357644239,0.1529541222278652,0.0993055941831201
0.15159257366717763,0.14991829706787982,0.14696724797958308,0.14537768113232188,0.14845060777264169,0.146323248060517,0.14994074826477058,0.14874289999024615,0.1201598896631535,0.1383260849058398,0.1485266564469425,0.1395150999574649,0.1405581236089711,0.1466057220247164,0.2140914181820451
0.14939533299267582,0.14820533947487904,0.14429604423649506,0.14189222411515345,0.14543742509844204,0.14231856325075387,0.14845099035043163,0.14724048419867772,0.1399118079921517,0.16499779500132014,0.1447794242888775,0.1349213100808166,0.1343091936312276,0.1442356526155408,0.2183412151922808
0.14585249531595976,0.1436851811794714,0.14046788600595483,0.1382641766325608,0.1416195856873823,0.13902102698712018,0.1452175385136278,0.14285306022928604,0.14941740147768098,0.1302408577710486,0.1346448645886561,0.1310080816673755,0.1324259544598528,0.1340782122905027,0.0607269833105055
0.1423948220064725,0.13942266492984465,0.13713313483623982,0.1351649168476252,0.137904468412943,0.13585251596550463,0.14132385305569656,0.1381505588594766,0.14261130108223877,0.12702433669511312,0.1308976324305911,0.128966397277754,0.1295154939222735,0.1287455561198578,0.1205912945432422
0.13910747743144264,0.13851137975394512,0.13349213100808158,0.13445986658408246,0.1342235918507105,0.13533807518741228,0.1375317420010157,0.136764894891138,0.13309285723857917,0.1019206827850161,0.1366888094021461,0.133049766056997,0.1343091936312276,0.1339935669544608,0.0517133749648221
0.13621188894566513,0.1370238245086484,0.12971501488728193,0.12984975084054382,0.1307824002739257,0.13134277203329056,0.13409514135771114,0.13431750286348987,0.1087230709271845,0.09869461739836805,0.1340487140180549,0.1206295193534665,0.1233521657250471,0.1294227188081936,0.0922424866250719
0.13265201839550333,0.13367590685178843,0.12687367077839207,0.126804697072485,0.12746105118986475,0.12679599742583464,0.12969358388352797,0.1302876236572016,0.10374263926896879,0.1302760972326461,0.1269800715380685,0.1207145895363674,0.1177024482109228,0.122227865244625,0.1934390569012022
0.13214103219213086,0.13314724909179015,0.12719693747341548,0.1287446030958208,0.1270844033555898,0.1280449033800491,0.12898256306077532,0.13036611849704752,0.10436771740373563,0.10813485614987733,0.1320899335717936,0.1326244151424924,0.130542715288478,0.1305231081767394,0.0638523739843398
0.13231136092658832,0.13268125809548628,0.1272649936197362,0.1289319614003331,0.12696456086286595,0.1283353627395842,0.12886405959031655,0.12962842525388632,0.09733581785828951,0.10056716970525542,0.1317492761028786,0.1293066780093577,0.1289162814586544,0.1281530387675639,0.0854317968160116
0.1321921308124681,0.1338183916741725,0.12614206720544438,0.12843301892873474,0.12612566341379902,0.12892847728835374,0.1285085491789402,0.13049095513511724,0.09954516157397791,0.08796481098459165,0.1360926588315449,0.127435133985538,0.1301147063858928,0.1322160148975791,0.0627600935432641
0.13130642139328905,0.13241898342350156,0.12609102509570386,0.12574678222074442,0.12590309878445474,0.1266987657183444,0.12757745048247837,0.12858304519870634,0.09375607523627674,0.07974222563524976,0.1296201669221597,0.1203743088047638,0.1222393425783257,0.1247672253258845,0.063297054936566
0.13047181059444726,0.12921499479695422,0.1259208847299021,0.12378581738294912,0.12593733949666155,0.12375706106954854,0.12688335872693407,0.1253078322881054,0.0679516382279062,0.07463377437661634,0.1228070175438596,0.1198638877073585,0.1178736517719568,0.1187574064669036,0.0644168718593495
0.12944983818770225,0.12847002037732566,0.12418545299872388,0.12383963041749989,0.12472179421331966,0.1239930370036219,0.12549517521584555,0.12473261839916917,0.06155674929263364,0.06038182602040323,0.1269800715380685,0.1239472564866014,0.1244649888717686,0.1235821906212967,0.031877929307977
0.1293646738204735,0.12942116500712872,0.12459378987664813,0.12634254107799292,0.12492723848656051,0.12597652561070083,0.1256644658879295,0.12615490964210735,0.06866666886958518,0.08058168224719192,0.1313234542667348,0.131348362398979,0.1299435028248587,0.1289994921279837,0.1209813947007693
0.12832566854028274,0.12991332081494952,0.12512122501063366,0.1275857972704838,0.12446498887176852,0.12658550317777814,0.12500423226680205,0.12707488869205213,0.06533016516932455,0.06908031317878162,0.1308976324305911,0.1300723096554656,0.1278034583119328,0.1289148467919417,0.046077575041961
0.1307102708226878,0.13378993998802802,0.12913653764355582,0.13187415550344742,0.12828282828282828,0.13149984866306022,0.12810225156593869,0.1314690330685573,0.07114954163690429,0.07685152121067597,0.141543178334185,0.1404508719693746,0.1413285396336244,0.1402573218215677,0.0923939372744647
0.1344915687276444,0.1364311290148995,0.13240323266695012,0.13331522461040826,0.1325800376647834,0.13411979866928433,0.13221601489757914,0.13408809642074018,0.06749086110066252,0.06660883719983085,0.1417135070686425,0.13619736282433,0.1393596986817326,0.1393262231251059,0.0461234691781406
0.1351388179185829,0.13435952517418667,0.13211399404508709,0.12971050419936758,0.13240883410374932,0.13061618946838893,0.1326561706449975,0.1313197207332896,0.09045628684495984,0.0933075774763751,0.130216317492761,0.1225010633772862,0.1236089710665981,0.1257829693583884,0.1467050580294636
0.13261795264861184,0.12914605942175097,0.12930667800935763,0.12557759687302228,0.12992638246875532,0.12625454119555554,0.13006602336211276,0.12622939906004646,0.07991899317811198,0.08497002710642672,0.1187191279168796,0.1173117822203317,0.1175312446498887,0.1160487557135602,0.06829492636653
0.12733776188042925,0.12092959914439334,0.1231135686941726,0.11675398560852834,0.12381441533983906,0.11658423501948749,0.12491958693076013,0.11854715425175714,0.1475898969750073,0.18479071607976363,0.1044966785896781,0.0991067630795405,0.0972436226673514,0.1031826646351785,0.3844320940264375
0.11958780446261283,0.11488419651129655,0.1145214802211824,0.11033280027382676,0.11545968156137643,0.11090778026009546,0.11723379041814797,0.11297421592067369,0.16243022485005917,0.17872566960308386,0.102793391245103,0.0974904296044236,0.0995548707413114,0.1018283392585068,0.1665955766497243
0.1117186169306762,0.11071198747718414,0.10730752871118665,0.10693106860733491,0.10713918849512065,0.1065242646235482,0.1094633485694938,0.10880748190772749,0.16543996230072072,0.13954116521253865,0.1023675694089593,0.1001276052743512,0.0977572333504537,0.1004740138818351,0.0611721564314482
0.1061318344404701,0.10790212666536625,0.10039982985963411,0.10060823544473112,0.10044512925868856,0.101062401377178,0.1040460470628068,0.10543714188013613,0.18598768495107404,0.1761753339021025,0.1022824050417305,0.0879625691195235,0.0901386748844376,0.0986964618249534,0.2494436712812302
0.100476920456481,0.10208293710922219,0.09488728200765621,0.09698850461663484,0.09424756034925523,0.09622273428569268,0.09900118503470454,0.10056624311110705,0.21132767330130653,0.18244851197396575,0.0904445579969341,0.0897490429604423,0.0865434001027221,0.0908244455730489,0.1949948681176923
0.09812638392096747,0.09896995671018492,0.0944279030199914,0.0969289591248287,0.09340866290018832,0.09516486799780072,0.09754528525478243,0.09901188398592736,0.1549403018255402,0.15579742019851248,0.0927439959121104,0.0968098681412164,0.0930491354220168,0.095903165735568,0.1024952366476059
0.0970533128938852,0.09845598317668718,0.09206295193534657,0.0931745308102856,0.0911145351823318,0.09280465604921008,0.09588623666835956,0.09718562143274904,0.1499020435557381,0.15099970856591294,0.0974280361096917,0.0856656741811994,0.0880842321520288,0.0935330963263924,0.1414042853007139
0.09570771589167094,0.09751718358375412,0.08974904296044228,0.09163570734013367,0.08979626776236946,0.09225840278302072,0.09471813103098017,0.09633490952014544,0.16684707651598882,0.1492989127881759,0.095639584397888,0.0885580603998298,0.091165896250642,0.0946334856949382,0.1458973212327018
0.09359563958439791,0.09558546355762454,0.09104210974053586,0.09256643923341958,0.09003595274781714,0.09195130179257248,0.09365159979685118,0.09534454156486642,0.13223739054019046,0.1249976889928634,0.0917220235053654,0.0944279030199914,0.091337099811676,0.0933638056543084,0.0763952414022384
0.09615057060126046,0.0981300467321653,0.09291365376435551,0.09474654718212655,0.09231296010957027,0.09394368016554422,0.09527679024885727,0.09654649365427075,0.10346635656916729,0.10037835874943442,0.1032192130812468,0.0991067630795405,0.0979284369114877,0.0989503978330794,0.0511396982625765
0.09730880599557146,0.09826508878266534,0.09337303275202032,0.09619995248126452,0.0929292929292929,0.0946727199505728,0.09590316573556792,0.09737601015922093,0.09757263160097651,0.09126110976850695,0.0985351728836654,0.0991067630795405,0.09613079952063,0.0990350431691213,0.073026611806652
0.09812638392096748,0.0993487011006675,0.09646958740961284,0.09784945081056368,0.09534326313987326,0.09649984103535873,0.09735906551549006,0.09852153851481495,0.0744061895402123,0.06936476484463559,0.1015159257366718,0.101148447469162,0.1001540832049306,0.100812595226003,0.0255720749968929
0.10052801907681826,0.10211505412615896,0.1008081667375584,0.10198328622022833,0.09796267762369452,0.09908755024682192,0.10010157440325033,0.10179636905445649,0.06772492119517874,0.08374016973226835,0.1076477601771419,0.1102509570395576,0.1042629686697483,0.1083460301337396,0.1124909795075339
0.10483733605859306,0.10583290555551912,0.10393874946831128,0.10468246303807083,0.10198596130799516,0.10320953957560768,0.10379211105468086,0.10513640900679133,0.06828574753929406,0.08222657086245057,0.1132686084142395,0.1100808166737558,0.1114535182331792,0.111816488911461,0.079199373122815
0.1062340316811446,0.10728950076834755,0.1055891110165886,0.10557449896568961,0.10368087656223246,0.1042740307779632,0.10528186896901977,0.10555733513945222,0.0671888776846004,0.07003616357133645,0.1102026911940044,0.1073585708209272,0.1064030131826742,0.106399187404774,0.0456553489891082
0.10585930846533811,0.10374685278044267,0.10322415993194381,0.09947700186256521,0.10219140558123607,0.09907716872385813,0.10423226680209921,0.10163390087114095,0.08037426300901411,0.09300862185713117,0.0966615568046329,0.0872820076563164,0.088683444615648,0.0937870323345184,0.1389535384287206
0.10410492250042583,0.10007923382433191,0.09919183326244146,0.0933136059489269,0.09756890943331617,0.09173197997101583,0.10177755205688166,0.0972689410807324,0.1298646636997025,0.15301377405486574,0.0927439959121104,0.0809868141216503,0.0770416024653312,0.0885390214999153,0.2730240784503349
0.10022142735479474,0.09612958403255012,0.09427477669076982,0.0907642953596844,0.09344290361239513,0.08903229983572487,0.09696969696969696,0.09294821228642697,0.12283184627153279,0.1277848134921389,0.0882302844489865,0.0856656741811994,0.083632939565143,0.0843067546978161,0.0773268923666853
0.09408959291432462,0.09162286809232971,0.0895108464483198,0.08926325206029151,0.0866974833076528,0.08526367212697245,0.09146775012696798,0.09006772642355669,0.1260517788658971,0.1169562210263048,0.0826094362118889,0.0862611654615057,0.0777264167094676,0.0843067546978161,0.0952990360946366
0.09058082098450007,0.09196818924318034,0.08564866014461923,0.08885804780766915,0.08282828282828283,0.08586145167992305,0.08786185881157946,0.08950172789164827,0.12136139814833677,0.0853719624846387,0.0926588315448816,0.0880476393024244,0.0870570107858243,0.0883697308278314,0.0222034454013065
0.08823028444898653,0.0896150842044753,0.08546150574223729,0.08802077708658163,0.08209210751583632,0.08557515713775388,0.0864059590316573,0.08850366307273476,0.10473211684500205,0.07551701896044147,0.0849088741270652,0.0863462356444066,0.0850025680534155,0.0865075334349077,0.055807131912047
0.08794072560040875,0.09017545669272403,0.08632922160782638,0.08712231587425301,0.08406094846772813,0.08601204050009936,0.08640595903165732,0.08851544921512827,0.056901248118569836,0.061634590913018907,0.0912962016692215,0.0853253934495958,0.0868858072247903,0.0885390214999153,0.0338697348181738
0.08760006813149375,0.08895930349661985,0.08729902169289656,0.08825310211835209,0.08462592021914057,0.08616062644080129,0.08720162519045198,0.08843866130734863,0.04667970610863798,0.049829454714354605,0.0865269971044115,0.0905146746065503,0.0864577983222051,0.0882850854917894,0.026219182317026
0.09095554420030656,0.09243514118306423,0.08998723947256478,0.09206948619885032,0.08858072247902754,0.08994056029683502,0.08987641780937869,0.09151934680238229,0.03563023388202522,0.04657019479676067,0.099386816555953,0.0997022543598468,0.0975004280089025,0.0976807177924496,0.0400516749615728
0.09357860671095211,0.09688147548807928,0.09245427477669069,0.09484059607358485,0.09097757233350452,0.09297412688395974,0.09258506856272218,0.09498389273310448,0.03532825046596312,0.03794463930483911,0.1057741440981094,0.1003828158230539,0.0990412600582092,0.1019129845945489,0.020693528320996
0.09744506898313743,0.09933471215471679,0.09515950659293908,0.09651786229093944,0.09402499571991096,0.09539597958445573,0.09554765532419161,0.09709608423615462,0.037686291182873574,0.047828871368759164,0.1042411854879918,0.0998723947256486,0.1002396849854477,0.1013204672422549,0.0675973354965993
0.10040878896269803,0.10159474195881933,0.09946405784772429,0.09996129143513355,0.09799691833590138,0.09917912649121796,0.09915354663958013,0.10025354884972237,0.037778079455232885,0.04332880630582955,0.1061148015670244,0.1068481497235218,0.1067454203047424,0.1065684780768579,0.0343286761799703
0.10502469766649633,0.1042653415136806,0.10165886856656733,0.10047043702367757,0.10142098955658277,0.10064546913601598,0.10252243101405108,0.10187886835452963,0.041569852986395636,0.04394522086149963,0.1096065406234031,0.1014887282007656,0.103578154425612,0.1051295073641441,0.0451780499728398
0.10439448134900357,0.10158880599861679,0.10028073160357284,0.09791748119740984,0.10070193460023968,0.09839869716640635,0.1018283392585068,0.09932266524126249,0.04563515556918912,0.04942287653284649,0.0962357349684892,0.0928115695448744,0.0939051532271871,0.0942102590147282,0.0603781878755402
0.10132856412876852,0.09787405666472256,0.0994640578477243,0.09737813647954359,0.0985618900873138,0.09504614394213085,0.10040629761300143,0.0978160356165157,0.05390619679148582,0.05363149583272416,0.0904445579969341,0.0962994470438111,0.0883410374935798,0.0948027763670221,0.0620487344324795
0.09964230965763923,0.09718600882059684,0.09975329646958732,0.09869162026468363,0.0973463448039719,0.0947514154843333,0.09998307093279152,0.09827880169141223,0.060381859406434556,0.06907954674559712,0.0958099131323454,0.1013185878349637,0.0941619585687382,0.0992043338412053,0.099975648571343
0.09962527678419349,0.10013388494699643,0.09954912803062518,0.10107018268602612,0.09727786337955827,0.09863528138378026,0.0996444895886236,0.1004777249129476,0.08137291941228333,0.09248102323346945,0.1060296371997956,0.1058273075287111,0.1064030131826742,0.1048755713560183,0.1392839762092141
0.099591211037302,0.10323466059431285,0.10060399829859623,0.10296781497089104,0.09794555726759112,0.10139572887777894,0.09979685119349921,0.10228225507147243,0.08036691994722538,0.07503669970482967,0.1094362118889457,0.1067630795406209,0.1069166238657763,0.1058913153885221,0.0401480526475501
0.10328734457502979,0.10706190794858463,0.10424500212675447,0.10565073954248255,0.10198596130799517,0.10563287706158841,0.10396140172676485,0.10653250727466708,0.09095836869476522,0.08780294367429958,0.1147164026571282,0.1110165886856656,0.1141071734292074,0.1150330116810564,0.1133354316132394
0.10735820132856415,0.10830755255392503,0.10776690769885144,0.10840348466308702,0.10660845745591505,0.107573090785452,0.10751650584052819,0.10854777049505765,0.1005594219835482,0.09521996274166451,0.1107988417646058,0.113908974904296,0.1114535182331792,0.1125782969358388,0.1100540008763944
0.11280872083120423,0.11322587191779865,0.11219055720969792,0.11341460157179002,0.11196712891628144,0.11203383248049137,0.11220585745725412,0.11324887763831674,0.13532606590508098,0.15474959788744533,0.1230625106455459,0.123436835389196,0.1209553158705701,0.1226510919248349,0.2738088681790069
0.11696474195196731,0.11775382887973607,0.11666524883028491,0.11834332292507536,0.11623009758602976,0.11726184049746617,0.1168444218723548,0.11818871623605176,0.14853990559392607,0.17161745680944337,0.1268097428036109,0.128200765631646,0.1277178565314158,0.1280683934315218,0.2053531746534395
0.12101856583205588,0.12173766301628691,0.12159931943853672,0.12270669281067692,0.12069851052901899,0.12126078985855161,0.12180463856441506,0.12235661044030897,0.18781427157102412,0.1932515987173091,0.1297053312893886,0.13143343258188,0.1292586885807225,0.1306923988488234,0.2365198825330405
0.12462953500255494,0.12541552484739912,0.12498511271799226,0.12445298023476571,0.12407122068139016,0.12449743463605549,0.12466565092263412,0.12468376478425654,0.1823391011247918,0.15748759227223194,0.1327712485096235,0.1279455550829433,0.1309707241910632,0.1293380734721517,0.0859595793820776
0.12933060807358202,0.12837841893817978,0.1280476393024244,0.12604252276532937,0.12818010614620784,0.1269976049431262,0.12825461317081427,0.1266302125817508,0.18902312311799613,0.15281643179562668,0.1343042071197411,0.1292216078264567,0.1319979455572676,0.1305231081767394,0.1434741108424162
0.13088059955714526,0.12918976864657392,0.12762228838791995,0.12446504211577748,0.12850539291217258,0.12552565319554873,0.12915185373285926,0.12679923996618722,0.1628405184275053,0.14950956943926866,0.1308124680633622,0.1213100808166737,0.1225817497003938,0.12713729473506,0.1428958447265526
0.13198773633111904,0.13024165465554252,0.12937473415567835,0.1286310262339977,0.1293100496490327,0.1275974822022713,0.1307431860504486,0.1298745116506143,0.16242104602282328,0.16742498383618895,0.1323454266734798,0.1369629944704381,0.1317411402157164,0.1360250550194685,0.2032558126300295
0.1335036620677908,0.13258942309461083,0.12969800085070177,0.1301039395083308,0.13001198424927235,0.1293211086621545,0.1312849162011173,0.13105002430113186,0.1356087737839476,0.14576949633701333,0.1372849599727474,0.133049766056997,0.1327683615819209,0.1334010496021669,0.1024585213386621
0.1330948731050928,0.13196871662845172,0.13020842194810714,0.13023517986221056,0.1298750214004451,0.12964270909041195,0.1311325545962417,0.13022543801667916,0.12945528800498,0.11557704772042209,0.1307273036961335,0.1304976605699701,0.1302859099469269,0.1285762654477737,0.0551921504872396
0.13302674161130978,0.1326336609692432,0.1295108464483198,0.12873469668398044,0.12900188323917136,0.1289725576439076,0.1312002708650753,0.13043752185142193,0.13289275880483586,0.13060518676084656,0.1339635496508261,0.1257337303275202,0.1276322547508989,0.1308616895209075,0.1606614648416955
0.1320047692045648,0.1303233093227079,0.13075287111867287,0.12832986584546663,0.12965245677110082,0.12792657754928544,0.13118334179786692,0.129309231033954,0.1185802134958499,0.11084783056777202,0.1257026060296373,0.127520204168439,0.1258346173600411,0.1270526493990181,0.0713331181816229
0.13207290069834782,0.1311109009292702,0.12796256911952358,0.12655707205520825,0.1285053929121726,0.12728632533988202,0.12977822921957,0.1292059847319639,0.09758915349000118,0.10666539124544328,0.1326860841423948,0.1230114844746915,0.1260058209210752,0.1289994921279837,0.0983005126007858
0.12985862715040025,0.12947846469718335,0.12675457252233088,0.12670797572715004,0.1272727272727273,0.12705922802148614,0.12801760622989672,0.1276699680392428,0.08797524984308791,0.08923992853166078,0.1262135922330097,0.1270097830710336,0.1266050333846944,0.1245979346538006,0.0543890031040958
0.13008005450519505,0.13026378995482468,0.12603998298596336,0.12678022144747755,0.12691319979455576,0.1275355761996805,0.12801760622989672,0.12797206717541976,0.08374381048732413,0.07083827025724738,0.1318344404701073,0.1269247128881326,0.1284882725560692,0.1285762654477737,0.0340349537084206
0.12997785726452055,0.13132671445236765,0.12712888132709482,0.12824622164271082,0.12788906009244996,0.1291942362132436,0.12801760622989672,0.12893527462391566,0.05829367621026048,0.058362444656957356,0.1334525634474536,0.1311782220331774,0.1325115562403698,0.1308616895209075,0.0334107934563773
0.13219213081246806,0.13314246755803674,0.12825180774138661,0.12987575984177316,0.12960109570279066,0.13092775594607728,0.1297105129507364,0.13112924408368262,0.06841884053421507,0.07956127637177017,0.1367739737693749,0.1331348362398978,0.1343947954117446,0.1355171830032165,0.1219589398013958
0.13444047010730711,0.13673757191088784,0.1319778817524457,0.13379779140451117,0.13309364834788565,0.13510803201290159,0.13204672422549515,0.1343130122230476,0.09171562194172947,0.12463565746063271,0.14392778061659,0.1416418545299872,0.1434685841465502,0.1406805485017775,0.2147844196383578
0.1379492420371317,0.1390775319013027,0.13524457677583998,0.1369796136656758,0.1364834788563602,0.13792341665095678,0.13536482139834094,0.13660481498804156,0.1087753902424293,0.1296530531762868,0.1437574518821325,0.143343258188005,0.1435541859270672,0.1411884205180295,0.139687844607595
0.1405723045477772,0.14103493894198013,0.13830710336027216,0.138732191047215,0.13864064372538948,0.13837364340104305,0.1378364652107669,0.13804803816199554,0.13733255753885532,0.1453756321810414,0.144949753023335,0.1422373458102934,0.1392740969012156,0.1409344845099035,0.1768207901905506
0.1424799863737012,0.14168695015367797,0.13982135261590806,0.13873795013526224,0.14043828111624718,0.1394156766655815,0.13930929405789738,0.1381073033601837,0.14717593186666683,0.12445964315250595,0.1429909725770737,0.1387494683113568,0.1414997431946584,0.13822583375656,0.082627665095435
0.14491568727644352,0.14410879286348077,0.1430370055295618,0.14222966702623038,0.14326313987330935,0.1424501475094061,0.14161164719823938,0.1410811851417646,0.16098272379495304,0.14663739524927957,0.1489524782830864,0.1492131008081667,0.1485190891970553,0.1470289487049264,0.1909928994428268
0.14614205416453752,0.14609240026134054,0.1440918757975329,0.1437918466407678,0.14442732408834105,0.14472993341350696,0.1430844760453699,0.14340235434031975,0.15619504750869187,0.161373609568537,0.1500596150570601,0.1469162058698426,0.1492895052217087,0.1480446927374301,0.1908460382070519
0.1471129279509453,0.14693220711228416,0.14480646533390043,0.14483329971712608,0.14483821263482283,0.14502283182883005,0.14376163873370576,0.1437929808801161,0.1398493919669474,0.1269022620119822,0.1486118208141714,0.1469162058698426,0.1456086286594762,0.1445742339597088,0.0579595668988726
0.14822006472491908,0.14811661703925738,0.14521480221182473,0.144648543211389,0.14576271186440684,0.1446474189022652,0.14496360250550194,0.14484342170970554,0.1324861367582842,0.13126967939039969,0.1504854368932038,0.1442790301999149,0.1438965930491355,0.1469443033688844,0.1400045141472346
0.1477261113949923,0.14558481333531822,0.14441514249255633,0.14134941871259762,0.14441020373223767,0.14134401344611436,0.1450651769087523,0.142806849730741,0.15433174557979804,0.15146502266126785,0.1405212059274399,0.1347511697150148,0.1347372025338127,0.1387337057728119,0.1918557092030042
0.14529041049225,0.1426478668133371,0.14159081242024668,0.13926342929060456,0.14114021571648694,0.13828572533684347,0.14227188081936684,0.13955872257316035,0.1453539346603347,0.14967796338934863,0.1367739737693749,0.1350914504466184,0.1321691491183017,0.133062468257999,0.1461038448455102
0.14338272866632598,0.14193897985137138,0.13806890684814968,0.1359445121968556,0.13751070022256467,0.1359044594752614,0.14022346368715083,0.13897335074089026,0.14275449078711927,0.15906824853989066,0.1405212059274399,0.1293066780093577,0.1311419277520972,0.1378026070763501,0.1778488188409747
0.14023164707886218,0.13891145752653172,0.13543173117822196,0.13520645063797174,0.134959767163157,0.13488762743765356,0.13761638733705775,0.1364951845636746,0.13995311271471336,0.12069639120554147,0.1328564128768524,0.133730327520204,0.1328539633624379,0.1315388522092433,0.0439526765368431
0.13709759836484414,0.13754603612539235,0.1332369204593789,0.13457262596054773,0.13292244478685156,0.1344950786809718,0.13446758083629592,0.13473021333080817,0.11941548677431957,0.09290305561878286,0.1348151933231136,0.1333049766056997,0.1337099811676083,0.1312002708650753,0.0373163844452656
0.13542837676716063,0.13575572339660233,0.13287962569119519,0.13403664926506384,0.13222051018661188,0.1334058956315193,0.13297782292195698,0.13358178095424456,0.09379829784156199,0.08319195859226071,0.1321750979390223,0.1329646958740961,0.1312275295326143,0.1312849162011173,0.0637697645392164
0.13483222619655938,0.1351015559031911,0.13184176945980428,0.13265848927326385,0.13230611196712894,0.13313631642797516,0.1324530218384967,0.13253400824972886,0.06486847015935722,0.05594620787300258,0.1337932209163686,0.1299021692896639,0.1325971580208869,0.1304384628406975,0.0014547064344863
0.13335036620677912,0.13443833926164026,0.13005529561888549,0.1285637624504305,0.13069679849340868,0.12978933107981544,0.13055696631115624,0.13113011531303517,0.077230514680708,0.11718381906457792,0.1331119059785386,0.1203743088047638,0.123095360383496,0.1283223294396478,0.2396590414477286
0.1310849940384943,0.1301354101862363,0.12745214802211818,0.12594737147907611,0.12826570792672493,0.1267590575628833,0.1280345352971051,0.1270623092550193,0.08381081592614636,0.10374060696439691,0.1215295520354284,0.1207145895363674,0.120698510529019,0.1189266971389876,0.0768541827640349
0.12902401635155852,0.1282603750869691,0.1262271373883453,0.1263582221316625,0.12657079267248758,0.12625117334072947,0.12679871339089213,0.12638192661468303,0.09515676427247965,0.1005091133685753,0.1245103048884347,0.1271799234368353,0.1252354048964218,0.1250211613340105,0.0940461261769321
0.12824050417305402,0.12825942907347934,0.12476393024244992,0.12612170146931476,0.1258346173600411,0.1266829998839469,0.12549517521584558,0.1258436928517502,0.08949893516425231,0.07883294857841007,0.1282575370464998,0.1256486601446192,0.1275466529703818,0.1247672253258845,0.0354806189980796
0.12703117015840576,0.128088469663362,0.12350489153551672,0.12528345956454248,0.12451634994007876,0.12645727356298966,0.12419163704079901,0.12520271922298837,0.09175141936794959,0.05679434153659762,0.1277465508431273,0.1236069757549979,0.1260058209210752,0.1239207719654647,0.0127171274529727
0.12718446601941752,0.13001844153677375,0.1255806039982985,0.1271065967492526,0.1266392740969012,0.1288748427645292,0.12459793465380054,0.12691975198354405,0.05168859213128509,0.050977862779200474,0.1338783852835973,0.1307528711186728,0.1337099811676083,0.1303538175046554,0.0393449052644062
0.13079543518991657,0.13320709365382374,0.12874521480221174,0.13025027901814623,0.13013182674199622,0.13197031976118415,0.1278821736922295,0.12972913209940687,0.039379784807902725,0.03908862390184132,0.1395843978879237,0.1365376435559335,0.138161273754494,0.1353478923311325,0.015310146147123
0.13484925907000514,0.13706453719884168,0.12956188855806033,0.13058795008412355,0.1315356959424756,0.13206513014039567,0.1315896394108684,0.13433891804200623,0.07432449797781254,0.11564897994338795,0.1447794242888775,0.1312632922160782,0.1322547508988187,0.143558489927205,0.2687696920264812
0.13558167262817236,0.13534955974500645,0.12961293066780086,0.12902659028718966,0.13165553843519945,0.13075870857159744,0.1327746741154562,0.13312341164427863,0.09157426800229615,0.11767580966909118,0.131919604837336,0.1259038706933219,0.128145865434001,0.1306923988488234,0.1217294691204976
0.1341679441321751,0.1304590092843846,0.1275542322415992,0.123788888066123,0.1288991611025509,0.12458045046700916,0.1312171999322837,0.12746007477938648,0.18351949830733244,0.23593163277211218,0.1206779083631409,0.1133134836239897,0.1122239342578326,0.1161334010496022,0.4724432789781542
0.13089763243059105,0.1261482817814821,0.12459378987664813,0.12117614514205448,0.12492723848656051,0.12100375634055817,0.12796681902827153,0.12300735418112252,0.18737827727731748,0.17683402188618524,0.1175268267756771,0.1159506592939174,0.1138503680876562,0.1141019129845946,0.0586388001143314
0.1260773292454437,0.12259314850838372,0.12110591237771151,0.12048351544845311,0.12042458483136446,0.11921850605321009,0.12464872185542575,0.12159070494304954,0.20235720544363195,0.14795761025035525,0.115482881962187,0.1190982560612504,0.1156480054785139,0.1187574064669036,0.0902047869786953
0.12076307273036961,0.12113147957675814,0.11823054019566134,0.11928448740091117,0.11710323574730352,0.11802833919497802,0.11923142034873876,0.11988446409328972,0.16292037422445788,0.12250025214377384,0.118208141713507,0.1168864313058273,0.1156480054785139,0.1164719823937701,0.071585535930611
0.11842956906830185,0.12083834856017117,0.11649510846448312,0.11859856227975106,0.11540832049306624,0.11857598918425688,0.11681056373793804,0.11945234799379971,0.16091480047340712,0.11890070155093051,0.1202520865269972,0.1172267120374308,0.1196712891628146,0.1185881157948197,0.1117016003652438
0.1188553909044456,0.12149457155473398,0.11989791578051885,0.12250821492122348,0.11753124464988866,0.11999684447015285,0.11934992381919755,0.12257829914783307,0.09978197531666491,0.13486018543210135,0.1228070175438596,0.1303275202041683,0.1228385550419448,0.1288302014558998,0.166779153194443
0.12195537387157214,0.12533862824025924,0.12243300723096547,0.12454751546286581,0.12076699195343261,0.12334093118189383,0.12232943964787539,0.12471869680788328,0.09718528509162025,0.10512523995110364,0.1330267416113098,0.1286261165461505,0.1300291046053758,0.1289994921279837,0.0456553489891082
0.12507238971214443,0.12724840588185568,0.12547851977881747,0.12780694990874733,0.12403697996918335,0.12622660264035176,0.1253936008125952,0.12783853530208975,0.10034830895712181,0.10542346206947012,0.1310679611650485,0.1343258188005104,0.1319979455572676,0.1340782122905027,0.1060199063062031
0.12938170669391927,0.13141717946203085,0.12831986388770728,0.1289023505559237,0.12761513439479538,0.12866399429575923,0.12935500253936005,0.13065202054392458,0.10673769059605283,0.1047931227547354,0.1397547266223812,0.1310931518502764,0.1335387776065741,0.1362789910275943,0.103532444125266
0.13248168966104582,0.13286212009556386,0.13235219055720962,0.13173101549892996,0.13059407635678819,0.13063132918809903,0.1328423903842898,0.13244303203577254,0.09405530500416807,0.08595863930509696,0.1357520013626299,0.1373883453849425,0.1345659989727786,0.1360250550194685,0.0482896724058201
0.13590529722364164,0.13521643184932214,0.13328796256911943,0.1328228037538591,0.1335901386748844,0.13302717500287464,0.1348738784492974,0.1346245686174943,0.07662654784858382,0.08385088200890521,0.1399250553568387,0.1350063802637174,0.1378188666324259,0.1389876417809378,0.0796353674165217
0.13842616249361267,0.13868797721993642,0.13713313483623982,0.13783252846315686,0.13689436740284194,0.1375348660836376,0.1382427628237684,0.13836435041177578,0.10527458553464553,0.11886576714574237,0.145631067961165,0.1478519778817524,0.1465502482451635,0.1458439140003387,0.1888955374194167
0.14138988247317322,0.1410875051675747,0.14000850701828998,0.14145591221235834,0.1392912172573189,0.13968397566564253,0.14079905197223636,0.141196119618798,0.11193657834248363,0.12568713487895947,0.1458865610628513,0.1487026797107613,0.1439821948296524,0.1468596580328424,0.1393298703453937
0.144472832566854,0.14578149580864488,0.14307103360272216,0.14310586973238462,0.1424242424242424,0.1428572849241589,0.14371085153208057,0.14441007602147052,0.12592694681548844,0.14161951874940296,0.1551694770907852,0.1464057847724372,0.1492039034411916,0.1508379888268156,0.17348428649029
0.14726622381195706,0.1470939830684783,0.1449425776265418,0.14431926832293668,0.14497517548365005,0.1443450780393782,0.1457084814626714,0.14494445223845454,0.12809498580861517,0.11412296829008654,0.1497189575881451,0.1467460655040408,0.1473206642698168,0.1460132046724226,0.0591298673714537
0.14869698518140012,0.14708894278033682,0.1467290514674606,0.14419242870472823,0.14670433145009415,0.14505160084780094,0.1470797359065516,0.14524427282574925,0.12392688036077926,0.09568025891917176,0.1470788622040539,0.1439387494683113,0.1464646464646464,0.1458439140003387,0.0587948401773422
0.14910577414409812,0.1472842994451096,0.1467120374308804,0.1453839217027693,0.14697825714774865,0.14600769280967932,0.14697816150330117,0.14527486254519503,0.09429854392592021,0.07737145769448833,0.1476750127746551,0.1477669076988514,0.1479198767334361,0.1453360419840866,0.0407538552451215
0.14958269460057916,0.14761325407849188,0.14756273925988933,0.1479080107537815,0.14797123780174629,0.14698749457299973,0.14794311833417978,0.14741138909254184,0.10035473413618697,0.10811791226190136,0.1482711633452564,0.1529561888558059,0.1489470980996405,0.1516844421872355,0.1696108213967274
0.1506898313745529,0.1519772230392126,0.14953636750319005,0.15069664916550127,0.1498202362609142,0.15080796162767693,0.14921279837480955,0.15066972240501603,0.10309920347973008,0.1344808192439361,0.1607051609606541,0.1562739259889408,0.1584488957370313,0.1571863890299644,0.1872066332080056
0.15171180378129795,0.1529277552334318,0.14984262016163324,0.1498902090424198,0.14988871768532785,0.1497596648824129,0.150042322668021,0.15050009031617062,0.154361117826953,0.19480035919848016,0.1548288196218702,0.1482773287962568,0.1476630713918849,0.1501608261384798,0.3154394391075683
0.15312553227729522,0.15333433838363464,0.15076137813696286,0.14943765247659968,0.15088169833932547,0.15031629316648676,0.15071948535635685,0.15007663602478638,0.14579635413310651,0.1351905800350234,0.1541475046840403,0.1485325393449595,0.1514295497346345,0.1492297274420179,0.0159710217081099
0.155050246976665,0.15465575434625775,0.15173117822203308,0.1504970710258006,0.15208012326656392,0.151514862567534,0.1521923142034874,0.1509511527564373,0.14427909399100727,0.10118290486822397,0.157298586271504,0.1526159081242024,0.1539120013696285,0.1527001862197392,0.0331675545346251
0.15639584397887926,0.15477021901628107,0.15139089749042953,0.15074964241646308,0.15298750214004447,0.15217123920070377,0.1524801083460301,0.15167523947094128,0.11833697457409775,0.08075534468287594,0.1549991483563277,0.1512547851977881,0.1534839924670433,0.1531234128999492,0.0399002243121799
0.1554931016862545,0.1552439625100308,0.15190131858783487,0.15344177210296459,0.15259373394966613,0.15360751106218234,0.15244625021161332,0.153455859099921,0.10442737978076914,0.0930564495357048,0.1561914494975303,0.1588260314759676,0.1564800547851395,0.1570170983578804,0.1176586592413625
0.15636177823198777,0.15655337579019937,0.15503190131858777,0.15693792888531682,0.1550248245163499,0.15567784878322283,0.15512104283053998,0.15681550247765172,0.08366120104220068,0.13257381482871186,0.1591722023505365,0.1639302424500213,0.1598185242253038,0.1635347892331132,0.211608545414726
0.1586101175268268,0.15949865091287804,0.1573458102934921,0.15799264733003823,0.15702790618044854,0.15760021854052442,0.15752497037413232,0.15829345670509434,0.09797541689774358,0.11756324354774939,0.1653892011582354,0.160102084219481,0.1614449580551276,0.1612493651599796,0.0875421009858244
0.1604496678589678,0.16183121325265507,0.15913228413441083,0.15917785732962422,0.15877418250299602,0.15928127335447162,0.15962417470797355,0.15992770709971135,0.10912223058719342,0.10800937002579099,0.1664963379322091,0.1615482773287962,0.162643382982366,0.1631962078889454,0.0889016229818742
0.1629194345086016,0.16367013603660227,0.16209272649936196,0.16147090389393068,0.16132511556240367,0.16160040149100827,0.16218046385644147,0.16192009094723714,0.11923001021236315,0.1021526208298702,0.1673479816044967,0.1660569970225436,0.1662386577640815,0.1659048586422887,0.0904391224380286
0.16513370805654914,0.16486769643682417,0.16360697575499783,0.1631130285140028,0.1628317068995035,0.16240460481755167,0.16373793803961398,0.16288155038940577,0.14588073509188645,0.15173917509957316,0.1672628172372679,0.1663972777541471,0.1640130114706385,0.164804469273743,0.2509122836389791
0.16627491057741442,0.16487120260950375,0.1640153126329221,0.16406599462254942,0.16375620612908748,0.1630834100027757,0.1637548671068224,0.1631275117826556,0.11268642427586853,0.11637178051126086,0.1648782149548629,0.1659719268396426,0.1644410203732238,0.1636194345691553,0.0456369913346363
0.16644523931187188,0.1653277500165101,0.16340280731603565,0.1617238489600492,0.16305427152884777,0.16136736835316015,0.16373793803961398,0.16247324779641628,0.11910717914629192,0.1174631454534877,0.1662408448305228,0.1570395576350488,0.1579352850539291,0.1611647198239376,0.1196458753379414
0.16504854368932037,0.16338945328415724,0.16585282858358139,0.16574869386220778,0.16245505906522856,0.16079401912353006,0.16605722024716432,0.1665797048398432,0.18275220342337206,0.21401767842475014,0.1595128598194515,0.1737983836665249,0.1596473206642699,0.174792618926697,0.407126744367275
0.16710952137625615,0.16814392553583002,0.16717992343683533,0.16806328633774292,0.16416709467556928,0.1654622913542817,0.16758083629592008,0.1688941161885846,0.2046895454442818,0.20938706313069252,0.1776528700391756,0.1726924712888132,0.174798835815785,0.1735229388860674,0.2001258325425773
0.1690342360756259,0.17105808060192562,0.16940876222883872,0.17122268146321665,0.16697483307652802,0.1696587620613319,0.1705603521245979,0.17249676026476715,0.208845718416711,0.23015575825417,0.1768863907341168,0.1775414717141641,0.1780517034754323,0.1797020484171323,0.271693148501125
0.17249190938511322,0.17476091423538354,0.1723692045937898,0.1744065005302771,0.1701763396678651,0.17325535915085766,0.1736753004909429,0.17472923231013823,0.2277017832074824,0.20007627726561109,0.1821665815022994,0.180774138664398,0.1804485533299092,0.1791941764008803,0.1399173152884933
0.17460398569238628,0.1754410182792184,0.17253934495959158,0.1689010868415373,0.17029618216058895,0.1683484052730879,0.17745048247841547,0.17649969812719224,0.3232313455481494,0.3324820805241662,0.1768012263668881,0.1578902594640577,0.1585344975175483,0.1800406297613002,0.5972936870412766
0.17702265372168283,0.1741627455081237,0.17117822203317729,0.16826498090584263,0.17087827426810476,0.1664181972493416,0.1761300152361605,0.17372989298993566,0.3034950312254523,0.32446977793404064,0.1716061999659343,0.1669927690344533,0.162557781201849,0.1681902827154224,0.3084451727537894
0.17496167603474705,0.17189115754024806,0.1689153551680135,0.16596936625822656,0.1684985447697312,0.16524552760753342,0.1747587607922804,0.17137548421551266,0.30850412836112584,0.29137029136300874,0.1673479816044967,0.1613781369629944,0.1629001883239171,0.1666666666666667,0.225171318220945
0.17026060296372,0.16572111348649254,0.16209272649936185,0.15845568696245305,0.16163328197226498,0.15807214823438942,0.1691890976807178,0.16486823376344825,0.3599698126729864,0.3705873842621485,0.1533810253789815,0.143428328370906,0.1437253894881014,0.1518537328593194,0.5290215700604279
0.16199965934253113,0.15743469678978003,0.15329646958740953,0.1512347426765141,0.15305598356445813,0.15123545258655124,0.1616556627729812,0.15708782312969796,0.40207033955602745,0.3638649060759984,0.140861863396355,0.1367928541046362,0.1375620612908749,0.1415270018621974,0.3504199497036983
0.15573156191449503,0.15344337760208923,0.15115270097830705,0.1498803005905245,0.15029960623180963,0.14907450534246944,0.15495175215845608,0.15356557431602347,0.3265515384724118,0.31580983125839845,0.1454607392267076,0.1471714164185453,0.1447526108543058,0.1465210766886745,0.2196996816231985
0.15132004769204568,0.1521451280192887,0.14744364100382812,0.1494026901143692,0.14689265536723167,0.14789067918796597,0.15107499576773323,0.15197921646461832,0.3008976342307106,0.27059843802069333,0.1495486288536876,0.1484474691620586,0.1455230268789591,0.148806500761808,0.1801756515452831
0.14886731391585767,0.15312485625404462,0.14516376010208418,0.14959470422767104,0.14492381441533989,0.14961244731346338,0.14818012527509733,0.15205024904424133,0.27494704275626225,0.21220507896336346,0.1550843127235565,0.1499787324542747,0.1530559835644582,0.1521923142034874,0.0954183608487037
0.14925907000510988,0.1538631727777773,0.1460825180774138,0.1490705089009654,0.14631056325971584,0.1499613427789693,0.14855256475368206,0.15260547611357522,0.23173679566039734,0.24579349750261,0.1553398058252427,0.1480221182475541,0.1506591337099811,0.153715930252243,0.3129703345811031
0.15167773803440643,0.1535605163661308,0.14853253934495952,0.14906132608143188,0.14860469097757234,0.14965179514603202,0.15017775520568813,0.1516213021164594,0.18324688713842532,0.19985246736635273,0.1529552035428378,0.1490429604423649,0.1490326998801575,0.1496529541222278,0.1079704070938382
0.1527508090614887,0.1526490423647935,0.1478009357720118,0.14721201690555685,0.1487930148947098,0.14833260691068575,0.15071948535635685,0.15082411055831224,0.1588201920981679,0.16575704705153896,0.1508260943621189,0.1435133985538068,0.1456942304399932,0.1492297274420179,0.0975662064219114
0.1513881791858287,0.14934452140165821,0.14718843045512536,0.14660299212958003,0.1480054785139531,0.146083519598849,0.1497375994582698,0.1485150974626658,0.1706287533371921,0.1902441839478273,0.1427354794753876,0.1453849425776264,0.1415853449751755,0.1438970712713729,0.239218457740404
0.1500936808039517,0.14910028787249593,0.14633772862611644,0.14631040252279673,0.14706385892826573,0.14683830827790642,0.14875571356018277,0.1481043598794613,0.19589531106953711,0.2007465058020278,0.1486118208141714,0.1457252233092301,0.1483478856360213,0.1472828847130523,0.2217511495104288
0.14961676034747068,0.15038525976260989,0.1469672479795831,0.1479301733534936,0.14745762711864407,0.14876819707256192,0.14836634501438964,0.14932593576073333,0.1593305348924856,0.17721315509996707,0.1529552035428378,0.1511697150148873,0.1526279746618729,0.1517690875232774,0.1301464536958456
0.1501958780446262,0.15220710385127834,0.14759676733304966,0.14935030130556168,0.14860469097757234,0.15076813777330755,0.1487049263585576,0.1499992441215114,0.14494272320016505,0.1301525529440565,0.1558507920286152,0.1521905572096978,0.1547680191747988,0.1513458608430675,0.0360313486322354
0.1512859819451542,0.15356360718910522,0.15023394300297738,0.15179995983818953,0.15093305940763568,0.152957449378975,0.15014389707127135,0.15214102308286978,0.1457210877497719,0.12058771168601956,0.156276613864759,0.1566992769034453,0.1573360725903099,0.1564245810055866,0.1014580291699457
0.1550332141032192,0.1561996182146411,0.153432581880051,0.15499268554645781,0.1544084916966273,0.1549591350593612,0.1532588454376164,0.1545846197562792,0.1240764952447249,0.12405697286240273,0.1614716402657128,0.1613781369629944,0.1589625064201336,0.1594718131030981,0.1309954952151691
0.15801396695622552,0.15863827383616166,0.15646108039132278,0.15695102898616822,0.15735319294641328,0.1576632206678912,0.15608599966141865,0.15686263178154067,0.10279997371183873,0.12116082919026779,0.1635155850792028,0.1608677158655891,0.1630713918849512,0.1614186558320636,0.1153685418459979
0.1601430761369443,0.16029243237291835,0.15736282433007226,0.15652683089365702,0.15824345146379046,0.15746856952818042,0.1576265447773828,0.15773235888872647,0.10787127575969016,0.1326082074385461,0.1636007494464317,0.1556784347086346,0.1570792672487588,0.1594718131030981,0.1555029639351027
0.16096065406234034,0.160174515467144,0.15923436835389193,0.15820064637203676,0.1594932374593392,0.15865136273630107,0.15937023869984765,0.1585096827442816,0.1164764262933747,0.11475783872591676,0.1599386816555953,0.1615482773287962,0.1610169491525424,0.1600643304553919,0.0790571013006581
0.1625787770396866,0.16157208656192615,0.1599659719268396,0.1589195291707524,0.1604690977572334,0.159839366517461,0.16009818858980873,0.15902789864798503,0.10591434979298983,0.09272110803995164,0.1643672287514904,0.1603572947681837,0.1622153740797809,0.1600643304553919,0.0486476466680214
0.16360074944643163,0.1632418918077634,0.1603572947681837,0.16039126983707322,0.1615819209039548,0.1614017850628876,0.16108007448789574,0.16081234662983437,0.1173832944242846,0.12459414481718205,0.1665815022994379,0.1633347511697149,0.1645266221537408,0.1643812425935331,0.1883402183716429
0.1639243740419009,0.16387249722402533,0.1601701403658017,0.1602381611759419,0.16043485704502655,0.16004654757202838,0.16085999661418657,0.1606476532410622,0.12406915218293617,0.1326620400912066,0.1651337080565492,0.1599319438536792,0.1573360725903099,0.1603182664635178,0.1487978306392557
0.16383920967467216,0.1636399740194462,0.16117396852403224,0.16039129928389032,0.16144495805512754,0.16074095581444017,0.1613847976976468,0.16113037500084126,0.11209720781911241,0.12032244076613241,0.1631749276102879,0.1606975754997872,0.1621297722992638,0.1620958185203994,0.095643242115984
0.16448645886561067,0.16348495854972675,0.16119098256061243,0.16080531535982592,0.1608799863037151,0.1598913340081202,0.16167259184018956,0.1612546837232627,0.125404671545764,0.1287464338220603,0.1631749276102879,0.1616333475116971,0.1581920903954802,0.1615033011681056,0.1455944199339161
0.1641287685232499,0.16318289804638003,0.16141216503615471,0.16102461262184906,0.16113679164526623,0.16109402293459227,0.16209581852039945,0.16156327710098894,0.13344073479082091,0.1154402768458088,0.1625787770396866,0.1614632071458953,0.1634994007875364,0.1621804638564414,0.0888279628933058
0.16404360415602115,0.16417382551868476,0.16270523181624832,0.16394977010462697,0.16153055983564457,0.16289450299160568,0.1629422718808193,0.16391335453253672,0.14094167240802308,0.1522418200497571,0.1661556804632942,0.1698000850701828,0.1664954631056325,0.1686135093956323,0.2258449064576537
0.16528700391756093,0.1665661193005392,0.16476393024244995,0.16604165873131374,0.1643725389488101,0.16577832471311632,0.1645674623328254,0.16542364259620726,0.12391861941626696,0.12272206859332975,0.171350706864248,0.1702254359846873,0.1715459681561376,0.1684442187235483,0.0636825656804751
0.16722875149037644,0.16867196802514797,0.16610803913228406,0.1665004791371951,0.1660332134908406,0.1673299314785496,0.1662434399864567,0.1671076639936568,0.11480587973643544,0.09850789363449534,0.1728836654743655,0.1674181199489578,0.1704331450094162,0.1704757067885559,0.0500795437168265
0.16964741951967297,0.17087073460235547,0.16833687792428748,0.16859283324870145,0.16937168293100496,0.16984810018446708,0.16863043846284062,0.16921787384577966,0.09060590172890551,0.07387010572175236,0.1752682677567705,0.1727775414717141,0.174884437596302,0.1734382935500253,0.0245945298962664
0.1723556463975473,0.17262046021125635,0.17046363249680976,0.1697608821686366,0.17135764423900013,0.17104180256548218,0.17079735906551546,0.17048360485379158,0.09258669264641924,0.0821573763081264,0.1761199114290582,0.1720969800085069,0.1734292073275124,0.1730150668698155,0.0987319174808745
0.17400783512178508,0.17321918150233193,0.170769885155253,0.1702843708998907,0.1721794213319637,0.1708959845671382,0.17125444388014216,0.17062204772544964,0.08244500643343997,0.11315040933633673,0.1744166240844831,0.1713313483623989,0.1706043485704503,0.1708989334687658,0.1751364753927574
0.17535343212399931,0.1748390182933277,0.1724372607401105,0.1730436852362521,0.17320664269816813,0.17282468137381204,0.17296427966819022,0.17274583103822935,0.0959305394084686,0.11913701640943057,0.1780786918753193,0.1785623139089749,0.1766820749871597,0.1769933976637887,0.1311102305556182
0.1774995741781639,0.1777641374439479,0.17561888558060393,0.17647120487464305,0.17529532614278379,0.17550864166003954,0.17516505840528185,0.17565708751682418,0.13829817016407517,0.16673057677124017,0.1836143757451883,0.1833262441514249,0.1808765622324945,0.1814796004740139,0.2619176974948594
0.1794583546244252,0.1801968149586576,0.17704806465333894,0.17762194886155838,0.17700736175312448,0.17815396632269487,0.17673946165566276,0.17754149494519275,0.15130548624011184,0.14103075460631,0.185062169988077,0.1799234368353891,0.1834446156480055,0.1813103098019299,0.0896311102764497
0.1808891159938682,0.1812224493978628,0.17925988940876217,0.17946666716957993,0.17895908234891286,0.17983191431728138,0.17834772304046048,0.17871312122806315,0.15659249072800763,0.1357428163776578,0.1832737182762732,0.183156103785623,0.1831878103064543,0.181056373793804,0.1251669399203534
0.18313745528870723,0.18270107311813458,0.18017864738409184,0.17828615752606902,0.1802773497688752,0.17895317143494158,0.1802607076350093,0.17929669963254544,0.1503784246892829,0.13851725931814976,0.1856583205586782,0.1759251382390472,0.177195685670262,0.18046385644151,0.1440661451991337
0.18499403849429402,0.18425458471317416,0.18164185452998718,0.1808168882301966,0.18226331107687038,0.18150607479900627,0.18154731674284746,0.1806732808226901,0.1347294421347455,0.10996661213974361,0.1873616079032533,0.1858783496384517,0.1866118815271357,0.1834264432029795,0.0528653177829313
0.18545392607732922,0.18480766102890422,0.18140365801786468,0.18125634601706853,0.18287964389659306,0.18232345864304011,0.1818012527509734,0.18136528072000793,0.08492879708348267,0.07761589883934414,0.1859138136603644,0.1821352615908124,0.1839582263311078,0.1827492805146436,0.0129144722385452
0.18536876171010047,0.18475055673658058,0.18094427903019988,0.1800464113104007,0.18193802431090567,0.1811278116685496,0.1818351108853902,0.18140338730467662,0.09332283459074082,0.09561103183047626,0.1846363481519333,0.177626541897065,0.1787365177195686,0.1814796004740139,0.1316012978127405
0.18494293987395674,0.18354857418957185,0.18011059123777112,0.17969349581476024,0.1814415339839069,0.18098699400285315,0.1811748772642627,0.18018732676583996,0.07203713423061872,0.06998683392689847,0.1811446090955544,0.1789876648234794,0.1807053586714603,0.1777552056881666,0.0187384381197429
0.18332481689661045,0.1815549513503635,0.17898766482347933,0.17656583259903624,0.18015750727615135,0.17758318004573018,0.17956661587946504,0.17759906768306719,0.06582306819189399,0.08432316095310231,0.1775677056719469,0.1703105061675882,0.1707755521314843,0.1724225495175216,0.11299581500551
0.18036109691704988,0.1785509702353925,0.17704806465333897,0.17643733799527414,0.17757233350453688,0.17628412425350795,0.177602844083291,0.17626857319608122,0.08302969772836873,0.10251492912383653,0.1725430080054505,0.1761803487877499,0.1736860126690635,0.1736075842221093,0.138898465465305
0.17830011923011413,0.17757028856549018,0.17505742237345806,0.1750189087273187,0.1758602978941962,0.1759887655954734,0.17568985948874216,0.17524050131135394,0.08412564970033878,0.07447469678202286,0.1756089252256856,0.1721820501914078,0.1753980482794043,0.1731843575418994,0.0183942320983955
0.17611991142905808,0.17629196209254447,0.17328796256911946,0.17293902011000317,0.174336586200993,0.17436516348149977,0.17315049940748264,0.17308793423014138,0.07377652199182748,0.07626835094474323,0.173735309146653,0.1687792428753721,0.1711179592535525,0.1687828000677163,0.079855659270184
0.1735479475387498,0.17362290460970065,0.17119523606975748,0.1714673575155586,0.1716829310049649,0.17205580321810646,0.17093279160318267,0.17094751170898315,0.0910767755661087,0.08592546929354515,0.168284789644013,0.1685240323266694,0.1674370826913199,0.1666666666666667,0.105239705991149
0.17259410662578778,0.17334810344217935,0.17225010633772855,0.17283985751285358,0.17199109741482627,0.17214266353900132,0.17125444388014222,0.17197527810676186,0.08544464717414195,0.08556203721092216,0.1727985011071368,0.1755848575074435,0.1723163841807911,0.1740308109023193,0.0848351730456762
0.1741270652359053,0.1756346693134656,0.17332199064227977,0.17573982844540437,0.17353192946413287,0.17522516666453306,0.17271034366006435,0.17494587977841458,0.06783231347383911,0.07398695712854504,0.1802078010560381,0.181539770310506,0.1813901729155966,0.18088708312172,0.0508367969637908
0.17540453074433657,0.17775519713159105,0.17466609953211387,0.17679408384379572,0.1743708269131998,0.17668095628460168,0.17355679702048418,0.17576946130027593,0.0666234619268671,0.05344129620687519,0.1819962527678419,0.1789025946405784,0.1795925355247389,0.1774166243439986,0.0123499743635355
0.17681825924033384,0.17877144862994052,0.17595916631220745,0.17627758148781048,0.17502140044512923,0.17591091316080107,0.17497883866598954,0.17581064363193163,0.07306057346742498,0.0729746031289079,0.1808039516266394,0.17524457677584,0.1743708269131998,0.175893008295243,0.1120412169729733
0.17801056038153634,0.1772630642033022,0.17483623989791566,0.17182152107694382,0.17449066940592367,0.172201751272298,0.1755882850854918,0.17377839534268044,0.08258360672470252,0.09960135951178421,0.1742462953500256,0.1629094002552105,0.1647834274952919,0.169713898764178,0.1528548722775368
0.1767501277465508,0.17367415544627118,0.17306678009357712,0.17012686687987943,0.17354904982023625,0.17067059626564998,0.17396309463348564,0.17115388310921653,0.0723290209367213,0.07758832104311285,0.1664963379322091,0.1667375584857507,0.167608286252354,0.1659048586422887,0.0335622441057701
0.17485947879407254,0.17270095572872968,0.169817099106763,0.16851503304539814,0.1705701078582434,0.16927888521231083,0.17094972067039102,0.16937599317489327,0.07493397210627828,0.07301273163260047,0.1707545562936467,0.1652913653764355,0.1664954631056325,0.1658202133062468,0.0638615528115757
0.17135070686424797,0.16995143485872613,0.16753721820501907,0.16817775207421834,0.16774524910118127,0.16800867072134995,0.16876587100050783,0.16841645411478975,0.07577750632926027,0.054197702914548784,0.1644523931187191,0.1675031901318587,0.1654682417394282,0.1664973759945827,0.0165676454784454
0.16889797308805993,0.16948105082105047,0.164389621437686,0.16528736569587044,0.16500599212463612,0.16556396115772468,0.1662772981208735,0.16676101737555027,0.09983613039735689,0.113576581047518,0.1685402827456992,0.1595065929391746,0.1606745420304741,0.1634501438970713,0.2323343373134564
0.16617271333673989,0.16652736607850874,0.1627903019991492,0.16182917815142248,0.1631569936654682,0.16222211917163384,0.16372100897240557,0.16348482925764632,0.1289421915624915,0.17517944673274863,0.1606199965934253,0.1549128030625265,0.1555384351994522,0.1569324530218384,0.2983851781032099
0.16436722875149035,0.16350788238765965,0.16120799659719257,0.16082812925960419,0.1609655880842321,0.16036516556314706,0.1620450313187743,0.16149820962980832,0.1309707123816321,0.13135458055565677,0.1574689150059614,0.1588260314759676,0.1566512583461735,0.1575249703741323,0.043704848201473
0.16208482370975982,0.1621194319534378,0.16017014036580168,0.1605861142462298,0.15935627461051188,0.15972640895444182,0.16053834433722697,0.16042773255270898,0.19850209800454127,0.22140921401247837,0.1593425310849941,0.160102084219481,0.1584488957370313,0.1582867783985103,0.4015184809261216
0.1617611991142906,0.16235771134941615,0.1579242875372181,0.1591487181604668,0.15812360897106653,0.15958591048369508,0.15899779922126286,0.15988337184006002,0.22897213289693513,0.2039120826551238,0.1628342701413729,0.1562739259889408,0.1593049135422016,0.1587946504147621,0.1689178199404147
0.1603134048714018,0.16200557807669588,0.15782220331773708,0.1590978693875677,0.15834617360041087,0.16031972871486197,0.15818520399525982,0.159717970482392,0.22138675006916242,0.20074386282828013,0.1613013115312553,0.1589961718417695,0.1617873651771957,0.159387167767056,0.1944074231745928
0.1603474706182933,0.16160049382709152,0.15729476818375154,0.15682378872257807,0.1580037664783427,0.15815528567294512,0.15794819705434227,0.15839445309401157,0.19862784793767355,0.19535946436744192,0.1607903253278828,0.1522756273925988,0.1538263995891114,0.1557474183172507,0.1845906674457655
0.16016010901039004,0.15991103154020941,0.1563079540621012,0.15584651277095732,0.15779832220510187,0.15731153610861984,0.15694938208904688,0.15643993391189281,0.20846663285186712,0.16120590050244157,0.1565321069664452,0.1538919608677158,0.1556240369799693,0.1525308955476553,0.0928987727724409
0.15987055016181229,0.15923893330750805,0.15528711186729044,0.155563632929114,0.15759287793186094,0.15734824886268883,0.1566277298120873,0.15651946161249938,0.1385983178146901,0.12486290224837325,0.1578947368421053,0.1549978732454273,0.1574216743708268,0.1566785170137125,0.0521769057402366
0.15843978879236928,0.1580527766363913,0.1544364100382815,0.15438256090070804,0.15663413799007017,0.1564025705195418,0.15500253936008124,0.15456920712657682,0.10976027840484463,0.09148447579597795,0.1556804632941578,0.1520204168438961,0.1545112138332477,0.1506686981547317,0.0247276228911873
0.15782660534832224,0.15811364919460094,0.1544364100382815,0.1559204312143952,0.1559835644581407,0.1571132128522106,0.15447773827662095,0.1553005255343027,0.11976703585745574,0.14247005400986806,0.1582353943110202,0.1589961718417695,0.1585344975175483,0.1567631623497545,0.2444412104376483
0.15823539431102027,0.1596871895101916,0.15731178222033168,0.1594977835772134,0.15800376647834274,0.15938461179818095,0.1563060775351278,0.15849672189279682,0.11432031977565475,0.14743239835216557,0.1628342701413729,0.1666524883028498,0.1639274096901216,0.164889114609785,0.1573570870367606
0.16104581842956908,0.16331953552652412,0.16003402807316028,0.16216625242876181,0.1606916623865776,0.16261091337250183,0.15915016082613848,0.16124825192943412,0.0995983987719463,0.10471798815274329,0.1705842275591892,0.1675031901318587,0.1690635165211436,0.1667513120027087,0.0192891677538987
0.1637370124339976,0.16599659263909874,0.16224585282858356,0.16346316729335575,0.16290018832391712,0.1645620436008427,0.1610631454206873,0.1629133146151083,0.10314968702952769,0.09312310777787669,0.171350706864248,0.1660569970225436,0.1684643040575244,0.1662434399864567,0.0699333470281435
0.16586612161471642,0.16610639815864972,0.16512122501063373,0.16444120411361954,0.1650915939051532,0.16486410964703788,0.16392415777890634,0.16360012972534785,0.11096637630364585,0.08335242827251049,0.1663260091977517,0.1663972777541471,0.1654682417394282,0.1649737599458269,0.0638110692617781
0.16775677056719468,0.1666338117969037,0.16464483198638874,0.1618322049825945,0.1652456771100839,0.16301104427875912,0.16531234128999492,0.16363477978529767,0.10051995302643368,0.11963798353220283,0.1676886390734116,0.1566142067205445,0.1593049135422016,0.1637040799051973,0.1922090940515875
0.16636007494464314,0.1630394718741409,0.16086771586558907,0.15714377255468015,0.1618900873138161,0.15772384975543366,0.16273912307431862,0.1597641943673329,0.11593303972100769,0.15789949585801205,0.1558507920286152,0.1477669076988514,0.1471494607087827,0.1520230235314034,0.2344225205096305
0.16249361267245782,0.1591102866488481,0.1577371331348362,0.1553792738624849,0.15853449751754836,0.15591108901689074,0.15953952937193158,0.15676057740847985,0.13411721435810894,0.1420030108851431,0.1512519161982626,0.1518502764780944,0.1522855675398049,0.1507533434907737,0.1102100409394052
0.15878044626128424,0.15700181603535876,0.15387494683113562,0.15250153774300354,0.15456257490155795,0.1534756230037846,0.1558659217877095,0.15379885229410195,0.1372673878654802,0.12323007877842863,0.1527848748083801,0.1467460655040408,0.1486046909775723,0.1478754020653462,0.0856842145649997
0.1551013455970022,0.15397804598235298,0.15067630795406206,0.15180238628492876,0.15117274439308337,0.15182344506820816,0.1526493990181141,0.15216295022868465,0.1299867421019404,0.09128933266697875,0.1479305058763414,0.1504040833687792,0.1485190891970553,0.14889114609785,0.027407840444079
0.15150740929994888,0.15255834985095038,0.1495533815397702,0.15153478240631432,0.14910118130457115,0.15086466274535226,0.1499407482647706,0.1514955755319497,0.09667861382819694,0.06941570600560924,0.1497189575881451,0.1509995746490854,0.1489470980996405,0.1501608261384798,0.0256684526828702
0.15074092999489014,0.15237836506840738,0.1506252658443215,0.1520652980114121,0.15023112480739603,0.15150950123787055,0.14980531572710343,0.15144567063565564,0.05738221866573261,0.058923985569509126,0.1520183955033214,0.1531263292216077,0.1527991782229071,0.1513458608430675,0.0379405446973089
0.1515074092999489,0.15328034762012374,0.15195236069757542,0.1542054489223961,0.15093305940763568,0.15293808100558143,0.1509734213644828,0.1531617376496606,0.039880948774984507,0.046850554208227646,0.1550843127235565,0.1584857507443641,0.1557952405410032,0.1565938716776705,0.0227036914856647
0.15304036791006645,0.1556701210330718,0.1529902169289663,0.15344874816859577,0.15211436397877076,0.15346245861480354,0.1526324699509057,0.15416470676559396,0.02628618775584831,0.037137172628591335,0.1604496678589679,0.1519353466609951,0.1545112138332477,0.1561706449974607,0.0177104094693187
0.15436893203883498,0.1553045228621092,0.15304125903870683,0.15251893008489115,0.1525081321691491,0.15247094912618472,0.1532588454376164,0.1534508123541971,0.02542246011294727,0.03245451582891882,0.154573326520184,0.1506592939174819,0.1504879301489471,0.1520230235314034,0.0230892022295738
0.154913983989099,0.15435108768789452,0.15275202041684383,0.1515304139031842,0.15297038178394112,0.15206674814198995,0.15315727103436597,0.15218485961020733,0.03147497879231963,0.040280025912523214,0.1524442173394652,0.1495533815397703,0.1512583461736004,0.1496529541222278,0.055931046079732
0.15452222789984674,0.15292059681094972,0.15065929391748187,0.14857450817705542,0.15124122581749697,0.14942896489155547,0.15198916539698662,0.14995835062552842,0.07960966670026112,0.11972467868735427,0.1500596150570601,0.1426626967247979,0.1441533983906865,0.1455053326561706,0.2786139842370164
0.15239311871912792,0.1500933201472873,0.1475797532964695,0.14674568799780438,0.14898133881184725,0.14778457843195517,0.14916201117318434,0.14745826726990535,0.09789205478878689,0.11785499643433402,0.1444387668199625,0.1430880476393023,0.1444958055127546,0.1424581005586592,0.1141156319282935
0.14994038494293987,0.14945754642420073,0.14681412165036148,0.14719952147535462,0.14780003424071217,0.1480579492804942,0.14724902657863548,0.14717408552150904,0.11294165992481804,0.10955614267271414,0.1481859989780276,0.1481071884304551,0.1486046909775723,0.1466057220247164,0.0929584351494744
0.14919093851132686,0.14991372907017345,0.1463207145895363,0.14753043385468836,0.14783427495291898,0.14892501075698983,0.1466057220247164,0.14771822393494202,0.11337765421852472,0.08146048634784515,0.1508260943621189,0.1481922586133559,0.1506591337099811,0.148806500761808,0.0252691736981072
0.14924203713166412,0.15084238952716614,0.1473245427477668,0.14987779668009987,0.1483307652799178,0.15053027310752473,0.14743524631792784,0.14974567448605636,0.10678817414585043,0.0619682061373503,0.1526997104411515,0.1545725223309229,0.1537407978085945,0.153800575588285,0.0229836457163606
0.15058763413387838,0.15282412637415455,0.14868566567418112,0.14974130157235638,0.14923814415339837,0.1499169463243796,0.14870492635855762,0.15044836061047737,0.07058963317551253,0.07385256388667584,0.1567876000681314,0.1494683113568694,0.1486902927580894,0.1518537328593194,0.0976212793853269
0.1516777380344064,0.1518458463569706,0.15088047639302418,0.15118156812607678,0.15000856017805173,0.14939392609492683,0.15053326561706445,0.15083217269071608,0.10168749985084402,0.13910336435943418,0.1498892863226027,0.1540621012335176,0.1483478856360213,0.1515997968511935,0.2696049653049509
0.15341509112587295,0.15352148571643384,0.15278604849000416,0.15333272838916953,0.15185755863721967,0.15221251182108858,0.15273404435415608,0.15309132036386885,0.11131884326950554,0.13977396032055014,0.1568727644353603,0.157635048915355,0.1578496832734121,0.1576096157101744,0.1411151522427821
0.15581672628172377,0.15662574719141353,0.1550659293917481,0.15541903996680487,0.15392912172573195,0.15514732426490652,0.15479939055358047,0.15510529082888927,0.12287865829043602,0.12087205648128663,0.1628342701413729,0.1595916631220756,0.1610169491525424,0.1591332317589301,0.0830682488027596
0.15804803270311701,0.15903591231031497,0.1557805189281156,0.15632784998212337,0.1553501112823147,0.15704679804044044,0.15579820551887588,0.15633507735751354,0.1315104274231048,0.10262886811409255,0.1638562425481178,0.1581454700127604,0.1608457455915083,0.1587946504147621,0.0661424913797044
0.15958099131323455,0.16084140591311635,0.15850276478094413,0.15857841352841964,0.15796952576613593,0.15862698708602552,0.15798205518875913,0.15848104530792087,0.1456228742983475,0.12448041666324179,0.1644523931187191,0.1630795406210122,0.1617873651771957,0.1627729812087355,0.1681835137615403
0.16281723726792707,0.16258444264076602,0.1603232666950233,0.16010714595358416,0.1610340695086458,0.16030819284020717,0.1601151176570171,0.15974239993610842,0.10649445167430067,0.10764122850373349,0.1660705160960654,0.1631646108039132,0.1636706043485705,0.1622651091924835,0.0739628521847169
0.16484414920797136,0.1640587364723712,0.16107188430455116,0.1605308096233876,0.16219825372367747,0.1614289966763283,0.16097850008464534,0.16047044257351076,0.10005734013374283,0.1080706838491533,0.1670073241355816,0.1613781369629944,0.1636706043485705,0.1619265278483155,0.1089295945399929
0.16554249701924711,0.16481449404749804,0.1627903019991492,0.16308179028061368,0.16312275295326145,0.16283247955103963,0.16256983240223463,0.1626769261646327,0.11128396372600906,0.11844757815413243,0.1663260091977517,0.1681837515950659,0.1656394453004623,0.1670898933468766,0.1392013667640907
0.16704138988247313,0.16699323165308136,0.1654615057422373,0.1658883564298094,0.16529703817839417,0.165794043606417,0.16477061113932626,0.1650507988098285,0.12013602471234013,0.11576598420654151,0.171350706864248,0.1715014887282008,0.1717171717171717,0.1697985441002201,0.1104027963113597
0.1691534661897462,0.16966641265374902,0.1681156954487452,0.16937573400439013,0.1681561376476631,0.16922364991212482,0.1676654816319621,0.16911631043052391,0.11589907806023474,0.12617691630469882,0.1750127746550843,0.1763504891535516,0.1760828625235405,0.1772473336719147,0.1469987805010134
0.17208312042241525,0.17335053752230287,0.17056571671629092,0.171388728383474,0.17096387604862184,0.17205219872587127,0.17032334518368036,0.1712623492707076,0.11659391528199466,0.10993029030097139,0.1807187872594106,0.1754147171416418,0.1777092963533642,0.175554426951075,0.0774370382935165
0.17468915005961505,0.17557951578872877,0.17337303275202037,0.17273072463619657,0.17375449409347715,0.17390936400819657,0.17338750634840022,0.17325734407110996,0.10909756707841045,0.09710281137467158,0.1800374723215806,0.1754147171416418,0.1776236945728471,0.1772473336719147,0.071447853522072
0.17652870039175605,0.17556093081197144,0.1738494257762654,0.17200905532956134,0.17452491011813046,0.1724367511467073,0.17409852717115287,0.17238656186761991,0.13012901392409731,0.1461880745806227,0.1755237608584568,0.1705657167162909,0.1694915254237288,0.1706449974606398,0.2443586009925249
0.17611991142905803,0.17347620789156692,0.1715355168013611,0.16798335150426733,0.17130628317068997,0.16683251309112798,0.17355679702048415,0.17062100569403882,0.1860491830935548,0.22745993043996418,0.1693067620507579,0.1599319438536792,0.1556240369799693,0.1670898933468766,0.3900036421586472
0.17296882984159426,0.16873659416696637,0.16784347086346227,0.16461898749086412,0.16762540660845748,0.16378116863154465,0.1695107499576773,0.16608636991531936,0.18548376733582153,0.1996971875307584,0.1592573667177653,0.1578902594640577,0.157678479712378,0.1570170983578804,0.1441717017123469
0.16882984159427694,0.16583234478558562,0.16495108464483188,0.16339692034340605,0.1637904468412943,0.16203227826021252,0.1663280853224987,0.1639379478686069,0.17771664372877735,0.14599859843993754,0.1600238460228241,0.1609527860484899,0.1585344975175483,0.159641103775182,0.0386014202582958
0.1662067790836314,0.16619561644650807,0.16209272649936188,0.16263892236703462,0.1600582092107516,0.1610090209801862,0.16360250550194683,0.1638317767687897,0.17995168816072638,0.12487342418723069,0.166922159768353,0.1611229264142918,0.1589625064201336,0.1636194345691553,0.082623075681817
0.16332822347129963,0.16450740522993798,0.16044236495108455,0.16253058456965783,0.1583975346687211,0.16106873155798293,0.1616387337057728,0.1628298973391164,0.16924733983818457,0.14686123591809244,0.1611309827967978,0.1623139089749042,0.1611881527135764,0.1608261384797698,0.190836859379816
0.16247657979901212,0.16468778471639875,0.16085070182900885,0.1623449324608721,0.15980140386920044,0.1615936153661106,0.16030133739630947,0.16202090215926424,0.11993684416132044,0.14572454520350375,0.1650485436893203,0.1619736282433006,0.162643382982366,0.1604029117995599,0.1434511637743264
0.16344745358541987,0.1644957683608672,0.1630284985112717,0.16448970259903875,0.16130799520630026,0.16279955571003274,0.16251904520060947,0.16404914723263628,0.16939879048757742,0.2276435079168798,0.1641117356498041,0.1687792428753721,0.165211436397877,0.1681056373793804,0.3914814333436319
0.16564469425992162,0.16666719537235578,0.1643045512547851,0.1654374849880448,0.16325971580208865,0.16463073730551855,0.16378872524123925,0.16469593281453446,0.168718639389395,0.16349589353371444,0.1710100493953329,0.1673330497660569,0.1682931004964902,0.1659895039783308,0.0352006647673837
0.16549139839890986,0.1664966904026686,0.16547851977881742,0.1659559130035143,0.16461222393425776,0.1649955072306721,0.16411037751819874,0.1648731871943406,0.170011018264214,0.13869225237444693,0.1661556804632942,0.1669927690344533,0.1657250470809792,0.1652276959539529,0.0890849700559119
0.16758644183273716,0.16819986025709052,0.16690769885155243,0.16712387678186927,0.16598185242253033,0.16600910320542783,0.16661587946504147,0.16770000753422154,0.15062625302465302,0.12376584597696833,0.1716061999659343,0.1694598043385792,0.1680362951549393,0.1733536482139834,0.0939130331820111
0.1675694089592914,0.16712103327875752,0.16617609527860475,0.1641877879807669,0.16545112138332474,0.16400264473239787,0.1665143050617911,0.16509835161725037,0.18807495026452456,0.1927421139758736,0.1649633793220916,0.1583156103785622,0.1599897277863379,0.159895039783308,0.3306946499736842
0.16687106114801567,0.16495402105031345,0.1659719268396426,0.1653779922140317,0.16474918678308503,0.1632356842871581,0.16658202133062466,0.16621364065268301,0.1705975453245899,0.2298595455319019,0.1606199965934253,0.1677584006805613,0.1617017633966786,0.1684442187235483,0.3040944086439586
0.16651337080565493,0.1663765465947187,0.16552956188855794,0.16529240314623236,0.16469782571477487,0.16483588790975182,0.16632808532249874,0.16571570174768901,0.17675470263445187,0.1752351807934991,0.1692215976835292,0.1651212250106337,0.1680362951549393,0.164719823937701,0.0659864513166935
0.16678589678078692,0.16675713450946386,0.16520629519353455,0.16532041395060038,0.1647663071391885,0.16524641000751703,0.16619265278483156,0.165327312253665,0.1822840281613762,0.15573398642584393,0.1675183103389542,0.1653764355593364,0.1660674542030474,0.164550533265617,0.1167315976905336
0.1651677738034406,0.16567661803271017,0.16411739685240315,0.16488538017804097,0.16372196541688064,0.1644358021861447,0.16431352632469948,0.16487088014021775,0.19729141069212208,0.16013930622914277,0.1635155850792028,0.1640153126329221,0.1628145865434,0.1639580159133232,0.1689499458357405
0.16438426162493608,0.16413301816499645,0.16279030199914926,0.16048363215612488,0.1606916623865776,0.15790327233570403,0.16407651938378193,0.16281725511971856,0.2795061662443488,0.35401568006436773,0.161045818429569,0.1516801361122927,0.1448382126348227,0.1587100050787202,0.7417684277348178
0.16288536876171006,0.16046385620242937,0.1601361122926414,0.15848490548675728,0.1591850710494778,0.15665845046086255,0.16199424411714913,0.16122245087660714,0.25695378772566835,0.29978795872643055,0.1531255322772952,0.1544874521480221,0.1541688067111796,0.1580328423903843,0.1913325160505562
0.1605177993527508,0.15943715434786385,0.15819651212250105,0.15746434504448215,0.15678822119500083,0.1564563156014265,0.1600981885898087,0.1592281493514044,0.2645832289241735,0.23456985825402685,0.1573837506387328,0.1554232241599319,0.1560520458825544,0.1552395463009989,0.1041336573092194
0.15869528189405555,0.1590933439137352,0.1561207996597192,0.15664218777813052,0.1546995377503852,0.1561788893942741,0.15806670052480112,0.15761646388112927,0.2620948488605129,0.19114313796009463,0.1584057230454779,0.1549978732454273,0.1556240369799693,0.154393092940579,0.1042896973722302
0.1577414409810935,0.1589776894472877,0.15487877498936617,0.15702985494580599,0.15401472350624892,0.1572494313704223,0.15654308447604542,0.15719095447726772,0.24707553385436026,0.1587132155750556,0.1587463805143927,0.1578051892811569,0.1593905153227187,0.1563399356695446,0.0938533708049776
0.15799693408277976,0.16009288761085858,0.15595065929391738,0.1570330891755536,0.15685670261941448,0.1578489903138317,0.156526155408837,0.15766908956573789,0.10625947369706086,0.118371519366144,0.1623232839380003,0.1570395576350488,0.1590481082006505,0.1586253597426782,0.0376881269483208
0.15946176119911432,0.16021181436022836,0.15782220331773705,0.15930378353940916,0.15814072932717002,0.1587623069592069,0.15733875063484,0.1591446658839584,0.08122972970740282,0.10097561161151801,0.1604496678589679,0.1638451722671203,0.1605889402499573,0.1620958185203994,0.066183796102266
0.1609776869357861,0.1617956693475161,0.15862186303700543,0.15934302994503072,0.15933915425440853,0.15985626147905355,0.15852378533942776,0.1598180171972848,0.07203529846517155,0.08670424144036633,0.1649633793220916,0.1594215227562739,0.1620441705187468,0.1611647198239376,0.058161501098063
0.1621870209504343,0.16268124393791708,0.16032326669502334,0.16073031714185937,0.1610511898647492,0.16129891266325994,0.16004740138818346,0.1605490691929757,0.07195452478549537,0.09243143728486065,0.1644523931187191,0.1635048915355167,0.1641842150316727,0.1620111731843575,0.1038858289738493
0.16329415772440808,0.16321485075336525,0.16100382815823044,0.16088954362697044,0.16183872624550588,0.16197534085100737,0.16101235821906207,0.160754286069963,0.06072973695867632,0.07419743541353457,0.1642820643842616,0.1612079965971926,0.1633281972265022,0.1611647198239376,0.0377294316708824
0.16494634644864586,0.16567130968863988,0.16306252658443207,0.16303737900666593,0.16411573360725903,0.1647946089038103,0.16265447773827652,0.16278150982622552,0.0704868303104701,0.0782894881781196,0.1705842275591892,0.1673330497660569,0.1704331450094162,0.1668359573387506,0.0864735937072897
0.1671946857434849,0.16767799457014756,0.16532539344959582,0.16707808820209033,0.1663071391884951,0.16704506198791944,0.16510919248349407,0.16664413729964603,0.09795263504854403,0.12003059871629161,0.1716913643331629,0.1751595065929391,0.1715459681561376,0.1743693922464871,0.2035128197926356
0.16957928802588992,0.1707474599581373,0.16867715865589103,0.17011217506397683,0.16921759972607425,0.17022886572749385,0.1676824106991704,0.16910636183387048,0.12360745717296892,0.14216560305092357,0.1768863907341168,0.1761803487877499,0.1765964732066427,0.1740308109023193,0.1864356117201875
0.17303696133537722,0.17441189319414344,0.17342407486176087,0.17582127423093985,0.17291559664441017,0.1743773103594466,0.1725579820551887,0.17486725121072996,0.22835715147212782,0.303988502190497,0.1817407596661557,0.1872394725648659,0.1826741996233521,0.1863890299644489,0.6276343004696439
0.1788111054334866,0.18065885708769844,0.179532113994045,0.18113024690683097,0.17868515665125834,0.18031020599321204,0.17916031826646348,0.1813036344339238,0.3378770822857997,0.39776869670674514,0.1931527848748084,0.1917481922586132,0.192175997260743,0.1941764008803115,0.5853290857392416
0.18451711803781295,0.1868106682520726,0.1848064653339004,0.18532176675966527,0.1825714774867317,0.18349505372440236,0.18456069070594205,0.1854816961346637,0.37008007976033713,0.34767532483115576,0.1991142905808209,0.1937048064653339,0.1898647491867831,0.1938378195361435,0.2474885810799771
0.18983137455288707,0.19062799447089293,0.1900467886005954,0.1906682188152482,0.18758774182502994,0.1878724657654778,0.1897071271372947,0.19035498889085922,0.41177582036227356,0.36911405748820986,0.1982626469085335,0.2013611229264141,0.1966272898476287,0.2001015744032503,0.411991522802318
0.19519672968829843,0.19498971845098648,0.19498085920884717,0.19406237981983507,0.19212463619243275,0.19167529219153753,0.19480277636702212,0.19340634494422493,0.4280159193908049,0.33528807394642124,0.2037131664111736,0.2008507018290088,0.1992809450436569,0.1995090570509564,0.2676361068628439
0.19885879747913474,0.19667684517410336,0.197056571671629,0.195247598172815,0.19506933744221874,0.19358276341845237,0.19680040629761297,0.1943966231686177,0.32457604373821325,0.2603370233665093,0.2000510986203372,0.1976180348787749,0.1973977058722821,0.1963771796174032,0.1104349222066855
0.19994890137966276,0.19731899824188512,0.1980774138664397,0.19578253319276562,0.19654168806711175,0.1955677590740376,0.19844252581682745,0.19706008160453978,0.25824157718686935,0.25811026657184694,0.1986033043774486,0.1968524032326668,0.199537750385208,0.2023869984763839,0.2536567529825222
0.20069834781127582,0.19916650640755215,0.20037430880476376,0.19891811584749522,0.19931518575586366,0.19828925192620597,0.20060944641950224,0.19959752858619897,0.25695470560839195,0.2524249187770946,0.2028615227388862,0.2051892811569544,0.2037322376305427,0.2046724225495174,0.24105422318759
0.20298075285300637,0.2026692283107635,0.20238196512122492,0.20307854540123668,0.2008217770929635,0.20024625012851327,0.20281022515659383,0.20343350842036875,0.28521998619871536,0.35272258776937476,0.2096746721171862,0.2113994045087196,0.2041602465331279,0.2111054680887083,0.5533179257539351
0.20509282916027938,0.20653733485635525,0.20403232666950225,0.20508653345762295,0.2032528676596473,0.20397629937803416,0.20479092601997628,0.20542652606953538,0.31184225671380733,0.36873087832568435,0.2142735479475387,0.2091025095703955,0.2114363978770759,0.2094125613678686,0.4007474594383035
0.20863566683699544,0.21027998557220937,0.2085240323266694,0.21008321002661887,0.20725903098784454,0.20846037375644552,0.20959878110716096,0.21042316906413241,0.37916436507573725,0.394835740222568,0.2177652870039176,0.2200765631646107,0.2174285225132682,0.2204164550533265,0.4470454640163354
0.21331970703457678,0.21419449216992467,0.2125223309230114,0.21233677208920484,0.21001540832049304,0.21008012818711386,0.2130353817504655,0.21347211327372384,0.3993972539518981,0.3814975592694876,0.2220235053653552,0.2168438962143768,0.2133196370484505,0.2195700016929067,0.3548211973633267
0.21701584057230452,0.21657705825579146,0.2147511697150148,0.21366900643179368,0.21253210066769385,0.2121586519135915,0.21538852209243267,0.21446078360226695,0.390376302544426,0.31964819489640145,0.221342190427525,0.2163334751169714,0.2163156993665468,0.2164381242593532,0.1959494661502291
0.21807187872594103,0.21603632646565055,0.21582305401956603,0.2146989462983544,0.21465502482451632,0.21303072371480772,0.21638733705772806,0.2150070367065731,0.3099780369021899,0.26354099577851914,0.2149548628853687,0.2167588260314759,0.2147748673172402,0.2160995429151854,0.1513265975427545
0.21894055527167428,0.2168965278691687,0.21679285410463622,0.21444980086415175,0.21568224619072068,0.21421131737923774,0.21830032165227692,0.21633051925125302,0.2960353983308119,0.28603875271281726,0.218616930676205,0.2139515099957464,0.2165725047080978,0.2189774843406129,0.3310342665814136
0.21979219894396182,0.21860552036789752,0.2167588260314759,0.21626867484237086,0.21605889402499567,0.21591146548103948,0.21779244963602507,0.21684604449152436,0.23895686116418,0.24457676120293684,0.2220235053653552,0.219906422798809,0.219311761684643,0.2178770949720671,0.161652778183176
0.2207119741100323,0.22127780731050092,0.2187494683113568,0.21977815243284102,0.21823317925012836,0.21867133137873096,0.2191467750126968,0.22001123918643808,0.2288656585009984,0.26450623548443075,0.2266223811957077,0.2267971076137813,0.2241910631741139,0.2263416285762655,0.3043651840474185
0.22227899846704133,0.2239109756111907,0.2215057422373458,0.22322371653753273,0.2207498715973292,0.22208060795333764,0.22143219908583042,0.22262924099929912,0.21370498955541248,0.21638619746372037,0.2291773122125702,0.2301148447469162,0.228899161102551,0.2278652446250212,0.1201461214222996
0.22335206949412365,0.2227140564143872,0.22153977031050612,0.22112546649078102,0.22073275124122577,0.21961682714779948,0.221584560690706,0.22070661097938715,0.2616056173688378,0.2745340438457739,0.2203202180207802,0.2169289663972776,0.2146892655367231,0.2168613509395632,0.3908297366098809
0.22335206949412365,0.22134834783499313,0.22136962994470433,0.21845058038276655,0.21987673343605546,0.2171753566592817,0.22111054680887085,0.2193402122967372,0.2503386069367335,0.27458910070414666,0.218616930676205,0.2131008081667376,0.2122924156822462,0.2166074149314373,0.2746992144208922
0.22190427525123488,0.2191604099402992,0.22165886856656733,0.21941792555788572,0.21828454031843864,0.21523383647170738,0.22155070255628914,0.219586099434211,0.2820064787834162,0.289723446274961,0.2147845341509113,0.2213526159081241,0.2113507960965588,0.2200778737091586,0.3199921374165897
0.22123999318685064,0.22054059691812825,0.2214717141641854,0.221565728905881,0.21681218969354563,0.2157656609976879,0.2212798374809548,0.2213865006893386,0.29815754318775894,0.32152246620635144,0.2233009708737864,0.2258613356018715,0.216829310049649,0.2249873031995937,0.3851205060691323
0.21982626469085337,0.22106328785628007,0.21914079115270088,0.22053056250041858,0.21508303372710147,0.21726156775523542,0.2194345691552395,0.22047063479170736,0.28552472326294825,0.23334231807031627,0.2221086697325838,0.2184602296894937,0.2202533812703304,0.2186389029964449,0.056982021798246
0.2195537387157213,0.22036138795256008,0.22039982985963413,0.22142842831092693,0.21568224619072077,0.21740282112176343,0.2204841713221602,0.22101687711919368,0.25518227406913385,0.2352673755938138,0.2189575881451201,0.2232241599319437,0.2176853278548194,0.2221093617741663,0.2391174906408088
0.22185317663089762,0.22361229871906887,0.2228838792003402,0.2227926371640406,0.21787365177195683,0.2193516952773178,0.2224648721855426,0.22284822449557892,0.22236980246613056,0.1937238691978345,0.2301141202520865,0.2255210548702679,0.2232494435884265,0.2265109192483494,0.1106368564058759
0.22556634304207118,0.2268583212149723,0.22465333900467876,0.22526172975263273,0.22136620441705182,0.22250564995888986,0.22505501946842726,0.22624168637158001,0.23259042659333887,0.25284766548276666,0.2333503662067791,0.230199914929817,0.2288135593220339,0.2330286101235822,0.371095258052631
0.227491057741441,0.22888039560019333,0.22667800935772,0.22883604895744772,0.22456771100838893,0.22594938097470474,0.226663280853225,0.22850399428891408,0.16839829831886105,0.18995173188742556,0.2329245443706354,0.2359846873670777,0.2328368430063345,0.2330286101235822,0.0641598646967434
0.23145971725430084,0.23323758616575654,0.2311186729051466,0.23277854844717408,0.22835130970724188,0.23035671223800147,0.23057389537836465,0.23173332139999045,0.19831117839803397,0.19548329532298722,0.241951967296883,0.2406635474266268,0.239171374764595,0.2381919756221432,0.2065464221941105
0.2358541986033044,0.235801722407217,0.23457252233092288,0.23535016798505773,0.2314329738058551,0.23126902427462956,0.23421364482816998,0.23459158394105792,0.19102869686904694,0.19789055788061605,0.240929994890138,0.2404934070608251,0.2330936483478857,0.2403081090231928,0.2027050829958737
0.23876681996252774,0.23876022395421237,0.23651212250106327,0.23530646389702845,0.2343091936312275,0.2333895304215159,0.23732859319451496,0.23708960965406342,0.23452715914012012,0.24130342784082462,0.2446772270482031,0.2352190557209698,0.2376305427152885,0.2420856610800744,0.3281291677612418
0.24115142224493274,0.24093127517574298,0.2400680561463206,0.23953083698338684,0.23781886663242596,0.2377136617236859,0.23971559167089893,0.23971427393787625,0.19189609604284236,0.2135155994159638,0.2452733776188042,0.2479795831561037,0.246361924328026,0.2449636025055019,0.1579399425662422
0.24483052290921478,0.24439419934784387,0.2419566142067205,0.24149638387861685,0.23912001369628486,0.2382566339243337,0.2425935330963264,0.2422822883754907,0.24610257816735173,0.2540744913837392,0.2513200476920457,0.2454274776690769,0.2393425783256292,0.2474183172507196,0.3351922753192901
0.24329756429909727,0.24102519098066102,0.2410378562313908,0.2396875084357374,0.23800719054956346,0.23670684229321845,0.24186558320636534,0.23970560097443974,0.2638278114426565,0.26777385711270424,0.2342871742462954,0.2360697575499786,0.2336072590309879,0.2345522261723379,0.2951725885706344
0.24370635326179527,0.24167477388831668,0.24122501063377277,0.24026806531473657,0.23946242081835303,0.2379278280927568,0.2415439309294058,0.2393703498624249,0.23147336331872617,0.19216018553387684,0.242973939703628,0.2414291790727349,0.2403697996918335,0.2386998476383952,0.0409328423762221
0.24290580820984503,0.2413413498550284,0.24296044236495096,0.24147744833544463,0.24028419791131653,0.2391983614552066,0.24142542745894705,0.24007794781754346,0.19757870798460675,0.18099208738613282,0.2406745017884518,0.2438962143768608,0.2417394281801062,0.2414931437277806,0.1586558910906448
0.24385964912280703,0.24424176063122371,0.2430114844746915,0.24372989679189852,0.23982194829652456,0.24081579972149306,0.24247502962586767,0.24345583632506398,0.20529259439368247,0.18616451646129548,0.2500425821836143,0.2482347937048064,0.244050676254066,0.250211613340105,0.1965093746116208
0.2451882132515756,0.24881546319944525,0.24639727775414705,0.24993874588338386,0.24351994521486048,0.2464880541200983,0.24492974437108517,0.24886785454231167,0.19643043669739188,0.22107017325347603,0.2579628683358884,0.2623564440663546,0.2578325629173087,0.2596918909768071,0.2908814868378371
0.25230795435189923,0.25583893538226804,0.25238621863037,0.25529731789928695,0.2500428008902585,0.2530658818827249,0.25093956323006605,0.2541123431839552,0.18031333395382207,0.2189091404532458,0.2698858797479135,0.2660144619310931,0.2662215374079781,0.2646013204672423,0.2145870748527853
0.25665133708056553,0.25878957470383196,0.25599319438536783,0.2566862312154327,0.25411744564286937,0.25562492907344586,0.25500253936008127,0.2557464715521272,0.20336963008775513,0.1980108679841263,0.2646908533469597,0.2594640578477243,0.2607430234548878,0.2590147282884713,0.1562143230458873
0.2616590018736161,0.2610973250537895,0.26126754572522326,0.2612134778356677,0.2577127204245848,0.2569885534118584,0.2606907059421026,0.26047563991404726,0.23284192645960333,0.23401303630604617,0.2657128257537047,0.2702679710761377,0.2597158020886835,0.2699339766378873,0.3060173729498859
0.26584908874127067,0.2643958888764888,0.26450021267545715,0.2622750280424372,0.26189008731381613,0.2596382058413131,0.26455053326561706,0.26348734326192397,0.2425485362615995,0.2376894987445647,0.2709930165218873,0.2643981284559762,0.2649375107002225,0.2695107499576774,0.2450424236216017
0.26871061148015674,0.2670207532610987,0.2681412165036154,0.2683705064306734,0.2632768361581921,0.2613475729406049,0.2682072117826308,0.26831665669524124,0.25510884345124635,0.2763540067584003,0.2722704820303185,0.2805614632071458,0.2647663071391886,0.2779752835618758,0.3536830227860714
0.2711122466360075,0.2719785206831216,0.27091450446618454,0.2722073048684284,0.2657764081492895,0.26713818108155835,0.271457592686643,0.2724955127925952,0.23807661163225427,0.2273779764248752,0.2818940555271675,0.2798809017439386,0.2787193973634652,0.2808532249873031,0.129425915757825
0.2768523249872254,0.27911609548976407,0.27785623139089743,0.27952910073604853,0.2720938195514467,0.2755354808762635,0.27799221262908413,0.2788929511952892,0.2572128601244025,0.2355505061187928,0.293391245103049,0.2941726924712888,0.2923300804656737,0.2916878280006771,0.251895565506628
0.2861011752682678,0.2900630893794816,0.2840153126329221,0.28670719291945274,0.27969525766135933,0.28293131813025796,0.28525478246148633,0.28801090939682555,0.327407023528455,0.3760297340692447,0.3119570771589167,0.3010633772862611,0.2977229926382468,0.3062468257998983,0.6569881899701486
0.29296542326690517,0.2951468117580125,0.29133134836239893,0.2914642309807552,0.2869371682931005,0.2890032333731481,0.29326223125105805,0.2951899375663956,0.417469676367402,0.48247171865160876,0.3053142565150742,0.3009783071033602,0.3011470638589283,0.3095479939055358,0.6953556878163368
0.2984840742633283,0.29671912017615304,0.29532964695874087,0.29449380605012204,0.2933401814757747,0.2915959465996185,0.29788386659895033,0.2971544451447095,0.39030034774904865,0.39425993899917405,0.2998637370124341,0.3005529561888558,0.2967813730525594,0.3010834603013373,0.2178363796943046
0.299727474024868,0.2938497648957241,0.292862611654615,0.2855111124411844,0.2918678308508817,0.28484984581274575,0.2982224479431183,0.29228500733252066,0.503012674675377,0.49383580946260497,0.2881110543348663,0.2675457252233091,0.2713576442390002,0.2825461317081429,0.6929875503894668
0.2969511156532107,0.2890696610120702,0.28893236920459375,0.28184790170118373,0.2870056497175141,0.27923962214144243,0.2955307262569832,0.2875997447450144,0.5373825637896368,0.4704722100010455,0.2795094532447624,0.2745214802211825,0.2680191747988358,0.2782292195700018,0.4237450110779266
0.29184125361948565,0.2881823630048106,0.28559761803487876,0.2826951416133512,0.2845745591508303,0.2813489280292376,0.29119688505163366,0.28659236975439306,0.4380896822822383,0.36715606747841584,0.2864077669902913,0.2843896214376861,0.2855675398048279,0.2845776197731505,0.1605237824331565
0.2863055697496168,0.2846668543917837,0.2783156103785623,0.2766528506828268,0.276990241397021,0.27530777704945236,0.28420518029456576,0.28259140320966086,0.3789605951110996,0.378007462305825,0.27763583716573,0.264568268821778,0.2632254750898818,0.2745894701201964,0.3997102519606433
0.2804292284108329,0.279938579700694,0.2707783921735431,0.2720575221764712,0.27005649717514124,0.2709094020140217,0.2778059928897918,0.2780901098989297,0.38930237975782217,0.34185340917985574,0.2704820303185147,0.26286686516376,0.2621126519431604,0.2690875232774674,0.2695453029279173
0.27605177993527513,0.27536699045282176,0.2689749042960442,0.2675477767295856,0.2663927409690121,0.26495255574546606,0.273675300490943,0.27269096317058605,0.28639946549853235,0.28739326581757646,0.2662238119570773,0.2585282858358144,0.2530388632083548,0.2618926697138988,0.178472979093018
0.2737182762732074,0.27285863861335563,0.2695703955763504,0.2708648300272949,0.26543400102722137,0.2643768621936046,0.2738615202302353,0.2748474148692119,0.29144598471284683,0.34125471292821713,0.2678419349344235,0.2774989366227136,0.2632254750898818,0.2791603182664636,0.4489776071494986
0.27216828478964405,0.2747916955997287,0.26800510421097395,0.27276427488846455,0.26312275295326143,0.26758834127407916,0.27194853563568644,0.2749025088462767,0.30578239497264614,0.3049050865295292,0.2786578095724749,0.2765631646108039,0.2740112994350283,0.2750126968004063,0.2322058337321533
0.2736331119059786,0.27818112131561995,0.2736197362824329,0.2793899929853339,0.26777948981338817,0.27389528064622454,0.27552056881665826,0.2807515512392028,0.2538834700152497,0.25000860007757314,0.2849599727474025,0.2926414291790726,0.2865091593905153,0.292449636025055,0.140215627173661
0.280292965423267,0.2867145135120655,0.27965971926839633,0.283948922021415,0.2745591508303372,0.2812671727734517,0.28127645166751314,0.28645668000338254,0.24802187094238465,0.2467515025729128,0.3037812979049566,0.2930667800935771,0.2960109570279061,0.297866937531742,0.2402373075635922
0.28516436722875155,0.2880032826695437,0.2845257337303274,0.2835854007294333,0.2808936825885978,0.282415289182187,0.28616895209073984,0.2864228439455991,0.2584425935033362,0.24135986568120046,0.2905808209845001,0.2828583581454699,0.2847115219996576,0.2863551718300322,0.2305765918977757
0.2875319366377108,0.2852287824394358,0.28469587409612923,0.281840146636863,0.2833932545796952,0.2801846378032477,0.28588115794819713,0.28352234514831604,0.23750385281273223,0.27566787835295997,0.27967978197922,0.2783496384517225,0.275723335045369,0.2777213475537499,0.3442839036964789
0.2874978708908193,0.28298168190562967,0.2828583581454699,0.27701862604374444,0.28291388460879985,0.27732790839568217,0.28550871846961234,0.2800650632347049,0.256259868386632,0.292440556102524,0.2784874808380174,0.2673755848575073,0.2716144495805512,0.2731504994074827,0.3259859116016521
0.2846193152784875,0.27884351949900094,0.2761718417694597,0.27108203312883683,0.27770929635336417,0.2717140116349004,0.2804130692398849,0.2757005054486092,0.2952533622503106,0.30668806956570066,0.2705671946857435,0.2592088472990216,0.2604862181133368,0.2669713898764178,0.3351830964920541
0.27634133878385286,0.2733594848099284,0.2710336027222457,0.26984655037172695,0.2711521999657593,0.2688844994532275,0.2737260876925682,0.2719443468974589,0.28446732236536904,0.2665610824234286,0.2623914154317834,0.2673755848575073,0.2632254750898818,0.2644320297951583,0.1863071081388844
0.27281553398058256,0.2732235888626684,0.26984262016163324,0.27219884869528715,0.2690292758089368,0.2706219667073334,0.27157609615710177,0.2731646359825393,0.28897963383455233,0.26208677136351644,0.2729517969681485,0.2769034453424075,0.2740969012155452,0.2756052141527002,0.2531381492436921
0.27252597513200477,0.2748930551538893,0.2682433007230965,0.27158357954987095,0.2680534155110426,0.27069598899018826,0.27052649399018114,0.27293420289474174,0.2704227988116723,0.25855775710303713,0.2782319877363311,0.2703530412590386,0.2708440335558979,0.2724733367191467,0.2514997285820786
0.27020950434338276,0.27223041240089524,0.270097830710336,0.27327179796448225,0.26723163841807906,0.26963251403203664,0.2710682241408498,0.2739091853167699,0.24777312472429097,0.24328435179027322,0.2669051268949072,0.2766482347937048,0.2675055641157335,0.2758591501608262,0.2127375411647454
0.27133367399080227,0.27354962257487725,0.2722756273925988,0.2722138088797668,0.26930320150659126,0.27003635387332375,0.2727611308616895,0.274418098038052,0.23693201187593385,0.2558487452769383,0.2761880429228412,0.2700978307103359,0.2708440335558979,0.2754359234806162,0.2809775322502684
0.2743314597172543,0.2748265297379327,0.27520204168438955,0.2754784246919982,0.27243622667351475,0.2729877695570489,0.2761469443033689,0.27673243102655304,0.2239467249852634,0.2110260547464696,0.2773803440640437,0.2820076563164609,0.2788906009244992,0.2813610970035551,0.1213806736855322
0.27623914154317836,0.2773810885245447,0.2742492556358995,0.27436545482798463,0.27262455059065227,0.27367135330511017,0.27756898594887425,0.2787267614777776,0.2410083290514104,0.2534994263557888,0.2824902060977687,0.2721395150999575,0.2750385208012327,0.2827154223802268,0.3384461695744273
0.2776017714188384,0.2799357713879069,0.27741386643981275,0.2783023349781913,0.27562061290874845,0.27772235058553313,0.2803961401726765,0.28135421026457114,0.2595348739444119,0.28371043525288786,0.2850451371146312,0.2861760952786047,0.285824345146379,0.2866091078381582,0.344132453047086
0.28044626128427874,0.28033303966597417,0.2759336452573372,0.2752839329459032,0.2764766307139188,0.2757434514375505,0.2803453529710513,0.27943787822728083,0.2844636508344747,0.3016007653736117,0.2811275762221087,0.269247128881327,0.2717856531415853,0.2756052141527002,0.3373814256150594
0.2794242888775337,0.2772480867403548,0.2757975329646958,0.273328378379645,0.2758431775380928,0.2730545568506229,0.2786016590485864,0.2751977367742845,0.27068164173972553,0.271756339174582,0.271078180889116,0.2694172692471288,0.2676767676767676,0.2667174538682918,0.2120674867765225
0.27768693578606707,0.2743965840291402,0.2726159081242024,0.27091876295776135,0.273583290532443,0.27123342653249877,0.2760453699001185,0.2729917082699282,0.2857865952039893,0.24680603978533835,0.268693578606711,0.2660995321139939,0.2675911658962506,0.2685796512612156,0.1969054410068512
0.2774144098109351,0.27664024809346305,0.2733134836239897,0.27248830617147224,0.2738229755178907,0.2729012662644896,0.27457254105298795,0.2737782315614769,0.25988031910743614,0.234175622887446,0.2811275762221087,0.275627392598894,0.2762369457284711,0.2753512781445743,0.2089147890916614
0.2760177141883836,0.27711405172959996,0.27118672905146735,0.2735063115863125,0.27217942133196366,0.27446970224857425,0.2722871169798544,0.27424615019848136,0.22256930427610352,0.20864287488843827,0.2780616590018737,0.2755423224159931,0.2776065742167437,0.2751819874724902,0.1575773788904229
0.2748594787940726,0.27652150090325117,0.2714759676733304,0.27256864838775574,0.2722821434685841,0.2737462227739454,0.2714237345522262,0.27326020080384056,0.1930881044418364,0.20242039207353346,0.2753363992505536,0.2706933219906422,0.2722992638246876,0.271288302014559,0.1899754264437239
0.2778402316470789,0.27967498232021665,0.27416418545299864,0.2759985516403271,0.2758774182502996,0.2777151957110786,0.2743863213136956,0.27601692976110676,0.17267806420002202,0.17161935657150584,0.2859819451541475,0.2828583581454699,0.285653141585345,0.2815303876756391,0.1100172855674506
0.281383069323795,0.2819192438769082,0.27758400680561457,0.27839858071924256,0.27986646122239345,0.28098892405962567,0.27750126968004063,0.2787294175383847,0.139330191604347,0.12446826372382923,0.2864077669902913,0.2831986388770735,0.2875363807567197,0.2841543930929405,0.030166078028476
0.2838869017203202,0.28582840865285053,0.28144619310931507,0.2839118285186273,0.28359869885293615,0.2856253273334787,0.2810225156593872,0.2834721143726921,0.13142166816373338,0.1394362331120839,0.2936467382047352,0.2949383241173967,0.2948981338811847,0.2929575080413069,0.1693721718885932
0.28840061318344407,0.2907623445410646,0.28539344959591656,0.287700753962085,0.28769046396165043,0.28977201814242415,0.2854240731335703,0.2880446678629301,0.1260336598609334,0.13650326786686362,0.3006302163174928,0.2952786048490003,0.2980653997603151,0.2971897748434061,0.1306373373764231
0.2943110202691194,0.2954710412536865,0.29276052743513387,0.2943100730369663,0.29452148604690975,0.29533280351194424,0.29204333841205343,0.29349132137761164,0.1149214778866448,0.135807017435336,0.3048884346789303,0.307528711186729,0.3064543742509844,0.3043846284069748,0.1344145165722808
0.298705501618123,0.2996321448021794,0.296775840068056,0.29718502246133777,0.2980482794042116,0.2979842384652475,0.29629253428136104,0.2965863365924668,0.10770190803953283,0.11517782373418763,0.3079543518991653,0.3029349213100807,0.3032871083718541,0.3027763670221771,0.0739194363318909
0.30441151422244933,0.30473403987209396,0.3048064653339003,0.3059072700429902,0.3036979969183359,0.3039178150859454,0.303927543592348,0.30516737094426966,0.19426579387034243,0.23111371821696644,0.314937830011923,0.3233517652062951,0.3157849683273411,0.3223294396478754,0.462985507182524
0.3109010390052802,0.3118541472876925,0.31169715014887267,0.3137354294260796,0.3098613251155623,0.3111834683464026,0.31115625529033347,0.31314526947325777,0.2278438622742674,0.26649665011405027,0.3260943621188896,0.3293917481922584,0.3257147748673171,0.3291010665312341,0.3372625139082179
0.31679441321750984,0.3179351273180086,0.3177711612079965,0.3177065063322595,0.31510015408320485,0.3155421604304443,0.31687828000677165,0.3173634791240374,0.2585921900296274,0.27245742546044127,0.3300970873786408,0.3256486601446192,0.3242595445985277,0.3257998984255967,0.2843789761532233
0.3216658150229944,0.32170523278079016,0.3207826456826881,0.31933304874156865,0.3189008731381612,0.3188474301288849,0.3206703910614525,0.31935738064281805,0.27521511040568764,0.2541479897911548,0.3292454437063533,0.322586133560187,0.3254579695257661,0.3233451836803793,0.2175291184525819
0.32769545222279,0.3271710011532412,0.32813270948532525,0.32611711260213466,0.32605718198938527,0.32558783762858146,0.32794988996106317,0.3259628742686221,0.32806538409077934,0.28215559477988633,0.3381025378981434,0.3396852403232666,0.3390686526279746,0.3391738615202302,0.3381708047573494
0.33280531425651516,0.33160971416234364,0.33100808166737544,0.32998761710693847,0.33095360383495975,0.33048091760412535,0.3314372778059929,0.33056404246992277,0.3077992495023699,0.3086553412667498,0.3404871401805485,0.3377286261165461,0.3402670775552131,0.3397663788725241,0.3616548342404768
0.33544540964060643,0.33417142245467774,0.3355678434708634,0.3373885971411916,0.3340523882896764,0.33405684411638376,0.33570340274250887,0.33718659205121987,0.33872497645171873,0.36973394372948726,0.339294839039346,0.3521905572096979,0.3412086971409005,0.3504316912138141,0.4918911486549622
0.34004428547095894,0.340478103813253,0.341437686091025,0.3432583558426036,0.33990755007704154,0.3405496805893737,0.3411376333164043,0.34244807846583786,0.3256583008999473,0.31950449528444685,0.3530914665304037,0.3549978732454274,0.3535353535353535,0.3529710512950738,0.219045598394366
0.34721512519161984,0.34868528331205456,0.3495533815397702,0.3498937741630401,0.34749186783085084,0.3481596398245199,0.34906043676993403,0.34928511929323447,0.35448102084713595,0.3335505695858063,0.3650996423096577,0.3631646108039131,0.3633795582948125,0.3629592009480278,0.3616427181885253
0.35287003917560894,0.35458255814739936,0.3516120799659719,0.34992209359345167,0.3504879301489471,0.3501227479558319,0.3545115964110378,0.35499996610407264,0.48562351498048856,0.5536614715319083,0.3663771078180889,0.3499787324542747,0.3540489642184558,0.3664296597257491,0.9938832754241124
0.35447112927950947,0.3525525689982833,0.35152700978307094,0.34571582079631497,0.350778976202705,0.3473226012452222,0.35583206365329273,0.3521228824306481,0.5178568025849046,0.5433814051087912,0.3484925907000512,0.3373032752020416,0.3417223078240027,0.3463687150837989,0.522821272262557
0.35574859478794074,0.3502624348593563,0.3501148447469161,0.34552045787385127,0.35095017976373905,0.3455699724788384,0.35413915693245307,0.3487376408236373,0.482708585636347,0.46763762470991876,0.3456821665815023,0.3451297320289238,0.3420647149460709,0.3419671576096157,0.316150063912174
0.3525123488332482,0.34581170215855117,0.3494172692471288,0.34751697049806446,0.34738914569423046,0.34229004271516233,0.35359742678178435,0.3492458940630016,0.6085056428676199,0.5944353779901893,0.3369102367569409,0.3515099957464908,0.3357301831878102,0.3502624005417302,0.8480308845507304
0.34861182081417136,0.34574013551045857,0.34660995321139937,0.3480539905404649,0.3435028248587571,0.3428426798492568,0.35144743524631794,0.350233677132233,0.6470596269467604,0.5810944648548689,0.3455970022142735,0.3491280306252657,0.3439479541174457,0.3522092432706958,0.5544126385842283
0.3488162152955204,0.35295978374858367,0.3501658868566567,0.3546221272538304,0.34559150830337265,0.3500592470466825,0.35127814457423395,0.3553501868765984,0.525585613767066,0.5162340464117926,0.367399080224834,0.3677584006805614,0.3644923814415339,0.3655832063653292,0.38651320952564
0.35465849088741275,0.3612078453855601,0.35663122075712456,0.3596247330706806,0.35077897620270504,0.35592604713800974,0.3565261554088369,0.3611030476700036,0.48985446785840886,0.4588778785142856,0.377703968659513,0.369629944704381,0.3676596473206642,0.3726087692568139,0.3441655427192716
0.3611139499233521,0.3667917175107731,0.3639982985963419,0.3670715291221239,0.3580380071905495,0.363403988053771,0.3640257321821568,0.367223712272074,0.48471674781667834,0.402739073577364,0.3779594617611991,0.3819651212250106,0.3783598698852936,0.3794650414762147,0.2904614637035209
0.3700051098620337,0.37164982382396516,0.36906848149723515,0.3703346561650682,0.3666666666666666,0.36856048555864596,0.3695784662265109,0.370824498435883,0.37838286136721566,0.37394653315271514,0.3813660364503492,0.376860910250957,0.3788734805683958,0.3780260707635009,0.3163614523034175
0.3760517799352751,0.3730433334094702,0.3761633347511697,0.37509053640835827,0.373035439137134,0.37097092919569147,0.3761977315049941,0.37565152217829256,0.37922320135831955,0.43550246828172606,0.3758303525804803,0.3846022968949383,0.3757918164697825,0.3853055696631116,0.5586143385397477
0.3780957247487651,0.3745684903704081,0.3784091875797532,0.3763895792133986,0.37579181646978255,0.3734053754987198,0.37858472998137804,0.3762737477012781,0.3531867511339064,0.3757786316556755,0.3776188042922841,0.3789876648234793,0.3782742681047765,0.377518198747249,0.2563309584035743
0.37949242037131664,0.3779414758376956,0.37679285410463625,0.37144247858519774,0.3753124464988871,0.370691182821209,0.37992212629084143,0.37728108206889566,0.44434044527225225,0.5171637589074506,0.3846874467722705,0.3615482773287961,0.3652627974661873,0.3792957508041308,0.7999340134110009
0.37531936637710783,0.37099238115518207,0.37228413441088887,0.36743549330888975,0.37068995035096725,0.36554325159603734,0.3759099373624514,0.37132208699068525,0.4604302501836225,0.4684126686917576,0.357094191790155,0.3594215227562738,0.3552473891456942,0.3594040968342644,0.3709104882603717
0.36942599216487826,0.36462797589985513,0.36638026371756693,0.3607375144673755,0.3646807053586714,0.3599712529329971,0.37078042999830707,0.36500756930805006,0.4794505517301263,0.4494294324731507,0.3518991653892012,0.3473415567843471,0.3488272556069166,0.3523785339427797,0.4114629600359369
0.36651337080565494,0.3635077325280247,0.36108889834113134,0.35987349964917054,0.3617702448210922,0.3603940065492936,0.3658202133062468,0.36350654160630347,0.428138667847431,0.4003045946908575,0.3612672457843638,0.3581454700127604,0.3612395137818867,0.3605044862028103,0.3020549191262711
0.3631578947368421,0.36261896300142316,0.35845172267120357,0.3618495952573939,0.35846601609313467,0.3608470458545254,0.3629084137464026,0.3633240947202116,0.43898320439834715,0.37038761017995664,0.3608414239482201,0.3658017864738407,0.3617531244649888,0.3629592009480278,0.310553641158155
0.3601771418838358,0.3650072028366951,0.3612590387069331,0.3664280160074105,0.35978428351309705,0.3645160754250165,0.361435584899272,0.3661932653363005,0.34253351970024154,0.352820270093462,0.369783682507239,0.3755848575074435,0.3718541345659989,0.3719316065684781,0.3176855899204728
0.3644864588656106,0.3695517274574731,0.36505316886431294,0.37041606851933134,0.3638760486218113,0.36824612184643285,0.3647198239377011,0.3694039408996701,0.31081654112784657,0.3059887118617736,0.3786407766990292,0.378392173543173,0.3757062146892655,0.3758252920264093,0.2123255953983968
0.3694770907852155,0.3719852599673905,0.36786048490004236,0.36740342466721904,0.36695771272042454,0.36690927326428285,0.36930760115117656,0.37137510060316586,0.30214442187064866,0.32669326249116487,0.3768523249872254,0.3613781369629943,0.3642355760999828,0.3753174200101575,0.3681023637499474
0.3692726963038665,0.3680719311041332,0.3686941726924712,0.36570691943644745,0.3668207498715973,0.36479108202210536,0.3698831894362621,0.3687108762781898,0.3136403338963626,0.3376403347457235,0.3602452733776188,0.3623139089749042,0.3605546995377504,0.3633824276282377,0.3595344792548407
0.36998807698858804,0.3668540631933647,0.3684559761803487,0.36534154759537446,0.3677452491011813,0.3653192615523731,0.37017098357880485,0.36727330807237374,0.294497219641442,0.296706246458333,0.3644183273718277,0.3646108039132283,0.3663756206129087,0.3643981716607415,0.2148380698835519
0.3704990631919606,0.36868224663694366,0.36530837941301564,0.3635099896205091,0.36541688067111794,0.3636169385068095,0.3690198070086338,0.3669074466207902,0.2619859145388769,0.24951385244143767,0.3723386135241015,0.3598468736707784,0.3602122924156822,0.3661757237176232,0.1551290644076471
0.37082268778742977,0.37254113098342084,0.3657337303275201,0.3691796357855712,0.3663413799007019,0.3691875292836015,0.36983240223463687,0.3712343871326684,0.27613679316375633,0.26070256446855655,0.3802588996763754,0.3805189281156953,0.3803287108371854,0.3798882681564246,0.2830799885227943
0.3708397206608755,0.37400658377376533,0.37238621863036997,0.37766661668279533,0.369166238657764,0.3722449761508322,0.3730658540714407,0.3779844844865044,0.279891796313012,0.3027608361444462,0.3769374893544542,0.3946405784772436,0.3783598698852936,0.3914846791941765,0.3868773794962256
0.3786067109521377,0.38236446412715336,0.378868566567418,0.38335296067524505,0.37661359356274604,0.3807604754547749,0.3802268495005926,0.38505212458233523,0.30667296150638507,0.36632065917019957,0.3990802248339295,0.3947256486601446,0.3977914740626604,0.3991874047739969,0.4934403052217063
0.38574348492590704,0.3882770418316604,0.3851297320289238,0.38754085085708234,0.38174970039376815,0.384525701892523,0.3863382427628238,0.3883531290455227,0.3130045716066931,0.32637914624183045,0.4001021972406746,0.395916631220757,0.3920561547680191,0.3949551379718977,0.2464961203850922
0.3915516947709079,0.39264458213747555,0.3912377711612079,0.3884895903487879,0.3877075843177537,0.3863510386068854,0.39207719654647033,0.39052558357563366,0.37146791843840976,0.3667346970166305,0.4013796627491058,0.3903870693321989,0.3900017120356103,0.3948704926358557,0.4474457985662304
0.3935956395843979,0.3919225960062589,0.3948617609527859,0.39187268592372043,0.3897620270501626,0.3877676672376668,0.3955137971897748,0.3927074795080716,0.37218424329472904,0.34004366894588384,0.3904786237438256,0.3986388770735856,0.3906009244992297,0.3970712713729474,0.2866616128043905
0.39993186850621704,0.39748794199202253,0.39748192258613346,0.39716225283047396,0.3952747817154596,0.39381965922903744,0.3982732351447435,0.39689894266172104,0.3656780610792208,0.3448112687701507,0.4086186339635497,0.4077413866439812,0.4059236432117787,0.4052818689690198,0.3543464684186844
0.40245273377618807,0.4022201450559433,0.4021437686091024,0.404119794811979,0.39775723335045365,0.3992810168985685,0.4014220416455053,0.402909774200416,0.34965445386987615,0.36764826890509483,0.4116845511837847,0.4180348787749892,0.4102037322376305,0.414931437277806,0.4133222691749831
0.4063021631749276,0.40792987811541964,0.4068906848149722,0.4092969339580214,0.4026707755521314,0.405061966524515,0.4056881665820213,0.40736843701843656,0.36591317673886914,0.3543620908467489,0.4193493442343723,0.4196512122501062,0.4166238657764081,0.4162857626544777,0.3277897347300571
0.4127916879577585,0.41656234763136646,0.41454700127605265,0.41575417318454794,0.4104947782913884,0.41308188626030845,0.4125105806670052,0.4145731456992161,0.3616328325915923,0.3782560865077813,0.4338272866632601,0.4286686516376009,0.4291217257318953,0.4289825630607753,0.4260440778298462
0.42105263157894735,0.4216360123708343,0.4170480646533389,0.41421751344303764,0.41427837699024134,0.4118942301713704,0.41840189605552736,0.41855804657133006,0.4801146215229914,0.5451942434923162,0.4317833418497701,0.411144193960017,0.4095189179934942,0.4265278483155579,0.8790705574613861
0.4236756940895929,0.4216686570861487,0.42205019140791145,0.4203956824343063,0.41763396678650916,0.41549668417861946,0.4238361266294227,0.42318970499371894,0.5300130486207987,0.5647423636307843,0.4217339465167773,0.4327520204168438,0.4227015921931176,0.4324530218384967,0.6038386039077205
0.42718446601941745,0.42418857500173496,0.4229179072735005,0.4210549409905158,0.4189864749186783,0.4159865470852384,0.42588454376163876,0.423850977642108,0.5973559286687635,0.6265071322254587,0.4292284108329076,0.4223734581029348,0.4169662728984763,0.4251735229388862,0.7500366694148075
0.428513030148186,0.42478977162722825,0.42276478094427894,0.42033182086167664,0.4198424927238486,0.4176256829909122,0.4266294227188082,0.4225707042415137,0.6039508334283342,0.5379261743262761,0.4259921648782149,0.4188855806039983,0.4209039548022598,0.4200101574403251,0.3607642585279107
0.42422074603985693,0.4206484697920238,0.4204338579327945,0.4192258927678439,0.4167608286252353,0.41632159040688443,0.4242593533096327,0.4207578748326417,0.5982811728117998,0.49118270779990864,0.4123658661216148,0.4170140365801785,0.4137134052388289,0.4171322160148977,0.3976957747471737
0.4229262476579799,0.4222025965081442,0.4218119948957889,0.41882888810355895,0.4181304571135079,0.4163367470828753,0.42346368715083804,0.4213550890622893,0.5339393562227583,0.5132422967053323,0.425310849940385,0.4180348787749892,0.416367060434857,0.4225495175215846,0.5573614745161795
0.423743825583376,0.42340900972001533,0.42060399829859624,0.4214566045459995,0.41866118815271347,0.4193429138516321,0.42216014897579157,0.42288183636261417,0.46800312226987256,0.43354734251798527,0.4258218361437575,0.4267120374308805,0.4253552473891456,0.4259353309632639,0.2741574341432914
0.42633282234713,0.4296638046972361,0.42373458102934913,0.42697986028289936,0.422889916110255,0.42559858012981605,0.4245979346538006,0.42770870801805333,0.43252510087990076,0.479913749166973,0.4421733946516777,0.4380263717566992,0.4381099126861839,0.4373624513289318,0.5726465624649484
0.42876852324987225,0.43249942626213284,0.4281922586133559,0.4317112296966103,0.4268104776579353,0.43056797426676435,0.4294227188081937,0.4331838314161324,0.501348094356141,0.5549022414143527,0.4381706693919264,0.4411739685240322,0.4405067625406609,0.4441340782122905,0.7048792259091123
0.4361778231987737,0.43813707279679576,0.42926414291790715,0.4285986391653851,0.4293271700051361,0.4291442718361205,0.4347892331132555,0.43677748345749046,0.5940022789192262,0.6569237267971015,0.4494123658661216,0.4223734581029348,0.426296866974833,0.4439647875402066,0.8609666975625991
0.42617952648611823,0.41719783732356647,0.41924287537218197,0.4083752731257111,0.4200650573531929,0.40944834694912746,0.42552903335026243,0.41660116187386675,0.5938099916674606,0.623415830617185,0.3753193663771079,0.3679285410463631,0.3700564971751412,0.3762485187066193,0.556400038257352
0.41822517458695285,0.4068152504316878,0.4119608677158655,0.4023508484669067,0.4115733607259031,0.4005978193836504,0.4177585915016083,0.4067618151559089,0.6641949094591303,0.6243045614453365,0.3860500766479305,0.3903019991492981,0.3828967642526965,0.3870831217199934,0.6260820231016395
0.4090444557996934,0.40330010052625215,0.4042364951084644,0.40136873521783567,0.4035781544256121,0.3997765066506765,0.40975114271203666,0.4036162792309637,0.6431450774224899,0.5720021750574732,0.3962698007153807,0.3994045087196937,0.3981338811847287,0.3973252073810733,0.4673974022817463
0.4013455970022143,0.40209219215234504,0.3953041259038706,0.39974986431224485,0.3949152542372881,0.3989150916334648,0.40054173015066874,0.40177319128912625,0.551384580194404,0.46336036329454294,0.3996763754045309,0.3965121225010632,0.3971922615990413,0.3980870154054512,0.2460767397686825
0.3887583035258048,0.3968867609295881,0.387443641003828,0.3941902540757372,0.38594418763910293,0.3930905724169455,0.3885898087015406,0.3959171876242728,0.43959096208611975,0.4095731112034215,0.3864758984840742,0.3830710336027221,0.3814415339839069,0.3842051802945658,0.3019986070211786
0.3920115823539431,0.3951197607923252,0.38797107613781356,0.38631540828925504,0.38625235404896424,0.38592615801944624,0.3905197223632978,0.39257748742131704,0.41055178703505335,0.4101167951362876,0.3915857605177994,0.3705657167162908,0.3715973292244477,0.3858980870154055,0.4112041630020199
0.38511326860841427,0.3805993431683121,0.3779838366652487,0.370998872788328,0.37729840780688234,0.3699931163603933,0.382935500253936,0.3781056620052728,0.48241443175991705,0.601876278999511,0.3515585079202861,0.3403658017864738,0.3381270330422873,0.3491620111731844,0.985395246725958
0.37518310338954186,0.36927255365254763,0.37027647809442776,0.36762182048074826,0.3673001198424927,0.36270955802785565,0.37575757575757585,0.37254896963660594,0.493031792336744,0.5747455877216342,0.3466189746210186,0.3608677158655889,0.3481424413627804,0.3614355848992722,0.5204842051658807
0.36680292965423267,0.36544020467769345,0.36340280731603564,0.3657958031901996,0.35820921075158363,0.359052277400069,0.3684103605891316,0.36881629294548063,0.5091697860911029,0.49208596132791493,0.3577755067279851,0.3621437686091024,0.3517377161444958,0.3613509395632301,0.3267667085404765
0.3625787770396866,0.365411848255577,0.3606295193534665,0.36693206672342527,0.35512754665297036,0.36137925609699284,0.36483832740815986,0.3679925334268895,0.4948663553575622,0.4048844586697684,0.3653551354113439,0.3692045937898766,0.3660332134908406,0.3663450143897072,0.2304814533534753
0.3594617611991143,0.3689414592753639,0.3619225861335601,0.3702983946878698,0.3562232494435884,0.3666114517905079,0.3633147113594042,0.37142169120846863,0.46762210915130903,0.36158394977009717,0.3760006813149378,0.3770310506167588,0.377075843177538,0.378280006771627,0.2749829319707547
0.3631749276102879,0.369335752842294,0.3678604849000425,0.370217361664875,0.36250642013353873,0.36758859669101823,0.3670052480108347,0.37015269228242476,0.3032904994181541,0.2956350325334592,0.370124339976154,0.3700552956188855,0.369542886492039,0.3676146944303369,0.1637371980601833
0.3683188553909045,0.37033670640289645,0.3729987239472564,0.3756645448104696,0.36767676767676766,0.3697237908203204,0.3714237345522262,0.37461113405702645,0.2760690167034462,0.32521561888641976,0.3723386135241015,0.3865589111016588,0.3739941790789248,0.38352801760623,0.384376791592341
0.3746721171861693,0.3767384095033674,0.3769970225435984,0.3778214504039172,0.3733778462592022,0.3732302302324364,0.37618080243778573,0.3781195157016935,0.2616881350256888,0.3017645126415096,0.3895418157043093,0.3821352615908123,0.3802431090566683,0.3851362789910276,0.2548623001516893
0.3779594617611991,0.3784228924310759,0.3787834963845172,0.37792662126743487,0.3755007704160246,0.3743694315799419,0.3787032334518369,0.3783987336211166,0.25545465576736004,0.26761436078161693,0.3817918582864929,0.3781369629944703,0.3766478342749528,0.3789571694599628,0.1993140570618316
0.3789644012944984,0.37929038794786196,0.37868141216503604,0.3774579573514077,0.3762883067967813,0.37658412941373515,0.37909260199762995,0.37900810558094195,0.22339785865303646,0.21664255598745688,0.3810253789814341,0.3765206295193534,0.3810135250813217,0.3802268495005926,0.1146989463991368
0.3818429569068302,0.381032631311179,0.3809102509570394,0.3787051347605726,0.3791302859099469,0.3789736802951123,0.3814965295412223,0.3792168477700608,0.23131677252608113,0.21220562646677352,0.384517118037813,0.3811994895789025,0.3837527820578668,0.3796343321482986,0.2033317674254068
0.386765457332652,0.3863387927585229,0.3825776265418969,0.38410201951569717,0.3838726245505907,0.38521774429078937,0.38376502454714745,0.38443472939199247,0.21195443116145757,0.2373254459009234,0.3969511156532107,0.3948957890259462,0.3977058722821435,0.3948704926358557,0.2875650847692231
0.3884517118037813,0.3902168911923338,0.383921735431731,0.38568661502379237,0.3864577983222051,0.3878681554987731,0.38537328593194514,0.387349014899667,0.20384843443169012,0.2296610694348996,0.3979730880599557,0.3888558060399829,0.3931689779147407,0.3931775859150161,0.2143323165028521
0.3855731561914495,0.3826109542031672,0.3827647809442789,0.3812418068682648,0.38373566170176343,0.3795911540567635,0.38346030133739634,0.3813634254288509,0.24829864012002964,0.2936290747911095,0.367399080224834,0.3723521905572097,0.3630371511727444,0.3693922464872186,0.4215650855035293
0.3846704138988247,0.38057785864154825,0.3813015737983836,0.3772294025088021,0.3817325800376648,0.3767268082914519,0.3815811748772643,0.3778526893525447,0.31458872704168783,0.34446917686321554,0.3765116675183104,0.3692045937898766,0.3709981167608286,0.3708312171999324,0.4461493810074277
0.3824391074774315,0.3781721010713144,0.37893662271373874,0.37461117972442753,0.3795754151686356,0.3754735247652081,0.3806331471135941,0.3768665240116789,0.3826011933576866,0.41077748424394384,0.3733605859308466,0.3693747341556783,0.3729669577127205,0.3748941933299475,0.5433940990054006
0.3753023335036621,0.3725371493089975,0.3720459378987664,0.3698882414666465,0.3717514124293785,0.36984430270542495,0.373590655154901,0.37113036028858276,0.4716211956744226,0.5180733549469303,0.3612672457843638,0.3604423649510846,0.3585858585858585,0.3596580328423904,0.7326650963529031
0.3667007324135582,0.3666797937424771,0.36296044236495095,0.36106827043473294,0.36254066084574554,0.36226794180247524,0.3674961909598781,0.36832199517235575,0.6182398992972507,0.6611908481702843,0.3549650826094363,0.3434283283709058,0.3471152199965759,0.3627052649399018,0.9474258346169924
0.3643331630045989,0.3629736068883305,0.3572607401105911,0.3553300733849587,0.35951035781544255,0.3574738398753932,0.36363636363636365,0.36224570007145257,0.6163190094062786,0.5781141107964125,0.3555612331800374,0.3438536792854103,0.3478856360212292,0.3500931098696462,0.411960636048669
0.35937659683188555,0.3592253501438016,0.35290514674606543,0.35269559124572175,0.3557096387604862,0.35564740041227777,0.35945488403588965,0.3581384064468225,0.5809961928060392,0.47525450653301843,0.3517288366547437,0.3474266269672479,0.3519945214860469,0.3499238191975623,0.2695352980062302
0.3530914665304037,0.3534618782370135,0.34531688643130576,0.3456082050244411,0.34786851566512583,0.3483520476868247,0.3519214491281531,0.3511679438949699,0.5868943970419209,0.507798044416949,0.3419349344234373,0.3314334325818799,0.3337613422359186,0.3372270187912647,0.5728851201848102
0.34815193323113613,0.3478311119206843,0.3409442790301998,0.34326524599814573,0.3421674370826913,0.3422615203491118,0.3472490265786356,0.3462106026282476,0.5825893985646885,0.5755787309335462,0.3365695792880258,0.338579327945555,0.330080465673686,0.3362959200948029,0.7111401039667403
0.3417646056889797,0.33956355624667434,0.3354487452148021,0.3341603837634029,0.3361239513781887,0.3338069440574287,0.3381919756221433,0.3366137384713119,0.5350356019172,0.6202714377488808,0.3230284448986545,0.3159506592939174,0.3168977914740626,0.3174200101574403,0.7096568513795501
0.33432123999318686,0.33249050573147393,0.33087196937473407,0.32976352253729196,0.33059407635678817,0.3292833830096948,0.3320467242254953,0.3308647766096766,0.5126655149074251,0.5135510254991854,0.3183444047010731,0.3209698000850701,0.3202362609142269,0.3193668528864061,0.3001102009997946
0.3305740078351218,0.33265789577578875,0.32845597618034866,0.3316245686899683,0.32651943160417735,0.33006268791412735,0.3284746910445236,0.33126440217068565,0.5063463971909852,0.42168058680746706,0.3329926758644184,0.335346660995321,0.3316212977229926,0.3320636532927037,0.2379397094240304
0.3298926928972918,0.3346147170952882,0.3298511271799233,0.33388610831989657,0.3278719397363465,0.3335497529083396,0.3288979177247334,0.33395731884456187,0.470333617326248,0.4120607981586862,0.3385283597342872,0.3384091875797531,0.3405238828967643,0.3393431521923142,0.3928212208611245
0.3288196218702096,0.333477886114397,0.3284389621437685,0.3330969064681913,0.32802602294127714,0.33265012917167286,0.327729812087354,0.3327900098656765,0.37411962655390657,0.35139724880746853,0.3312042241526146,0.3315185027647808,0.3308508816983393,0.3304553919079058,0.2300701501050333
0.3326520183955034,0.33638206658463915,0.3339685240323265,0.3365974272243634,0.33290532443074816,0.33553151908825446,0.33253766717453875,0.33567976844157227,0.2911529047592036,0.33253924667365736,0.3421904275251236,0.3435984687367076,0.3412942989214176,0.3414592855933639,0.2948232424060349
0.33846022824050426,0.3400498623651185,0.33880051042109727,0.3394415288258836,0.3361239513781887,0.3357974779426462,0.33727780599288987,0.338142361287102,0.3020043437882011,0.3398152964973657,0.3473854539260774,0.3451297320289238,0.3363293956514296,0.3430675469781615,0.3543673961447824
0.34057230454777726,0.3412175940436735,0.3400255210548701,0.34011825727198414,0.33869200479369976,0.3386855068952801,0.33956323006602335,0.33992516541085843,0.28018316900478935,0.26948814283390093,0.3435530574007836,0.3414717141641853,0.3444615648005479,0.3434907736583714,0.1288338355069714
0.3385113268608415,0.33688621979565175,0.337915780518928,0.33603233314800357,0.33627803458311933,0.3352750152114741,0.3378533942779753,0.3368814346912636,0.24899942522183846,0.25862626253805737,0.3282234712996083,0.3278604849000425,0.3284540318438623,0.3307939732520738,0.2369025019463702
0.338954181570431,0.33573031243062185,0.3368609102509569,0.3327696059069775,0.3361068310220853,0.33351496477203907,0.33736245132893183,0.3339211821817385,0.2621667466142519,0.2710530940477383,0.3334184977005621,0.3262441514249254,0.3299948638931689,0.3280006771626884,0.2959067570671003
0.3395843978879237,0.33893404465794363,0.33645257337303264,0.33569866538701376,0.3357815442561205,0.335565931545224,0.3377010326730997,0.3369981855592268,0.2695810544600013,0.29133365657675286,0.3453415091125872,0.3415567843470862,0.3396678650915939,0.3431521923142034,0.3318947816347821
0.341543178334185,0.345015815157757,0.33931093151850267,0.34360628451010045,0.33951378188666326,0.3420408156315304,0.34059590316573557,0.3438460901865981,0.28929734058166956,0.3452053799688765,0.3571793561573838,0.3594215227562738,0.354990583804143,0.3575418994413408,0.4529488267531238
0.3460568897973088,0.35205108167730553,0.3433943002977455,0.3497003756935335,0.34307481595617184,0.3487827888037173,0.34408329101066526,0.34953996441873875,0.2977303146740625,0.28713648863556307,0.3661216147164026,0.3618885580603997,0.3622667351480911,0.3609277128830201,0.1709987059689362
0.35370464997445067,0.35685481184664286,0.352769034453424,0.3580449690218339,0.35101866118815267,0.3552462785370671,0.3525986118164889,0.3574835020395564,0.3281798716028931,0.32114108795388296,0.3664622721853177,0.3747341556784347,0.3681732580037665,0.3733705772811918,0.3891502865905227
0.3620166922159768,0.36289611086715956,0.36427052318162473,0.36661384436986566,0.36045197740112994,0.36255133401072975,0.36326392415777886,0.3654314143160837,0.3529305149927882,0.35398071664144726,0.3749787089081929,0.3837515950659292,0.3771614449580551,0.3813272388691383,0.4196599740165758
0.36894907170839725,0.3685985427696694,0.37104210974053586,0.36954746862712434,0.3677623694572847,0.36710749779794244,0.37008633824276277,0.36937569712376345,0.3476718914387059,0.3378543657157551,0.3800034065746892,0.3754147171416417,0.3762198253723677,0.377264262739123,0.3056016638643707
0.37373530914665304,0.37276920962933396,0.37466609953211394,0.3722121363228043,0.3727957541516863,0.37145750095734537,0.3746571863890299,0.37304917814006777,0.29247795108015523,0.2842292854639602,0.3811105433486629,0.3775414717141642,0.3801575072761513,0.3803961401726765,0.1769791249603704
0.3741951967296883,0.3713198239634156,0.37461505742237333,0.3686858733857685,0.37329224447868514,0.3692213962325919,0.3749449805315727,0.36948834662528984,0.3078440605369357,0.27209594139358634,0.368421052631579,0.361633347511697,0.3647491867830851,0.362366683595734,0.2478292532528387
0.37228751490376427,0.3665211703275096,0.37162058698426187,0.3657111834198048,0.3712206813901729,0.365419411675463,0.37159302522431015,0.36519583133181954,0.2841567292093597,0.2716351709132718,0.3569238630556975,0.3597618034878774,0.3578154425612052,0.3566108007448789,0.2707136299526427
0.3660364503491739,0.35892190893008674,0.36234793704806456,0.35627023740818403,0.36349940078753634,0.3564646217652661,0.36395801591332316,0.3578479516592808,0.29655390110254237,0.3416387251030109,0.343723386135241,0.3373883453849425,0.3385550419448724,0.3431521923142034,0.4816458334824892
0.3594617611991143,0.3549912595615215,0.3563419821352615,0.35264180579799814,0.3574387947269303,0.35294867953328984,0.3572879634332148,0.35320330121904764,0.26056717992832806,0.269648502733107,0.3471299608243911,0.3453849425776265,0.3459167950693373,0.3439140003385813,0.125668057993299
0.3528870720490547,0.3527398722404693,0.3507783921735431,0.3516690445005228,0.35141242937853095,0.35197434653357823,0.35144743524631794,0.3525333672254291,0.25338083743581014,0.22678147265466497,0.3482370975983649,0.349723521905572,0.350025680534155,0.351193499238192,0.141047412497781
0.3474535854198604,0.348911121322182,0.34655891110165876,0.34795801038444035,0.3468926553672316,0.3486996699312481,0.3471813103098019,0.3487009311213374,0.26064392410284765,0.24590254396578537,0.3412536194856073,0.3405359421522755,0.3421503167265879,0.3410360589131539,0.2841446865880261
0.3450689831374553,0.3476076980960121,0.3423224159931943,0.3448317829048119,0.3438281116247217,0.34663068790371737,0.3441848654139157,0.34634347950270755,0.2519569443243548,0.23969460633058304,0.3450008516436724,0.338579327945555,0.342492723848656,0.3416285762654478,0.2272787310601784
0.34341679441321754,0.34355927956869214,0.34222033177371325,0.34218049669905365,0.3430748159561718,0.34268331313651923,0.34284746910445235,0.34305072325743396,0.2650981244168003,0.3422469822019609,0.3354624425140521,0.3368779242875371,0.3347885636021229,0.3364652107668868,0.5473517339447167
0.34418327371827634,0.3460269721623564,0.34495959166312196,0.34781407847425916,0.34432460195172054,0.34584411710670643,0.3451667513120027,0.34720395263040044,0.3797292668191454,0.4611059114696488,0.350962357349685,0.3590812420246703,0.352165725047081,0.3555104113763332,0.6988237700050245
0.3460057911769716,0.34980120973885137,0.34501063377286256,0.348535629800931,0.3450094161958569,0.34837932865608306,0.3463348569493821,0.3504806442286299,0.4154588064330362,0.4139689778355109,0.3573496848918413,0.3499787324542747,0.3534497517548365,0.3570340274250888,0.319695110567235
0.34537557485947884,0.34590165245861537,0.34274776690769876,0.34209762247610626,0.34259544598527647,0.34227970766195065,0.3453360419840867,0.34566775751464557,0.4660662520406828,0.45503995676576037,0.3381025378981434,0.3292216078264567,0.330080465673686,0.3360419840866769,0.5371819146262593
0.3444898654402998,0.3441252031550026,0.34337728626116537,0.34197405655503355,0.34223591850710494,0.34175150059389986,0.34479431183341797,0.3434184801804651,0.4935826321168267,0.4249801816574728,0.3405723045477771,0.341726924712888,0.3406950864577983,0.3389199255121042,0.3648606314408977
0.3431613013115313,0.33902334272673823,0.34193109315185016,0.33786502395034274,0.3408149289505221,0.3370622056690029,0.3435415608599966,0.33901280542023676,0.4540744722312022,0.39992376594384665,0.3288196218702096,0.3296469587409611,0.327683615819209,0.3302014558997799,0.3498109345165943
0.3389712144438767,0.3360195361549629,0.3364355593364524,0.3357778736161224,0.3362780345831193,0.3345352215160242,0.33839512442864395,0.33593461335334784,0.3714280639705514,0.3618130868631546,0.3300119230114121,0.3316035729476817,0.3294812532100668,0.32977822921957,0.2855917287017705
0.3383920967467212,0.3421643895719965,0.33476818375159495,0.337732533920744,0.3347885636021229,0.33835761329396763,0.3366345014389707,0.34003337972780606,0.35145421995664294,0.3144840214080006,0.3544540964060638,0.3416418545299872,0.3460023968498544,0.3482309124767225,0.2198258904976925
0.3391415431783342,0.3420595164000672,0.3376605699702253,0.3397162022536988,0.33751070022256463,0.3401354584546099,0.33792111054680884,0.3408472630271599,0.2722946462287228,0.2567840296008866,0.3418497700562085,0.3436835389196085,0.3436911487758946,0.3424750296258676,0.1413840459866587
0.340998126383921,0.3446580844586152,0.3398043385793278,0.34395939075526605,0.33884608799863036,0.34254764741578225,0.3401388183511088,0.34390099686264136,0.2508716948649418,0.257104644607922,0.3498552205757111,0.3524457677584006,0.347372025338127,0.3500084645336042,0.2577458746219929
0.3481178674842446,0.35124483209635265,0.3446022968949382,0.34718517727651504,0.3449409347714433,0.3477510481716126,0.34594548840358896,0.3490122666291544,0.25727429401509255,0.29867773982773066,0.3644183273718277,0.3536367503190131,0.3581578496832734,0.3592348061621805,0.3818239302673479
0.3540623403168115,0.3540746504556505,0.34991067630795397,0.3508386081885968,0.35132682759801404,0.35230427122871527,0.3520230235314034,0.3527301460389837,0.2722335611334677,0.3192478479830358,0.3597342871742463,0.3581454700127604,0.3614107173429207,0.3601659048586423,0.3603880642936461
0.3520354283767672,0.3508229458723811,0.35004678860059535,0.347999877456796,0.3509330594076357,0.34954736611846443,0.35066869815473173,0.34897319255711046,0.32536615718668205,0.37466152224327876,0.3443195367058423,0.3423224159931943,0.3440335558979627,0.3414592855933639,0.4854888707637647
0.3530233350366207,0.34947839836674605,0.3504210974053593,0.3471849459523401,0.35185755863721957,0.3491361257202477,0.35188759099373623,0.34883862631170376,0.34474845332171655,0.32920619038279625,0.3467893033554761,0.3455550829434283,0.3483136449238143,0.3485694938208904,0.2382955266618312
0.3526315789473685,0.348951078954314,0.348957890259464,0.3464998746445347,0.3501455230268789,0.34569469957563964,0.35048247841543934,0.34688671808850896,0.3730049956685114,0.3524803223738531,0.3478964401294499,0.3451297320289238,0.3388118472864235,0.3429829016421195,0.399028586355967
0.3528530063021632,0.3544758740181431,0.3526839642705231,0.3550889565544593,0.3520458825543571,0.3530163488239812,0.35278483155578133,0.35484000268030275,0.4453899431995813,0.4829031042234679,0.3655254641458014,0.3722671203743087,0.3676596473206642,0.3707465718638904,0.7437486679226973
0.3565321069664453,0.362360512843981,0.35697150148872814,0.36325368973756805,0.35526450950179755,0.36117884990936183,0.35652615540883703,0.3628508431615088,0.4860758934808114,0.5098746747155775,0.3781297904956567,0.3795831561037855,0.3775038520801232,0.3788725241239208,0.5638178156997965
0.36484414920797137,0.37020025786714506,0.3643045512547851,0.36849834809953846,0.36175312446498886,0.3662781101775476,0.36414423565261556,0.3684171243784247,0.4356405417050112,0.4176871537719729,0.385879747913473,0.3789876648234793,0.3764766307139189,0.3795496868122567,0.2333121118847638
0.3737523420200988,0.3772435943834678,0.3731348362398978,0.3755677346893562,0.37048450607772637,0.3748422577808657,0.37279498899610636,0.3762191697650646,0.5098283302299718,0.48153625894352675,0.3913302674161131,0.3897065078689918,0.3919705529875021,0.3918232605383444,0.6092344692866344
0.3820132856412878,0.38122944900077665,0.38291790727350056,0.3817268521918833,0.3807567197397706,0.37995247705279195,0.3825292026409345,0.3813641031321298,0.5151821015071818,0.4629566535430234,0.3892011582353944,0.3940450871969374,0.3901729155966443,0.3916539698662604,0.4257974427420168
0.3865610628513031,0.3835744160658104,0.38538494257762645,0.3826853337595683,0.3844889573703133,0.3820752631929873,0.38561029287286275,0.3829600764292637,0.43440638413134974,0.42192779604319464,0.388264350195878,0.3846022968949383,0.3863208354733779,0.3861520230235314,0.3398700810435372
0.3858627150400273,0.3805956278569662,0.3849766056997022,0.3809707130777669,0.38365005992124634,0.37915329707358775,0.38532249873032,0.38111790208991153,0.4143061201299208,0.4357240292596803,0.3746380514392778,0.3775414717141642,0.3733093648347885,0.3774335534112071,0.4633164956926517
0.38358030999829673,0.37855299280625093,0.3840578477243725,0.3787784337007883,0.3826228385550419,0.37654903934335743,0.3840528186896902,0.378479030262977,0.45034538091123355,0.4283188247702294,0.3744677227048203,0.3743938749468311,0.3713405238828968,0.3732012866091079,0.4135084157913278
0.3807698858797479,0.37812804414529033,0.38208421948107185,0.37913174468468824,0.3800890258517377,0.3774665227192319,0.38115794819705434,0.3781023228670397,0.4126456886405956,0.4257912191579676,0.3772781468233691,0.3798383666524882,0.3793014894709809,0.3773489080751651,0.420736007933444
0.3809742803610969,0.38215973964424,0.3826967247979583,0.3851237010502487,0.38046567368601264,0.382329733402161,0.3816150330116811,0.38338134655782447,0.46167584457601996,0.5075102202450247,0.3902231306421393,0.3971076137813696,0.3920561547680191,0.3939393939393939,0.6709482224191387
0.385947879407256,0.39248394157171784,0.38924712888132706,0.39586723980409316,0.3860126690635165,0.39290509305507304,0.38757406466903677,0.3942366248086529,0.5684908208973993,0.6296551343801612,0.4131323454266736,0.4173543173117821,0.4140558123608971,0.4159471813103098,0.8739449626504341
0.39565661727133367,0.4027165413010339,0.3947086346235643,0.39886116001117905,0.3931689779147406,0.39830036506701844,0.3957846622651092,0.4023199303362917,0.6382257216807021,0.6904337561231627,0.4231817407596661,0.4048490004253507,0.4090909090909091,0.4184865413915694,0.8119909996091655
0.401907681825924,0.40371870935994664,0.4003402807316035,0.400091475169795,0.400171203561034,0.4009841274161336,0.4021838496698832,0.40327902810185373,0.614074097735051,0.5578726027697992,0.4057230454777721,0.4025521054870267,0.4063516521143639,0.4051972236329779,0.2927502960630724
0.4084994038494294,0.40589139188692974,0.4064993619736281,0.40360557440073386,0.4063174114021571,0.4040002611696212,0.40812595226003057,0.4045391590765363,0.5769321936167131,0.45025723096045106,0.4102367569408959,0.4106337728626116,0.4100325286765964,0.4070594210259015,0.2350264873417547
0.4141713507068642,0.4101218829010577,0.4056997022543597,0.40010682132883174,0.4073275124122581,0.40170239405258884,0.4119519214491282,0.407382519345985,0.58361717020795,0.5349625224320751,0.4185828649293137,0.3931093151850275,0.3971066598185242,0.4130692398848824,0.7043731053753232
0.40734116845511836,0.3997417333233532,0.39790727350063787,0.3928686054002788,0.39933230611196713,0.39249485632153985,0.4041984086676824,0.397314885365017,0.5085651950987266,0.522870043989489,0.3789814341679441,0.378392173543173,0.3740797808594419,0.3771796174030811,0.4986850871043168
0.39841594276954523,0.3926796929928356,0.3932284134410888,0.3890639703093876,0.392809450436569,0.38715544778566624,0.39612324360927714,0.390913495609859,0.3956826376424807,0.43110610010230466,0.3785556123318004,0.3814547001276052,0.3764766307139189,0.3781107160995429,0.247578212327936
0.3935956395843979,0.3889936385125689,0.3890769885155252,0.38664097382599466,0.3875363807567197,0.38476573309548323,0.3911630269172169,0.3874077104641315,0.3977476993728475,0.3884292683065053,0.3816215295520355,0.3817949808592088,0.3799863037151172,0.3803961401726765,0.3030756047149066
0.38760006813149384,0.38608205890050434,0.38136962994470436,0.38179297588683214,0.3800719054956343,0.3807472061873786,0.38459454884035893,0.3830108171899583,0.44975532000237184,0.4239743757007957,0.3802588996763754,0.372096980008507,0.3727101523711693,0.3742170306416117,0.4950645904893765
0.37589848407426335,0.37741302081472333,0.37534666099532105,0.37552680740392513,0.37175141242937854,0.37233286895400086,0.3742001015744033,0.37570621264500687,0.4481568364180618,0.5147764796184549,0.3600749446431613,0.3629944704381113,0.3555041944872453,0.3610970035551041,0.6963806874537731
0.3758473854539261,0.37785066089856817,0.37321990642279873,0.3729373384961372,0.371100838897449,0.37183088370259876,0.3733875063484002,0.3748430221876932,0.4289197676875542,0.4773509008962295,0.3787259410662578,0.3677584006805614,0.3708269131997945,0.3731166412730659,0.4024997434517787
0.3732413558167263,0.3737422619809792,0.3696129306678008,0.36976483278163,0.3691148775894538,0.37006953052638014,0.3712205857457254,0.3723207191538518,0.45914421387842347,0.4511340816915805,0.3655254641458014,0.3634198213526157,0.3665468241739429,0.367276113086169,0.3987004432822825
0.36930676205075796,0.36981102822805073,0.3635048915355167,0.3635948169203494,0.36414997431946583,0.3651002828059791,0.3672930421533774,0.3684666201728799,0.5157882804366698,0.49618803362976643,0.3619485607221939,0.3512547851977881,0.3551617873651772,0.3607584222109362,0.5862959375061383
0.3625787770396866,0.36208034369237335,0.35583156103785607,0.3536399871203009,0.357045026536552,0.355795326356186,0.36075842221093624,0.35949239042505515,0.5818250776207525,0.6058748812231075,0.3466189746210186,0.333730327520204,0.3371854134565999,0.3415439309294058,0.8252485764097898
0.359070005109862,0.35556392412626175,0.35093151850276466,0.34859141066775196,0.3535011128231468,0.34979175954419706,0.35615371593025225,0.3523527510005982,0.5361597787829206,0.5599346519036095,0.3425310849940385,0.338494257762654,0.3377846259202192,0.3380734721516845,0.4680541932646133
0.3515585079202862,0.35076543445696734,0.34414291790727336,0.3436660730128696,0.3460366375620613,0.3443626853275872,0.34877264262739127,0.3469722589199858,0.526851034426293,0.49194177515862,0.3411684551183785,0.333815397703105,0.3335045368943674,0.3362112747587609,0.355956021668641
0.34278657809572477,0.34106556131230964,0.33539770310506156,0.33567529778909866,0.33655196028077383,0.33594960280756,0.3390045708481463,0.33746009067663857,0.5509039676215034,0.5009495531918581,0.3216658150229943,0.3196937473415567,0.3191234377675055,0.3184357541899442,0.5189651092583343
0.3349173905637881,0.33491124856237664,0.3234708634623563,0.32099039418748637,0.3238144153398391,0.3211244227585411,0.33021838496698835,0.33058255805280784,0.6297115975767162,0.6607443978886395,0.3226026230625106,0.2916205869842619,0.2914740626605033,0.3168274928051464,0.9803340872822024
0.32377789133026735,0.3202479918593894,0.31401105912377697,0.3094706980674267,0.312874507789762,0.30824490707443225,0.3193837819536144,0.31617867732271726,0.6291970417006972,0.7147215309356579,0.290921478453415,0.2864313058273074,0.2824858757062146,0.287370915862536,0.8226757970296947
0.3132004769204565,0.31004666555458754,0.3053679285410463,0.30474000032795123,0.30325286765964726,0.3020554131395034,0.31066531234129,0.308946159578499,0.6715426340921102,0.7030750723643315,0.2896440129449839,0.2952786048490003,0.2896764252696456,0.2944811240900626,0.6797821552216787
0.30309998296712654,0.3035864388203013,0.2939004678860059,0.2953193650279351,0.29258688580722475,0.2947618179704205,0.30104960216692056,0.30200834768130397,0.722763574154552,0.6727369555698376,0.2906659853517288,0.2764780944279029,0.2801746276322547,0.2881327238869138,0.6120607219808496
0.29318685062169986,0.2930910103121545,0.28432156529136526,0.2874793214747413,0.28228043143297377,0.2857049339456972,0.29172168613509397,0.29193762313113963,0.7278829640782923,0.6300119900055706,0.272100153295861,0.2717992343683538,0.2675911658962506,0.2717961740308109,0.5445620588770366
0.28204735138817916,0.2843623825064054,0.28313058273075276,0.286874772376894,0.2773155281629857,0.27935313806731915,0.2850008464533604,0.28903284688625264,0.6654078455842223,0.6426608249409975,0.2669051268949072,0.2856656741811995,0.2666495463105632,0.2832232943964787,0.6679584948118514
0.28104241185487994,0.2848738485999099,0.28234793704806455,0.28542254072255147,0.27604862181133366,0.27828587336086413,0.2844083291010665,0.2874913409578573,0.6157346118338214,0.6198770927198951,0.2858967807869189,0.2825180774138663,0.2761513439479541,0.2844083291010665,0.5743096282776904
0.28346107988417646,0.2904950167637621,0.28338579327945546,0.29043765581701925,0.27837699024139695,0.2859633380472302,0.2889622481801252,0.29741113380035694,0.6158524679755308,0.6400418737900052,0.3017373530914666,0.3004678860059548,0.3013182674199623,0.3172507194853564,0.6803714359302255
0.284789644012945,0.2927662798410319,0.28632922160782637,0.290690182567932,0.28121896935456253,0.28877039976418095,0.2904181479600474,0.29674483012907943,0.5452862958824333,0.5131045363651241,0.2973088059955714,0.2911952360697575,0.2943845231980825,0.2954122227865244,0.259229861515362
0.28916709248850286,0.2931733184519046,0.28995321139940444,0.2904331828207027,0.2859270672829995,0.2895574850222657,0.2940917555442695,0.29455129073669345,0.47592515694417753,0.4079884789720021,0.2939873956736501,0.2899191833262441,0.2911316555384352,0.2901642119519215,0.1977563641857581
0.29374893544540964,0.29205365952775014,0.2913143343258187,0.29111255148489207,0.29089197055298743,0.29019634423501156,0.2963433214829863,0.29452790185448313,0.40083241866319924,0.3694905871169882,0.2898143416794413,0.2924712888132709,0.2914740626605033,0.2944811240900626,0.2924948034069603
0.2967126554249702,0.2949408999134073,0.29352615908124197,0.2919341013869222,0.29464132853963354,0.2917636074504026,0.2986964618249534,0.29507661150662284,0.3308808975571286,0.3211777323271044,0.3007153806847215,0.2935772011909825,0.2948981338811847,0.2961740308109023,0.2245520227473368
0.2985011071367739,0.3001871371591,0.29354317311782213,0.29480705298756676,0.29381955144667005,0.29357886561864993,0.29630946334856945,0.2984896500388941,0.26041464617732135,0.3234652145617994,0.3106796116504854,0.3005529561888558,0.2972093819551447,0.3053157271034366,0.3280401790311894
0.2998978027593255,0.3015555194755097,0.2946150574223734,0.2953895878558824,0.2949152542372881,0.29567358946282424,0.29717284577619774,0.2989028116674846,0.23536247831272594,0.2602998171053279,0.3042922841083291,0.2965546575925137,0.2998630371511728,0.2997291349246657,0.1339690221923849
0.2948901379662749,0.29068670355313886,0.29167162909400246,0.2886604057987181,0.29049820236260915,0.2867978583635629,0.2945488403588962,0.29161660273346107,0.29196356960185366,0.33378715161401756,0.2689490717083972,0.2752020416843895,0.2690463961650403,0.277044184865414,0.4807618206313968
0.29247146993697837,0.2863648028797454,0.2876903445342407,0.28329522587063266,0.2866290018832392,0.2819079256635931,0.2908921618418825,0.28647697899063873,0.31154250375276354,0.3526545924631816,0.2777210015329586,0.2725648660144618,0.2721280602636535,0.276197731504994,0.3903894741615095
0.28874127065235905,0.28493133000703863,0.28263717566992763,0.2783006028702275,0.2817325800376648,0.2780772919934997,0.2870492635855765,0.2833044991702165,0.34620292110669487,0.3677210981477856,0.282064384261625,0.2683113568694172,0.2704160246533128,0.276959539529372,0.3978541095169935
0.28366547436552547,0.28505443007679826,0.27719268396427044,0.276643901133675,0.2764252696456087,0.2756091379939544,0.282207550363975,0.28257205311195405,0.358947217888286,0.37573461974490535,0.2853006302163175,0.2733304976605699,0.270672829994864,0.2811071609954292,0.3917616629391449
0.27990120933401463,0.2851932730347905,0.27234368353891947,0.27519915257770305,0.27110083889744907,0.27481971979942793,0.2786185881157948,0.28230947663589107,0.40391269540116886,0.3700885497488701,0.2854709589507749,0.2723096554657591,0.2732408834103749,0.281784323683765,0.3587964097567996
0.2785896780786919,0.2775926538337881,0.26773287962569114,0.2675154424245512,0.26812189693545624,0.2679303753179773,0.27528356187574066,0.27499600231230836,0.47289868649146494,0.5219562918602056,0.2623914154317834,0.2521480221182475,0.2541516863550761,0.260369053665143,0.8256917760828767
0.26908533469596324,0.2617948640956305,0.2578477243726073,0.2527233248660484,0.25814072932717,0.252694324286059,0.2655324191637041,0.25914467418980935,0.5928146304631692,0.6779605925801473,0.2301992846193153,0.2231390897490428,0.2222222222222223,0.2274420179448113,0.9899691940200308
0.259819451541475,0.25310823222681506,0.2530157379838366,0.2498660248858868,0.25016264338298233,0.24530474783483083,0.25842221093617745,0.25323261559045246,0.654512651085791,0.6874217992634658,0.2357349684891842,0.2441514249255635,0.2305255949323746,0.2414084983917386,0.7063442126301029
0.25396014307613696,0.25407351744775236,0.2505997447894512,0.2536608604868056,0.24644752610854304,0.247568913097443,0.25412222786524463,0.25535749227389004,0.711987126144072,0.6846592122524937,0.256004087889627,0.2612505316886431,0.2520972436226674,0.2596072456407652,0.6791340382305497
0.2481519332311361,0.2548589815404252,0.24707783921735427,0.25400728285962854,0.24273240883410377,0.24993437441102148,0.24894193329947525,0.25553261180089937,0.7777808129099838,0.6856944226971153,0.2564299097257708,0.2547001276052744,0.2546652970381784,0.255882850854918,0.6877648435863587
0.26770567194685746,0.28995935736374684,0.2672054444917056,0.28693353806975375,0.26067454203047424,0.28124370038632385,0.26803792111054686,0.2889714054407666,0.7976681281195391,0.7655057325082947,0.3601601090103901,0.3527860484900041,0.3438623523369286,0.3558489927205011,0.9251283521306536
0.29337421222960314,0.3128202335868458,0.29039557635048907,0.30431894172748924,0.28496832734120875,0.30205951651618074,0.29314372778059933,0.31030462072553566,0.7377732422132797,0.740502076501774,0.3585419860330438,0.3390897490429603,0.3436911487758946,0.3529710512950738,0.6904947644887329
0.31527848748083803,0.3236322706396834,0.3089408762228838,0.31517193591417186,0.30470809792843695,0.3111144936336257,0.3138310479092602,0.3218181134953715,0.7661816207202111,0.7764634193894363,0.3452563447453586,0.3368779242875371,0.3292244478685157,0.3448450990350432,0.8483861051647609
0.3329756429909726,0.3305848022398889,0.32438962143768596,0.32294604319699927,0.3228385550419449,0.3216595054858195,0.3348908075165059,0.3361807568892455,0.8119012490364526,0.820219672863543,0.3444898654402998,0.338494257762654,0.3427495291902072,0.3649060436769934,0.9077321798117568
0.3510645545903594,0.33601469073416085,0.33847724372607385,0.32367677514707077,0.33638075671973977,0.3218984387995973,0.3519383781953615,0.33782740600922895,0.8417281235044248,0.8257795205511019,0.3468744677227048,0.3251382390472138,0.3223763054271528,0.3411207042491959,0.8368992159262199
0.34656787600068134,0.3365686991767738,0.3344789451297319,0.3267160352674786,0.3337442218798151,0.3248255185788333,0.35016082613847976,0.3408720148181836,0.7905592641077198,0.773614365416444,0.3376767160619997,0.3327945555082943,0.3306796781373053,0.3469612324360928,0.6692840551471283
0.33955033214103225,0.33219722169611526,0.3270267971076136,0.3184203598224421,0.32504708097928436,0.3166188271436358,0.3432199085830371,0.3333368310514091,0.8401454458606151,0.8285514680286993,0.3234542667347982,0.3018290089323691,0.3002054442732409,0.3182664635178601,0.9384256732532096
0.33737012433997615,0.332916583044103,0.3233347511697149,0.31841947141430915,0.32374593391542544,0.3186521222788309,0.3409344845099035,0.3333638802573979,0.84919610913185,0.8502474525261112,0.3343553057400784,0.3184176945980433,0.322718712549221,0.3334179786693754,0.8936394215209353
0.3376256174416625,0.3372001656789791,0.3244066354742661,0.3268975407046762,0.32193117616846434,0.32365999500435444,0.3367530049094295,0.33690880206313967,0.8336610358233105,0.8435172394404273,0.3457673309487312,0.3438536792854103,0.3336757404554015,0.3439986456746233,0.8300568132690594
0.33759155169477095,0.3403681567820685,0.3326244151424924,0.34000740626589926,0.32592021914055813,0.32988050343211034,0.34220416455053326,0.34739803552699805,0.8297381152086007,0.8347730305778419,0.3467041389882474,0.3662271373883453,0.3423215202876221,0.3683765024547147,0.8172846128526712
0.33312893885198436,0.3320333218040679,0.32585282858358133,0.3263171450818458,0.3186269474405068,0.3179914421670897,0.3351786016590486,0.33554316301088855,0.8319877356182005,0.7833594061169368,0.3153636518480667,0.2989366227137388,0.2942133196370484,0.3118334179786695,0.6805321571951266
0.32944983818770235,0.3230418023405079,0.325631646108039,0.317785795572783,0.3186098270844034,0.31203424227563437,0.3328931775859151,0.3259752230579898,0.7377372887469965,0.6779640837103544,0.3050587634133879,0.3007230965546575,0.3001198424927238,0.3068393431521924,0.4671734388971896
0.32324987225344926,0.31647969358327627,0.3239812845597617,0.3152458260007409,0.31489470980996404,0.3094038702427644,0.32940578974098533,0.3226438285202354,0.6939522910260993,0.6768808667790527,0.3033554760688129,0.3101658868566567,0.3041431261770244,0.3159810394447266,0.6747144329164494
0.3061148015670244,0.2976837882277199,0.306865163760102,0.29625490909619784,0.29686697483307645,0.2874482686854975,0.3176908752327747,0.310237243391347,0.6484790866846609,0.6521508417066576,0.2600919775166071,0.2582730752871117,0.2435370655709638,0.2854240731335704,0.6026907915618674
0.2898995060466701,0.2869984126139719,0.2874691620586983,0.28725231569124093,0.28099640472521825,0.2792884023731086,0.2973421364482817,0.29570243177164796,0.550436471592723,0.543791073602099,0.2656276613864759,0.269247128881327,0.2629686697483308,0.2666328085322499,0.3270715373929818
0.2767671606199967,0.2745662499808811,0.27732879625691187,0.2742464750290961,0.27067282999486386,0.2670574169104979,0.28555950567123756,0.28144170921224815,0.4937724135487568,0.4949313380598312,0.2497019247146994,0.2482347937048064,0.2425954459852765,0.2529202640934485,0.3972118669752955
0.2632089933571794,0.2621334756870213,0.25948107188430447,0.2533258082499375,0.24394795411744558,0.23353676564220946,0.27056035212459795,0.26490899794783024,0.5938462847503516,0.6524684903416086,0.2372679270993017,0.2114844746916204,0.1664954631056325,0.2318435754189944,0.9675427949051634
0.24181570430931698,0.24021866073451448,0.23794130157379828,0.23637288393466696,0.22241054613935968,0.2211765391903379,0.24990689013035378,0.24751057512305544,0.5915345420380191,0.6560309000126682,0.1963890308295009,0.2024670353041259,0.1964560862865948,0.2127137294735059,0.6631557193547872
0.2284959972747403,0.2246435879375841,0.22943428328370893,0.22949458390199964,0.21225817497003935,0.211709429368346,0.23831047909260197,0.2408210560636407,0.6570339372450925,0.747416522540857,0.1934934423437234,0.2157379838366651,0.1927752097243622,0.2274420179448113,0.9301877675972344
0.2171861693067621,0.2194552324739177,0.2186814121650361,0.2248239803639873,0.20104434172230778,0.21010612074878834,0.22993059082444556,0.2354584931062497,0.6829843726794778,0.6505522532155407,0.2090785215465849,0.2154827732879626,0.206899503509673,0.2247333671914677,0.456823714564908
0.21229773462783172,0.22139007208929437,0.21487026797107606,0.22627567782099364,0.19558294812532098,0.21183357316597304,0.22461486372100897,0.23241953826292164,0.6610784497841966,0.5295955863099904,0.2252597513200477,0.2291790727350063,0.2152884780003424,0.2263416285762655,0.2876822524988898
0.21333673990802252,0.22841436589294808,0.218766482347937,0.22783896740597076,0.20861153912001368,0.218435188137014,0.22784831555781276,0.23761663704295222,0.5953230754431675,0.5659856986066664,0.2424629535002555,0.230965546575925,0.231638418079096,0.2480108346030134,0.6387659232000182
0.22227899846704138,0.2326430184701639,0.22227137388345378,0.22522314259788379,0.21311419277520968,0.218613243612201,0.2330286101235822,0.23794949212941918,0.5424651925102973,0.5102792339679229,0.2411003236245955,0.2199914929817098,0.2189693545625749,0.2386152023023531,0.3988663046904358
0.22793391245103053,0.22901801640133224,0.2207911527009782,0.21959438770668505,0.21573360725903096,0.21436625645595683,0.23123412899949214,0.23145619886106647,0.4235534122382038,0.45206244472420426,0.221768012263669,0.2083368779242875,0.2058722821434685,0.218469612324361,0.3356288662367671
0.22864929313575205,0.22356381925761895,0.21895363675031893,0.21516132298267868,0.2163156993665468,0.21284749231972197,0.22879634332148302,0.22515227884118497,0.37441864520877155,0.37175825628871834,0.2126554249701924,0.2062951935346659,0.2098099640472522,0.212544438801422,0.2111498794177465
0.22885368761710106,0.22446978741401025,0.22182900893236912,0.2246261932035382,0.21828454031843858,0.21694255579974842,0.23199593702387,0.23088138492352347,0.40167773357866504,0.3891647356419314,0.2262817237267928,0.2435559336452573,0.2251326827598013,0.2423395970882004,0.4239776943483574
0.22761028785556126,0.22839517650685903,0.21978732454274766,0.22333650367829805,0.21617873651771954,0.2183315035583325,0.22999830709327918,0.2332618182657021,0.3483959724040395,0.38356219620358445,0.2362459546925566,0.2207571246278178,0.2211093990755007,0.2380226849500593,0.3723571173268905
0.22670754556293646,0.23112565505839655,0.21895363675031893,0.22083202045872072,0.2153912001369628,0.2172315599251521,0.22954122227865245,0.2342844715868746,0.34657924384454075,0.3856356847667037,0.2365866121614716,0.215823054019566,0.2150316726587913,0.2363297782292196,0.3897826618929422
0.2266564469425992,0.2279212764262586,0.22092726499361964,0.2199563533527442,0.21787365177195678,0.2175825533895809,0.22991366175723718,0.22963358429701128,0.3147603894686542,0.3159353212969139,0.2215125191619827,0.2182050191407911,0.2182845403184385,0.2203318097172846,0.1765345943573343
0.2321921308124681,0.23205879905735127,0.22514674606550394,0.2224351018665253,0.2211265194316041,0.2204131363748835,0.2345691552395463,0.23169635826899673,0.30823975060024944,0.2701391092231834,0.2403338443195367,0.2273925988940875,0.2260743023454887,0.2358219062129677,0.1785466850757225
0.2311871912791688,0.22845820805833297,0.21931093151850262,0.21974902154776713,0.2189008731381612,0.21827690801411792,0.22943964787540208,0.22669492560182422,0.2798890793801502,0.27416751889807595,0.2212570260602964,0.2143768609102508,0.2140044512925868,0.2166920602674792,0.282224338247861
0.2262987566002385,0.22290673247152362,0.21454700127605264,0.21214517217036732,0.214432460195172,0.21177371679626353,0.22386998476383954,0.22118807353196498,0.27731093038612203,0.3026004700509673,0.211803781297905,0.1969374734155677,0.1987673343605547,0.2101743693922465,0.3594663723567501
0.21970703457673313,0.21648048899566397,0.21442790301999137,0.21317263569333153,0.2095360383495976,0.2046989990078155,0.21943456915523957,0.21884294908338328,0.33360283287980746,0.42548103815443467,0.2036280020439447,0.2152275627392599,0.1905495634309194,0.2141527001862198,0.6712421743613693
0.22106966445239312,0.22042888217720355,0.2157890259464057,0.2171186350531752,0.21075158363293953,0.21125342158359303,0.221415270018622,0.2226404040669878,0.3956318603702115,0.4458806027060745,0.2283256685402827,0.2250106337728625,0.2243622667351481,0.2302353140341968,0.4866797318093543
0.21703287344575029,0.2203358845469099,0.21420672054444906,0.21790611399688498,0.20936483478856358,0.2138824670969317,0.21951921449128156,0.22387414557008034,0.4104591084164523,0.38148137690635836,0.2201498892863226,0.2194810718843045,0.219140558123609,0.2263416285762655,0.2526829253069261
0.21672628172372677,0.2201319455146662,0.21498936622713732,0.21803410577248736,0.21035781544256124,0.2155780962521461,0.22087353986795333,0.2237373260969995,0.408545992992149,0.34520717164635384,0.2197240674501788,0.2182900893236921,0.2189693545625749,0.2234636871508379,0.2726587611263449
0.22008175779253958,0.22294835089043383,0.21883453849425774,0.21741051543204812,0.21417565485362097,0.21633757464004855,0.22646013204672424,0.2285273274933667,0.4446686617765547,0.4101646865238287,0.228581161641969,0.2161633347511696,0.2178565314158534,0.2381073302861012,0.5400797162787786
0.22461250212910916,0.22405947516922017,0.2210463632496809,0.22036923912682405,0.2203732237630543,0.21807085241939436,0.22957508041306926,0.22892736566822605,0.4149069936972666,0.44758773567086196,0.2262817237267928,0.2262866865163759,0.221537407978086,0.2297274420179448,0.5224338339649285
0.2366377107818089,0.24552355404740722,0.23399404508719684,0.24349584040469674,0.23341893511385034,0.2419108427759724,0.24220416455053323,0.250411822019323,0.47997835265384686,0.5690706659779933,0.2884517118037813,0.2897490429604422,0.2895908234891285,0.2933807347215168,0.8120365265922558
0.25181400102197243,0.2623594828606515,0.24797958315610372,0.2588001476794108,0.2456257490155795,0.25466543772806655,0.255036397494498,0.26377547911157845,0.5700518456877595,0.6137305741441587,0.2960313404871402,0.2894087622288388,0.2801746276322547,0.2905027932960894,0.7030503904764894
0.2656787600068132,0.2712556093652285,0.26136962994470425,0.2676135395418388,0.2579524054100325,0.26331117066365767,0.2674115456238361,0.2709634620068951,0.5791860362868413,0.5152636208033571,0.2890478623743825,0.2852403232666949,0.2806026365348399,0.2853394277975284,0.3183297141217541
0.27695452222789985,0.2758237304926198,0.2750659293917481,0.27329063702335543,0.27130628317068994,0.27041608718215193,0.2768241069917048,0.27569902037974486,0.4845670870385964,0.3658374038814228,0.2849599727474025,0.2846448319863887,0.2846259202191405,0.2851701371254445,0.0669849700375542
0.2837676716062,0.2706649772011777,0.2788090174393874,0.2638611336004278,0.2766820749871597,0.26308284714157953,0.28213983409514143,0.2692347060982059,0.4805294677987465,0.41130684850950816,0.2603474706182934,0.2450021267545725,0.2484163670604348,0.2563060775351279,0.5022457377656788
0.27772100153295864,0.26651610527997666,0.2720714589536367,0.26126117257751474,0.26962848827255603,0.2601628613997565,0.2746910445234468,0.2648687330198185,0.36166979572887137,0.34678395442063215,0.2582183614375746,0.2560612505316886,0.2543228899161103,0.2561367868630438,0.2177381662428802
0.26862544711292796,0.2611952596489801,0.2640918757975329,0.25734439720111646,0.26254066084574557,0.2550204044325718,0.2675131200270865,0.26145021228464166,0.29895953403867115,0.36102233028891745,0.2505535683869869,0.2495108464483199,0.2447354904982024,0.2546131708142881,0.3894990820254881
0.2602282405041731,0.25648411620952277,0.25578902594640573,0.25280495613776394,0.25524738914569417,0.25139236229990886,0.2621973929236499,0.2605537389498762,0.3236348284357865,0.3879169488950553,0.2470618293306081,0.243726074011059,0.244136278034583,0.2587607922803453,0.4417061861073309
0.25045137114631244,0.24968128612571486,0.24593789876648228,0.2469997027874331,0.24345146379044685,0.2428103393475738,0.2521415270018622,0.2519994284720861,0.4129143161984823,0.42973876888038115,0.2360756259580991,0.2353891960867714,0.2256462934429036,0.2348908075165059,0.5133824088510329
0.24931016862544714,0.25133467675513227,0.24685665674181193,0.24786510740202897,0.24316041773668892,0.24419393849559765,0.2509226341628576,0.2514034900947591,0.35899130379550015,0.3640360711705102,0.254641458013967,0.2495959166312207,0.2469611367916453,0.250211613340105,0.2326306757507683
0.2470277635837166,0.2498252299130621,0.2458017864738408,0.24883903799863036,0.24151686355076185,0.24483099865922342,0.250126968004063,0.2516551454195296,0.3834795153358928,0.35608378876195457,0.2468063362289218,0.2507868991918331,0.2461051189864749,0.2521584560690706,0.3401792239448433
0.25247828308635667,0.2591522085754372,0.2518757975329646,0.2591863259137331,0.24737202533812702,0.2545577655844917,0.25515490096495685,0.2610210421526055,0.4327039227921111,0.44926289894349636,0.2778061659001874,0.2798809017439386,0.2740112994350283,0.2797528356187574,0.6356211193065799
0.26268097428036113,0.27212656748383485,0.2606380263717566,0.2686366233441618,0.25665125834617364,0.26654932474793314,0.26245132893177586,0.27242833880655054,0.4525924128915527,0.47989147816384387,0.2980752853006302,0.2875372182050191,0.2905324430748159,0.2952429321144405,0.5411486366045388
0.27332652018395504,0.27785216348124614,0.271339855380689,0.2753905292732523,0.26878959082348913,0.2731455351084492,0.27399695276790254,0.27915853477008,0.444762708040414,0.4780056136410091,0.2893033554760688,0.2888983411314334,0.2863379558294813,0.2926189266971389,0.4742338845953394
0.28158746380514393,0.2838835010274679,0.2822458528285835,0.28496898747239924,0.2787707584317754,0.281052681683325,0.28484848484848485,0.28759544776105894,0.515791593993302,0.5145954442657422,0.2959461761199114,0.3041259038706931,0.2968669748330765,0.3044692737430168,0.5877751055152085
0.2932038834951456,0.29088514557795536,0.2960782645682687,0.29662897761168594,0.29012155452833416,0.288321487611973,0.29803622820382597,0.2977626894559647,0.5990505604683699,0.5952216482838889,0.3048884346789303,0.3199489578902593,0.302859099469269,0.3180971728457762,0.7564740563201825
0.3035258048032703,0.30372868786557383,0.3057422373458102,0.3071529069516727,0.3008046567368601,0.30135659523386793,0.3095479939055358,0.3109456810130787,0.6551054105698603,0.7021128887939364,0.3294157724408108,0.3282007656316461,0.3274268104776578,0.3373116641273066,0.9158953698140316
0.3090955544200306,0.31112713637185985,0.3112207571246277,0.3097452103341507,0.3058894024995719,0.30622312078537034,0.31493143727780604,0.3146838370006496,0.6850242752443909,0.6983229125216884,0.3259240333844319,0.3149298170991067,0.3159561718883752,0.3221601489757915,0.6907429599771925
0.31267245784363823,0.3098140484459421,0.31431731178222017,0.3079571783625657,0.30933059407635677,0.305330051761382,0.31703064161164723,0.31082754078921476,0.6538185114549011,0.5716169635637557,0.3071878725941067,0.3043811144193958,0.3035439137134053,0.3031149483663451,0.3182050656478903
0.31648782149548627,0.311550363757012,0.3157805189281156,0.3091187654417671,0.31200136962848823,0.30696031870549934,0.3183511088539022,0.3109088971775737,0.5774729366868364,0.4497603862674653,0.3150229943791517,0.3114419396001699,0.310220852593734,0.3110716099542916,0.2060472316748844
0.3174246295350026,0.3108910674635119,0.31266695023394286,0.30753954843431,0.3114192775209724,0.30462309211422944,0.31623497545285256,0.30977810006522516,0.4639663566609557,0.3628206429085699,0.3095724748765118,0.3043811144193958,0.2999486389316897,0.3075165058405282,0.1889411561907793
0.31446090955544204,0.31212643582334393,0.3129561888558059,0.3149086852031937,0.3085430576956001,0.30743063185975167,0.31464364313526333,0.3163037342232701,0.30719362130251604,0.28589099294632436,0.314597172543008,0.3296469587409611,0.3130457113507962,0.3293550025393601,0.1320316930218333
0.31727133367399085,0.32140967520795466,0.31717566992769014,0.3219481976216385,0.31280602636534843,0.31737742631887345,0.3178263077704419,0.32356031353274156,0.23224235628572515,0.2959228735952957,0.339976153977176,0.3360272224585281,0.337271015237117,0.3380734721516845,0.3159866348932383
0.32287514903764264,0.32600876660942507,0.3227392598894086,0.3253651531570883,0.3184043828111625,0.32209684952674084,0.32337904181479604,0.3259997485511996,0.21373691351653906,0.2725078663308504,0.3352069494123659,0.332199064227988,0.3315356959424756,0.3308786185881158,0.2256778518019598
0.3252767841934935,0.32634956779241864,0.32794555508294326,0.32940124062734,0.32095531587057013,0.32238973898141793,0.3289487049263585,0.3303064742048345,0.22432526899930041,0.26800158058346396,0.3270311701584058,0.3374734155678434,0.3229755178907721,0.3389199255121042,0.2589890090886911
0.3303866462272186,0.32927364020999145,0.3340706082518076,0.3312696205061325,0.32823146721451807,0.32703629120475514,0.3343998645674623,0.33179508415190534,0.2251568523892212,0.24303407810243707,0.3351217850451372,0.3350063802637175,0.3363293956514296,0.3347723040460471,0.1930990731403833
0.33055697496167613,0.32466536554509284,0.3321650361548277,0.32755277975610875,0.32843691148775894,0.32271517170883685,0.3322160148975792,0.32734197416458494,0.2664634657893177,0.27487763874239657,0.3154488162152956,0.3201190982560612,0.3140729327170004,0.3184357541899442,0.3385647600223155
0.32522568557315623,0.32088347937492084,0.33008932369204586,0.32691807321894556,0.3233864064372539,0.31914961113408846,0.33001523616048756,0.32725117559846545,0.30123949047228554,0.34654067859762366,0.3133197070345768,0.3256486601446192,0.3120184899845917,0.3270695784662265,0.4898667583080778
0.32287514903764275,0.32174040849488,0.3247299021692896,0.31974603435069926,0.31813045711350796,0.31451839053064096,0.32735737260876924,0.3240305506754851,0.3585777241979036,0.4018167925417658,0.3234542667347982,0.3054019566142066,0.3052559493237459,0.3175893008295243,0.5123690204300501
0.3218872423777892,0.3218574846162994,0.32122501063377273,0.31981367553055257,0.3172230782400274,0.3158251348615504,0.3236160487557136,0.322758135865932,0.3849321106401149,0.3981315087944264,0.3220916368591383,0.3199489578902593,0.3184386235233692,0.3202133062468258,0.3907609412997476
0.31747572815533986,0.3189263943884965,0.3172947681837515,0.31832750635823875,0.3125149803115904,0.3148130585774486,0.32173692229558154,0.3236309811590836,0.4074141885209954,0.36725749337787955,0.3130642139328906,0.3153551680136112,0.312788906009245,0.3253766717453868,0.3055094625447857
0.3142394822006473,0.31237345840627523,0.31096554657592507,0.3083760009778021,0.30741311419277517,0.3060632397592738,0.31726764855256473,0.31445044926434257,0.45494436804600574,0.4369102148010422,0.2992675864418327,0.2884729902169289,0.2885636021229242,0.2960893854748604,0.5762156576473675
0.31010049395332995,0.30579056087018025,0.3037345810293491,0.30208194478911454,0.30333846944016435,0.30125724858002834,0.31069917047570683,0.3077093622035406,0.4287097377627417,0.41083801216461385,0.2926247657979902,0.2894938324117395,0.2916452662215374,0.2942271880819367,0.3586936068917572
0.3033043774484756,0.3003516019836289,0.29869842620161624,0.2947950240179238,0.2984591679506933,0.2944579796788159,0.3047909260199763,0.3011556009859844,0.44926524405859103,0.4789408587461749,0.2894736842105262,0.2802211824755423,0.280859441876391,0.2880480785508719,0.615146551909297
0.2957588145120082,0.29502234204801975,0.29177371331348356,0.2916384804951478,0.2901044341722308,0.2885269713295627,0.29769764685965805,0.2956860374724011,0.5043090279823892,0.5412871928036961,0.2843638221768013,0.2853253934495958,0.2766649546310563,0.2847469104452345,0.6659798609187382
0.2938170669391927,0.29780005338828414,0.2897150148872819,0.2961128789576329,0.28779318609827087,0.2927622027661902,0.29346538005755884,0.2985291375598977,0.5741368093184923,0.5790742516108979,0.3033554760688129,0.305061675882603,0.3012326656394453,0.3042153377348908,0.6546483692253015
0.2979901209334015,0.30524432106314836,0.296112292641429,0.3042283789676435,0.29346002396849846,0.30080739900214765,0.2989503978330794,0.30685758315741957,0.5924280733329552,0.6086068269804925,0.3201328564128768,0.3204593789876647,0.3168977914740626,0.3235144743524633,0.6676719777196819
0.3032873445750298,0.3098665087108095,0.3016758826031475,0.3085895133852062,0.29750042800890253,0.30448736147595096,0.3033011681056374,0.30989873525318856,0.6131566923104742,0.5598501185801125,0.3191108840061318,0.3173117822203317,0.3118472864235576,0.3159810394447266,0.4623367017793524
0.3091807187872594,0.31289119089776446,0.30982560612505305,0.3127162756184942,0.30515322718712545,0.3093660535731358,0.30986964618249535,0.31356264648051296,0.640353428906954,0.6236101573506404,0.3189405552716743,0.3209698000850701,0.3191234377675055,0.3208904689351617,0.7511302348916963
0.32493612672457844,0.32964108121964175,0.32438962143768596,0.32785934041658293,0.3219482965245677,0.3264574694881797,0.32593533096326394,0.33073354243670106,0.6625492008086914,0.674726345042902,0.3631408618633964,0.3581454700127604,0.3606403013182675,0.3650753343490773,0.776958720427425
0.3354965082609437,0.3384798487299741,0.33403658017864724,0.3363383834735251,0.3326827598014039,0.3359399736666619,0.3358219062129677,0.3383717662856039,0.6204443139827134,0.597858875060405,0.3561573837506388,0.3532964695874094,0.3549049820236262,0.3536482139834096,0.4441239350954111
0.34247998637370125,0.34400331481220436,0.3389706507868991,0.33926883299199134,0.338281116247218,0.33892317367881897,0.3410699170475707,0.34216602036556204,0.6360935719020677,0.6472120058124214,0.3550502469766649,0.3451297320289238,0.3448895737031331,0.3497545285254783,0.7459182673164542
0.3469596320899336,0.3431719140705674,0.3480731603572947,0.34712066535209746,0.3439308337613423,0.339314073783939,0.3498053157271035,0.34799669119117144,0.717905294329192,0.7219397751799388,0.3415091125872936,0.3628243300723096,0.340095873994179,0.3596580328423904,0.8713953139149736
0.3583205586782491,0.3540296721181288,0.3595236069757549,0.35748778796052205,0.3538948810135251,0.349190607198766,0.36084306754697815,0.3573575368056261,0.7427750880754367,0.7731195846609324,0.3757451882132516,0.3782220331773712,0.3689436740284199,0.3760792280345353,0.8754792036229198
0.35944472832566854,0.35894035144558384,0.35933645257337293,0.35739509130729824,0.3537921588769047,0.3528359683442324,0.364889114609785,0.3666735477581213,0.7231627154569064,0.7417120088855461,0.3687617101004939,0.3572096980008507,0.3601266906351652,0.3853055696631116,0.6788968573347733
0.36104581842956907,0.3606811790537697,0.35948957890259453,0.356284094616038,0.35035096730011983,0.34779032027605566,0.36639580159133234,0.36484291480246284,0.7754416622195249,0.7296475622265319,0.3641628342701414,0.3540621012335175,0.3376990241397021,0.3611816488911461,0.7055186689085035
0.3621018565832056,0.360564265284129,0.362484049340706,0.35755675781718566,0.3532271871254922,0.3516171044607021,0.36829185711867274,0.3629735452557021,0.7369988888111749,0.6709998415759225,0.3603304377448476,0.3601020842194811,0.3592706728299948,0.3592348061621805,0.5537044002747039
0.36903423607562597,0.3657665135392178,0.363538919608677,0.3610707323488454,0.3583975346687211,0.35639394021057585,0.37044184865413915,0.3654516936770422,0.7003109694879261,0.6766518001501917,0.3761710100493954,0.3680986814121649,0.3659476117103235,0.3704079905197224,0.6879557172987298
0.36639414069153464,0.36469257945707695,0.3606125053168864,0.36191047547203614,0.3575415168635508,0.3591504884745733,0.3681564245810056,0.3651851650076506,0.6201994136932315,0.6094083416499434,0.3625447112927951,0.3635899617184176,0.3646635850025681,0.3646521076688674,0.4749214246494468
0.3637881110543349,0.36170557360954964,0.35972777541471707,0.3588689998113588,0.35579524054100325,0.3565654286571914,0.36150330116810564,0.360803427537971,0.6594396619694937,0.6979715940053236,0.355731561914495,0.3527860484900041,0.3513953090224276,0.3520399525986118,0.875098098716084
0.369170499063192,0.371495307177842,0.36666950233942996,0.3688362451599332,0.3655367231638418,0.3665124315227592,0.3666497375994583,0.36950689537461706,0.6331709323430481,0.6567060695956409,0.3910747743144269,0.388770735857082,0.3864064372538949,0.3869138310479093,0.5741750207762755
0.3811275762221087,0.38770214596503844,0.37788175244576766,0.3846119416903453,0.37734976887519256,0.3837869214774224,0.3786185881157948,0.3860309498310324,0.6977381992866583,0.729984291394679,0.4201158235394311,0.4161633347511696,0.4183359013867488,0.4190790587438632,0.8765407349927551
0.38027593254982117,0.3824390278726782,0.37595916631220744,0.3759032113750182,0.375894538606403,0.37541510110707343,0.3778229219570002,0.37949718646260466,0.7223261387849693,0.756954665859881,0.3719127916879578,0.3584857507443639,0.3586714603663756,0.3664296597257491,0.8108954147902849
0.38158746380514397,0.37799347443825515,0.3800425350914503,0.37860440945488943,0.37603150145523023,0.3720595338202837,0.3812595226003047,0.38027649460353313,0.82734185385508,0.8379697772399206,0.369102367569409,0.3840068056146319,0.3653483992467043,0.3818351108853902,1.0
0.3874808380173736,0.3803951272840511,0.3867971076137812,0.3812559100038126,0.38219482965245677,0.37544367254970923,0.3885390214999153,0.38299681210124376,0.8376456840511819,0.8675189347254784,0.3851984329756431,0.3865589111016588,0.3822119500085602,0.388437447096665,0.926617249696594
0.3871231476750128,0.3833588590569084,0.38342832837090585,0.3781462198834434,0.37856531415853445,0.3730487349612339,0.3877941425427459,0.38306102015484983,0.870637537474857,0.8247240524485356,0.3892863226026231,0.3719268396427051,0.3682588597842834,0.383189436262062,0.7391342878946505
0.3744847555782661,0.37454719372317147,0.3722841344108888,0.3722449349059905,0.36548536209553156,0.3663445369980674,0.3763839512442865,0.37605004752042187,0.8282925692436958,0.7714213329113404,0.3569238630556975,0.3604423649510846,0.3529361410717343,0.362028102251566,0.6648158938369498
0.3746891500596151,0.37400971718034864,0.3758740961293066,0.37364180971614447,0.36837870227700736,0.36860907842329643,0.3784492974437109,0.3762854952545716,0.8307130902376013,0.788613561860831,0.3729347640947029,0.3764355593364524,0.3731381612737545,0.3767563907228711,0.8229980197598121
0.37801056038153646,0.3779096178465709,0.37470012760527427,0.37514019414225314,0.37055298750214,0.3711459940729869,0.37797528356187576,0.3773453439951193,0.7177983609918935,0.6708844924977075,0.3857094191790156,0.3781369629944703,0.3762198253723677,0.3794650414762147,0.4354263537714608
0.37542156361778234,0.3760242282833382,0.3721650361548276,0.37472128071131067,0.36854990583804137,0.37149617661134693,0.3746063991874048,0.3754279044048496,0.6204217799618492,0.5938344431805959,0.3722534491568728,0.3738834538494257,0.3721965416880671,0.3715930252243101,0.4397343445463723
0.371963890308295,0.3746821375406209,0.3712632922160782,0.3722868937905264,0.36885807224790274,0.37093068168542803,0.37166074149314376,0.37310565220015196,0.5446368387825278,0.5159594894530785,0.3719979560551865,0.3674181199489579,0.3697996918335902,0.3684611477907568,0.3602095819980434
0.38046329415772445,0.38292838579469546,0.37869842620161626,0.38073060748660925,0.37801746276322545,0.38019815233973464,0.3793465380057559,0.3822227964049769,0.5573582343901652,0.586780616927098,0.3994208823028446,0.3976180348787749,0.3987330936483478,0.4004570848146268,0.7284228718751371
0.3856923863055698,0.38831233214110683,0.3803658017864738,0.38207788407798615,0.38111624721794213,0.38300946274226905,0.38330793973252075,0.3870029973888831,0.5346079695351053,0.6276026431129029,0.3990802248339295,0.38477243726074,0.3886320835473378,0.3965633993566955,0.7092466954845127
0.3838017373530915,0.3842936128996126,0.3797703105061675,0.37977175824963716,0.380688238315357,0.38003290211466,0.3829185711867276,0.38384139784167176,0.5833517460607687,0.6447835075418612,0.3762561744166241,0.3751595065929392,0.3740797808594419,0.377518198747249,0.6791452363997775
0.38794072560040876,0.38717853873089486,0.3816928966397277,0.3810133003388336,0.3837870227700736,0.38258542273032353,0.38589808701540546,0.38472446668368093,0.5886989544765049,0.5853458005695921,0.3929483903934593,0.3834963845172267,0.3876904639616504,0.3864906043676993,0.4664703866250536
0.3889115993868166,0.38373646748300505,0.3827988090174393,0.37832476083839434,0.3849169662728985,0.38020675160278716,0.38703233451836805,0.3811937728909773,0.603104719954899,0.5343100035097326,0.3768523249872254,0.3729476818375158,0.3754494093477144,0.3741323853055698,0.4322384093900137
0.38293306080735817,0.3790003747905209,0.3766567418119948,0.3745190735094471,0.3791302859099469,0.3767377316797215,0.38269849331301853,0.3803918081899445,0.5879793344212081,0.5738053170753824,0.3695281894055527,0.3669076988515525,0.3697996918335902,0.3787878787878789,0.6527959442066822
0.3777210015329586,0.3770068926809911,0.3735942152275627,0.3728326504524911,0.3750727615134395,0.37393997497474785,0.377518198747249,0.37714851430257906,0.558067464013031,0.5690993258647975,0.3730199284619315,0.3694598043385793,0.3683444615648005,0.3706619265278483,0.5596873434436279
0.3787089081928121,0.37840316435929133,0.3737303275202041,0.37383512298704275,0.3750042800890258,0.37387244122895646,0.37704418486541397,0.37648171931441055,0.5149146121238724,0.5338598762278597,0.3811957077158918,0.3758400680561462,0.3737373737373737,0.3751481293380735,0.4633809769539841
0.37230454777721,0.37257763901134383,0.36634623564440655,0.3647487237041081,0.3676082862523541,0.36615179241206813,0.37149145082105983,0.3705634575915832,0.5514113823699328,0.5722246634370252,0.3609265883154488,0.346575925138239,0.3507104947782914,0.3587269341459286,0.648954237855356
0.36475898484074265,0.36142659610919203,0.35712462781794974,0.3521123633711493,0.35829481253210066,0.35372854185686126,0.36333164042661253,0.3581534161721666,0.6549963385658156,0.6982041724144926,0.3391245103048885,0.3268396427052317,0.3288820407464475,0.3333333333333333,0.9501631903694276
0.35845682166581505,0.3536235219164329,0.3516120799659718,0.34785656211132054,0.352165725047081,0.3488704460407381,0.35732182156763165,0.355015205612436,0.6052598810534137,0.6001740004912192,0.3380173735309147,0.339344959591663,0.3391542544084917,0.3487387844929746,0.4041136566446723
0.35300630216317497,0.35100479159386566,0.3453679285410463,0.3446507238121976,0.34648176682074994,0.34588852083820704,0.35168444218723555,0.3508351469502465,0.5853306002457356,0.5534629801292253,0.3457673309487312,0.3382390472139515,0.3399246704331451,0.3424750296258676,0.4600409394052377
0.3444728325668541,0.34684598097400615,0.33733730327520195,0.34166279645043995,0.33944530046224963,0.3434440278737621,0.3440663619434569,0.34624267400655784,0.5606006734689121,0.48221910110943894,0.3385283597342872,0.3356869417269247,0.3385550419448724,0.3370577281191806,0.3397313430698661
0.34288877533639933,0.34889942137039576,0.33783071033602713,0.34412285111441493,0.3395822633110769,0.3460944549233173,0.34239038428982566,0.3476107979636293,0.4774151743270406,0.39915498145495887,0.353006302163175,0.3490429604423648,0.3513953090224276,0.3503470458777722,0.2330267421459988
0.34523931187191287,0.34955867857441586,0.34140365801786465,0.34431669444774976,0.3431261770244821,0.3462635063867028,0.34470966649737605,0.3467171134327813,0.3329201392464808,0.34199932595884874,0.3508771929824562,0.3447043811144193,0.3466016093134738,0.3449297443710852,0.2276880149666285
0.34719809231817417,0.3489762109703509,0.34269672479795826,0.3448145607958768,0.3449409347714433,0.3469183519722343,0.34416793634670734,0.34648812020173114,0.29479078607292875,0.2991551808982033,0.3478112757622211,0.3458102934921309,0.3482280431432974,0.346030133739631,0.2134668907769124
0.3475387497870891,0.3484743467446693,0.34133560187154394,0.34035418472454454,0.34394795411744566,0.3429321570358752,0.34404943287624856,0.34495291755901203,0.37559590323239755,0.48745896233299596,0.3474706182933061,0.3314334325818799,0.334959767163157,0.3418825122735738,0.8640665252025813
0.3465508431272356,0.3435125066414528,0.33948107188430443,0.33570755374660544,0.34192775209724363,0.33810611530520424,0.34318605044862033,0.3408822170330212,0.4923887145217676,0.6328711080609027,0.3335888264350196,0.3264142917907272,0.3284540318438623,0.3327408159810395,0.9236953995167164
0.34314426843808554,0.3409994806667767,0.33789876648234785,0.33751551364193083,0.33918849512069854,0.3379704182500369,0.34130692398848833,0.3409052825477181,0.5418690001448419,0.5820567954610587,0.3359734287174247,0.3411314334325818,0.3376990241397021,0.340951413577112,0.4804281702613707
0.3432634985522058,0.34449076829553693,0.3370820927264993,0.3385506798730127,0.33797294983735665,0.3388215731322794,0.3414254274589471,0.3424442756062718,0.5738967462709638,0.5173134455064518,0.3514733435530574,0.3406210123351765,0.3405238828967643,0.3455222617233791,0.3878267455972378
0.3425992164878215,0.3444904673437912,0.33687792428753716,0.34063027034778187,0.33723677452491013,0.3407301042818746,0.3412222786524463,0.3433009803065569,0.6035289928862253,0.465418338288708,0.3444898654402998,0.3447894512973202,0.3445471665810649,0.3450143897071271,0.3616281238532203
0.3431613013115313,0.34642065903314573,0.3419651212250105,0.34604331932160354,0.3405581236089711,0.3443422403824037,0.3444726595564585,0.34824545913558286,0.5630484464008809,0.530833489784425,0.3502810424118548,0.356869417269247,0.3515665125834618,0.3581344167936348,0.6616637927758591
0.3488673139158576,0.3516534025076476,0.34962143768609094,0.3522608375797787,0.3472521828454032,0.3502029362636101,0.3503470458777722,0.35286788861959123,0.46293465647963716,0.4949311431597825,0.3621188894566513,0.3646958740961292,0.3619243280260229,0.362112747587608,0.4231264499104973
0.3544881621529552,0.3557948249727359,0.3531263292216077,0.35439252208990774,0.35228556753980483,0.3544239400463101,0.3544946673438294,0.35580843271552687,0.41229070667607326,0.4056902358543721,0.3640776699029126,0.3586558911101658,0.3628659476117103,0.3616895209073981,0.2272084212435512
0.35360245273377616,0.35287814880087803,0.35458953636750307,0.3522406974148229,0.35362095531587057,0.35201623395657106,0.3546131708142882,0.3525772148355755,0.39315131902501044,0.36783675968355595,0.3470447964571623,0.3479370480646533,0.347200821777093,0.346114779075673,0.2921298073419236
0.3557826605348322,0.35371573401577866,0.3562058698426201,0.3524508378341837,0.355110426296867,0.35200899646639633,0.3562383612662943,0.3527649238794363,0.3749078032698288,0.33536135481480805,0.35539090444558,0.3528711186729051,0.3519945214860469,0.3531403419671577,0.2704105450773123
0.35428376767160624,0.35007268204242736,0.35360272224585276,0.3495851183179259,0.35326142783769904,0.34877983774013827,0.3535466395801592,0.35006855204061066,0.31151124984602524,0.3384679117621525,0.3427865780957248,0.3438536792854103,0.3423215202876221,0.3446758083629593,0.3446810256568414
0.35028104241185487,0.3474168757475831,0.3488898341131433,0.3467672233561445,0.34959767163156996,0.34705507415855136,0.34956830878618594,0.347452732566321,0.2628326154572553,0.2855563671636508,0.3421052631578947,0.3411314334325818,0.3436055469953775,0.3422210936177416,0.1797332779666474
0.34724919093851137,0.34791738801045374,0.34826031475967667,0.34968091368504056,0.34721794213319634,0.3483591494789817,0.3485356356864737,0.3504772068471596,0.29642460814209715,0.3220937063316873,0.3489184125361949,0.3555082943428328,0.3509673001198424,0.356526155408837,0.3951683846677604
0.35130301481859993,0.35438289729283756,0.3491110165886856,0.35051746152659297,0.34853620955315867,0.3501701526116227,0.35154900964956837,0.35404535419515515,0.30913660463064496,0.33329240081601247,0.3673139158576051,0.3521905572096979,0.3537921588769046,0.3611816488911461,0.3556897897846628
0.3532617952648612,0.3579835337541872,0.3511697150148872,0.35473317795236636,0.3505392912172573,0.35411674500992846,0.35308955476553244,0.3563112586457628,0.33886955215951187,0.3618866947845573,0.3651848066768864,0.3631646108039131,0.36200992980654,0.3608430675469781,0.419075282721647
0.35888264350195875,0.3622859622631957,0.35486176095278593,0.35726008829321226,0.3551617873651772,0.3578891636823594,0.3573556797020484,0.35954298344568825,0.38561125206730146,0.43405430492163455,0.3708908192812127,0.3623139089749042,0.3654340010272213,0.3660064330455392,0.578389525195789
0.3639243740419008,0.36396194679466554,0.3600170140365801,0.3604759584793256,0.3589625064201335,0.3594624898782926,0.3617572371762316,0.3611049492933447,0.42983597068576307,0.4229884936340749,0.3673139158576051,0.3669076988515525,0.3626091422701591,0.3642288809886576,0.4008568710589558
0.36748424459206264,0.36488055295877836,0.36180348787749883,0.36179752683535926,0.36230097586029786,0.3621948756924165,0.36316234975452855,0.361920538962337,0.4426443907544243,0.4350624907597389,0.366717765287004,0.3644406635474265,0.3676596473206642,0.3635517183003217,0.4592104850110668
0.36865951285981946,0.36765045437131527,0.3659719268396426,0.36554260189704507,0.3658448895737031,0.3653004929429213,0.3650414762146606,0.3648061197054935,0.49595930585302617,0.4974631155990498,0.3731902571963891,0.3730327520204167,0.3715117274439309,0.3705772811918064,0.6222643652776715
0.370328734457503,0.3696106078026449,0.3686091025095703,0.3691452309825472,0.36836158192090396,0.36839812580946224,0.3681056373793804,0.3685920375938547,0.5520263454370857,0.5647789039466816,0.373530914665304,0.3763504891535516,0.3745933915425441,0.3761638733705773,0.6994104806419451
0.3716402657128258,0.3722232303877055,0.3713143343258187,0.3713768433404135,0.37086115391200136,0.37157603753387763,0.36973082783138655,0.3704388201644264,0.48976437766908826,0.46554583141638833,0.3774484755578267,0.3758400680561462,0.3779318609827085,0.3741323853055698,0.2670796863558018
0.37409299948901387,0.3746746818379855,0.3739855380689067,0.3743391347492732,0.37461051189864747,0.374836002423715,0.3726426273912308,0.37322183970557726,0.49680195890859347,0.4557121466964194,0.3795775847385454,0.3802637175669926,0.3813559322033898,0.3787878787878789,0.4360447772564816
0.37731221257026065,0.377387731456403,0.37512547851977873,0.37293954510011096,0.3757062146892655,0.37427005537372815,0.37528356187574075,0.37440002337800854,0.5439972581007282,0.5355370914548597,0.382813830693238,0.3701403658017864,0.3731381612737545,0.3767563907228711,0.6951869809717404
0.3777210015329586,0.37666988830756165,0.37556784347086336,0.3737078889920206,0.37676767676767675,0.3751197161944811,0.3761469443033689,0.3745647466953215,0.4877006101533617,0.47061843615018634,0.375234202009879,0.3752445767758399,0.3768190378359869,0.3748941933299475,0.3407811255408394
0.3795946176119912,0.3787462572251967,0.3775414717141641,0.37787813611803217,0.37883923985618895,0.3783968797913558,0.3777382766209582,0.3777500094497223,0.49552557872964675,0.5599240652745808,0.3828989950604668,0.3862186303700552,0.3849512069851052,0.3841205349585238,0.7385353235233699
0.3820643842616249,0.382429941085463,0.38233943002977444,0.3851953772900874,0.38094504365690807,0.3817515465230051,0.3821398340951414,0.3838800638586434,0.6222344973738458,0.6734908033753196,0.3897973088059955,0.399829859634198,0.3884608799863037,0.3961401726764856,0.9006242795767974
0.3873445750298075,0.39027947358346143,0.38676307954062084,0.3909242399004666,0.38556753980482794,0.3893238353296664,0.38655832063653295,0.3895468130707078,0.656207659217314,0.6509640644081541,0.4059785385794583,0.4023819651212249,0.4044684129429892,0.4008803114948367,0.6059105864738231
0.38976324305910404,0.3918220393355479,0.3925478519778816,0.3936375692630078,0.3902071563088512,0.3916613048177346,0.390401218892839,0.3916881693819391,0.6103712211456682,0.5893109731432731,0.3949071708397207,0.3990642279880901,0.3963362437938709,0.3959708820044016,0.4660047906135109
0.39502640095384095,0.39506469005155304,0.39678434708634613,0.39456739694805937,0.39453860640301314,0.39393296598075533,0.3953614355848993,0.39435720518470907,0.6477917485647527,0.5688352363076027,0.4015499914835633,0.3964270523181624,0.3984762883067967,0.3996952767902489,0.527883762636262
0.39945494804973597,0.3983903702143494,0.4001701403658016,0.3974274635544839,0.39844204759458995,0.39744478163483327,0.3994074826477062,0.3976883935473254,0.6172709639365714,0.5745339576658895,0.4050417305399421,0.4031475967673329,0.4044684129429892,0.404350770272558,0.5859314003824634
0.4051609606540624,0.4050360374187754,0.40416843896214366,0.4048920932416253,0.40469097757233347,0.40486503104822935,0.403622820382597,0.4041978828151968,0.5833976034816394,0.626775130877972,0.4183273718276274,0.419821352615908,0.4197055298750214,0.4172168613509396,0.7312574773021371
0.40894225855901895,0.41165236764726404,0.40685665674181193,0.40853574683427224,0.4078240027392569,0.40995453362468837,0.40758422210936185,0.4096943619196849,0.6064844283949592,0.6582983242654553,0.4248850281042411,0.4158230540195661,0.4201335387776065,0.420687320128661,0.7213447110404219
0.414460909555442,0.41526838703878804,0.4112803062526583,0.4127513230702889,0.41338811847286416,0.41468862990376126,0.4128830201455901,0.4139511986749708,0.6264568313329917,0.6274878179448613,0.4225004258218361,0.4211824755423223,0.4241568224619071,0.4224648721855426,0.5658668053036733
0.4181570430931698,0.4168558110832595,0.41291365376435546,0.4100321453390752,0.41545968156137647,0.41273712118562683,0.41615033011681063,0.4146447413320978,0.6677590847901509,0.6631235552705937,0.4200306591722024,0.404593789876648,0.408834103749358,0.4160318266463517,0.7343950299220589
0.4200306591722024,0.41604047770054126,0.416299447043811,0.41338028461425375,0.4178565314158534,0.41397563486220923,0.4189605552734045,0.4158971262399076,0.6554776120142771,0.6169237156814273,0.4144098109351047,0.4200765631646107,0.4164526622153741,0.4184018960555273,0.5245240365030944
0.4175438596491228,0.412658109871104,0.41206295193534653,0.40846648210069764,0.4144153398390686,0.4101502805718386,0.4163196207888945,0.41193548046940176,0.6597134021341509,0.6620946197547867,0.4058933742122296,0.3986388770735856,0.4024995719910973,0.4040121889283902,0.7524364279015053
0.41207630727303696,0.4076211619886734,0.40837090599744774,0.4047652628438225,0.4091936312275295,0.4047751856211961,0.41113932622312516,0.40621893607953913,0.6012781884079124,0.5844526273062675,0.397547266223812,0.3973628243300722,0.394024995719911,0.3947858472998138,0.4291686424092292
0.4088059955714529,0.4071303970970876,0.4040663547426625,0.40306341498534715,0.40463961650402325,0.40364570669558936,0.4067716268833587,0.404354749215263,0.5548853757233605,0.5009359988311498,0.4061488673139159,0.3996597192683964,0.401386748844376,0.4006263754867107,0.3339027418809143
0.4064213932890479,0.40745614731811747,0.4031305827307527,0.40201391992926444,0.40222564629344293,0.40135188869587823,0.4039275435923481,0.40350696954060816,0.520345090860293,0.521188534423007,0.4081076477601772,0.399914929817099,0.3967642526964561,0.4018114101912985,0.5616936056067214
0.40282745699199457,0.4037841413620244,0.39882603147596757,0.40086054891640455,0.39845916795069336,0.40010801596446094,0.40060944641950236,0.40294178309083833,0.5308418049319309,0.5397948919024326,0.3964401294498381,0.3985538068906847,0.3976202705016264,0.4018114101912985,0.5770076068612835
0.39971044115142224,0.3992921925778056,0.39620586984262,0.39575305557988566,0.3957712720424585,0.3964253747929483,0.39717284577619777,0.39757091729784805,0.4868725514330996,0.5373933147374047,0.3903082950093681,0.385538068906848,0.389060092449923,0.3868291857118674,0.532590160407349
0.3973939703628002,0.3948497658121044,0.3920204168438961,0.3893138901654079,0.39289505221708615,0.39083154872631526,0.39412561367868637,0.3915638404693176,0.5012302841085681,0.5252479784204603,0.3859649122807019,0.3764355593364524,0.3796438965930492,0.3795496868122567,0.5009573057865714
0.39330608073582013,0.3918029836010748,0.38878774989366216,0.38737472161601416,0.38931689779147405,0.3883863580563154,0.3902827154223803,0.3881798550479385,0.5045321928089764,0.4669694140746256,0.3857094191790156,0.3834963845172267,0.3834959767163156,0.3814118842051803,0.3504122853829562
0.3883835803099983,0.3890337042777392,0.38621863037005516,0.3872729251436975,0.38460879986303714,0.3833321597223008,0.3866598950397834,0.386685672791397,0.4832823724845195,0.4631277773778961,0.3834951456310679,0.3870693321990641,0.3732237630542716,0.3836973082783139,0.4554445039844371
0.38686765457332656,0.3889759697739859,0.38266269672479786,0.385106662983931,0.38169833932545794,0.38324409575277735,0.38322329439647884,0.3859999175191899,0.4967353206228606,0.5235093007695938,0.3888605007664793,0.380774138664398,0.3830679678137305,0.3846284069747757,0.6442723475529889
0.38584568216658155,0.387716790841205,0.382203317737133,0.3844848333121287,0.3809792843691149,0.38398433639125407,0.38232605383443374,0.3847809393133406,0.47839018607135,0.4959610297296612,0.3851984329756431,0.383241173968524,0.3854648176682075,0.3823429829016421,0.4408644876497961
0.38330778402316473,0.3829030010820092,0.38125053168864304,0.38021376523941997,0.3796610169491525,0.3803404107585819,0.38019299136617574,0.3794820843658826,0.47687992937443174,0.49510936058710087,0.3732754215636177,0.3716716290940025,0.3730525594932374,0.3688843744709666,0.4934060223019801
0.381246806336229,0.3804035109694517,0.379532113994045,0.37844394217435884,0.3772641670946756,0.3773975163203649,0.3783477230404605,0.3770499037694564,0.49637890676128943,0.4793752978304821,0.3754045307443366,0.3749042960442365,0.3715117274439309,0.3721855425766041,0.4479071723172445
0.382064384261625,0.3827966857323171,0.378000850701829,0.37876696669556714,0.3787878787878788,0.3785457847203391,0.37824614863721007,0.3790964146003249,0.4962478055718787,0.47117986456611577,0.3875830352580481,0.3794130157379838,0.3808423215202876,0.383189436262062,0.4547889980373831
0.38185998978027597,0.38447729994145624,0.37919183326244144,0.381420994952865,0.3795069337442219,0.38125160401204133,0.37795835449466736,0.3804607551542372,0.45221187707200555,0.45548414472861837,0.3878385283597343,0.3867290514674606,0.3866632425954459,0.383189436262062,0.4240927050536236
0.38356327712485094,0.38755648986047686,0.37985538068906843,0.3831336336691296,0.3801061462078411,0.38365469600346214,0.37914338919925517,0.3830632222443519,0.43942139243176326,0.42929345130194047,0.3937148696985181,0.3865589111016588,0.3884608799863037,0.3882681564245811,0.3769120644485847
0.3868165559529893,0.38821826514175434,0.3824074861760952,0.38356647462246524,0.3828111624721794,0.3846290109406177,0.382122905027933,0.3833027993676866,0.3804200011051309,0.35232865609089964,0.3895418157043093,0.3844321565291365,0.3865776408149288,0.3837819536143559,0.198399065668818
0.38962698007153806,0.3886310605401964,0.3849085495533815,0.3848475207251994,0.3863208354733778,0.3861060381103861,0.38545793126798716,0.3851554241707493,0.36920670517001125,0.36549933494114856,0.3894566513370806,0.3874096129306678,0.389060092449923,0.3888606737768749,0.3918406926416462
0.38857094191790154,0.3865216551900861,0.38456826882177786,0.38246888451012157,0.38638931689779143,0.3844656016210426,0.38418825122735745,0.3823839614668039,0.3256083956162656,0.32259870671698404,0.3823028444898654,0.3777116120799658,0.3811847286423557,0.3768410360589131,0.2367974502686551
0.3857775506727985,0.3823049608381304,0.38193109315185014,0.3794936473793551,0.3840609484677281,0.38131753456240486,0.3818181818181819,0.3787023373832641,0.2782511910905163,0.2775013652862817,0.3738715721342191,0.3735431731178221,0.3750214004451292,0.3713390892161843,0.1873066824248772
0.38250723897121447,0.38065774428895294,0.37924287537218193,0.37736837232067594,0.38161273754494085,0.37961829816572584,0.3791941764008803,0.3775176013682005,0.25320791750951255,0.26889947570537637,0.3773633111905979,0.3731178222033176,0.3762198253723677,0.3751481293380735,0.2516956965435657
0.37874297393970363,0.3773453263748871,0.37452998723947245,0.3718681535023136,0.37666495463105626,0.37369177419231914,0.3756221432199086,0.37365233014863275,0.3948281347209518,0.4814330343789224,0.3707204905467553,0.3608677158655889,0.3618387262455058,0.3659217877094973,0.9065001517260144
0.3741781638562426,0.37377441788984983,0.369629944704381,0.3688819024199459,0.3720938195514466,0.3711959884788376,0.3709835788048079,0.37099083733287896,0.42185809202655483,0.4966188493091687,0.3666326009197752,0.3629094002552105,0.3662044170518747,0.3656678517013714,0.5269904791696612
0.37048203031851473,0.37045700419364197,0.3667886005954911,0.36708956545846955,0.3688067111795925,0.3690470545802535,0.3679194176400881,0.3678339683003573,0.40051533607633416,0.3744404563786297,0.3638221768012263,0.3635048915355167,0.3647491867830851,0.3615202302353141,0.1300836705175518
0.36872764435360245,0.3686712168989805,0.365818800510421,0.3676244345364701,0.36664954631056323,0.36744322842016325,0.3675131200270866,0.36832517925063035,0.4236848163289134,0.3506783321483444,0.3650996423096577,0.3686941726924712,0.3642355760999828,0.3693076011511765,0.3031540836877737
0.3686765457332652,0.37148341729562423,0.3659889408762228,0.3697391310350889,0.3668036295154939,0.37062556607911584,0.36705603521245983,0.36983768792206684,0.40562075582502155,0.2875773527735983,0.3771078180889116,0.3739685240323266,0.3769902413970211,0.3728627052649399,0.1613753940241061
0.37218531766308977,0.37707706159570886,0.3710421097405358,0.37520394075244407,0.37229926382468753,0.3768560099832352,0.3708312171999323,0.37482435783033113,0.2946084670275415,0.30886447109527027,0.388264350195878,0.3861335601871543,0.389316897791474,0.3847976976468596,0.3514387077386142
0.37622210866973255,0.3803235597148023,0.37524457677584,0.37810987231220644,0.37609998287964386,0.3796400107643756,0.3739800237006941,0.37702019995528085,0.21123267243941476,0.2426134828065227,0.3868165559529893,0.3839217354317311,0.3852080123266563,0.3814118842051803,0.1101115062290275
0.38107647760177144,0.38291371363034177,0.379242875372182,0.3799053763805465,0.3806882383153569,0.38232349516346725,0.3782630777044185,0.3789919667214992,0.24527071941261386,0.2618336236655309,0.3880940214614206,0.3834963845172267,0.3876904639616504,0.3829355002539361,0.3002739053835473
0.38816215295520357,0.3887851487791673,0.38450021267545714,0.3849305373233134,0.38721109399075504,0.38716561493463586,0.3835280176062299,0.38453874470107735,0.28532250452011354,0.342360085518778,0.4005280190768183,0.3949808592088472,0.3968498544769731,0.3956323006602337,0.5034130092252721
0.39269289729177315,0.392443945776698,0.38844746916205863,0.3878552937039868,0.39080636877247044,0.3897659483916233,0.387624851870662,0.38747478866308493,0.3186093838088059,0.3375099871683745,0.3997615397717595,0.3937048064653338,0.3949666153055983,0.3933468765871001,0.3278097904675676
0.39380003406574693,0.392895975206381,0.39048915355168007,0.39068418984774506,0.3920047936997089,0.3916136397369711,0.38982563060775355,0.39025038955282915,0.32209670481938,0.34796509570941137,0.3938000340657469,0.3963419821352615,0.3953090224276665,0.3958015913323176,0.3688753127914851
0.39584397887923695,0.39427607681106713,0.39266695023394294,0.3920596995128452,0.39467556925184044,0.3939297231870853,0.3930082952429322,0.3926086621622438,0.369455221917424,0.3476114277126901,0.3970362800204395,0.3948107188430455,0.3985618900873138,0.3973252073810733,0.3469040917192475
0.39810935104752176,0.395991011974993,0.3951850276478094,0.39340205687074975,0.39722650231124806,0.39610152521095304,0.39539529371931603,0.39336260565344777,0.3326055991947599,0.27041621573186897,0.3994208823028446,0.3960867715865588,0.4004451292586886,0.3948704926358557,0.1160257917702267
0.3986033043774485,0.39832660322547936,0.39591663122075704,0.3951476636050284,0.3979969183359014,0.3976349950073819,0.39564922972744204,0.39454239733591967,0.2591456274178179,0.2256485272681,0.4029977857264521,0.3986388770735856,0.4007019346002397,0.3969019807008634,0.136113150340562
0.39727474024868,0.3965906418596252,0.3941811994895788,0.3917743250064998,0.39621640130114705,0.39377800671553026,0.39444726595564583,0.39214061746665285,0.2732717232091604,0.2832457746534933,0.3931187191279169,0.3850276478094426,0.3860640301318268,0.3873370577281192,0.39844026942428
0.39531595980241874,0.3923958051845637,0.3903700552956188,0.38694497039282033,0.3929292929292929,0.3888098313331521,0.39094294904350774,0.3875204139016442,0.2680734229076726,0.303125120197011,0.3840061318344405,0.3772862611654615,0.3788734805683958,0.378280006771627,0.3428838112840463
0.3925055356838699,0.38925858993227425,0.3875797532964695,0.3849163832109799,0.390070193460024,0.3872953518024244,0.3875571356018283,0.3851456559919883,0.2357917353472415,0.2639152981037047,0.3829841594276954,0.3808592088472989,0.3842663927409689,0.3803961401726765,0.185495653917092
0.38974621018565836,0.38804714489211173,0.3874776690769884,0.3884697056370377,0.3875021400445129,0.3873985219286607,0.3880988657524971,0.3892901517910586,0.32441784665080203,0.3623289814984796,0.3856242548117868,0.3955763504891534,0.3876048621811333,0.3975791433891993,0.5591563482880294
0.39015499914835633,0.3937120067747218,0.3877498936622713,0.3923131370913584,0.3879986303715117,0.3926604766975184,0.38901303538175047,0.39335104414308253,0.36888891581344885,0.3610421530502517,0.4050417305399421,0.3999999999999999,0.4031843862352338,0.4014728288471305,0.358468496153796
0.39260773292454443,0.39760213385276694,0.3921225010633772,0.39717231966589633,0.392004793699709,0.39713860005594986,0.3931267987133909,0.3982026542241621,0.3749679154093969,0.3836398578348412,0.4053823880088572,0.4068906848149723,0.4060948467728128,0.4079058743863213,0.4288352674040202
0.39807528530063024,0.4021827204734678,0.3982135261590812,0.40069534199192464,0.39748330765279916,0.40018108348191556,0.3987133908921618,0.40087275870460193,0.3686361033748896,0.3595014889270642,0.4113438937148697,0.4077413866439812,0.406266050333847,0.4062129676654816,0.31122475111151
0.4039686595128599,0.40560549047859307,0.40328370905997435,0.4025336024452048,0.4014552302687896,0.4014960575949174,0.40411376333164045,0.4030478399264244,0.43667815305106983,0.41490296005070704,0.4124510304888435,0.4062101233517651,0.4041260058209212,0.4073980023700694,0.5257059022979929
0.4081587463805144,0.4059285567024153,0.4039642705231815,0.4013487875651996,0.40448553329909265,0.4019161641741611,0.4051464364313526,0.40294606291353635,0.3784190626618343,0.36588893881442197,0.4065746891500596,0.3989791578051892,0.4027563773326484,0.4027425088877603,0.2678608963418518
0.40606370294668714,0.4021412089252121,0.40236495108464476,0.3982336593125717,0.40268789590823484,0.399342842543089,0.40286101235821903,0.3986459447695118,0.3454104395207992,0.30840108602582156,0.3945665133708056,0.392003402807316,0.3941961992809449,0.3900457084814627,0.1934253804486207
0.4035087719298246,0.39896338359165623,0.399149298170991,0.39575991295728236,0.39998287964389656,0.3970851501790998,0.3990011850347046,0.39529954243592424,0.28556910289263404,0.24881025210494587,0.3926077329245445,0.3908124202467035,0.3925697654511213,0.388606737768749,0.1296285842631944
0.3996252767841935,0.396617728390009,0.3960357294768183,0.3945644563625608,0.3973463448039719,0.3957512254974744,0.39636025055019475,0.39453579337159356,0.27568865528161657,0.25314767242210484,0.3919264179867144,0.3921735431731178,0.3930833761342236,0.3930082952429321,0.2618225130564228
0.39764946346448654,0.3986024735567754,0.39453849425776266,0.3959509533272027,0.39681561376476626,0.39765826720661396,0.3944303368884375,0.3956066736014901,0.21232738526970793,0.23839829902755313,0.4025719638903083,0.3987239472564865,0.401472350624893,0.3977484340612832,0.2088995522384497
0.3968318855390905,0.3998972488788768,0.39326244151424916,0.3948336002473425,0.3947611710323574,0.3959335660279441,0.39319451498222446,0.3959255821865586,0.19531699905953742,0.21986852111536845,0.4024867995230796,0.3925988940876221,0.3924841636706043,0.3965633993566955,0.1828089652909991
0.39441321750979397,0.39408922366069216,0.39101658868566563,0.3901471130530276,0.39250128402670775,0.3915879654361949,0.3910275943795497,0.3903540899470686,0.19910218219274478,0.2173627794484648,0.3824731732243229,0.380774138664398,0.3828967642526965,0.3792111054680888,0.2123512961146575
0.3929313575200136,0.3911256267656758,0.3897745640153126,0.3882988410003312,0.39138846087998636,0.3900605268633013,0.3897240562045031,0.38759907559588447,0.1929679903086271,0.1778943945798452,0.3851984329756431,0.3846022968949383,0.3870056497175141,0.3820890468935162,0.098957624842606
0.3913643331630047,0.388780849911007,0.389059974478945,0.3883994258306475,0.39000171203561035,0.38875689521298207,0.38852209243270697,0.3873988758585734,0.18570425194485587,0.19376420346575232,0.3840912962016693,0.3886005954912802,0.3861496319123437,0.3869984763839513,0.2255038212375666
0.3887412706523591,0.3890061170530315,0.3865929391748192,0.3877292074657173,0.3877247046738572,0.3892003680806972,0.3859827323514475,0.3866164617907108,0.16014312728885538,0.15620744529665062,0.3894566513370806,0.386388770735857,0.3900873138161274,0.3850516336549856,0.0810939289584472
0.3883835803099983,0.39290352730577954,0.38769885155253075,0.3911956236358716,0.3894367402841979,0.39314835929456743,0.38579651261215514,0.3896217414138851,0.1702189737740713,0.18186769610346,0.4006983478112757,0.3981284559761803,0.4010443417223078,0.3956323006602337,0.2331881977170788
0.39204564810083464,0.3955301889300212,0.38894087622288376,0.3897918364293022,0.39005307310392057,0.39075838231348153,0.38891146097850016,0.391343110042528,0.18595808323323829,0.2182607452058041,0.4007835121785045,0.3869842620161633,0.3859784283513097,0.3947858472998138,0.2910468434104923
0.3947538749787089,0.3965999817416856,0.39013185878349627,0.3900469608522017,0.39130285909946927,0.39159044810740684,0.3910445234467581,0.39181352643995404,0.22195594750371703,0.23848947886886931,0.3987395673650145,0.3905572096980008,0.3932545796952575,0.3927543592348061,0.2789469461949997
0.3964401294498382,0.39524084401356224,0.39057422373458095,0.39030211398370235,0.39224447868515655,0.39134620868519815,0.3911630269172169,0.39040601553871773,0.20458180437018653,0.20520402110255098,0.3925225685573156,0.3908124202467035,0.3908577298407806,0.3875909937362451,0.1386331055699143
0.3972747402486799,0.394703797786138,0.3921395150999574,0.39160648517671465,0.39268960794384516,0.3916684591599888,0.39244963602505506,0.3907655700905373,0.23122992246277482,0.20824752054216356,0.3936297053312894,0.3942152275627392,0.3923129601095703,0.3914846791941765,0.2143345194213887
0.39802418668029294,0.3979510585138723,0.39251382390472134,0.3944043234511431,0.3930833761342235,0.39545003366472575,0.39304215337734894,0.39337534253425926,0.22638614518444763,0.20848811746992332,0.4044455799693408,0.3999999999999999,0.4030131826741996,0.3985948874217031,0.2089693113254428
0.3971725430080054,0.3974758036149371,0.39431731178222024,0.3949367827686481,0.3952747817154596,0.39594517452898054,0.39270357203318096,0.3932812085491642,0.1934298138221757,0.1810804738463264,0.3965252938170669,0.396001701403658,0.3969354562574901,0.3930929405789741,0.1262651865991325
0.3971895758814512,0.3979254463207058,0.3962569119523606,0.39670959202866624,0.39625064201335386,0.3966747434142299,0.39355002539360084,0.3945163477117446,0.19084252271622065,0.2093904794526257,0.3988247317322432,0.4002552105487026,0.3981338811847287,0.3969866260369054,0.2660104906652244
0.40480327031170155,0.4088139777833264,0.4043215652913653,0.4081849569996865,0.40273925697654517,0.40555009716173224,0.40198070086338245,0.40625902216954746,0.279757262242215,0.33399592070171247,0.4305910407085676,0.4311356869417269,0.4233008046567368,0.4297443710851533,0.583206803199886
0.4146312382898995,0.42013250026297727,0.411535516801361,0.41555163303736364,0.41131655538435197,0.4154332154906897,0.4110038936854579,0.4163728958812163,0.4276606620614656,0.5406144533070222,0.442769545222279,0.4302849851127179,0.4351994521486046,0.4366006433045539,0.9538515185176416
0.4212910918071879,0.4260032826939124,0.4169970225435984,0.419470264928638,0.41682931004964907,0.42048112899402135,0.41813103098019305,0.42232545521927034,0.5532303322056227,0.639348856220091,0.4377448475557827,0.4273075287111866,0.4305769560006848,0.4342305738953784,0.8368176620462285
0.42791687957758473,0.42722026601895874,0.42431305827307514,0.4238408033027727,0.42360897106659817,0.42393200644342616,0.4257998984255968,0.42536272941484454,0.6202266105583317,0.5799814302676197,0.4296542326690513,0.432581880051042,0.4308337613422358,0.4314372778059929,0.4612465783626771
0.43737012433997613,0.4335104958607059,0.43261590812420236,0.4298170221366279,0.4325286765964732,0.43019880724031867,0.4348908075165059,0.43105554344038,0.7257882180206447,0.6512604628373432,0.4460909555442002,0.4417694598043384,0.4427324088341037,0.4424411714914509,0.79381852797679
0.4391074774314426,0.435432932629104,0.43334751169715,0.43147591635990706,0.4354904982023625,0.4328358423889404,0.4359065515490097,0.43231139270947744,0.6773725386745297,0.5478831107146657,0.4392778061659002,0.4347937048064652,0.4381099126861839,0.4348230912476724,0.3411284064693108
0.4377107818088911,0.43555064412257644,0.43584857507443625,0.4352473782396544,0.4357815442561205,0.4341087890650917,0.4366852886405959,0.43503903806048,0.6155426550198364,0.5801561072245022,0.4357860671095214,0.4427903019991492,0.4366546824173943,0.4404943287624852,0.6447021002441752
0.4411684551183785,0.44204483411612405,0.4406635474266268,0.4406257156504827,0.4403184386235234,0.44049300198929414,0.4394955137971898,0.43945325859976925,0.5801889149506391,0.6067870587164154,0.4550332141032193,0.4513823904721393,0.453261427837699,0.4482816996783477,0.6600489617002419
0.4456481008346108,0.44538070982748706,0.4434538494257761,0.4425949404492513,0.44401643554185927,0.44343658330416785,0.44296597257491116,0.44256536296471266,0.5823650680270422,0.5619004870591747,0.452052461250213,0.4465333900467885,0.4493237459339154,0.4487895716945996,0.4721273437446934
0.44695963208993367,0.4478033438252627,0.44326669502339416,0.44200785623031047,0.4447012497859955,0.4443432155543736,0.4438801422041646,0.4440475818557144,0.5313191590211626,0.5541299856885802,0.4526486118208142,0.4408336877924287,0.4461564800547851,0.4470120196377181,0.5385889829473912
0.4466019417475729,0.44436534736820726,0.44394725648660127,0.44073740819437396,0.4447012497859955,0.4422654479316437,0.4442017944811242,0.4415088387812996,0.544924393082175,0.5058048493838444,0.4374893544540965,0.438196512122501,0.4381099126861839,0.43643135263247,0.4091545767743728
0.4501618122977346,0.4474387048655816,0.44525733730327505,0.4436051741570886,0.4478000342407122,0.4455598335180883,0.4454545454545455,0.44325858706406374,0.49566571188505765,0.4700061310087591,0.4535854198603304,0.4493407060825179,0.4521486046909776,0.4467580836295921,0.3984086942585885
0.4487140180548459,0.44755721753997957,0.4434198213526158,0.4431350530110067,0.4463961650402328,0.44578724962382626,0.4452344675808363,0.4445661614793098,0.4786602822415945,0.5050113585001481,0.4477942428887754,0.4421948107188429,0.4462420818353022,0.447181310309802,0.5750218134829261
0.44820303185147337,0.4482039884377698,0.4403743088047638,0.43919197777651403,0.44314329738058555,0.44154463562777707,0.44415100727949897,0.44416819771551075,0.5783114317336657,0.660135269401782,0.4494975302333504,0.4313058273075286,0.4330594076356788,0.4433722701879127,0.9703830912050496
0.44367228751490373,0.4421342890045019,0.437532964695874,0.4350036409336692,0.43989042972093817,0.4376604710040342,0.4401388183511089,0.43842915680892974,0.5488234579248985,0.5704732175690398,0.4299948901379662,0.4266269672479795,0.4298921417565485,0.4269510749957678,0.3911491139035551
0.4424118548799182,0.43848525642939085,0.4353041259038705,0.43235320000994076,0.43864064372538947,0.4357273082388362,0.4387675639072287,0.43547779801030956,0.5182869040715259,0.4658060808818631,0.4311871912791687,0.4270523181624839,0.4318609827084403,0.4295750804130693,0.2564718075075096
0.4378981434167944,0.4359957918011643,0.4314929817099106,0.43166379504419977,0.4344975175483651,0.4342958634278425,0.43519553072625705,0.4332845045817842,0.5033727876043242,0.41848342456210225,0.4310168625447113,0.4302849851127179,0.4314329738058552,0.4288979177247334,0.3238381119225806
0.43645034917390557,0.43751561842555337,0.4315270097830709,0.4352308470576814,0.43258003766478337,0.4350821364243598,0.4337904181479601,0.43557491886062855,0.539510867639659,0.5308930209279349,0.4405552716743315,0.4423649510846447,0.4366546824173943,0.4401557474183173,0.7557122136596003
0.43556463975472665,0.440033406662854,0.43210548702679696,0.43488663588050724,0.43384694401643553,0.43651940408088624,0.43280853224987303,0.43653755947291156,0.4266038210723478,0.4892113000747875,0.4450689831374554,0.4341982135261589,0.4393939393939393,0.4384628406974776,0.4058478583684928
0.4368761710100494,0.4388731199134294,0.4344364100382815,0.43601828468880544,0.435507618558466,0.4370781075428245,0.4351108853902151,0.43717931988110026,0.4242974846892572,0.45268001071255926,0.4365525464145802,0.4382815823054019,0.4381955144667009,0.4384628406974776,0.3796174319881027
0.43903934593765975,0.4399164352480264,0.4391492981709909,0.44088444273454735,0.4378359869885293,0.43921967998146866,0.43854748603351956,0.44037224113059753,0.460230454651178,0.44716555958074394,0.4420030659172203,0.4506167588260313,0.443502824858757,0.4467580836295921,0.4361366573171132
0.44772611139499235,0.4514278534424758,0.447537218205019,0.4513311569173177,0.44619072076699196,0.4505486675537018,0.44665650922634165,0.4500625053166796,0.5238558454168005,0.5120987283040603,0.4744506898313747,0.4722245852828582,0.4732066426981681,0.4694430336888437,0.6419650657506931
0.4558167262817238,0.4612880176643133,0.45432581880051026,0.4596567559655788,0.45442561205273063,0.4596421579844972,0.45374978838665997,0.4585823846177559,0.49181861756214396,0.5399078436648127,0.4810083461079884,0.4763079540621011,0.477829138846088,0.4756221432199086,0.5955260743863173
0.4635666836995401,0.46879826851838796,0.4639727775414716,0.46724883972070774,0.46356788221195,0.4681298687196767,0.4623158963941087,0.46615271665674446,0.47465078692839546,0.4666081308431253,0.4838187702265372,0.4824330072309655,0.4851052901900359,0.4812933807347216,0.3200087051997505
0.4735479475387498,0.47468513421580155,0.4739940450871968,0.47429519982514784,0.4733607259030987,0.47447315678726604,0.4718638902996445,0.4728360811795485,0.5378102604235222,0.542877020383329,0.4864588656106286,0.488387920034028,0.4871597329224447,0.4862028102251566,0.6954147994637362
0.48344404701073074,0.480284610569576,0.4814121650361547,0.4787659194070389,0.4826057181989385,0.47955803330416263,0.48009141696292534,0.4778559597683644,0.594368211224641,0.6015601506964551,0.491483563277125,0.4877073585708209,0.4897277863379559,0.4878957169459963,0.7189264113227075
0.4851132686084143,0.481122006319648,0.48226286686516373,0.47800331108066024,0.4839239856189009,0.47963801546876833,0.48251227357372606,0.47908641209319214,0.5906260859699974,0.6087915802901284,0.4827967978197922,0.4764780944279029,0.4797979797979798,0.4815473167428475,0.623254439477475
0.48450008516436727,0.48006214717568313,0.48284134410888974,0.47840232081401735,0.4841979113165554,0.47949159942396574,0.48324022346368717,0.4791449056186994,0.5827231707928249,0.5911982196935706,0.4779424288877534,0.4792003402807315,0.4791987673343605,0.479261892669714,0.556011498500455
0.48410832907511503,0.48066142804388073,0.4839812845597617,0.4816457837044534,0.48339325457969523,0.48002173511788887,0.4838158117487727,0.48082037779918263,0.6263926254364762,0.5735841392683828,0.4818599897802759,0.4881327094853253,0.4810820065057353,0.4841713221601491,0.5383559784180071
0.485198432975643,0.48441074706701004,0.48255210548702665,0.48151119735975323,0.48224619072076697,0.4804892946211938,0.48356187574064674,0.4821912952609641,0.6345973771684751,0.6278689455534986,0.4919093851132687,0.4812420246703529,0.4814244136278035,0.4849331301845269,0.7364385581237302
0.4836484414920797,0.4841850333311095,0.48182050191407894,0.48235724514186296,0.4813559322033898,0.48208502766448585,0.4831555781276452,0.483415606467639,0.6175296508245617,0.6297752235700459,0.4837336058593085,0.4840493407060824,0.4852764937510699,0.4858642288809887,0.6335877796031405
0.483972066087549,0.48426166248645247,0.483623989791578,0.48340334136637453,0.4822119500085601,0.48274937471760104,0.48339258506856286,0.4831878547942378,0.5789518109734348,0.5633052291206443,0.4844149207971385,0.4854955338153977,0.4840780688238315,0.4827323514474353,0.4303652402218412
0.48703798330778403,0.4872651133206112,0.4841514249255635,0.48288139956113607,0.48294812532100667,0.482792797777265,0.4849162011173185,0.48441856083398943,0.5523555165394207,0.5165468281905574,0.4932720149889286,0.4818375159506591,0.482879643896593,0.4868799729134925,0.4230300263303838
0.4874638051439278,0.48617310853407236,0.4801190982560611,0.4779112917533619,0.48121896935456254,0.47934060740934825,0.484425258168275,0.4835179096943034,0.6220288549284521,0.6399387755814262,0.4839890989609947,0.4679710761378136,0.4724362266735148,0.4817166074149315,0.886722670363164
0.4832907511497189,0.48113011073678974,0.4774478945129731,0.47456952982054545,0.4785310734463276,0.4755553829684418,0.48054850177755204,0.4775283892065065,0.6235697780871655,0.6746735750267167,0.4710441151422245,0.4678860059549127,0.467984934086629,0.4655493482309125,0.7441431739172977
0.48008857094191787,0.47666097543129426,0.4723096554657592,0.46916573503703457,0.47409690121554526,0.4714054661780139,0.47643473844591167,0.4734507302119331,0.6542219209119202,0.7120652145934492,0.4677227048203032,0.4583581454700127,0.4631056325971581,0.4652954122227866,0.7868484937269141
0.47712485096235735,0.47430609058730805,0.47021692896639716,0.4711211237975523,0.4713576442390002,0.4710642387657112,0.47418317250719494,0.4727919940592393,0.6885937926528629,0.6754516760378176,0.4695963208993357,0.4750319013185877,0.4703817839411059,0.4714745217538515,0.6022245989265546
0.4734287174246295,0.4744678428249685,0.46858358145469997,0.471971008662426,0.46882383153569596,0.4707796859704981,0.47093279160318274,0.47207068550397,0.7236819708924702,0.6497914232013521,0.4747913473002895,0.4736707783921734,0.4702105803800719,0.4706280683934315,0.5984709175284209
0.47358201328564126,0.4778970879719968,0.47213951509995733,0.47656425389631735,0.4714090053073104,0.4756404891575277,0.4714068054850179,0.47607601594401566,0.6680506961314365,0.636049714320233,0.4847555782660535,0.4857507443641002,0.485362095531587,0.484086676824107,0.6085662965579949
0.4819621870209504,0.4895797199209213,0.48086771586558896,0.4882185058585686,0.4806197568909433,0.4884398901066163,0.48010834603013375,0.48706969428150787,0.5925683808860838,0.5462770087769999,0.5129449838187703,0.511527009783071,0.5140386920047937,0.5090570509564923,0.3667315976905336
0.4919775166070516,0.4989862641975506,0.49226712037430864,0.4972640599102494,0.49159390515322715,0.49828538470726996,0.4902827154223803,0.4967688825823449,0.5506948280429327,0.5566782490217198,0.5177993527508091,0.5153551680136111,0.5179763739085773,0.5161672591840191,0.5774807295111595
0.5038494293987397,0.5089761377509588,0.5016248404934069,0.5054495405781926,0.502568053415511,0.5072744315556884,0.50042322668021,0.50523828106923,0.5793742756757958,0.6196594450447698,0.5289558848577756,0.521820501914079,0.5252525252525252,0.522177078043,0.7456218370908698
0.5135581672628172,0.5137624373741986,0.5115950659293917,0.5114736622428273,0.5132169149118301,0.5126679169910148,0.5107838158117488,0.5109691920631952,0.5861117459799949,0.6238257197129854,0.5233350366206779,0.5235219055720969,0.5234548878616675,0.5224310140511259,0.6321582690494167
0.5237608584568216,0.5210979696614909,0.5212079965971925,0.5189209073962532,0.5230611196712891,0.5199729844369706,0.5200270865075336,0.5174138048098069,0.6063446715714649,0.6524607879804383,0.5357690342360757,0.5338153977031049,0.534583119328882,0.5303030303030303,0.7097309245153441
0.5277635837165731,0.5250515164801696,0.5233007230965546,0.5199441523574624,0.525663413799007,0.522332043839108,0.5240223463687151,0.5212869866273381,0.6766800695901967,0.674443387915023,0.5329586101175268,0.5219906422798808,0.527050162643383,0.5290333502624006,0.7184085877841926
0.5293646738204736,0.5253026120768837,0.5272309655465758,0.5249648949928808,0.5275124122581749,0.5239618179608777,0.5270018621973931,0.5245462705273615,0.6992868877332135,0.6798005320187631,0.5258048032703118,0.5350063802637174,0.5272213662044171,0.5310648383274083,0.6905148202262434
0.5334525634474536,0.5333335190488144,0.5336622713738833,0.5346356070121261,0.5326313987330937,0.5329236978496247,0.5324868799729136,0.5328982359917752,0.7119383773926221,0.722826783141813,0.549395332992676,0.5539770310506167,0.5508474576271187,0.5496021669206027,0.8088792853879129
0.5413898824731732,0.543229556615635,0.5402296894938322,0.5418767367320313,0.5396507447354905,0.5414663378576337,0.5397833079397325,0.5415698752895904,0.770282840053979,0.7898447162132758,0.5630216317492762,0.5563589961718417,0.5585516178736517,0.558913153885221,0.9238805823562012
0.5454096406063703,0.5474423127111103,0.5448234793704805,0.5468459401834695,0.5426639274096902,0.5441939028050492,0.5443372270187913,0.545404125425835,0.8031349091176778,0.8178935674201303,0.555867824902061,0.556784347086346,0.5496490326998802,0.5530726256983242,0.8739912698338393
0.549804121955374,0.5499385474282551,0.552871118672905,0.5519735730529808,0.5485190891970554,0.5482379257301024,0.5500592517352295,0.5494839082320871,0.7980882613997823,0.7763208280116581,0.5549310168625448,0.5622288387920032,0.5563259715802089,0.5576434738445912,0.6931753491947139
0.5607221938340998,0.5600907525068172,0.5613611229264143,0.5604678492124083,0.5585002568053417,0.557867685235351,0.5585407144066363,0.5574799893828722,0.8473416739500662,0.8298078463336598,0.5803951626639414,0.5774564015312632,0.5771272042458483,0.5734721516844423,0.9367818829776628
0.5641117356498042,0.5621748490282773,0.5666184602296893,0.5670664719972698,0.5621297722992639,0.5615768018558107,0.5650076180802439,0.5656322213514617,0.860222166170184,0.8442991463852739,0.5663430420711975,0.5802637175669927,0.56899503509673,0.5819366852886407,0.873281746488502
0.5671606199965934,0.5675385838465924,0.5723862186303699,0.5731102440565947,0.5663585002568053,0.567616287124327,0.569747756898595,0.5712927635599666,0.8059208208661912,0.7803240495355953,0.5782660534832227,0.5851977881752445,0.5796952576613593,0.5826138479769766,0.652373855836238
0.5651337080565492,0.5602701442983414,0.5698681412165035,0.5634714827100678,0.56512583461736,0.5595727595837693,0.5674284746910446,0.5613539139268352,0.7993298813599865,0.8005615571246687,0.5457332652018396,0.5441939600170139,0.5434857045026537,0.5414762146605723,0.8410365723028154
0.5621870209504344,0.5535792899762179,0.5652743513398553,0.5554009516096325,0.561633281972265,0.5526695758407575,0.5636363636363637,0.5537969154749524,0.7904175980881606,0.7499123490283072,0.5401975813319708,0.5392598894087621,0.5388632083547338,0.5386829185711868,0.6486139328355839
0.55402827456992,0.5489200035712684,0.5575840068056146,0.5499355273597749,0.5537921588769046,0.5477535801501872,0.5564584391400034,0.5483921200508486,0.7669331555578075,0.7730614561275041,0.5396014307613695,0.5390046788600594,0.5379215887690464,0.5375825292026409,0.819359670325898
0.5501958780446262,0.5483403555290883,0.5516801361122925,0.5502051396066442,0.5497003937681904,0.5480144566178443,0.5498561029287287,0.5485697481113213,0.7817647176528492,0.8311874897395727,0.5471810594447284,0.5507443641003827,0.5485362095531586,0.5489250042322669,0.94743955696371
0.5411514222449328,0.5432414951809774,0.5368949383241173,0.5372273594825522,0.5369457284711522,0.5373169481372857,0.5386998476383952,0.5413240225826506,0.8452505168138675,0.877392610373492,0.5330437744847556,0.5112717992343683,0.5159219311761684,0.526832571525309,0.9698028516413304
0.5343212399931869,0.5326884481016884,0.5296299447043811,0.5274412369611455,0.5305427152884781,0.5287015116212846,0.5326392415777892,0.531273743174281,0.8122989033687948,0.810354575274812,0.5115823539431104,0.5078689919183325,0.5114706385892827,0.511173184357542,0.6762785050774518
0.5307273036961336,0.5292015986833604,0.5264313058273073,0.5260497229818951,0.5275808936825885,0.5271523745226186,0.5286947689182326,0.5271693472073222,0.7356789367393392,0.6287410834126431,0.5222278998467043,0.5232666950233942,0.5240541003252868,0.5189605552734046,0.2655140996883054
0.5285130301481862,0.5289777534627842,0.5236069757549977,0.5256608248207671,0.5250470809792843,0.5265190914325876,0.5256644658879297,0.5255899028219234,0.6400171442135114,0.5328442915073484,0.5285300630216319,0.5248830284985111,0.5252525252525252,0.5224310140511259,0.3410507076967587
0.5245443706353262,0.5284310896019992,0.5165971926839641,0.5223390327955829,0.519602807738401,0.5247843420713055,0.5198916539698664,0.5237469167619323,0.531646870689967,0.49042559078689507,0.5273377618804294,0.5156954487452147,0.5213148433487417,0.5200609446419503,0.4055881893459884
0.5202350536535514,0.52278645625996,0.5165631646108038,0.5185932414865775,0.5188837527820579,0.5206317801790213,0.5167428474691046,0.5195274575151215,0.40376361288920304,0.43707924807043347,0.5114971895758815,0.5111016588685665,0.5123266563944531,0.5110885390215,0.3303865626375103
0.5225004258218362,0.5228273757681514,0.5178562313908974,0.5171736029306518,0.5204930662557781,0.5202602554386422,0.5178601659048587,0.5186048971888519,0.33201857647771327,0.39723727305362333,0.5229092147845342,0.5143343258188005,0.5195172059578839,0.5167597765363129,0.317553323020003
0.5257707375234203,0.5280780699636424,0.5203062526584431,0.5232880024074755,0.5231296010957027,0.5259190951340648,0.520856610800745,0.5237175247101798,0.40758309729979103,0.47927041663531367,0.5385794583546244,0.5355168013611228,0.5372367745249101,0.5339427797528357,0.6433367037986943
0.5278828138306932,0.5317488614950939,0.5222628668651637,0.5270807014490216,0.5254408491696627,0.5295489852968182,0.5235821906212969,0.5278313208580817,0.4495817208428588,0.5031948862275749,0.5390904445579969,0.5346660995321139,0.5368087656223249,0.5360589131538853,0.5510438254120972
0.5322602623062511,0.5375742424161354,0.5279625691195236,0.5327851209716857,0.5308680020544427,0.5358495261220927,0.5283054003724396,0.5331132117046091,0.4731350871869264,0.5099149311738254,0.5492250042582183,0.5441939600170139,0.5484506077726417,0.543676993397664,0.5233550210663264
0.5405723045477773,0.542735295205261,0.5355168013611229,0.5381476873399782,0.5374764595103578,0.5390226653060712,0.5353140341967159,0.5374527105173665,0.5327167731502416,0.5493749516005789,0.5530574007835123,0.5488728200765631,0.5453689436740284,0.5461317081428814,0.6282949924540862
0.5497019247146995,0.5513426353432224,0.5449425776265417,0.5459195272752839,0.5465160075329567,0.5475867588943403,0.5445911630269172,0.5460169472406844,0.607317957696254,0.596436382983741,0.568557315619145,0.5614632071458953,0.5647149460708782,0.5631454206873202,0.6905592457500653
0.5515755407937319,0.550210936478744,0.5479030199914929,0.5473860225788153,0.5469611367916453,0.5448786462023445,0.5470120196377181,0.5460269857627361,0.6421050153295594,0.6700482526442345,0.5479475387497872,0.5503190131858783,0.5394624208183529,0.5460470628068393,0.8172719919652218
0.5543518991653892,0.5511313697912571,0.5518672905146745,0.5497531657685508,0.5495805512754666,0.5465543768153734,0.5503639749449806,0.5482908870718902,0.6797739034559938,0.693161590444246,0.5529722364162835,0.554487452148022,0.5499058380414313,0.5528186896901982,0.7393882660442688
0.5548288196218703,0.5512907820410459,0.5519353466609951,0.5480135240952397,0.5491696627289848,0.5465016395569933,0.5515828677839851,0.5487844105788224,0.7201452953278487,0.7038450537713641,0.5516096065406233,0.5445342407486174,0.5463961650402328,0.5497714575926868,0.7252119804256002
0.5538579458354624,0.5502615319778551,0.5521905572096979,0.5487253070035186,0.5501455230268789,0.5477505080924953,0.5518706619265279,0.5483798333377466,0.6703788964810029,0.595717701920862,0.5482030318514735,0.5501488728200764,0.5502482451634993,0.5475706788555952,0.3794629982198582
0.5481178674842446,0.546793329272922,0.5455380689068481,0.5418837932128944,0.5431946584488957,0.5418205464553175,0.5458777721347554,0.5433135461346503,0.6730044082235683,0.6317074027682056,0.5398569238630557,0.528200765631646,0.5299606231809622,0.5331809717284578,0.7036868044628927
0.5421904275251235,0.5372989991666752,0.5386303700552955,0.5331827017846348,0.5389145694230439,0.5339010228665765,0.5393600812595227,0.5333619002333254,0.6104644137785946,0.5893289417589215,0.5183103389541817,0.5157805189281156,0.5180619756890943,0.5134586084306755,0.504572019740353
0.5342871742462953,0.5293513227851644,0.5310250957039556,0.5276088279868641,0.5319979455572675,0.527708254815234,0.531945149822245,0.52748927765682,0.5552091955694168,0.5472566861720743,0.5134559700221428,0.5164610803913228,0.5153227187125492,0.5157440325038091,0.46311217499838
0.5277806165900187,0.5259264879431897,0.5236580178647382,0.5209721691754197,0.5247731552816297,0.521896241097504,0.5265109192483495,0.5258596200122833,0.5643602293164767,0.6218268405016826,0.5190768182592405,0.5076988515525307,0.5102722136620441,0.5226003047232098,0.7709671491608991
0.521359223300971,0.5226496804308712,0.5150829434283283,0.5164059463296219,0.515100154083205,0.5152252404554609,0.5188589808701541,0.520343408996395,0.6223504626771446,0.6376892820088543,0.5160960654062341,0.5072735006380263,0.5018832391713748,0.5093109869646183,0.6694141650231976
0.5143927780616591,0.5167746861760796,0.510012760527435,0.5118872479288078,0.509638760486218,0.51103471203565,0.5125105806670053,0.5140419295685013,0.6474998343221685,0.7016040755685736,0.5050246976664963,0.5028498511271797,0.502653655196028,0.5014389707127138,0.8294336626880122
0.513030148185999,0.5150155206426802,0.5114929817099105,0.515652040232703,0.5084403355589796,0.5113797583747339,0.5137971897748435,0.5159918377022896,0.6631166267295895,0.661954710971535,0.5114971895758815,0.5231816248404932,0.5120698510529019,0.5198916539698664,0.5826559817774578
0.5169306762050759,0.520996550467629,0.5141641854529986,0.5203737265240562,0.5116247217942134,0.5180013888793952,0.5165227695953953,0.520451869003716,0.681760513749975,0.626747010681126,0.5329586101175268,0.5298170991067629,0.5312446498887177,0.5293719316065685,0.5563316101003081
0.5196048373360586,0.5248135749498041,0.5178562313908974,0.5223021780967123,0.5155110426296867,0.5219021985327338,0.5177755205688167,0.5232559325325828,0.6302504589872561,0.5889702989031853,0.5324476239141542,0.5261590812420246,0.5297038178394111,0.5288640595903167,0.5134168753473038
0.5148867313915857,0.514044228527826,0.5137048064653338,0.5103735774012109,0.5134908406094846,0.5118622087119441,0.5142373455222617,0.5127106589323365,0.6338342678297343,0.6217579356806532,0.4925055356838698,0.4865163760102083,0.4917822290703646,0.4916201117318436,0.687333209235589
0.5136092658831545,0.5089086090599974,0.5122756273925988,0.5054837035219756,0.5115048793014896,0.5054827553599801,0.5128830201455901,0.506696220564676,0.5971370044603594,0.6298210724008148,0.49863737012434,0.4957039557635048,0.492723848656052,0.494667343829355,0.6459473458411377
0.5118037812979048,0.5067623282565429,0.510199914929817,0.5079234898568451,0.5096216401301147,0.5045397219719961,0.5113255459624175,0.5084989080611186,0.6379660434793704,0.6821477738913808,0.5024697666496338,0.5128030625265843,0.502653655196028,0.5121042830540038,0.7868011768725128
0.5065576562766138,0.5067508805080524,0.5066439812845596,0.5092948035313888,0.504417051874679,0.5047670508518438,0.5070932791603184,0.5084028045727699,0.6392133634912882,0.6422879193142196,0.5067279850110713,0.5120374308804764,0.505221708611539,0.5082105975960725,0.562568210159897
0.5071538068472151,0.5163100459277551,0.5082092726499361,0.5175250483772281,0.5055641157336072,0.51499107961258,0.5076519383781954,0.516154321608414,0.708158306866185,0.7142391436167426,0.5354283767671606,0.5339855380689068,0.5354391371340523,0.5316573556797022,0.8581415922217883
0.5160960654062341,0.5232789734448249,0.5170735857082092,0.52196267935201,0.5139017291559664,0.5211508184691068,0.5158963941086847,0.5217170112003727,0.7302854027825433,0.742148992016955,0.5372168284789645,0.5308379413015737,0.5334702961821606,0.5328423903842899,0.7979686888173797
0.5237267927099302,0.5277829845108235,0.525342407486176,0.5269911411191197,0.5225988700564972,0.5261703966989731,0.5237006940917557,0.525707622048485,0.756870948809864,0.754391020003884,0.5367910066428208,0.537048064653339,0.5362095531587057,0.5336888437447097,0.7788750759777424
0.5300970873786408,0.5299624030049447,0.5293236920459379,0.5288972558545443,0.5286594761171032,0.5284324929656682,0.5284916201117319,0.5291580524169518,0.780551818243066,0.8046625213487634,0.5343212399931869,0.5327094853253933,0.5329566854990584,0.5360589131538853,0.9052055240385224
0.5365355135411345,0.5329483072778096,0.5327775414717142,0.5290337299061487,0.533949666153056,0.5295125482408798,0.533350262400542,0.5302733046246751,0.7464308589234447,0.667096152086439,0.5389201158235395,0.5293066780093576,0.5316726587913029,0.532503809040122,0.3919634135617906
0.5354965082609437,0.5320433216406087,0.529834113143343,0.5257786187464499,0.531467214518062,0.5273506584802806,0.5317250719485356,0.5280260042230073,0.6796968380225209,0.6195545972966823,0.5302333503662069,0.5192683964270522,0.5230268789590824,0.5235314034196716,0.5244714877171688
0.5315278487480839,0.5271533913986276,0.5266184602296894,0.5221056380754016,0.528436911487759,0.5243400326637356,0.5285931945149823,0.5244116705541791,0.6577958257998109,0.6425242740990649,0.5173735309146654,0.5147596767333049,0.5183187810306454,0.5171830032165228,0.6884636277038301
0.5265712825753706,0.5221049861921697,0.5237771161207995,0.5223508734198976,0.5240027392569766,0.5209062524440883,0.5262061960385983,0.5235257308237161,0.6965577929252904,0.7525778199344232,0.5120081757792541,0.5228413441088897,0.5140386920047937,0.52175385136279,0.97268491160514
0.5258388690172032,0.5249563815288967,0.5237090599744789,0.5256903171445283,0.5233179250128404,0.5237817063888511,0.5248687997291349,0.5254744644180002,0.6149273064419397,0.6674029104968716,0.5306591722023506,0.5323692045937898,0.529532614278377,0.5293719316065685,0.4970530916217685
0.5251916198262647,0.5285322109755467,0.5243215652913652,0.5279166129609488,0.5238486560520459,0.5272965755883444,0.5247502962586762,0.5276200735079428,0.6340564321641529,0.6074716210555331,0.5356838698688469,0.5323692045937898,0.5343263139873309,0.5319112916878281,0.487609042172856
0.5269289729177313,0.5319948459248777,0.5296469587409612,0.5339095298656432,0.5276322547508988,0.532179341210012,0.529050279329609,0.5334238219300738,0.6934703567020769,0.6788281175059518,0.5389201158235395,0.5458953636750318,0.541944872453347,0.5450313187743356,0.8215411104067891
0.5339635496508262,0.538845368809965,0.5369119523606974,0.5396345681877576,0.5346173600410888,0.5392009966338732,0.5358557643473845,0.5393526907218493,0.6844263756170698,0.6669666524302326,0.5525464145801398,0.5510846448319863,0.5532443074815957,0.5512104283054005,0.6432437222787943
0.5417135070686425,0.5428162334960887,0.5411994895789025,0.54118272219181,0.5408149289505222,0.5411428432732356,0.5403758252920264,0.5410198458432328,0.5885221427274592,0.6090323506725176,0.5507579628683359,0.5442790301999149,0.5450265365519603,0.5443541560859998,0.4931637471570878
0.5455288707204906,0.545122819151256,0.5435474266269671,0.542158111405911,0.5449066940592364,0.5440923754561399,0.5440155747418318,0.5432034568473536,0.5706670565832478,0.5419474540819155,0.5497359904615908,0.5441088898341131,0.5499914398219483,0.5475706788555952,0.407777660900711
0.5484925907000511,0.5469160360230539,0.5443130582730753,0.5401711952120506,0.5458483136449238,0.5424063876093492,0.5463856441510074,0.5433895174761377,0.5700195086794073,0.5227554036058283,0.5505024697666496,0.53619736282433,0.5390344119157678,0.5437616387337059,0.484371302653654
0.5473002895588486,0.5422635607212115,0.5421012335176518,0.5383928767740056,0.5444444444444445,0.5399127672232162,0.5442017944811243,0.5402970351257317,0.5015997319048141,0.5083176779151599,0.5329586101175268,0.5348362398979156,0.5349255264509503,0.5341120704249196,0.4794422265338233
0.5447112927950946,0.5413761840679309,0.5367247979583155,0.5336627401944384,0.5390344119157678,0.5353398930948817,0.5413577111901134,0.5391946940339368,0.5545517712474706,0.6415464249407988,0.5396014307613695,0.524202467035304,0.5261941448382126,0.5369900118503471,0.9080039189920766
0.5396525293817066,0.5360721713124195,0.5329306678009356,0.5308779532672975,0.5349940078753639,0.5318347675132346,0.5367530049094296,0.5332400042501512,0.523065355636415,0.5396081729944691,0.5254641458013967,0.5253083794130156,0.5248245163499401,0.5213306246825801,0.3357316691018095
0.5352750809061488,0.5333310302362136,0.5280646533390045,0.5271782413530176,0.5292586885807224,0.5283281261250702,0.5317081428813273,0.5296087924051287,0.5300235491991565,0.5072616582344524,0.5278487480838019,0.5197788175244576,0.5213148433487417,0.5223463687150839,0.4425686287144189
0.5300630216317493,0.530368077955693,0.5254785197788173,0.5258743925764765,0.5263482280431433,0.5270461204926707,0.5270695784662266,0.5265954671561532,0.4835839153168743,0.42223214990371577,0.5244421733946516,0.5232666950233942,0.5244821092278719,0.5205688166582022,0.2521731332422426
0.5315278487480838,0.5336729672035284,0.5266354742662697,0.5307899324960431,0.5274781715459682,0.5315558283168054,0.5277636702217708,0.5302578211716491,0.5303873703743072,0.5193079338761396,0.5402827456991994,0.5406210123351765,0.5405752439650745,0.5375825292026409,0.7134595018209875
0.5319366377107818,0.5363304366606388,0.5285410463632496,0.5317700641707634,0.5300975860297894,0.5341342912969765,0.5276959539529373,0.5323890242831592,0.4550635275811826,0.5233335242595779,0.5416453755748596,0.5337303275202041,0.5392912172573189,0.5366514305061791,0.5313847050264543
0.5350366206779084,0.5378749779861024,0.5315014887282008,0.534550239859766,0.5329053244307481,0.5357105969828956,0.531014051125783,0.5342330530377091,0.4948255921858074,0.5270696802146965,0.5409640606370294,0.540110591237771,0.5388632083547338,0.5379211105468089,0.5345419921249334
0.5329075114971896,0.5309843860508042,0.531161207996597,0.5290592978619906,0.5320493066255778,0.5294853160962271,0.5297105129507365,0.5280982613050897,0.4924135983224042,0.4948826732755986,0.5172032021802078,0.5180774138664397,0.5170347543228899,0.5158286778398511,0.4305086593974027
0.53178334184977,0.5269300324197209,0.5310931518502764,0.5270150033385906,0.5312275295326143,0.5264479519851695,0.5296089385474861,0.52541915575071,0.5252932772984289,0.46877895822452115,0.5188213251575542,0.5229264142917905,0.5203732237630543,0.5200609446419503,0.4165715281223663
0.526537216828479,0.5226373951440619,0.5241173968524031,0.5199240813409971,0.5253038863208355,0.5212843106255064,0.5236837650245472,0.5195983243631221,0.49306625883301497,0.4966274419809868,0.514052120592744,0.5057422373458101,0.5109570279061804,0.5079566615879465,0.552324409493918
0.5211207630727304,0.5199459656947468,0.5193364525733729,0.5165579229356824,0.5200479369970895,0.518526697296534,0.5182495344506518,0.5162256421209822,0.5213983153914798,0.555433290593584,0.5145631067961165,0.5098256061250531,0.5130114706385893,0.5094802776367022,0.6730449878187784
0.5161130982796798,0.5186058893537567,0.5163589961718416,0.5194463850338265,0.5154596815613763,0.5176584419230789,0.515016082613848,0.5180683785349182,0.5542735426362951,0.6032615698453926,0.5159257366717764,0.5252233092301147,0.5159219311761684,0.52175385136279,0.6989181283490098
0.5187702265372168,0.5225668740584689,0.5180603998298595,0.5218257340747273,0.5179421331963704,0.5215879654480059,0.5169967834772304,0.5206229797421998,0.5537586930378046,0.5448191836985784,0.5304888434678932,0.5265844321565291,0.52944701249786,0.5257321821567632,0.4279344114049498
0.5205927439959122,0.5243558868559894,0.5174649085495533,0.5212001420132379,0.5188495120698511,0.5226953496754897,0.5172676485525647,0.5208870765010073,0.5403154193833701,0.4796645090824503,0.5279339124510305,0.5199489578902593,0.5249101181304572,0.521415270018622,0.3493551598501941
0.5248509623573497,0.5280183287039703,0.5219736282433006,0.5235620399470076,0.5233179250128404,0.5262299306573687,0.5213814118842053,0.5234332104160545,0.5381654810375527,0.5003012453099104,0.535343212399932,0.5282858358145469,0.5332990926211265,0.5285254782461487,0.5415747177648307
0.5299097257707375,0.531964527090332,0.5278945129732028,0.5288513698895264,0.5292073275124123,0.5316394481503955,0.5268325715253089,0.5278674988914434,0.48768698877374367,0.47375167237318466,0.5398569238630557,0.539430029774564,0.5424584831364493,0.5367360758422212,0.4206525264997331
0.5357009027422927,0.5362702252367387,0.5318077413866439,0.5341640636921243,0.5351138503680877,0.5362444805851122,0.5306923988488235,0.5322626619210831,0.4030145196196515,0.40768637577497285,0.544881621529552,0.5447894512973201,0.5454545454545454,0.5410529879803624,0.2755557825785492
0.5391415431783342,0.5400774987071928,0.5356869417269247,0.5381028537473939,0.5392740969012155,0.5409124021112413,0.5346538005755883,0.5366881715442512,0.39194126505167043,0.39598029670499674,0.5476920456481009,0.5459804338579327,0.5502482451634993,0.5455391907905875,0.3725681385650445
0.5447283256685403,0.5453409407721489,0.5433772862611654,0.5448687960187503,0.5459510357815442,0.5467065389181944,0.5418825122735739,0.5436450571990172,0.47754957071542903,0.5231190938596603,0.555867824902061,0.5584006805614631,0.5582948125321007,0.5575588285085493,0.7773966881689873
0.5498892863226026,0.5506099657381804,0.5496724797958314,0.5498331318417926,0.5515665125834618,0.5515965181557009,0.5477738276620959,0.5484240565289312,0.4632429365711831,0.505426578254307,0.5611480156702435,0.5597618034878774,0.5613764766307139,0.5579820551887592,0.4700415470436007
0.5552035428376767,0.5558827126382624,0.5554232241599318,0.5559500050928837,0.5563944530046225,0.5565970738512183,0.5538682918571188,0.5546855032917326,0.5096566953394872,0.5545248256166228,0.5664282064384263,0.5681837515950658,0.566598185242253,0.5672083968173354,0.6527213203412541
0.5604496678589678,0.5609592239708441,0.5590301999149297,0.5582414467526924,0.5610340695086458,0.5606155918923661,0.5592009480277638,0.5590290918056842,0.5363688541097006,0.5060554092209538,0.5711122466360075,0.5628243300723096,0.5686526279746619,0.5677162688335873,0.4091165764296161
0.5642479986373702,0.5628673824939335,0.5618545299872394,0.5588616592416219,0.5631398733093649,0.560669482650609,0.5619942441171493,0.5591879516162944,0.5449679190809278,0.47589142728769596,0.5666836995401126,0.5601020842194809,0.5607772641670947,0.5595056712375148,0.4155634634211802
0.5665985351728837,0.5644517575224987,0.562773287962569,0.560239262973785,0.564869029275809,0.5627598525551797,0.5632300660233621,0.5607046137574009,0.46629365748545304,0.44526941158900185,0.5676205075796288,0.5629944704381113,0.5669405923643211,0.563737938039614,0.3840253801916135
0.5673309487310509,0.5645711995020258,0.5644746916205869,0.5629157825751789,0.5661016949152542,0.5643531699794332,0.5644658879295751,0.5618567974115419,0.4525918621619186,0.43069046453464416,0.5648100834610801,0.5682688217779668,0.5675398048279403,0.5641611647198239,0.4015325704259288
0.5635666836995401,0.5589164267616412,0.5602381965121224,0.5576109470677004,0.5625577812018491,0.5591949855446977,0.5598781107160995,0.5559943685243472,0.37519178700568123,0.3757006245431184,0.5476068812808721,0.5470012760527434,0.5488786166752269,0.5442695107499578,0.265720944560067
0.5603134048714019,0.5575595686728662,0.5576010208421947,0.5549534486193574,0.5597329224447869,0.5576394350929155,0.5566277298120873,0.5544843671207403,0.3375549421651275,0.32411120043769487,0.5548458524953159,0.549638451722671,0.5545283341893511,0.5514643643135263,0.2209323522268477
0.5580991313234543,0.556910489715369,0.5569544874521479,0.5555921048359872,0.5587399417907892,0.5570304103609792,0.5557474183172507,0.5546909493349375,0.2970100429220319,0.2870204560270307,0.5556123318003747,0.556869417269247,0.5558123608971067,0.5551041137633317,0.2128389672057024
0.5556463975472663,0.5563926060431422,0.5549298170991067,0.5546851094482932,0.5552816298579011,0.5545699511406129,0.5529541222278652,0.5530511187541872,0.2881212666267572,0.304540803589767,0.5553568386986885,0.5528711186729051,0.5496490326998802,0.5497714575926868,0.3395814987152395
0.5528530063021633,0.5545427797739497,0.5541471714164184,0.5579086040870372,0.5522684471837015,0.5538712645793894,0.552260030472321,0.5555976478168257,0.302356700608134,0.3605971158374491,0.5508431272355647,0.5643555933645256,0.5524738914569424,0.5606907059421027,0.4727097403328132
0.5562595809913132,0.5579084380915073,0.556869417269247,0.5588099044969869,0.5556240369799692,0.5577996982717814,0.555374978838666,0.5570131827384448,0.30549282133100714,0.33419859328311013,0.5646397547266224,0.5606125053168863,0.5656565656565656,0.5598442525816828,0.2814015481744322
0.5598705501618124,0.5629058581769419,0.5616673755848574,0.563749350764899,0.5599212463619243,0.5638712592142299,0.5592855933638058,0.5616812674720381,0.33634916552527955,0.34787041992147677,0.5729006983478113,0.573628243300723,0.5760143810991268,0.5710174369392247,0.37521407319821
0.5657298586271505,0.5702401968269831,0.566856656741812,0.5701048415279392,0.5663071391884952,0.5718281144861401,0.5644658879295752,0.5681227071787517,0.39658581588484176,0.40325435294882234,0.5849088741270654,0.5828158230540195,0.5877418250299605,0.5810055865921788,0.5140222190035134
0.5727474024867997,0.5769749838836334,0.5734751169715013,0.5753910342924103,0.5744735490498203,0.5780457703262619,0.5716945996275606,0.5740534768133725,0.4329862451602339,0.44269745032994834,0.5904445579969342,0.5859634198213526,0.5904810820065057,0.585915016082614,0.5215836450922003
0.5814852665644695,0.5828274717970604,0.5763334751169714,0.5764764842255655,0.5797466187296696,0.578310260169571,0.5769933976637889,0.5784305499166629,0.5157235788834839,0.5905971032029865,0.5945324476239142,0.5786473840918758,0.578839239856189,0.5871846961232438,0.8863964089490628
0.582677567705672,0.5787520680089185,0.5803147596767333,0.5778239655222754,0.5809108029447012,0.576032669023622,0.5804469273743018,0.5779910003225245,0.6376081610054414,0.6906728883967311,0.5706012604326349,0.5805189281156954,0.571477486731724,0.5771119011342475,0.8908244587842202
0.5953500255493103,0.5979223745279466,0.5909995746490855,0.594233416402345,0.591628145865434,0.5938888112500116,0.592618926697139,0.59595314473282,0.7473744056479894,0.7684636910681375,0.6362629875660026,0.627052318162484,0.6296010957027907,0.6318774335534112,0.92404529641095
0.5949923352069495,0.5929883904903849,0.590761378136963,0.5900305577660322,0.5904297209381955,0.5898424409645971,0.5935330963263924,0.592494241401362,0.8087982271645924,0.7860229029076011,0.5831204224152615,0.5816248404934069,0.5817497003937683,0.5855764347384459,0.8211413265865282
0.5957247487651167,0.5933611355895134,0.5926499361973627,0.5918224418851387,0.5913028590994693,0.5915105515806897,0.5950397833079398,0.5928123112643582,0.8158256566211746,0.709588866063438,0.5941066257877705,0.5954062101233517,0.5948467728128746,0.5934484509903505,0.5567207923751115
0.5970362800204395,0.5959374583598517,0.5968864313058273,0.5944915811348251,0.5958397534668721,0.5948482716181941,0.5968850516336549,0.5940118867601788,0.8131869916191802,0.7641269386886553,0.6010901039005281,0.5998298596341981,0.6015237116932032,0.5964110377518199,0.87320308393909
0.6055527167433147,0.6016861202555713,0.6026371756699276,0.5994186040686159,0.6044170518746791,0.6013535073357156,0.6033858134416794,0.5992131612315758,0.7355048878172915,0.6768892723840293,0.6131834440470108,0.6092726499361972,0.6143639787707584,0.6096157101743696,0.5024139397747773
0.6002214273547948,0.6043262603781819,0.5994555508294341,0.6033271340324163,0.6010614620784113,0.6051767204642943,0.5988657524970376,0.6025678170977844,0.6261326259761913,0.5769875106578359,0.6096065406234032,0.611144193960017,0.6128231467214518,0.6092771288302017,0.3771839872054491
0.6060637029466871,0.6069947737103624,0.6056826882177796,0.6064715984999888,0.6064030131826742,0.6062702989478905,0.603368884374471,0.6044092427737275,0.5479580505566133,0.5280811569347701,0.6123318003747233,0.6127605274351339,0.608457455915083,0.6080920941256138,0.4302684494886384
0.6120933401464829,0.6127481197358244,0.6109059974478944,0.6114886510913012,0.6125492210237973,0.6127061366380903,0.6085830370746572,0.6094459000129122,0.528415978575883,0.5050575821136666,0.6242548117867486,0.621522756273926,0.6255778120184898,0.6195192144912816,0.4590104324714598
0.615823539431102,0.6150791132650911,0.6150233943002976,0.6144647153596056,0.6158020886834447,0.6144001077558735,0.612578296935839,0.6117597123611842,0.4285091803876367,0.46126141907506374,0.6197411003236246,0.6204168438962142,0.6177880499914399,0.6163873370577282,0.3736690929978582
0.6168114460909557,0.6160937346254869,0.6141556784347084,0.6112878337758209,0.6143639787707584,0.6119912149063582,0.6131030980192993,0.6119197134380131,0.43500730359283174,0.48580913131695996,0.6181229773462784,0.6049340706082517,0.6071734292073276,0.612239715591671,0.5349045558007526
0.6164707886220406,0.6133635741766007,0.6150063802637175,0.6126577902189011,0.612497859955487,0.6091583274859371,0.6136956153715931,0.6120263808225658,0.49110660675462564,0.5430995885494462,0.6079032532788282,0.6153977031050616,0.6034925526450949,0.612239715591671,0.6576805030144186
0.6168966104581843,0.6137293526362145,0.619447043811144,0.6200931418700231,0.6141927752097244,0.6117495623860479,0.6186050448620282,0.6188973344076402,0.5706386848282615,0.63804267231857,0.6144609095554421,0.6349638451722669,0.6169320321862695,0.6326392415777891,0.8279288398568176
0.6198432975642991,0.6221489841965838,0.6213015737983836,0.6236605633167231,0.6159561718883754,0.6192979733946135,0.6223294396478755,0.6253119524119328,0.6734646346211779,0.749741842024394,0.6389882473173225,0.6307954062101232,0.6343947954117446,0.6381411884205181,0.973140181436042
0.621768012263669,0.6245542140712138,0.6226286686516375,0.62479114826531,0.6173086800205445,0.6210488458138376,0.6242085661080075,0.6254689580607513,0.6967456651611554,0.6631859765821779,0.6293646738204737,0.627052318162484,0.6245505906522857,0.6257829693583883,0.4900742456977459
0.622108669732584,0.6229782309444271,0.6243470863462355,0.6210361518706207,0.6196199280945043,0.6202757870682675,0.6253089554765533,0.6228931928519675,0.695153000953313,0.6177710626419655,0.6198262646908534,0.6135261590812419,0.6187296695771272,0.6177416624344001,0.5269412347615405
0.625378981434168,0.6234037578918675,0.6257422373458101,0.6214819206147254,0.6235233692860811,0.6211871109131712,0.6270357203318098,0.6222199751906294,0.6152415344135345,0.4978884318664856,0.6242548117867486,0.6223734581029349,0.6230097586029788,0.6208735398679532,0.2581231703155259
0.6269119400442855,0.6229777394632549,0.6225265844321564,0.6206164739444829,0.624105461393597,0.6207389048500637,0.6244286439817166,0.6213479367361942,0.5304096106726998,0.46651536162853846,0.6221257026060296,0.6188855806039982,0.6198424927238486,0.6196038598273237,0.4037692211526441
0.623675694089593,0.6229208321567897,0.6225095703955763,0.6239810946387294,0.622085259373395,0.6219238650036206,0.6220247164381243,0.6229391413916482,0.45389136380667267,0.5078598901209945,0.6228070175438596,0.6307103360272223,0.6242937853107344,0.6261215507025564,0.5905489471059066
0.624016351558508,0.6256365418262094,0.6221182475542321,0.6243526310777407,0.6229926382468756,0.6243117383423099,0.6218554257660405,0.6236049329270883,0.43205448404986024,0.4655365423852242,0.6310679611650487,0.6250957039557633,0.6290874850196884,0.6249365159979685,0.3808898469136835
0.627899846704139,0.6301722746904759,0.6271033602722245,0.6290523282755617,0.6275466529703817,0.6300410732930927,0.6258676146944303,0.6283374909768422,0.48815378721165403,0.5795036117803195,0.6392437404190088,0.6384517226712038,0.6414997431946583,0.6378026070763501,0.80743775057051
0.6332822347129962,0.6371704337373286,0.6319013185878349,0.6348226354107034,0.6335045368943674,0.6376271082696975,0.631098696461825,0.6345679768862037,0.5946317445334117,0.6498400601616511,0.651166751831034,0.6463632496809867,0.652799178222907,0.6470289487049266,0.7905129569243144
0.6391756089252258,0.641977813713945,0.633245427477669,0.6317504652915251,0.6359013867488443,0.6356936528452095,0.6359234806162182,0.6376212447905655,0.6775859647654195,0.7060734808786616,0.6515925736671777,0.6256061250531687,0.6318267419962336,0.6437277805992891,0.8185403223126826
0.6416453755748597,0.6397038260733062,0.6340280731603573,0.6327081650079046,0.6382811162472178,0.6358599128310071,0.6368715083798884,0.6353680597006796,0.6580428463983843,0.6349934390093512,0.6351558507920287,0.6346235644406634,0.6361924328026023,0.6308616895209076,0.4928333552707304
0.6420030659172203,0.6374213550078216,0.6350829434283283,0.6319287951038093,0.6378188666324259,0.6328320208692475,0.6370915862535975,0.6322576749226245,0.6912260691911013,0.6055976129653237,0.6328564128768523,0.6303700552956187,0.6267762369457284,0.6260369053665145,0.5468059608772683
0.6405041730539942,0.6355306620395073,0.6340621012335175,0.6324017006349228,0.6364149974319465,0.6333814796435856,0.6366683595733876,0.6334006078401831,0.6301061311077982,0.5710110953615475,0.6317492761028787,0.63334751169715,0.6344803971922617,0.6356864736753005,0.501838060153995
0.6400102197240676,0.6399194364201383,0.6339430029774562,0.6368570532235087,0.6358671460366375,0.6389409601778443,0.6360419840866769,0.636899428983913,0.5434577449934547,0.4997644056918971,0.6486969851814002,0.6457677584006806,0.6500599212463618,0.643897071271373,0.3572710263525965
0.639499233520695,0.642958838496864,0.6351339855380688,0.6350917147677495,0.6366375620612909,0.6378535808250628,0.6368037921110548,0.6404452262296682,0.5399179027334364,0.6001233074654619,0.6490376426503153,0.6315610378562312,0.6356788221195,0.6475368207211785,0.8008411110125917
0.6393118719127917,0.6400455732487468,0.6348277328796256,0.6344252435613155,0.633487416538264,0.6320496222791979,0.637193160656848,0.6378996615697364,0.580235561750652,0.6315560884292442,0.6342190427525125,0.6330923011484474,0.620441705187468,0.6328085322498731,0.6944216503568086
0.6396184636348152,0.6381601726614878,0.6360697575499785,0.6351435552566717,0.6353877760657423,0.6334590930471717,0.6390045708481463,0.6369644264874932,0.560918912588009,0.5711116306408469,0.6343893714869699,0.636580178647384,0.6362780345831194,0.6350939563230067,0.4502227150640526
0.635275080906149,0.6287842359275075,0.6312888132709484,0.6265766336051141,0.6298065399760315,0.6244974676126839,0.6328085322498731,0.6262117112196403,0.5755330099081769,0.5723772693455095,0.610032362459547,0.6094427903019989,0.6065742167437083,0.6047062806839343,0.5749085467548348
0.6266223811957078,0.6210006528280698,0.6206550404083367,0.6152507204326167,0.6192090395480225,0.6153557847772283,0.6236499068901304,0.6168424556373133,0.6384837109778225,0.6055930234639476,0.6054334866291944,0.5925988940876222,0.5970724191063174,0.5981039444726596,0.6720245317008238
0.616027933912451,0.6126889039633904,0.6149383241173968,0.6111596324222549,0.6118301660674542,0.6098320080903715,0.6138649060436772,0.6107655759211794,0.558426126687275,0.5372464121625834,0.5960654062340316,0.6029774564015312,0.5987844547166581,0.5986118164889116,0.4005531895598551
0.6097939022313065,0.6094755640911901,0.6080306252658442,0.6069576905783981,0.606813901729156,0.6050081332255732,0.606399187404774,0.6056703636325723,0.5031588933932455,0.49752610273727577,0.6030488843467894,0.5985538068906846,0.5953603834959766,0.5954799390553581,0.4180854838866605
0.6048032703117017,0.609462446690442,0.6023819651212249,0.6074174196936944,0.6018832391713748,0.6072136627484532,0.6007110208227527,0.6059979502260149,0.4809564760205893,0.4447542778917744,0.6094362118889458,0.6083368779242874,0.6116247217942132,0.6066531234129,0.3392106282007717
0.6041560211207632,0.6085736699619129,0.6004253509145043,0.6048315195519284,0.6011299435028248,0.6057450212992884,0.6002031488065008,0.6047209403515682,0.4146687388787035,0.37765947227631824,0.6067961165048545,0.5996597192683963,0.6028077384009587,0.602166920602675,0.243469861045406
0.6063873275421564,0.6112457862199955,0.6035729476818373,0.6059999723427146,0.6046567368601267,0.6087321428304678,0.6025393600812595,0.6064089605165299,0.33733232806817454,0.3468871407336051,0.6165900187361608,0.6083368779242874,0.6147063858928266,0.6097850008464534,0.2853424776481789
0.6092658831544883,0.6109832522452273,0.6045427477669076,0.6066088005041038,0.606522855675398,0.6085264448179836,0.6048247841543932,0.6076189526292131,0.32486851788925897,0.34400280671082917,0.6104581842956909,0.607826456826882,0.6081150487930149,0.6100389368545793,0.3382341386652773
0.6113098279679783,0.6117450376348981,0.6062781794980857,0.6068161888515945,0.6093134737202534,0.6087887877854069,0.6070086338242764,0.6072123642210667,0.2998370758165623,0.3269779623149452,0.6132686084142396,0.6072309655465759,0.6093134737202535,0.606399187404774,0.2929282735231772
0.6088400613183446,0.6068591513035243,0.6034028073160356,0.6025307982390752,0.6058038007190549,0.6038846441196783,0.6037243947858474,0.6015522188876296,0.372321806378514,0.4518634018801402,0.5970873786407767,0.5939600170140364,0.5940763567882212,0.5902319282207552,0.7016342810105302
0.6049906319196049,0.6004224240394017,0.6006635474266269,0.597008338766501,0.6026194144838213,0.5982183651547156,0.5996614186558321,0.5949854925759527,0.4477040632281679,0.5080359830179854,0.5875489695111564,0.5859634198213526,0.5868858072247902,0.5818520399525987,0.6203811452936756
0.5994890137966276,0.5966422587333592,0.5977541471714163,0.5959355180604122,0.5976887519260401,0.5954966011377839,0.5956661587946506,0.5932598955641502,0.45544778082576043,0.44671101055737067,0.589081928121274,0.5937898766482347,0.5900530731039206,0.5898087015405451,0.3240610656361413
0.5970022142735478,0.5971029013823371,0.5935857082092725,0.5929517660456626,0.5944701249785995,0.59433837211046,0.592060267479262,0.5928430904686457,0.4538482416763182,0.40788615467760264,0.5980241866802929,0.5869842620161632,0.5920219140558123,0.5920094802776368,0.3302364429180666
0.5925055356838698,0.5949970060768411,0.5912547851977881,0.5938266275268261,0.5913542201677794,0.5941368979623577,0.5900287794142544,0.5939759760056758,0.4499479468707451,0.36306636961683886,0.5907852154658491,0.5955763504891535,0.593733949666153,0.596241747079736,0.2734267994953113
0.593237949242037,0.5969144861950985,0.5902679710761377,0.5922264004864789,0.591080294470125,0.5936601747415547,0.5911799559844253,0.5946465876943204,0.3658801972126105,0.3358094239845116,0.600749446431613,0.5890259464057847,0.5927067282999486,0.59598781107161,0.2812955327198572
0.5946176119911428,0.5960920852156274,0.5899106763079539,0.5895432489844638,0.5914055812360897,0.5919441968459078,0.592314203487388,0.5922721509520175,0.32457346448776,0.36182210987948205,0.5944472832566854,0.5841769459804337,0.5885122410546139,0.5875232774674116,0.4138474816694231
0.5907511497189576,0.5873112623972008,0.5850276478094427,0.5828204107082019,0.587296695771272,0.5844656798238826,0.5875571356018284,0.5835225546722609,0.38705367723094614,0.45336878303701206,0.5697496167603475,0.5693747341556783,0.5695086457798322,0.5660233621127477,0.6364621293520721
0.585198432975643,0.5816277092527072,0.5823734581029348,0.5797847116333426,0.5832391713747646,0.5802218839070136,0.5830709327916033,0.5788745251903443,0.3878057169040404,0.4135780691191873,0.57026060296372,0.573713313483624,0.5717342920732752,0.569578466226511,0.3339966412835378
0.5824902060977687,0.5801664998606307,0.5800425350914503,0.5811637195661387,0.5801061462078411,0.5795041972151876,0.580074487895717,0.5796695243269978,0.4055177510257799,0.39638103611412784,0.5772440810764776,0.583921735431731,0.5780688238315357,0.5812595226003048,0.3619869701040089
0.5807869187531937,0.5841886698099998,0.5791067630795406,0.582224841826171,0.57909604519774,0.5822215392266062,0.5782461486372102,0.5820617211443572,0.4067839977794582,0.36012961290550144,0.592233009708738,0.5843470863462356,0.5876562232494436,0.5868461147790758,0.2876267664882486
0.5799352750809061,0.5861888015050826,0.5799064227988089,0.5842083094097058,0.5799691833590138,0.5857736701047317,0.5781953614355849,0.5837975945826667,0.3550291620520113,0.29177750961439725,0.5901890648952479,0.5881752445767757,0.5928779318609827,0.5872693414592857,0.1550733030321888
0.5866291943450861,0.591865605363804,0.5849085495533813,0.5876006622493175,0.5860811504879302,0.5905386072112924,0.5844929744371086,0.588368872095233,0.3022686114031508,0.3187381317788547,0.6032192130812468,0.5943853679285409,0.6000684814244137,0.5975114271203658,0.3726593761077696
0.5925396014307613,0.5945146163732349,0.5894853253934496,0.5905995057275331,0.5912343776750557,0.5928592141438291,0.5891484679194177,0.5898645592761742,0.27971181786856986,0.2862296457227808,0.5998126383920968,0.5965971926839642,0.5975004280089026,0.5928559336380566,0.221212673610633
0.5987225344915688,0.5990626597089947,0.5934836239897915,0.5950374132895023,0.5970724191063174,0.5976591530918343,0.5937023869984766,0.5945860788493157,0.27887033970288877,0.3100796235737216,0.6081587463805145,0.6039132284134411,0.6072590309878445,0.6040291179955986,0.3577795792756032
0.6015159257366719,0.6014417617840809,0.5966482347937048,0.5967483223149355,0.600547851395309,0.60011723029269,0.5961740308109024,0.5961254971799456,0.26309673621096913,0.2763059987253646,0.6061999659342532,0.6001701403658017,0.6050333846944016,0.5992043338412054,0.2087587490286505
0.6027252597513201,0.599706419512217,0.5996086771586558,0.5988247003438008,0.60155795240541,0.599387632498956,0.5989673269002879,0.597828938755368,0.30770290853170157,0.31023872069552677,0.5962357349684893,0.6029774564015312,0.5979284369114878,0.601235821906213,0.3781041646358511
0.6032873445750299,0.60181415874141,0.6006635474266269,0.5991030399853327,0.6014381099126862,0.5994148446529021,0.5997968511934993,0.5991056420323864,0.3270766683574067,0.3633352055424495,0.6060296371997957,0.5996597192683963,0.5994692689607943,0.601659048586423,0.4695281752362951
0.6059274399591212,0.6055471442651245,0.6037090599744788,0.6033436117979631,0.6050505050505051,0.6047973643346003,0.6027763670221772,0.6019882656154062,0.3757307126680116,0.3970511020828522,0.6130131153125533,0.611824755423224,0.6155624036979968,0.6077535127814457,0.4644828951636576
0.6073411684551185,0.6087738924635833,0.605240323266695,0.6060855894901492,0.6065399760315013,0.6081003715206758,0.6035720331809717,0.6039946600067947,0.37768184679472605,0.38721248469162667,0.6152273888605009,0.6115695448745214,0.6147063858928266,0.6080074487895717,0.3675352499091755
0.610645545903594,0.6134232127012659,0.6092045937898766,0.6107208906540027,0.6103578154425612,0.6134411082636839,0.6069239884882344,0.6079844767970358,0.3978675289624126,0.36137070975011215,0.622721853176631,0.6199914929817097,0.6241225817497003,0.6159641103775182,0.3096871598670832
0.6160279339124511,0.6166647001384354,0.6126414291790726,0.6138678048851723,0.6158363293956514,0.6174010744014355,0.610106653123413,0.6110393662253926,0.38593964296932126,0.347068718056873,0.6231476750127747,0.6201616333475116,0.6253210066769388,0.617149145082106,0.3184647346703947
0.6185658320558679,0.6173495093979169,0.6175414717141641,0.6172985139047328,0.6199794555726758,0.6183290162162626,0.614118842051803,0.6145995752263861,0.38289760522561656,0.3828184742105058,0.6187191279168798,0.6241599319438534,0.6201848998459167,0.6217199932283732,0.4543179865177714
0.6221257026060297,0.6218371622863987,0.620297745640153,0.6200677176208781,0.6228043143297379,0.6221149099719442,0.6177247333671916,0.6183273732703868,0.36168036055902003,0.37467787341722875,0.6308124680633624,0.6256061250531687,0.6296866974833075,0.6257829693583883,0.3583966718306748
0.6240844830522911,0.6228985385548683,0.6223904721395149,0.6207228708710292,0.6246704331450094,0.6227555999710239,0.6197223632977823,0.6182167816610998,0.3659786584923703,0.37946082880346155,0.6250212910918074,0.6220331773713311,0.6240369799691834,0.6179955984425258,0.3890267395759271
0.6244421733946518,0.6234357939993905,0.6224755423224159,0.6206208618794241,0.6246019517205957,0.6230971248565601,0.6201286609107839,0.6181430539215752,0.3283594278212824,0.29350422137285553,0.6245103048884348,0.6204168438962142,0.6237801746276324,0.6179955984425258,0.1215910065116436
0.6227729517969683,0.6205577183410461,0.6235133985538067,0.6221975460877714,0.6230782400273925,0.6212988993080143,0.6215337734890808,0.620153605272247,0.3803052382282,0.38840074315023126,0.6148015670243572,0.6253509145044661,0.6177024482109228,0.6241747079735906,0.5781937867049828
0.6259921648782151,0.6253102100017353,0.625452998723947,0.6260843416566995,0.6259373394966616,0.6256927319360968,0.6230066023362112,0.6231304493361732,0.3976043811643857,0.4392050624997208,0.6348151933231136,0.6338579327945554,0.6344803971922617,0.6290841374640257,0.5408137011986998
0.6267416113098281,0.6283933734082993,0.6264227988090173,0.6275412695973062,0.6266050333846944,0.6281368769318885,0.626324699509057,0.6295447846316545,0.3872774295024764,0.39505734617352334,0.6345597002214274,0.6304551254785197,0.6330251669234719,0.6423734552226172,0.3067619135211284
0.6288366547436554,0.6307610850258475,0.6281922586133559,0.6286543385292122,0.6282657079267249,0.6295380355143708,0.6286609107838158,0.6295887413598763,0.3846509631618784,0.3886697000733279,0.6354965082609438,0.6308804763930241,0.6323403526793356,0.6296766548163197,0.3758944078729371
0.630437744847556,0.6313459751532108,0.630114844746916,0.6291128172074799,0.6302516692347201,0.63092868406545,0.6303368884374472,0.6285176564768117,0.38039341922145564,0.29254756231872847,0.6325157554079375,0.6300297745640152,0.6337099811676083,0.6263754867106823,0.1003032868095296
0.6355476068812809,0.634347609166468,0.6330412590387068,0.6327362067927932,0.6349597671631569,0.6343667686613358,0.6326900287794144,0.6309919075456832,0.35696329699068485,0.3487127667295286,0.6403508771929824,0.6399829859634197,0.6412429378531073,0.6359404096834265,0.4610431755511289
0.6373019928461933,0.6374274471602037,0.6336027222458528,0.6340458874719571,0.6362609142270158,0.636573223278076,0.6340951413577113,0.6326978384822923,0.33753987970963334,0.38037404941749986,0.6435871231476751,0.6366652488302847,0.6409861325115562,0.6361097003555105,0.4436966147934424
0.639499233520695,0.6401335993047813,0.6358655891110165,0.6366204115827508,0.6386406437253894,0.6393567536571639,0.6332994751989166,0.634596933797743,0.3201343541657833,0.32682746154562586,0.6455459035939364,0.6417694598043385,0.6449238144153397,0.6383951244286441,0.2197342858018779
0.6398228581161642,0.6391272766159509,0.6373117822203316,0.6371174217017006,0.6398904297209381,0.6391009299904691,0.6346876587100051,0.6352704799890828,0.29115569512268336,0.29488534524956306,0.63711463123829,0.6381114419396,0.6385892826570794,0.6366175723717624,0.2310011126574375
0.6433316300459888,0.642771389429654,0.6403572947681837,0.6398307269022254,0.6434001027221365,0.6431534020515128,0.6380734721516845,0.6379485046324149,0.3314402002159228,0.297165500924951,0.6500596150570601,0.6452573373032752,0.6512583461736003,0.6433045539190791,0.3017258122757268
0.6451200817577927,0.6449453048704364,0.6414291790727349,0.6416679537635422,0.645351823317925,0.6457694483116917,0.6401557474183173,0.6407495984271402,0.3088599272412723,0.31415760417592614,0.6492931357520013,0.6453424074861759,0.6510015408320493,0.6463517860165906,0.3481418106778765
0.6456140350877193,0.6453158331793939,0.6412079965971925,0.6396317479932193,0.645266221537408,0.6440323400774515,0.6412899949212799,0.6410933782415346,0.3260534494124541,0.38599314466706797,0.6460568897973089,0.6355593364525732,0.640558123608971,0.6417809378703234,0.5296642256493516
0.6439448134900359,0.6426104873214356,0.6402552105487025,0.6387563418494424,0.6444102037322377,0.6429028018481303,0.6409852717115287,0.6396860882876525,0.3441337289040719,0.3607073241980343,0.6371997956055189,0.6370055295618885,0.6406437253894881,0.6368715083798884,0.310135683259967
0.6443536024527339,0.6414598502315504,0.6398468736707783,0.6378608137496212,0.6448210922787194,0.6421497763619163,0.6407144066361945,0.6382118078567985,0.36654578151196954,0.35482534136433136,0.63915857605178,0.6360697575499786,0.6406437253894881,0.6352632469950907,0.3430613756969254
0.6461590870379833,0.6473355794821362,0.6419566142067203,0.6438425558274093,0.6462078411230954,0.6474972143731043,0.6427966819028273,0.6433798486552801,0.39321478143651956,0.38157383154237995,0.6590870379833078,0.6558060399829858,0.6581920903954801,0.6537159302522433,0.4350708118984771
0.6490206097768695,0.652757302803568,0.6452233092301147,0.6497869980859887,0.648929977743537,0.6532022175601554,0.6450821059759608,0.6481795345642728,0.4196223500037359,0.41444243886623927,0.6636007494464318,0.6616758826031474,0.6646122239342578,0.6577789063822583,0.4801796535139579
0.6534321239993188,0.6578763555055639,0.6502934921310081,0.6534947490430056,0.6538777606574216,0.6572338244329016,0.6487218554257661,0.6521129180826318,0.3769164794644853,0.3816732502285258,0.6681144609095555,0.6609102509570396,0.665297038178394,0.65997968511935,0.3161348729530986
0.6597172543008005,0.6614593860413519,0.655635899617184,0.65690235502626,0.6596815613764766,0.6613767926168553,0.6540545115964111,0.6559202084661256,0.37246103083002857,0.350401646848245,0.668625447112928,0.663717566992769,0.669662728984763,0.6635347892331134,0.2878584400876834
0.6650655765627662,0.6629396531481039,0.6631050616758826,0.6624067592986637,0.6644239000171204,0.6623696679421391,0.6609277128830202,0.6604898901201292,0.4697354239764552,0.510078878375183,0.6659001873616079,0.6734155678434707,0.6643554185927067,0.6696292534281363,0.8294333414290589
0.669511156532107,0.6690647480420733,0.6669502339430029,0.6666151399719716,0.6682931004964903,0.6674258095588694,0.6648891146097851,0.6648342397087753,0.46392063692249347,0.47538487779301136,0.6813149378300121,0.6750319013185878,0.67753809279233,0.6735229388860675,0.4059968766286681
0.6724067450178846,0.6720693959864886,0.6697915780518928,0.6697042943638466,0.6710665981852423,0.6711104438319188,0.6680887083121722,0.6678151181039147,0.43322950243964053,0.4258312455619053,0.6780786918753194,0.6758826031475965,0.6784797123780175,0.6737768748941935,0.3267239810996932
0.6756089252256856,0.6760880513071793,0.6734495959166311,0.6728696430028083,0.6745420304742339,0.67496502909573,0.6714237345522263,0.6707616841758167,0.4760643722168648,0.46065723765434363,0.6841253619485608,0.6792003402807315,0.6826741996233521,0.6766548163196209,0.5303092218392204
0.6786918753193664,0.678738766731897,0.6765971926839641,0.6750649456116835,0.677452491011813,0.6780483632880395,0.6738953783646522,0.6724721255489587,0.45955369971907284,0.37553985096913683,0.6840401975813322,0.6794555508294341,0.6842150316726587,0.675893008295243,0.2053050775987233
0.6815022994379152,0.6791432804727154,0.679727775414717,0.6797327909068674,0.6807909604519774,0.6790481641232026,0.6770441848654141,0.6767725123432875,0.45564734688752395,0.5203270930698628,0.6799523079543519,0.6890684814972351,0.6810477657935285,0.6853732859319452,0.8099015772713145
0.6838017373530916,0.6836995627837749,0.6827052318162483,0.6831282550466596,0.6839068652627975,0.6837379816976119,0.6797697646859658,0.6802319542251339,0.4673772914712725,0.5017669285623786,0.6928121274058936,0.689919183326244,0.6931176168464304,0.6871508379888269,0.4646465995474104
0.6871231476750129,0.6873616230174919,0.6854444917056571,0.6852784708959866,0.68527649375107,0.684267939404868,0.6825122735737261,0.6826511092610875,0.5581072909444077,0.594635945196709,0.6946857434849261,0.6895789025946405,0.6853278548193802,0.6874894193329948,0.7803739784653698
0.6902060977686938,0.6914211194839829,0.6892216078264567,0.6895476208922343,0.6889744906694059,0.6899000210082559,0.6860165904858644,0.6864928731341622,0.5741407470353765,0.5999161308958274,0.6995401124169649,0.6980859208847298,0.7011641842150318,0.6941764008803115,0.6104765022940642
0.6929654232669054,0.6935596880134519,0.6921820501914078,0.6911176681462194,0.6919534326313987,0.6929699278330448,0.6889114609785002,0.6877843690089156,0.5896138540812463,0.49416762487324223,0.6978368250723899,0.6942577626541896,0.6991097414826228,0.6903673607584224,0.2826706128280719
0.6992505535683872,0.6994991118295552,0.6975244576775839,0.6993386184068515,0.6983906865262798,0.699724630311341,0.6941425427458948,0.6956991442622499,0.567764417688775,0.5629965483518142,0.7113779594617615,0.7157805189281156,0.7132340352679336,0.7115286947689183,0.7006543953089583
0.7052461250212912,0.7072627361098415,0.7040918757975329,0.7071445035798973,0.7049306625577813,0.7084222525422067,0.7002708650753344,0.7030635793868417,0.6026482476976289,0.5883529487651028,0.722789984670414,0.7227562739259888,0.7258174970039377,0.7177924496360253,0.6390657495916798
0.7097257707375236,0.7105364814285903,0.7104721395150998,0.7119230761140901,0.7115391200136962,0.7117382157277897,0.7063653292703573,0.7080296330272642,0.5574914650674947,0.5770986542816349,0.7170839720660878,0.7214802211824755,0.7183701420989557,0.7179617403081091,0.5545900653146988
0.7140861863396356,0.7141383844282352,0.7162228838792002,0.7168952649778039,0.7158534497517548,0.7154040881203013,0.7118842051802947,0.7126100154948422,0.5126497456822338,0.5134884046436765,0.7213421904275252,0.7268396427052316,0.7227358329053244,0.7217707804299984,0.3862679053677598
0.7201158235394314,0.7187539266426128,0.7221777966822628,0.7192742855417033,0.7212292415682247,0.718932292268525,0.7179617403081091,0.7153250224623929,0.5578641529897552,0.5119064862176773,0.7279850110713679,0.7240323266695022,0.7259887005649719,0.7207550363974946,0.5087426493656788
0.7245784363822179,0.7237329589869733,0.7274181199489578,0.7268435687816658,0.725954459852765,0.724908237075895,0.7233621127475878,0.7230602006303656,0.5663017715687295,0.5888851535463949,0.7336910236756942,0.7419821352615906,0.7368601266906352,0.7385305569663112,0.7428424882038301
0.7293306080735822,0.7313389203670608,0.7305997447894511,0.7307838452305958,0.7289162814586543,0.7301476930617249,0.7277636702217709,0.7286402127558906,0.6007025474366382,0.6629466453413375,0.7465508431272359,0.7386643981284559,0.7406266050333845,0.739800237006941,0.8110696289312228
0.7338954181570433,0.7341952877391716,0.7350574223734581,0.7351120998545669,0.7335216572504708,0.733897469060496,0.7319282207550365,0.7320216394954061,0.5824056292645979,0.5963329217123908,0.7399080224833932,0.7437686091025094,0.7413970210580381,0.7387844929744372,0.4631054744544977
0.7323283938000342,0.7272992147069411,0.7334070608251807,0.7296040115576595,0.7323917137476459,0.728293684504064,0.7307770441848656,0.7266860588566519,0.6000632054043467,0.5557405431637618,0.7135070686424803,0.7185878349638449,0.7170861153912,0.7160148975791436,0.4745557860665035
0.7306591722023507,0.7247457774989442,0.7291705657167161,0.7206859580808329,0.7278719397363465,0.7199923998388674,0.7297274420179449,0.7229597144253986,0.6782082984308428,0.6703164002752278,0.7196389030829502,0.7028498511271798,0.7033898305084745,0.7155070255628917,0.8994681144981596
0.7251064554590362,0.7184729983190031,0.7217864738409185,0.7154778640147562,0.7216058894024995,0.715171558233045,0.722007787370916,0.7152839041939879,0.5944470022776343,0.5548896026627476,0.7059274399591211,0.7050616758826028,0.7055298750214005,0.6999322837311666,0.3240360074377872
0.719860330437745,0.7190887382195955,0.716971501488728,0.7151817547990053,0.7167094675569252,0.7154958707572009,0.7167936346707298,0.7147657606313285,0.5235664920670151,0.522148761067874,0.7203202180207802,0.7145895363675031,0.7161444958055128,0.7137294735060098,0.4566670778781269
0.7139499233520696,0.7161778211647358,0.7111867290514672,0.7150694188380721,0.7108371854134565,0.7143424506183657,0.7113763331640428,0.7137431689012197,0.508925390637119,0.47806582981358847,0.7103559870550165,0.7148447469162057,0.7120356103406951,0.7116979854410022,0.3898999673050174
0.7132175097939024,0.7140668810603717,0.7081242024670351,0.7111380132392761,0.7082177709296353,0.710891314736275,0.7085830370746573,0.7098449183115519,0.5418341940319633,0.5317438208893007,0.7098450008516439,0.7032752020416843,0.7039890429720936,0.7020484171322161,0.6390998030407251
0.7119911429058083,0.7138802769210746,0.7111356869417268,0.7133944333263966,0.7101352508132169,0.7115866197996441,0.7084306754697817,0.7114783513872059,0.48757484186257505,0.5638863318099399,0.7135070686424803,0.7179072735006379,0.7129772299263826,0.7147452175385138,0.6281713536512181
0.7154147504684042,0.7169353438714164,0.7160527435133984,0.7188119417979181,0.713713405238829,0.7155312955829163,0.7136278991027595,0.7162917015568224,0.5177859971116068,0.5342881491009418,0.7230454777721003,0.7296469587409612,0.7234206471494606,0.7259184018960556,0.4750917836829457
0.718293306080736,0.7228612279417573,0.7178732454274775,0.7204386431779115,0.716367060434857,0.7201584543171619,0.7164889114609785,0.7202059794702501,0.5200518456877594,0.5121908729869248,0.7347129960824392,0.7236920459378985,0.7294127717856531,0.7280345352971052,0.4679963207588907
0.7224663600749448,0.7256479043031917,0.7206125053168863,0.7231394442396909,0.7200479369970895,0.7235856339287271,0.7189436262061961,0.7214611727025302,0.508150330465317,0.4515913790555515,0.7312212570260603,0.7285410463632497,0.7304399931518575,0.7239715591670901,0.330392391192805
0.7304888434678931,0.7337510754742563,0.7316886431305827,0.7349782598631825,0.7293785310734464,0.732604427070444,0.7293211444049434,0.7322861178436709,0.5755492839688662,0.6264257762231913,0.7499574178163857,0.7586558911101658,0.7506420133538778,0.7539360081259523,0.9760945705584708
0.7386305569749618,0.7405725957087785,0.7404338579327944,0.743863289079354,0.7381270330422872,0.7406428646371584,0.7379718977484342,0.7408570733144365,0.582430999543078,0.6384771613228866,0.7542156361778232,0.7616333475116969,0.7567197397705872,0.7579989842559678,0.6625799315222772
0.7461931527848749,0.7473345494130742,0.7492131008081666,0.7537565837588432,0.7457798322205101,0.7476567907716308,0.7463856441510074,0.7499004268459316,0.6264404563052026,0.6573644633797806,0.7608584568216659,0.7735431731178221,0.7616846430405753,0.7679871339089217,0.6951390674935688
0.7543178334184978,0.7566684993589007,0.7589791578051892,0.760011832813566,0.753809279233008,0.7549578627971346,0.7543084476045372,0.7558164687522057,0.6542627942296018,0.6406123123801493,0.7753363992505538,0.7725223309230113,0.7695600068481423,0.7676485525647538,0.6071080103808865
0.7567365014477943,0.7522171986301149,0.7588600595491279,0.749323073570025,0.7546824173942818,0.7482404698508317,0.7575249703741326,0.7505623701731595,0.7062121201273508,0.6237878818139495,0.7433145971725432,0.7279455550829431,0.7348056839582262,0.7400541730150672,0.59013902068155
0.750144779424289,0.740477734986363,0.7492471288813268,0.7364124616370704,0.7476459510357815,0.7373135404210133,0.7494667343829357,0.7382565228387623,0.64124340799575,0.6329422578427885,0.7169988076988589,0.7105912377711611,0.7154596815613765,0.7136448281699679,0.6512510099004666
0.7444898654402998,0.7356321787435346,0.7419481071884302,0.7326543874404515,0.7418250299606232,0.7340807384122741,0.7429829016421197,0.734030955409804,0.6353276630210202,0.6329619074447351,0.7259410662578778,0.7251382390472138,0.7276151343947954,0.7255798205518877,0.6330012066486285
0.7369272696303868,0.7314366117530565,0.7324542747766906,0.7304609286466756,0.7340866290018833,0.7303847050238078,0.7337734890807518,0.7300006606405635,0.5876438391069075,0.5742145876041587,0.7230454777721003,0.7260740110591236,0.7229926382468754,0.7219400711020822,0.4567199479230057
0.7275762221086699,0.7304847950493607,0.7253424074861758,0.732628283921263,0.7259373394966615,0.7298609897898832,0.7267479261892671,0.7308406864628191,0.5660692443383617,0.5492214039154916,0.7285811616419691,0.7369629944704378,0.728813559322034,0.7325207381073304,0.4992350365381576
0.7271333673990803,0.734023304574439,0.7287282007656314,0.7367103631075823,0.7277692175997261,0.7345623513511051,0.7277298120873541,0.7355483251437134,0.5949517827026469,0.6109981734446531,0.7411003236245954,0.7448745214802209,0.7439650744735491,0.744963602505502,0.7345517125029762
0.7332481689661046,0.7385398082276197,0.7351935346660993,0.7387795444962216,0.733949666153056,0.7384955423434122,0.7333671914677502,0.7376427917864584,0.5257687589069044,0.5091107459370202,0.7475728155339807,0.7429179072735005,0.7463619243280262,0.7418317250719486,0.3053358909217543
0.7342020098790666,0.7359299624259757,0.7369289663972777,0.7371248288985162,0.7346002396849854,0.7359530289137557,0.7340104960216692,0.7346939756314667,0.4368786094590752,0.40225731709450746,0.7307102708226878,0.7338153977031051,0.7308680020544427,0.728796343321483,0.1885504594094819
0.7371146312382899,0.7364895031400561,0.7391578051892809,0.7371559542720577,0.7368601266906352,0.7353993770342119,0.7363805654308448,0.7343927898036311,0.4535665893625837,0.4482248272098544,0.7376085845682168,0.7372182050191406,0.7342920732751241,0.7337904181479602,0.5401598474405482
0.7423607562595811,0.7425969310095123,0.7424585282858357,0.7425928394991089,0.7421503167265879,0.7420210878567405,0.7400203148806501,0.7398350216545397,0.4938018959418386,0.5322870746180469,0.7548117867484245,0.7534666099532111,0.7552645095017976,0.750719485356357,0.7004115694344318
0.7459546925566344,0.748087955709629,0.744108889834113,0.7461040027399418,0.744718370142099,0.7469491724215285,0.7418317250719486,0.744563565590358,0.48105258752057667,0.5784597732109201,0.7590700051098622,0.7531263292216076,0.7568053415511042,0.7540206534619942,0.6708051703966667
0.7481008346107989,0.7514931457413537,0.7458443215652912,0.7479343571364251,0.7471323403526793,0.7507767067413283,0.7450313187743356,0.7489856082548666,0.5610202009465575,0.6206978348244995,0.7583035258048034,0.7515950659293914,0.758431775380928,0.7578296935838837,0.7051739580516581
0.7553227729517971,0.7566020846701287,0.7542832837090596,0.7572929742315994,0.7549221023797295,0.7571234085574501,0.7534112070424921,0.7562223337239994,0.6348519244053819,0.5997015821175343,0.7668199625276786,0.7760102084219479,0.7698168121896933,0.7706957846622653,0.5577090767036041
0.7637540453074434,0.7643230385622353,0.7638111441939597,0.7664811519689465,0.7641670946755692,0.7649212839564076,0.7630777044184867,0.7648558574919773,0.649962761497904,0.6050390657127424,0.7797649463464487,0.7848575074436409,0.7805170347543229,0.782122905027933,0.6157140329031584
0.764946346448646,0.7631397898596358,0.7627392598894085,0.760356497456116,0.7626262626262625,0.7591343057226932,0.76399187404774,0.7616673494955263,0.7051376649687673,0.7287880727380779,0.760773292454437,0.748107188430455,0.7475603492552645,0.755290333502624,0.9762860867887486
0.7649122807017544,0.7617264186982254,0.7627222458528284,0.757918084650313,0.7624892997774353,0.7581297129174516,0.7640257321821569,0.7591748810417102,0.6806258546635511,0.6686074214489138,0.7588996763754046,0.7530412590387069,0.756120527306968,0.7541899441340782,0.5482461188705857
0.7637540453074434,0.7586550620765665,0.7630795406210122,0.7564059030236455,0.7604348570450264,0.7548063291845956,0.7621466057220248,0.7555946077888812,0.6175500553575071,0.5756699348064219,0.7525123488332484,0.7533815397703104,0.7481595617188836,0.7484340612832232,0.3897949615214383
0.7631408618633964,0.7603547231535255,0.7596427052318162,0.757212612507753,0.7593733949666153,0.7580407200556095,0.7596580328423903,0.7564807119472853,0.608224752396546,0.5541408105038808,0.7637540453074434,0.7588260314759677,0.7645095017976375,0.7582529202640935,0.5110825618987983
0.7599557145290412,0.7615162186605744,0.7546575925138239,0.7581190562897283,0.7561718883752782,0.7601969806362856,0.7558489927205011,0.7586797094376857,0.6248349968121933,0.6023489586630523,0.7638392096746722,0.7599319438536792,0.7645095017976375,0.7630777044184867,0.6987652549813954
0.7588485777550673,0.759423348635239,0.7545044661846021,0.7545265564546012,0.7575415168635509,0.7582674843230661,0.7552395463009989,0.7565341734268282,0.5477992935607408,0.5986018292858634,0.7552376085845682,0.7473415567843468,0.7544084916966274,0.7522431014051127,0.5911075705314853
0.7563277124850963,0.7550473490986759,0.7518502764780943,0.7496078078051233,0.7540832049306626,0.7517879787628864,0.7519722363297783,0.7503072470438772,0.6332797473399301,0.7242840154460864,0.7462953500255496,0.7397703105061674,0.738828967642527,0.7378533942779752,0.9756483877665324
0.7546755237608587,0.7514487011364704,0.7497915780518926,0.7474345544165163,0.7528334189351139,0.7484955297556377,0.7505332656170646,0.7472845672691365,0.6574112054021437,0.6530067609082266,0.7442514052120595,0.7430880476393021,0.7419106317411401,0.7412392077196548,0.510452251832507
0.7527508090614887,0.7523426246945117,0.7481922586133558,0.7485661810387721,0.7502140044512926,0.7494678296299355,0.7485017775520569,0.7475548714924427,0.6555506295849389,0.6025977348764092,0.7541304718105946,0.7508294342832836,0.7514124293785311,0.7480954799390553,0.5017796828127745
0.7508771929824561,0.7530521262228443,0.7467290514674605,0.7499160900672489,0.7483821263482281,0.7514285901807286,0.7460809209412562,0.7486943881164562,0.5895565323051579,0.5246634127784361,0.7544711292795094,0.7526159081242022,0.7553501112823147,0.750973421364483,0.3687947685824898
0.7514563106796117,0.7547458165053449,0.7473245427477668,0.7500503977734586,0.7488786166752268,0.7532493745643595,0.7456915523954631,0.7492283449696865,0.5181146083054802,0.4277415920299898,0.7581331970703458,0.7503190131858782,0.7568909433316213,0.750296258676147,0.2338979505330971
0.7515414750468404,0.7520709349574609,0.7487707358570819,0.7490340238665535,0.7507104947782914,0.7514957024288562,0.7468257998984257,0.7473271072440538,0.382603928648203,0.3845260578467086,0.7467211718616931,0.7470012760527432,0.7479883581578497,0.7435246317927884,0.2980949894801461
0.7532277295179698,0.7522748491608758,0.7501658868566566,0.7493772834567608,0.7528847800034242,0.7519244875748387,0.7475537497883867,0.7465110572191893,0.2918162127094081,0.2751885959439833,0.7526826775677058,0.7500638026371756,0.7527820578668036,0.7448789571694601,0.0565136721385327
0.7561573837506387,0.7577761470985638,0.7537558485750743,0.7558446032629645,0.7568053415511043,0.7582880707555365,0.7507702725579822,0.7524000694084704,0.2640748320412299,0.30448332378661663,0.7687787429739397,0.768779242875372,0.7710152371169321,0.7641780937870324,0.3630727794718833
0.7599216487821495,0.7629482495447304,0.7578222033177371,0.7615456294544817,0.7609142270159219,0.7641568933724919,0.7546131708142882,0.7583293504876515,0.24755902857901296,0.2983941329482128,0.7732924544370636,0.7729476818375159,0.7758945386064029,0.7701879126460134,0.2862157512714052
0.7632941577244081,0.7669640802903666,0.7611909825606124,0.7634180561030729,0.7642869371682931,0.7673560936128204,0.758015913323176,0.761322890731963,0.23332085930711974,0.25316512335668556,0.7749957417816389,0.7671629094002551,0.7737544940934771,0.767309971220586,0.162707104173631
0.7695792880258902,0.7706916613166118,0.7680986814121649,0.7694586275055505,0.7710323574730353,0.7721425489690675,0.7645674623328256,0.766309386101654,0.22580294085953115,0.2556118813185247,0.7781468233691025,0.7815397703105059,0.7817154596815614,0.7762823768410363,0.260505397242203
0.7758984840742633,0.7752206601475987,0.7731688643130582,0.771443990717581,0.7768361581920903,0.7753620531334043,0.771237514812934,0.7702826639244366,0.29986786160311163,0.31268734616449484,0.7842786578095724,0.7754147171416418,0.7818010614620783,0.7782292195700018,0.4268382758564351
0.7701924714699371,0.7635633334158353,0.7683198638877072,0.7624740740612598,0.7708097928436911,0.7638691722139148,0.7667343829355004,0.7607425874162459,0.3602155849510558,0.4300620295135313,0.740248679952308,0.7445342407486174,0.7408834103749358,0.7416624343998648,0.6648113962116042
0.7645375574859481,0.7573815171162629,0.7617184176945979,0.7549628663314962,0.7638760486218114,0.7563213873082778,0.7605214152700188,0.7535360830503656,0.42927842118297105,0.4972179971526813,0.7450178845171183,0.7399404508719692,0.7412258174970039,0.739123074318605,0.6315299324309812
0.7573837506387328,0.7513299139260295,0.7558485750744361,0.7492464763208132,0.7574387947269303,0.7514036664118758,0.7552734044354158,0.7493806943827673,0.48925395226532553,0.4856735846302553,0.739226707545563,0.7378136962994469,0.741568224619072,0.741069917047571,0.4625847595854033
0.7503832396525295,0.7486013654300482,0.7480221182475542,0.7469668129392405,0.7495120698510529,0.7482963893753087,0.7475368207211784,0.7454536156784614,0.49422041374848813,0.41889495797284226,0.7431442684380856,0.7424074861760951,0.7420818353021743,0.7375994582698493,0.2853377046580161
0.7437744847555784,0.7494792047283045,0.7427647809442789,0.7476872188345823,0.7428008902585174,0.7482793140833394,0.7410360589131539,0.7455442139622676,0.4828730426839332,0.4026304454931151,0.751234883324817,0.7491280306252658,0.7482451634994007,0.7457254105298798,0.3701014205336607
0.7459717254300802,0.750064430927142,0.7446193109315183,0.7497271094513266,0.7449409347714432,0.7493807537020812,0.7425596749619097,0.7467896475227261,0.4286791171950826,0.39970088658452724,0.751234883324817,0.7538068906848149,0.7515836329395651,0.7492805146436434,0.3938417687673514
0.7486969851814003,0.7529243483760008,0.7449936197362823,0.747088737932814,0.7457798322205101,0.7480606040488338,0.7447604536990013,0.7479020876831718,0.41339877469999464,0.4515099977081986,0.7586441832737183,0.741811994895789,0.7454203047423387,0.7501269680040632,0.5551282199555414
0.7483392948390394,0.7477623175285869,0.7434793704806464,0.7414733086289651,0.7441362780345832,0.7431572205957014,0.7430506179109533,0.7427749711578914,0.46046617611342394,0.5336472540229823,0.7374382558337591,0.7302424500212673,0.7333504536894366,0.7325207381073304,0.6979217666525496
0.7479645716232328,0.7455984291387422,0.7423054019566141,0.7398280869379547,0.7440164355418593,0.7425990213433193,0.7427120365667853,0.7404854979549308,0.4895727512928838,0.49938836286709326,0.7412706523590531,0.7365376435559335,0.7414826228385549,0.7359065515490097,0.4308705805553153
0.7472491909385114,0.7462849460595646,0.7402807316035729,0.7395536175786562,0.7430576956000684,0.7428831688256952,0.7414254274589471,0.7400877869668502,0.503561972412484,0.4796080839552829,0.7476579799012095,0.7390046788600594,0.7434514637904468,0.7392923649906891,0.4400475261316622
0.7403849429398741,0.7364945118169198,0.7327435133985537,0.7317426782723438,0.736517719568567,0.7348833634778161,0.7343998645674625,0.7314427580399734,0.5491508942288859,0.5270008485866421,0.7169136433316301,0.7161207996597191,0.718883752782058,0.7141527001862198,0.6217863778493604
0.7324646567876001,0.7306772587153961,0.7264653339004677,0.7246354846500157,0.7305427152884779,0.7284373367658419,0.7275435923480618,0.7262437076623355,0.5566336485893336,0.5488478963103548,0.7190427525123488,0.7104210974053594,0.7155452833418934,0.7158456069070596,0.5925419917577803
0.726469085334696,0.7229383053333436,0.7220586984262015,0.719160080649989,0.7251498031159047,0.7210868554527515,0.7219062129676656,0.7189404188433403,0.600781439456731,0.672118837870082,0.7074603985692387,0.7082092726499359,0.7063858928265707,0.7043338412053497,0.9186607209895364
0.7200136262987568,0.7182899892820145,0.7181965121225009,0.718515624445803,0.7184899845916795,0.7167857470409772,0.7171152869476892,0.7166109197119361,0.6829605536228006,0.7286679423752758,0.7089933571793563,0.7172267120374308,0.7081835302174284,0.7119519214491281,0.8417661513856632
0.711326860841424,0.7136013770595251,0.7116461080391321,0.7144279691116071,0.7113850368087655,0.7138327396526106,0.7105298798036228,0.7131957228980764,0.7093176294613921,0.6763895966917236,0.7042241526145463,0.7062526584432155,0.7079267248758774,0.7063653292703571,0.5718329053246193
0.7109180718787261,0.7140241508790636,0.7112547851977881,0.7143400412254043,0.7093305940763568,0.7120923394750784,0.709937362451329,0.7125271864069678,0.7057343713485479,0.652216426889529,0.7148696985181402,0.7141641854529986,0.7086115391200138,0.7111901134247505,0.6038700872851397
0.709827967978198,0.7138801782559453,0.7114079115270096,0.7132889371674253,0.7081492895052217,0.711274479812125,0.7081936685288641,0.7107271700362237,0.6595380039244996,0.555331002805532,0.7135922330097089,0.7111867290514672,0.709638760486218,0.7071271372947352,0.3615601546375382
0.7105433486629196,0.7129325528349123,0.7149808592088471,0.7175506284646581,0.7085088169833932,0.7102441632805595,0.7116641273065855,0.7143801583888013,0.6152410662933455,0.6026126794816102,0.7110373019928462,0.7260740110591236,0.7081835302174284,0.7216861350939563,0.6971760328337665
0.7139669562255154,0.7173255002207201,0.7158315610378561,0.7188604927039305,0.7118472864235577,0.7151214013264564,0.7142542745894702,0.717887658213718,0.5399411251663434,0.556830601571291,0.7261113949923352,0.7214802211824755,0.7248758774182502,0.7249026578635518,0.4652664457506528
0.7180548458524953,0.7197715337302956,0.7189111016588685,0.7197904489853794,0.7152371169320321,0.7183728933570542,0.7166920602674793,0.7181098580292797,0.471214032077064,0.4472862143402683,0.7246636007494465,0.7216503615482773,0.7248758774182502,0.7185542576604029,0.2281974398782226
0.7222108669732584,0.7250642905275155,0.7228923862186303,0.7245505020741887,0.7211778804999143,0.725020381224511,0.7207888945319113,0.7226313336018233,0.47912194971508004,0.5126607013852521,0.7356498041219555,0.7340706082518075,0.7383153569594247,0.7316742847469107,0.64340967547522
0.7270141372849601,0.7292457218744159,0.7273500638026371,0.7275253737066262,0.72638246875535,0.7285674880708063,0.7255121042830541,0.7253352844180316,0.47998876144393243,0.4637385386841013,0.7376085845682168,0.7334751169715014,0.7356617017633966,0.7307431860504485,0.3658942132817997
0.7304888434678931,0.7289674255521145,0.7284559761803486,0.7288847734536447,0.7310392056154768,0.7295340635532247,0.7271880819366853,0.7269121973993921,0.3946672482371604,0.399348514722703,0.7284108329075116,0.7316035729476816,0.7314672145180618,0.7300660233621128,0.2705684667999065
0.7324816896610459,0.7313368256874426,0.7295789025946404,0.7282881333870744,0.7325115562403697,0.7304352525497215,0.7284408329101066,0.7283302691764808,0.35623073478898526,0.35726030265172765,0.7360756259580992,0.7270948532539342,0.7322376305427154,0.7311664127306585,0.273083878509777
0.734661897462102,0.7327460970432039,0.7317396852403231,0.7296768471836131,0.7350282485875705,0.7327766147512325,0.7308616895209074,0.7291063596891227,0.370195852308264,0.33751454425935723,0.7355646397547266,0.7324542747766906,0.7374593391542543,0.7306585407144066,0.2980230274746164
0.7361948560722196,0.7362689304196502,0.7331518502764778,0.733495042599936,0.7364492381441534,0.7369911780816012,0.73199593702387,0.7318527472133228,0.3140783934261974,0.3459504898612005,0.7433145971725432,0.7411314334325817,0.7454203047423387,0.7373455222617233,0.3628223810648872
0.7380003406574691,0.7397246227779216,0.7349042960442362,0.736409143670055,0.7380927923300804,0.7392872762854115,0.7344845099035043,0.7356305149584221,0.33835742867271046,0.39306345641225526,0.7466360074944645,0.7422373458102932,0.7438794726930318,0.7431860504486205,0.4872893895143647
0.7432294328053143,0.7446685130675271,0.7392598894087621,0.7420666090368068,0.7430234548878617,0.7448983599592637,0.7386998476383952,0.7408012473178038,0.39711616852253384,0.450163026291178,0.7545562936467383,0.7533815397703104,0.756120527306968,0.751142712036567,0.5643621660490233
0.7498552205757112,0.7528471969817127,0.7460144619310929,0.7483336446464008,0.7500428008902584,0.7523770268244089,0.7450990350431692,0.7482549481300454,0.47531733500461426,0.5214719211675117,0.7692045648100836,0.7608677158655889,0.7673343605546994,0.7631623497545286,0.6640897109201792
0.7566854028274571,0.7584699816589605,0.7537728626116544,0.7559711891574331,0.7572675911658961,0.7594457813937536,0.7532588454376165,0.7559891629822446,0.5394763552492521,0.5539206570109428,0.7697155510134561,0.7712462781794979,0.7735832905324429,0.7714575926866429,0.6188181286978053
0.7638051439277808,0.7652844219973608,0.7580433857932792,0.7581421425518573,0.7608628659476115,0.7607627471461411,0.75997968511935,0.76097601554496,0.6190847919866636,0.6229019595912769,0.7789133026741613,0.7624840493407058,0.7633966786509159,0.770949720670391,0.760864564751945
0.7688468744677228,0.7674711680629654,0.7636239897915778,0.7621415503018336,0.7665468241739427,0.7646082527056567,0.7648552564753682,0.763171979439544,0.5963916469734929,0.539875861210355,0.7718446601941749,0.7701403658017864,0.7722992638246877,0.7675639072287119,0.3738236644485112
0.7729858627150402,0.770064523669752,0.767452148022118,0.7656018105088928,0.7702277007361753,0.7679138051764812,0.7688166582021332,0.7657645598498263,0.5445029472296372,0.46155679658348503,0.7752512348833249,0.7725223309230113,0.7745249101181304,0.770949720670391,0.3049186673297451
0.7758303525804804,0.7745186871589297,0.7738153977031048,0.7746291950961028,0.7741653826399589,0.7742834601421933,0.7735737260876926,0.7728256029606596,0.5366582349959679,0.5159932476396007,0.783427014137285,0.7926839642705231,0.7870227700736177,0.7869476891823262,0.6248661497518321
0.7814171350706867,0.7822289459274486,0.777915780518928,0.7803355274836062,0.778548193802431,0.7813547555430634,0.777552056881666,0.7790001508592762,0.5369626232647657,0.5507755217736654,0.7976494634644866,0.791748192258613,0.7954973463448038,0.7913492466565095,0.6203400700417948
0.7826605348322263,0.7831960644455859,0.7806550404083368,0.7789504679183207,0.781698339325458,0.7806189724507258,0.7792280345352972,0.7791099702190333,0.5158671632779355,0.5856461027883749,0.7851303014818602,0.7761803487877498,0.7791474062660502,0.7793296089385475,0.6553872648177939
0.7850792028615228,0.7834433764106098,0.7840068056146319,0.7816000425566346,0.7848484848484849,0.7830959787804245,0.7826307770441849,0.7809325200704057,0.5810842911898496,0.6237338365282772,0.7839380003406575,0.7868991918332623,0.788049991439822,0.7845776197731507,0.6999093040080817
0.7896780786918753,0.788377455618769,0.7875116971501487,0.7844156245712882,0.7887005649717513,0.7866590894317707,0.786812256644659,0.7845740529378576,0.6289861030719883,0.5972984665989977,0.7982456140350878,0.7900467886005954,0.7937853107344632,0.7918571186727614,0.5444277267404387
0.7915176290240165,0.7897932256785095,0.7863717566992767,0.7852718370529131,0.7892826570792673,0.7877504698249127,0.7861858811579484,0.7843213058748294,0.5822018225846513,0.5285138935043808,0.7926247657979903,0.7869842620161632,0.7899332306111968,0.7838158117487728,0.3909447473151471
0.7909725770737523,0.7915035516900618,0.7855040408336877,0.7859844290121646,0.7883581578496833,0.7887919299489031,0.7851701371254445,0.7849710460812164,0.5179751910985937,0.4520782332067561,0.7949242037131663,0.7874096129306677,0.7908748501968841,0.7862705264939902,0.2992069126115066
0.7905126894907172,0.7886126556489358,0.784959591663122,0.7818089869864169,0.787125492210238,0.7835226459888767,0.7841036058913156,0.7813130149767784,0.5094967818113829,0.505717228265084,0.7828308635666839,0.7734581029349213,0.7729840780688237,0.7739969527679025,0.6129952183817398
0.7882132515755409,0.7832220406875493,0.7830370055295618,0.780301411712765,0.7846772812874507,0.780951409601213,0.7827154223802271,0.7800875773904217,0.4448849791980239,0.46276158249048494,0.7724408107647762,0.7772862611654613,0.775808936825886,0.777636702217708,0.3768502909412868
0.7865440299778574,0.785447862473923,0.7815737983836664,0.7811111920988828,0.7835302174285225,0.783317603547416,0.7809209412561369,0.7810199559443848,0.40977303697470263,0.43146372686826745,0.7898995060466703,0.7827307528711186,0.788049991439822,0.7828847130523111,0.3688680156238325
0.7792198943961848,0.7756332709458243,0.7763164610803912,0.7743066532325176,0.7773668892312959,0.775250598906632,0.776316234975453,0.7742773974113742,0.5267159863411708,0.612862315961341,0.756004087889627,0.7606975754997872,0.759116589625064,0.7607922803453531,0.975659494147488
0.7734287174246297,0.7724116202490133,0.7709230114844746,0.7696852238053733,0.7719910974148262,0.7714990296425998,0.7716607414931438,0.7705159513017309,0.5695655697784543,0.5797264872402021,0.7659683188553912,0.7604423649510846,0.7639958911145353,0.7629930590824445,0.5134548297979245
0.7701243399761541,0.7703774056074443,0.7695618885580603,0.7686743119711988,0.7709638760486218,0.7702820101743337,0.7692568139495515,0.7676697392178009,0.5104564740930355,0.49230090481168326,0.7663089763243061,0.7666524883028497,0.7678479712378017,0.7619773150499409,0.3174497399546455
0.7715891670924886,0.7735065858537791,0.769817099106763,0.7719703126171242,0.7719568567026194,0.7737792868148471,0.7690875232774675,0.77070990909763,0.585581475951748,0.5790257032860721,0.7797649463464487,0.7785623139089749,0.7807738400958739,0.7767902488572882,0.7524753002348494
0.7718787259410663,0.7794534906657057,0.770293492131008,0.7763511144088641,0.772573189522342,0.7795634097227099,0.7696969696969698,0.7757839211150275,0.6177079770801013,0.5625173092792476,0.791347300289559,0.7851127179923435,0.7911316555384351,0.7859319451498223,0.5295005212655988
0.7779083631408621,0.7816864184066722,0.7750233943002977,0.779016438387988,0.778462592021914,0.7825634738561146,0.7737938039614018,0.7776147646325228,0.49005991754843076,0.4874846050158768,0.7861522738886051,0.7843470863462355,0.7885636021229241,0.7812764516675132,0.3374191964891353
0.7831715210355987,0.7852189817141398,0.7819991492981708,0.7844513389054756,0.7848827255606916,0.7870745021735508,0.7794650414762148,0.782192925307185,0.4730726803405493,0.4678292845967568,0.7922841083290753,0.7953211399404508,0.7960965588084232,0.7913492466565095,0.4285186437585168
0.7896099471980923,0.7896463568550178,0.785827307528711,0.7848986524221674,0.7892997774353707,0.7880274116527661,0.7865752497037415,0.7873047356006481,0.5455252666495207,0.5384570802310055,0.798501107136774,0.7857932794555508,0.7899332306111968,0.7975283561875741,0.6797126714995028
0.7927439959121104,0.7915759678755249,0.7873415567843469,0.7853102883438297,0.7908406094846773,0.7881776078826465,0.7889622481801254,0.787778237480168,0.4958663977637441,0.5270317054226591,0.7954351899165388,0.7861335601871541,0.788478000342407,0.7887252412392078,0.5041809558059662
0.7898824731732244,0.7867305407820595,0.7863207145895362,0.7835430279019832,0.7888032871083718,0.7857667531407336,0.7871339089216185,0.7841155746058748,0.44004393721021307,0.43481720978108723,0.7770396865951286,0.7800085070182899,0.7809450436569081,0.7767902488572882,0.2503882184979437
0.7887072049054675,0.7845790047046467,0.7848915355168012,0.7814290822621756,0.7875535011128232,0.7846160594755492,0.7862197392923651,0.7816455842443318,0.41059012699641795,0.3532615216607781,0.7802759325498212,0.7772011909825606,0.7823146721451806,0.7767056035212461,0.1901501454201598
0.7878725941066257,0.7857563545813866,0.7820501914079114,0.7813241946401175,0.784351994521486,0.783107048267612,0.7839004570848147,0.781014668035807,0.40331910064382137,0.36622885177236336,0.7881110543348664,0.7811144193960015,0.7800890258517377,0.7797528356187575,0.3921635119955339
0.7873956736501448,0.789209738005714,0.7831390897490429,0.7846287201471477,0.7859784283513097,0.7880931654318464,0.7824106991704758,0.7840363008958312,0.3868970864383011,0.4433534346722095,0.796116504854369,0.7912377711612079,0.7980653997603151,0.7900795666158795,0.5976026004719018
0.78513030148186,0.787509268362181,0.7830370055295617,0.7849601931280148,0.7843691148775894,0.7855392546124995,0.7812425935330964,0.7836524382813245,0.41027948794627234,0.5025999442300804,0.7841083290751152,0.7856231390897489,0.7804314329738058,0.7828847130523111,0.6210929633458221
0.7890819281212742,0.790605452172187,0.7852488302849849,0.7869960056838119,0.7872282143468584,0.7887730167427506,0.7836634501438973,0.7853998028246468,0.4287837374679178,0.4493697848554438,0.796797819792199,0.791067630795406,0.7952405410032528,0.7888945319112917,0.3429094661061708
0.7914324646567877,0.7910798398572544,0.7917822203317735,0.7946200508613758,0.7899332306111967,0.7911285956507911,0.7891992551210429,0.7917280780187562,0.5387012767197956,0.5461591371301456,0.792028615227389,0.8098681412165035,0.7958397534668722,0.8043846284069749,0.7397378416795491
0.7970192471469939,0.7994015488334686,0.7980944279030198,0.8006385196583281,0.7969354562574902,0.7991191151282623,0.7950228542407315,0.7974423290849041,0.5383644963696821,0.49426596150175256,0.8160449667858969,0.8126754572522329,0.815100154083205,0.8088708312172002,0.3904796102449663
0.8007153806847217,0.8044667567366485,0.802603147596767,0.805019469648867,0.8003937681903783,0.8045317298937601,0.7992381919756223,0.8020136378200472,0.48569863450258755,0.440935071379978,0.8145971725430081,0.8137813696299444,0.8153569594247561,0.8111562552903335,0.3342732911364288
0.8087037983307784,0.8109946435928989,0.8101914079115268,0.8112011266537604,0.8093819551446669,0.8114786091775897,0.8065007618080244,0.8077416126181388,0.4617316702032689,0.46104276153639495,0.8240504173053995,0.8235644406635473,0.8253723677452491,0.8191975622143222,0.5012581418492289
0.814052120592744,0.8151762394292749,0.8149553381539768,0.812429845105059,0.8142270159219314,0.8141410210815844,0.8119688505163367,0.8105727335630434,0.4656787586700908,0.42824347717102346,0.823539431102027,0.8148872820076561,0.8194658448895737,0.8162349754528528,0.3626449084402804
0.8194345086016013,0.8164310113767413,0.8142067205444491,0.8103282477929942,0.8163328197226501,0.8115502715445454,0.8132046724225497,0.8105697350213754,0.43469802300911703,0.4804403725722424,0.8189405552716744,0.8061250531688643,0.8063687724704673,0.8105637379380397,0.5848341633746803
0.8194174757281555,0.8162739417240502,0.8133900467886004,0.8097495280196595,0.8158363293956514,0.8119060818457672,0.813052310817674,0.809749497745191,0.46383052837551836,0.49900762740715265,0.8159598024186681,0.8085920884729901,0.8126177024482109,0.8081090231928223,0.5361421370769731
0.8196218702095044,0.8160556761326179,0.8156018715440236,0.8147798498154599,0.816572504708098,0.8142833332261743,0.8146436431352635,0.8128706374562208,0.5064316042442163,0.5150979750980746,0.8156191449497532,0.8248404934070607,0.8190378359869883,0.8191129168782803,0.5472786704799186
0.820541645375575,0.8202535484669959,0.8179668226286687,0.8216496319058971,0.8175997260743022,0.8196917136762066,0.8168105637379381,0.8185911467133792,0.5614821896789962,0.6022356730730927,0.8286492931357521,0.8353891960867715,0.8305084745762712,0.8300321652276961,0.7765110690231286
0.8237949242037133,0.8267709740589035,0.8235644406635474,0.8287248786646148,0.8216230097586029,0.82632189688783,0.8211782630777046,0.8250852551928144,0.6278753456516867,0.6330273448166394,0.8398058252427185,0.84287537218205,0.8395822633110768,0.8380734721516845,0.6946106883037325
0.8288877533639927,0.832648883063626,0.8309145044661845,0.8334417098370932,0.8292073275124121,0.8323113850050579,0.8269680040629762,0.829894317750009,0.5911772194725515,0.5557994073707612,0.8444047010730711,0.84287537218205,0.8442903612395138,0.8395124428643983,0.4013435324790048
0.8356668369954011,0.8383843289009878,0.8387409612930666,0.8382025974271957,0.8365005992124637,0.8379022769861946,0.8342644320297954,0.8347932661756451,0.5912501177184593,0.5493684810160114,0.8498552205757113,0.847724372607401,0.8490840609484678,0.8445911630269174,0.5365066283065119
0.8428206438426162,0.8427189456626015,0.843726074011059,0.8420570839504714,0.843502824858757,0.843284506063615,0.8397325207381074,0.8386799642570436,0.5543553810599307,0.48718064973976594,0.8513881791858289,0.8497660569970226,0.8540489642184557,0.846453360419841,0.362804987187275
0.8491228070175441,0.8485326667785311,0.8468226286686515,0.8449953790918924,0.8483821263482281,0.8471579980502852,0.8438970712713731,0.8427382821360373,0.5219058770011451,0.5295416160695775,0.8601601090103903,0.8508719693747341,0.8549049820236259,0.8508549178940243,0.6142635487292005
0.8513030148186,0.8492573992683536,0.8475882603147596,0.8455647628654583,0.8498373566170174,0.8470581369185317,0.844828169967835,0.842735176635356,0.5117149004859088,0.5675796792889022,0.8507068642479987,0.8467035304125902,0.8468584146550246,0.8427289656339938,0.6436558057275514
0.8541475046840403,0.8523806496456601,0.8531518502764779,0.8539409492405196,0.8521314843348741,0.8499590912219533,0.8498561029287288,0.8500408203131933,0.6124000081507986,0.6799761431270861,0.8586271504002727,0.870693321990642,0.8557609998287965,0.8646521076688676,0.904769070803454
0.8591381366036451,0.8598565598216852,0.8588005104210972,0.8612831906038455,0.8570279061804484,0.8578281175400821,0.8552056881665822,0.857140243280857,0.6753768688780666,0.7371144060656745,0.8748083801737354,0.8759676733304974,0.8735661701763395,0.8713390892161843,0.8513909319428511
0.8593425310849941,0.8573744237453148,0.8598894087622286,0.8592589766367902,0.8570621468926551,0.8566254676198847,0.856085999661419,0.8550451348185795,0.7096655345501155,0.6694923758929563,0.8524101515925737,0.8552105487026794,0.8542201677794898,0.8508549178940243,0.5342483155475198
0.8587123147675013,0.8572526249711854,0.8616418545299871,0.8593840504957022,0.857935285053929,0.8575072026899214,0.8571186727611311,0.8553695176765813,0.6701033389085531,0.5851457741024337,0.8570090274229265,0.8596341982135262,0.8592706728299948,0.8560182833925851,0.4164525705213886
0.8600238460228242,0.8572565901556611,0.8619140791152698,0.8556109181101363,0.8584317753809279,0.8547850905566206,0.858354494667344,0.8532157035060738,0.7174045984822994,0.6834845506003835,0.8572645205246128,0.8480646533390045,0.8493408662900188,0.8489080751650584,0.8801621035962829
0.8574348492590701,0.853398448964275,0.8574734155678433,0.8532372801579272,0.8557609998287964,0.8506591010604602,0.854816319620789,0.8511308798160803,0.6880835783621265,0.7083776904677855,0.8456821665815024,0.848490004253509,0.8424071220681391,0.8469612324360929,0.7581639702025895
0.8531255322772953,0.8533528977311371,0.8503445342407485,0.8489326090036259,0.8487245334702962,0.8465673468349196,0.8502116133401051,0.8501924391483083,0.656069306754387,0.7026916516132417,0.8532617952648613,0.8403232666950232,0.8383838383838385,0.8483155578127646,0.6913195739041536
0.851779935275081,0.8507959873479255,0.8469247128881326,0.8453255533156172,0.8467556925184043,0.84583688556329,0.8486710682241408,0.8478456902036067,0.621382959213514,0.5887332936898796,0.8456821665815024,0.8381114419396,0.8443759630200307,0.8431521923142036,0.3608165778431554
0.846670073241356,0.8443505639833839,0.8415482773287961,0.8411343756826928,0.8407464475261085,0.8402994063316985,0.8428982563060776,0.8409485347364939,0.6756934649870882,0.6218238955896728,0.831459717254301,0.8327520204168438,0.8292244478685156,0.8271542238022687,0.6880050993892591
0.8437915176290243,0.8438576234765739,0.8399489578902593,0.8407789358372354,0.839667865091594,0.8415155889269474,0.8409852717115287,0.8404134072217673,0.575851570286227,0.5415334737571076,0.8428717424629537,0.8400680561463204,0.8439479541174455,0.8393431521923143,0.3809526300919773
0.8424970192471471,0.8423083072084218,0.8383496384517226,0.840683759578432,0.8394966615305599,0.8415274273722879,0.8388352801760623,0.8390126964007653,0.47826637287076457,0.45110164354649734,0.8392096746721174,0.8404934070608251,0.8415511042629689,0.8362112747587609,0.2702379831252768
0.840861863396355,0.8432342101425815,0.8415142492556358,0.8458379466238178,0.8401985961307995,0.8416494553765376,0.8396817335364822,0.8435244058054648,0.5325933821757088,0.62171930250729,0.845086016010901,0.8561463207145895,0.8418935113850368,0.8525478246148639,0.9629546204288753
0.8428376767160621,0.8473432178217335,0.8456997022543596,0.8502382000602852,0.8432460195172059,0.8476373302350461,0.8418486541391571,0.8470118689795024,0.5865046732163106,0.6246038793535815,0.8555612331800375,0.8590387069332198,0.8596130799520629,0.8539867953275775,0.6303730330461645
0.8501107136773974,0.8541704459014815,0.8522501063377286,0.8553268136514194,0.8513953090224277,0.8550818519549054,0.8490773658371424,0.8524405067504003,0.5658094559911032,0.611245590656795,0.8678249020609776,0.8655040408336877,0.8699708953946241,0.8632977822921959,0.5845290132632218
0.8555101345597003,0.8594032462258102,0.8573202892386218,0.8586908659845419,0.8571819893853793,0.8610150199473381,0.8544100220077875,0.8569624821821132,0.5700872025302723,0.5416108480338042,0.8698688468744677,0.8654189706507868,0.8728813559322035,0.8660064330455393,0.4023413627878227
0.861182081417135,0.8621253004703039,0.8616928966397277,0.8599127253451462,0.8618558466016093,0.8623168100795985,0.859082444557305,0.8578327839568584,0.5856414963030437,0.4770770493522476,0.8675694089592914,0.8623564440663546,0.8649203903441192,0.8595733875063487,0.3480094519891344
0.8666496337932209,0.8655581262773128,0.8654529987239471,0.864924093941993,0.8688067111795925,0.8670938181447166,0.8627052649399019,0.8621091648138549,0.4663023498348454,0.44013766226412615,0.8724237778913304,0.8749468311356866,0.8766478342749529,0.8706619265278484,0.3662588880878832
0.871486969851814,0.8702880553425428,0.8685325393449593,0.868094865974089,0.8729840780688238,0.8715625168958843,0.8664635178601661,0.8656654631855359,0.4163609474679196,0.4203137819132625,0.8797479134730029,0.8744364100382812,0.8804999143982195,0.8727780599288979,0.3806660212115353
0.8734968489184125,0.8728168026930186,0.8707783921735428,0.8709743456415945,0.8751241225817497,0.8745987172503407,0.8699847638395125,0.8707449795200001,0.4477077347590622,0.5272968378484867,0.8778742973939704,0.8767333049766054,0.8806711179592537,0.8809040121889284,0.7412629497189351
0.8759325498211549,0.8758936522580721,0.8723436835389193,0.8717313729202859,0.8743537065570963,0.8727422367698727,0.8716945996275607,0.8720151903419265,0.4713895496114695,0.525114704248944,0.8820473513881792,0.873245427477669,0.8690292758089366,0.8745556119857796,0.5207504370498588
0.8790495656617272,0.8783139308927659,0.875746490854955,0.8742777421623683,0.8778291388460879,0.8759273417762742,0.8751650584052818,0.8736520206929361,0.49725300647896703,0.5091853816081701,0.8831544881621531,0.8793704806465331,0.8822975517890772,0.8769256813949553,0.4773267363266223
0.8821154828819623,0.881460408592679,0.877073585708209,0.8767125965755643,0.8799691833590139,0.8797342467973769,0.8777552056881666,0.8769722347760481,0.5090911786146542,0.48127350399422,0.8877533639925055,0.8815823054019564,0.8873480568395824,0.8836126629422718,0.4254497487663197
0.8834610798841765,0.8831322385564775,0.878400680561463,0.8781656924852266,0.8804314329738059,0.8807598853556445,0.8789063822583376,0.8774928041106165,0.5058092155058296,0.4422677378852839,0.8864758984840742,0.881071884304551,0.8828111624721795,0.8785339427797529,0.3642562056674118
0.8840742633282236,0.8824015639090534,0.8782305401956613,0.8774046627060166,0.8802088683444615,0.8803593551746071,0.8776367022177078,0.8765137400690041,0.42539937536244904,0.4079164082575332,0.8809402146142056,0.8758826031475967,0.8795582948125322,0.8745556119857796,0.3392137490020319
0.883835803099983,0.8818860593550278,0.8800340280731602,0.8790240640923989,0.8830850881698341,0.8813763617616709,0.8787201625190454,0.877666797876825,0.3712436337948999,0.35526818190905995,0.8808550502469767,0.8822628668651636,0.8834103749357987,0.8799729134924668,0.2499717292121133
0.8817237267927099,0.8787887417786145,0.8783666524883028,0.8763605769690145,0.8814928950522172,0.8790297699081115,0.8772304046047064,0.8749368291923035,0.36884244341115335,0.3919523827420031,0.8725941066257878,0.8710336027222457,0.8743365862009929,0.8694768918232607,0.4653207844078895
0.8780275932549821,0.8756167266203653,0.8737558485750743,0.8704164799246145,0.8763225475089882,0.8731852863132202,0.8731504994074827,0.8710289317802536,0.38275761893144133,0.4263101306172554,0.8692726963038666,0.8585282858358144,0.8614963191234377,0.8632131369561538,0.49502562636776
0.8730028955884859,0.8708619544641077,0.870778392173543,0.8690058540487079,0.8725560691662386,0.8701164477949573,0.8695615371593026,0.8675489983664532,0.39009283282289886,0.41785084545307,0.8613524101515926,0.8661846022968948,0.8639787707584317,0.8605891315388523,0.400932275124699
0.869868846874468,0.8689979599907769,0.8696044236495106,0.8693414895416169,0.8701934600239684,0.8693260482303652,0.8681564245810056,0.8675426819424006,0.43517412877784467,0.46677397322763386,0.8652699710441154,0.8700127605274349,0.8677452491011812,0.8675300490942952,0.5646202287767615
0.8678589678078694,0.8696005249651794,0.8668991918332623,0.8691398956223851,0.8675740455401473,0.8696551329924742,0.8655662772981211,0.8673691803209481,0.4662046228612645,0.4462240486948266,0.8708056549139842,0.8687367077839215,0.8703133025166923,0.8670221770780433,0.4051241996292121
0.8675694089592916,0.8701157874377525,0.8680901743938747,0.8717561022566929,0.8678137305255949,0.87161509237106,0.8664296597257494,0.8695107215344327,0.5291730115309936,0.557536941715396,0.8711463123828991,0.8769885155253082,0.8755350111282316,0.8737938039614017,0.780162727756535
0.8699880769885882,0.8738658704419514,0.8719353466609953,0.8737554505616006,0.8719054956343092,0.8750617764697098,0.8693922464872188,0.8723491712774555,0.5059522675283017,0.4979985965950307,0.8813660364503493,0.8777541471714162,0.8819551446670091,0.878026070763501,0.3789219063543001
0.8743144268438087,0.876905300103866,0.8754912803062525,0.8771583905487942,0.8765279917822291,0.8790716014791503,0.8730150668698157,0.8744671920022493,0.5197423356333639,0.48862660294669064,0.8829841594276955,0.8839642705231813,0.8870912514980311,0.878703233451837,0.4698826156500105
0.879134730028956,0.8810606957258612,0.8786729051467459,0.8800792219424968,0.8810477657935285,0.882829107371993,0.8769256813949553,0.8786725019081641,0.5161048673668643,0.5078953644458818,0.8893714869698519,0.8859208847299022,0.8903441191576784,0.8870831217199935,0.5464328874442639
0.8774825413047183,0.8748887009148393,0.8740621012335174,0.8686137107009243,0.877195685670262,0.8722370388814484,0.874437108515321,0.8706414388320667,0.5920015148736472,0.6001327220182964,0.8625447112927953,0.8456826882177794,0.8510529019003594,0.8545793126798715,0.7846074371631255
0.8724748765116676,0.8652951300824415,0.8668991918332623,0.8594671299752936,0.870980996404725,0.8629785475211481,0.8678517013712547,0.8607165486350677,0.5222242629814777,0.5438473041107603,0.8461079884176461,0.8411739685240321,0.8444615648005478,0.84086676824107,0.4312764682956882
0.8658150229943793,0.8595523430095969,0.8604508719693745,0.854815602600855,0.8642869371682931,0.8581473145090482,0.8610462163534791,0.8551439143149198,0.5069947803681041,0.46348970050298416,0.8480667688639074,0.8455125478519777,0.8484848484848484,0.8439986456746236,0.3027744932874319
0.8598705501618124,0.8574554937613517,0.8543598468736706,0.8543801167487906,0.8578839239856189,0.8571236048675855,0.8552056881665822,0.853262807049064,0.508649823885842,0.468379078081556,0.8532617952648613,0.8535091450446618,0.85507618558466,0.8495005925173522,0.4781578332386996
0.8533469596320901,0.8572215072813144,0.8458698426201614,0.8507436989866458,0.8500428008902585,0.8551285711386826,0.8476722532588455,0.8519805204264794,0.4953862257745508,0.4722910176836401,0.8567535343212402,0.8434708634623563,0.8511385036808765,0.8494159471813103,0.4801148968878085
0.8480667688639075,0.8501955906715036,0.8436069757549977,0.8452852506217509,0.8466187296695772,0.848063229358106,0.8426781784323685,0.844523326466815,0.46843937357074195,0.5314850705037871,0.8361437574518822,0.8343683538919607,0.8339325457969526,0.8296089385474861,0.6498731761440811
0.8498211548288197,0.8517570331950717,0.8468396427052317,0.8493026015062345,0.8494435884266393,0.8515707724340235,0.8450821059759608,0.8473110196308872,0.46547222587845516,0.49313695694727616,0.8548799182422075,0.8573373032752017,0.8585858585858586,0.8528864059590318,0.4164407298342543
0.8541475046840403,0.857737528176718,0.8513823904721394,0.8556104965663284,0.8544256120527306,0.8588455038277841,0.8496021669206026,0.8537403298865357,0.5177945425997633,0.5168866635961752,0.8696985181400103,0.8682262866865161,0.8733949666153056,0.8665989503978331,0.564386076893973
0.8578947368421055,0.8624910041362076,0.8547341556784346,0.8604963214029314,0.8575928779318609,0.8628678408786264,0.8528694768918232,0.8577726007155088,0.48930390344314345,0.45649265488265,0.8719979560551867,0.8702679710761377,0.8709125149803114,0.8658371423734552,0.3357046374555997
0.863243059104071,0.8694923846344945,0.8619651212250105,0.8668727780003662,0.8644581407293271,0.8704001664751534,0.8581005586592179,0.863705519149767,0.4984343123654041,0.47958408375480394,0.883495145631068,0.8796256911952359,0.8854648176682076,0.8755713560182834,0.5257669414991117
0.874433656957929,0.8770271719967203,0.8732964695874095,0.8749235505682295,0.8751241225817497,0.8760209293364573,0.8693076011511767,0.8710183964356046,0.5359076731140586,0.5988027157989873,0.892096746721172,0.8910250957039557,0.8872624550590651,0.8856441510072797,0.8372399798873538
0.887804462612843,0.8919294301700728,0.8850531688643131,0.8886559669320593,0.8872795754151686,0.8904683271419559,0.881868969019807,0.8859100127244645,0.594054671665089,0.6349270513957935,0.9217339465167776,0.916120799659719,0.9193631227529532,0.915693245302184,0.7071757225894059
0.8974110032362461,0.9005300271990572,0.8957549978732453,0.8996824551984322,0.8969354562574902,0.9008703417036084,0.8917724733367193,0.8959788324771075,0.6302635571737216,0.671761535742908,0.917731221257026,0.921735431731178,0.9216743708269132,0.9161164719823938,0.7454305044371369
0.9089933571793563,0.9103232600562841,0.9083794130157378,0.9109183190618215,0.9095702790618043,0.9119424374696999,0.9040121889283901,0.906331128428675,0.7000697590869931,0.676086239502591,0.9299097257707376,0.9333900467886004,0.934086629001883,0.92703572033181,0.684735647021957
0.9192130812468065,0.9184134286936291,0.9158826031475966,0.9129927599927243,0.9166067454203046,0.9148440081333695,0.9138649060436771,0.9124990661506893,0.7846374060340511,0.7669258850798609,0.934593765968319,0.9171416418545298,0.9206471494607088,0.924834941594718,0.9486051762344008
0.9241355816726283,0.9178453687458464,0.9234198213526158,0.9182322355714999,0.9233008046567368,0.9168069225026549,0.921195192144913,0.9157645712716125,0.7306250744632361,0.7003433640643336,0.916709248850281,0.9287111867290512,0.920732751241226,0.9222955815134588,0.5671783220332791
0.9260091977516607,0.922264254801211,0.923913228413441,0.9183507687022816,0.9239513781886662,0.9187432784726367,0.9225495175215848,0.9179980049095892,0.7524983666276934,0.7390763038467867,0.93110202691194,0.9185878349638452,0.9226159904126006,0.9224648721855426,0.8165421834116929
0.9288366547436553,0.9254656719398069,0.9254785197788173,0.9220878086542078,0.9264509501797639,0.9238862625758912,0.9246995090570511,0.920954146492968,0.6874740308030428,0.6328204776691524,0.9318685062169988,0.9295618885580602,0.9341722307824004,0.926866429659726,0.4203088253138838
0.9319536705842275,0.9321420496177376,0.9267886005954911,0.9280386893934617,0.9282485875706215,0.9302824470359848,0.9267648552564755,0.9264235814382893,0.6498613997087375,0.5874378156295784,0.9454948049735992,0.9399404508719692,0.943074815956172,0.937362451328932,0.4966724915504306
0.9330608073582013,0.9348045163578877,0.9320799659719267,0.933225282507877,0.9325286765964733,0.9342041628873123,0.92925342813611,0.9300416562898229,0.5476756455790455,0.5375173456150325,0.9401294498381878,0.9435984687367076,0.9420475945899672,0.93727780599289,0.4376764055859405
0.9402997785726452,0.9408377125460919,0.9340706082518077,0.9350383210480699,0.9369457284711522,0.9370754454630817,0.9336888437447097,0.9348519907120347,0.5819305515245207,0.6044958476635734,0.9529041049225004,0.9386643981284558,0.9428180106146208,0.9444726595564584,0.7384528517606551
0.9430761369443026,0.9422197479541369,0.938307103360272,0.9366156508674357,0.9399931518575586,0.9373346660902655,0.9363297782292198,0.9351245086773873,0.5027654888579135,0.5432361884686013,0.9449838187702266,0.9397703105061672,0.9378531073446328,0.9356695446080924,0.420716870078657
0.94721512519162,0.9456676477872864,0.9419991492981706,0.9404178066608084,0.9434172230782399,0.941987306355446,0.9408836973082785,0.9399616808032647,0.5556508623783554,0.5904026899510986,0.9525634474535856,0.948022118247554,0.9512925868858072,0.9496360250550197,0.6847356929160932
0.9469936978368251,0.9452409879247327,0.9426456826882175,0.9413362437146066,0.9435199452148604,0.9425210131167221,0.9428643981716609,0.9423964390841245,0.5720876544957254,0.5865539440131593,0.9443876681996252,0.943173117822203,0.943588426639274,0.947265955645844,0.5788564521372808
0.9533980582524272,0.9542110759218879,0.9400085070182899,0.9376950259387608,0.9417394281801063,0.93939567854988,0.9487895716945998,0.9505655172586112,0.6658509351113824,0.6932002322301813,0.9721512519161984,0.9304125903870692,0.933145009416196,0.9669036736075842,0.9064928086642254
0.952801907681826,0.9527818346377567,0.940876222883879,0.9394643431113076,0.9407978085944186,0.938967089928648,0.9480446927374302,0.9472930997626112,0.6569810763790409,0.6935013408531034,0.9499233520694944,0.9430029774564012,0.9381099126861838,0.9407482647706112,0.6941035580989474
0.952393118719128,0.9495011810774168,0.9421352615908122,0.9416647300878163,0.9411744564286938,0.9392235087911013,0.9521076688674455,0.9501902082611302,0.7065222910573074,0.6851418750587323,0.9429398739567368,0.9460655040408336,0.9397363465160076,0.9559844252581684,0.6684229434699895
0.9569238630556975,0.9580731770970891,0.94667800935772,0.9513551057525751,0.9450265365519602,0.9496666683614475,0.9560182833925852,0.9565231714009927,0.6791610882344141,0.6394044763063639,0.9752171691364336,0.9707358570820926,0.97055298750214,0.969189097680718,0.547929678801627
0.9577414409810938,0.9548739706735945,0.949638451722671,0.9535618470507029,0.9444444444444444,0.9466704342748633,0.9583037074657188,0.9572464729378325,0.6820972941000887,0.624115478026127,0.9484755578266052,0.9579753296469584,0.9406779661016949,0.9586930760115118,0.5935374814656531
0.9565321069664454,0.9586175077300486,0.9569034453424072,0.9579537508623854,0.9499400787536381,0.9513213498372969,0.9579989842559676,0.9599576678114979,0.5943295683619778,0.5719617120086418,0.966104581842957,0.9667375584857506,0.960623180962164,0.9653800575588288,0.4676541799736714
0.9614716402657131,0.9639520113419765,0.9594215227562737,0.9571669554168348,0.9535182331792502,0.952881128162946,0.9637210089724058,0.9630912413252659,0.5543457524701602,0.5460359675523809,0.9746210185658322,0.9555933645257336,0.956000684814244,0.969358388352802,0.4941844786398593
0.9695622551524442,0.9704323236914488,0.9682858358145469,0.9682403267219563,0.961753124464989,0.9622243530901978,0.9693414592855936,0.9700897198248796,0.4825698293050215,0.4672050875830193,0.9833929483903936,0.9903870693321988,0.9809108029447012,0.984086676824107,0.3095433276442961
0.9714529041049225,0.9751783537605742,0.9702254359846872,0.972304837125569,0.9639445300462249,0.9686529071962386,0.9709497206703912,0.9724699480848219,0.42855327547367794,0.4040856949369827,0.9846704138988248,0.9804338579327944,0.9815100154083204,0.9772304046047062,0.2778469096449096
0.9812468063362291,0.9826005921680953,0.976690769885155,0.9783038911334786,0.9743194658448896,0.9766194864958319,0.9771796174030813,0.9782608186148686,0.3894033835727263,0.40198647061162013,0.9974450689831376,0.990301999149298,0.992552645095018,0.989842559674962,0.3977880219608949
0.9851303014818601,0.9835744139691011,0.9797703105061675,0.9795810146192565,0.9778291388460879,0.9771368396532732,0.9794988996106315,0.9778327019421059,0.35207865557350326,0.361667827066932,0.9855220575711126,0.9821352615908124,0.978171545968156,0.9769764685965804,0.2810305399775559
0.9890648952478284,0.987147605111292,0.9869502339430027,0.9835516703161412,0.9847115219996574,0.9815620932962128,0.9832910106653123,0.981328115836806,0.32241958842505836,0.35640826567716627,0.9942939873956738,0.9914929817099106,0.990412600582092,0.9883189436262064,0.3458891428976346
0.9923863055697499,0.9914317367408613,0.9858443215652912,0.983986949358641,0.9860982708440333,0.9836562445863355,0.9847130523108177,0.9846177055750819,0.32067162763921125,0.33787335168979765,1.0,0.9848575074436408,0.9878445471665808,0.9911968850516336,0.3008035237150606
0.9885709419179017,0.9828190230404356,0.9854019566142066,0.9820653106315511,0.981116247217942,0.9746374621501782,0.9839004570848147,0.9808009465416183,0.38593665985046965,0.4266395913602657,0.9655935956395844,0.9782220331773712,0.9565998972778637,0.9731674284746912,0.6041720707012018
0.9841253619485609,0.9802850717391016,0.979634198213526,0.9751979428029992,0.976065742167437,0.9721916813809498,0.9795496868122567,0.9765635337984695,0.36442099315277854,0.38116295706432357,0.9752171691364336,0.9614632071458952,0.9673001198424928,0.968088708312172,0.2902096884724393
0.9761199114290582,0.9686883161506007,0.9719268396427051,0.964664784780902,0.9678993323061119,0.9605742864744768,0.9726764855256477,0.9652458432534913,0.4473046373821692,0.4859248917510521,0.9454948049735992,0.9435984687367076,0.9373394966615308,0.9426104621635348,0.6954487611245092
0.9704309316981776,0.9677419070141574,0.9653253934495958,0.9626051067687227,0.9622324944358842,0.9610756613933025,0.966971389876418,0.9634283839623468,0.4802789592458236,0.49420351190600353,0.9658490887412708,0.958485750744364,0.9620784112309536,0.9597934653800576,0.5107607522159066
0.9645545903593937,0.9687007024447986,0.9626031475967671,0.9654854972389811,0.959270672829995,0.9650622539745797,0.9621804638564416,0.9646996742921486,0.49332426648778976,0.4514790279122995,0.970618293306081,0.971246278179498,0.973035439137134,0.9672422549517524,0.3660300599248914
0.9702606029637202,0.9771750211836046,0.9652573373032751,0.974154658729291,0.9678137305255949,0.9764798979016743,0.9675469781615034,0.9764664495280991,0.40821122280520017,0.3605216360376177,0.9941236586612164,0.9914929817099106,0.9993151857558636,1.0,0.1786068522882541
0.9724067450178847,0.980099307258155,0.9688643130582729,0.9759358011264889,0.9705358671460367,0.97795686624935,0.9692060267479263,0.9764389501001616,0.47051618419997077,0.4409259225071758,0.985947879407256,0.9794980859208848,0.9809108029447012,0.9763839512442865,0.601734495446292
0.9675523760858459,0.9604738582765716,0.9596086771586558,0.9497306304971999,0.963105632597158,0.952034018805279,0.9633316404266126,0.9553721435857631,0.5086257294643476,0.589282777486915,0.921222960313405,0.8973202892386217,0.9001883239171375,0.9132385305569664,0.8859964874463934
0.9578777039686598,0.946141148236161,0.9523096554657592,0.9404839677580935,0.9544769731210409,0.9410010504869754,0.9547316742847469,0.9425126406140852,0.5525991226142623,0.6363977576464367,0.9174757281553398,0.9219906422798806,0.918935113850368,0.9167936346707296,0.7306277179654799
0.9492420371316642,0.939907418531142,0.9418460229689491,0.9332986837372119,0.9444444444444444,0.9349582989093674,0.9454714745217538,0.9353221791216525,0.5737730156798235,0.5815650135151903,0.9274399591211038,0.9189281156954486,0.9228727957541518,0.9209412561367872,0.4718995252526977
0.9382558337591552,0.9396691596203185,0.9309230114844744,0.9344917639206537,0.9329566854990585,0.9372643296158895,0.9323175893008295,0.9349583107128945,0.6016658011032584,0.4937336021452697,0.9391926417986716,0.936877924287537,0.9418763910289334,0.9342305738953784,0.3180707794054286
0.9291091807187873,0.9398509778153512,0.9227052318162482,0.9357975718070201,0.9243793870912516,0.9375176567124819,0.924056204503132,0.9349978828938624,0.5712175842832043,0.4789868718788537,0.9402146142054164,0.938409187579753,0.9380243109056668,0.9350770272557984,0.4494934113460218
0.9318344404701074,0.9381837382335693,0.9290174393874944,0.9334921569029643,0.9305769560006848,0.9354038272964226,0.9271880819366854,0.9329645611708196,0.4645578678245207,0.4368905496368942,0.9348492590700052,0.9288813270948528,0.931176168464304,0.9288979177247336,0.3526979051529753
0.9353091466530404,0.9370722451790479,0.9308549553381538,0.932720845279702,0.9338640643725389,0.9353927701008279,0.9290841374640258,0.9307343448830238,0.33090524898578555,0.3120485743485308,0.9348492590700052,0.9311782220331772,0.9353706557096386,0.9262739123074322,0.062364623771804
0.9346278317152106,0.9327259582633499,0.9309230114844744,0.9282366956621521,0.9341722307824002,0.9317330560017046,0.9285593363805656,0.9265953134951777,0.2614273002921254,0.24953564349381951,0.924033384431954,0.9192683964270522,0.9244136278034584,0.9183172507194856,0.124509781784397
0.9298415942769547,0.9269044570446975,0.920799659719268,0.9142448522619366,0.9240369799691834,0.9182220829887527,0.9231928220755039,0.9201962097868082,0.32829386345833617,0.3838249607413738,0.9152614546073924,0.8862611654615057,0.8912001369628488,0.9073980023700694,0.6524035952364824
0.9164026571282576,0.9089429475171089,0.9091960867715864,0.9029603424550724,0.9105803800719053,0.902395159132261,0.9116641273065855,0.9059419909949412,0.3999084228406672,0.5250720432468081,0.8730199284619315,0.8803913228413439,0.8707413114192775,0.8774335534112072,0.8075662082576768
0.9092658831544883,0.9056837614117921,0.9023054019566141,0.900116195976712,0.9045197740112995,0.9018878188085985,0.9065007618080246,0.9049883574072703,0.40873958363738205,0.4823325985433886,0.8991653892011584,0.8944279030199914,0.9008731381612736,0.9030810902319284,0.3968537091365495
0.906557656276614,0.910891882501406,0.9016418545299871,0.9093642922844888,0.9023454887861668,0.9094249557337241,0.906179109531065,0.9115474552457251,0.49882232892914846,0.4924811824391379,0.9213081246806336,0.9278604849000424,0.9244992295839752,0.9246656509226344,0.5127783502306363
0.9072049054675524,0.9163511317964862,0.9047043811144194,0.9177698713060636,0.9037151172744393,0.9167038939040898,0.9092771288302016,0.9189674192355396,0.5594630404424635,0.4708919014097494,0.9272696303866464,0.934581029349213,0.9312617702448212,0.9338073472151684,0.4277133393509724
0.9094191790155002,0.9196783619800342,0.9161888558060397,0.9264077605105786,0.9115733607259031,0.9212997140094492,0.9156593871677673,0.9257480441763256,0.5153315052781011,0.4578432407447229,0.92633282234713,0.9436835389196084,0.9304913542201678,0.9393092940578976,0.4317459194146699
0.9256515074093,0.9311794314636668,0.9278604849000424,0.930521663110838,0.9254579695257661,0.927587927812497,0.929050279329609,0.931961367524356,0.42343799766453927,0.42126171722643785,0.9541815704309318,0.9387494683113564,0.9401643554185926,0.9443880142204166,0.3480986701898677
0.9346107988417647,0.9354402364302716,0.935533815397703,0.9312792939099901,0.9329909262112652,0.931237925737921,0.9355510411376334,0.9331692114402541,0.404332443170668,0.38128312370668976,0.9439618463634816,0.9327945555082944,0.938537921588769,0.9355848992720504,0.3013259366671935
0.9417305399420884,0.9425957676809317,0.9401616333475115,0.9378527208230217,0.9397021058038006,0.9401769930074982,0.9409175554426954,0.9392788817761505,0.3578520552954582,0.34764755275598896,0.956906830182252,0.9509995746490852,0.9580551275466528,0.9514982224479432,0.2803764108545873
0.948305229092148,0.9484448704996026,0.9451977881752442,0.9451557483779736,0.9458140729327169,0.947391863968133,0.9454376163873374,0.9449884718302265,0.3252152939822325,0.3199415460989404,0.9601430761369444,0.9597618034878772,0.9618216058894024,0.9564076519383784,0.2645295327848433
0.9579288025889969,0.9571134769435267,0.9496214376860909,0.9520377610765959,0.9536551960280774,0.9548268992110786,0.9515151515151518,0.9532246377858077,0.2975834901535967,0.3111566641564574,0.9744506898313748,0.9658017864738409,0.9696969696969696,0.96969696969697,0.2935869002714913
0.9591211037301995,0.9581233433413326,0.9531263292216077,0.9534498160473776,0.9564458140729327,0.954590414688342,0.9531403419671578,0.9529877473506875,0.28950093614858985,0.309999742825916,0.9601430761369444,0.9562739259889408,0.9541174456428692,0.9525139664804472,0.3076859001648333
0.9655254641458016,0.9640767783747193,0.9599319438536792,0.957907420254469,0.9636877247046737,0.961309434708053,0.960013543253767,0.9586421334688237,0.285236581518358,0.3000012163892887,0.9759836484414924,0.9668226286686517,0.9747474747474748,0.969950905705096,0.2800041635160342
0.9673650144779427,0.9647527128641319,0.964968098681412,0.9639983964322291,0.965759287793186,0.9636772708017732,0.9636871508379891,0.9623835091022337,0.2943289900958619,0.3086136288402281,0.966104581842957,0.9761803487877496,0.968412942989214,0.9698662603690538,0.3258384537421068
0.9701584057230457,0.9678718193635745,0.9676052743513397,0.9669814915673246,0.9681903783598699,0.9671105334421227,0.9660572202471644,0.9643416723962411,0.29565474318651064,0.29612851863951445,0.9741100323624596,0.9729476818375156,0.9739770587228216,0.968257998984256,0.2711582982380873
0.969306762050758,0.9686453700656953,0.97048064653339,0.9713805435062469,0.9684814244136277,0.9684577556166682,0.9668528864059592,0.9674528817611417,0.32332048113943757,0.34139087577171834,0.970192471469937,0.9801786473840916,0.9711521999657592,0.9736753004909432,0.431915590036126
0.974501788451712,0.9744696494243681,0.9771161207996595,0.9774041281109276,0.9758602978941961,0.9759757747596826,0.9734213644828171,0.9734207067956735,0.3226138399458523,0.3289781485801145,0.9861182081417136,0.989451297320289,0.9910118130457112,0.9853563568647368,0.3041526941969067
0.9755578266053485,0.9767343793528037,0.9796852403232664,0.9781588275028471,0.9777606574216744,0.9787336073014102,0.9746402573218218,0.9742955944971552,0.31522387434993254,0.30033687756555477,0.9812638392096747,0.9796682262866862,0.9842492723848656,0.9760453699001186,0.2430543355364354
0.9792028615227389,0.979266171711839,0.981556784347086,0.9806185746375141,0.9813559322033898,0.9812855105002041,0.976620958185204,0.9761203178934256,0.37238763692745,0.4041103405869346,0.9843297564299098,0.985538068906848,0.9863893168977916,0.979769764685966,0.6116572666296943
0.9822858116164198,0.982685708751514,0.9856571671629091,0.984895581730553,0.9850881698339325,0.9850697559586475,0.9809717284577621,0.980750828711299,0.3470490345801302,0.31756198922511913,0.9895247828308638,0.9934495959166312,0.9926382468755348,0.990011850347046,0.1444652865014881
0.9809402146142056,0.9762786346539646,0.9839727775414715,0.9805159542460031,0.9838555041944872,0.978376127895276,0.9807855087184697,0.9780819530723598,0.35692468166450325,0.3721392679694098,0.9634644864588656,0.9717566992769034,0.9649888717685328,0.9727442017944812,0.4812938254579914
0.9770056208482373,0.9730008362066004,0.9808081667375583,0.9782200505975763,0.9797466187296695,0.9757398805040584,0.9775181987472491,0.9750612377177846,0.39103764622560205,0.40633201764707344,0.966445239311872,0.973628243300723,0.9704673857216228,0.969019807008634,0.4747175170024006
0.975387497870891,0.973058298912048,0.9800935772011907,0.9775117932666672,0.9783598698852936,0.9762650963903674,0.9773996952767904,0.9751917759944647,0.41326357975363665,0.38894934615691845,0.9731732243229434,0.9760952786048488,0.9773155281629856,0.9754528525478248,0.3541840031766085
0.9720490546755238,0.9712513794257234,0.9757209698000849,0.9728995394782176,0.9749186783085086,0.9739045172648675,0.9744709666497376,0.9718365578465441,0.36289185560823595,0.3792324460721759,0.9676375404530744,0.9636750319013184,0.9691833590138674,0.9651261215507028,0.3597986459026908
0.9683699540112418,0.9712106794536335,0.9699021692896638,0.9700515574403203,0.9708782742681047,0.9734150870677499,0.9701709835788049,0.97072835022849,0.3750353706107537,0.3212159178861429,0.9711292795094536,0.9643555933645256,0.9724362266735148,0.968511934992382,0.2051828615140769
0.9657979901209334,0.9643420086381971,0.9673330497660568,0.9663380721798364,0.9689094333162128,0.9673249470481912,0.9663280853224988,0.9649954703233105,0.3605054614939937,0.35035870521549234,0.950604667007324,0.9589111016588684,0.9551446670090736,0.953529710512951,0.4086442798741913
0.967194685743485,0.9673709115670079,0.9677243726074009,0.9694203339557054,0.9699366546824173,0.9700844622163425,0.9669036736075844,0.9672962296935608,0.34343124571922445,0.3633546161865131,0.9734287174246296,0.9755848575074434,0.9756034925526452,0.9718977484340614,0.3893464381285546
0.971146312382899,0.9758910602180099,0.9725053168864312,0.9796135559704702,0.9737544940934771,0.9788578832169899,0.9706957846622652,0.9763352890694502,0.37371665768059487,0.41077343178549547,0.9929313575200136,1.0,0.9964047252182844,0.9944134078212292,0.5056110629834603
0.9754215636177825,0.980265305687837,0.9748532539344957,0.9782139430275274,0.9752782057866802,0.9781725613046209,0.9739123074318607,0.9779597711791933,0.38259347396398125,0.4085765302968712,0.9890137966274912,0.9754147171416416,0.9768019174798834,0.9812087353986796,0.4041827273196228
0.9763583716572987,0.9787813103609029,0.976673755848575,0.9766286629966586,0.9746961136791643,0.9752902962483926,0.9738784492974439,0.9747540622262282,0.4225302850815237,0.4073399925651771,0.9758133197070348,0.9734581029349212,0.9695257661359356,0.968342644320298,0.404866917101789
0.9822687787429739,0.9792397743858355,0.9810123351765204,0.9779537747639712,0.9799863037151173,0.9773920698952075,0.9783138649060439,0.975071637669469,0.3897051375181076,0.35306617572915505,0.980156702435701,0.9806039982985962,0.9815956171888374,0.9757067885559508,0.244518542057111
0.984108329075115,0.9803686726190021,0.9834113143343257,0.9811624342748039,0.9821948296524567,0.9804767540099192,0.9811579481970545,0.9787538134093509,0.3608092164237124,0.3169997280382962,0.9826264690853348,0.9875797532964692,0.9866461222393426,0.9861181648891147,0.2448668326565784
0.9842105263157895,0.98472656298713,0.9757379838366651,0.9746527386871016,0.9757233350453689,0.9750002534008946,0.9789402403927545,0.980277498539477,0.39386898399010606,0.43496978563067373,0.993442343723386,0.9616333475116968,0.9640472521828451,0.9833248687997292,0.6709099008154287
0.9756770567194687,0.971933191540049,0.9684219481071882,0.9627133386228203,0.9687382297551789,0.9639589659435742,0.9705603521245981,0.9666214303789505,0.4394416684611275,0.5006619069786925,0.9463464486458866,0.9388345384942576,0.9418763910289334,0.9393092940578976,0.6320461496747299
0.9700732413558167,0.9638868753229578,0.9635048915355165,0.9580998324407345,0.9652627974661872,0.9600221788593754,0.9658540714406637,0.9593513672195092,0.3978985258619884,0.3994916726878261,0.9477942428887756,0.9488728200765628,0.9521486046909776,0.9448112409006266,0.1971512041060933
0.9667518310338956,0.9637744671573367,0.9588260314759672,0.9578031209607731,0.9613079952063002,0.9606219878693844,0.9619265278483157,0.9582572683444096,0.3917039831887944,0.3375097246889312,0.9635496508260946,0.9572096980008504,0.9618216058894024,0.9560690705942104,0.2135458286911414
0.9628342701413729,0.9635291996457985,0.9556954487452145,0.9625110271880839,0.9555897962677623,0.9597663677618072,0.958574572541053,0.9619576416805403,0.4536359445811785,0.40984869633212034,0.963038664622722,0.9719268396427052,0.9580551275466528,0.969358388352802,0.5545266396184986
0.9593765968318857,0.9677374588225156,0.9577031050616757,0.9655645611567234,0.9582776921759972,0.9656731557492115,0.955713560182834,0.9643116967899049,0.39104598977955957,0.39255250649052487,0.9761539771759496,0.9716716290940024,0.97748673172402,0.969019807008634,0.357960126807334
0.9645545903593937,0.9692371113094861,0.9670438111441937,0.9722223970734317,0.964920390344119,0.9688120644559887,0.9644658879295752,0.9705647754571377,0.3291149279122446,0.369165284439735,0.9722364162834272,0.985538068906848,0.9750898818695428,0.9830709327916032,0.3223908403381553
0.9723556463975473,0.9750912485661719,0.9712292641429178,0.9714149597390155,0.9690121554528334,0.9700771863821753,0.9708650753343491,0.9726455762795906,0.3616011013858378,0.365970880117843,0.9867995230795434,0.9698000850701828,0.9726074302345488,0.9768071779244965,0.3595820714740591
0.9737012433997616,0.9734867109898366,0.9730837941301573,0.9697707558050263,0.9700736175312447,0.9690944296819365,0.9728457761977316,0.9704212424901012,0.3598740132531252,0.3122840494210881,0.970277635837166,0.966482347937048,0.9671289162814588,0.9659725749111224,0.2049103880275783
0.9752001362629876,0.9725021836395085,0.9716716290940024,0.9681358420239946,0.9705529875021401,0.966213612255001,0.9717961740308109,0.9683176208328005,0.2983474072291342,0.29048723611357347,0.970533128938852,0.9648660144619312,0.96045197740113,0.964110377518199,0.2468936094985441
0.9722875149037643,0.9688650792196167,0.968677158655891,0.9643236536504781,0.9676938880328712,0.965206152962559,0.9693922464872186,0.9645451369854244,0.27502318112818436,0.27410448950991056,0.9615908703798332,0.9566992769034453,0.963191234377675,0.9570001692906722,0.2413389963025848
0.971027082268779,0.9678881371825776,0.9631135686941728,0.9621224754664041,0.9652285567539804,0.9643918438000693,0.965058405281869,0.963497333578568,0.28130989758448155,0.30067780054648735,0.9659342531084996,0.957720119098256,0.96276322547509,0.9614017267648554,0.353824422619641
0.9655765627661388,0.9651077333104995,0.9608847299021692,0.960966947347658,0.96356788221195,0.9643625817081783,0.9607414931437278,0.9607390947969755,0.2731216218473712,0.3066654312938274,0.9595469255663432,0.9586558911101656,0.9643040575243964,0.9552226172337904,0.3186406927885075
0.9616419690001704,0.9602733778761077,0.9585197788175244,0.9588638290697132,0.9607430234548879,0.9605765953041683,0.9573556797020485,0.9568405657655589,0.2933959072343662,0.3065375591834026,0.950604667007324,0.9546575925138238,0.953004622496148,0.9490435077027256,0.3062818149625531
0.9600919775166071,0.9611099757577503,0.9568694172692471,0.9581139549533236,0.9616675226844718,0.9620758880524621,0.9560352124597935,0.9570630576126806,0.2715077086544776,0.2501759116553022,0.9627831715210358,0.9566142067205444,0.9650744735490496,0.957508041306924,0.1374526165991013
0.9600749446431613,0.9612418858427016,0.9573968524032326,0.9585214541600067,0.9594247560349254,0.9587097257449558,0.9557643473844593,0.956590653046454,0.34153188935694795,0.36393724104184694,0.9615057060126044,0.9593364525733729,0.9519774011299432,0.9556458439140004,0.5914598998149365
0.960858456821666,0.9641118618954753,0.9601190982560611,0.9627914188941373,0.9612737544940935,0.9631425564202805,0.9570170983578805,0.9602822625749566,0.35074372365561857,0.3759193587322292,0.9698518140010222,0.9713313483623988,0.9720082177709296,0.967665481631962,0.3998835941129939
0.9651677738034408,0.969772411422056,0.9632496809868141,0.9666305475174015,0.9646122239342578,0.9690938391885929,0.9605044862028101,0.9644080272027842,0.3436713913761981,0.34503924961862126,0.9810935104752172,0.97430880476393,0.9809964047252182,0.9726595564584392,0.2832790313914055
0.9690683018225176,0.9698840433156067,0.9680306252658442,0.9706078029812591,0.9687724704673857,0.9706645111796578,0.9650753343490773,0.9669046009465433,0.33567042796649144,0.3187851657170874,0.9701073071027084,0.9785623139089746,0.9738058551617874,0.9718977484340614,0.2662769979140197
0.9732924544370636,0.9745573404083264,0.9714674606550402,0.9716713298763476,0.9715117274439308,0.9733665935970303,0.9684611477907568,0.9694154368028025,0.3560156748668474,0.29224972751168526,0.983903934593766,0.9737983836665246,0.9787707584317752,0.974437108515321,0.2391788511008809
0.9754385964912282,0.97378369903336,0.9731178222033176,0.9703103066891515,0.9749357986646121,0.9719436481424704,0.9698493313018453,0.9671392116916827,0.2691737715378887,0.24724994606450448,0.9722364162834272,0.9675882603147596,0.9690977572333505,0.9625867614694432,0.1572503831701429
0.9732243229432808,0.9687826147760016,0.9696129306678006,0.9648091680210392,0.9719739770587228,0.9670288020088078,0.96663280853225,0.9619537637224501,0.28987946180497237,0.3326373125258071,0.9587804462612844,0.9538068906848148,0.9571991097414828,0.951582867783985,0.5034120454484123
0.9681825924033387,0.9644833624425034,0.9663632496809866,0.9625595786239792,0.9675569251840439,0.9643229164564796,0.963263924157779,0.9599075540103282,0.3175228493135798,0.362256864662019,0.9558848577755068,0.9580603998298596,0.9589111453518232,0.9558151345860844,0.4214959689344428
0.9661727133367399,0.9630082122182407,0.9615993194385368,0.9599539399815611,0.96437253894881,0.9621765856328593,0.9589639410868461,0.9567376470333513,0.2891996595022249,0.283058259393761,0.9600579117697156,0.9547426626967248,0.9578839239856188,0.9503978330793974,0.1246610488572451
0.9568046329415774,0.9543599856848114,0.9525478519778817,0.9494829754421238,0.9541516863550761,0.9506732222429415,0.9497375994582699,0.947260231479714,0.3850190433128664,0.42813076298053687,0.9370635326179528,0.9285410463632494,0.9276664954631056,0.9283054003724396,0.7182757701540886
0.9454948049735992,0.9414690826043862,0.9421352615908123,0.9381637530878869,0.9436055469953775,0.93923783497358,0.9399187404773997,0.9360043098415068,0.46058093899035474,0.46377379583955275,0.915687276443536,0.9155253083794128,0.916367060434857,0.9134924665650924,0.5350598615575846
0.938681655595299,0.935884288192852,0.9349893662271371,0.9314683066807378,0.9372196541688066,0.9345817718519296,0.9332994751989165,0.9301650536915278,0.40812668580635725,0.38956279040251013,0.9247146993697836,0.9180774138664396,0.9252696456086285,0.9184865413915696,0.2411407795284249
0.9295179696814854,0.9272783348640475,0.9249340706082517,0.9235735116989691,0.9280945043656906,0.9274829800133676,0.9239715591670901,0.923168553936669,0.3796315673820462,0.3527153192059691,0.9100664282064386,0.9077839217354317,0.9132853963362436,0.9091755544269512,0.2790203768128871
0.9163515585079203,0.916260841876662,0.9117481922586131,0.9119867647821569,0.9153398390686526,0.9163588525090544,0.911596411037752,0.9116197334353483,0.45734921160299236,0.40622663612463805,0.894225855901891,0.8888132709485325,0.894110597500428,0.8885220924327071,0.5132492699619758
0.9070686424799865,0.9077235454105358,0.9010974053594214,0.899753547143868,0.9062831706899501,0.9050336195292342,0.9026409344845101,0.9022558281589754,0.4160394865804628,0.44139347243023924,0.8906489524782832,0.8752871118672904,0.8823831535695941,0.8835280176062299,0.5117271450414415
0.8992335206949413,0.8973195861131273,0.8925733730327519,0.8908040803446005,0.8977229926382467,0.8945444697449361,0.8953952937193161,0.893925306352358,0.442570143220913,0.5168333632067711,0.8765116675183104,0.8729051467460655,0.8735661701763395,0.8772642627391232,0.667713144759835
0.8918582864929316,0.8941592335286631,0.8892216078264568,0.8943089161747215,0.8904297209381955,0.8926307421994147,0.8917216861350941,0.8959897053917251,0.49618214942065997,0.5142891789802341,0.8878385283597345,0.9013185878349638,0.8888032871083718,0.9001185034704589,0.5092008105271603
0.893595639584398,0.9023572202403658,0.8909059974478944,0.9016079007306876,0.8916795069337441,0.9015986035709389,0.8928390045708483,0.9022471857963907,0.5394100015071635,0.5079126650686242,0.9187531936637712,0.91620586984262,0.9195343263139872,0.914762146605722,0.4951596372454045
0.8979049565661729,0.906828960430499,0.8965546575925136,0.9067574577110014,0.8965759287793185,0.9072633046233927,0.8977822921957002,0.9059109673832492,0.4856599090304791,0.42010804590526735,0.915772440810765,0.9170565716716288,0.9185927067283,0.9132385305569664,0.2444988075785537
0.9020439448134903,0.908333938191956,0.9005359421522755,0.902902816696034,0.8998630371511727,0.9044484348918834,0.9028271542238023,0.9068580875044132,0.4668431296202775,0.4192864466003227,0.91134389371487,0.8951935346660994,0.898818695428865,0.9087523277467412,0.4176432479904335
0.9054505195026403,0.9034041391159908,0.904210974053594,0.8990286465482421,0.9002739256976545,0.8948391608975051,0.9047570678855597,0.900210002018912,0.48605273529969517,0.5341113554525231,0.8935445409640608,0.8912803062526583,0.8756206129087485,0.8869138310479094,0.7637611731569236
0.9086526997104414,0.9035525692102405,0.9018460229689491,0.8958503751694079,0.9006848142441364,0.8935120172119303,0.9039275435923481,0.8987969620140751,0.4284175206188586,0.42974914934267444,0.9038494293987398,0.8894938324117395,0.8908577298407807,0.8959708820044017,0.2210247371229773
0.9042752512348835,0.9013236965688209,0.8986643981284559,0.8973328319929896,0.8966786509159391,0.8955091813656205,0.9000677162688338,0.8976856446721001,0.3661697708542496,0.3478063957025695,0.896865951285982,0.900297745640153,0.8995035096730011,0.8954630099881498,0.1839208884223596
0.9031851473343554,0.9043231048152555,0.8924883028498509,0.8936139197548614,0.8904982023626091,0.8929029422309638,0.897816150330117,0.8991173300691943,0.4002287455535466,0.370135490826726,0.9103219213081248,0.8861760952786047,0.8876904639616503,0.9019807008633828,0.4147936810750389
0.8966274910577416,0.8957339406541038,0.892199064227988,0.8936583936888356,0.8853278548193803,0.886257614058216,0.894362620619604,0.896573113110855,0.4503478959098962,0.4695033271418778,0.8785556123318006,0.8937473415567841,0.8729669577127204,0.8914846791941764,0.6682389997721815
0.8975302333503663,0.8965087112451308,0.892199064227988,0.8928656978767765,0.8883752782057867,0.8877909859857377,0.8958354494667345,0.895808067168424,0.3701953199362843,0.4340016491908731,0.8980582524271845,0.8912803062526583,0.8908577298407807,0.8942779752835621,0.3629982932888637
0.9052801907681827,0.9118722129926944,0.9022543598468735,0.9085005687532401,0.8978599554870741,0.904621029406231,0.9035043169121384,0.9086437845227561,0.4109539206350868,0.43094034633291195,0.9425992164878214,0.9397703105061672,0.9382811162472178,0.9343152192314204,0.4248177406169897
0.9138477261113952,0.9211493513291442,0.9098426201616331,0.9184133949068105,0.906060606060606,0.9165829404510409,0.9109869646182496,0.9167212725214062,0.42812786436777434,0.37722376658387385,0.939703628002044,0.9382390472139512,0.9405067625406608,0.9328762485187068,0.2697906070857976
0.9230965763924376,0.9329549584572084,0.9204083368779241,0.9252771562245602,0.9169149118301659,0.9250426245705108,0.9204333841205351,0.9275517811392073,0.4328431472436257,0.39760587620734783,0.956566172713337,0.9390046788600592,0.9419619928094504,0.9492127983748097,0.4383700954542959
0.9368591381366038,0.9377594459890162,0.9248149723521903,0.9221116104590786,0.9248929977743536,0.9209808788582267,0.9296766548163198,0.9309348649838382,0.45254527043486903,0.5206537893810311,0.9473684210526316,0.9157805189281156,0.9128573874336584,0.9377010326731,0.7667496157283977
0.9385453926077331,0.9273361389202878,0.9301063377286258,0.9206534513509977,0.9289676425269645,0.9177309037734295,0.9332656170644998,0.9246975054973797,0.46135693540253475,0.48278806562975163,0.9064895247828312,0.917737133134836,0.911230953603835,0.9122227865244628,0.4070566181271925
0.9344064043604158,0.9255255176972703,0.9267715865589109,0.9214678191198628,0.9244992295839752,0.9171336196930436,0.9298120873539869,0.9221475272245384,0.44024175929480175,0.42827266377927603,0.9219042752512352,0.9230965546575924,0.9159390515322718,0.9170475706788556,0.3192418600783248
0.9319707034576735,0.9261920529609577,0.9256146320714589,0.9251299710054721,0.9228385550419448,0.9221568764055319,0.9294227188081938,0.925074820079606,0.48757326310429044,0.45433115123059764,0.9275251234883326,0.9324542747766909,0.9322033898305084,0.930929405789741,0.506448126133241
0.9297734627831717,0.9326546917542479,0.925427477669077,0.929442949619698,0.9225475089881868,0.9282735051172416,0.9267987133908925,0.9287474704825048,0.4724481621142438,0.423802297655086,0.945579969340828,0.9380689068481496,0.9405067625406608,0.9360927712883024,0.3627445905040626
0.9294668710611482,0.93704828198367,0.930957039557635,0.9341047425367672,0.9277692175997261,0.9318376469086124,0.9269680040629762,0.9320141423328431,0.40444345190725944,0.42477688666788255,0.945835462442514,0.9434283283709058,0.9389659304913542,0.9385474860335196,0.4267260646934758
0.9375234202009881,0.9402896114831235,0.9362484049340705,0.9374678150301827,0.935336414997432,0.9375807448031962,0.9331132554596243,0.9356591093911296,0.42301894748591007,0.4498292897854037,0.9467722704820304,0.9441939600170138,0.9490669405923642,0.9429490435077028,0.499934096020446
0.9420030659172204,0.9416272422662146,0.9406210123351764,0.9399650739078291,0.9404554014723505,0.9388984911710857,0.9378703233451837,0.9373837096296375,0.40072142828426244,0.3691376145469647,0.9443025038323968,0.944959591663122,0.941533983906865,0.9408329101066532,0.2077542640700866
0.9462783171521038,0.9440519547317262,0.9418119948957887,0.9394464451318038,0.9430576956000684,0.9410039476037563,0.9397325207381074,0.938335937337878,0.3429432717268807,0.3186108574800873,0.9489013796627492,0.938409187579753,0.9452148604690978,0.9402403927543592,0.2175573433463324
0.943536024527338,0.9399908052268171,0.9398553806890684,0.9357262420260515,0.9393596986817325,0.9346748910521646,0.9392585068562722,0.9367981921849609,0.40593714999984404,0.43831189894301786,0.9318685062169988,0.9282858358145468,0.9220167779489812,0.9337227018791264,0.677713981868879
0.9368761710100495,0.9308392684365687,0.9301063377286258,0.9220451992069324,0.9317582605718198,0.9234361740153734,0.9329778229219571,0.9269134835772883,0.4329680160093434,0.4795013975423361,0.9125361948560722,0.894683113568694,0.9009587399417908,0.9071440663619434,0.5618803947409726
0.9271504002725262,0.9199406512225169,0.921259038706933,0.9146826211074713,0.9211265194316042,0.9142601943073441,0.9232266802099204,0.9160067657006988,0.37473492005884007,0.3892571371175338,0.8981434167944133,0.8999574649085492,0.8959082348912857,0.89419332994752,0.2087686162679292
0.9188383580309999,0.9142078650232666,0.9141641854529985,0.9129501892027972,0.9137818866632426,0.9111104028932484,0.9163704079905196,0.9128550268036824,0.36080214872674066,0.30553489388155247,0.902742292624766,0.9094853253934492,0.9048108200650572,0.9065515490096496,0.1380904074095899
0.910373019928462,0.911663473065531,0.9064398128455974,0.9085625676494473,0.9054956343091936,0.9086681348284499,0.9081767394616558,0.9083273679058013,0.3532456241317978,0.2636148360449075,0.9065746891500596,0.8997873245427476,0.9037835986988528,0.8992720501100391,0.1797747203716176
0.9057741440981095,0.9107336910654326,0.9010974053594213,0.906232977894187,0.9018832391713747,0.9070970239722623,0.9015405451159643,0.905732155320757,0.24188395245440927,0.2160450985239172,0.908874127065236,0.9015737983836664,0.9039548022598872,0.9005417301506686,0.1209056234819367
0.9026571282575372,0.9061394992613586,0.899447043811144,0.8996324205385605,0.8990583804143126,0.9003428313670016,0.8980362282038261,0.9003622641475889,0.18962770493154527,0.244229784724829,0.8969511156532108,0.8864313058273076,0.8868344461564801,0.8896224818012528,0.3005991571266525
0.9079202861522739,0.9122460682636048,0.9037856231390895,0.906971734208466,0.9047252182845404,0.9083093623254759,0.903538175046555,0.9074758641521141,0.222884138050296,0.2878367837704469,0.9244592062680974,0.9216503615482772,0.9242424242424244,0.9217030641611648,0.3750507818616827
0.9114801567024357,0.9150112606342615,0.9060484900042534,0.9115810427120667,0.9083033727101524,0.9131067722813565,0.9058913153885222,0.9110896596745713,0.20856277188833633,0.21405238138022845,0.9205416453755748,0.9207996597192684,0.9227015921931176,0.9183172507194856,0.0664835765997915
0.9181911088400614,0.9233839903689036,0.9142832837090598,0.9213744594969712,0.9162472179421333,0.9232387898071567,0.9133739630946336,0.9196215359965795,0.19859708050877875,0.18601700874476226,0.9401294498381878,0.94096129306678,0.9435028248587572,0.936685288640596,0.1299462634738299
0.9218361437574518,0.924622427463332,0.9191322841344108,0.9228559065014544,0.9201848998459168,0.9233735971310394,0.9183680379211105,0.9215850587587376,0.2033623971718932,0.17225540809567785,0.9270993016521888,0.925818800510421,0.9236432117788048,0.925512104283054,0.144732206797509
0.9258048032703117,0.9220130893813914,0.9236580178647383,0.9182572624939512,0.9249785995548707,0.9191833796544427,0.9223125105806671,0.9175049875388369,0.18767239443843847,0.18888665321691148,0.91679441321751,0.909059974478945,0.9108029447012496,0.9093448450990352,0.2221491434593788
0.9232158065065577,0.9185134670707034,0.9217014036580178,0.9161272718341923,0.9231124807395993,0.9177595298249844,0.9199932283731169,0.915038876067029,0.13343347433847738,0.1605431625985667,0.9115142224493272,0.9118672905146744,0.9149118301660676,0.9101066531234132,0.1038561813618772
0.9239482200647251,0.9204102157692726,0.9166992769034452,0.9093478565382634,0.9187296695771272,0.9121021986769086,0.9193668528864061,0.91508770847333,0.18914900155470982,0.22204917929269571,0.9242037131664111,0.8957890259464057,0.9007875363807568,0.915185373285932,0.3450612126809537
0.9164707886220407,0.9145209080544371,0.9090940025521054,0.9072102114622025,0.9105975004280088,0.9090154588223275,0.9121381411884206,0.9102390490324428,0.20568659555278485,0.21891086401653215,0.902742292624766,0.9029349213100808,0.9028419791131655,0.9005417301506686,0.212634233464205
0.909351047521717,0.9068474707531483,0.9038366652488301,0.9046508456394834,0.9044341722307824,0.9036191628124425,0.9065007618080244,0.905934435148653,0.261111998397744,0.2865603163517897,0.8915005961505706,0.899532113994045,0.8928265707926724,0.8973252073810734,0.4218592210223048
0.9080224833929484,0.9079488446933213,0.9045682688217779,0.9073398945408834,0.9052730696798493,0.9074119191904898,0.9072625698324023,0.9083409185060768,0.24306839749976095,0.23501725722434766,0.9101515925736672,0.9127179923436832,0.9149974319465844,0.9131538852209244,0.1319311389694636
0.9094191790155,0.9114651299829091,0.9048575074436409,0.9093310909019188,0.9062146892655367,0.911481255491828,0.9075503639749452,0.9094091536160934,0.2544771840973514,0.21031154293284163,0.9184977005620848,0.9133134836239896,0.9196199280945044,0.9115456238361268,0.1609001143498296
0.9075625958099132,0.9126170190347652,0.9071033602722245,0.9085601572977203,0.9073617531244649,0.9098284555530181,0.9063991874047741,0.9094159325557546,0.2847403098661929,0.3056666424636148,0.9149207971384772,0.9070182900893234,0.906522855675398,0.909429490435077,0.4963768415251612
0.9077158916709248,0.9095809366664516,0.9072054444917054,0.9068552190009754,0.9080123266563944,0.9085839192929496,0.9066531234129002,0.9068810917676027,0.2844532971173526,0.27417748488241106,0.9035087719298244,0.903445342407486,0.9060948467728128,0.9018114101912986,0.2111991697200035
0.9119230114120251,0.9105660227296584,0.9085495533815395,0.9066543654817222,0.9115733607259031,0.9092665265753718,0.9087692568139497,0.9072226859738421,0.23556911207146122,0.24193108851922332,0.9125361948560722,0.9062526584432156,0.9106317411402158,0.9079058743863212,0.1774382957928478
0.9111054334866292,0.909065249468668,0.907749893662271,0.9073428082369285,0.910392056154768,0.9092079874138842,0.9071779244963605,0.9065475318602209,0.2677239849548007,0.25885589347486926,0.9060637029466873,0.9087196937473412,0.909090909090909,0.905197223632978,0.2927055033861612
0.9078180889115994,0.9067304922080907,0.90574223734581,0.9059869395051804,0.9074987159732922,0.9078564006716313,0.904773996952768,0.9042070166128688,0.2635441856810663,0.21923763497696527,0.902060977686936,0.9032752020416842,0.9051532271871254,0.899525986118165,0.1400011179811573
0.907170839720661,0.9083818451999887,0.905827307528711,0.9064725066713963,0.9070707070707071,0.9066985375019115,0.9035889622481802,0.903972783379292,0.2039560011080681,0.2123037295380336,0.9116845511837848,0.907443641003828,0.904382811162472,0.9035043169121384,0.1984359186601702
0.9117015840572307,0.9143087280042167,0.9102849851127178,0.9128929145567709,0.9116076014381098,0.9140587978712168,0.9081428813272389,0.9108421907817253,0.22735245540053745,0.25092963341947255,0.9261624936126728,0.9257337303275198,0.9287793186098272,0.9245810055865922,0.3281814411823504
0.9167603474706185,0.9221491559771483,0.9160527435133983,0.9202924265200534,0.9169491525423729,0.9218190308013215,0.9131200270865076,0.9181586615820384,0.239018717280923,0.24587629067790692,0.9378300119230114,0.9350914504466185,0.9373394966615308,0.9327916031826646,0.2357696051947756
0.9247146993697838,0.9300445914656036,0.9226371756699276,0.9274089025233646,0.923643211778805,0.9287330889585709,0.9198239377010328,0.9250113666232268,0.249927597410763,0.2796674951303917,0.945835462442514,0.941641854529987,0.9425612052730696,0.9387167767056036,0.3472499040353612
0.9321069664452395,0.933037165331807,0.9301233517652061,0.9318412958549355,0.9279575415168637,0.9280636845981868,0.9271542238022686,0.9287333832902659,0.2678776844168664,0.26302884775748586,0.939022313064214,0.9407060825180772,0.9267248758774184,0.9361774166243442,0.2297515530116742
0.9388690172032023,0.937189711879071,0.9351765206295191,0.9321306923450882,0.9349084060948467,0.931754834416254,0.9337904181479602,0.9313840184070425,0.30817504904706344,0.30866014577537565,0.9454948049735992,0.9327094853253932,0.9391371340523882,0.936685288640596,0.3999227418111551
0.9386135241015159,0.9330881506207943,0.9342747766907697,0.928495465107983,0.9338127033042287,0.9289368244964149,0.9329439647875404,0.9277055918661928,0.3389984045362499,0.36653950339301145,0.9248850281042412,0.9212250106337726,0.9233008046567368,0.9203487387844932,0.482298218628283
0.9351388179185829,0.9288775940833117,0.9297830710336024,0.9232079507922495,0.9296353364149974,0.9247754370694014,0.9293550025393602,0.9234193252247165,0.3775105515208491,0.3871364489679315,0.9204564810083462,0.9126329221607824,0.916452662215374,0.914846791941764,0.4283303401177717
0.9300459887583037,0.9260421682692469,0.926397277754147,0.9237095965724028,0.9258003766478342,0.9243124268586854,0.925850685627222,0.9226779475314486,0.3857546069910722,0.3875810264407798,0.9203713166411176,0.9247128881327096,0.9233864064372536,0.9211951921449127,0.3884701813864765
0.9284789644012946,0.9277571759392208,0.9244746916205868,0.9261707816650273,0.927392569765451,0.9277702317276244,0.9242762823768411,0.9245537651451122,0.3618862967268853,0.29519068485743316,0.9311871912791688,0.9310931518502764,0.9346858414655026,0.9283054003724396,0.1104100016907399
0.9263839209674675,0.9301779798943014,0.924117396852403,0.9277548582715097,0.9269645608628659,0.930845850998237,0.9224310140511258,0.9255221591007481,0.3160228086513751,0.2536622237161568,0.9350195878044628,0.9309230114844744,0.9369970895394624,0.9274589470120198,0.1706053014336042
0.9286152273888607,0.9321325066666035,0.926397277754147,0.9293780438951705,0.9301318267419962,0.9336096120162874,0.9242424242424244,0.9268167026474939,0.2325502692241817,0.19075332297487646,0.9360415602112078,0.9326244151424924,0.9391371340523882,0.9294057897409856,0.0649355214923157
0.9315108158746381,0.9330664789234803,0.9312632922160781,0.931906360753593,0.9347029618216058,0.9355091872153324,0.9273912307431862,0.9280747432468536,0.1558178252457769,0.14205825539183353,0.934934423437234,0.936962994470438,0.9393083376134224,0.9305908244455732,0.0446681202257477
0.9353432123999321,0.9352220857048491,0.9340365801786472,0.9341306831509136,0.9385208012326656,0.9378313259744058,0.9306585407144068,0.9312270761649076,0.1001688353481777,0.13144724756071588,0.9395332992675868,0.9385793279455548,0.9424756034925524,0.937531742001016,0.1102252318984806
0.9372679270993018,0.9370849787285721,0.9335091450446618,0.9322391141607254,0.9387947269303201,0.9372393739675289,0.9318774335534113,0.9322846722990925,0.09982451000207626,0.12386095669388815,0.940810764776018,0.9284559761803488,0.9360554699537752,0.9343998645674624,0.1086883749602327
0.9350366206779086,0.9326776710515469,0.931552530837941,0.9285393895907741,0.936774524910118,0.9337916091245034,0.9300998814965299,0.9277135104419322,0.09204255341021889,0.12647247728736452,0.9238630556974964,0.9211399404508716,0.9268960794384524,0.9185711867276116,0.1316955184743173
0.9330437744847557,0.9304775571161792,0.9301063377286258,0.9274907429258216,0.935079609655881,0.9327485920100695,0.9283392585068564,0.9253432318921612,0.10464265081593353,0.12696032103187263,0.9260773292454438,0.9253934495959164,0.930662557781202,0.920602674792619,0.1279360085208889
0.9321750979390225,0.9305153849803087,0.9293747341556783,0.9294288208191142,0.9337442218798152,0.9327095275844108,0.9284916201117319,0.927346365418091,0.15658456940010307,0.18609945173678025,0.9305910407085676,0.9333049766056994,0.9326313987330936,0.931352632469951,0.3043777131465955
0.9324476239141545,0.9339755663679546,0.9285920884729899,0.931174580390114,0.9330080465673687,0.9347379273663806,0.9272219400711021,0.928625357544683,0.18599419273958442,0.20982408402314923,0.9408959291432466,0.9346660995321138,0.93879472693032,0.931183341797867,0.2572733485958872
0.9315448816215296,0.9347493953496011,0.9307528711186727,0.9338696833963299,0.9339839068652628,0.936803542058669,0.9271372947350602,0.9304091176588728,0.21603382324405826,0.22617823184296681,0.936297053312894,0.939259889408762,0.940934771443246,0.9339766378872524,0.258886527482602
0.937932209163686,0.9417661613691601,0.9370480646533388,0.9401184249722875,0.9405923643211779,0.9445151502784551,0.9332656170644998,0.9366770112308518,0.27802865960300843,0.29800872131833395,0.9557996934082782,0.9526159081242024,0.9599383667180276,0.9492127983748097,0.4416697002690681
0.9445239311871914,0.9475227540337636,0.9454019566142066,0.9491332531149433,0.9461393596986817,0.9491426117418772,0.9414084983917388,0.9448903679635056,0.357005868391405,0.37294649836651333,0.9590359393629706,0.9671629094002552,0.958397534668721,0.9613170814288134,0.5228220524628721
0.9539942088230285,0.9576626456517602,0.9544704381114417,0.9589712967739207,0.9559493237459339,0.9599888141510363,0.9504824784154394,0.9555010895051552,0.43402773915021325,0.4784600212245544,0.9779424288877534,0.9786473840918756,0.9816812189693545,0.9767225325884544,0.6894870669406363
0.9621870209504344,0.9657284270279322,0.9634028073160354,0.9657568463676415,0.9646978257147747,0.9675049550255325,0.9594210259014728,0.9622927527461149,0.44031799863382337,0.415214896154349,0.981859989780276,0.9793279455550828,0.9825372367745248,0.9758760792280344,0.2887246460139382
0.9711292795094533,0.9708217333879509,0.9703785623139088,0.9685507857111371,0.9730354391371339,0.972544249535369,0.9676993397663789,0.9666512375680041,0.41768124833519027,0.3253775227660447,0.9810083461079886,0.9741386643981284,0.982622838555042,0.9753682072117826,0.1457027759894362
0.9759325498211548,0.9738198372475626,0.975159506592939,0.9712074003138756,0.9775038520801231,0.9757896435012373,0.9727611308616895,0.9692747429957903,0.35567129444778256,0.2607916587880396,0.979816044966786,0.9765206295193531,0.9822804314329738,0.9745217538513627,0.1316199308320294
0.9800374723215807,0.9757334087867416,0.9752445767758399,0.9700010203141703,0.9803629515493922,0.9747574396725135,0.9745386829185712,0.9695847759016009,0.31610634515804936,0.2821935411967618,0.9795605518650996,0.9675882603147596,0.972693032015066,0.970204841713222,0.3249973060142063
0.9797819792198943,0.9760439269842683,0.9729136537643555,0.9689982698875981,0.9782742681047765,0.9735842270304343,0.9726087692568139,0.9687475053609567,0.2113241669893025,0.24332108616347517,0.976664963379322,0.9669927690344534,0.9712378017462762,0.9670729642796684,0.1655761760969019
0.9785385794583548,0.975910281647038,0.9767418119948956,0.9788217588276599,0.9752439650744735,0.9715180585612928,0.9757745048247843,0.9763999225965997,0.2987788029303957,0.40421333268211823,0.975642990972577,0.9984687367077836,0.9673857216230096,0.9917047570678856,0.7259978257194043
0.980838017373531,0.9814420329926486,0.979923436835389,0.9825634354186383,0.9777606574216744,0.9794141391378771,0.977687489419333,0.9792443251259088,0.3059027018612276,0.3299163120026107,0.99250553568387,0.9900467886005953,0.995206300291046,0.9849331301845268,0.1813222706435955
0.9802929654232668,0.9799916170669212,0.9800085070182899,0.9806909504237113,0.9774353706557097,0.9798274252929682,0.9777382766209584,0.9777547800371021,0.37859998652548166,0.3849796593861738,0.977090785215466,0.9769459804338576,0.9806539976031504,0.9747756898594888,0.4951063541532999
0.9772611139499233,0.974794842877408,0.9795661420672053,0.9755861121355863,0.9767505564115734,0.9763079371267737,0.9761808024377856,0.9726423436238546,0.4167653941324164,0.42859455427374243,0.964401294498382,0.9653764355593364,0.9692689607943844,0.9624174707973592,0.5158243440488798
0.976613864758985,0.974339467726482,0.979736282433007,0.9730052317115448,0.9775380927923301,0.9759304526345357,0.9755882850854919,0.9697983549219694,0.39735908618533267,0.30857791496965614,0.9734287174246296,0.967843470863462,0.97517548365006,0.964110377518199,0.0685446363614835
0.9769885879747914,0.9753985141681913,0.9738834538494257,0.971738352404322,0.9793870912514979,0.9761638730626402,0.9709497206703912,0.9693695482787735,0.27745200896073835,0.24787275651191498,0.97751660705161,0.9692045937898764,0.9766307139188491,0.968511934992382,0.1264624395964326
0.9720660875489697,0.9728966872970478,0.9703615482773286,0.9719713218495848,0.9746618729669578,0.974635984997875,0.9673776874894194,0.9686040202790718,0.3029821183595086,0.268239443553759,0.9678930335547606,0.9724372607401104,0.9715802088683444,0.9670729642796684,0.308972817637447
0.971435871231477,0.973244359407366,0.9684049340706082,0.9703685176998084,0.9730183187810306,0.9739027322230882,0.9652615540883698,0.9671343544707948,0.24661293014049673,0.24991310005525272,0.9739397036280022,0.9671629094002552,0.9724362266735148,0.9641950228542407,0.2132604130582402
0.9732754215636179,0.9733625883246063,0.9712803062526583,0.9734967772897347,0.9747132340352678,0.9751830005039158,0.9686304384628407,0.9711768672037678,0.23141075453814994,0.31321322204921714,0.9735990461590872,0.9797532964695872,0.9777435370655708,0.979261892669714,0.439813466037146
0.9777210015329588,0.9807939313068489,0.9756188855806037,0.9788433073608864,0.9792843691148775,0.9827990533519798,0.974013881835111,0.9777937762623617,0.29321694763974726,0.3346673486559681,0.995656617271334,0.9895363675031896,0.998031159048108,0.9910275943795496,0.37757560186947
0.9796286833588826,0.9828809595983091,0.9763334751169713,0.9768213853978289,0.9796096558808423,0.9812850848175443,0.9763839512442866,0.9786499448543277,0.3952680667315427,0.43535091078911536,0.9870550161812296,0.9727775414717138,0.9782571477486732,0.9803622820382598,0.6367180350554098
0.9784193493442345,0.9758694275593793,0.9751084644831984,0.9733183261223012,0.977623694572847,0.9747401906544857,0.9752497037413239,0.9729005388245037,0.4892708045921307,0.5498961095062058,0.9618463634815196,0.966312207571246,0.9616504023283684,0.9614017267648554,0.7789865069403866
0.9756940895929146,0.9706840866633869,0.9732199064227987,0.9681189237809528,0.9759116589625064,0.9711188099769276,0.9735398679532757,0.9671489738543358,0.5122984627850875,0.47606364101181214,0.960313404871402,0.957720119098256,0.9638760486218114,0.9556458439140004,0.3283987040230248
0.9749446431613015,0.9704066624425987,0.9707358570820924,0.9678569657759875,0.9746105118986474,0.9711584739000437,0.970560352124598,0.9662207537449988,0.47472413493683774,0.40135636960650717,0.9698518140010222,0.9673330497660568,0.9712378017462762,0.9643643135263248,0.2519418267958971
0.9703117015840574,0.9711017447567704,0.9661760952786047,0.9674838300125752,0.9690806368772471,0.9708995772470645,0.9649568308786188,0.9651504985465502,0.45546944285803714,0.3613382935628271,0.9724919093851134,0.9667375584857506,0.970381783941106,0.9630099881496532,0.281302141475467
0.9688298415942773,0.9739497352486232,0.9675031901318587,0.9714602252543779,0.9704160246533128,0.9755777470410436,0.96441510072795,0.969318209459339,0.41272208401968014,0.381885942663093,0.9796457162323288,0.9794130157379836,0.984934086629002,0.9776536312849164,0.4229812408636249
0.9728155339805827,0.9765580986367647,0.9685580603998296,0.9715023364732858,0.9725047080979285,0.9744164378778447,0.9665481631962081,0.9702344860082744,0.3622006532020614,0.4300504127261597,0.9817748254130474,0.9715865589111016,0.9720938195514468,0.9720670391061454,0.526379352852293
0.9771418838358035,0.9783537838070114,0.9721480221182475,0.9728915335456386,0.975894538606403,0.9765526923066244,0.9699509057050959,0.9710428428249961,0.34317562455953105,0.3644581287542308,0.9819451541475048,0.9756699276903444,0.980825201164184,0.9726595564584392,0.2332735608103729
0.9811275762221088,0.9821626145155243,0.9755508294342832,0.9767100511458375,0.9799178222907037,0.9814865349270095,0.9736414423565263,0.9749675608111564,0.36506129896192974,0.36342881877211736,0.98978027593255,0.9843470863462356,0.9913542201677796,0.9828169967834772,0.3613701988078905
0.9839380003406577,0.9836230863363019,0.9792258613356019,0.979510940094673,0.9837527820578668,0.9841765508769802,0.9773658371423736,0.9771890279004009,0.373153867067451,0.34954087318243604,0.9865440299778572,0.9851127179923436,0.9895565827769216,0.9816319620788896,0.3217649820030734
0.9845000851643674,0.9832341043411604,0.9815567843470863,0.9833631703282507,0.9841294298921419,0.985056809184779,0.9804807855087185,0.9825354763058144,0.40519389446441456,0.4274210414044382,0.9824561403508774,0.991067630795406,0.9868173258003768,0.9932283731166414,0.5831813778484425
0.9880599557145292,0.9886807956153923,0.9850106337728624,0.985194048898828,0.9891114535182333,0.9890391853504873,0.9839851024208567,0.984886525426155,0.371811454405369,0.4047697451219805,0.9995741781638564,0.9888558060399828,0.9970039376819038,0.989588623666836,0.3594671525570652
0.9907852154658492,0.9909776813782964,0.9886346235644405,0.9880593248152968,0.9929464132853963,0.9926927902336583,0.9877941425427459,0.9871592693067318,0.38375321878524105,0.3675072909845647,0.9955714529041048,0.9937898766482346,1.0,0.9917047570678856,0.292982382709733
0.9926928972917732,0.9937580159395877,0.989740535942152,0.9886650992884624,0.9940421160760143,0.9940727715293954,0.989114609785001,0.9879126238694053,0.3527035042375892,0.3137120693462537,0.99931868506217,0.9898766482347936,0.9968327341208696,0.989419332994752,0.2061216260696316
0.9919434508601601,0.9901042765663225,0.9876478094427901,0.9839930946908195,0.9923814415339839,0.9897995843751869,0.9878280006771629,0.9836747214261697,0.38916431183853933,0.3771643862334438,0.9827967978197922,0.9746490854955336,0.9812532100667696,0.9751989165396988,0.504069020007824
0.9895929143246466,0.9836373369353182,0.9830540195661419,0.978694956931268,0.989779147406266,0.9844683413040537,0.9821398340951415,0.977378994352958,0.335232809020364,0.35595087874148446,0.9707034576733096,0.9680986814121648,0.9738058551617874,0.9647875402065348,0.3135238637575659
0.9832737182762733,0.9784176239308753,0.9782900893236919,0.9741420228967561,0.984643040575244,0.9800866953783003,0.9766548163196209,0.9723071744983831,0.3210504837333742,0.33348576120169504,0.9679781979219896,0.9650361548277324,0.9713234035267936,0.9621635347892332,0.2885555261221162
0.979066598535173,0.9771237006867847,0.9737303275202039,0.9730917044747692,0.9800547851395309,0.9790773711926785,0.9717284577619774,0.9705624377588116,0.3098182794141485,0.3012642945056649,0.9745358541986032,0.9709910676307952,0.9770587228214348,0.9670729642796684,0.2368213611136046
0.9769545222278999,0.9810019016331247,0.9719948957890256,0.9757942995094803,0.9783941105975005,0.9822280345986915,0.9701879126460133,0.9742804943108516,0.35859906497122723,0.3508513809554515,0.988758303525805,0.9811994895789024,0.9885293614107172,0.9817166074149316,0.4500255538550248
0.9763413387838529,0.9805782279552688,0.9716205869842618,0.9747887134968914,0.9771785653141585,0.9798771842824809,0.9694091755544271,0.9732887399011569,0.32322124883819,0.34296090041784705,0.9797308805995572,0.9727775414717138,0.97517548365006,0.9713052310817676,0.3271799393426381
0.9799182422074605,0.983248143567295,0.9729817099106759,0.9748272410126729,0.9781373052559494,0.979451307811901,0.9723379041814798,0.9753362210480373,0.3587124326664181,0.3923005279114669,0.9885879747913472,0.974904296044236,0.9785995548707414,0.979431183341798,0.4909797828987067
0.9815363651848067,0.9808550333144369,0.9758911101658866,0.9764125460430438,0.9800719054956343,0.9799663401163401,0.9751989165396988,0.9757136795588011,0.3482636412517791,0.3403042082906183,0.9760688128087208,0.9795831561037854,0.9809964047252182,0.9764685965803284,0.2363115690489211
0.9845000851643672,0.9836881735750933,0.977541471714164,0.9773559891527567,0.9811676082862523,0.9808233056690683,0.9777213475537498,0.9770374928225087,0.3630692548022248,0.3304859484823565,0.989354454096406,0.979242875372182,0.9825372367745248,0.979685119349924,0.3108494288658329
0.9835632771248509,0.9838168701594702,0.9778817524457676,0.9792042905141445,0.9810991268618388,0.9832778552089286,0.9770272557982057,0.977440378094076,0.3092313301277198,0.2806026091490709,0.9840742633282236,0.9829008932369202,0.9881869542886492,0.9782461486372104,0.1808359304824997
0.9829160279339126,0.981376124987935,0.978970650786899,0.9788768714018867,0.9822290703646634,0.9824603038606804,0.9789740985271713,0.9786400669715826,0.34128993547100883,0.3495593947857418,0.9764946346448647,0.9782220331773712,0.980825201164184,0.9810394447265958,0.4874729660590834
0.9808720831204225,0.9803735002332558,0.9791748192258612,0.9778929603476069,0.9827940421160759,0.9821150071163881,0.9777044184865415,0.9767876390272714,0.27870445993708104,0.2923903982668504,0.9783682507238972,0.9759251382390468,0.9814244136278034,0.9730827831386492,0.1780524052290677
0.9784704479645718,0.9749358791653262,0.97526159081242,0.9719343115772645,0.9795411744564287,0.9763206935532526,0.9735737260876928,0.9697968042135424,0.3221677948363223,0.34613634669294274,0.9640606370294672,0.96001701403658,0.9647320664269816,0.9558151345860844,0.4536282435451274
0.9726792709930165,0.970090109189761,0.971739685240323,0.9685006568887419,0.975346687211094,0.971402062551452,0.9689182326053836,0.9653337534551545,0.30980428170261376,0.31376818552772523,0.9603985692386304,0.9616333475116968,0.9615648005478512,0.9564076519383784,0.2490318631972902
0.9683699540112419,0.9675692989329572,0.9660569970225434,0.9638295886418353,0.9698339325457969,0.9678091020216893,0.963856441510073,0.9612015666903219,0.33565136354232245,0.31253590357883115,0.9625276784193496,0.954487452148022,0.960623180962164,0.952937193160657,0.310071339681043
0.965082609436212,0.9650655032118767,0.960119098256061,0.9587305722095434,0.9645437425098441,0.9633308183425996,0.9582529202640936,0.9584749906257809,0.33181864326286015,0.3644603906064782,0.9600579117697156,0.9485325393449594,0.9543742509844204,0.9530218384966992,0.4683093646617722
0.9564980412195538,0.9551921386881199,0.9502339430029773,0.9479868354642383,0.953175826057182,0.9504154893498972,0.9490435077027257,0.9479952338611239,0.49050883563088565,0.5668080494273838,0.9354454096406064,0.926499361973628,0.9245848313644924,0.92703572033181,0.9715033670691948
0.9496848918412537,0.9467930558380688,0.9427988090174392,0.9396050050124555,0.9457798322205102,0.9428610253144724,0.9420348738784495,0.938920811062317,0.487881139327438,0.5247019536275523,0.9299948901379664,0.9228413441088896,0.9277520972436226,0.9207719654647032,0.4404897620278893
0.9371657298586273,0.9304629570005453,0.9304296044236494,0.9263324448558862,0.9338298236603322,0.929178936125302,0.930793973252074,0.9260149236437115,0.5827301558803514,0.5908936177389874,0.8978027593254982,0.8997873245427476,0.9018147577469612,0.9002031488065008,0.7232769459618575
0.9246636007494466,0.9203143156248453,0.9200850701829006,0.9184765568853503,0.9221195000856017,0.9201431451130389,0.9195361435584901,0.9162259639933868,0.5931121162538857,0.5145894590088963,0.9000170328734458,0.9027647809442788,0.9020715630885124,0.8966480446927376,0.3619811415487141
0.914801567024357,0.9171254581313196,0.9132624415142491,0.917124169924134,0.9140215716486904,0.9180569663419803,0.9109192483494162,0.9141297634793677,0.5661976285949107,0.4543052814615633,0.9107477431442684,0.9144193960017012,0.9138846087998632,0.9099373624513292,0.3337369263668971
0.9113438937148697,0.9174693197852696,0.9140450871969372,0.9215536434117791,0.9118986474918678,0.9166947144214469,0.9112916878280009,0.9190524815611564,0.5185391198863147,0.5472737954831141,0.9181570430931698,0.9304125903870692,0.91397021058038,0.9288979177247336,0.7332108235262154
0.9107988417646059,0.9207360899857285,0.9127520204168438,0.9198277656773266,0.9104434172230782,0.9179551249141896,0.9108853902149994,0.9189484801740028,0.49828433032836894,0.4779211350681294,0.9272696303866464,0.9163760102084216,0.9204759458996749,0.9187404773996954,0.33921581423816
0.9143587123147675,0.9190247640159215,0.9133985538068906,0.9142251742825449,0.9112823146721452,0.913973164940225,0.9121550702556291,0.914816169785885,0.46982156727006447,0.5122684669355313,0.9156021120763074,0.9030199914929816,0.9060092449922956,0.9065515490096496,0.5809631306703352
0.9158916709248851,0.9152437846519588,0.9124968098681411,0.9089021366052071,0.9116418421503167,0.9106051767866066,0.9132046724225498,0.9105094650330369,0.47978876397728865,0.47878468631863264,0.9076818259240336,0.8982560612505316,0.9038692004793698,0.9018960555273408,0.4118171250848353
0.9140691534661898,0.9107075750515699,0.9090259464057846,0.9049564506334445,0.9091765108714261,0.9075894353262077,0.9101235821906215,0.9051836137859205,0.45370173841480554,0.3869570570639156,0.901635155850792,0.8970650786899191,0.90155795240541,0.8945319112916881,0.2033017985544815
0.9118719127916881,0.9095286632746001,0.9024925563589961,0.9025528471400052,0.9071049477829138,0.9062637552634115,0.9043507702725581,0.9034670285687526,0.3859831322527651,0.38951063561461474,0.907170839720661,0.8977456401531262,0.903612395137819,0.9000338581344167,0.3946177927160131
0.9062680974280362,0.9061026267058624,0.900212675457252,0.9033607666599041,0.902944701249786,0.9040674079202861,0.900592517352294,0.9022944233119601,0.3975646919154175,0.39204829459355045,0.899250553568387,0.904976605699702,0.8996747132340353,0.8999492127983748,0.397123612551422
0.9044455799693409,0.9062315927315187,0.8996852403232666,0.9023681163809539,0.9029618216058892,0.9047432208711284,0.8989842559674962,0.9010330295698604,0.3215876654185298,0.32839152912433245,0.9064895247828312,0.9003828158230539,0.9060948467728128,0.8985102420856612,0.2010779981858965
0.9018054845852497,0.9023148448222048,0.9001446193109313,0.9017630629835879,0.9016949152542374,0.9023403701544553,0.8984425258168276,0.9004178213045725,0.32783559215092783,0.3666132723318302,0.8944813490035772,0.9005529561888558,0.8975346687211094,0.899187404773997,0.4430567587468257
0.9024357009027424,0.9031386423608886,0.9013185878349637,0.9021536824257522,0.9030303030303031,0.9043052105315498,0.8989842559674962,0.8993587348847255,0.31108144208187555,0.28425253095762676,0.9047862374382558,0.9029349213100808,0.9082348912857388,0.8972405620450314,0.1195310482092199
0.9040878896269803,0.907236356021209,0.9043981284559761,0.9058169027032307,0.9060948467728128,0.9091818449711558,0.9011850347045879,0.9032517405297753,0.27860067493752433,0.2669063396365035,0.9154317833418496,0.9131433432581878,0.918935113850368,0.9110377518198748,0.2322139569942571
0.9076477601771421,0.9105075394538713,0.9051297320289237,0.9067561429903006,0.9091251498031158,0.9110633061092873,0.9032503809040122,0.9055931416183493,0.24718761651373827,0.2579569999018329,0.917049906319196,0.9086346235644404,0.9148262283855502,0.910275943795497,0.2400583204324916
0.9076477601771421,0.9091682012301913,0.9068141216503613,0.9074390166369478,0.9101694915254237,0.9111477225343089,0.9048755713560184,0.9059408258607967,0.29154605228737296,0.31292805895257864,0.9064895247828312,0.9088047639302422,0.911316555384352,0.9066361943456916,0.42287017705407
0.9119230114120253,0.9113980025461254,0.9090089323692044,0.9088016810189888,0.9145694230439991,0.913943257127535,0.9072964279668192,0.9077244465165314,0.23501809789366107,0.26209103489447455,0.9158576051779936,0.9115270097830708,0.9195343263139872,0.9112916878280009,0.1604169867782665
0.9168284789644014,0.9173698600974624,0.913075287111867,0.9136233523537906,0.9185927067282998,0.9187459413207706,0.9121550702556289,0.9123275555073812,0.276252831897673,0.2832955960060762,0.9293135752001362,0.923266695023394,0.9283513097072418,0.9215337734890808,0.3257047182292794
0.9187872594106627,0.9199884685893602,0.9162909400255208,0.9188227708446792,0.9206471494607087,0.9222330700513178,0.9149483663450144,0.9165531144271881,0.3107801378990289,0.32381389300439634,0.9252256855731562,0.9292216078264568,0.9292073275124122,0.9250042322668022,0.4048504870010366
0.920950434338273,0.9226142393786559,0.9192003402807314,0.9202757221766172,0.9231467214518062,0.923930076147891,0.9170306416116473,0.9179311829943458,0.3179858201805329,0.3079048392829347,0.9278657809572476,0.9231816248404932,0.9273240883410374,0.9206873201286612,0.2760867318400115
0.9263157894736842,0.9261815930723998,0.9235729476818374,0.9237397484296688,0.9280602636534839,0.9279148062295076,0.9208566108007451,0.9205428020932906,0.25898681534898177,0.247894943820728,0.9333163004598876,0.930667800935772,0.9358842663927408,0.92576604029118,0.1278751528963146
0.9285811616419691,0.9265158840547391,0.9262101233517651,0.9240641283306824,0.9305427152884779,0.9292587323159909,0.9230066023362115,0.9210424165639713,0.25021922710970296,0.20412297774110946,0.9271844660194176,0.9247128881327096,0.9319465844889572,0.9220416455053329,0.1165790455818724
0.9268949071708399,0.9246380236513226,0.9259719268396427,0.9234013230413822,0.9294470124978599,0.9271300867953779,0.9223971559167092,0.9201904581731708,0.22743251313168922,0.2066723679404765,0.92088230284449,0.9220757124627816,0.9228727957541518,0.9184865413915696,0.2117711483392105
0.9256174416624086,0.9227048017778818,0.9236580178647383,0.9214849030115665,0.9280431432973805,0.9254827183669238,0.9199762993059084,0.9177602885197134,0.19403479950412308,0.21706888491471962,0.918838358031,0.9176520629519352,0.9221879815100154,0.9128999492127984,0.2378619188632059
0.9241526145460739,0.9219837496437795,0.9236410038281582,0.9220221202269085,0.9274096901215545,0.9250407530652515,0.919620788894532,0.9181434483704022,0.18023522213404433,0.21374220493968568,0.9205416453755748,0.9230965546575924,0.924156822461907,0.9189097680717796,0.2070888449896178
0.9213081246806338,0.9210204501400817,0.9206125053168863,0.9198565162777433,0.924567711008389,0.9239186256524721,0.9168613509395633,0.9160852490857136,0.19729857017736624,0.21355876766409845,0.9190938511326864,0.9155253083794128,0.9216743708269132,0.9119688505163368,0.213191893112924
0.9198092318174078,0.9205769673278169,0.9191152700978306,0.9189799148643057,0.9226502311248075,0.9233988121253313,0.9150668698154734,0.9150799126854365,0.19309384120885892,0.174224312022511,0.9196900017032874,0.9172267120374306,0.9223591850710496,0.9130692398848824,0.0955554007393361
0.9170499063191961,0.916079870003022,0.9143343258188004,0.9120436069320808,0.9190549563430919,0.9172313486987456,0.9112409006263757,0.9098388402723181,0.21675695879018658,0.2261784534302902,0.9070856753534322,0.8981709910676307,0.9048964218455742,0.899356695446081,0.3300867362458486
0.9128768523249873,0.910044276022,0.907545725223309,0.9025987579462135,0.9115904810820064,0.9064427675340264,0.9072117826307773,0.9041440132598142,0.2932352961153919,0.35753683744993764,0.8979730880599559,0.8837090599744787,0.884865605204588,0.8927543592348064,0.6202536054892324
0.9043263498552208,0.8992925616902472,0.8989196086771585,0.8950544959397555,0.9029104605375793,0.8978807516026078,0.8987133908921621,0.894901945299444,0.3456551011607729,0.39475384837213273,0.8777891330267418,0.8799659719268395,0.8807567197397705,0.8764178093787034,0.469187870216523
0.8992846193152786,0.8974901072711567,0.8960952786048487,0.8971708832991251,0.8975175483650059,0.8968237710564209,0.8955984425258169,0.8953993330944998,0.4157844345080581,0.4511154188645384,0.8938851984329756,0.9014036580178644,0.8947098099640471,0.8963941086846117,0.5638385598493497
0.895571452904105,0.8987014613965777,0.8918247554232239,0.8967386209091855,0.892895052217086,0.8976314154814306,0.8916370407990521,0.8946869658133526,0.43375564199563127,0.362547425302093,0.9011241696474196,0.8958740961293065,0.89924670433145,0.8932622312510583,0.1854114381772023
0.8942599216487823,0.8993103139566578,0.8933730327520202,0.8997965398433276,0.8929292929292927,0.9001101521231565,0.8925512104283057,0.8977671584063511,0.4121350704814607,0.3156929097597273,0.9005280190768183,0.905912377711612,0.9050676254066083,0.9039275435923482,0.2219838786749959
0.895367058422756,0.9007097999477134,0.8934070608251806,0.8944907600089786,0.8940592364321176,0.8969118756550086,0.8928559336380568,0.8966040973654215,0.4377328829099233,0.4598761623836665,0.9035087719298244,0.8838792003402806,0.8905153227187126,0.8942779752835621,0.748242667631545
0.8972577073752342,0.8962206592281866,0.8947001276052742,0.8918042752817549,0.8960965588084232,0.894922360977105,0.8947350600981888,0.8930072121367356,0.3975621952744094,0.39602891893542885,0.887242377789133,0.8864313058273076,0.8909433316212976,0.8858134416793637,0.2683344320389534
0.8675864418327371,0.8459900630589546,0.8632071458953636,0.8425157666772737,0.866221537407978,0.8450598083053439,0.8648552564753684,0.8443365049479935,0.4485141681623567,0.5368854207199812,0.7455288707204908,0.7439387494683113,0.7453347029618216,0.7469950905705096,0.818598424289086
0.8396695622551524,0.8178399659591351,0.8348107188430454,0.8129744980740877,0.8371169320321862,0.8146144313543928,0.8368037921110549,0.8138926397751591,0.5349650442722375,0.563812220055523,0.7615397717594958,0.7538919608677158,0.7537236774524909,0.7530049094294906,0.6176658187266066
0.8155339805825242,0.8051766808773159,0.8085410463632497,0.8001710038202695,0.8113336757404553,0.8017934022189133,0.8104283054003727,0.7999451298630852,0.622407435657798,0.5956067585712814,0.7798501107136775,0.7745640153126329,0.7761513439479542,0.772050110038937,0.6591958356027984
0.7892181911088401,0.7940943954386785,0.7849425776265418,0.7887429547657603,0.7861153912001368,0.7893369014849823,0.7842390384289828,0.7877406333842609,0.5869359679504725,0.5873662820791603,0.7719298245614037,0.7658868566567417,0.7644239000171202,0.7633316404266126,0.5708853290949181
0.7676375404530746,0.7891759717958874,0.7633687792428754,0.7853494078134985,0.7635507618558466,0.7855979959566035,0.7619603859827324,0.7833004820722115,0.6082091024961087,0.5164775563084848,0.779339124510305,0.7785623139089749,0.7781201848998458,0.7744201794481127,0.374700104767134
0.7776528700391757,0.7913191540809237,0.7758400680561464,0.792331336387221,0.7741140215716487,0.7897823311513464,0.7734213644828172,0.7903003157384519,0.5976212702064998,0.5995381251526704,0.7956055186509965,0.8062951935346659,0.798151001540832,0.804299983070933,0.7656592628410416
0.7883835803099984,0.7992772104251523,0.7850957039557633,0.7949442710467478,0.783427495291902,0.793285236118817,0.7859658032842393,0.7987759116378349,0.6310780220508475,0.6613419427512285,0.8151933231136095,0.8001701403658016,0.8002910460537578,0.8157271034366007,0.7849495779483449
0.7950945324476241,0.8039864307507033,0.792581880051042,0.8006278126275072,0.7907378873480567,0.7997579254887873,0.7933976637887253,0.8022537452790126,0.5799992803799447,0.5754953375835806,0.8134048714018056,0.8119948957890258,0.8127033042287279,0.809209412561368,0.4038021272482849
0.803696133537728,0.80763689717111,0.8026031475967672,0.8057496065467941,0.8004964903269988,0.8042442552964683,0.8028610123582192,0.8050519579440357,0.5491651673052378,0.5225684796295147,0.8149378300119232,0.8159931943853679,0.8132169149118302,0.8106483832740818,0.4167147637213829
0.8079543518991656,0.805301336886571,0.8072649936197361,0.804456919039136,0.8036637562061291,0.8008150082961446,0.8079397325207383,0.8033058987162599,0.5818546242656251,0.5277614496093667,0.800630216317493,0.8018715440238197,0.7939565142954974,0.7998137802607079,0.5381473895690706
0.8113609265883156,0.8077470219566297,0.8077584006805614,0.8058920223056879,0.8068310220852594,0.8052057825095909,0.8085999661418658,0.8047376495363633,0.5140636063355204,0.49407569080308383,0.8126383920967468,0.8087622288387918,0.8139873309364833,0.8076011511765702,0.4267041731905181
0.8103389541815705,0.8085258349977146,0.8097660569970225,0.8073308221864943,0.8091593905153227,0.8074481510744187,0.8073810733028612,0.806369312771435,0.44391413464127966,0.47411786702776954,0.8100834610798842,0.810208421948107,0.8119328882040746,0.809632639241578,0.434202219477141
0.8107477431442686,0.8108334954035751,0.8095108464483198,0.8084601624728337,0.8093990755007704,0.8095993437682679,0.8070594210259017,0.8067799255731467,0.4138582576125982,0.4005861587201389,0.8154488162152957,0.8107188430455124,0.8139017291559665,0.8076011511765702,0.2535227421048777
0.8075285300630218,0.8068362518042798,0.8054444917056571,0.8041939152059072,0.8056668378702276,0.8045848047652174,0.8033519553072628,0.8018903019423935,0.4353665996061551,0.4418095970431483,0.7988417646056891,0.7956614206720544,0.7945557267591166,0.7921110546808872,0.5242564736891671
0.8095554420030661,0.8081457598754246,0.8077413866439812,0.8072479497090849,0.8094161958568737,0.8072909712530544,0.8054850177755206,0.8047532321622617,0.4099425148407869,0.43154871994284233,0.8107647760177144,0.8133560187154402,0.8127033042287279,0.8104790926019978,0.4110269657422303
0.8084142394822008,0.8077412997477565,0.8058528285835813,0.8046051126516541,0.8074815956171888,0.8062987574147223,0.8052987980362284,0.8053921722682107,0.3802036194318711,0.38036904534387456,0.8069323794924206,0.7993194385367927,0.8043143297380584,0.8066700524801085,0.2780096961459389
0.8024867995230798,0.798642953593264,0.801616333475117,0.7994120572363643,0.8003937681903783,0.7963637552998222,0.8002877941425428,0.7984539881031907,0.40761198306910257,0.44399404278368243,0.7804462612842789,0.7890259464057846,0.776493751070022,0.7845776197731507,0.5712440376632982
0.7958950774995743,0.7932587044280989,0.7952871118672904,0.7926322831597029,0.794453004622496,0.7923084739720666,0.7943626206196039,0.7916277532560857,0.3983072131446682,0.3649956593500235,0.7824902060977688,0.7790727350063801,0.7841979113165554,0.7779752835618758,0.2069988924827057
0.791756089252257,0.7882214107417668,0.7909145044661845,0.7863543166619769,0.7914911830166066,0.7881211888912675,0.7918571186727613,0.7876130171529483,0.3640361983573939,0.3609642394842809,0.7781468233691025,0.7737983836665246,0.7797466187296693,0.7795835449466735,0.3529013997527958
0.7829160279339126,0.7810024303031753,0.7775925138239046,0.7731515662759981,0.7790618044855332,0.7755995964519652,0.7819874724902658,0.7787856319984726,0.43655600121821403,0.49851815300496427,0.7665644694259923,0.7467460655040407,0.7505564115733605,0.7611308616895209,0.773625980046331
0.7690342360756262,0.7665094269357796,0.7661590812420245,0.7628184693931296,0.7662044170518745,0.7637421951578985,0.7686473675300491,0.7658469305586566,0.47782248478563505,0.49379280666432407,0.7375234202009882,0.7421522756273925,0.7400273925697654,0.7399695276790248,0.4843421139830437
0.7604326349855222,0.7568190365684394,0.7516461080391321,0.7473660063925273,0.7555213148433486,0.7501875434477299,0.7580328423903844,0.7543996183973798,0.5300847444403385,0.6067136497551546,0.7374382558337591,0.7164610803913226,0.7230782400273927,0.7315049940748264,0.8325553359368159
0.7475217169136434,0.7438578962917513,0.7460144619310929,0.7485488390837464,0.7430063345317581,0.7406660322180209,0.7518537328593194,0.7519596575671037,0.6665610459016629,0.7009358997665456,0.7179356157383752,0.7509145044661846,0.7216230097586029,0.7470797359065515,0.8893803997893275
0.7376767160619997,0.7388792038981288,0.7376265418970649,0.7429854872212923,0.7324088341037494,0.7360303936752223,0.7425258168274927,0.7456210933072492,0.7091870606439609,0.6559677576657923,0.7289218191108839,0.7318587834963844,0.726759116589625,0.7329439647875404,0.5660314734642858
0.7341338783852837,0.7422028962795565,0.7375925138239046,0.7441822998602746,0.7305084745762711,0.7377051337621382,0.738902996444896,0.744752982130345,0.6284811666069127,0.5606773417308913,0.7488502810424118,0.746575925138239,0.7410546139359699,0.7430167597765365,0.3700965098610894
0.7357179356157384,0.743283166304125,0.7370310506167587,0.7425698531040706,0.7316041773668893,0.740305391349044,0.7389537836465212,0.7432431426492802,0.5620532320578252,0.4245190415664632,0.745443706353262,0.7393449595916629,0.7455059065228555,0.7402234636871508,0.1522024412376069
0.7365866121614717,0.742782657056892,0.741148447469162,0.7407292569538267,0.7346516007532957,0.7396420465525043,0.742491958693076,0.7452273848687204,0.48972101688922576,0.4399774477422483,0.7417816385624256,0.7370480646533389,0.7383153569594247,0.7491958693076013,0.4708942600938186
0.7420541645375576,0.7436128972441961,0.7406550404083369,0.7433019943565707,0.7394281801061462,0.7415966665426215,0.7417978669375318,0.7446880156220903,0.37204878216238124,0.3936580405465338,0.7452733776188045,0.7484474691620587,0.7455059065228555,0.7436092771288303,0.3010192261551049
0.7497189575881451,0.7514905262840714,0.747154402381965,0.7503198606925556,0.7476630713918849,0.7503756353678539,0.7476553241916372,0.7505357607674158,0.31764001704324646,0.36043457632055986,0.7672457843638221,0.7643555933645255,0.7679335730183188,0.7622312510580669,0.2939876478686121
0.7517629024016352,0.7540170192260017,0.7459804338579327,0.7471152679677294,0.7489813388118473,0.7494657405904963,0.7497037413238531,0.7514434556574828,0.3132037888730218,0.3562615072170286,0.7590700051098622,0.7407060825180772,0.7476459510357814,0.7532588454376166,0.3479153690099661
0.7528870720490548,0.7530328643474543,0.7506592939174819,0.7523232652749559,0.7503338469440164,0.7503999761215647,0.7538852209243272,0.7546725910014955,0.34673632111502933,0.3441293722939005,0.7510645545903596,0.7627392598894086,0.7522684471837016,0.7611308616895209,0.3198651024476444
0.7554931016862546,0.7536258384811111,0.7536197362824328,0.7521656023426687,0.7528505392912173,0.7505662569795195,0.753665143050618,0.7524802206473488,0.28277704132987264,0.2797855352519454,0.7548117867484245,0.7518502764780942,0.7508988186954288,0.7480954799390553,0.1510978611680351
0.7578436382217681,0.7547592457528648,0.7547937048064651,0.7528828388225192,0.755196028077384,0.7527886214709095,0.756136786863044,0.7536426458285526,0.27065822655144683,0.26666540758895546,0.7570260602963721,0.7543173117822203,0.7572333504536892,0.7559674961909599,0.2404251522629756
0.755663430420712,0.7552877456214239,0.7545044661846022,0.7562250259667497,0.753004622496148,0.7541845960179857,0.7570001692906722,0.7579444849511043,0.28200261449715003,0.2946801342583463,0.7563447453585419,0.7629094002552105,0.7569765451121382,0.7665481631962081,0.350709587597128
0.7529381706693921,0.7520063991987032,0.7534155678434707,0.7492372142486398,0.751789077212806,0.7499791388850144,0.7545793126798714,0.7523478440952739,0.2936522443425841,0.33184126225127636,0.745443706353262,0.7352615908124202,0.741568224619072,0.7411545623836129,0.4061635182371365
0.7504343382728667,0.7475193970017132,0.7490429604423647,0.746450217127053,0.7493237459339154,0.7466333561864258,0.7500084645336043,0.747657436382911,0.2658120168839021,0.2814488298855957,0.7385453926077332,0.7408762228838791,0.7399417907892485,0.7382766209581852,0.1806639651542345
0.7454948049735992,0.741717638085171,0.7456741811994896,0.7426356048392745,0.7458654340010271,0.7422913238012798,0.7467411545623837,0.7423579342829248,0.2814379330455955,0.26404170058256465,0.7301141202520867,0.7350063802637173,0.7336072590309879,0.7317589300829523,0.2292274419765025
0.7412025208652702,0.7396666386416895,0.7435133985538067,0.7429282027441185,0.7421331963704845,0.7410516033011785,0.7441340782122906,0.7425493276687813,0.2732293262061577,0.24248850641030514,0.7355646397547266,0.7435133985538068,0.738572162300976,0.7429321144404946,0.1993821180657861
0.7376596831885541,0.7393212780861136,0.738766482347937,0.7416770749046995,0.7384351994521486,0.7401965890409384,0.7383443372270189,0.7408993712024706,0.24859845733286418,0.23751075201709035,0.7386305569749618,0.7391748192258613,0.7384865605204587,0.7375994582698493,0.2275552432306608
0.7374723215806508,0.7410498181619909,0.7407230965546574,0.7427996038851407,0.7396336243793871,0.7426511757790472,0.7383104790926021,0.74092800470549,0.1863922142250161,0.1900512689106922,0.7445068983137457,0.7450446618460228,0.7475603492552645,0.7409852717115288,0.0951323026978959
0.7384772611139501,0.7418899088660703,0.7404338579327944,0.7416764125149484,0.7405410032528676,0.7432603455715819,0.7379380396140174,0.7394234776587473,0.16738719542586006,0.15524713632661288,0.7435700902742293,0.7394300297745641,0.7444786851566514,0.7364144235652617,0.0856388711584542
0.7391756089252258,0.7391285590135354,0.7385282858358144,0.736277114936238,0.7393083376134223,0.7379882073256416,0.7370069409175556,0.735316797306046,0.16903567608212416,0.1826547059703496,0.7336058593084653,0.7254785197788173,0.7274439308337612,0.7271034366006435,0.2374698452578231
0.7385453926077331,0.7368902253981112,0.732301148447469,0.7283106471615186,0.7351138503680876,0.7311920469085286,0.7341628576265449,0.733115097532511,0.2282922938788788,0.28699153966341956,0.7324135581672631,0.7123777116120799,0.7175997260743023,0.7287116979854411,0.4956652070495596
0.7246636007494465,0.7143340161599173,0.7175159506592937,0.7072900415360074,0.7208012326656394,0.709769188608425,0.7195530726256985,0.7102602427768797,0.31490111006900834,0.41152746783604915,0.6692215976835292,0.6652488302849849,0.6669234720082178,0.6645505332656172,0.6605993241813083
0.7081587463805145,0.69688355292964,0.6996512122501063,0.6901003509573665,0.7027050162643383,0.6922058814885362,0.7027932960893856,0.6925689581945745,0.39266458417434347,0.4356682029655567,0.6619826264690853,0.6557209698000851,0.6570792672487589,0.6571863890299645,0.4839496732245716
0.6907170839720662,0.6833762946970893,0.6821267545725223,0.6773361477671256,0.6844889573703133,0.6792700512211995,0.6855933638056545,0.6785175595119183,0.4413047042040315,0.4000586257460026,0.6563617782319879,0.6518077413866438,0.6533983906865262,0.6504147621466059,0.3288394713068943
0.6689490717083973,0.6638394624614332,0.6634113143343258,0.662191204707362,0.6636877247046739,0.6606592899826543,0.6669544608092095,0.6636480135474184,0.5199409195606133,0.4769227245109125,0.6247657979901211,0.6319013185878347,0.623437767505564,0.6339089216184188,0.6306509220407324
0.6498041219553741,0.6547892447750042,0.6454785197788174,0.6490320494164208,0.6455401472350625,0.6493934728971847,0.647181310309802,0.6523806575277468,0.4974043286247786,0.44560923379740375,0.6366888094021463,0.6227137388345384,0.6268618387262455,0.6298459454884036,0.3829822523703862
0.6421904275251237,0.646910538360762,0.6381454700127605,0.6422158934291805,0.638828967642527,0.6440515066133032,0.6407482647706112,0.6457155402083855,0.40699337600753704,0.3665876762299692,0.6311531255322773,0.6285835814547,0.6333675740455402,0.6323853055696631,0.2085445610951001
0.6315789473684212,0.6342487674690324,0.6282092726499361,0.6301572566147748,0.6275808936825886,0.6296473035585578,0.6297105129507364,0.6311429034491206,0.39636616654908596,0.3879963261307516,0.6089252256855733,0.6060399829859634,0.6008388974490669,0.6019976299305909,0.4308136259323164
0.6238119570771591,0.628674787237914,0.6214717141641853,0.6261448207291466,0.6208183530217429,0.6262934314998044,0.6225325884543762,0.6256036488543486,0.38977497921454585,0.3572920622985656,0.6175268267756773,0.6181199489578902,0.6195856873822976,0.6145251396648046,0.2958835346341935
0.6253449156872766,0.6299267218388456,0.6206039982985962,0.6266174602393941,0.6219654168806712,0.6272533165999381,0.6217877094972067,0.627130608180423,0.3186806298658112,0.32992109996473,0.6324305910407086,0.6275627392598894,0.6291730868002054,0.6301845268325716,0.2751791752970589
0.6250212910918073,0.6316413767008303,0.6221352615908124,0.6278683252581357,0.6233521657250471,0.6294340720493339,0.6232774674115457,0.6305186504736481,0.35667587119461897,0.41093355298129514,0.6350706864247999,0.6303700552956187,0.6337955829481254,0.6372947350600981,0.5729584590144252
0.6311020269119402,0.641613186011534,0.6280901743938749,0.6380315986620947,0.6283684300633453,0.639105679945233,0.6276620958185204,0.6384485828506111,0.3982651741159276,0.4127860605547445,0.6615568046329416,0.6583581454700126,0.6584488957370314,0.6543084476045371,0.4164910757016433
0.6403679100664282,0.6461603378270274,0.6383666524883027,0.6444951902607641,0.6396336243793871,0.6451254096399139,0.6380226849500594,0.6435659137631692,0.35228313230783814,0.3421585126671194,0.655254641458014,0.6574223734581027,0.6571648690292757,0.6538005755882852,0.2009034168918691
0.6488162152955204,0.6506963428583975,0.6463122075712462,0.6489460349647119,0.6480397192261599,0.6506223269653298,0.646030133739631,0.6472314037130005,0.31079805496979346,0.25759172442606965,0.6597683529211378,0.6578477243726074,0.6616161616161615,0.6545623836126631,0.0884581479439702
0.6554931016862546,0.6557359029037247,0.6535772011909824,0.6539265924293315,0.655367231638418,0.6556851009307186,0.6522938886067379,0.6519887028647022,0.28671685098669647,0.22331886807790438,0.6658150229943793,0.6638877073585706,0.6658106488614963,0.6615033011681057,0.1547731553815739
0.6621188894566514,0.6598904770280779,0.6576095278604848,0.652794957833931,0.6590309878445472,0.6544948552800693,0.6579651261215508,0.6565427761211892,0.25177937073264856,0.28163626463333147,0.6681996252767843,0.6505316886431304,0.6521143639787708,0.6656509226341629,0.3982710577441857
0.6618633963549652,0.6600200977268887,0.6572182050191407,0.6539971489770514,0.6595617188837528,0.6566974204977327,0.6582359911968851,0.6562494417411957,0.20469478655463366,0.24811356135941054,0.6602793391245103,0.6564015312632921,0.6611025509330595,0.6556627729812088,0.1810681548115687
0.664196900017033,0.6623207850740435,0.6588855806039982,0.657917849778831,0.6618387262455059,0.6606482489445024,0.6601320467242255,0.6585932455691262,0.1972044963770252,0.21989302957421597,0.666922159768353,0.6657592513823903,0.6685499058380415,0.6632808532249874,0.1634519660038268
0.6703287344575031,0.6716896984238584,0.6668141216503614,0.6711087097206953,0.6682588597842836,0.6716711090663514,0.6687150837988828,0.6715546867080672,0.2588711345893274,0.2788591327179711,0.6904275251234884,0.6974904296044236,0.6937168293100497,0.6974775689859489,0.3967913390054813
0.6770396865951287,0.6809163935100747,0.6750148872820076,0.6823696516527306,0.6751412429378532,0.6811882609206824,0.6770611139326224,0.6821142750843127,0.28863444567869084,0.2871026587547777,0.6993697836825072,0.7048915355168014,0.7002225646293443,0.7032334518368037,0.3035897108283909
0.6840742633282235,0.6884017653208027,0.6820927264993619,0.6835533960117877,0.6822290703646636,0.6833100076513959,0.6833248687997291,0.6870660823794408,0.28029717003905963,0.31026333235186176,0.7033725089422584,0.685920884729902,0.6875535011128231,0.696969696969697,0.3565846795460299
0.6901890648952479,0.6892189592004124,0.6900212675457251,0.6877170095062278,0.6888375278205787,0.6869216178384755,0.6906890130353818,0.6888718863061177,0.26699816919111957,0.24503327175853062,0.6908533469596323,0.6960442364951082,0.6941448382126347,0.692483494159472,0.1145731505718684
0.6956736501447796,0.6909276681389454,0.6962654189706508,0.6908046758398246,0.6924841636706043,0.6868754402550402,0.6966988318943627,0.6903579067107092,0.27050157150701115,0.2236785070334486,0.6943450860160112,0.6969800085070182,0.6867830850881698,0.6933299475198917,0.1809689775832845
0.6970362800204395,0.6930320035932264,0.6956358996171841,0.6919840615055799,0.6936141071734292,0.6910391424447514,0.6955476553241917,0.6908124998521709,0.20354710271236187,0.1697920030330441,0.6972406745017885,0.6943428328370905,0.6993665468241739,0.6917216861350941,0.0620189950322351
0.6957588145120083,0.6930154877756012,0.6929306678009357,0.6917778331489064,0.6916795069337442,0.6908759494401407,0.692449636025055,0.6897894516818207,0.16377150851639138,0.14809858197154216,0.692982456140351,0.6913653764355593,0.6905495634309193,0.6877433553411207,0.1047117398485383
0.6933571793561576,0.6924651029047357,0.6937473415567842,0.6911866399356525,0.6904126005820921,0.6876569560782814,0.6916370407990521,0.6908285414011077,0.21921187284974505,0.30999455505196094,0.6913643331630048,0.690004253509145,0.6812189693545625,0.6929067208396817,0.6337865012127984
0.6935956395843982,0.6923252846367687,0.6902424500212675,0.6869643528962764,0.6881698339325457,0.6860816390404887,0.6899779922126291,0.688615111343191,0.27298752836028156,0.33448017940949093,0.6920456481008348,0.6785197788175242,0.6829310049649033,0.6841882512273574,0.3834514281245508
0.6912621359223302,0.6891093789930697,0.6861250531688642,0.6834405766791849,0.6873822975517891,0.6850028937551212,0.6870661926527848,0.6853337241356842,0.27588478846199394,0.2881385456369428,0.682677567705672,0.6763930242450019,0.6828454031843862,0.6787709497206704,0.1954552780918466
0.6879577584738547,0.6863125150818501,0.6814121650361546,0.6792198485106375,0.6824002739256977,0.6814874054013198,0.6834433722701879,0.6814250108311594,0.2799953243054061,0.2196162551743938,0.6807187872594107,0.670778392173543,0.6744564286937169,0.6736075842221094,0.0825716742492958
0.6817918582864931,0.6782593284557477,0.6743513398553805,0.6715003158509879,0.6761171032357474,0.6740361735946024,0.6770780429998308,0.6729222435505511,0.29404786097527985,0.2047356445155649,0.662152955203543,0.6560612505316884,0.6591337099811676,0.6559167089893347,0.1749744231979071
0.6753874978708909,0.6719537293321632,0.6678689919183325,0.6668643818419602,0.6722136620441705,0.6699247035286279,0.6697646859658033,0.6673948075902155,0.1957405743999939,0.1839071191224995,0.6593425310849941,0.6575925138239046,0.6617017633966786,0.6563399356695447,0.1422500683363687
0.6701754385964913,0.6699642701310543,0.6682943428328368,0.671458432357989,0.669542886492039,0.6698088447538338,0.6682410699170476,0.67045326205467,0.17823554119007906,0.22124683343999185,0.6659853517288368,0.6806465333900465,0.6695771272042459,0.6765701709835787,0.2959262620749766
0.6697836825072391,0.6735491091738398,0.6691450446618459,0.6745211327020081,0.6695086457798322,0.6740972963770065,0.6682749280514645,0.6732822548340316,0.1757443799417659,0.20849771291008815,0.6807187872594107,0.6806465333900465,0.6826741996233521,0.6789402403927545,0.1829994718502808
0.6749957417816387,0.6846257673263628,0.6749808592088471,0.6829999101041886,0.6755692518404383,0.6843180172502533,0.6734721516844423,0.6820527373516873,0.20705318524580632,0.21870370886322468,0.7067790836314087,0.6999574649085495,0.704759458996747,0.6995937023869987,0.2391157007694978
0.6820814171350708,0.6889442888744765,0.6813951509995746,0.6847108432312341,0.6821263482280431,0.6868517421398995,0.680413069239885,0.6849089238233077,0.21916071006673196,0.2243064883429949,0.6975813319707036,0.6881327094853252,0.6919191919191918,0.6906212967665484,0.2355120473025354
0.6883154488162154,0.6894670890798901,0.689646958740961,0.6894244129977687,0.6884951206985105,0.6890830366762716,0.6879803622820384,0.687998082842309,0.2503634723797157,0.248958952195759,0.6905126894907172,0.6988515525308377,0.6935456257490156,0.6941764008803115,0.2982638799012872
0.6939022313064215,0.6909511474465492,0.6978647384091874,0.7001947525755718,0.6939907550077041,0.6917404573675858,0.6970712713729474,0.6993402940409141,0.3289901050406632,0.3956591099237441,0.6939192641798673,0.721735431731178,0.6970552987502141,0.7220247164381244,0.6890594253797143
0.7042071197411005,0.7047151747753012,0.7075967673330497,0.7098987277201672,0.7027050162643382,0.7032421402138981,0.7072287116979855,0.7094693433665911,0.4047210563581829,0.4509908160951224,0.7322432294328054,0.7293066780093577,0.7262455059065227,0.7297274420179449,0.5616542284378793
0.7089081928121276,0.713238266179049,0.712496809868141,0.7147517110081137,0.7073446327683616,0.7114806073148866,0.7119519214491283,0.7140494792919648,0.41117236754447467,0.39111796296373386,0.7302844489865443,0.7244576775840067,0.7279575415168635,0.723209751142712,0.2713722567009569
0.7149378300119232,0.7180686834425932,0.7205104210974052,0.7192347292159579,0.7152884780003423,0.7181998775696231,0.7195361435584899,0.7188804552990956,0.4154785868057297,0.3464263565120926,0.7277295179696817,0.7282007656316459,0.731638418079096,0.7285424073133571,0.2570431436088101
0.7218872423777893,0.7204657060684113,0.72573373032752,0.7211458523711092,0.7220338983050847,0.7212241608039912,0.726578635517183,0.7223832570906561,0.43400882158728005,0.36125592227774134,0.7252597513200478,0.7249680986814119,0.7272727272727271,0.7293888606737768,0.3909150538090389
0.7295520354283769,0.724391547189876,0.7276393024245001,0.7245183323194322,0.7293785310734463,0.7254089280666681,0.7284408329101068,0.7253674058613516,0.3286523150195537,0.2949295790321886,0.7322432294328054,0.7312632922160781,0.7337784625920221,0.7313357034027426,0.162276892541083
0.7295861011752686,0.727065550849005,0.7315865589111015,0.7326932083604097,0.7312788906009244,0.72885505322575,0.7317758591501609,0.7323791283136396,0.30275247328089294,0.3406713926029841,0.7324135581672631,0.7490429604423648,0.7357473035439137,0.7464025732182158,0.4321550197445752
0.7339294839039348,0.7353774881092953,0.737439387494683,0.7397027457409111,0.7356617017633966,0.7358605679269082,0.7370238699847639,0.7380693539810022,0.2987981335405546,0.31098111440174453,0.7520013626298758,0.7537218205019139,0.7498715973292245,0.7494498053157272,0.2516005579992653
0.742292624765798,0.7467667328325297,0.7447554232241598,0.7480621452536175,0.7433658620099297,0.7472934517218593,0.7445065176908754,0.7473647846019729,0.33043605487396654,0.34573165969311964,0.7695452222789985,0.76478094427903,0.7701592193117617,0.7659556458439143,0.4152327502758697
0.7516096065406235,0.7551260419530781,0.7526499361973626,0.7535216513515538,0.7521828454031845,0.755314849227573,0.7516675131200272,0.7533078023411607,0.35730711750128835,0.40557789544396244,0.7718446601941749,0.7644406635474265,0.7713576442390002,0.7651938378195362,0.525270366945648
0.7576733094873107,0.7576046093574657,0.7578562313908974,0.7547793569622864,0.7575757575757576,0.7571242406366778,0.7568985948874218,0.7547022389740125,0.37749371755169847,0.3581218945603528,0.7625617441662409,0.7572947681837515,0.7607430234548878,0.7574911122397159,0.2632098927931336
0.7611991142905808,0.7550839336328486,0.7573798383666525,0.7520732364152375,0.7608971066598185,0.755534176745858,0.7576942610462165,0.753261793986738,0.3413918755262911,0.32262986624608136,0.7500425821836145,0.7466609953211399,0.7523540489642184,0.7503809040121892,0.2516458096175384
0.7621870209504344,0.755702921064947,0.7590301999149297,0.7553733670245918,0.7624036979969183,0.7561576358354798,0.7597088200440157,0.7553487294260665,0.3451816939672526,0.3052697942320785,0.7569408959291435,0.7619736282433004,0.7574045540147234,0.7595226003047233,0.2705496502040728
0.7582183614375747,0.7537025889481979,0.7554742662696723,0.7525826700339756,0.7576099982879644,0.7528353308126506,0.7551210428305402,0.7512380728762231,0.3133560656168659,0.28888139899603105,0.7497019247146997,0.7470012760527432,0.746190720766992,0.7430167597765365,0.2561046085239362
0.7530914665304038,0.7512051211849053,0.7478009357720118,0.7437464503756916,0.7492895052217086,0.745141946844341,0.7498561029287287,0.7471150946876417,0.29016594218183295,0.3290275159208485,0.7462101856583205,0.7260740110591236,0.7297551789077215,0.7388691383104791,0.4093197497704834
0.7484925907000511,0.7473258691280962,0.744874521480221,0.7433851991587271,0.7457113507960966,0.7443787150051699,0.7462163534789233,0.7445075181219908,0.29482406850048626,0.31485185207603233,0.7395673650144778,0.7426626967247979,0.7428522513268276,0.7392923649906891,0.2865005243863999
0.7476068812808723,0.7467552577813038,0.7436665248830283,0.7424638035508768,0.7443930833761343,0.7448400472915822,0.7438632131369562,0.7425434128487782,0.2709415218752565,0.2539789268811514,0.7456140350877194,0.7406210123351763,0.7457627118644066,0.7386152023023531,0.1322330764913896
0.7414069153466191,0.7398171939401618,0.7357039557635048,0.7356961299158121,0.7376819037835987,0.7378429168784034,0.7357541899441341,0.7346881033460564,0.2739830272469816,0.264571676941667,0.7259410662578778,0.7221607826456827,0.7238486560520461,0.7189774843406129,0.2857571770626982
0.7362459546925567,0.7345105031082371,0.7306678009357719,0.7310709205819012,0.7334702961821606,0.7336061721722027,0.7306246825799898,0.7289151432159761,0.24886328485627524,0.21988308348457952,0.7238971214443879,0.721820501914079,0.7251326827598013,0.7173692229558153,0.1305058965704046
0.7267416113098281,0.7225698249870506,0.722960442364951,0.7165596864562738,0.7262968669748331,0.7203667924051631,0.7211951921449129,0.7165173241890154,0.2654815423880996,0.31072573479958804,0.6986884687446773,0.6875372182050191,0.6938880328710837,0.6917216861350941,0.4924110374296052
0.7160790325327884,0.7104647070344603,0.7121905572096978,0.7073108812870266,0.7141071734292073,0.7075457894696751,0.7102928728627054,0.7059384723192274,0.2986232585240557,0.3578868582217855,0.6862544711292795,0.6888132709485323,0.6819037835986987,0.6847807685796512,0.4522091050661803
0.7047521716913645,0.7033030483165067,0.6994980859208846,0.6972601394883878,0.7015579524054101,0.6993693952282568,0.6996275605214153,0.6990551950781194,0.3435996588413494,0.35762959817380974,0.6889797308805996,0.6771586558911101,0.6830166067454204,0.6852886405959033,0.3571150780778581
0.6962187020950436,0.6966266049697621,0.6905827307528709,0.6907014285941301,0.6929977743537066,0.6932621854166806,0.6911460978500086,0.6915601870466058,0.3408451753972918,0.32908131873000995,0.6832737182762734,0.6775840068056146,0.6810477657935285,0.6765701709835787,0.2719847598424105
0.6969340827797651,0.7069090782691733,0.690667800935772,0.7012162366722813,0.692929292929293,0.7037715488236982,0.692788217369223,0.7029000648816998,0.4262231383915648,0.4051861163339298,0.7274740248679954,0.7222458528285834,0.7247902756377331,0.7255798205518877,0.5573957115417695
0.7003065917220237,0.709789723331439,0.6911612079965971,0.6974789089512359,0.6934257832562918,0.7013045273844914,0.6963941086846115,0.705183757491812,0.485757048559117,0.5334842736450752,0.7155510134559702,0.690004253509145,0.6963704845060779,0.7097511427120367,0.790080588267366
0.7009197751660707,0.7029666116707975,0.6907018290089322,0.6938247313042267,0.6953432631398733,0.6980334125951965,0.6972067039106146,0.6997370865644301,0.44318845656000694,0.43544489745359355,0.6893203883495147,0.6865163760102083,0.6914911830166066,0.6888437447096665,0.2393661450706301
0.6990802248339296,0.6952384008538299,0.6927605274351339,0.6917005368768572,0.6953432631398733,0.6930278106452711,0.6975283561875741,0.6954570250365203,0.41897862967085286,0.36898524617975825,0.6797819792198945,0.6874521480221182,0.6830166067454204,0.686896901980701,0.2360659436320876
0.7003406574689152,0.6933508943862869,0.6966567418119948,0.6934887174812111,0.6977572333504536,0.6930577460456574,0.7012866091078382,0.69542516188598,0.4133392408265425,0.3272527693267917,0.689575881451201,0.697065078689919,0.6931176168464304,0.6953614355848994,0.2437878156208586
0.6945665133708058,0.6951016977166743,0.689919183326244,0.6918451651207507,0.6910802944701249,0.6925070244424681,0.6948704926358558,0.694783187321312,0.3687326095644482,0.3296226979616272,0.6986033043774487,0.6885580603998297,0.6914055812360895,0.6934992381919758,0.3343625552312982
0.6916027933912452,0.696978602997172,0.691637601020842,0.6940955574078789,0.6926896079438452,0.6964770335865383,0.6926189266971391,0.6960198958870256,0.258877422085984,0.30001668226609984,0.7007324135581674,0.6985963419821352,0.7044170518746791,0.698493313018453,0.2408046508750451
0.6923352069494125,0.6956465540448983,0.6927094853253933,0.6933556374495741,0.6933230611196712,0.6958708386896045,0.6938039614017268,0.6956029033355522,0.27319340945518344,0.3036598154829423,0.692982456140351,0.6918757975329647,0.694658448895737,0.6947689182326053,0.3109460819166272
0.6903764265031512,0.6870937283594616,0.6874861760952784,0.6826822922568972,0.6889916110255093,0.6843670112179399,0.6888098865752499,0.6843774448398067,0.35911336384008363,0.4243284488408244,0.669988076988588,0.6613356018715438,0.6613593562746105,0.6619265278483157,0.6656657155565885
0.6866632600919776,0.6817325020380854,0.6845427477669076,0.6825708405206198,0.6852593733949666,0.6810634837098656,0.6864398171660743,0.6840886594062118,0.40021192076322326,0.4326458326394018,0.671010049395333,0.6823479370480646,0.6744564286937169,0.6835110885390216,0.4492806002365567
0.6835292113779596,0.6821326882945097,0.6835048915355167,0.6828368200947049,0.6833761342235919,0.6813721175996491,0.6842390384289827,0.6835575544396472,0.4197987578843832,0.4325294687053005,0.6829330608073583,0.6833687792428752,0.6819893853792158,0.6824953445065178,0.432296740837098
0.6804462612842788,0.6831943465595942,0.6793534666099531,0.6811709525145756,0.6785139530902243,0.6809501271357131,0.6801252750973423,0.6816798684131816,0.4149431490977489,0.3605285147841582,0.6853176630897633,0.6778392173543172,0.680106146207841,0.6779244963602507,0.2165266069418736
0.6792539601430762,0.6844698811845089,0.6784347086346234,0.6832079708951558,0.6775209724362268,0.6838645999657252,0.6787540206534621,0.6837574609465227,0.3943188291341117,0.3096271705555859,0.6870209504343383,0.6872820076563163,0.6896935456257491,0.6879126460132048,0.2078244820984414
0.6835803099982968,0.6868531962112363,0.6832156529136537,0.6838854216856688,0.6833418935113851,0.686064387193951,0.6841543930929406,0.6854811039795846,0.30515594919262123,0.27970188565343596,0.6916198262646911,0.6852403232666949,0.6904639616504022,0.6889283900457084,0.219851315849136
0.6850110713677399,0.6839567495550071,0.6815993194385367,0.6806790376812724,0.682708440335559,0.6811393124008296,0.6825969189097681,0.682228641860776,0.29332242154351534,0.31650557776596633,0.6781638562425483,0.6742662696724796,0.6712891628145865,0.675723717623159,0.3901129619910271
0.6825753704649975,0.6795560184678869,0.6766482347937046,0.67332381046042,0.6790789248416367,0.6753734775704213,0.6794481124090063,0.6770695319080868,0.28320390269047957,0.33823843403461723,0.6707545562936468,0.6586133560187152,0.6638418079096045,0.6667513120027087,0.3817041465719191
0.6746039856923864,0.6681909253874938,0.6699617184176944,0.6636847521317021,0.6719739770587227,0.6651094541447048,0.672100897240562,0.6651091614447344,0.3662433850486818,0.4360669622673732,0.6454607392267078,0.644406635474266,0.6445814072932716,0.6411884205180296,0.631724018732885
0.6688979730880601,0.6649575793958981,0.6617779668226285,0.6579109179814636,0.6645951035781543,0.6610060288374389,0.6651769087523278,0.6611703421538341,0.3605746973878343,0.3505383227763168,0.6584908874127067,0.6463632496809867,0.652799178222907,0.6532927035720333,0.179481043794204
0.6595128598194517,0.6582031395711484,0.655533815397703,0.6566138007016648,0.6560520458825543,0.6565869102824266,0.6582529202640935,0.658883043970735,0.3732576979611439,0.3281143214227724,0.644694259921649,0.654019566142067,0.647748673172402,0.6543084476045371,0.2832663187156837
0.6549310168625448,0.6572203068667702,0.651161207996597,0.6552102780234265,0.6518404382811162,0.654468315124083,0.6531742001015745,0.656032068250678,0.3532276152727608,0.3153970637982189,0.655254641458014,0.6524032326669501,0.650231124807396,0.6503301168105637,0.2899625485491119
0.6577755067279852,0.6664725397847963,0.6565206295193533,0.6652770065597832,0.6564800547851395,0.665325506892629,0.656610800744879,0.6653328172401958,0.3647019570544704,0.3566233276923015,0.6849770056208484,0.6854104636324968,0.687039890429721,0.6839343152192314,0.4390758554804667
0.6654402997785728,0.6722432613497462,0.6637515950659292,0.6703718254422374,0.6646122239342579,0.6719644222747071,0.6642627391230744,0.6700379156297993,0.2672179286728022,0.2858501774030491,0.6837847044796459,0.6805614632071456,0.6852422530388631,0.6794481124090064,0.1443038768245443
0.6709419179015501,0.6768285002423619,0.6708124202467034,0.6741370088231107,0.6714261256634139,0.6769325104727004,0.6695107499576773,0.6732028630015489,0.2422093694164047,0.2087128674394382,0.6859989780275932,0.6816673755848573,0.6868686868686869,0.6795327577450483,0.0544382475122165
0.6811105433486631,0.6830647958806457,0.6803572947681837,0.6833393187985632,0.681698339325458,0.6843249208093413,0.6787370915862537,0.6822819605835054,0.24655330447877213,0.24080390963546572,0.6955373871572135,0.7017439387494683,0.6991097414826228,0.7004401557474185,0.3049859940275207
0.6896780786918755,0.6880739699784559,0.6891195236069756,0.6876310048193455,0.6916966272898477,0.689624135416009,0.6875402065346201,0.6863032042398022,0.21510974481208103,0.20478418982886262,0.6980923181740761,0.69621437686091,0.7002225646293443,0.6943456915523956,0.1327447502156565
0.6937659683188555,0.6938547979042201,0.6933390046788599,0.6939232928768697,0.6961479198767334,0.6961815413987226,0.6920602674792621,0.6930470094740153,0.2009013791922229,0.2592008023463004,0.7054164537557486,0.7065078689919183,0.7092963533641499,0.7065346199424414,0.3680340273811759
0.6982967126554251,0.698049340656978,0.6994810718843045,0.6997061283293693,0.7010443417223078,0.7006958150213934,0.6981378026070765,0.698643268998703,0.23227768559175632,0.2731956711716041,0.7064384261624936,0.7112717992343683,0.7097243622667353,0.7098357880480786,0.3011854088222114
0.7038494293987397,0.7032870810193742,0.7055720969800084,0.7038449192407054,0.7067111795925355,0.7055315020875375,0.705078720162519,0.7038412945065559,0.26371553602790665,0.25267294734539214,0.7137625617441663,0.7121225010633773,0.7152028762198253,0.7142373455222617,0.2116274996929682
0.7071027082268779,0.7061259811122178,0.706303700552956,0.7043639316985391,0.7090224276664954,0.707242995342499,0.706399187404774,0.7049083603239351,0.2314327745446889,0.2163060271007388,0.711803781297905,0.7054019566142066,0.7106659818524224,0.7070424919586933,0.1435721866114321
0.710986203372509,0.7099205853755558,0.7078519778817524,0.7042278756339898,0.709809964047252,0.706215412406042,0.7100050787201626,0.7073972895924028,0.2662882144409021,0.24654466796606664,0.7175097939022315,0.7039557635048913,0.7041602465331278,0.7123751481293381,0.3070219496967223
0.7086526997104412,0.7045300353988404,0.7041769459804337,0.6988628202511017,0.7061975689094333,0.7012217341623798,0.7065515490096497,0.7013538501915608,0.24347976499999366,0.2490270387029223,0.6937489354454096,0.6881327094853252,0.6912343776750556,0.6892669713898767,0.2539917801766337
0.7041049225004259,0.6975865369700326,0.698205019140791,0.6930459351794527,0.7003595274781714,0.6943258744783952,0.7002031488065009,0.6936004958051522,0.25085065699291714,0.2786979820642245,0.6836995401124171,0.6814121650361548,0.6805341551104263,0.6780937870323347,0.3380398687868289
0.69863737012434,0.6938659579346007,0.691824755423224,0.6887710176114825,0.6946070878274268,0.6916974756409641,0.6935669544608094,0.6894191218013694,0.2233312387249582,0.2104754574938741,0.6864247998637372,0.6802211824755423,0.6864406779661016,0.681056373793804,0.0740304083531733
0.6927610287855562,0.6900513301577291,0.6863632496809867,0.6852121543753283,0.6884951206985105,0.6878336991632564,0.6872524123920773,0.6847693417392572,0.21972933841399786,0.18217120001479295,0.6824220746039857,0.67809442790302,0.680106146207841,0.675469781615033,0.1255626850566306
0.6864247998637372,0.6886437698695312,0.6822798809017439,0.6846544094531112,0.6852593733949666,0.6878829694473071,0.6807177924496361,0.6830802439652155,0.17060102410011244,0.14190759271896036,0.6858286492931358,0.6835389196086771,0.6879815100154083,0.6797020484171323,0.0613803781272952
0.6831885539090445,0.6849517484703366,0.6795916631220756,0.6813334798310687,0.682794042116076,0.6848912200584056,0.677941425427459,0.6805152080698074,0.17023086035534188,0.17865204896356715,0.6775677056719469,0.6746916205869841,0.6789077212806025,0.6753851362789911,0.2521409614527807
0.6791006642820644,0.6777211963060633,0.675048915355168,0.6737884619545845,0.6786337955829481,0.676505120853866,0.6733536482139835,0.6720617723681905,0.15971690844615496,0.21425806905600955,0.6632600919775167,0.6586984262016161,0.6597329224447868,0.6551549009649569,0.2854701092408944
0.6735990461590872,0.6714530339536591,0.6700467886005954,0.6675958242039496,0.6733607259030987,0.6710285237581957,0.6673438293550026,0.6650436080784269,0.15465777752321838,0.1590836306168365,0.6589167092488504,0.6552105487026797,0.6600753295668549,0.6510072794988997,0.0487347537384904
0.6681485266564471,0.6660251816660345,0.663054019566142,0.6594407437128841,0.6660503338469439,0.6618704111478195,0.6622820382596919,0.6600826807651112,0.17998226283424934,0.19011745761515284,0.6551694770907854,0.6431305827307529,0.6435541859270673,0.6501608261384799,0.2521851116117855
0.6610969170499065,0.6608736548641673,0.6556529136537643,0.6551382924908521,0.6582948125321006,0.6576482419122769,0.6553072625698324,0.6549978438326858,0.2021857816661738,0.1842109625057411,0.6505706012604326,0.6465333900467883,0.6492039034411916,0.6448281699678349,0.1723979722869176
0.6573156191449498,0.6601361752918329,0.6524372607401105,0.6562966470001398,0.654904982023626,0.6590850175209279,0.6520230235314035,0.6563198762507393,0.20190041192740873,0.20637867925681253,0.6586612161471641,0.6586133560187152,0.6619585687382297,0.6589639410868462,0.2507141127589554
0.6568046329415773,0.66032583718144,0.6525053168864311,0.657210666977833,0.6556753980482793,0.6605850125366364,0.6521245979346538,0.6561008418275625,0.1673581903317945,0.17517211992548268,0.6607051609606542,0.6590387069332196,0.6635850025680534,0.6556627729812088,0.112759001262823
0.6563788111054336,0.6591464248103373,0.6508549553381539,0.653793358305653,0.6537750385208012,0.6572478523342457,0.6521076688674455,0.6543747726059942,0.19464483354105028,0.17850406987857823,0.6567876000681316,0.646958740961293,0.6505735319294641,0.6509226341628576,0.1851679697847693
0.655459035939363,0.6562878169603691,0.6517056571671628,0.6516569361623678,0.655658277692176,0.6558220288174775,0.6513120027086508,0.6516440135188316,0.15760061968098443,0.1413240606895376,0.6505706012604326,0.6473840918757975,0.6529703817839412,0.6461824953445066,0.0669640423114563
0.6532447623914155,0.6506916224804777,0.6470608251807739,0.6422077008131933,0.6511556240369799,0.6461115642667222,0.6499576773319791,0.6471148567073798,0.23388322769421074,0.27881971124404153,0.639499233520695,0.6233092301148447,0.6266906351652115,0.638056543084476,0.5538110123530493
0.6462442514052122,0.6416806353923675,0.6396937473415567,0.6353977894830051,0.643331621297723,0.6383538945251298,0.64223802268495,0.6381984604221537,0.23290618742908217,0.2678227779737985,0.6236586612161472,0.6217779668226285,0.6228385550419449,0.6203656678517013,0.2458289114333124
0.639567365014478,0.6368939999305728,0.6322075712462782,0.6308011351409456,0.636055469953775,0.6346373449661911,0.6352632469950905,0.6323952717920729,0.25228839177584433,0.24843852631474359,0.6273207290069835,0.6216078264568269,0.6272042458483136,0.6207888945319113,0.2096700229966337
0.631868506216999,0.6306937686472939,0.6280561463207146,0.6292679622051222,0.6302003081664098,0.6301908043083401,0.630252243101405,0.6302193860928588,0.2617404451621065,0.24310176311518902,0.6182933060807361,0.626201616333475,0.6212977229926382,0.6258676146944304,0.2324282367160799
0.6265372168284791,0.6284338972041404,0.6227307528711186,0.6264310163460207,0.624653312788906,0.6285390045043674,0.6251735229388861,0.6270758889058763,0.3111667133868974,0.2667663032219297,0.6239141543178335,0.6207571246278177,0.6252354048964219,0.6207888945319113,0.3140953834354111
0.6245614035087721,0.6288293204434803,0.6216078264568268,0.6235188769118091,0.6237801746276322,0.6264676511225258,0.6222109361774166,0.6257984623629606,0.23653388942340267,0.238059832993145,0.6296201669221599,0.6176945980433856,0.6223249443588426,0.623243609277129,0.1806468925355757
0.6260262306251065,0.6295471458949268,0.6229008932369202,0.6250936848489048,0.6260229412771785,0.6289958968449093,0.6233959708820045,0.6259625887001872,0.18882265753116356,0.16113080598613563,0.6309827967978199,0.6282433007230964,0.6340523882896765,0.6262908413746404,0.0072727519721169
0.6242548117867486,0.6258526422016824,0.6189196086771586,0.6172962577852759,0.6220510186611882,0.6217788088193934,0.6215168444218725,0.6211061465438752,0.22109478993244208,0.23109743232509916,0.6184636348151935,0.6017014036580178,0.6073446327683616,0.6113932622312512,0.3710306850030263
0.6215465849088743,0.6188191520315763,0.6146660995321138,0.6131755287262678,0.6187981510015408,0.6161970007777294,0.6169629253428137,0.6151034374622957,0.21864955953561754,0.22746564979405182,0.6047521716913644,0.6049340706082517,0.6050333846944016,0.6030980192991366,0.2202020847319571
0.6189916538920117,0.6162592677655578,0.6149042960442364,0.6160997215469886,0.6163499400787535,0.6151294506126482,0.617572371762316,0.6180143338513381,0.2191688700441447,0.2572077451887169,0.6111394992335208,0.6219481071884302,0.6129943502824857,0.6238361266294228,0.3166919359780471
0.6150570601260434,0.6141552445411447,0.6129306678009356,0.6133419666402863,0.6131997945557267,0.6122777059896682,0.6151176570170984,0.6156662344179058,0.25691320813045837,0.2945946911148593,0.6099471980923183,0.607826456826882,0.6065742167437083,0.6109700355510412,0.369368582967144
0.6119741100323626,0.6146261784705684,0.6092726499361972,0.6122123815599924,0.6087313816127374,0.6120885785180222,0.6120873539867955,0.6141572650196456,0.30780836407781526,0.2836459713128733,0.615568046329416,0.6099532113994043,0.6117103235747303,0.6111393262231253,0.2617485317089012
0.6116164196900018,0.6153091800148421,0.6129136537643554,0.6147770619729312,0.6112138332477315,0.614644682659792,0.6131538852209244,0.6150134828137291,0.2639306234865262,0.2396446415574425,0.6166751831033896,0.6199064227988088,0.6197568909433315,0.6167259184018961,0.151641982046581
0.6193663771078184,0.6247067729367103,0.6194810718843043,0.622441761717953,0.618472864235576,0.6235393016510694,0.6199424411714916,0.6223559215598101,0.2837465365990133,0.26619031113642583,0.6435019587804465,0.6377711612079965,0.6413285396336244,0.6370407990519722,0.3192816502943925
0.6247317322432296,0.6291266069279994,0.6210123351765204,0.6248293156951389,0.6229241568224619,0.6274431388396846,0.6217199932283732,0.6258119100111504,0.2913295237528774,0.2956624980067398,0.6379662749105774,0.6296044236495107,0.635250813216915,0.6327238869138312,0.3546068717473678
0.6254300800545053,0.6238973836682319,0.6209953211399404,0.619133339344753,0.6239856189008731,0.6222559349383779,0.6210089724056205,0.6196795838198595,0.2780320924843947,0.29806880754607,0.613438937148697,0.6077413866439813,0.6118815271357645,0.6074149314372779,0.3028814266247304
0.6254811786748425,0.6212061022558554,0.6224074861760952,0.6184269050898948,0.6252696456086287,0.6208807756634213,0.6213983409514137,0.6174817788639366,0.26495345692073485,0.2641643229942473,0.6158235394311022,0.6170140365801785,0.618130457113508,0.6130861689520908,0.1963553538906019
0.6258899676375406,0.6203771108095302,0.6223564440663547,0.618835007476632,0.6253038863208354,0.6205632152770694,0.6228373116641274,0.6196281098977793,0.28957255853751185,0.26768871203965355,0.6187191279168798,0.6196512122501062,0.6199280945043657,0.6239207719654647,0.274737490130466
0.6204735138817921,0.6190579705402546,0.6169629944704381,0.6161579760605592,0.6199965759287794,0.6186394727424941,0.6187404773996954,0.6186042825084569,0.2842669669244633,0.2760437054361523,0.6164196900017034,0.6108039132284134,0.6147919876733436,0.6165566277298122,0.2927536922291498
0.6162323283938003,0.6182920961837092,0.61143343258188,0.6114241887759463,0.6140558123608971,0.6142753136208307,0.6157609615710176,0.6183449575957852,0.34232169072529084,0.3989893005412701,0.6167603474706185,0.6019566142067204,0.6055469953775039,0.617826307770442,0.6448804907515054
0.6117356498041222,0.6091799121892417,0.6055295618885579,0.6003568035764212,0.6080123266563945,0.6034049086183041,0.6110885390215,0.6069142446270869,0.40804647203514255,0.47649464475217634,0.5909555442003067,0.5782220331773712,0.5816640986132512,0.5840528186896903,0.6315053331739889
0.605740078351218,0.6014018355150217,0.5996767333049765,0.5961545002717045,0.6016777948981339,0.5977558718529378,0.6059759607245642,0.600450588907195,0.48342380903339804,0.508743776128744,0.5858456821665816,0.5877498936622713,0.5864577983222051,0.5875232774674116,0.5732420388818793
0.5995741781638564,0.5968977660033716,0.5926669502339429,0.5923037658127823,0.5956171888375279,0.595045602635737,0.5981039444726596,0.5951539561734441,0.4655313650623363,0.4009209408442151,0.5878896269800715,0.5846022968949381,0.5896250642013354,0.5845606907059422,0.1852752702751573
0.5941747572815534,0.5944060391989775,0.5883283709059972,0.5912395160714167,0.5910631741140215,0.5940377064424288,0.5919925512104284,0.5921025245885148,0.4175155062517911,0.2848387599549514,0.5894225855901891,0.5891110165886855,0.5920219140558123,0.585999661418656,0.052674398176424
0.5911599386816556,0.5968327776230281,0.5868481497235217,0.592344846812392,0.5899674713234035,0.5960479647697571,0.5872185542576605,0.5927204573945439,0.30379668420373407,0.21532130014037432,0.6016862544711294,0.5945555082943427,0.6000684814244137,0.5939563230066024,0.0762863805112202
0.5934423437233863,0.5986777082183385,0.5907613781369628,0.5941592896231201,0.5939907550077042,0.5979588155247562,0.5894531911291689,0.5935556392787733,0.19586332285662,0.17416037557305575,0.6023675694089594,0.5977881752445767,0.6017805170347543,0.5952260030472322,0.0918385264384186
0.5951456310679613,0.5972391784420447,0.589825606125053,0.5904632042829875,0.594196199280945,0.594467550245974,0.5893346876587101,0.5913473462242215,0.1225049515183525,0.1849236444455511,0.5943621188894568,0.5830710336027222,0.5874850196884096,0.5869307601151178,0.2064501821905418
0.5934423437233862,0.5912838490470952,0.5907613781369628,0.5900691885068208,0.5925355247389146,0.5900855973277103,0.5910445234467583,0.5919348540315418,0.1830373528702836,0.2859281886419717,0.5793731902571964,0.5892811569544874,0.581321691491183,0.5931098696461825,0.4879372770348129
0.5970873786407769,0.5967384860904441,0.5939940450871969,0.5951375761178322,0.5960280773840096,0.596551957312236,0.5951752158456071,0.5968409438253278,0.22158591226252775,0.2724245241405294,0.607647760177142,0.6052743513398552,0.6094846772812874,0.6066531234129,0.2454171951376448
0.5994890137966276,0.6023904674770905,0.5983326244151425,0.6021745190565784,0.5993494264680705,0.6032597138230634,0.5992212629084138,0.6026228153237642,0.2400386869210341,0.23779976736160358,0.6136944302503833,0.6162484049340705,0.6166752268447184,0.6141865583206367,0.1685502538037519
0.6036620677908363,0.6093379247780615,0.602381965121225,0.607461305629382,0.5997945557267591,0.6035085303247747,0.6043169121381413,0.6086499599477992,0.29419774204521537,0.27941111226084403,0.6232328393800035,0.6180348787749893,0.6040061633281972,0.6207042491958694,0.3626338020593249
0.6072219383409981,0.6102791070654628,0.6082177796682262,0.6090575725321642,0.6048450607772641,0.6065848685301614,0.6085830370746572,0.6085204348977654,0.29173056507246964,0.25097884061616715,0.6121614716402657,0.6122501063377285,0.6127375449409347,0.6082613847976976,0.1941142973268134
0.6129790495656617,0.60957232017048,0.6116205869842619,0.6081367795329982,0.6100496490326999,0.6068381232762281,0.6109361774166244,0.6073054803838497,0.24210995353861237,0.24726396686595356,0.6081587463805145,0.606295193534666,0.6073446327683616,0.6048755713560183,0.2398342193655264
0.6132856412876854,0.6094417863760732,0.6124032326669502,0.6084870462730976,0.6104605375791816,0.6084051221887175,0.6108684611477908,0.6069751676121439,0.20924355632559805,0.1918710476014934,0.6091807187872595,0.6091875797532963,0.6115391200136961,0.6063145420687321,0.0810852090725731
0.6151251916198264,0.6139252515544116,0.6140535942152274,0.6138247684072174,0.612155452833419,0.6139866824977799,0.612239715591671,0.6116643885881083,0.22866097983246444,0.2164598221803569,0.6228921819110884,0.6245002126754572,0.6251498031159048,0.6210428305400373,0.2656373713380839
0.6159938681655597,0.6184755750724976,0.6166397277754145,0.61953836113012,0.6174456428693718,0.6194768261678403,0.6133401049602167,0.6165116577382718,0.18982286515623564,0.20045429101296489,0.6275762221086698,0.6309655465759251,0.6304571135079611,0.6262061960385985,0.1684432286781809
0.6195367058422756,0.6222756033896139,0.6184602296894937,0.620143112722788,0.6201677794898134,0.6217672934596079,0.6169629253428137,0.6197996007290753,0.19964250303681508,0.21470702291854674,0.6298756600238462,0.6213526159081241,0.6263482280431432,0.6263754867106823,0.2432124867297105
0.6215806506557657,0.6209765590757308,0.6210803913228412,0.6198940757156598,0.6229241568224619,0.62155370211694,0.619146775012697,0.618464673721195,0.1816840357614453,0.19315197627525701,0.6183784704479647,0.6193960017014034,0.6211265194316042,0.6157948197054344,0.1500418829886775
0.6245273377618805,0.6219557574897651,0.623343258188005,0.6200966885034783,0.6256291730868002,0.6227238685230893,0.6212967665481632,0.6179979490628179,0.18147250968779324,0.155443843751609,0.6239141543178335,0.6205019140791151,0.6250642013353878,0.6170644997460639,0.080027578704313
0.6256515074093001,0.6241415150425721,0.6244831986388769,0.6234644306455913,0.6266906351652114,0.6253016168513799,0.6222955815134588,0.6206776011640501,0.1808373073065852,0.19111634897842053,0.628513030148186,0.6301999149298171,0.6304571135079611,0.6260369053665145,0.2624613594320435
0.6239822858116166,0.6225043814017989,0.6222373458102933,0.6222217145747299,0.625029960623181,0.6242523248335228,0.6204841713221602,0.6195014491367354,0.1889814604211724,0.19713223073598599,0.6192301141202523,0.6197362824330072,0.6221537407978086,0.617149145082106,0.2091639942511169
0.6224663600749448,0.6224349313813616,0.6210463632496809,0.6199470440848405,0.6240883410374936,0.623381593260584,0.618300321652277,0.6181530455449123,0.16499111764888386,0.17250841144674658,0.6222960313404873,0.6153977031050616,0.6216401301147063,0.6154562383612663,0.1232607728682678
0.6254982115482883,0.626135863525802,0.624670353041259,0.625803346276325,0.6272727272727272,0.6279372123763135,0.6220416455053327,0.6236025100201792,0.21602938069167613,0.2500833403653773,0.6335377278146825,0.6375159506592939,0.6370484506077727,0.6345014389707129,0.4052331982026388
0.629279509453245,0.6316974569647401,0.6289238621863037,0.6311253841189961,0.630662557781202,0.6326292595434625,0.6263416285762655,0.6285898117136954,0.2581563150606749,0.26360964376002055,0.6428206438426163,0.6417694598043385,0.6420133538777606,0.6385644151007279,0.2906622505493069
0.6314426843808552,0.6342412729052392,0.6289749042960442,0.6309019645721706,0.631552816298579,0.6333889750605906,0.6281022515659387,0.6306732145807572,0.2545567553506597,0.25722761613400297,0.6393289047862376,0.6304551254785197,0.6349084060948467,0.6348400203148807,0.2444635608819677
0.6349003576903425,0.635000342159389,0.6311016588685665,0.6307246614799866,0.633573018318781,0.6330109003399998,0.6305231081767395,0.6301999524325413,0.2397941904999506,0.21660213408852572,0.6365184806676887,0.6303700552956187,0.6322547508988186,0.6292534281361097,0.1353511699975712
0.6392267075455631,0.6379761549784561,0.636682262866865,0.6349166820188427,0.6369286081150487,0.6348132932586816,0.6351616725918403,0.6330163217672843,0.30743283989793885,0.29821942934508683,0.6439277806165902,0.6433007230965545,0.6384180790960452,0.63864906043677,0.4614540198582091
0.6370124339976155,0.6328062233439523,0.633245427477669,0.6300550459169996,0.634583119328882,0.631649197731434,0.6321144404943289,0.6284326406725748,0.2864621936038628,0.298939608474144,0.6224663600749447,0.6203317737133133,0.6253210066769388,0.6192652784831556,0.3003799667322585
0.6346107988417647,0.6321416382504224,0.6295023394300296,0.6277213704667136,0.6310049649032698,0.6291403257375228,0.6293380734721518,0.6271826204449974,0.2813641444534459,0.2876837405818367,0.6308124680633624,0.6230540195661419,0.6241225817497003,0.6246825799898426,0.2651720047972222
0.6326009197751662,0.6311875953180298,0.630114844746916,0.6296534643321263,0.6303201506591336,0.6299216621164035,0.6294227188081938,0.6298761626283619,0.2973039948642626,0.299843431366575,0.6292795094532448,0.6335176520629519,0.6314843348741652,0.6352632469950907,0.3241628129360516
0.6310509282916029,0.6303812379619773,0.6301829008932367,0.6300057548971583,0.6302859099469268,0.6306422905235306,0.6288979177247335,0.628793915991844,0.3145030977624039,0.2736778490738092,0.6287685232498723,0.6307103360272223,0.6320835473377846,0.6266294227188083,0.2213466844882776
0.6303014818599898,0.6336476747941598,0.6281752445767758,0.6310913171028553,0.6296010957027905,0.6320928629741417,0.6278313864906044,0.630301412083271,0.264391446507906,0.2527504872444461,0.640180548458525,0.6332624415142493,0.6349940078753638,0.633316404266125,0.2108957635857198
0.6332141032192132,0.6347749388197936,0.6306763079540619,0.6316732416018184,0.6316212977229926,0.6332025809087442,0.6300152361604876,0.6302624503330378,0.2276459942955425,0.207384560053111,0.6370294668710612,0.6328370905997446,0.635422016777949,0.6301845268325716,0.1166527056704408
0.6342190427525125,0.635129014456482,0.6342152275627392,0.6346983669377214,0.6346516007532956,0.6352264195729013,0.6323514474352464,0.6322961790099041,0.21569728154345294,0.20673252038099874,0.6358371657298587,0.6407486176095277,0.6392740969012156,0.6363636363636365,0.2054284410367742
0.6381877022653721,0.6397936119768359,0.6369374734155677,0.6388418717341792,0.6387604862181133,0.6408272004480188,0.634128999492128,0.6362477884331024,0.2034223440925711,0.22541772214788003,0.6491228070175439,0.6471288813270947,0.6520287621982537,0.6441510072794989,0.2627881256816426
0.6432464656787602,0.6445498547568278,0.642671203743088,0.6456875770443938,0.6438452319808252,0.6463872256824604,0.6403250380904013,0.6433683975254597,0.2449834588354382,0.2933292341661244,0.6540623403168115,0.6593789876648234,0.6575072761513439,0.6576096157101745,0.429152258202613
0.6477601771418839,0.6506162717626,0.648013611229264,0.6504498776779725,0.6496661530559835,0.6522910215386921,0.6455730489250043,0.6487644178300198,0.24361912713391676,0.26357752447012045,0.6627491057741441,0.6599744789451297,0.6640986132511555,0.65955645843914,0.2040741050781127
0.653415091125873,0.6555121934387356,0.6552445767758399,0.6566305578961896,0.6563088512241053,0.6577391835653142,0.6524970374132386,0.6541111016445943,0.2842048996946939,0.2822455391381891,0.6653040367910068,0.6689919183326242,0.6686355076185584,0.6648044692737431,0.3195815684743265
0.6632089933571794,0.6652770212546206,0.663717566992769,0.6654582281621839,0.665759287793186,0.6673348822924158,0.6611985779583545,0.6626978474594682,0.3254950462787291,0.3254567507444428,0.6848066768863907,0.6831135686941726,0.6865262797466187,0.6798713390892162,0.4118791739569502
0.6710781808891161,0.6730075957288228,0.671339855380689,0.6720522598636877,0.6732408834103748,0.6747021682896764,0.6689690198070087,0.669466303813902,0.32326898791864406,0.3008571117900343,0.6884687446772271,0.6852403232666949,0.6894367402841979,0.6830032165227697,0.2516578338812175
0.6776869357860671,0.6777071020864044,0.6745895363675031,0.6732439707754231,0.6780345831193288,0.6769600370918222,0.6735398679532758,0.6731321546897714,0.3033596894178586,0.3104399964262515,0.6871061148015671,0.6756273925988939,0.6814757746961135,0.6804638564415102,0.3296057656986859
0.6816896610458185,0.6793923120819031,0.6799829859634197,0.677809889491853,0.6819209039548022,0.6791500972040557,0.6782292195700018,0.6764225086341042,0.33937424997507953,0.33500896690557336,0.6827627320729008,0.6869417269247128,0.6835302174285225,0.6830032165227697,0.3841469078642172
0.6865780957247489,0.6828436114498215,0.683538919608677,0.6807971218475389,0.6861838726245506,0.6827501817918039,0.6824106991704758,0.6795189615147739,0.3222499728765656,0.3013260389309678,0.6897462101856584,0.6867715865589109,0.6899503509673002,0.6857118672761131,0.2339601829817567
0.6891670924885029,0.6878129612016014,0.6866695023394299,0.6867869086810049,0.6889060092449922,0.6885457754774783,0.6852717115286949,0.6844047746366199,0.3308345353007599,0.3524846879799526,0.697751660705161,0.698766482347937,0.7001369628488272,0.6941764008803115,0.454801986077922
0.6912110373019928,0.6914381303826267,0.6897490429604423,0.6914039479112555,0.6914398219482966,0.6930657849185585,0.6882850854917895,0.6889598785371609,0.31336432656137825,0.28975872204807135,0.6986884687446773,0.7006380263717565,0.7021058038007191,0.698070086338243,0.164306790184309
0.6933060807358202,0.6934858642453191,0.6928796256911951,0.6913627340250564,0.6935969868173257,0.6927977229594591,0.6905027932960894,0.6898240508457772,0.29195312409645924,0.2673557324900779,0.6975813319707036,0.6912803062526583,0.69226159904126,0.6915523954630101,0.2225497533740909
0.696184636348152,0.6947090795417327,0.6939004678860059,0.6915904686496264,0.6961479198767334,0.6939601095481596,0.6922803453529711,0.6905130261662441,0.24138742379508166,0.22200995711249494,0.6971555101345597,0.6920459378987663,0.6962848827255608,0.6918909768071781,0.1313184063573291
0.6973769374893546,0.6950419583250455,0.6939685240323266,0.6900976015299225,0.6961479198767334,0.6926235233545398,0.6927543592348063,0.6897026630059256,0.27153485044661424,0.27623907682146986,0.6957077158916711,0.6871118672905147,0.6899503509673002,0.6880819366852886,0.3846973162394197
0.6998978027593257,0.7001466345683691,0.6961803487877498,0.6966736030616327,0.6986646122239343,0.6993224904313037,0.6953275774504826,0.6954826059901814,0.2682920350359507,0.3303553542225148,0.7103559870550165,0.7098256061250531,0.7127204245848313,0.7070424919586933,0.4385879090246045
0.6997615397717596,0.6994334743145285,0.6952786048490004,0.6964921709337583,0.6982366033213491,0.6995369133834668,0.6948366345014392,0.6955268611911295,0.27346330369122873,0.2836246139685761,0.6980071538068473,0.6961293066780093,0.699965759287793,0.6956153715930253,0.1901631334606987
0.7001362629875663,0.6994406322262643,0.6966056997022543,0.6969667074621482,0.7002225646293443,0.7004217441160566,0.6958185203995261,0.695838515778568,0.2535021264589058,0.22999769838320952,0.6994549480497361,0.6979157805189279,0.7021914055812362,0.6964618249534451,0.1227438672124764
0.702265372168285,0.7022274401635608,0.6999574649085495,0.7009127262848462,0.7029275808936826,0.7035511507597884,0.6986456746233284,0.6992345931611084,0.25667392528324495,0.2023909324151479,0.7078010560381538,0.7088047639302423,0.7098099640472522,0.7060267479261892,0.1471774004790246
0.7021802078010562,0.6999122581275495,0.7024585282858358,0.7004808789155462,0.7047423386406437,0.7020421470738941,0.7001354325376672,0.6979999708597333,0.22903068463587323,0.21708765927761908,0.6952818940555272,0.699617184176946,0.6990241397021058,0.6955307262569832,0.2464811130025614
0.7002895588485779,0.7002424195159079,0.700484900042535,0.7003064075798807,0.7029789419619928,0.702662578446455,0.6984763839512443,0.6982490635820152,0.15934303645518105,0.17477499555879392,0.7009027422926248,0.6999574649085495,0.7039034411915768,0.6987472490265789,0.0901496681211436
0.7027933912451031,0.7036703849404299,0.702492556358996,0.7022601344733587,0.7040232836843006,0.7035042082640808,0.7000169290672085,0.6999387414456254,0.16802062629341158,0.19436702458981303,0.7105263157894737,0.7061675882603148,0.7051874678993324,0.7033180971728459,0.2335510826518513
0.7076818259240335,0.7104126304417493,0.7073755848575074,0.7089503973194006,0.708834103749358,0.7110846408115613,0.7047232097511429,0.7066235704214558,0.22517559555443706,0.26575092089907665,0.7238971214443879,0.7223309230114842,0.7262455059065227,0.7199932283731167,0.4085187135176038
0.7110884006131836,0.7152197301224676,0.7108464483198638,0.7146866252936085,0.71241225817497,0.7166233392661451,0.7082275266632809,0.7122651577765972,0.24899124688677138,0.2659191663129498,0.7248339294839041,0.7261590812420246,0.7277007361753125,0.7235483324868801,0.2662556571406962
0.7203883495145632,0.7240736996024536,0.7176690769885155,0.721034526035807,0.7195000856017806,0.7225699851228161,0.7157778906382259,0.7192709538949676,0.28912639410322777,0.32633172723691434,0.7417816385624256,0.733730327520204,0.7344632768361581,0.7332825461317083,0.4471568490848434
0.7269460057911771,0.7272794742935339,0.7219396001701401,0.7211263776294291,0.7236774524910118,0.7233100819611217,0.7218892839004571,0.7226153743758901,0.38513336560609,0.4076159933697611,0.7336910236756942,0.7213100808166736,0.7247902756377331,0.7293042153377349,0.5701845256354547
0.7275932549821157,0.722773836777078,0.7232326669502337,0.7182952258065468,0.7260743023454888,0.7212639603646536,0.7237853394277977,0.7193430411871095,0.3771411129034302,0.3362739352926915,0.7137625617441663,0.7126329221607824,0.7171717171717173,0.7127983748095481,0.1935898191385523
0.7241355816726284,0.7173854761503691,0.7169885155253082,0.7092335391666501,0.7201677794898134,0.7130802707858176,0.7196546470289488,0.7126752829176972,0.39378676923455386,0.38809828858620166,0.7066087548969513,0.6911101658868565,0.6967128916281458,0.6993397663788727,0.4917469951732219
0.7174416624084484,0.7087117618212476,0.7095874096129304,0.7025402100044787,0.7133538777606574,0.706597256367056,0.712662942271881,0.7046467915123117,0.3908782467118229,0.3426365405664817,0.6913643331630048,0.689153551680136,0.6936312275295327,0.6885898087015405,0.2517130445270417
0.7095043433827288,0.706506189025441,0.7017099106763078,0.6998077509486826,0.706608457455915,0.7046435626821861,0.7048755713560184,0.701213091525673,0.3477107913085319,0.3055308844004505,0.7020950434338276,0.6943428328370905,0.7007361753124464,0.6943456915523956,0.2313195720683881
0.6995230795435192,0.6989323608435093,0.6924202467035303,0.6914924209500505,0.6977229926382469,0.6965500256379215,0.6945826984933131,0.6934220113585182,0.33345040927472774,0.36998146142244503,0.6837847044796459,0.6748617609527859,0.6803629515493923,0.6778398510242087,0.4988826154664341
0.6927950945324478,0.6926624527919426,0.6852573373032751,0.6866010723532024,0.6907207669919535,0.6917535467386976,0.6870492635855765,0.6873250743293005,0.3347682869316081,0.3133807100892814,0.6801226366888096,0.6768183751595064,0.68216058894025,0.6751312002708652,0.2001792074229542
0.6872083120422418,0.6879999160099354,0.6806975754997873,0.680504500525274,0.6859099469268961,0.6853886282600848,0.6814626714068056,0.6820189847145395,0.2949375555204313,0.30645158609863365,0.6786748424459208,0.6683113568694171,0.672658791302859,0.6714068054850177,0.2925933381173381
0.6826094362118891,0.6814565953437043,0.6751339855380687,0.6741148676406973,0.6801403869200479,0.6785202280051538,0.6761808024377858,0.6754061444285068,0.2914905570979046,0.2824604082038917,0.6683699540112418,0.6613356018715438,0.6647834274952917,0.6621804638564417,0.2344780524144078
0.6744506898313747,0.6747381674062213,0.6684814972352189,0.6697700422014119,0.6723848656052045,0.6729996749161792,0.6691890976807178,0.6700664855413564,0.2915564977927675,0.26552336398349535,0.6613013115312554,0.6610803913228412,0.6619585687382297,0.659387167767056,0.2316492755427027
0.6704479645716235,0.6710824709977773,0.664108889834113,0.6641796027833601,0.6681732580037664,0.6684347544581867,0.6652107668867446,0.666027056045685,0.28514239757209014,0.3326196141100126,0.6637710781808892,0.6529987239472564,0.6593049135422016,0.6579481970543424,0.4668121143630472
0.6657979901209335,0.6663459021436383,0.6589706507868991,0.6598287951633856,0.6628145865434,0.6640789135182638,0.6601828339258508,0.6606818825192553,0.2799102182192746,0.2797525129596338,0.6568727644353602,0.6511271799234367,0.655367231638418,0.6499915354663959,0.1740183106588763
0.6626809742803612,0.6652605225101119,0.6571161207996596,0.6595654324199969,0.6612052730696798,0.6642566836569285,0.6574233959708821,0.659657793582895,0.24618449002160517,0.2278232410160863,0.6630897632430592,0.6590387069332196,0.6646122239342578,0.6576096157101745,0.1239646971289913
0.6604496678589679,0.6625781556414997,0.6559761803487876,0.6582555881523926,0.6601438109912686,0.6626631614723643,0.6556797020484172,0.6575925271366357,0.21262523821351392,0.17410942513537467,0.6572134219042753,0.6556358996171842,0.6594761171032357,0.6534619942441173,0.0666817933739514
0.6620848237097599,0.6648778006894049,0.6576945980433857,0.6620612187002055,0.6618216058894025,0.6652246220578759,0.657372608769257,0.6610122518815086,0.21285659973282275,0.19367497780333212,0.6694770907852154,0.6696724797958314,0.6703475432288992,0.6678517013712544,0.232806083139247
0.6630216317492762,0.6660702399190934,0.659906422798809,0.6627267617082612,0.6639958911145352,0.6668751945945389,0.6585237853394279,0.6619095278894048,0.13567376905960535,0.1560826388678748,0.6684551183784704,0.6640578477243725,0.670176339667865,0.6637040799051972,0.0808979609969601
0.6675012774655086,0.6704704909515696,0.6645002126754571,0.6665165509077334,0.6687724704673857,0.671000172530583,0.6627391230743187,0.6649624266398865,0.14435442462613265,0.1765289554090875,0.6792709930165219,0.674096129306678,0.6792501284026708,0.6710682241408499,0.2174215884915129
0.6692386305569751,0.6709058368678438,0.6679030199914929,0.6696952817762885,0.6707241910631742,0.6721237239914553,0.6660741493143728,0.6680698667300727,0.14801800665611844,0.16511350603236505,0.6717765287003918,0.6760527435133984,0.6743708269131998,0.6742847469104454,0.1422826072789201
0.674689150059615,0.6754258977177212,0.673160357294768,0.673771049895379,0.6762540660845746,0.6771243133977162,0.6713390892161842,0.6719754757377733,0.16037400233032073,0.15289626126989767,0.6844660194174759,0.6819225861335602,0.6871254922102379,0.6797866937531742,0.1284617717449629
0.677840231647079,0.6786947647193257,0.6754742662696723,0.6762613748203702,0.6794555726759117,0.6802012343270057,0.6736245132893177,0.6744099244041563,0.13668986523462284,0.1400593067335176,0.6852324987225347,0.6812420246703529,0.6863550761855848,0.6792788217369223,0.1143853976607575
0.6824391074774316,0.6829463423229617,0.6804763930242449,0.6805304103793252,0.6842150316726588,0.6847920344352042,0.6783307939732521,0.6786851107110605,0.16155607923824553,0.16178254816070292,0.6914494975302334,0.6890684814972351,0.6939736346516008,0.6872354833248688,0.2052290310150736
0.6797819792198946,0.6772926787915866,0.6794555508294342,0.6766842463637581,0.6819893853792158,0.6792353219352881,0.6772473336719147,0.6743403813520947,0.18932028764975956,0.22660257562349626,0.6659853517288368,0.6689919183326242,0.6681218969354561,0.6656509226341629,0.3562426305490829
0.6796286833588828,0.6751984689928353,0.6781284559761802,0.674261920658215,0.6814757746961136,0.6767578057894217,0.6753004909429492,0.6710770986566023,0.17798985152145494,0.1796118592947966,0.671010049395333,0.6694172692471289,0.6718027734976888,0.6645505332656172,0.0856304266373972
0.6769545222279,0.6738307172494108,0.6742832837090598,0.6704068553714627,0.6776236945728471,0.6737935677242494,0.6721855425766041,0.6687887164115512,0.18622113924299283,0.1762806429807485,0.6710952137625619,0.6626967247979582,0.6678650915939051,0.6642119519214493,0.1696182103526523
0.6718957588145121,0.6692000387181389,0.6697065078689918,0.6663906187376459,0.6725389488101352,0.6695061609401747,0.667140680548502,0.6638773148065046,0.20348259391454776,0.18441798566000975,0.6599386816555954,0.6583581454700126,0.6609313473720253,0.6540545115964111,0.2006926710185322
0.6657298586271506,0.6663400246765677,0.662781794980859,0.6624087181772879,0.6644923814415339,0.6642510398963146,0.6602166920602677,0.6601233901655689,0.2055106190770176,0.19473504271581407,0.6606199965934254,0.6544449170565715,0.6537407978085945,0.6526155408836973,0.2153691568274227
0.6638392096746724,0.6630707187731936,0.6598383666524882,0.6596974043484485,0.6624036979969183,0.6620601865016691,0.6572371762315897,0.6570000412739705,0.14831160062408688,0.1532392079053525,0.6565321069664454,0.6542747766907698,0.657678479712378,0.6507533434907737,0.0702475382844294
0.6595809913132347,0.6586201317115108,0.6581709910676307,0.6601584000065794,0.6586543400102721,0.6590587855225988,0.6564753682072119,0.6582471918972229,0.19129184466707388,0.20233668755434575,0.6497189575881452,0.6610803913228412,0.653055983564458,0.6607414931437279,0.3005316468523322
0.6592403338443197,0.6622107299470028,0.6593279455550828,0.6629327657494594,0.6595103578154425,0.6634209172216515,0.656780091416963,0.6607433172548836,0.20158720280563708,0.20858945871805332,0.6693919264179868,0.668481497235219,0.6721451806197569,0.6657355679702048,0.2210950010454684
0.66140350877193,0.6650586720625508,0.6604168438962142,0.6632227228915295,0.6606916623865776,0.6645599015570013,0.6584899272050111,0.6613634416821396,0.18615621739795307,0.18023888713873956,0.6707545562936468,0.6638026371756697,0.6668378702277007,0.6626036905366515,0.123537743980112
0.66276613864759,0.665850163365609,0.6622543598468736,0.6633593141976424,0.663653483992467,0.6658899029840147,0.6605552734044354,0.6618897184150329,0.17094467021299845,0.16659639839337623,0.6674331459717255,0.663632496809868,0.6685499058380415,0.6629422718808193,0.1393114209026495
0.663719979560552,0.6643338794208244,0.6630370055295618,0.6616355444998319,0.6644067796610169,0.6644082546743856,0.6624343998645675,0.6613094708738333,0.23167970335498994,0.23570516692704646,0.6613013115312554,0.6581880051042109,0.6614449580551274,0.6601489757914341,0.373922703994387
0.6642309657639245,0.6603138824822189,0.6617439387494681,0.659295382140679,0.6647834274952918,0.661251910694868,0.6602505501946843,0.6574803955139928,0.2127068471664686,0.22569256658793946,0.6522738886050077,0.6546150574223734,0.6549392227358328,0.6498222447943118,0.2056673659097254
0.6617101004939535,0.6591384550108564,0.6611144193960017,0.6613082215830812,0.6618044855332991,0.659918097399843,0.6601828339258508,0.6601192592180075,0.23924278163257934,0.26838660218396704,0.6567876000681316,0.6653339004678859,0.6572504708097928,0.665396986626037,0.3537746733760222
0.6636348151933232,0.6662183466040695,0.6633943002977455,0.6659394949501839,0.6644581407293272,0.666647447002509,0.6623666835957339,0.6645871524406942,0.24198685628655134,0.22467710720596865,0.6803781297904958,0.6752020416843895,0.680106146207841,0.6735229388860675,0.1372581172499719
0.6654573326520186,0.6696608088244469,0.6652998723947257,0.6683464490650453,0.666135935627461,0.6700779247779097,0.6636025055019469,0.6660985620977576,0.22588911168962206,0.16939230410998019,0.6765457332652018,0.6731603572947681,0.6769388803287109,0.6691213814118844,0.0588226979180033
0.6676545733265203,0.6705363775175527,0.6652148022118246,0.6648185174399323,0.666307139188495,0.6674856084720391,0.6644828169967836,0.6655825524870441,0.2085985693145565,0.20875153344633976,0.6722875149037644,0.6577626541897065,0.6623009758602978,0.6645505332656172,0.2874699921190589
0.6693919264179868,0.6673444696991485,0.6658443215652913,0.6624665630231904,0.6677281287450778,0.6656717958209416,0.665566277298121,0.6621348837583624,0.1811357109800253,0.1619520470432497,0.6609606540623405,0.6577626541897065,0.6620441705187468,0.6552395463009988,0.0683530742370696
0.6705671946857436,0.6657842936017375,0.6642109740535942,0.6607000963185937,0.6685670261941448,0.6642628498990035,0.6635347892331133,0.6598364379392412,0.11876345042396094,0.12193915489406655,0.6626639414069155,0.6571671629094001,0.6614449580551274,0.6552395463009988,0.0419133705957003
0.6687446772270482,0.6676113765668314,0.6620331773713313,0.6619044169700875,0.6663242595445984,0.6658060042527055,0.6614863721008973,0.6609845763678233,0.10801137219979232,0.10912534530575396,0.6712655424970193,0.6643130582730751,0.6688923129601094,0.6632808532249874,0.0834977261291288
0.6666496337932211,0.6670977564099095,0.6596852403232665,0.6617431686648733,0.6643896593049134,0.666292629211899,0.6597765363128493,0.6608471184024302,0.10022378898683929,0.07937849082158203,0.6660705160960656,0.6614206720544448,0.6672658791302859,0.6605722024716438,0.0198847818532382
0.6671095213762565,0.6695941552129199,0.6624755423224158,0.6650668338383997,0.6669919534326313,0.6692992349742285,0.6604367699339766,0.6631819793920383,0.059348745685721814,0.08061725241887853,0.6745869528189408,0.6717141641854528,0.6753124464988871,0.6678517013712544,0.0830947756134715
0.6680974280361098,0.6683628325958159,0.6634963845172266,0.6643335109468532,0.6681047765793527,0.6687355854002703,0.6621973929236499,0.6634688733444806,0.07923625365064914,0.10967503963315443,0.6659001873616079,0.66286686516376,0.667608286252354,0.6640426612493653,0.1677906140617062
0.6680292965423268,0.6663496497098774,0.6641769459804338,0.6630789973730474,0.6689094333162129,0.6676464708466563,0.6627052649399019,0.6615722176904065,0.0877972081311927,0.10135607408824232,0.6623232839380004,0.6605699702254358,0.6654682417394282,0.6577789063822583,0.0847181429984181
0.6678249020609778,0.6676476231700098,0.6635644406635473,0.6624695088115793,0.6685499058380414,0.6674625390875214,0.6627899102759438,0.6622828384286701,0.08667410518825876,0.09353145319698125,0.6702435700902742,0.6612505316886429,0.667094675569252,0.6637040799051972,0.0778822114144591
0.6666836995401125,0.6652199166105862,0.663717566992769,0.6623751071079038,0.6678479712378017,0.6662270947680434,0.6624682579989842,0.6611765393147288,0.09706030617997598,0.08629289773526228,0.6603645034917391,0.6621863037005528,0.6637562061290876,0.6589639410868462,0.0718157868118243
0.6640606370294669,0.6639704911622951,0.6613015737983835,0.6614614708097779,0.6645779832220511,0.6638055653187401,0.6600812595226004,0.6594232625395974,0.12303385390134128,0.12851610323027418,0.661471640265713,0.659634198213526,0.6589625064201334,0.6559167089893347,0.212962514220298
0.6646908533469598,0.6656640837578873,0.6611314334325817,0.6616463683181023,0.6645779832220511,0.6650731389632781,0.6596241747079736,0.6602012540851422,0.10097311172707171,0.10483970321696894,0.6690512689490717,0.6620161633347511,0.667608286252354,0.6617572371762317,0.0574869031903584
0.6651166751831035,0.6652601868781646,0.6611484474691618,0.6613159256815138,0.6644067796610169,0.6649195006202714,0.6594379549686813,0.6590834386186937,0.08402948312738809,0.06989313547797929,0.6644523931187192,0.6606550404083368,0.6646122239342578,0.6568478076857966,0.0
0.661199114290581,0.6603920464613302,0.6565036154827731,0.6535527410399089,0.6597329224447869,0.6578547969095481,0.655374978838666,0.6538520254975028,0.14826120886256167,0.17960903701542852,0.6506557656276615,0.6380263717566991,0.6437253894881014,0.6433891992551211,0.399040840090327
0.656685402827457,0.6528600130329268,0.6505657167162908,0.6465340973159863,0.6543057695600069,0.6507766785080945,0.6499407482647707,0.646498946404125,0.17548726263323305,0.18905470989867945,0.63779594617612,0.632496809868141,0.6366204417051875,0.6317927882173693,0.2079460556651813
0.650757962868336,0.6458514888453203,0.6446958740961292,0.6411177265815634,0.6495805512754665,0.6456299240045403,0.644709666497376,0.6409197309868705,0.16360425192649825,0.17721896016132757,0.6318344404701073,0.6302849851127178,0.6353364149974319,0.6297613001523616,0.1535474606866239
0.6432975642990973,0.6411507512645064,0.6374819225861333,0.6360606196492998,0.6411573360725903,0.6389173527490178,0.6372100897240562,0.6353662717611246,0.2121696104083496,0.2182505386407568,0.6317492761028787,0.6259464057847725,0.625492210237973,0.6242593533096328,0.3003136955996152
0.635343212399932,0.635660712050635,0.6292981709910676,0.6306191739105356,0.63331621297723,0.6344137713184972,0.6300998814965296,0.6306764366901375,0.24627359807641164,0.20234033854060787,0.6246806336228923,0.6197362824330072,0.6254066084574559,0.6212967665481632,0.1705199383403101
0.629807528530063,0.6314329234598625,0.6261675882603146,0.6278706019746686,0.629327170005136,0.6308692390882089,0.6250550194684273,0.6265059208316283,0.19218750544992877,0.1777636846797095,0.6229773462783172,0.6223734581029349,0.6237801746276324,0.6181648891146099,0.1286103769579127
0.6274740248679953,0.6296647582618353,0.623717566992769,0.6253293024932499,0.6272042458483137,0.6292480996991644,0.6224479431183343,0.6239230827100534,0.16578679346665776,0.14382328836941502,0.626128427865781,0.6202467035304126,0.6260058209210753,0.6187574064669037,0.0759424957488261
0.6270993016521887,0.6297634469715818,0.623241173968524,0.6261872083259976,0.6266221537407979,0.6303073846193938,0.6214660572202473,0.6242326786940111,0.15322731237146212,0.12613221064982527,0.6299608243910748,0.6279030199914929,0.6324259544598527,0.6248518706619266,0.0907500552106458
0.6269630386646228,0.6301982850360708,0.6235474266269672,0.6266173619096612,0.6271700051361069,0.6296154121511018,0.6213983409514137,0.6241287097844956,0.11705290253792748,0.12390202257719751,0.6310679611650487,0.6274776690769884,0.628231467214518,0.6239207719654647,0.119441646431942
0.6284278657809574,0.6308004464255689,0.6251637601020842,0.6270175578759715,0.6288135593220339,0.6309517345630983,0.6220585745725411,0.624285118074264,0.08828914737690241,0.09150173589652656,0.6320047692045649,0.627817949808592,0.6336243793870913,0.6245979346538006,0.0267011625351847
0.6310849940384944,0.6326212934723802,0.6275116971501487,0.6293827530317336,0.6318781030645437,0.6336687874887926,0.6243947858472998,0.6261387272123106,0.0750087336541151,0.0817372600456764,0.6362629875660026,0.634113143343258,0.6391028933401814,0.6298459454884036,0.0622083083439761
0.6334866291943453,0.6344597301965985,0.6303190131858782,0.631016263257509,0.6344461564800548,0.6353945543254053,0.6268495005925174,0.6277694782058708,0.07236255119261432,0.075395367844225,0.6381366036450351,0.6342832837090598,0.6388460879986304,0.6310309801929914,0.0627115834413222
0.6358030999829672,0.636820879575794,0.6336877924287536,0.6355931475736293,0.6368430063345317,0.6383997707943494,0.6300152361604876,0.6320731683045064,0.10182218996170422,0.12961299491484843,0.641543178334185,0.6447469162058698,0.6444102037322377,0.6406805485017777,0.2380482490560953
0.6389882473173226,0.6402118189961378,0.6376860910250957,0.6395518190686523,0.6412429378531074,0.6423435554653649,0.6338581344167937,0.6357605332853361,0.09464317217332059,0.11425751577324024,0.6469936978368251,0.6474691620586982,0.650231124807396,0.6431352632469953,0.0835465574900239
0.6425481178674844,0.6434092533158832,0.6406975754997871,0.6406596701064515,0.6442047594589968,0.6443735327824227,0.6375148129338075,0.6381341312698472,0.12259751081219968,0.13166262909202017,0.6498041219553738,0.64287537218205,0.6484334874165383,0.6428813272388694,0.16647285572958
0.6435019587804462,0.6426168995875262,0.642211824755423,0.6410012432781135,0.6452491011813046,0.644357222505522,0.6392585068562724,0.6382775592134741,0.12694296038106095,0.11575360479077434,0.6410321921308124,0.6416843896214376,0.6443246019517206,0.6385644151007279,0.0839355561882827
0.6447112927950945,0.6431390242977763,0.6443555933645256,0.6423348711035998,0.6468070535867146,0.6451167650122415,0.6412730658540715,0.6392196312029785,0.13640344910955293,0.11384041222177686,0.6441832737182764,0.6450021267545724,0.6466358500256806,0.6411037751819875,0.1100140270837819
0.6522227899846704,0.6551262376258723,0.6509230114844746,0.6540845830042713,0.6543057695600069,0.6573791045410605,0.648586422888099,0.6518955320259573,0.1599200267140589,0.19443732050739296,0.6791006642820645,0.6775840068056146,0.6819037835986987,0.6772473336719147,0.3556311370786252
0.6592062680974282,0.6640545212174527,0.6575414717141641,0.6629102097385627,0.660914227015922,0.6660105403896975,0.6551887590993737,0.6599793361184279,0.17015510749416377,0.17453220080177803,0.6819110884006134,0.6805614632071456,0.6832734120869715,0.676146944303369,0.1347219613905482
0.666513370805655,0.6714828926438047,0.6652998723947255,0.6691625983539943,0.6684985447697313,0.6727920523216598,0.6624851870661927,0.6664407131032734,0.1749004234927311,0.17975461244199095,0.6863396354965083,0.6816673755848573,0.6863550761855848,0.6793634670729642,0.1901994357224168
0.67491057741441,0.6753280034873989,0.6733134836239897,0.6733592141585824,0.6767847971237801,0.6771133227884283,0.6710343660064331,0.6713972453361589,0.19931454353967532,0.1885051271023285,0.6830182251745871,0.6817524457677583,0.6857558637219654,0.68131030980193,0.2060061564230036
0.6822517458695284,0.677181707656222,0.6802211824755422,0.6754196831098332,0.6838212634822805,0.6786816091316794,0.6780091416962926,0.6729240481012009,0.20783121935763268,0.17653588679274201,0.6808891159938684,0.679540621012335,0.6818181818181819,0.6759776536312849,0.152597406173569
0.6832055867824904,0.6794110947197728,0.6804934070608251,0.6765948319838984,0.6845745591508303,0.681011160068269,0.6781784323683765,0.6746472944115789,0.1550086290154846,0.1481966529844562,0.6838698688468745,0.6789451297320287,0.6856702619414483,0.6780937870323347,0.0915181853678846
0.6830011923011414,0.6799037684778048,0.6825180774138663,0.6812914929800495,0.6845745591508303,0.6817652440745032,0.6800406297613002,0.6782508400303816,0.274234756583927,0.34241530173389084,0.6808891159938684,0.690684814972352,0.6832734120869715,0.6854579312679872,0.7308525992327601
0.6843978879236929,0.6843768835216251,0.6837430880476392,0.6834584715712736,0.6858757062146893,0.6854637665512953,0.681394955137972,0.6808789246723621,0.2907249694758101,0.31916036788320473,0.6933231136092659,0.6877924287537217,0.6928608115048793,0.6861350939563231,0.2726505001818325
0.6860671095213764,0.686706033402085,0.6849510846448318,0.684903123965423,0.6875535011128231,0.6883574571050751,0.6825630607753513,0.682969562444517,0.2819837152918712,0.26687354042323946,0.6913643331630048,0.6877924287537217,0.6941448382126347,0.6871508379888269,0.162299885503309
0.6865269971044116,0.6855335402377382,0.6856826882177794,0.6843349622693063,0.6882554357130628,0.6873475896765102,0.6831894362620621,0.6816828853179575,0.2763963428615069,0.21946920828940872,0.6831885539090445,0.6831986388770733,0.6853278548193802,0.6791095310648385,0.1246605440217472
0.686101175268268,0.6842692800472108,0.686295193534666,0.6835591936183579,0.6875363807567197,0.685590055504251,0.6829524293211445,0.680091507654554,0.28036222038768077,0.18342866319252382,0.6817407596661558,0.6820076563164609,0.6820749871597329,0.6769087523277468,0.111347572998754
0.6873786407766991,0.6852716678768154,0.6846448319863886,0.6831837981558938,0.6876391028933402,0.6849890445928586,0.6820890468935163,0.6804413448129848,0.1710239202073535,0.18367280823872387,0.6872764435360246,0.6824330072309653,0.6837870227700737,0.6811410191298461,0.1841610983311239
0.6865780957247489,0.6866212413677152,0.684883028498511,0.6851170025420407,0.6871083718541345,0.6867284151648562,0.6823260538344338,0.6827342727622935,0.1730390399387296,0.21669057177205361,0.6893203883495147,0.6889834113143342,0.6902071563088512,0.6873201286609107,0.2827260988387131
0.6888775336399252,0.692034668491439,0.6863122075712461,0.6883907764004927,0.6885636021229242,0.6916259399620984,0.6839681733536483,0.6869433270364954,0.17827871839339693,0.20729314044025096,0.7028615227388864,0.6949383241173966,0.7014209895565828,0.6953614355848994,0.1884982777766457
0.691619826264691,0.6936564513385838,0.6890684814972351,0.6912538537693346,0.6915939051532273,0.6945770832983641,0.6865752497037414,0.6886771889627651,0.172768200283479,0.1705647447842198,0.6969000170328734,0.6969800085070182,0.7004793699708953,0.6921449128153041,0.0971079534721575
0.6896951115653212,0.6864766962821581,0.6868566567418118,0.684485413359338,0.6902585173771614,0.6881840716253774,0.6850008464533606,0.6821303713337908,0.23552124448742595,0.2554140945289761,0.6721171861693069,0.6709485325393448,0.6753980482794042,0.6690367360758422,0.4251127940184888
0.6872764435360247,0.6827121653179526,0.6825350914504466,0.6765986691642715,0.6867146036637563,0.6808118658179341,0.6829524293211444,0.6783865587121158,0.27524696093619644,0.29787262321097624,0.6751831033895419,0.6608251807741387,0.6660674542030474,0.6708989334687658,0.3827896805749764
0.6830011923011414,0.6777894876036678,0.6776520629519353,0.6725885357167737,0.6826057181989386,0.6770954868735437,0.6782292195700017,0.6734923991098096,0.23611823541085092,0.22760923921131257,0.6679441321750981,0.6645682688217779,0.669662728984763,0.6637040799051972,0.0870824712119852
0.6768863907341169,0.6759554967036999,0.6751850276478094,0.6759267396767715,0.676819037835987,0.6755595204963042,0.6754189944134079,0.6760983693405164,0.28304330992915977,0.29278070959693847,0.6722875149037644,0.6826031475967672,0.672487587741825,0.68131030980193,0.4231236503681903
0.6724237778913305,0.6754993154087803,0.670676307954062,0.6754299631306081,0.6721794213319636,0.6761334428144625,0.6709835788048079,0.674054857817779,0.30267619722656247,0.2602779363843492,0.6745869528189408,0.6744364100382815,0.677281287450779,0.6699678347723041,0.1952723899591707
0.6741781638562427,0.6772959156038096,0.6717311782220331,0.6756942700468055,0.6733093648347885,0.6777715504741512,0.6717453868291857,0.6736518306110965,0.2276946512587202,0.19025364564932545,0.6808891159938684,0.6762228838792003,0.6810477657935285,0.6728457761977316,0.0502050641792779
0.674978708908193,0.6779258866189709,0.6737898766482348,0.6741690709995858,0.6752097243622667,0.6770374509295802,0.6719316065684782,0.6730445644624735,0.16652917701349979,0.15248986688250835,0.6791858286492933,0.6711186729051465,0.6755692518404381,0.6718300321652277,0.0769623093488741
0.6761880429228413,0.6766141918287604,0.6748957890259463,0.6728119909031691,0.676271186440678,0.6763483137453266,0.6728965633993569,0.6715393309948459,0.15679163456371853,0.1144581642426985,0.6739908022483394,0.6700978307103359,0.674970039376819,0.6685288640595906,0.0383947589630788
0.675046840401976,0.6732699619856529,0.6702339430029773,0.6683059664294202,0.6741996233521658,0.6716087999299724,0.6683595733875064,0.6672346739107899,0.12638273983954318,0.16666516841090354,0.6665815022994379,0.6592939174819225,0.6621297722992638,0.6586253597426783,0.2710791767473136
0.6728495997274742,0.6700468911392458,0.6696554657592513,0.6693853188928305,0.6720766991953433,0.6699614221755371,0.6678855595056714,0.6673557043949029,0.11884391202351108,0.16363619590027245,0.6636007494464318,0.6715440238196512,0.6666666666666667,0.6675977653631286,0.1575782508790103
0.6709930165218874,0.670566660748142,0.6683623989791576,0.6695093959214645,0.6706899503509673,0.671345621974241,0.6663958015913325,0.6667027984719476,0.11804788741030228,0.12449911097125958,0.6716061999659344,0.6697575499787324,0.6741140215716486,0.665396986626037,0.0462249411132338
0.6700732413558168,0.6719067581050749,0.667443641003828,0.6685145582904758,0.6694059236432117,0.6706134540833809,0.6654647028948706,0.666860045208938,0.13077468016835445,0.1298648316938847,0.6745869528189408,0.6665248830284983,0.6691491183016607,0.6671745386829186,0.140596273139135
0.6686424799863738,0.6702168372037581,0.666099532113994,0.6668021342807057,0.6677110083889745,0.6692407904241314,0.6635855764347386,0.6642844407256021,0.15442437830426314,0.13879097101013058,0.6668369954011242,0.6633772862611652,0.6664954631056326,0.6591332317589302,0.1566432496426223
0.666990291262136,0.6662514110285884,0.6644661846022968,0.6615771494949493,0.6665639445300462,0.6649586779509618,0.6622312510580668,0.6601408714368412,0.17081372506365067,0.21020261752150407,0.658320558678249,0.6511271799234367,0.6563944530046224,0.6518537328593195,0.3530259105442511
0.667058422755919,0.6654814096575079,0.6620672054444916,0.6609011423401746,0.6662215374079781,0.6649573289860832,0.6603351955307264,0.6594664102000363,0.18694548639431627,0.21954743085844886,0.6639414069153469,0.659549128030625,0.6649546310563259,0.6581174877264264,0.2382370575323384
0.6652188724237781,0.6644570892067484,0.6593619736282431,0.6593445585259464,0.6635336414997431,0.6635297333342135,0.6583037074657188,0.6580574555670238,0.21710737887757273,0.21204308841547126,0.6624084483052293,0.6562313908974903,0.6606745420304743,0.6552395463009988,0.1970344035295161
0.661744166240845,0.6620425334392573,0.6570991067630795,0.6579665552515243,0.6612737544940935,0.6616363833139464,0.6560013543253768,0.6572592280384187,0.24531242800357397,0.23523589853336127,0.6572134219042753,0.6552105487026797,0.6578496832734122,0.6556627729812088,0.2816215187691413
0.6631578947368422,0.6659969015865418,0.6585282858358144,0.662152097375963,0.6631741140215717,0.666423342456972,0.6578127645166751,0.6609029129307533,0.27933833138833997,0.2657481878777249,0.6739056378811106,0.6705231816248404,0.6759972607430234,0.6681902827154225,0.3267727665664522
0.6658661216147166,0.6679518320802348,0.6632752020416843,0.6663886519015706,0.6668378702277007,0.6691866396497373,0.661943456915524,0.6647710069050234,0.2552892900158777,0.2547590264791298,0.6718616930676207,0.6748617609527859,0.674713234035268,0.6725071948535637,0.2327807036819396
0.6684891841253621,0.6709867945430146,0.6663547426626966,0.6692413783129427,0.6696798493408663,0.6725126019738762,0.6646521076688675,0.6670675851010636,0.23997074524183376,0.22372079554012614,0.6770567194685744,0.6749468311356869,0.6791645266221538,0.6716607414931437,0.1616443336621189
0.6709930165218874,0.672300399791295,0.6697065078689918,0.6704909911849506,0.6729498373566171,0.6740165620189934,0.6673099712205859,0.6675546780872392,0.20936199991225052,0.16381075598728406,0.6749276102878556,0.6729902169289662,0.6770244821092279,0.6685288640595906,0.0439906768815999
0.6755407937319027,0.6748510358456473,0.6733134836239897,0.6714091366158567,0.6771785653141584,0.6756754823663688,0.6711867276113087,0.6700519703697673,0.17512281729783047,0.1460157058905364,0.6799523079543519,0.6732454274776688,0.6789933230611196,0.6750465549348232,0.110425605697041
0.6766138647589849,0.6763243549026056,0.6742152275627391,0.6726167248501004,0.677829138846088,0.6768670310451362,0.6720839681733538,0.6709268087550608,0.12595046297086704,0.12431413557090264,0.6792709930165219,0.6750319013185878,0.6792501284026708,0.6726764855256477,0.0809109949316351
0.6779935275080907,0.6771362388727868,0.6744364100382814,0.6737337076768993,0.679130285909947,0.6783176771482783,0.6721178263077705,0.6715100343452565,0.08987872749879355,0.10035009915445912,0.6787600068131494,0.6759676733304975,0.6812189693545625,0.6726764855256477,0.0524220263215721
0.6753023335036621,0.6726244090640018,0.6732284134410887,0.672124754501174,0.6765964732066426,0.674376939134063,0.6715422380226851,0.6706009562527431,0.15728419796968024,0.23312396144182354,0.6636007494464318,0.6689068481497235,0.6664954631056326,0.6687828000677163,0.4986716860165523
0.6735138817918584,0.6704113899522802,0.6715270097830709,0.6695775692137417,0.6749015579524054,0.6724345947020559,0.669917047570679,0.6672016081016819,0.17369561980857018,0.19743190298656552,0.6659853517288368,0.664483198638877,0.6685499058380415,0.66040291179956,0.1260477860760495
0.6710952137625619,0.66956058257081,0.6692981709910675,0.6670854573150451,0.672521828454032,0.6706546216577879,0.6668528864059592,0.6647096551048627,0.17613792215950647,0.17250030780828451,0.6678589678078692,0.662101233517652,0.667094675569252,0.6597257491112241,0.1226371174517225
0.6685062169988079,0.6684823914464572,0.6659293917481921,0.6641196399114336,0.6690635165211437,0.6677559373512686,0.6639580159133234,0.6625404810907313,0.18005467460231367,0.1484984575874134,0.6663260091977516,0.6581880051042109,0.6619585687382297,0.6582021330624683,0.1004947571456711
0.662493612672458,0.6618872560247715,0.6600935772011909,0.6583426268061195,0.6627632254750899,0.6617431296089437,0.6583883528017608,0.6566363773830991,0.22283300280376467,0.18777019416788465,0.6486969851814002,0.6467886005954911,0.6497175141242937,0.6448281699678349,0.2663136673288272
0.6600749446431613,0.6584273071164973,0.6561973628243299,0.6553703432925526,0.659613079952063,0.6580769982361284,0.6537497883866601,0.6529542442528037,0.14635519785053905,0.16394101652873116,0.6515074092999489,0.6494257762654189,0.650744735490498,0.6455899779922127,0.1162826612504242
0.6568727644353602,0.6556096883076087,0.6524202467035304,0.6521127682066613,0.6563088512241054,0.6560609195568369,0.650296258676147,0.6496812505842009,0.14694575441607155,0.15229420065372481,0.6499744506898315,0.6455976180348787,0.6520287621982537,0.6431352632469953,0.1290005689037121
0.6550672798501107,0.6566836404989463,0.6501573798383665,0.6516708118683853,0.6542544084916966,0.6563147670069605,0.6485525647536822,0.6501232602224338,0.13788290166226738,0.1273037516633837,0.6588315448816215,0.6507868991918332,0.6568224619072076,0.6510072794988997,0.0773228536827015
0.6529892692897292,0.6564344124645789,0.6486261165461504,0.6512911041266336,0.6531758260571819,0.6563983968598591,0.6466734382935501,0.6496843404022252,0.12118599993868555,0.09053925061817647,0.655935956395844,0.6505316886431304,0.6565656565656566,0.648806500761808,0.017010248527762
0.6553909044455801,0.657857995296604,0.6505316886431304,0.6529662231112194,0.6555041944872453,0.6580520499981096,0.6485187066192654,0.6511410641336205,0.07793327323037272,0.07704284500787198,0.6607051609606542,0.6563164610803912,0.6613593562746105,0.6540545115964111,0.050050033787263
0.6565832055867826,0.6577283018663899,0.6516716290940023,0.6536859749140725,0.657301831878103,0.6586123408136687,0.6500253936008127,0.6518018470557301,0.0682370263243259,0.07396237224531138,0.6574689150059616,0.6551254785197788,0.6597329224447868,0.6531234128999492,0.0678014267201902
0.6549991483563278,0.6525035894234458,0.649817099106763,0.6478989726422756,0.6550933059407635,0.6527369380462978,0.6484002031488065,0.6462043350328083,0.11513554649544129,0.1704726380833039,0.6420541645375575,0.6363249680986814,0.6409861325115562,0.6350093109869648,0.3634931697592889
0.6512178504513713,0.6483107447345767,0.6477754147171416,0.6454588075094257,0.6523198082520116,0.6494762831853479,0.6454037582529204,0.6428112416950283,0.11076727836207143,0.13214226306082003,0.6399250553568387,0.6405784772437261,0.6429549734634481,0.6360250550194686,0.0554815130158523
0.6493101686254472,0.6476730122451259,0.6446448319863888,0.6419321300027393,0.6488957370313302,0.6461326222776484,0.6436262061960387,0.6418470746224855,0.15412229392110147,0.1660232841481841,0.646397547266224,0.6348787749893662,0.6394453004622496,0.6399187404773998,0.2337853263229122
0.6453415091125874,0.6454026292955356,0.641344108889834,0.6412257018676989,0.6451634994007875,0.6449878042257312,0.6397833079397326,0.6395113898532839,0.15589725881667674,0.1303238088538358,0.640861863396355,0.6398128455976179,0.6426981681218968,0.6348400203148807,0.0589248582651392
0.6415942769545222,0.6431793376022358,0.6360187154402382,0.6369833050023991,0.6395993836671803,0.6406293174094043,0.635364821398341,0.6366845866331864,0.1910020782700629,0.16799104723159752,0.6387327542156362,0.6284985112717992,0.6319123437767507,0.6310309801929914,0.243325523987121
0.6392096746721172,0.6388299427766679,0.6346916205869843,0.6345520346124033,0.637151172744393,0.6366679042388096,0.6334349077365837,0.6329096386481837,0.15453462519819394,0.17237933295437977,0.6301311531255323,0.6296894938324117,0.6287450778976202,0.6253597426781785,0.1811559043999442
0.6365014477942429,0.6346812688402678,0.6314759676733305,0.631201427300088,0.6336928608115049,0.6329997407588753,0.6306246825799899,0.6292644021776223,0.18763736803370623,0.18858463103405776,0.6263839209674673,0.6245002126754572,0.6256634137990069,0.6219739292364992,0.2209952271934138
0.6315789473684211,0.6303825276058834,0.6280561463207145,0.6267275076088209,0.62944701249786,0.6280718468039251,0.6256136786863045,0.6244641751214056,0.19050923949928408,0.20843798190630566,0.6217850451371147,0.6177796682262865,0.6182160588940249,0.6148637210089725,0.2481446836508014
0.6260943621188895,0.6247346641201547,0.6217949808592088,0.6206540111692437,0.6233521657250469,0.6227892092885609,0.6202640934484511,0.6190068147894751,0.23308398131264213,0.2295581770481803,0.613438937148697,0.6085070182900892,0.6122239342578324,0.6080920941256138,0.2717985673319296
0.6213421904275253,0.6214804079997079,0.6182390472139514,0.6173422884613333,0.6200821777092963,0.6203802740917062,0.6156085999661419,0.6152557141201319,0.20801154659750978,0.1923599015026066,0.6149718957588146,0.6107188430455125,0.6155624036979968,0.6077535127814457,0.1179633504114592
0.6184125361948561,0.6194812326538677,0.614768183751595,0.6156732511477654,0.6174114021571648,0.6187172494401251,0.6130523108176741,0.6143632417253676,0.2116006699809577,0.19460710810746562,0.6154828819621871,0.6123351765206294,0.6153912001369628,0.6125782969358389,0.1991015213171837
0.6164026571282577,0.61843233031407,0.6101403658017863,0.6109025417406483,0.6137476459510357,0.6149263772162039,0.6108515320805824,0.6132321730005922,0.22341866705438038,0.22309980959181952,0.6163345256344746,0.6013611229264142,0.6073446327683616,0.6109700355510412,0.2800852125605274
0.6127065235905299,0.6133896793588719,0.6072649936197362,0.6084026302657773,0.6110426296866974,0.6115145773349138,0.6081259522600305,0.6092333893024658,0.2028188820959449,0.19711512601408762,0.6033043774484756,0.6034028073160357,0.6046909775723335,0.601235821906213,0.1451457588586238
0.6108329075114973,0.6102834051570928,0.6050701829008932,0.6047794084091429,0.6087313816127375,0.6078989495192868,0.6058743863213137,0.6051003476789871,0.22853506468044196,0.2648699107608634,0.6040708567535344,0.597532964695874,0.6006676938880329,0.5968342644320298,0.400379480254415
0.6072560040878898,0.6058847296516541,0.6020246703530411,0.6016833657081794,0.605512754665297,0.6050890559997893,0.6033519553072627,0.6017806843563882,0.254468335707896,0.25912317569015214,0.5970873786407767,0.5954912803062525,0.5994692689607943,0.5951413577111903,0.2476297055487295
0.6057911769715552,0.6066427352279409,0.5999319438536792,0.6017460918133928,0.603578154425612,0.6052987703127055,0.6009141696292535,0.6013169124195232,0.23721531637857093,0.21036092535028747,0.6081587463805145,0.6018715440238195,0.6057181989385378,0.6003893685457932,0.1128364246705581
0.6026741611309829,0.6046783056291649,0.5990982560612503,0.6002282891970186,0.6025509330594077,0.6042686888542502,0.5983409514135771,0.600245923103902,0.2115900133625368,0.19089351606031058,0.600749446431613,0.5971926839642704,0.6022085259373395,0.5981039444726596,0.1519586974803568
0.6007664793050589,0.6010408598590617,0.5984347086346234,0.600180549525646,0.6008560178051703,0.6015845930032159,0.5977822921957001,0.5996447906748772,0.232415239496714,0.210352973883377,0.5937659683188554,0.6000850701829008,0.5962164013011471,0.5984425258168277,0.2492718895295098
0.599931868506217,0.6006598408258164,0.598383666524883,0.5992129510661545,0.6006163328197226,0.6008794849890754,0.5969866260369054,0.5973818383292703,0.17050527057438727,0.17051186113651176,0.5998978027593256,0.5972777541471713,0.5994692689607943,0.5928559336380566,0.0908296356427813
0.6009197751660706,0.6011155311972257,0.5986899191833261,0.5984828152435925,0.6011641842150317,0.6013224986384967,0.5970374132385305,0.5967196567926188,0.13791283381788375,0.1418970813464118,0.6020269119400443,0.5970225435984686,0.6022085259373395,0.5953952937193162,0.0846675217662119
0.5984500085164368,0.5993469918422657,0.5963249680986813,0.5956708063625934,0.5986646122239343,0.5986217787533481,0.5959539529371932,0.5961371268747814,0.18845809287100693,0.21645229420966586,0.5958099131323455,0.5900467886005953,0.5932203389830508,0.5949720670391062,0.365562719936174
0.5975813319707035,0.5983666824624927,0.5958485750744363,0.5953841105227441,0.5981338811847287,0.5989328094160026,0.5951752158456071,0.5954948375880971,0.20227793709162262,0.21798750233425565,0.5964060637029467,0.5948107188430454,0.5995548707413114,0.5942102590147285,0.2210579185834352
0.5985351728836655,0.598422845936217,0.5947426626967246,0.5951079097799435,0.5983564458140729,0.5983982810932912,0.5942441171491452,0.5949255691702375,0.19045776463614494,0.2087153439735443,0.5985351728836654,0.5945555082943427,0.5973292244478685,0.5937870323345183,0.1901710272521216
0.5953840912962017,0.5936626955648135,0.5905742237345809,0.5888837929654466,0.594658448895737,0.592591948851899,0.5915523954630102,0.5897494878492854,0.25579406126206317,0.2783139355731536,0.5841423948220066,0.5764355593364524,0.5809792843691148,0.5793973252073812,0.4175111187723722
0.5917901549991484,0.5904608738614683,0.588872820076563,0.5887610370797575,0.5913028590994693,0.5902048248865995,0.5897071271372949,0.5885559759297703,0.28878283977861413,0.26874642849842467,0.5840572304547778,0.5885155253083794,0.5854305769560006,0.5861689520907399,0.2496114143489668
0.5913983989098962,0.5915909601363403,0.5891280306252658,0.5896149718345413,0.5917137476459511,0.5918948104962195,0.5884882342982902,0.588663184901208,0.24385731770068916,0.22614265551446625,0.5938511326860842,0.5913228413441087,0.5952747817154597,0.5888776028440833,0.1409351095465494
0.5921137795946178,0.594388295799745,0.5903190131858782,0.5933318584383969,0.5904468412942989,0.5923366533251633,0.5892500423226681,0.5917818896463445,0.27736231346098894,0.2802894028046221,0.5999829671265544,0.600765631646108,0.5932203389830508,0.5980192991366176,0.3885828973849338
0.5938340998126386,0.5986377885244197,0.5918502764780944,0.5962918472107389,0.5924328026022941,0.5973107792127237,0.5910275943795498,0.595412857303872,0.2797546462764528,0.25423716564622845,0.6071367739737694,0.602211824755423,0.6072590309878445,0.6026747926189269,0.2021326913294411
0.5981434167944133,0.6009881855932401,0.5969204593789875,0.5981233894207989,0.5971751412429379,0.5997708453325936,0.5948027763670222,0.5963663165841625,0.21870965331753117,0.2069201617567403,0.6056889797308807,0.6017864738409188,0.6046909775723335,0.5982732351447435,0.112286153977764
0.6032192130812469,0.6038041943584753,0.601156954487452,0.6019815932307665,0.6022941277178565,0.6035223999985938,0.5987980362282038,0.5996259615216577,0.19807398832343043,0.1867578042973145,0.6094362118889458,0.6096980008507017,0.6110255093305941,0.6061452513966481,0.146433089378463
0.6070856753534322,0.6069306109213205,0.6049510846448319,0.6047522261975137,0.6061633281972265,0.6072218613698324,0.6025055019468428,0.6022222848268645,0.19713676581085127,0.1699215351927609,0.6131834440470108,0.610293492131008,0.6146207841123095,0.6074149314372779,0.1362489969836537
0.6107988417646057,0.6108033403416877,0.607537218205019,0.6077335839473571,0.61085430576956,0.6103729831947944,0.6066869815473168,0.6077904222642388,0.18597239302489912,0.22420136794689827,0.6185487991824221,0.6136962994470437,0.6166752268447184,0.6189266971389877,0.332761033455173
0.6127235564639755,0.6127890093846646,0.6102254359846873,0.6103733605161595,0.6132340352679335,0.6133012149564337,0.609040121889284,0.6100071129524135,0.18539951488062298,0.215890345500619,0.6167603474706185,0.6156529136537642,0.6191576784797124,0.6144404943287627,0.1992683006080605
0.6150059615057061,0.6142263412362875,0.6126074011059123,0.6114810068264543,0.6153398390686526,0.6139408088295988,0.6115625529033352,0.6102998720399421,0.2166647850070834,0.2334643985371013,0.6171010049395333,0.6136962994470437,0.6152199965759289,0.6108853902149993,0.2686125046100659
0.6176119911429059,0.6169730141825066,0.6147851977881752,0.6145163326383082,0.6180962164013012,0.6175630045510114,0.6135771119011344,0.6122725968218428,0.19498246752209672,0.16831676634257742,0.6224663600749447,0.6205869842620161,0.6248073959938367,0.6162180463856441,0.0380215019535297
0.6204905467552377,0.620507416824561,0.6172182050191406,0.617163731187484,0.6207498715973292,0.6210050230648243,0.616421195192145,0.6153935138453389,0.18941274597650706,0.1483446406469534,0.6275762221086698,0.6224585282858356,0.62788906009245,0.6216353478923311,0.1084003892557054
0.6212740589337422,0.6211603979080222,0.6178136962994468,0.6170004060745143,0.6218798151001541,0.621444996829497,0.6157609615710176,0.6154708522413427,0.13695010334441593,0.12237903386287474,0.6224663600749447,0.616673755848575,0.6223249443588426,0.6156255290333503,0.0704478202947174
0.6207119741100324,0.6187569063893713,0.6166227137388345,0.6145662709999101,0.6201677794898133,0.6178291646956676,0.6143558489927206,0.6127855453066544,0.13576823754951758,0.14603901311977271,0.6139499233520695,0.6096980008507017,0.6105975004280089,0.6074149314372779,0.1933589716335687
0.619996593425311,0.6170126380982228,0.615533815397703,0.6124614499137356,0.6196541688067112,0.6161034241839177,0.6133401049602167,0.610459253555263,0.09494022655915699,0.1188501586326028,0.6135241015159258,0.6082518077413864,0.6126519431604178,0.6058066700524802,0.064472449658263
0.6174586952818942,0.6146007151847689,0.6125733730327518,0.6102358907549106,0.61703475432289,0.6146390573141886,0.6108176739461656,0.6081747994753048,0.08953125381495017,0.08289231849923373,0.6097768693578609,0.6057847724372606,0.6117103235747303,0.6036058913153886,0.0109766382324956
0.6144098109351048,0.613844410248087,0.6093066780093576,0.6088656115595618,0.613799007019346,0.6136628127343692,0.6073980023700696,0.60696219632082,0.07754790016887216,0.07142275267459426,0.6123318003747233,0.6061250531688641,0.6117103235747303,0.6045369900118505,0.0484836210253153
0.6109521376256175,0.6109556046745607,0.6043215652913652,0.6031598051259123,0.6084745762711864,0.6076761386955943,0.6042153377348909,0.6045455328330325,0.11572780114401242,0.13473094350653572,0.6051779935275081,0.5917481922586132,0.5957027906180449,0.5997122058574573,0.2613473251704187
0.6060637029466872,0.6038063197688464,0.5986558911101657,0.5958964133988429,0.6034411915767848,0.6002609514490631,0.5991535466395803,0.5970656805422632,0.12887997747148652,0.17619391342800358,0.5895077499574177,0.5813696299447042,0.5854305769560006,0.5821059759607247,0.2591198532709393
0.5944983818770229,0.5877700452350988,0.588974904296044,0.5838799001561547,0.5923814415339839,0.5859583652815131,0.5894193329947521,0.5837556543042886,0.2628780598309004,0.36228356277044654,0.5556974961676036,0.5598468736707782,0.5573531929464133,0.5571356018283393,0.7344628614553325
0.5846363481519333,0.5786689304008704,0.5789196086771585,0.5744226982183807,0.5820921075158363,0.5773934613490063,0.5797866937531743,0.5743180012386923,0.3010012264748954,0.3087198656644545,0.5604667007324136,0.5555082943428328,0.5602636534839924,0.5554426951074997,0.2015924714524704
0.5738034406404361,0.5718350412063261,0.5689153551680135,0.5683163940199668,0.571939736346516,0.5719117968087137,0.5700186219739293,0.5681108778643367,0.33006359642238703,0.2704117340305608,0.5581672628172374,0.556103785623139,0.5609484677281287,0.5556966311156255,0.1937954707627734
0.5606540623403169,0.5610337281465214,0.5576520629519353,0.5573548397393852,0.5608628659476117,0.5613806774136503,0.5580497714575927,0.5586965696681493,0.38198704720615784,0.35392934905013157,0.539431102026912,0.535431731178222,0.5403184386235234,0.5398679532757746,0.5209645790892731
0.5506387327542157,0.5538328527733183,0.5486176095278604,0.5503023474343668,0.5519774011299434,0.5545882025649868,0.5490096495683089,0.5514328352835346,0.3743318961125649,0.30956759863441247,0.539431102026912,0.53619736282433,0.5410032528676596,0.5369053665143051,0.2208440978029742
0.5488502810424121,0.5514736477184071,0.5491450446618459,0.5543629147364798,0.5503852080123266,0.5528562108294341,0.5494667343829355,0.554095565489514,0.307386431747434,0.33962357896616774,0.5467552376085847,0.562484049340706,0.549392227358329,0.5594210259014729,0.3997355396296783
0.5485607221938342,0.5539887339754463,0.5462696724797957,0.5499524209685137,0.5474405067625406,0.5504175229646436,0.548721855425766,0.5533031437668935,0.32524801650132856,0.32338251771809284,0.5590189064895248,0.5411314334325817,0.5455401472350625,0.5517183003216523,0.2909003952219431
0.5467893033554762,0.5524292121921133,0.5459634198213525,0.5514924547559835,0.5453689436740284,0.550475232738285,0.5488065007618081,0.5542420484432076,0.3451533956428843,0.3133624673022459,0.5493101686254471,0.5545725223309229,0.5505906522855676,0.5561198577958356,0.2933223664705519
0.5504343382728667,0.5541715669993638,0.5488728200765631,0.5509878806554139,0.5480397192261599,0.551540927286917,0.5510580667005248,0.5532032932852579,0.26782647573971724,0.2536849713926432,0.5576562766138649,0.5499787324542746,0.5536723163841808,0.5511257829693584,0.1343299795734378
0.5537898143416795,0.5548505387899012,0.551918332624415,0.5511335622914726,0.5505564115733608,0.5522228563924992,0.5540545115964111,0.5527647258547507,0.24811321863103677,0.20988258501495283,0.5562084823709761,0.5514249255635899,0.5535867146036637,0.5518875909937364,0.1222778122595721
0.553755748594788,0.5520953288179765,0.5544704381114418,0.5591705671195951,0.5504194487245335,0.5510510419663971,0.5567123751481294,0.5594132651231886,0.27800529030886584,0.32298702268290974,0.5465849088741273,0.57524457677584,0.5487074131141928,0.5727103436600643,0.5491958980188235
0.5567024357009028,0.559314333218684,0.560578477243726,0.5633375877777308,0.5560349255264508,0.558573205059148,0.560148975791434,0.5625759445948507,0.24951264098908116,0.2648037313296131,0.573752342020099,0.5716716290940024,0.5736175312446499,0.5689013035381751,0.1484371486230198
0.5631578947368422,0.5667387100808373,0.5656997022543597,0.5689512743131845,0.5623352165725046,0.5664128392113774,0.5642288809886576,0.5672237576572184,0.22186907908275627,0.22823733986605113,0.5815874638051439,0.5801786473840918,0.5820921075158363,0.5765193837819537,0.1551045569389272
0.5680463294157726,0.5718586233900637,0.5694087622288386,0.5688088603176795,0.5651600753295668,0.5668740961974154,0.5696123243609278,0.5708301717150488,0.2848496205197457,0.30190245549682915,0.5820984500085165,0.5685240323266695,0.5677966101694915,0.5780429998307094,0.4492326867583852
0.5726281723726794,0.5742783146452125,0.5748362398979158,0.5720600115147779,0.5700736175312446,0.5706342060022945,0.5742847469104453,0.5723033490571404,0.2915944155280792,0.25326889943163255,0.5791176971555101,0.5785623139089748,0.5781544256120528,0.5752497037413239,0.1560017873012394
0.5808550502469767,0.578758642512013,0.5764015312632921,0.5757303522107593,0.5766135935627461,0.5742252350920963,0.5763839512442865,0.575937687814517,0.22173204837095106,0.235473953698816,0.5877192982456141,0.5830710336027222,0.5814072932717,0.5832063653292704,0.1998840622331829
0.5828989950604667,0.5804964503705251,0.578205019140791,0.5773832576343386,0.5787193973634651,0.577532340144146,0.5782461486372101,0.5766958887106092,0.21488579978517888,0.19505127103059694,0.5839720660875491,0.5806890684814972,0.5841465502482452,0.5782122905027934,0.1142059056941589
0.5832907511497191,0.5815130483308185,0.5787664823479369,0.5792508262294995,0.5793186098270844,0.5800509500407416,0.578754020653462,0.5774835070948106,0.24658634825682152,0.2345699471194448,0.5835462442514052,0.5829859634198212,0.5850881698339326,0.5790587438632132,0.3136072992971405
0.5838869017203203,0.58270176650772,0.5812845597618035,0.5798720239516669,0.5829138846087999,0.5819582947198506,0.5787370915862537,0.5776417895614295,0.16570948938367674,0.17132942887718364,0.5850792028615228,0.5811144193960016,0.5857729840780689,0.5779583544946675,0.0448483923926614
0.582064384261625,0.5784695476258246,0.5766056997022542,0.5716373538381877,0.5792501284026709,0.5745840780070361,0.5767225325884545,0.573486829291729,0.20252542581038502,0.2275801090630493,0.5700051098620338,0.5551680136112291,0.5598356445814073,0.5651769087523278,0.3400814694347807
0.5790154999148357,0.5764713239211056,0.5786303700552955,0.578823031014768,0.5780003424071221,0.5747755064360095,0.57909260199763,0.5806767903195355,0.285829955983852,0.3571889770755388,0.5724748765116676,0.5931943853679285,0.5751583632939564,0.5950567123751482,0.6164067131005179
0.5789644012944984,0.5788864069426913,0.5786814121650361,0.5795301136865786,0.5778804999143982,0.5776994502188816,0.5796681902827155,0.5808146041890972,0.30124072961396253,0.30187924266526306,0.5837165729858629,0.5809442790301999,0.5835473377846259,0.5810902319282207,0.1912597738447115
0.5800374723215808,0.5822281377573998,0.580297745640153,0.5833759527228545,0.5790104434172231,0.5820455959286067,0.5818520399525987,0.583869066863608,0.2711143683709364,0.2555779928041786,0.5889115993868166,0.591067630795406,0.5907378873480569,0.5899779922126293,0.1629754930820096
0.5812808720831205,0.585250825728007,0.5815227562739258,0.5846637926701916,0.5800890258517377,0.5850856960359518,0.5835449466734384,0.5847203406086939,0.2751457827235748,0.19205381658807022,0.5912962016692216,0.5872394725648659,0.591165896250642,0.5864228880988659,0.0650054641558535
0.5840912962016693,0.5848529606369306,0.5854700127605273,0.5814106271282066,0.5840095873994178,0.583203281463904,0.585830370746572,0.5820149034451279,0.24498276124456836,0.1911246650719629,0.5840572304547778,0.5749042960442364,0.5794384523198082,0.5766040291179957,0.1892663620397483
0.5860841423948221,0.5840483429170976,0.584108889834113,0.5830700083307567,0.5852422530388631,0.5825760848063303,0.5837988826815643,0.5829763596467886,0.14938189777393257,0.17355057529708837,0.5824391074774316,0.5863887707358569,0.581321691491183,0.58489927205011,0.1384023957473392
0.5893374212229604,0.5893598843202499,0.5892981709910675,0.5910102338254952,0.5891114535182332,0.5893485032647121,0.5893516167259184,0.5916022071478563,0.18694120906082431,0.24205249362444903,0.5999829671265544,0.6068906848149723,0.6028933401814758,0.6088539021499915,0.3790563302791703
0.593459376596832,0.5960803816322248,0.5920714589536367,0.5956515127530807,0.5929635336414997,0.5962317648312713,0.5922464872185543,0.5958855863238403,0.17335201041099313,0.1930448290272505,0.6095213762561746,0.6049340706082517,0.6099982879643897,0.6044523446758083,0.0950294998328535
0.5951115653210698,0.59723930285162,0.5951509995746489,0.5979800670586962,0.595035096730012,0.5979957471185818,0.5957000169290672,0.598487236433037,0.18795591005410195,0.1747048734752996,0.5995571452904105,0.6026371756699275,0.6015237116932032,0.6036905366514305,0.1380249623713977
0.598926928972918,0.5992042181390861,0.6002211824755422,0.5987384482220316,0.5992124636192433,0.5987722603343761,0.6001354325376672,0.5985851933423566,0.1733272000409744,0.1551775196415699,0.6031340487140182,0.6002552105487026,0.6003252867659647,0.5987811071609955,0.1161228119741105
0.6010560381536367,0.5971643632197325,0.5978562313908974,0.5906803039188987,0.5990412600582092,0.5926700647849216,0.6015066869815474,0.596308643651408,0.20609229971661297,0.204194311136224,0.5930846533810255,0.5745640153126328,0.5804656736860127,0.5917555442695108,0.3022278941255322
0.5998126383920968,0.5960315649194402,0.5923436835389195,0.5868961844642934,0.5940592364321178,0.5877744505402872,0.5972913492466565,0.5934648335927846,0.19419224392770107,0.2426482245356862,0.5937659683188554,0.5793279455550828,0.5779832220510186,0.5877772134755376,0.3195560513346106
0.594617611991143,0.5918697913634285,0.5860655040408336,0.5824451806821362,0.5868173258003766,0.5831125452954194,0.5922295581513459,0.5886910187949415,0.2384153929667054,0.2671472313664158,0.5835462442514052,0.5735431731178221,0.5737887348056839,0.5791433891992552,0.3161452450278751
0.5922500425821837,0.5904862936574904,0.5817439387494683,0.5819732368591244,0.5829823660332135,0.5828580011494088,0.587878787878788,0.5864395742928412,0.23882050968559043,0.22478166956621815,0.5877192982456141,0.5810293492131008,0.5823489128573874,0.5819366852886407,0.1400505459658228
0.5882643501958782,0.5880593913658237,0.577252233092301,0.5805810519937052,0.5797123780174627,0.5832304496620095,0.5835110885390216,0.5832739196826153,0.2380460736740405,0.18727132368293242,0.5832055867824903,0.5777966822628667,0.5839753466872111,0.5769426104621636,0.112250631916361
0.5858627150400273,0.5857317534444729,0.5741216503615482,0.5733577352154263,0.5763739085772983,0.5767447419364032,0.5801252750973422,0.5804581054754482,0.22602144284188252,0.20554912911020237,0.5810764776017714,0.5589111016588685,0.5637733264851909,0.574826477061114,0.2421047399647422
0.5800374723215806,0.5787010872051894,0.5703615482773288,0.5690809685216127,0.5738743365862009,0.5729916153227793,0.5747418317250721,0.5739254025216943,0.21310939381372754,0.22203135480474687,0.5646397547266224,0.5605274351339854,0.5654853620955316,0.5608599966141866,0.2549958061938359
0.5795605518650998,0.5795212721264597,0.5713143343258187,0.5721563468011658,0.5755007704160247,0.5759680448667869,0.5738953783646522,0.5742539758135149,0.1641826281882887,0.17185804217005818,0.5811616419690002,0.5783071033602721,0.5819209039548022,0.574911122397156,0.0715114169006808
0.5779083631408619,0.5795002996257815,0.5687962569119522,0.5709172185820334,0.5731895223420647,0.5742429207403872,0.5719146775012698,0.5735137108662528,0.23487609225749412,0.27907798355065544,0.5794583546244252,0.5684389621437685,0.5707926724875878,0.5720331809717285,0.4935178663118499
0.5777550672798502,0.5804799022429982,0.5695278604848999,0.5744297124305573,0.573412086971409,0.5778580037715689,0.5736753004909431,0.5775910490476786,0.2654739331403211,0.27446526781060215,0.5824391074774316,0.5814547001276051,0.5850881698339326,0.58574572541053,0.2652398363304957
0.5778572645205247,0.58084908943038,0.5712803062526584,0.5721775851195917,0.5749015579524055,0.5756455629777703,0.5737260876925683,0.576754170388199,0.26677900633320734,0.26585354718345927,0.5815874638051439,0.5676733304976604,0.5712206813901729,0.57508041306924,0.2486301059291736
0.5771759495826947,0.5743104529660775,0.5735601871544024,0.5720940032939629,0.5744050676254067,0.571431345472026,0.576231589639411,0.5756319490415994,0.2607743735955248,0.25222657895744727,0.5612331800374724,0.5719268396427051,0.5630029104605375,0.5733875063484003,0.2249726425054233
0.5771078180889117,0.57648063014408,0.5752105487026796,0.5769156392298614,0.5747474747474748,0.575498543503065,0.5779583544946674,0.5782696149188791,0.30127020282821704,0.25948124032634556,0.5808209845000851,0.5865589111016587,0.583632939565143,0.5835449466734384,0.2739905630641421
0.5798330778402317,0.5820153045563952,0.5810803913228412,0.5838731512347666,0.5791474062660503,0.5812631390288652,0.5828000677162689,0.5842603256391646,0.28546876913211816,0.3111577261613488,0.5930846533810255,0.5977881752445767,0.5927923300804656,0.596241747079736,0.4145106978313552
0.5822517458695282,0.5861876855789016,0.5831731178222033,0.5865548783646494,0.5813216914911831,0.5861619580057754,0.5838496698831894,0.5865047958411541,0.2712205582232288,0.2721047447029156,0.5945324476239142,0.5919183326244151,0.5959595959595959,0.590993736245133,0.1939987817860492
0.5849770056208483,0.5891963779065158,0.5871884304551254,0.5869532167971899,0.5857216230097586,0.5885147516648672,0.5870154054511597,0.5879728941971331,0.26580024962738563,0.2552460174519296,0.5952137625617442,0.5877498936622713,0.5932203389830508,0.590909090909091,0.2215285629499575
0.5918412536194857,0.5913157252812303,0.5925988940876221,0.5909618637998563,0.5928779318609827,0.5919379860154642,0.5913153885220925,0.5902777366991101,0.2736432637780164,0.2582265827208121,0.5955544200306593,0.5989791578051892,0.5987844547166581,0.5948874217030643,0.2641877132585772
0.5964060637029468,0.5954254951599504,0.5972947681837516,0.5973206697273392,0.597312104091765,0.5965599242499945,0.595903165735568,0.5956797687130121,0.2749411683068314,0.26564441704994707,0.6036450349173905,0.6100382815823052,0.6058038007190549,0.606483832740816,0.2804800857082171
0.6010560381536366,0.6023951719847918,0.59906422798809,0.6004256045736494,0.6008560178051703,0.6012105823824937,0.5987641780937871,0.6006354487656185,0.24240322624762758,0.26103660721174343,0.6163345256344746,0.6066354742662695,0.610511898647492,0.6105468088708312,0.2518209875353362
0.6057060126043264,0.6075242212823156,0.6016843896214376,0.6019567833128171,0.6038178394110598,0.6043966229180101,0.6028948704926359,0.6043060319235379,0.2542749561756895,0.2584768819499485,0.6177823198773635,0.6050191407911526,0.610768703989043,0.611647198239377,0.2533574314263586
0.6124169647419521,0.6146056552715012,0.6101914079115269,0.6113995172461174,0.6115048793014894,0.6134829280904065,0.6110716099542916,0.6134682840214817,0.3520333855975758,0.4090914913197619,0.6287685232498723,0.6302849851127178,0.6316555384351994,0.6317927882173693,0.7103207100593888
0.6213081246806338,0.6230738434223567,0.6191407911527008,0.6221750361677646,0.6204074644752611,0.6234210789221097,0.6209073980023702,0.6236676433288068,0.41135572379733976,0.45966079563230694,0.6400102197240676,0.643726074011059,0.6432973805855162,0.644066361943457,0.560799404257397
0.6318174075966616,0.6341130454474145,0.6287367077839215,0.6341226456913128,0.6309707241910633,0.6351540857140949,0.6308786185881159,0.6345584074423861,0.4723880866899847,0.5016544971453519,0.6561914494975303,0.6580178647384091,0.6586200992980653,0.6563399356695447,0.5856419001714421
0.6424288877533642,0.6458726724376053,0.63906422798809,0.6421727888899125,0.6403869200479371,0.6426336831200169,0.6412899949212799,0.6439068351404745,0.5034979225560319,0.4702263870520919,0.6693919264179868,0.6582730752871119,0.6575928779318609,0.6626036905366515,0.4073701668655718
0.6525634474535854,0.6534001544178937,0.6514164185452997,0.6503752237856754,0.6510871426125663,0.6498457276840744,0.6518875909937364,0.6508162829608694,0.5290932016281772,0.4405955336304231,0.6684551183784704,0.6667800935772011,0.6642698168121897,0.6646351786016591,0.3813338267870855
0.6593765968318857,0.6565448596590534,0.6570140365801785,0.6530078409528208,0.6562403697996919,0.6523710432463252,0.6566277298120874,0.6523753494102879,0.4243337226991848,0.35590479422509097,0.662834270141373,0.6582730752871119,0.6574216743708268,0.6554934823091247,0.1865233154144268
0.6621018565832056,0.6555754125995915,0.6578136962994471,0.6512466848376809,0.6576442390001711,0.6516862710268545,0.656949382089047,0.6501417740496102,0.35398364773570273,0.3069528726300563,0.6536365184806678,0.647724372607401,0.6503167265879131,0.6456746233282546,0.2090490294399869
0.661948560722194,0.6555252651305515,0.6581539770310505,0.6540708793572629,0.657678479712378,0.6540546149709362,0.6570170983578805,0.6523206883709777,0.3045726071852963,0.317497480893174,0.6554249701924717,0.6597192683964269,0.6587913028590995,0.6566785170137126,0.3385866974194094
0.6590529722364165,0.6553215047500675,0.6567758400680561,0.6531747163955551,0.6569423043999315,0.6540070771038337,0.6545623836126631,0.6516571645175063,0.2732542834374122,0.2952578366374998,0.6549139839890992,0.6513823904721393,0.6539120013696285,0.6503301168105637,0.2507785481261516
0.6538068472151254,0.6509558342573833,0.6491705657167162,0.6450343848705374,0.6502824858757063,0.6463282927995768,0.6489927205011004,0.6467003973596197,0.2868630238104287,0.34663106730905596,0.6422244932720151,0.6287537218205018,0.6309707241910631,0.6367868630438465,0.4493775286521682
0.64857775506728,0.6462001593056377,0.6478434708634622,0.647235456920639,0.6461051189864749,0.6430638085079413,0.6473844591163027,0.646950990034792,0.3628903869958783,0.4199740886532622,0.6366888094021463,0.6516376010208421,0.6365348399246704,0.6474521753851363,0.5666601313416747
0.6460398569238632,0.6444491154582864,0.646873670778392,0.6457820953411093,0.6449066940592365,0.6434840729892011,0.6470797359065517,0.6460176624496943,0.38237547681712797,0.3821408852842532,0.6409470277635838,0.64287537218205,0.6443246019517206,0.6441510072794989,0.3064744785462353
0.6429739397036282,0.6429978716692897,0.6411739685240322,0.6409283159356155,0.6398561890087314,0.6401689745283254,0.6422041645505333,0.6414453283776699,0.37017347432746284,0.34728615184653017,0.6400953840912962,0.6312207571246277,0.6335387776065742,0.6323006602336212,0.2775766849710839
0.6398058252427186,0.6416897183410436,0.6380433857932793,0.6391953695632021,0.6363978770758433,0.6389861302539461,0.6393770103267311,0.6396950008156307,0.34920748169879545,0.2801736295586249,0.6390734116845513,0.6357294768183751,0.6366204417051875,0.6361943456915524,0.1459485849828144
0.6380684721512522,0.6389723881655899,0.6397958315610378,0.6386355632618993,0.6369970895394624,0.6373130156723505,0.6385982732351447,0.6374277264057254,0.3022257554587863,0.2582720521897908,0.6335377278146825,0.6375159506592939,0.6339667865091594,0.632893177585915,0.2144688974521227
0.6343382728666327,0.6319941964367431,0.6316120799659719,0.6293299898564371,0.631929464132854,0.6286075814121098,0.6317758591501608,0.6293985192572226,0.2898598099358603,0.34045816936887535,0.6180378129790498,0.6107188430455125,0.6111967128916282,0.6133401049602167,0.5048304037270445
0.6292113779594619,0.6264336487004053,0.6260825180774138,0.624629180817378,0.6267077555213149,0.6251437405727481,0.6254105298798037,0.623707133147386,0.2563793124654533,0.27332944331065034,0.6153125532277297,0.6152275627392597,0.6182160588940249,0.6123243609277129,0.1390719911942003
0.6239141543178335,0.6221588544279884,0.6216928966397276,0.6195103371903178,0.6226844718370141,0.6212366134435224,0.6208396817335365,0.6189535619323525,0.21811649914389092,0.21097383499485753,0.6136092658831545,0.6092726499361972,0.6134223591850709,0.6094464195022855,0.0862626183632719
0.6185828649293137,0.6189115578659762,0.6140195661420671,0.6121278329035692,0.6159732922444785,0.6151792568765182,0.6146605722024716,0.6144019739669778,0.23090801181278361,0.21061793943899768,0.612416964741952,0.5973628243300722,0.6030645437425097,0.6052987980362283,0.209906148327278
0.6129960824391075,0.6144756436985347,0.6064483198638875,0.6079717950251783,0.6099469268960794,0.6113978245067332,0.6078720162519046,0.6092514485890117,0.20762572377347474,0.17309777871119122,0.6056038153636518,0.5996597192683963,0.6038349597671633,0.5989503978330795,0.0980574572555783
0.6111224663600751,0.6125403399936521,0.6053253934495958,0.6070159336748033,0.6096730011984249,0.610874244472274,0.6062806839343153,0.6079621135167645,0.12411907582427258,0.14449757380113867,0.608669732583887,0.6051042109740535,0.6098270844033555,0.6053834433722702,0.0872971639810336
0.6069834781127577,0.6065660973261491,0.5999489578902594,0.6007924174307281,0.6042116076014381,0.6042191932845463,0.6014389707127139,0.6013466739510782,0.14235107215127304,0.17307570681049333,0.594617611991143,0.5883453849425776,0.5909090909090908,0.5881157948197056,0.2302319728292027
0.6025038323965254,0.6014477439847637,0.5963249680986814,0.5975791786132544,0.598698852936141,0.5980989908092261,0.5971559167089894,0.5969081657952734,0.1813610970828036,0.20915471888063708,0.591211037301993,0.591152700978307,0.5858585858585859,0.5880311494836635,0.2813127430209245
0.5989439618463636,0.5991710333202235,0.5944023819651211,0.59430275029626,0.5965416880671118,0.5961589003386053,0.593719316065685,0.5939773754700841,0.179051410427772,0.20555571760446475,0.594617611991143,0.5877498936622713,0.5922787193973634,0.5881157948197056,0.1983577150521201
0.5962357349684894,0.5968015825382424,0.5908974904296044,0.5902469207277775,0.5930491354220168,0.5928966657396328,0.5914000338581344,0.5917695792451653,0.20051205005618372,0.20549069686885546,0.5920626809742804,0.5821352615908123,0.586372196541688,0.5873539867953277,0.2053606553976369
0.5912621359223302,0.5924683008098588,0.5865589111016588,0.5879683852632936,0.5883923985618901,0.5907789105273292,0.5874047739969528,0.5896487675188975,0.20690967428197257,0.17675555961589628,0.5838017373530915,0.5834113143343258,0.5865434001027221,0.585407144066362,0.1192852851099779
0.5888775336399252,0.5892104007329452,0.5852828583581454,0.5859672972505326,0.5861838726245506,0.587141427425684,0.5857287963433216,0.5863444805297814,0.21041563749066294,0.20042430270148234,0.5826946005791178,0.5819651212250105,0.5798664612223935,0.579735906551549,0.2477617888726545
0.5885539090444559,0.5893379052635123,0.584193960017014,0.5858809345912385,0.5867659647320663,0.587683967082511,0.5846453360419842,0.5851009363455132,0.18009228025749924,0.17684818741935693,0.5895929143246466,0.5857082092726499,0.588769046396165,0.5826138479769766,0.1296959568551061
0.5887923692726964,0.59149524121979,0.5844151424925563,0.5868725584074865,0.586920047936997,0.5894723565290129,0.5846622651091925,0.586134104282258,0.15711613364299035,0.14572445227276315,0.5958099131323455,0.5888558060399828,0.5930491354220168,0.5882004401557475,0.0834769819795756
0.5898824731732243,0.5935012276388335,0.585912377711612,0.5877888515003546,0.5888204074644753,0.5916062357457016,0.5857118672761132,0.5882900687314822,0.1715693353005397,0.18969185607696995,0.5975132004769204,0.5896214376860909,0.5958739941790789,0.5926019976299306,0.2776266636853836
0.5922159768352921,0.5941572369803658,0.5863377286261164,0.5870385906358525,0.5897620270501627,0.591487989840854,0.5864228880988659,0.5885141285476966,0.2008301239563904,0.21499098018105714,0.5954692556634305,0.5855380689068481,0.5912514980311591,0.5889622481801253,0.2655892283892315
0.5939873956736501,0.5932887229105465,0.5866950233943001,0.585942925445878,0.5915767847971237,0.590638743212969,0.5882173692229559,0.5885788564224642,0.17451944708947661,0.1820634549667333,0.5915516947709079,0.5837515950659292,0.5889402499571991,0.5887083121719994,0.1162084045380856
0.5937830011923012,0.5917161292463314,0.5856911952360696,0.5841916397910843,0.5910460537579182,0.5891309592086916,0.5880480785508719,0.5863083691538283,0.17204314636245843,0.1604804543844939,0.5885709419179015,0.5806890684814972,0.5861153912001369,0.5817673946165568,0.1173144532200151
0.591875319366377,0.5899012541651294,0.5838706933219905,0.582712192017252,0.5893511385036809,0.5876121591894045,0.5873201286609109,0.5857258096711996,0.18899638519425807,0.16306802830252054,0.5862715040027253,0.5797532964695873,0.5845745591508303,0.5845606907059422,0.1682431761385738
0.5857945835462444,0.5823040099021717,0.5765546575925138,0.5728218810244036,0.5817154596815614,0.5776399728157634,0.5808701540545117,0.577267914646778,0.215939116104638,0.24615879161410814,0.5671095213762563,0.5530412590387068,0.5576956000684814,0.5603521245979348,0.4123403182372833
0.5788792369272697,0.5751668474576336,0.5702424500212674,0.5665402643664746,0.575432288991611,0.5717051967376446,0.5740646690367361,0.5698235507949345,0.19336654416603846,0.21501465064148337,0.5608925225685573,0.5539770310506167,0.5598356445814073,0.5549348230912478,0.1527263686962338
0.5721512519161983,0.5694151548769394,0.563351765206295,0.5607928999080056,0.568361581920904,0.5656657026929843,0.5668528864059592,0.5640988335359944,0.21430712062208962,0.2169801960337693,0.5579117697155511,0.5492981709910676,0.5535867146036637,0.5526493990181142,0.2209112868183412
0.5645205246125021,0.5630825383844332,0.5559336452573372,0.5550614228509063,0.5600410888546482,0.5586147770849422,0.559167089893347,0.5571786930418282,0.2307188637199328,0.21111118692558986,0.5504173053994208,0.5435984687367077,0.544512925868858,0.5433384120534959,0.199373168709231
0.5572474876511668,0.5586904653216384,0.5486516376010208,0.5511553679632725,0.5521828454031843,0.5541709653544653,0.5508379888268158,0.5524241904856475,0.23768834724017457,0.20843765586365418,0.5499063191960485,0.543343258188005,0.5452833418935114,0.542915185373286,0.2030905937397828
0.5537387157213423,0.55564886412347,0.5469842620161632,0.5490050390136547,0.5501455230268789,0.5519503062986283,0.5474860335195532,0.5494802430109723,0.17680243253607886,0.174928685481371,0.5495656617271334,0.5447043811144192,0.5475089881869544,0.5435923480616219,0.1079107447168047
0.5514222449327202,0.5535359656241291,0.5450106337728624,0.5473729892871408,0.5475261085430576,0.5502130615865192,0.5450821059759609,0.5472918904650769,0.15597842718592406,0.13282123763606724,0.5493101686254471,0.5441088898341131,0.5467385721623009,0.542915185373286,0.0486063419454597
0.5477261113949925,0.5488343444250567,0.5429519353466609,0.5445835524781137,0.5450436569080637,0.5472001932005773,0.5433891992551211,0.5462562154480232,0.17345032482951717,0.1913044167694804,0.539431102026912,0.5390046788600594,0.5411744564286937,0.5441848654139158,0.3082707750363068
0.5462272185317663,0.5468638433111347,0.5457082092726498,0.5488489811076266,0.5449238144153398,0.5461046999354645,0.5461317081428814,0.5498544624627812,0.22758337633613906,0.28421575326043375,0.5429228410832907,0.5573798383666524,0.5439137134052389,0.5570509564922974,0.4700384262423405
0.5472321580650656,0.5495529011616047,0.5483794130157379,0.5514657463728995,0.547200821777093,0.5496259261910686,0.5484679194176402,0.5514350555575475,0.22672332022413239,0.2557406065668723,0.5549310168625448,0.5566992769034453,0.556668378702277,0.5545962417470798,0.1987903131797495
0.5499744506898314,0.5541276423913907,0.552956188855806,0.5568399176868528,0.5508988186954288,0.5550836083869237,0.5530726256983242,0.5564953301933788,0.25862800581350215,0.25963846193246604,0.5632771248509625,0.5675882603147595,0.5659989727786338,0.5666158794650415,0.2674341726636534
0.554437063532618,0.5599595058740537,0.5588770735857082,0.5624643829524433,0.5561547680191748,0.5610618451849594,0.5584391400033859,0.5609128057617842,0.2675764444858105,0.20420848639064448,0.57162323283938,0.573713313483624,0.5730183187810306,0.569747756898595,0.0933485353070014
0.5619485607221939,0.5656358665742997,0.5662951935346661,0.5670080148365785,0.5630885122410546,0.5659889559693372,0.5640257321821569,0.5646478126104463,0.213018413278165,0.1479658639264562,0.5769885879747914,0.5760952786048489,0.5758431775380928,0.5721178263077705,0.0354806189980796
0.5700391756089254,0.5715492162218491,0.5703105061675882,0.5704908104014734,0.5708953946242082,0.5716420124198937,0.5678686304384629,0.5685203576649068,0.1264932804559455,0.11111482999471843,0.5833759155169478,0.5774564015312632,0.5829481253210067,0.5762654477738277,0.0374127621312429
0.5768523249872254,0.5773650653992478,0.5757379838366651,0.5749394286839257,0.5773326485190892,0.5773795576721564,0.5733875063484003,0.5730771122088602,0.1169234351797647,0.12439024892942742,0.5889967637540454,0.5838366652488302,0.5888546481766821,0.5821906212967667,0.1509410867988454
0.5809913132345428,0.5795673989620149,0.5782730752871117,0.576714191644948,0.5803800719054957,0.5786650683516595,0.5756898594887423,0.5747606231948239,0.08836167846972073,0.12446862899076282,0.5839720660875491,0.5802637175669927,0.581236089710666,0.5781276451667514,0.1246253891134336
0.5812979049565663,0.5774303297911758,0.5773543173117821,0.5741826356322904,0.5804656736860127,0.5769254881289783,0.57508041306924,0.5720739237302438,0.08967975806080034,0.11629206374797497,0.5731561914494976,0.5691195236069756,0.5734463276836158,0.5667005248010836,0.0999389332623993
0.5804632941577246,0.5758920645209781,0.5758060399829859,0.5722397210751495,0.579763739085773,0.575394826931617,0.5744540375825293,0.571044598778235,0.1025669600036276,0.11083358540272198,0.5728155339805825,0.5683538919608676,0.5723335045368944,0.5689859488742172,0.099916628712216
0.5795775847385454,0.5769104991543362,0.5772862611654614,0.5764456498646466,0.5795754151686354,0.5775987198661845,0.575893008295243,0.5751831662979554,0.14205978206894082,0.15218134775441763,0.5789473684210527,0.5848575074436408,0.5820065057353193,0.5834603013373963,0.234876872457809
0.5791687957758475,0.5802579390830759,0.5769459804338577,0.5783421871067018,0.5784454716658106,0.579467456798309,0.5756898594887423,0.5771804032867246,0.1272717735091337,0.12712124650288167,0.5869528189405553,0.5821352615908123,0.5832049306625579,0.5811748772642628,0.0770010439998098
0.5828649293135753,0.5876562039807799,0.579719268396427,0.583604843864414,0.581989385379216,0.5859635239581035,0.579261892669714,0.5834495392150197,0.1363808416580708,0.14147107428796082,0.602452733776188,0.5941301573798382,0.5989556582776921,0.59598781107161,0.1701707298581191
0.5869187531936638,0.5895792396038334,0.583734581029349,0.5854685915001382,0.5860982708440335,0.5886392676413037,0.5834941594718133,0.584920312413873,0.11879139995289434,0.09831129110414626,0.5934253108499405,0.5891960867715864,0.5939907550077042,0.5878618588115796,0.0119917247365171
0.5905637881110544,0.5900663959250674,0.5868141216503614,0.5848962593554018,0.5886492039034412,0.5874555683721799,0.5864567462332826,0.5845465025031035,0.12967001748933754,0.11697743286757478,0.5910407085675353,0.5837515950659292,0.5850881698339326,0.5837988826815643,0.1543097163944318
0.5909725770737524,0.5870413683615592,0.5852318162484048,0.5822461663815538,0.5885464817668208,0.585468010598859,0.5845268325715254,0.5809679126782724,0.1056494304813066,0.11624293438426798,0.5809913132345428,0.5769459804338578,0.5814928950522171,0.5738107330286102,0.1147739374176544
0.59182422074604,0.5884312580083705,0.5864057847724371,0.5841658123246939,0.5899503509673002,0.5870534326208908,0.58532249873032,0.5823630111382603,0.10609368571952563,0.10390272965314695,0.591211037301993,0.588005104210974,0.5902242766649546,0.585153208058236,0.0792223201909049
0.5884687446772271,0.5875126231496216,0.5837686091025095,0.5830919678931958,0.5870056497175142,0.5861130057568479,0.5818012527509735,0.5810358678171327,0.0810905603288518,0.0843201874036813,0.585675353432124,0.5809442790301999,0.5842321520287621,0.5783815811748774,0.04515510290475
0.5857945835462443,0.5850265838314231,0.5809272649936196,0.5803911006711763,0.5843519945214861,0.5843161635137532,0.5793634670729644,0.5792482220185997,0.09195742896643297,0.07832214757726187,0.5800545051950263,0.5749893662271373,0.5807224790275638,0.5756729304215338,0.066326067924423
0.5837506387327542,0.5836247173876438,0.580859208847299,0.5813978385588928,0.5836158192090395,0.5833465400997354,0.5786355171830033,0.5795518590896528,0.07434729818466676,0.07430111921337482,0.5808209845000851,0.5834113143343258,0.5814072932717,0.5801591332317589,0.0662590624856007
0.5850281042411856,0.5848760251839955,0.5814717141641854,0.5809347280453586,0.583889744906694,0.5831852012466535,0.5800067716268834,0.5799235744757721,0.059893325505629605,0.06370210414973941,0.587378640776699,0.58000850701829,0.5828625235404896,0.5806670052480108,0.0425040740224686
0.5839890989609946,0.5852560204230101,0.5808421948107187,0.5822423211781194,0.5834274952919021,0.5847611436947672,0.5793296089385476,0.580538181189367,0.05589043894804043,0.06220403190081264,0.586016010901039,0.5848575074436408,0.5879130285909947,0.5817673946165568,0.0592078874029591
0.5830863566683699,0.5838912276050068,0.5801276052743513,0.5806186579015337,0.5826057181989386,0.5832151846511596,0.5785847299813781,0.5785778495892546,0.06270715006776739,0.0678822407683367,0.5811616419690002,0.5773713313483623,0.5801232665639444,0.5746571863890301,0.0792386585033848
0.5831374552887072,0.582697484502242,0.581726924712888,0.5814077597409629,0.583050847457627,0.583126164874442,0.5794142542745895,0.5789920836887,0.05963129752452547,0.06223709558162893,0.5803099982967126,0.5829859634198212,0.5829481253210067,0.5798205518875911,0.0509468052082134
0.5832055867824902,0.5821855369911614,0.5790046788600594,0.5775385348507028,0.5818524225303886,0.5805558327947972,0.578330793973252,0.5775753330341574,0.07841090268442155,0.09487709314944633,0.5811616419690002,0.5698000850701828,0.5754151686355076,0.574741831725072,0.1601570882850811
0.5803781297904957,0.5792041432663497,0.5783751595065928,0.5773126599841208,0.5804314329738058,0.57895641378239,0.5771457592686644,0.5766308325977957,0.08141296663551383,0.08242286002560754,0.5732413558167264,0.5768609102509569,0.5757575757575758,0.574741831725072,0.05751439377793
0.5779424288877534,0.5774152643066757,0.5740365801786472,0.5725966435907183,0.5762198253723677,0.574922606049528,0.5742339597088201,0.5734900206709755,0.11497638563117023,0.1306235674774854,0.5738375063873276,0.5631646108039131,0.5668549905838041,0.5672083968173354,0.2270249823812411
0.5763243059104071,0.5759671852318734,0.5750744364100381,0.5759179665622511,0.5751070022256463,0.5748014543097978,0.5757067885559506,0.5763337906555446,0.14760476667512964,0.16787589955938423,0.5730710270822688,0.5825606125053168,0.5745591508303373,0.5820213306246826,0.2423805637231819
0.5773803440640437,0.5791748531762141,0.5766907698851551,0.5809678546399694,0.5762883067967814,0.5794858522654259,0.5775012696800407,0.5804868462730436,0.19109463756390999,0.2013826529236278,0.5855901890648954,0.591067630795406,0.5888546481766821,0.5887929575080414,0.268396159652115
0.5794924203713168,0.5833572432859312,0.5795491280306251,0.5820091950258238,0.5788734805683958,0.5824375806748106,0.5799221262908414,0.582606602441721,0.20462872653501668,0.21019761299595674,0.5917220235053655,0.5840918757975329,0.5883410374935799,0.5868461147790758,0.2278275331406146
0.5794242888775336,0.5798717283065579,0.5775244576775839,0.5769186495124661,0.5774182502996063,0.5777855285877496,0.5780937870323346,0.5769377801053266,0.25952545646766795,0.2507977564776999,0.5729006983478113,0.5667375584857506,0.5684814244136277,0.5656001354325377,0.3319980434411863
0.5768012263668882,0.5734885501490719,0.5775754997873245,0.5724190401258493,0.5765793528505393,0.5727438535046562,0.5768071779244964,0.5715503038295994,0.26360165431839044,0.2496671615300845,0.5607221938340998,0.5634198213526158,0.5626605033384694,0.5607753512781447,0.2474059716348537
0.5773292454437065,0.574229407588168,0.5754827732879624,0.5723116867534018,0.5769388803287108,0.5739481650768358,0.5744709666497376,0.5711469606366958,0.2283595471460365,0.1885014503071937,0.5757111224663602,0.5720969800085068,0.576356788221195,0.5703402742508888,0.0661700278614121
0.5765627661386478,0.5767388692386458,0.5722330923011484,0.573147533122713,0.5753124464988871,0.5762062697270784,0.5719146775012698,0.5727684776796979,0.18982810626658736,0.15091395195641893,0.5817577925396016,0.5748192258613355,0.5807224790275638,0.5760115117657018,0.0757389552548694
0.5740589337421225,0.5775602000000102,0.5702764780944277,0.5735346236697855,0.5731552816298577,0.5766559175341968,0.5691383104790927,0.5728337450091954,0.15410948027828011,0.11702076903730535,0.5792028615227389,0.5743088047639301,0.5775552131484334,0.5729642796681904,0.0492344031990782
0.5740419008686766,0.575978644660201,0.5701914079115269,0.5711271516369391,0.5737716144495805,0.5749583078602115,0.5693583883528018,0.570789338273158,0.1175262546584844,0.12770781780560617,0.5728155339805825,0.5663122075712462,0.571563088512241,0.5667005248010836,0.1490819153422078
0.5773122125702607,0.5763436805541408,0.5717056571671628,0.5710817903015578,0.5760143810991268,0.5745969841022079,0.5712544438801423,0.570611435153721,0.13925253872593119,0.20381767586109997,0.5770737523420202,0.5709910676307953,0.573874336586201,0.5702556289148469,0.3560373919720875
0.577158916709249,0.5758773347565277,0.5707358570820926,0.5698038533954238,0.5746447526108542,0.5729008713280827,0.5710343660064332,0.5701542517299284,0.1325400623682954,0.14674766593181113,0.5749446431613014,0.567247979583156,0.5695086457798322,0.5692398848823431,0.0326076460732334
0.5758133197070346,0.5755948256805284,0.5708719693747341,0.5717024980384634,0.5740797808594419,0.574566454308889,0.5702894870492636,0.570865206813237,0.12703473947459304,0.11390255754999322,0.5750298075285301,0.5754997873245427,0.5778976202705016,0.5722871169798545,0.0482123407863574
0.577772100153296,0.5800621383717007,0.5745980433857932,0.5787813902987176,0.5769217599726074,0.5802993391106798,0.5739800237006942,0.577715792183939,0.20495600679894102,0.22221528497360157,0.5889967637540454,0.5929391748192258,0.5917651087142614,0.591416962925343,0.4388407398208183
0.5835973428717426,0.587355341438739,0.5809953211399403,0.5852871256464725,0.5832734120869714,0.5879733424351402,0.5803114948366346,0.5845964882828879,0.21843428850045327,0.22030129793232403,0.6019417475728157,0.5982985963419821,0.603321349084061,0.5983578804807856,0.216473323849769
0.5877363311190599,0.5908264588186949,0.5870523181624839,0.5906167680121527,0.5885636021229242,0.5920906572120818,0.5857287963433216,0.5888450376713524,0.16779380829358453,0.18114586226746396,0.5977686935786066,0.6012760527435133,0.6003252867659647,0.5973421364482817,0.1028349909377438
0.5940214614205417,0.5960077374353668,0.5938409187579752,0.5941415061949725,0.5957370313302517,0.5965190354135445,0.5917724733367192,0.5923827817306787,0.18764845605700725,0.16472420314175829,0.6063702946687106,0.6011909825606123,0.6053757918164697,0.5994582698493314,0.1318808848903469
0.598228581161642,0.5960269603682551,0.59620586984262,0.5918691850459039,0.5984591679506934,0.5948487913999331,0.5952598611816489,0.5914965398886202,0.20412841619886785,0.15335351592639235,0.5960654062340316,0.5873245427477668,0.5915083033727102,0.5897240562045032,0.1306121414956605
0.5987225344915689,0.5945068170467298,0.5954062101233516,0.5908930821048971,0.5985961307995207,0.5940491685860879,0.5943287624851872,0.5899181830734247,0.13679557778789905,0.13629452653958637,0.5914665304036792,0.5889408762228837,0.5924499229583976,0.5867614694430338,0.1021765477659744
0.595775847385454,0.5920739820452338,0.592871118672905,0.589136434433181,0.5959253552473892,0.5926886028318598,0.5913661757237177,0.5877937709400959,0.09633163580102444,0.09558088899818952,0.5872083120422416,0.585623139089749,0.5899674713234035,0.5835449466734384,0.0141536139153958
0.5907852154658492,0.5856544993570166,0.5867120374308803,0.582917838466584,0.5908234891285739,0.5867310539452026,0.5856102928728628,0.5813834213580663,0.1083925413584188,0.11810043224036491,0.5728155339805825,0.5704806465333899,0.5748159561718884,0.5685627221940072,0.1631395187247157
0.583972066087549,0.5812045154970811,0.5805359421522756,0.5787153943669187,0.5845916795069337,0.5825596171995581,0.5790587438632132,0.5764891225057388,0.08637444401548737,0.08599708755213985,0.57230454777721,0.5703105061675882,0.574216743708269,0.5667005248010836,0.0217903981756897
0.5793391245103049,0.5784365764473245,0.5773543173117821,0.576282402426379,0.5804143126177024,0.5785802344418899,0.5747079735906553,0.5736494832843969,0.08833709757038291,0.10413986145813929,0.5729006983478113,0.5714164185452997,0.5706214689265536,0.5679702048417132,0.1404254092701382
0.5760517799352751,0.5773009868077263,0.5739855380689067,0.5748872616204216,0.5774011299435028,0.5781814928237264,0.5714914508210598,0.5726592740546169,0.07892736775650563,0.08780254053762222,0.5750298075285301,0.5720969800085068,0.5773840095873994,0.5706788555950568,0.0551278986965881
0.5751831033895418,0.579155634309676,0.5711101658868565,0.5736736004734471,0.5747132340352679,0.5776303258098939,0.57064499746064,0.5748770759935243,0.1316086408745294,0.15105502019358633,0.5828649293135753,0.571246278179498,0.5765279917822291,0.5793126798713392,0.2775599795055146
0.5760858456821667,0.5785468380210195,0.5720459378987663,0.5741689025132777,0.575517890772128,0.5780332971586589,0.5713560182833927,0.573957326098273,0.11533838021970086,0.12796608527924855,0.5773292454437065,0.575159506592939,0.578839239856189,0.5721178263077705,0.081788215450573
0.5766819962527678,0.5774596588907518,0.5716205869842619,0.5721738522072071,0.5745762711864406,0.57519174669905,0.571965464702895,0.572554136365047,0.1355776942749269,0.1263063796701057,0.5752853006302163,0.5681837515950658,0.5695086457798322,0.569747756898595,0.12298696845182
0.5752001362629876,0.5734702387268046,0.5696129306678008,0.5685752804591362,0.5733264851908919,0.5715853441156368,0.5702556289148468,0.568176432877189,0.13833711592803738,0.13561175895863395,0.56549139839891,0.5613781369629944,0.5643725389488101,0.5594210259014729,0.1542225175356904
0.5709930165218873,0.5669782287588793,0.5664483198638877,0.564474828969071,0.5691662386577641,0.5665844883843445,0.566717453868292,0.56311361537222,0.1581064740287838,0.14173273570586276,0.5539942088230285,0.5562739259889408,0.55658277692176,0.5529879803622821,0.1539746892003204
0.5664793050587635,0.5647509431719049,0.564015312632922,0.5626769666542707,0.5661359356274611,0.5648484844664676,0.5619095987811071,0.5605002117266186,0.11100042057386403,0.10849839454754706,0.5602963719979561,0.5590812420246701,0.5613764766307139,0.5552734044354156,0.0420297122309157
0.5644353602452734,0.5655371359066886,0.5612250106337727,0.562187309968578,0.5636363636363637,0.5653461162778791,0.5595056712375148,0.5603662040143487,0.10679298385132219,0.0925826069776526,0.5671095213762563,0.5612079965971926,0.5663413799007019,0.5600981885898088,0.0607510318378637
0.5644523931187193,0.5688149122702741,0.5614632071458951,0.5645831180309447,0.5646807053586714,0.5684741956490432,0.5591163026917217,0.5628444407327756,0.1119961213947633,0.11138929004144356,0.5753704649974452,0.5693747341556783,0.5747303543913713,0.5678009141696293,0.1490026561690255
0.5648952478283087,0.5684451654958019,0.5621777966822628,0.5647057735689072,0.5654340010272214,0.568362469529882,0.55955645843914,0.5624368953680386,0.10160597350733462,0.10835011939381141,0.5677056719468574,0.5649510846448319,0.5681390172915597,0.5616218046385645,0.1022717780985471
0.5673309487310509,0.5676876814427813,0.5638621863037004,0.5647024737446479,0.5678137305255949,0.5684021211577973,0.5614355848992721,0.56241913446634,0.07806503529534445,0.08432341230933081,0.56617271333674,0.5646958740961292,0.5684814244136277,0.5623836126629423,0.0362699981403696
0.5688809402146143,0.5678072307671117,0.5658358145470012,0.5661181102434899,0.5696627289847628,0.5691419037473827,0.5639580159133233,0.5642412761461171,0.09580770834239752,0.09979663402828087,0.5680463294157725,0.568949383241174,0.5706214689265536,0.5678855595056713,0.130743077466181
0.5687276443536026,0.5673191678684736,0.5666865163760101,0.5658992420764056,0.5697996918335901,0.5684366672132012,0.564330455391908,0.5634809794249889,0.10042719179838752,0.09448057239145848,0.5663430420711975,0.5654615057422372,0.5670261941448382,0.5619603859827325,0.0838484491178137
0.5669051268949072,0.5669654044803053,0.5668056146320714,0.5672562365295986,0.567984934086629,0.5675099666943226,0.5641611647198241,0.5646388065530624,0.10963389513263322,0.1279991058743903,0.5662578777039686,0.5699702254359845,0.5656565656565656,0.5669544608092095,0.195036172840254
0.5703287344575031,0.5729181729068157,0.5703105061675882,0.5723293384605377,0.5713576442390002,0.5733408338140203,0.5678855595056713,0.5698404638913086,0.14273796889809476,0.17459678622487843,0.5848237097598366,0.5824755423224158,0.5850025680534156,0.580243778567801,0.2677921469258547
0.5742122296031341,0.5771421782928422,0.5735261590812419,0.5751442718618245,0.5747645951035782,0.5773992821215195,0.5712036566785171,0.5728850087699294,0.1575626927668456,0.15319572997796022,0.5855901890648954,0.5807741386643981,0.5855161787365177,0.5789740985271712,0.1103936174841238
0.575046840401976,0.575501246665222,0.5733730327520202,0.5728240984395716,0.5749871597329225,0.575510952105438,0.5708481462671408,0.5706260083295495,0.16406680974622573,0.15655170743966737,0.5722193834099814,0.5681837515950658,0.5717342920732752,0.5661080074487896,0.1632636623630817
0.5748424459206268,0.5721078543316321,0.5726414291790727,0.5691505615855473,0.5749871597329225,0.5726826994519048,0.5703741323853057,0.5669474444108853,0.16856073602445545,0.13980716512943234,0.5653210696644524,0.5618034878774988,0.5670261941448382,0.5595903165735568,0.1063180805089623
0.5738375063873276,0.5684829629002456,0.5704976605699701,0.5658508351871889,0.5744393083376135,0.56942756919461,0.568173353648214,0.5632818186485073,0.13661474571252402,0.10497351717982052,0.5612331800374724,0.559251382390472,0.5629173086800205,0.5559505671237515,0.0353062212805969
0.5690512689490717,0.5659528161230162,0.5655976180348786,0.5632256666737788,0.5700393768190378,0.5672860162832526,0.5632639241577789,0.5607534228042134,0.08946769961516861,0.08066798359957288,0.5608925225685573,0.5579753296469586,0.5630029104605375,0.5556966311156255,0.0320569164390776
0.5637029466871062,0.5635847366670332,0.5612420246703529,0.5618158350631091,0.5652114363978771,0.5653161697324064,0.5585576434738446,0.5589831802386421,0.08745661856777631,0.08722472648210268,0.5588485777550674,0.5589961718417694,0.5613764766307139,0.5554426951074997,0.1003382122471623
0.5620677908363142,0.5637376924966959,0.5602722245852828,0.5623221404319777,0.5638246875535011,0.5651442957720694,0.5573556797020485,0.559354849689031,0.08797614018932995,0.11343690781168508,0.5640436041560213,0.5633347511697149,0.5648005478513953,0.5600981885898088,0.1658612704708499
0.5608414239482201,0.5622215400724581,0.5593874946831134,0.5606747064102026,0.5621982537236774,0.5630608721799529,0.5571525308955477,0.5590947573063717,0.11894777045368565,0.16268334915137037,0.5591892352239822,0.5573798383666524,0.5588940249957199,0.558574572541053,0.2611762318307409
0.5602282405041732,0.5608701143207179,0.5583496384517226,0.5584705046846409,0.5615648005478514,0.5619572623869321,0.5567631623497545,0.5573977463358432,0.13210561929639159,0.14215405459895575,0.5581672628172374,0.5540621012335176,0.5597500428008902,0.554003724394786,0.1010954654941265
0.5588996763754046,0.5586633101887168,0.5571926839642705,0.5563771888596599,0.5600068481424414,0.5597092244024505,0.5552903335026241,0.5543759931838864,0.1406768081693032,0.11974032333384903,0.5542497019247148,0.5521905572096979,0.5552131484334873,0.548332486879973,0.0749128608036356
0.5580650655765629,0.5573340480460974,0.5563419821352615,0.5558323468053482,0.559150830337271,0.5588382788032544,0.5551210428305401,0.5544494093716176,0.13945785991237164,0.11124137254340088,0.5546755237608585,0.5547426626967247,0.5570963876048621,0.5545962417470798,0.0942434709625046
0.555118378470448,0.5546594215725473,0.5524117396852402,0.5517827441767683,0.554904982023626,0.5537492879632265,0.5515828677839851,0.5504353773667564,0.16931842067629974,0.1792156064590974,0.5493101686254471,0.5436835389196086,0.5435713062831706,0.5424073133570341,0.3151640742904904
0.5536535513541135,0.5537279809291348,0.5502339430029775,0.5500187811029583,0.5536038349597672,0.5532956218676262,0.5492127983748096,0.549198326742896,0.1491053213516595,0.17284731604191148,0.5518650996423096,0.5464908549553381,0.5523882896764253,0.5467242254951753,0.1601107352075396
0.5531084994038495,0.5542993216413956,0.5491790727350063,0.5496084373665263,0.552251326827598,0.5531929152917656,0.5482309124767226,0.549163649463381,0.1435411162812386,0.139656357408615,0.5554420030659173,0.5487877498936622,0.5529875021400446,0.5490942949043509,0.0732744401420221
0.5522909214784535,0.5529201518601753,0.5487196937473415,0.5497035123348087,0.5516007532956685,0.5527820371191238,0.5480108346030134,0.5485197988127297,0.14130515396656604,0.11434858801583425,0.5501618122977348,0.5498936622713737,0.5519602807738401,0.5472320975114271,0.0637330492302727
0.5500936808039516,0.5498432080362333,0.5468991918332623,0.5483490592653155,0.5494264680705359,0.5505963452391488,0.5455730489250044,0.5464823036608312,0.14148505898039027,0.1079467240210981,0.5436893203883495,0.5456401531263291,0.5462249614791987,0.5424073133570341,0.0951429960316258
0.5499574178163857,0.5494384232533612,0.5468651637601021,0.5467371723614792,0.5504194487245335,0.5499096333438187,0.5454714745217539,0.5449546828874815,0.08207560453133009,0.07800341669579523,0.5486288536876172,0.5435133985538068,0.5485362095531586,0.5418994413407822,0.0181168020451895
0.5476068812808722,0.5463297544904882,0.5452828583581454,0.5440178908895045,0.5478513953090224,0.5464557630955025,0.542999830709328,0.5414251240693362,0.11501702029934366,0.16027488247973265,0.540112416964742,0.538579327945555,0.53954802259887,0.5343660064330455,0.3248178140476075
0.5439788792369273,0.5433205006090566,0.5425606125053167,0.5410707674695093,0.5451977401129943,0.5442102507836363,0.5397494498053158,0.5385642128409874,0.12260607465801074,0.14392315896494093,0.5373019928461933,0.5351765206295193,0.5397192261599041,0.5328423903842899,0.1112197119353575
0.5404871401805486,0.5397813727446512,0.537728626116546,0.535958421755513,0.5406950864577984,0.5392891713550442,0.5354325376671746,0.5342586541675653,0.22598995946446326,0.289499597064139,0.5327031170158405,0.5257337303275201,0.52944701249786,0.5256475368207212,0.5806524732625352
0.5339805825242718,0.5302397591987563,0.5287282007656315,0.5241849566275941,0.5325800376647833,0.5280760200747375,0.5278313864906045,0.5243062886031047,0.33129313704594876,0.4002193593557772,0.5111565321069664,0.5006380263717566,0.5056497175141244,0.5044015574741832,0.6216588839390533
0.5251405212059275,0.5216360218311359,0.5195916631220757,0.5154002078637384,0.5233692860811505,0.519544830594823,0.5197731504994075,0.5167402795303357,0.4039779293263347,0.393993160719558,0.5044285470958951,0.4978307103360272,0.502482451634994,0.5016082613847977,0.3815407634471195
0.5155850792028616,0.511869083537228,0.5104721395150998,0.5079273752127177,0.5141242937853108,0.5108042407697725,0.5111393262231252,0.5082258147041018,0.3953998746906507,0.3566379541027677,0.4923352069494124,0.4929817099106761,0.4933230611196714,0.4911968850516337,0.2819275408691871
0.5075966615568046,0.5070326905634549,0.5012335176520628,0.5016127205799231,0.5048793014894709,0.5050342487400834,0.5031657355679703,0.5031420221722397,0.40595185448107607,0.29241850636433986,0.4973599046159088,0.4889834113143342,0.4934942646807053,0.4929744371085154,0.1639796108874842
0.49824561403508777,0.5000044201780552,0.49561888558060385,0.5002953370433572,0.4963704845060778,0.4989904750203535,0.49712205857457253,0.5005710653994041,0.3757938997147038,0.3382332373864512,0.4859478794072561,0.4976605699702253,0.4869029275808937,0.4954291518537329,0.429862699430674
0.4954181570430933,0.4990093625010347,0.4941897065078688,0.49802760169826527,0.4947269303201507,0.4984709655417319,0.4954799390553581,0.4991110302256397,0.3293343477773195,0.3552758663416782,0.4970192471469937,0.4934921310080815,0.4974319465844889,0.4961909598781108,0.3893611242521321
0.4941917901549992,0.4987718125524982,0.4935942152275626,0.4969694857770088,0.4940078753638075,0.49860970264558074,0.4938039614017268,0.4971501445226402,0.2837109870011285,0.28799189741650694,0.498296712655425,0.4948532539344958,0.4988871768532785,0.4932283731166413,0.1534239595661645
0.49511156532106976,0.4981592359615872,0.4942237345810292,0.49668942607734223,0.49453860640301317,0.49773204053562026,0.4947181310309802,0.4966893407477271,0.2586316773443965,0.24417159580618028,0.4969340827797651,0.4961293066780092,0.4959767163156993,0.4957677331979008,0.1565309925855269
0.4934934423437235,0.4951959205507839,0.4941216503615481,0.49395061412387103,0.4939565142954973,0.4953492950714556,0.49415947181310316,0.49451994083819467,0.2666420398731928,0.2307915383812754,0.4892692897291773,0.4884729902169288,0.4905838041431262,0.4901811410191299,0.2040314235314656
0.4965082609436212,0.49713793783610427,0.49340706082518065,0.4939962835120433,0.49611367916452653,0.49612911402298376,0.4944303368884375,0.4952744529689313,0.22181723706652773,0.2224405873866331,0.5010219724067451,0.4940876222883879,0.49768875192604,0.4967834772304047,0.2057386853973486
0.49591211037302,0.4961047899887319,0.49211399404508704,0.4916731213772334,0.49506933744221876,0.4948228220063058,0.4929744371085154,0.49315345563878754,0.15606785649968372,0.16849846539705945,0.4940384942939874,0.4870267971076136,0.4922102379729498,0.4889114609785001,0.0606142214179121
0.49500936808039525,0.49533086038992163,0.49090599744789437,0.49071983790099977,0.49356274610511897,0.4936666213934637,0.49199255121042834,0.4915419516345938,0.13488128747370964,0.12816268174347104,0.4937830011923012,0.4888132709485324,0.4913542201677795,0.4883189436262063,0.0474911144362942
0.49414069153466195,0.49441747361031396,0.4887962569119523,0.48900675993343273,0.4923472008217771,0.4924107442286391,0.49007956661587954,0.48976223783144807,0.12959520086853743,0.128808641015536,0.4925907000510987,0.4855806039982986,0.4898989898989899,0.4862028102251566,0.1301005595596659
0.49434508601601096,0.49304206978551673,0.48900042535091437,0.48916911742620167,0.4928265707926725,0.4926007141516271,0.4898933468765872,0.4895915059951881,0.10440583707324658,0.11190062886202777,0.4902912621359224,0.4894938324117396,0.4929806539976031,0.4892500423226681,0.0780846045550113
0.49289729177312225,0.49328904692111153,0.4885240323266694,0.49001463067318873,0.49258688580722476,0.4938972517673519,0.48926697138987646,0.49094487059574243,0.08340284459199111,0.10817499357170894,0.4937830011923012,0.4917056571671628,0.4964903269988016,0.4936515997968512,0.1007237229910713
0.49364673820473526,0.49478794009809185,0.49128030625265834,0.4936124760279786,0.4940763567882212,0.49581736547087857,0.49172168613509404,0.49435825863202426,0.10511680149446004,0.1285113310245582,0.4977857264520525,0.5008081667375583,0.4996575928779319,0.5011850347045879,0.1691840059302567
0.496934082779765,0.499931868087878,0.4945980433857932,0.4975423028900546,0.4971922615990413,0.49952282505454565,0.49490435077027256,0.4976495946887159,0.11263969486641053,0.11404274778172103,0.5102197240674502,0.5054019566142066,0.5069337442218798,0.5042322668020992,0.0851055812960467
0.5013115312553229,0.5047805595348812,0.5010974053594215,0.5043873398821829,0.5025851737716145,0.5053030669569823,0.500677162688336,0.5034553530643017,0.1583640227421968,0.19560256483401306,0.5144779424288877,0.5180774138664397,0.5168635507618559,0.5150668698154732,0.3587221989385971
0.5060807358201329,0.5078994680099117,0.5052998723947255,0.506426949117542,0.50698510529019,0.5085288151681486,0.504604706280684,0.505266155471004,0.1662026494134088,0.16949428919303253,0.5141372849599728,0.5105061675882602,0.5149803115904811,0.5088877602844084,0.1172777379110714
0.5103559870550163,0.5103193977955137,0.5090429604423649,0.5077583318801477,0.5103920561547681,0.5101942372193297,0.5080413069239885,0.507122304651794,0.15801788916712986,0.13292950004858053,0.5151592573667179,0.5104210974053592,0.5135250813216915,0.510834603013374,0.0597999217596766
0.5143416794413218,0.512784327991536,0.5114419396001699,0.5094399087622933,0.5139530902242766,0.5126170792213781,0.5101405112578298,0.5086418885591273,0.15688338612076888,0.14312349693187096,0.5177141883835803,0.5128030625265843,0.5174627632254751,0.5116810563737939,0.1635114906984518
0.5146482711633453,0.5124404462202132,0.5128881327094852,0.5105042465617897,0.5148775894538606,0.512263466270852,0.5113255459624175,0.5091470724810976,0.15744520377822568,0.12472055448235757,0.5117526826775678,0.5126329221607825,0.5115562403697997,0.5101574403250382,0.0879146695833308
0.5157383750638733,0.5149364514573181,0.5142492556358994,0.5152971738740302,0.5160760143810992,0.515794202646584,0.5126121550702557,0.5132646867722864,0.13002345741088428,0.15701819202220169,0.5199284619315279,0.5248830284985111,0.5228556753980482,0.521499915354664,0.2216134671018899
0.5206097768693579,0.5227890656340107,0.5203402807316034,0.5238518802716134,0.5211950008560178,0.5240545497527475,0.5184188251227357,0.5214834946971273,0.20150265662796701,0.26290337268029623,0.5384942939873958,0.54096129306678,0.5405752439650745,0.5379211105468089,0.4746737339964852
0.5271844660194176,0.5312036114616792,0.5276222883879198,0.5315116320767228,0.5273240883410375,0.5307598727507616,0.5250550194684274,0.5289941880453621,0.2970395620304228,0.3544303980441827,0.548032703117016,0.5468311356869415,0.54417051874679,0.5440155747418318,0.5374844487719556
0.5342871742462953,0.5385449841471094,0.5334070608251806,0.5349167296221112,0.5320664269816813,0.5342314006434057,0.5328593194514983,0.536230310793291,0.41286045484026196,0.4838255836120043,0.5532277295179697,0.5417269247128881,0.5411744564286937,0.5507025562891485,0.7426159547476474
0.5399761539771761,0.5390958498753965,0.5368949383241173,0.5333019229665626,0.5361924328026023,0.5335496902537388,0.5374640257321822,0.5352138644383465,0.4665777054730961,0.44138402999050347,0.5401975813319708,0.5300723096554656,0.5321862694744051,0.5331809717284578,0.356500922747502
0.5401294498381879,0.5329622136624599,0.5353977031050616,0.5280002327787859,0.5352508132169149,0.5284156526590297,0.53643135263247,0.5289214262442653,0.5016555116379269,0.42659018596901693,0.5206949412365867,0.5173968524032326,0.5181475774696114,0.516336549856103,0.3970024979260439
0.5359052972236418,0.5277659860798617,0.5307868991918332,0.5246359130194033,0.5308166409861326,0.5250785627097406,0.5320805823599121,0.5246700372241833,0.4608372669197454,0.3745876274478704,0.5173735309146654,0.5179072735006379,0.5184043828111624,0.5161672591840191,0.2705825104055774
0.5312042241526147,0.5266864366405346,0.5266524883028497,0.5251436357602771,0.5273925697654511,0.5257357626876215,0.5286439817166075,0.5253908819912252,0.40247185817463615,0.33161088664738325,0.5245273377618804,0.5261590812420246,0.527050162643383,0.526832571525309,0.245657405046409
0.5254982115482882,0.5260235132591357,0.5237430880476392,0.5258223983191298,0.5244136278034583,0.5259170906646575,0.5232266802099206,0.5247992709127214,0.2752967560739513,0.2566540725129967,0.5246976664963379,0.5271799234368352,0.5262797466187297,0.5236160487557137,0.1067404442442236
0.5248509623573498,0.5296694539651832,0.5238111441939599,0.5273524623417764,0.5247902756377332,0.5286345633250317,0.5227526663280855,0.5268031480482417,0.24871211875052673,0.2456286270521241,0.5369613353772782,0.5304125903870692,0.5340695086457798,0.5308109023192823,0.2235777361303789
0.5270482030318516,0.530340017513154,0.5254274776690768,0.52672781482079,0.5271528847800034,0.5290765832770085,0.5249195869307602,0.5269258163219868,0.18683856223584494,0.192963989818961,0.5316811446090957,0.5254785197788174,0.5299606231809622,0.527171152869477,0.0876347153526349
0.5277976494634645,0.5272669326996794,0.5256146320714589,0.5240995583847092,0.5279233008046568,0.526803209829482,0.5253936008125952,0.5241296537457227,0.148389372827257,0.1547548476668532,0.5211207630727304,0.5188430455125478,0.5222564629344291,0.5185373285931946,0.0783365633626376
0.5260432634985521,0.5234297577788926,0.5235559336452573,0.521354901960145,0.5261256634137991,0.5238894651160194,0.5224479431183343,0.520121196848483,0.11595231525820326,0.13099393751161564,0.515755407937319,0.5158655891110164,0.5180619756890943,0.5121042830540038,0.0834721172011405
0.525038323965253,0.5221774947958756,0.521344108889834,0.5196102011933363,0.5248929977743537,0.5226317828845141,0.5207888945319114,0.518521066506855,0.12926161475030207,0.1450916055759829,0.5196729688298416,0.5161207996597191,0.5201164184215031,0.5153208058235992,0.1732869417047175
0.5199454948049738,0.5186173930558776,0.5161207996597191,0.5145054822077225,0.5189693545625749,0.5165716194519713,0.515608599966142,0.5139838541680484,0.1455751443967208,0.1984428651714795,0.5114971895758815,0.504296044236495,0.5044512925868858,0.504909429490435,0.3051453843624726
0.5158576051779935,0.5161588275286502,0.5123096554657591,0.5118112544081541,0.515065913370998,0.5145288853756737,0.5111393262231252,0.5109308308301633,0.16474269268974348,0.1934527290535691,0.5112416964741953,0.5064227988090173,0.5104434172230783,0.5048247841543931,0.1834724568177483
0.5122466360074945,0.5117945240925118,0.509451297320289,0.5093912545338353,0.5111453518233179,0.5105704753157917,0.5075503639749449,0.5074847263375402,0.16575878886476098,0.15677416744828773,0.5030659172202352,0.5045512547851977,0.502653655196028,0.5005925173522939,0.083417044237725
0.5100664282064385,0.5094811390390208,0.5072905146746064,0.5079480616500912,0.5089368258859783,0.5093867655446601,0.5055696631115626,0.505723410470724,0.15039159630636664,0.1067281631019148,0.5048543689320388,0.5050616758826031,0.5070193460023968,0.5022007787370917,0.0066361544091689
0.5070516096065407,0.5078537179694648,0.5045342407486175,0.5060785177766524,0.5061462078411231,0.5083122864288488,0.502386998476384,0.5036181011963847,0.12214742701868586,0.08184080715671437,0.5045988758303526,0.5023394300297745,0.5061633281972265,0.4994074826477062,0.0320660952663135
0.5069834781127577,0.5089546560152987,0.5065418970650787,0.5088304537907017,0.507995206300291,0.510106952580141,0.5040799051972236,0.5068700551624676,0.08965896801711094,0.10212823455600895,0.5111565321069664,0.5143343258188005,0.5136962848827256,0.5133739630946335,0.1427030893545981
0.5077669902912623,0.5110228564657717,0.5099957464908549,0.5137843178397673,0.5093305940763567,0.512444753754563,0.5072625698324023,0.5114927392184071,0.10985160773584228,0.162897374841141,0.5151592573667179,0.5236920459378986,0.5171203561034069,0.5207381073302861,0.2844356554114051
0.5136433316300459,0.5181644456152326,0.5151850276478094,0.5193554320831683,0.5154083204930663,0.5193105982629005,0.5126460132046725,0.5168317375501531,0.13528063071026328,0.1787856362640373,0.5324476239141542,0.53049766056997,0.5330422872795754,0.5275097342136449,0.2105621591098299
0.5181229773462783,0.5211938295812218,0.5191152700978307,0.5211412507663487,0.519774011299435,0.5224896655200139,0.5164889114609785,0.5183595817063095,0.15137937579936125,0.1482337174609111,0.5272525975132005,0.5247128881327094,0.5288478000342407,0.521415270018622,0.0871298798546587
0.5211037301992847,0.5206300997526093,0.5223309230114844,0.5202333987102469,0.5227871939736346,0.5220695242027508,0.5197054342305739,0.5174030866361007,0.17504514606176003,0.1489541271667099,0.5195026400953842,0.5184176945980433,0.5212292415682246,0.5154900964956831,0.1503949465783075
0.5244081076477602,0.5229795396181877,0.5238792003402806,0.5208475032944252,0.5255949323745933,0.5239580084310069,0.5212798374809549,0.5186840508729131,0.1514424985942627,0.10753270211684375,0.5276784193493442,0.5220757124627817,0.5277349768875192,0.521245979346538,0.0246898520171115
0.5288366547436553,0.5277536906941895,0.5274181199489578,0.5276938835233783,0.530166067454203,0.5292973494544897,0.5250719485356358,0.5256889214498389,0.1754935042357535,0.2065853626175155,0.5373019928461933,0.5413866439812844,0.5399760315014552,0.5396986626036906,0.404690683618859
0.5301481859989782,0.5315042205263825,0.5284389621437685,0.5303298795302601,0.5314158534497517,0.5326286387220994,0.5261723379041815,0.5281298413186839,0.16094689883225133,0.18366661910911672,0.5390052801907683,0.5356018715440237,0.5392912172573189,0.5330116810563739,0.1378291320923191
0.5299437915176292,0.5297463553864068,0.5282518077413866,0.5281456250604399,0.5313131313131313,0.5311971555984458,0.5265955645843914,0.5265970286856798,0.15823842884912753,0.14697358938575772,0.5262306251064555,0.5237771161207996,0.5283341893511385,0.5235314034196716,0.0735875299390397
0.5310679611650487,0.5282053997017652,0.5285750744364099,0.5254417593980133,0.5320664269816813,0.5291300103692885,0.5278313864906045,0.5249544211327025,0.14502367127755883,0.12608944583065984,0.5251234883324818,0.5200340280731602,0.5249957199109742,0.5216692060267479,0.0843211587204641
0.5280701754385966,0.5230334300402047,0.5262611654615056,0.5204632287947623,0.5291046053757917,0.5237286298655498,0.5251904520060945,0.5193167163964646,0.18780914978542668,0.1635987120725901,0.512689490717084,0.5105061675882602,0.5129258688580722,0.5080413069239885,0.2386172445564506
0.5234883324816899,0.5201532127140228,0.5198638877073585,0.5167755709333578,0.5239684985447697,0.5205842523591481,0.5190790587438633,0.5159250430284877,0.1258922692061913,0.14076790162262076,0.5143927780616591,0.5094002552105487,0.5142954973463447,0.5091416962925343,0.0951062807226821
0.5212229603134049,0.5226616149257967,0.5184687367077838,0.5207257528042887,0.5222393425783256,0.5239379807144648,0.5178770949720671,0.5196173160847896,0.1490339284334185,0.1783577438245655,0.5276784193493442,0.5286261165461504,0.5306454374250985,0.527001862197393,0.2535374282284551
0.5225344915687278,0.5260371704115542,0.51906422798809,0.5227353593769694,0.5225646293442903,0.5259455282032973,0.5186727611308617,0.5222481221277414,0.16445807561481174,0.16914125116504566,0.5327882813830693,0.5267545725223308,0.5299606231809622,0.5275097342136449,0.150708265846006
0.5251916198262647,0.5301611568144251,0.5222628668651637,0.5271659804041556,0.5255606916623866,0.5306223626360166,0.5213306246825801,0.5264849226802741,0.1963113597716603,0.19395669394493273,0.538409129620167,0.5360272224585282,0.5399760315014552,0.5349585237853396,0.2435875795047068
0.5302503832396527,0.5327685404709578,0.5270948532539343,0.5296660201134751,0.5304742338640643,0.5329127683794982,0.5265109192483495,0.5289708750377947,0.17749466297090383,0.1774823828141779,0.5379833077840233,0.5346660995321139,0.5374935798664613,0.5339427797528357,0.1445337605526682
0.5339635496508262,0.5328318970198141,0.5311952360697575,0.529744736505538,0.5346344803971923,0.5336407555903269,0.5316912138141189,0.530994973065657,0.18446690013931638,0.16164407739770023,0.5329586101175268,0.5299021692896638,0.5350967300119842,0.5350431691213815,0.1299674665647449
0.5373701243399761,0.5367916956115742,0.534393874946831,0.5347029279808648,0.537527820578668,0.5374645498377103,0.5346199424411715,0.5345451504879901,0.18606952337470978,0.19494623306694084,0.5447112927950946,0.5446193109315184,0.5451121383324773,0.5416455053326562,0.2615505444054221
0.5416794413217512,0.5426394191716973,0.5387154402381964,0.5392560849802958,0.5418935113850368,0.5422393922960755,0.5385982732351449,0.5388305630531638,0.1931148974385382,0.19194253409967665,0.5543348662919436,0.5483623989791577,0.551789077212806,0.5474013881835111,0.1859351361651483
0.5443536024527338,0.5456862578728252,0.5421182475542321,0.5438511429997661,0.544718370142099,0.5461930366263057,0.5413238530556967,0.5420825163314755,0.17141431408735205,0.17298991031604313,0.551779935275081,0.5530412590387068,0.554100325286766,0.548586422888099,0.135084662748776
0.54925907000511,0.5512943870971847,0.5491110165886856,0.5524440769013044,0.5497859955487074,0.551739260050705,0.5477738276620958,0.5501192284825942,0.21595192056863208,0.23773387119705158,0.5625106455459037,0.569629944704381,0.5628317068995035,0.5661926527848317,0.3672217929590684
0.556140350877193,0.5566512628907706,0.5561718417694597,0.5566981496653811,0.5564286937168292,0.5572629136513346,0.5540714406636196,0.555589897031396,0.2989817559794094,0.3401947953375782,0.5673650144779425,0.5652062951935346,0.5683102208525938,0.5665312341289995,0.5451166436186314
0.5607392267075457,0.5603360659094662,0.5589281156954486,0.5572656599640751,0.5601951720595789,0.5594901191162981,0.5581174877264263,0.5576851782364942,0.29368373689883054,0.30515001322589463,0.5677056719468574,0.5584006805614631,0.563944530046225,0.5618757406466904,0.2350604490025276
0.5623914154317834,0.5610893139106882,0.5601361122926413,0.5563112339644237,0.5617017633966787,0.5594340907103005,0.5597426781784325,0.5569658989721766,0.27258884599928895,0.23025356937307653,0.5625958099131323,0.554402381965121,0.559322033898305,0.5555273404435416,0.0804606816674404
0.5641117356498041,0.560853388062187,0.561616333475117,0.557688277626644,0.5635850025680533,0.5607949008547469,0.5618080243778568,0.5576149839431914,0.27032718296835573,0.194761162113421,0.5603815363651847,0.5604423649510846,0.5635165211436397,0.558913153885221,0.12377634759411
0.5636688809402146,0.5606677160407767,0.5580774138664396,0.5557706339714277,0.5620612908748501,0.558934316714327,0.5591332317589301,0.5560162191921937,0.21250975020923146,0.15588565113009636,0.5602963719979561,0.5519353466609952,0.5552131484334873,0.5528186896901982,0.0781346291634471
0.5608073582013285,0.5581309442883552,0.5553551680136112,0.5543787779574156,0.5594761171032359,0.5577509951410585,0.5561198577958355,0.554498934232638,0.11477726933194121,0.12274184716412428,0.5530574007835123,0.5515950659293917,0.5553843519945215,0.5514643643135263,0.0564542392321801
0.5583716572985864,0.5572630186699522,0.5536707783921735,0.5529120961230353,0.5569594247560349,0.5556210195307792,0.553411207042492,0.5524434517817497,0.09220010797972374,0.12255277885656292,0.5555271674331461,0.5499787324542746,0.5513610683102208,0.548332486879973,0.1221746422414402
0.5568216658150231,0.5564572966117401,0.5526669502339429,0.551735811140013,0.5560006848142441,0.5552567910836365,0.5522092432706958,0.5514681417160201,0.0794793273535111,0.08732077874983435,0.5548458524953159,0.5493832411739685,0.5545283341893511,0.5495175215845608,0.0168567785363772
0.5549991483563279,0.5547278474317295,0.5508804763930242,0.5516605393421723,0.5541345659989727,0.5548998364115186,0.550042322668021,0.5503382781012958,0.058761796399293076,0.06494341677422953,0.5512689490717084,0.5515099957464908,0.5541859270672831,0.5480785508718471,0.0201886928230199
0.5555271674331461,0.5574640540818355,0.5492641429179073,0.549058252656585,0.552251326827598,0.5518655417998836,0.55153208058236,0.5536480118214947,0.09816191230952341,0.13500734742101927,0.5629364673820474,0.5438536792854104,0.5457969525766136,0.5602674792618927,0.2751352087145988
0.5533299267586443,0.5523331018582248,0.5459123777116119,0.5443175817370286,0.549221023797295,0.5479879734809244,0.5488065007618081,0.5483774962845854,0.11389901160552571,0.13505147685141006,0.5420711974110033,0.5348362398979156,0.5402328368430063,0.5378364652107669,0.1351397357121916
0.549395332992676,0.5468401341065847,0.5421692896639727,0.5399661518967118,0.5459681561376477,0.543690892324611,0.5449805315727104,0.5419858778345518,0.12009288422433143,0.1410823196794296,0.5358541986033045,0.5312632922160782,0.5350967300119842,0.5292026409344845,0.1531440053354687
0.5441321750979392,0.5407367770782671,0.537337303275202,0.5350518710078461,0.5410546139359699,0.5391141359433947,0.5396648044692738,0.5356368805788271,0.15010583187803042,0.14969538538791047,0.5285300630216319,0.5252233092301147,0.5299606231809622,0.5229388860673778,0.1669215168048722
0.538136603645035,0.5342548819879074,0.5293407060825179,0.5272102505995878,0.5331621297722993,0.5309839260452399,0.5328931775859151,0.5284980592042359,0.19140289929780147,0.17535493356589874,0.521291091807188,0.511527009783071,0.51472350624893,0.5142204164550535,0.2266740299218753
0.5284959972747403,0.5277477331687962,0.5211569544874519,0.5191184741697521,0.5256462934429036,0.5233952076733718,0.5224648721855426,0.5217073568895008,0.18601972823695487,0.1996430735140544,0.5147334355305739,0.5029349213100807,0.5082177709296354,0.5081259522600305,0.2482193534103657
0.5213081246806338,0.5205424335926875,0.5142152275627392,0.5127881845379518,0.5186611881527137,0.5173659085795999,0.5148467919417641,0.5143869259236252,0.1931819671291512,0.19007902573376065,0.5061318344404702,0.5001276052743513,0.5053073103920561,0.499746063991874,0.1709509301731732
0.5122296031340487,0.5105154860185849,0.5053679285410462,0.5042010553945058,0.5100325286765964,0.5088950832635328,0.5061113932622312,0.5047664997946905,0.22336837625995482,0.228078034152336,0.4904615908703799,0.4870267971076136,0.4919534326313987,0.4855256475368208,0.3040760509894867
0.5048203031851475,0.5041715117714316,0.4982390472139514,0.4993270044612173,0.5027221366204416,0.5037329431424179,0.4988996106314542,0.4988043241676245,0.20763492095836514,0.18147010286719867,0.491483563277125,0.4895789025946405,0.4934086629001882,0.4868799729134925,0.088254240296924
0.4985181400102198,0.499374433158471,0.49347511697150137,0.49545378916441846,0.49791131655538434,0.49937843073615973,0.4935500253936008,0.49502704620034516,0.18290196516855367,0.15531648556907174,0.4897802759325498,0.4877073585708209,0.4906694059236433,0.4874724902657864,0.1030092509728179
0.493527508090615,0.49617638074983067,0.48983411314334313,0.49187916016604216,0.4942475603492552,0.49621861712376975,0.4887083121719994,0.4913238261842378,0.1453860513768334,0.12375758519663589,0.4897802759325498,0.4847299021692896,0.4898989898989899,0.483917386152023,0.0606397844517642
0.4885539090444559,0.4912055335697787,0.48678860059549117,0.4895527876223919,0.4898989898989899,0.49200056412942295,0.4856949382089047,0.4891089488482922,0.14877671015778599,0.14513979815706937,0.4812638392096747,0.4849000425350913,0.4835644581407293,0.4846791941764009,0.1879042240779363
0.4874808380173736,0.48916910095817534,0.4858698426201616,0.48717952749191645,0.4889231296010957,0.4903584198002579,0.4845437616387337,0.48599588746085004,0.09730551854958389,0.11233322975420496,0.4850962357349686,0.4824330072309655,0.4870741311419277,0.4797697646859657,0.0467200929484761
0.4869528189405553,0.4890605566031281,0.48469587409612924,0.4860227049861039,0.48777606574216736,0.48946339440202086,0.48361266294227184,0.4847387514509611,0.08649286924448535,0.0862858177599471,0.4888434678930336,0.4837090599744787,0.4876733436055469,0.4822244794311834,0.0341909937714314
0.4857434849259071,0.48728490635518823,0.48156529136537635,0.4813666182964214,0.48454031843862355,0.48447248606998844,0.48149652954122224,0.4821231087208202,0.124514325303879,0.15522938892989344,0.4837336058593085,0.4720544449170565,0.4744906694059236,0.4768918232605384,0.2931165312697861
0.48284789644012954,0.4832907154046795,0.4791833262441513,0.4785177710520025,0.4815613764766306,0.4813164174096676,0.4793296089385475,0.4791096668600965,0.13843126315899634,0.1468944171957126,0.4753023335036621,0.4728200765631646,0.4750042800890259,0.4730827831386491,0.130224473727351
0.482813830693238,0.4825583137615254,0.4786899191833262,0.4798228497783235,0.48161273754494094,0.4821513661005385,0.4789402403927544,0.4803172283892094,0.12729826360453664,0.14200935356568764,0.4810935104752171,0.4824330072309655,0.4838212634822804,0.4827323514474353,0.1322392263056377
0.48288196218702095,0.4835178402423114,0.4778902594640577,0.47936013606375677,0.48079096045197733,0.482422659292729,0.4788048078550872,0.4799090195920162,0.15251617355253122,0.15227611660660811,0.4854368932038835,0.4784347086346234,0.4829652456771101,0.4790926019976299,0.1728096426884491
0.4803270311701584,0.4810348310977812,0.4754232241599318,0.4766980518604543,0.478462592021914,0.480292273346896,0.47663788725241246,0.477069305200614,0.16253210983237826,0.12960763612796092,0.4760688128087209,0.4713738834538493,0.4760315014552302,0.4713898764178095,0.0842706751706665
0.4798841764605689,0.4811963315023078,0.47644406635474257,0.4768515865373395,0.479678137305256,0.4803843141721417,0.4763839512442864,0.47658691787371216,0.11559434099600203,0.10588098644794229,0.4815193323113609,0.47715865589111,0.4805683958226331,0.4756221432199086,0.058427687087905
0.4800204394481349,0.4794587704820359,0.47649510846448306,0.4755928200621821,0.47996918335901384,0.47907604623403294,0.4759437954968681,0.4746852800496606,0.0962040684600995,0.08167836131457429,0.4759836484414921,0.4730752871118672,0.4764595103578154,0.4708820044015575,0.0332731110478383
0.4765116675183104,0.47415573059672206,0.4725648660144618,0.4713224783684078,0.4764081492895052,0.47472272853426767,0.4717623158963941,0.4703985045147954,0.09534034081719846,0.09709243690676035,0.4635496508260944,0.4627817949808591,0.4660160931347371,0.4618249534450652,0.1279205880911325
0.47301992846193164,0.4720965530384779,0.47057422373458085,0.47037548465734486,0.47392569765451115,0.47333281485689177,0.46959539529371935,0.46968500267128227,0.10269533508134931,0.13458982927424137,0.4679781979219895,0.4684814972352189,0.47055298750214,0.468257998984256,0.2095846140092034
0.472713336739908,0.47290965342518637,0.47060825180774124,0.4707649977114469,0.47332648519089193,0.4732336896169726,0.4690536651430507,0.46935041033567687,0.10823436262866201,0.12704849048523761,0.4745358541986033,0.4715440238196511,0.4730354391371341,0.468681225664466,0.1119658129072301
0.4696985181400103,0.47075484872074824,0.46678009357720107,0.466515953387101,0.46962848827255604,0.4695152634882996,0.4658371423734552,0.4660801166810951,0.17011591390186637,0.20731080814146727,0.4664452393118719,0.4580178647384091,0.4620784112309536,0.4595395293719316,0.3678354434539266
0.46758644183273723,0.4689776547822078,0.46558911101658856,0.4667174270276689,0.46730011984249276,0.46794939839469923,0.46461824953445074,0.46564925785624167,0.20287207339977717,0.20389184160677565,0.465423266905127,0.4671203743088047,0.4648176682074987,0.4647875402065347,0.1970539085373924
0.470533128938852,0.47207946530702793,0.47030199914929816,0.4732603632332481,0.4701420989556583,0.47204159516332117,0.4690028779414255,0.47168220373080744,0.2549775219699821,0.2654105047185695,0.4782830863566683,0.4863462356444065,0.480225988700565,0.483748095479939,0.388447830942157
0.4735820132856413,0.47579385008999725,0.47157805189281155,0.4737941624730941,0.47181989385379214,0.47434171743981723,0.4706788555950568,0.47333409823800915,0.23313650256208618,0.21040017546895431,0.483222619655936,0.474861760952786,0.4789419619928095,0.4766378872524125,0.100379516969724
0.4749957417816386,0.4777307322861947,0.47253083794130146,0.47463209300276304,0.47305255949323743,0.47596073407133166,0.4720839681733537,0.4741249950106563,0.22181327181316185,0.15871667003350562,0.4816044966785897,0.4763079540621011,0.4791987673343605,0.4757067885559507,0.0553496591626082
0.4788792369272697,0.4804413932041389,0.4758485750744363,0.4746235788032031,0.4761171032357473,0.47644086602872204,0.4759945826984934,0.47578086400631414,0.1833092756271481,0.16424960086362309,0.4858627150400272,0.4746065504040833,0.4774011299435028,0.4790926019976299,0.175315462523858
0.4810594447283257,0.47906903077289503,0.47719268396427034,0.4743626921214605,0.4786680362951549,0.47681802185399363,0.4774504824784155,0.4745429223729245,0.15901874848893569,0.1347001581911922,0.4763243059104071,0.4738409187579752,0.4775723335045369,0.4720670391061453,0.0756012728463304
0.4796457162323284,0.47645083514082404,0.47564440663547414,0.4757767444144487,0.4772984078068824,0.47567129665572977,0.4759437954968682,0.4751001684393505,0.1234801651968612,0.16005174362138963,0.471214443876682,0.4786048490004252,0.4733778462592021,0.4762146605722025,0.2107549144817845
0.4783852835973429,0.4766073755875522,0.47414717141641843,0.47297635789546827,0.47599726074302334,0.47459293999499147,0.4748434061283223,0.47377875909612815,0.13421189396104777,0.15804721601114535,0.4769204564810084,0.4673755848575074,0.4724362266735148,0.4711359404096834,0.1540381607906568
0.4759666155680463,0.47424196923573714,0.47190131858783485,0.4703438019033732,0.47407978085944186,0.4729324159688118,0.4728119180633147,0.47103562214105626,0.16559217479277435,0.1761151651145106,0.469511156532107,0.4650786899191832,0.4696113679164526,0.4655493482309125,0.2122510633212411
0.47419519672968835,0.4751631864399038,0.4720884729902169,0.47207664207424654,0.47294983735661694,0.472538748122334,0.4720331809717285,0.47242338694060376,0.18639047942666856,0.21051243864078342,0.4770056208482372,0.4755423224159931,0.4717514124293784,0.4751989165396987,0.2793069856933291
0.47148696985181415,0.4710365148002811,0.4686005954912802,0.46685160513726176,0.4693374422187981,0.46819595135337017,0.46891823260538346,0.4671130237185426,0.24424187384656576,0.26196104074246107,0.4627831715210357,0.4564015312632921,0.4595103578154426,0.4564922972744202,0.3648582449458164
0.470533128938852,0.46950608963747803,0.46678009357720107,0.4677351832348511,0.46839582263311075,0.4683538836791685,0.4675808362959201,0.46791790882065704,0.25844519111144415,0.2685645274303662,0.4664452393118719,0.4695023394300297,0.4686697483307652,0.4695276790248858,0.2817715008061764
0.4711633452563449,0.4730279057811428,0.4690940025521054,0.4714718320672437,0.470261941448382,0.4728248627027362,0.46893516167259186,0.4712477949781187,0.26593710594147335,0.2428755966005118,0.4800715380684722,0.4789451297320288,0.4817668207498715,0.4779075672930422,0.191497734940803
0.4735138817918584,0.4757732169239868,0.4709485325393449,0.4724316679966227,0.4722307824002739,0.47503509936046134,0.4708650753343491,0.47256483549864536,0.2410855413461192,0.19124814451516461,0.4812638392096747,0.4743513398553806,0.4794555726759116,0.4751989165396987,0.0879932403444703
0.47319025719638913,0.4756446439062882,0.470199914929817,0.4722208567871997,0.4731724019859612,0.475509903026246,0.46983240223463696,0.4717217406794762,0.19087001330379236,0.1369085448373413,0.4753874978708909,0.4717992343683538,0.4764595103578154,0.4700355510411377,0.0282293454816947
0.47584738545392613,0.4757860335404324,0.4732113994045086,0.4719668890703832,0.4762540660845745,0.4753128281203336,0.47255798205518873,0.4711878925787107,0.12845337311804225,0.1088640445639162,0.4760688128087209,0.4714589536367501,0.4749186783085088,0.4701201963771796,0.052775044017066
0.4778402316470789,0.47599384578616694,0.47348362398979144,0.4715990801657368,0.4776408149289505,0.47540971626443745,0.4726426273912308,0.47077556362083905,0.07784534006545252,0.08215314155702004,0.4764094702776358,0.470863462356444,0.4756034925526451,0.4699509057050957,0.0287313355432277
0.47531936637710787,0.473151634430317,0.4705401956614206,0.46914204947388266,0.47509844204759455,0.4732914629573222,0.46939224648721856,0.4677355966715531,0.053665050642343635,0.07830085697976623,0.467467211718617,0.4642279880901743,0.4690549563430919,0.4616556627729812,0.0705962878252586
0.4725770737523421,0.47128521498215986,0.4685835814547,0.467617455923181,0.4729583975346687,0.4717794253419756,0.4668867445403759,0.46604753338286375,0.0509101541510605,0.07694015728252902,0.4675523760858457,0.4645682688217778,0.4687553501112823,0.462671406805485,0.0742187578880546
0.4738204735138819,0.47472497554763643,0.4695703955763504,0.4706560722743225,0.47342920732751237,0.47412413666866166,0.46871508379888266,0.47042410469979984,0.08412257479321492,0.11605725441917496,0.4816044966785897,0.4767333049766056,0.4788135593220338,0.4791772473336719,0.1942914486924668
0.47492761028785563,0.47701814925795416,0.4711186729051466,0.47350416160979214,0.47497003937681903,0.47695703729745503,0.47017098357880477,0.47274930155879663,0.08544560177217467,0.09716822925007153,0.4816044966785897,0.4792003402807315,0.4826228385550419,0.4773996952767902,0.0593901789118647
0.47807869187531943,0.4820670589102877,0.4753211399404508,0.47962804025084965,0.478085944187639,0.4816990304005518,0.47392923649906893,0.4780802578080032,0.1449318646475451,0.17349970280674099,0.4921648782149549,0.4918757975329646,0.4911830166067454,0.4887421703064162,0.3261626499200799
0.48550502469766654,0.4895776645503093,0.4833687792428753,0.4879074217013321,0.48466872110939907,0.4884556339176651,0.4817792449636025,0.48568874023721853,0.21813399398860261,0.2612021133813427,0.5045988758303526,0.5044661846022969,0.5019688409518918,0.5009057050956492,0.4366069345305461
0.4923181740759667,0.49359115069265497,0.4905487026797107,0.49209424313620637,0.49105461393596983,0.49253202735982216,0.48868630438462846,0.48952806146168387,0.2534277687794676,0.25769728620168836,0.5016181229773464,0.5004678860059548,0.5006848142441364,0.4972067039106146,0.2506876318423797
0.4963038664622722,0.4962384199984758,0.4936962994470437,0.4922199250285612,0.49486389316897783,0.4943080034022394,0.49189605552734045,0.49142737532353326,0.2518920224793152,0.23400242986502715,0.5015329586101176,0.4924712888132708,0.497859955487074,0.4952260030472322,0.1866127171917047
0.4979390223130643,0.49408570530983376,0.4954487452148021,0.4908008063922153,0.4960965588084232,0.4924673911855824,0.49380904012188936,0.48993978963220036,0.27059697623730145,0.2069732691439501,0.4897802759325498,0.4879625691195234,0.4887861667522685,0.4869646182495345,0.152914947701796
0.49712144438766825,0.49208279973588076,0.495533815397703,0.49130092041063317,0.49583975346687215,0.4916112574233849,0.4938428982563061,0.48959701341430023,0.2523313945814447,0.21626042664289877,0.4880769885879748,0.4923011484474691,0.4898989898989899,0.4889114609785001,0.2348347416407961
0.4935786067109523,0.49035009563951126,0.4902084219481071,0.4868136860585279,0.4912326656394453,0.48738530555384246,0.4903605891315389,0.48756272876680457,0.23644649780928945,0.26323443465185575,0.4868846874467723,0.4778392173543172,0.4789334018147577,0.4834941594718132,0.3571824506697698
0.4926247657979902,0.4925163698971862,0.48750319013185867,0.4868563663472562,0.489392227358329,0.48875107798208,0.4889385474860336,0.488407317738899,0.2583256001713872,0.29551733765219335,0.4968489184125362,0.4869417269247128,0.491482622838555,0.4900964956830879,0.3600831436528685
0.49022313064213935,0.491519174208412,0.48621012335176506,0.4865728958691051,0.48757746961136783,0.4887627742388095,0.4870492635855765,0.4875314063409149,0.24286883143799748,0.2334545162763809,0.4895247828308636,0.4860059549128029,0.4887861667522685,0.4857795835449467,0.1093288735247559
0.49206268097428046,0.4940054586700264,0.4881837515950659,0.4903255006914125,0.4897859955487074,0.4924514483055283,0.48970712713729475,0.49177224956331855,0.2849057674059479,0.27666955336477006,0.498978027593255,0.4978307103360272,0.4998287964389659,0.500253936008126,0.3630996275415484
0.49393629705331293,0.4951519954410634,0.4894938324117396,0.49316751797122094,0.4910443417223078,0.49369787245934954,0.4908413746402574,0.4927090658733167,0.2674769001044368,0.2336765039542603,0.4974450689831375,0.4988515525308378,0.496190720766992,0.494582698493313,0.1476904051332407
0.49594617611991154,0.495746024553964,0.492862611654615,0.49367271650371203,0.49491525423728816,0.4952279031027862,0.4930929405789741,0.4933900403040101,0.2142038496368582,0.1860567354134657,0.4969340827797651,0.4946831135686941,0.4982879643896594,0.4947519891653971,0.0908171983318766
0.49737693748935463,0.4984982581225598,0.4962484049340706,0.4970720421098049,0.49771443246019514,0.4986447733862209,0.49500592517352293,0.49548049975461744,0.18448236646320892,0.19452973287051786,0.5040027252597514,0.5038706933219905,0.5054785139530902,0.4996614186558321,0.2114757277846221
0.5012263668880941,0.5019228153565604,0.5018800510421096,0.5027694232242028,0.5021742852251327,0.502791659116466,0.5000507872016253,0.500654964398231,0.219846249136502,0.22506925087741894,0.5087719298245614,0.5141641854529987,0.511085430576956,0.5110038936854581,0.2861482868912212
0.5041049225004259,0.5057388121226782,0.5058273075287112,0.5077019464058133,0.5051018661188154,0.5066833397134369,0.5030472320975116,0.505515363094673,0.20289510307731212,0.242827466333479,0.513370805654914,0.5175669927690343,0.5144667009073789,0.5152361604875573,0.2783438972455991
0.506762050757963,0.5074027781720597,0.5076137813696298,0.5077292715156861,0.5084660160931347,0.5087927166884877,0.5053665143050619,0.5057366119068036,0.20738577087187307,0.2185995589243345,0.5107307102708227,0.5077839217354316,0.5130114706385893,0.5061791095310649,0.1701437441060455
0.509623573496849,0.5086824176061049,0.5109298170991068,0.5089072784158168,0.5110340695086457,0.50957122161473,0.5078889453191129,0.5062791226830866,0.24330782720821026,0.23587553262074387,0.5112416964741953,0.5112632922160781,0.5111282314672145,0.5073641442356527,0.2704274800135626
0.5126554249701926,0.5121756059462264,0.5142815823054019,0.5128146920617,0.5143382982366033,0.5137140336074459,0.5113763331640427,0.5098855344155514,0.2768760008363749,0.2836892203889776,0.5191619826264693,0.5206295193534665,0.5219996575928779,0.5170983578804809,0.3793165959254451
0.5153806847215125,0.5155831468245381,0.5156427052318161,0.5155330614028234,0.5162129772299264,0.5159622975861544,0.5126460132046725,0.5123744542399032,0.2604735834270034,0.2571715468741063,0.5223982285811617,0.5209698000850701,0.5204588255435713,0.5173522938886068,0.2041361998443638
0.5171691364333164,0.517826452621003,0.518296894938324,0.5206346880357402,0.5183530217428522,0.5190305062147723,0.5154393092940579,0.5179838498047636,0.3294251447363374,0.37914826584682726,0.5223130642139329,0.5308379413015737,0.5251669234720082,0.5292026409344845,0.6231017037922691
0.523811957077159,0.5265325729106806,0.525153551680136,0.527778860505324,0.5242424242424242,0.5268398318553312,0.5219400711020823,0.5248835393935714,0.39638440487880383,0.42107885883734403,0.5439448134900358,0.5420672054444915,0.5424584831364493,0.5386829185711868,0.5049400448183776
0.5292284108329076,0.5304630370247665,0.5342917907273499,0.5375040694875985,0.5299263824687553,0.5310758954365108,0.5309971220585746,0.5341388259350857,0.45761726089476323,0.47291649258934926,0.5383239652529384,0.5569544874521478,0.53954802259887,0.5526493990181142,0.5765917600933597
0.5409640606370296,0.546255435232204,0.5437005529561887,0.5475604898242858,0.5402328368430063,0.5452279067790514,0.5420687320128661,0.5469113531740365,0.5281397601278722,0.5592540257565629,0.577840231647079,0.5676733304976604,0.5735319294641328,0.5724564076519384,0.7319290920909901
0.5511837847044798,0.5553359064609402,0.5545384942577625,0.5567601620805035,0.5498715973292244,0.5530361471775883,0.5528017606229897,0.5549467144290993,0.5889358416498098,0.542208219655726,0.5734968489184127,0.575159506592939,0.5686526279746619,0.5710174369392247,0.5081166074540522
0.5685743484925909,0.5733125653587896,0.5700382815823053,0.5739524006950981,0.5669577127204246,0.5722232649277285,0.5683087861858812,0.5722103992023801,0.5998828139126791,0.5874176681393556,0.6092658831544884,0.6083368779242874,0.6105975004280089,0.6067377687489419,0.6778365651066148
0.5780275932549823,0.5792787226731907,0.5771841769459802,0.5752338278843543,0.5752097243622668,0.5760550237337055,0.5778059928897918,0.5768632501651667,0.6125482829259681,0.5810342420545112,0.591211037301993,0.5777966822628667,0.5837185413456599,0.5861689520907399,0.5682673898848223
0.5877022653721685,0.5817515903950835,0.5825606125053168,0.5781014403391795,0.5843006334531757,0.5790375385069422,0.5841036058913154,0.5792879881186885,0.5740786981632617,0.515437440129617,0.586697325838869,0.5838366652488302,0.5850025680534156,0.5841374640257322,0.3842438362798286
0.5891841253619488,0.5829175707953824,0.5905742237345809,0.5879814224407801,0.5872795754151687,0.5821672387626604,0.5907144066361945,0.5880287958712368,0.5320937969669118,0.5176264887894914,0.5852495315959803,0.6077413866439813,0.588426639274097,0.6055104113763332,0.5220045861092402
0.5948731050928293,0.5892589630545269,0.5958826031475967,0.5925547495131926,0.5943331621297723,0.589418346357667,0.5965464702894872,0.5920784489827207,0.5496632839016773,0.5437390065689541,0.6019417475728157,0.6017014036580178,0.6039205615476801,0.6001777552056883,0.5959640421278798
0.5903082950093681,0.5883199196154122,0.5909995746490854,0.5896770781527054,0.5901044341722308,0.5894301844518784,0.5922295581513459,0.5897700353412257,0.49183645202346343,0.49206013961781797,0.5864418327371828,0.583921735431731,0.5894538606403013,0.585153208058236,0.3887024057155456
0.5914665304036791,0.5912140178347908,0.5951680136112291,0.5926643444596654,0.5931518575586372,0.5926053423938163,0.5941086846114779,0.5917015516912839,0.44073083474641395,0.4322865275784036,0.597002214273548,0.5986388770735855,0.5989556582776921,0.5955645843914001,0.3127393034995747
0.5974791347300291,0.5997294610467333,0.5987920034028071,0.5957617677086837,0.5973634651600753,0.5970904302827462,0.6005248010834603,0.599873716589404,0.5082416139021785,0.5287902624051528,0.6167603474706185,0.6019566142067204,0.606060606060606,0.6162180463856441,0.7217977320586513
0.6014307613694432,0.6014888622955058,0.5981624840493406,0.5987057750980052,0.6012155452833418,0.6006226334853074,0.6010580667005249,0.6026413908801546,0.4982664040787773,0.5099030206008466,0.6050076647930507,0.6045937898766481,0.6076870398904297,0.6081767394616557,0.4721285369922341
0.6017203202180209,0.602122422135572,0.5973628243300722,0.5983715517525621,0.5990994692689607,0.5981951494821298,0.6006433045539191,0.6011289087443229,0.47355285232974254,0.49740077486146644,0.6033895418157045,0.5977031050616758,0.5933401814757747,0.5981039444726596,0.4723962833827062
0.6053823880088572,0.6029990053208362,0.6027222458528285,0.6024873155168788,0.6027289847628831,0.6013305790247241,0.6048925004232267,0.6028856682978067,0.48125412703019615,0.4740034429802488,0.6047521716913644,0.6107188430455125,0.6076014381099126,0.606399187404774,0.4272087792178134
0.6088911599386818,0.6068480281881145,0.6036580178647384,0.6027641227222974,0.6041328539633624,0.6028787207765124,0.6077535127814457,0.6052136609260362,0.5281622023604641,0.4984288553704707,0.6145460739226709,0.6033177371331347,0.6059750042800891,0.6098696461824955,0.5472796801509145
0.6077669902912624,0.6082785185365832,0.6054785197788174,0.6055291230739036,0.6053655196028076,0.6059937919369524,0.6062468257998985,0.6063706444433267,0.4451471723980183,0.4345267643291213,0.6111394992335208,0.611059123777116,0.6122239342578324,0.6086846114779076,0.3067225822464224
0.6098790665985354,0.6107083611341941,0.6102594640578477,0.6131855858065355,0.6075398048279405,0.6101820166299993,0.6102928728627053,0.6137160878874478,0.502198466805414,0.5421461792291516,0.615568046329416,0.6284985112717992,0.6185584660160932,0.62840697477569,0.7573850090292124
0.6161812297734629,0.6187723599862436,0.6160952786048489,0.6177511164699178,0.6149974319465844,0.6169974501096646,0.6181648891146099,0.621632067169026,0.5366872951629968,0.5763775945429747,0.6349003576903425,0.6268821777966821,0.630628317068995,0.6374640257321822,0.6448404251706206
0.6222960313404873,0.6242902998329911,0.6203487877498935,0.6224962072368571,0.6199280945043657,0.6220832170393825,0.6230404604706281,0.6246803928409724,0.5167962533495836,0.49350291974556565,0.6353261795264862,0.6319863887707357,0.6322547508988186,0.6307770441848655,0.3277535701507476
0.6274910577414412,0.6297006018644741,0.6251297320289237,0.6240716243339999,0.625286765964732,0.6256449318868953,0.627729812087354,0.6275590633160233,0.49286342510875547,0.4715404594793016,0.6405212059274401,0.6272224585282856,0.6327683615819208,0.633316404266125,0.4276155389467736
0.6289558848577756,0.6259549461813806,0.6266609953211398,0.6222862296353987,0.6266050333846944,0.623368378377145,0.6301337396309464,0.625274125275972,0.4908414396146069,0.4132311912447609,0.6184636348151935,0.6187154402381964,0.6188152713576442,0.6207042491958694,0.2966126547756795
0.6317492761028787,0.6271482983058975,0.6279710761378134,0.626540458208655,0.6293614107173429,0.6263590364778752,0.6309124767225327,0.6276163035951884,0.48529579413285706,0.5187063880366617,0.6295350025549311,0.6350489153551678,0.6323403526793356,0.6323006602336212,0.7296567816204632
0.6318514733435532,0.6299026468351699,0.6260484900042533,0.623450054515397,0.6278890600924499,0.6253282123000935,0.6292449636025056,0.6281196891074745,0.43528522930270847,0.47740012569773377,0.635411343893715,0.6172692471288811,0.6232665639445301,0.6291264601320468,0.3947876010198778
0.63030148185999,0.6291271719263366,0.6204849000425349,0.6170228493309793,0.6229070364663585,0.6193336857895162,0.6270949720670391,0.6254221549074942,0.4801115099005585,0.5022284081784885,0.6275762221086698,0.6041684389621437,0.6073446327683616,0.6200270865075335,0.5518849731399978
0.6234712996082441,0.6215415461737946,0.6160272224585281,0.6129932564234034,0.617582605718199,0.6149378598067184,0.6205942102590148,0.6172189683469972,0.46559189024913,0.4531580856822026,0.6063702946687106,0.6049340706082517,0.606146207841123,0.6008125952260032,0.3550174406896309
0.6204394481349005,0.6154624899320217,0.6177456401531262,0.6177646805193312,0.6150145523026879,0.611950241297842,0.6212205857457255,0.6194246877744723,0.5450114542585078,0.533342215395658,0.6033043774484756,0.6273075287111866,0.6059750042800891,0.6238361266294228,0.6937104748225686
0.6215636177823199,0.622026943552024,0.6154147171416418,0.6196412204454692,0.614346858414655,0.6176341219449518,0.6202386998476385,0.6220802020973769,0.46981699621410106,0.4734563073965817,0.6351558507920287,0.6233943002977455,0.6290018832391713,0.6273912307431861,0.3536844913984291
0.618838358031,0.6219463107470543,0.6160782645682688,0.6199564750509848,0.6146036637562061,0.6199396115140631,0.6184696123243609,0.6214804755701377,0.5263334495372863,0.5414274941429892,0.6217850451371147,0.6205869842620161,0.6245505906522857,0.6202810225156594,0.677369867635804
0.6166751831033898,0.6202176563215757,0.6179327945555082,0.6177846796667702,0.6167094675569252,0.6192509582666944,0.6168105637379381,0.6182309315718982,0.46215539240496123,0.43794989192145023,0.6167603474706185,0.6134410888983409,0.617873651771957,0.6117318435754191,0.2309946874783724
0.6199965934253109,0.6211375529738229,0.6202296894938323,0.617329301544471,0.6194487245334704,0.6194481364190791,0.6203995259861182,0.6184064232035668,0.4331928972766238,0.36203491629694806,0.6229773462783172,0.6164185452998724,0.6198424927238486,0.6187574064669037,0.2102049650479437
0.618838358031,0.6132627688081888,0.6134581029349212,0.6093693996685244,0.6174285225132683,0.6115900890057457,0.6142373455222618,0.6099460235724247,0.42098312949911704,0.4522438228429771,0.5975132004769204,0.5934495959166312,0.5958739941790789,0.5930252243101406,0.6326616359350352
0.6113609265883155,0.6080980770649947,0.6069927690344533,0.6032688100441517,0.6110426296866975,0.6067508657059363,0.6070594210259015,0.6037978851354114,0.3876391579050173,0.3638174263712948,0.5977686935786066,0.591067630795406,0.5970724191063174,0.5915016082613849,0.1869646334279303
0.606489524782831,0.6045413967465604,0.6015482773287961,0.5999673819406778,0.6054956343091936,0.6034391150588796,0.6012527509734215,0.5996144808413606,0.26749260507783756,0.26809065208083155,0.5974280361096918,0.5933645257337302,0.5968156137647662,0.5912476722532589,0.0766371034999051
0.6036961335377279,0.6039587282460747,0.6012079965971926,0.6038914830405596,0.6021914055812361,0.6027435794166428,0.6003724394785849,0.6021864159279857,0.3338084569675469,0.36625175036286084,0.6027933912451031,0.6117396852403233,0.6013525081321691,0.607330286101236,0.5625739469269194
0.6005450519502641,0.6050464649443825,0.5974478945129731,0.6018003336532981,0.5986817325800375,0.602593762183714,0.5970543423057391,0.6021799174862155,0.3702462532486166,0.37496581572633786,0.6072219383409982,0.5976180348787749,0.6022941277178564,0.602166920602675,0.3923939464532919
0.6029654232669053,0.6065693289829638,0.5992003402807314,0.6019374973540064,0.6011470638589282,0.6044627249803199,0.5992043338412054,0.6027116723199678,0.3091793871443917,0.3590863122888622,0.6096150570601262,0.602211824755423,0.6082006505735318,0.6037751819874726,0.327327305413911
0.6017901549991486,0.6016770034019169,0.6002211824755422,0.6000156121591574,0.5998630371511726,0.5998592451760599,0.599272050110039,0.5990878447484961,0.34697402520395826,0.3647034827678291,0.591892352239823,0.5961718417694597,0.5906522855675398,0.5918401896055528,0.375937823725763
0.601687957758474,0.6000903522367177,0.5994555508294341,0.5965225306071683,0.5995206300291045,0.5982740228355151,0.598967326900288,0.5959665819004984,0.3815027998176719,0.3262293140347105,0.5969170499063192,0.58953636750319,0.5951035781544255,0.5897240562045032,0.2492809765684734
0.602369272696304,0.6021268901358962,0.5975840068056145,0.5984756754451871,0.6001198424927238,0.6002988720404319,0.5974775689859491,0.5972715534435128,0.3300428706304883,0.31924430968680745,0.6061999659342532,0.6023819651212249,0.6043485704502654,0.5998814965295414,0.3052743009910013
0.6003593936297055,0.6004754410932659,0.5973117822203315,0.5977360876142449,0.5990070193460024,0.5991092520217044,0.5960978500084646,0.5966038108674262,0.3006026726174841,0.2945605252539619,0.5971725430080055,0.5962569119523605,0.5967300119842494,0.5952683257152532,0.2451929563882709
0.6011923011412026,0.6049101589347147,0.598962143768609,0.6019786025750998,0.5945557267591165,0.5947208972275039,0.5968765871000509,0.6002921630600854,0.324088510329577,0.3446258481607664,0.6137795946176121,0.6104636324968097,0.5859441876391028,0.6076688674454038,0.4447564939743753
0.6045818429569069,0.6062201263959246,0.6015142492556358,0.6042965247849311,0.5987159732922445,0.600298437562729,0.5999068901303539,0.6025253436257462,0.31197302746543776,0.3348707019088666,0.6088400613183444,0.6089323692045937,0.6114535182331793,0.6069917047570679,0.3153604094050669
0.609351047521717,0.611067775174073,0.6081156954487451,0.6103788826795329,0.6044512925868858,0.6081256832510301,0.6059505671237515,0.6083310428076613,0.3321024617798225,0.3398898506527101,0.6207630727303697,0.6225435984687365,0.6237801746276324,0.6199424411714916,0.3499281481403971
0.6135581672628174,0.6164570383293003,0.6121820501914078,0.6144905013978681,0.6085601780517035,0.613714788092138,0.6100389368545793,0.612328476933001,0.3396966838182233,0.3410083708294753,0.6272355646397549,0.6227137388345384,0.6248929977743536,0.6203233451836805,0.3432454111830058
0.6181059444728327,0.6176085019055609,0.6152956188855805,0.61360191940632,0.6124978599554871,0.6146159992291477,0.6135009310986964,0.6124117502672802,0.35147852549116376,0.32870630213730784,0.6199114290580823,0.611824755423224,0.6164184215031672,0.6125782969358389,0.3041021647529729
0.6171521035598707,0.614742464621308,0.6127435133985537,0.608302314624772,0.6158363293956515,0.6106228444327401,0.6123785339427797,0.608960127400127,0.3630343293645922,0.38664937253871096,0.6090103900528021,0.5977031050616758,0.6026365348399247,0.6020568816658203,0.5025355133415171
0.6158916709248852,0.6106742757953443,0.6118757975329646,0.6070661397087308,0.6144838212634822,0.6086455554792712,0.6112781445742341,0.6064700042381976,0.3515964642423182,0.34382327629037307,0.6025378981434169,0.6045937898766481,0.6046909775723335,0.601489757914339,0.2581710837936973
0.6142905808209846,0.6113687246005185,0.6079795831561036,0.6057316020006311,0.6114192775209724,0.6085828556245418,0.608332486879973,0.6060513870588605,0.3145940048673486,0.2841874679487651,0.612757622210867,0.6030625265844319,0.608457455915083,0.6052141527001864,0.1649158512655491
0.6136773973769376,0.6156356988735189,0.6071799234368351,0.6100595480798195,0.6111111111111112,0.6135059589913769,0.6079007956661588,0.6100892210774437,0.41865467214238794,0.47730789448524424,0.6241696474195197,0.6187154402381964,0.6233521657250471,0.6181648891146099,0.8635487475582024
0.6141883835803101,0.6179125859406608,0.6075202041684389,0.6112150850802937,0.611386748844376,0.6149361760507485,0.6090011850347047,0.6127528953111517,0.43147448313564907,0.44093900289658894,0.6224663600749447,0.6135261590812419,0.6177966101694916,0.618080243778568,0.3682012197192784
0.6181570430931699,0.6215596198328076,0.61145044661846,0.6132614958241231,0.6151189864749187,0.617056691698045,0.6130015236160489,0.6158547883982816,0.44473303289196037,0.4835687559720839,0.6288536876171011,0.617354317311782,0.6212977229926382,0.6220585745725411,0.5688282621230738
0.6205075796286834,0.6191366068288666,0.6113994045087195,0.6102871903253972,0.6152730696798494,0.6131915923310256,0.6145251396648046,0.6136058049848936,0.4650407108524397,0.4422823285134205,0.6142905808209846,0.6043385793279455,0.6054613935969868,0.6091078381581176,0.3597094735960937
0.6198432975642992,0.615903141848893,0.6122330923011483,0.6092684487324568,0.6160948467728129,0.6129831753473173,0.6147824614863723,0.6112374572592706,0.4518832658781321,0.3278977611402841,0.6094362118889458,0.6072309655465759,0.6125663413799007,0.6065007618080245,0.0991286263940114
0.6180037472321582,0.6155927264855335,0.610769885155253,0.6099787673245444,0.6145197740112994,0.6138143842040381,0.6127509734213646,0.610160787769371,0.34983007237138136,0.3363594341016723,0.6149718957588146,0.6113994045087195,0.6154768019174799,0.6080074487895717,0.3532827800244487
0.6168114460909557,0.6158967691133331,0.6108379413015737,0.6112746581539782,0.6140215716486903,0.614311455588174,0.6121076688674455,0.6117284321825714,0.32907290724115856,0.3123780874238364,0.6165048543689322,0.6138664398128456,0.6153055983564459,0.6148637210089725,0.2644153940681645
0.6159598024186682,0.6187963358274432,0.6140195661420671,0.6186039192740685,0.6150487930148947,0.6183522470000028,0.613580497714576,0.6176265277244456,0.33388673400621494,0.4058845235986761,0.6245954692556634,0.6332624415142493,0.6264338298236602,0.6294227188081938,0.5928973959483556
0.6222960313404873,0.6278547990283222,0.62381965121225,0.6301822810756658,0.6237116932032186,0.628493462846204,0.6218926697138988,0.628640584534541,0.4164111005799368,0.5280334512206851,0.6459717254300803,0.65333900467886,0.6487758945386064,0.6506686981547318,0.772331306464703
0.6319025719638904,0.6377261710208687,0.6323096554657591,0.636681849655151,0.63216058894025,0.6372659152524884,0.6307770441848655,0.6360679344106465,0.4877008212663883,0.5038813774225464,0.6574689150059616,0.6496809868141215,0.6548108200650573,0.6509226341628576,0.4555772298262687
0.6403168114460912,0.6441651450705185,0.6395236069757548,0.6402776204563333,0.6391114535182332,0.6415876517707909,0.6391230743186052,0.640624489426521,0.4799736898096111,0.4408032925285518,0.6570430931698179,0.6474691620586982,0.650231124807396,0.6497375994582699,0.3146471227405628
0.6469255663430422,0.6459596396649082,0.6449680986814121,0.6405480464179326,0.6443845231980825,0.6416154167657581,0.6450990350431691,0.6419975011616116,0.4929366629712709,0.4036122816445225,0.6495486288536876,0.6410888983411313,0.6416709467556925,0.644743524631793,0.3292302598764639
0.6515414750468406,0.6465314307014906,0.6462951935346659,0.6403313362054613,0.6469868173258003,0.6408920446645886,0.6473218215676317,0.6415105512512431,0.4351983425240932,0.3704767856671705,0.6476750127746551,0.6398979157805188,0.6394453004622496,0.6405366514305062,0.3042057937124666
0.6522227899846704,0.6474803871740704,0.6454955338153976,0.6433344594978135,0.6474114021571649,0.644227636008202,0.6471102082275267,0.6442105779855644,0.36480756864064706,0.38711033612727114,0.6493783001192301,0.6493407060825179,0.6508988186954288,0.6496106314542069,0.4203774370474723
0.6478283086356671,0.6434857608696949,0.6411229264142916,0.6381622896014063,0.6432083547337785,0.6407502849881764,0.6425816827492806,0.6389003875809186,0.33810036643714103,0.365420630354427,0.6354965082609438,0.627817949808592,0.6337955829481254,0.628280006771627,0.3220412188087387
0.6427354794753876,0.6395168230359369,0.6377541471714163,0.6356499483490446,0.6390481082006506,0.6369768207060365,0.6384509903504318,0.6356283042086209,0.34525842896294506,0.3604262320261456,0.631578947368421,0.6306252658443215,0.6294298921417565,0.6290841374640257,0.3504374353695827
0.6410321921308126,0.6400219460675621,0.6376010208421947,0.6372077211310375,0.6388255435713063,0.638170588340348,0.6366395801591332,0.6356476940308474,0.32870749812889616,0.32244268991950364,0.6410321921308124,0.6403232666950233,0.640558123608971,0.6356864736753005,0.2464756057062198
0.6399931868506218,0.6408412928362752,0.6360527435133985,0.6355239904662042,0.6383975346687211,0.6378821442100066,0.6360589131538853,0.6363095681553204,0.31592387007259914,0.29505767775666286,0.6424799863737014,0.6321565291365375,0.6373052559493237,0.6376333164042662,0.2402876534309813
0.6370294668710612,0.6387474286313259,0.6335516801361122,0.635961123376165,0.6350967300119843,0.6367196946105859,0.6327662095818521,0.6352554166348939,0.2819808606766009,0.28025924852693557,0.6345597002214274,0.6368353891960866,0.6343947954117446,0.633147113594041,0.2506623900674809
0.639976153977176,0.6425749336847232,0.6355082943428327,0.6365077558648414,0.6364492381441533,0.6379991709433809,0.635618757406467,0.6376845263881631,0.2624273426983073,0.261597375323714,0.6502299437915178,0.6376010208421946,0.640558123608971,0.6425427458947013,0.224273628917271
0.6414069153466191,0.6412942071950275,0.6376520629519351,0.6381198735398389,0.6388460879986304,0.6391374944336344,0.6375486710682242,0.6380342528497127,0.2510413563075709,0.2722340846877762,0.6387327542156362,0.6413441088898338,0.6414141414141414,0.638733705772812,0.2935075034159006
0.6403338443195368,0.6394184171284855,0.6342152275627392,0.6331262789429069,0.6362780345831193,0.6353309484662283,0.6371423734552227,0.6365744971032394,0.3042665391911142,0.3523565631664962,0.6356668369954013,0.6231390897490429,0.6277178565314159,0.6336549856102929,0.5126015201239362
0.6351899165389202,0.6318657272425298,0.6320204168438961,0.629145011142712,0.6327170005136107,0.6300539941780791,0.6330540037243948,0.6301134873188686,0.36367356125095684,0.4140119633543957,0.6167603474706185,0.6211824755423224,0.6195000856017805,0.6171914677501269,0.5373227637301946
0.6336569579288028,0.6302087872186332,0.6286176095278603,0.6260371249671106,0.6304057524396507,0.6276488477993677,0.6304469273743016,0.6267795688271042,0.3885000217538207,0.40093953976353064,0.6268949071708398,0.6198213526159079,0.6228385550419449,0.6201117318435754,0.3747946925818003
0.6267245784363824,0.6253285402555607,0.6244831986388769,0.6230010721104996,0.6259030987844547,0.6244475169772421,0.6247418317250719,0.6225254684342537,0.40249940383517124,0.36538320628369486,0.615568046329416,0.6169289663972776,0.6180448553329909,0.6140172676485527,0.2942705393240233
0.6209163685913814,0.6201162618339179,0.6160782645682688,0.6151071942525973,0.6186611881527135,0.6180332074033067,0.6174792618926698,0.6158239311597694,0.4406564770669757,0.4050197607141042,0.6096917049906321,0.5993194385367927,0.6052045882554358,0.6024208566108009,0.484292869574923
0.6130301481859991,0.6121560862121084,0.6107698851552529,0.6089371937297196,0.6125663413799007,0.611103345824655,0.6092517352293889,0.6080550715378091,0.4142047216254456,0.39679408811483147,0.5962357349684893,0.5965971926839642,0.5972436226673514,0.5925173522938887,0.380342742916286
0.6105944472832568,0.6096313384603745,0.6051722671203741,0.6036895909424559,0.6082348912857387,0.6066831755934269,0.6052818689690199,0.6044840931746333,0.3405188589102274,0.32082720879458876,0.604581842956907,0.5931943853679285,0.5978428351309707,0.5973421364482817,0.1688934501541033
0.6039175608925227,0.6042577173793061,0.5982305401956614,0.5974972999590852,0.6013525081321692,0.6005976634869836,0.5985779583544948,0.5985201217067387,0.3250362793146501,0.3130120707310306,0.5935104752171692,0.5851127179923435,0.588426639274097,0.5865921787709498,0.2973817946039143
0.5986373701243402,0.5992275090823717,0.5925988940876221,0.5945884452584175,0.595788392398562,0.5971398678796406,0.5931606568478077,0.5946570011761985,0.3210209279096746,0.3000726412537356,0.5891670924885029,0.588770735857082,0.5902242766649546,0.5869307601151178,0.2741937822991457
0.594890137966275,0.5964701874550167,0.5902849851127179,0.592308928059702,0.5922787193973634,0.5939786530029082,0.5896140172676486,0.5913338870208007,0.280937127052776,0.2946730492659671,0.5909555442003067,0.5877498936622713,0.5876562232494436,0.5846876587100052,0.28387386529043
0.5935104752171693,0.5940925987109978,0.5880561463207145,0.590023618281117,0.5910118130457114,0.5929554656383024,0.5877687489419333,0.588652928235638,0.22668993682947533,0.23281763011057224,0.5893374212229603,0.5854529987239472,0.5909090909090908,0.5832910106653124,0.1091067917997826
0.5946687106114803,0.599519405783486,0.591918332624415,0.5975175178162218,0.5941619585687381,0.5998348313409033,0.5899018114101914,0.5951044350869492,0.3065303592464478,0.3445769408200367,0.610373019928462,0.6125053168864311,0.6135935627461051,0.6080074487895717,0.5680955622389656
0.599131323454267,0.6049541169993581,0.5975159506592937,0.6027119479330603,0.5995805512754664,0.605063088496515,0.594658879295751,0.600195462790882,0.31732481611596475,0.34683598686385736,0.6158235394311022,0.6131008081667374,0.6155196028077383,0.6103775181987474,0.3513540789514988
0.6037983307784025,0.6074701210359656,0.6022118247554231,0.6058913340679496,0.6045625749015578,0.6084201905961473,0.5990942949043508,0.6031662545799605,0.2844820543830829,0.2678839824541504,0.6125021291091808,0.6122501063377285,0.6151343947954118,0.6091078381581176,0.1099799736347366
0.6111735649804123,0.6142573190940958,0.6101063377286259,0.6130017088880616,0.6131741140215716,0.6158514333472689,0.6069578466226512,0.6101126421538093,0.3143676274512289,0.32302323184648696,0.6278317152103561,0.6272224585282856,0.6307139188495121,0.6240054173015068,0.43330173063116
0.6194004428547097,0.619662149594213,0.6196001701403656,0.6196418595195895,0.6216829310049649,0.6217186808401983,0.6162908413746404,0.6167270895776257,0.3838954630709163,0.3675974778637312,0.6304718105944473,0.6329221607826455,0.6334531758260571,0.6299559844252582,0.4567459698982197
0.6250212910918073,0.6259338534341253,0.6245172267120372,0.6254581062613228,0.6267248758774182,0.6274135495962562,0.6217250719485358,0.6228775936047667,0.3779709523161762,0.4245559880642425,0.63847726111395,0.6370905997447892,0.6388032871083718,0.6351786016590486,0.5384730084652652
0.6316811446090956,0.6336635046285982,0.6308464483198637,0.6318877095761718,0.6328454031843862,0.6336497795116969,0.627921110546809,0.6290376327998822,0.40300189873220216,0.44187359572003787,0.6491228070175439,0.6447469162058698,0.6461222393425783,0.6413577111901134,0.4765088110316285
0.6393459376596833,0.6393843678731052,0.6375669927690343,0.6365427492453083,0.6395052217086115,0.638577682146644,0.6347604536990012,0.6337932731729479,0.4675740579907292,0.4388626537891491,0.6508260943621189,0.6458528285835813,0.6484334874165383,0.6433045539190791,0.4328407699273716
0.6431272355646399,0.6418356468271164,0.6428413441088898,0.6422265712393931,0.643186098270844,0.6420912219846542,0.6399915354663959,0.6392491241614585,0.4986942567527256,0.48887601067314695,0.6467382047351389,0.6535942152275628,0.6491183016606745,0.6501608261384799,0.5889027244411426
0.6476409470277636,0.6455705538547664,0.647435133985538,0.6467814175482243,0.6468498544769731,0.6453181336086703,0.6444218723548334,0.6435353057301209,0.5299810145137454,0.5303105933498706,0.6530403679100665,0.6558911101658867,0.6517719568567026,0.6521076688674454,0.6131797587033181
0.6488502810424119,0.6452216796322413,0.6499361973628242,0.647719583909223,0.6484848484848484,0.6458715081216965,0.6465041476214661,0.6442201964841515,0.5108905132965411,0.5012138963596616,0.6445239311871913,0.6495959166312205,0.6469782571477487,0.6455899779922127,0.4430205023792438
0.6468915005961507,0.6432574213502401,0.646873670778392,0.6416244837007183,0.6463276836158192,0.6423598104136082,0.6448620281022517,0.6405291688541147,0.5291752878801482,0.5234534922229958,0.6393289047862376,0.6294342832837089,0.6353364149974319,0.633147113594041,0.567932683949664
0.6431953670584228,0.63962008979132,0.6437090599744788,0.6377595806551506,0.6435541859270673,0.6397618732666651,0.6417978669375318,0.6363473619345698,0.49447408899680756,0.43541391998555334,0.6323454266734798,0.6300297745640152,0.6345659989727788,0.62798374809548,0.2593347755106686
0.6397206608754897,0.6362016178010379,0.637635048915355,0.6329144404140816,0.6395822633110769,0.6362608117046843,0.6369900118503471,0.6329387581905653,0.4545061249396264,0.4199635813754478,0.6293646738204737,0.6232241599319438,0.6292586885807225,0.6261215507025564,0.3890629041552367
0.6451371146312385,0.6508419574302952,0.6422798809017438,0.6483147169753313,0.6449580551275467,0.6503908464494733,0.6419840866768242,0.6476518531269871,0.5079585388702224,0.5734563303690644,0.6801226366888096,0.6791152700978306,0.6786509159390515,0.6770780429998309,0.8804418283562978
0.6507579628683361,0.6581040290777566,0.6458698426201616,0.6547250530579906,0.6499743194658449,0.6576137572460622,0.6465380057558828,0.6545544265471602,0.5459313104299566,0.5932656736386813,0.6726281723726795,0.6675457252233091,0.6720595788392398,0.6683595733875065,0.632884360177915
0.6580139669562257,0.6639389944603996,0.6543768609102509,0.660473160283379,0.6584146550248244,0.6642552024281515,0.6549178940240393,0.6613851360097146,0.5241852092745075,0.5485778418165936,0.6756089252256856,0.6719693747341556,0.67753809279233,0.6750465549348232,0.4592021781724184
0.6667347981604499,0.6679425238717999,0.6638366652488301,0.66609170560789,0.6666666666666667,0.6681121540127641,0.6638395124428645,0.6651207040696783,0.5986110323261775,0.5762065248007353,0.6759495826946007,0.6773287962569118,0.6758260571819894,0.6725918401896056,0.6314638907690187
0.6789644012944985,0.6754659124114389,0.6779583156103784,0.6753386076518217,0.679301489470981,0.6762190368759408,0.6763500931098697,0.6729719540589797,0.6376650513766499,0.5789153496696897,0.6905126894907172,0.6938324117396851,0.6924328026022941,0.6886744540375824,0.5843329994075985
0.6829841594276956,0.6837177507258909,0.6826541897065077,0.6844239519607068,0.6833076527991782,0.6837066021106398,0.6806500761808024,0.6815072888241515,0.6152761936651775,0.6421094130461051,0.7002214273547949,0.702594640578477,0.6986817325800376,0.6985779583544949,0.768497539798936
0.6913983989098963,0.694044957078488,0.6910080816673754,0.6927210296496872,0.6914569423043999,0.6934064101955427,0.6893346876587101,0.6915990694751158,0.6279251316106145,0.6601159586657701,0.7146993697836825,0.7093151850276477,0.7128060263653484,0.7117826307770443,0.6961290499051
0.6980582524271846,0.6989993689897012,0.6976435559336451,0.6968629351216261,0.6970724191063173,0.6974760990643342,0.6949382089046894,0.6954207667049839,0.667331131149103,0.6588213643988005,0.7089081928121275,0.705146746065504,0.7056154768019174,0.7030641611647199,0.6562321758648613
0.7047010730710273,0.7023874746310721,0.7045172267120372,0.7018076734640416,0.7030131826741995,0.7001606910500229,0.7017098357880481,0.699097169338789,0.6826416352704883,0.6752197133911819,0.7091636859138137,0.7116971501488726,0.7055298750214005,0.7064499746063995,0.7080164113759447
0.7078180889115995,0.7036242393185743,0.7060825180774136,0.7017580718315503,0.7059578839239855,0.7024925636504232,0.7042068732012867,0.6997846599271177,0.6448157800194924,0.5818810499783275,0.7060977686935788,0.7016588685665673,0.707156308851224,0.7011596411037753,0.3952037231526187
0.7064554590359394,0.7002189188712146,0.7041769459804337,0.6988609745855592,0.7049991439821948,0.6996243867239768,0.7022431014051127,0.6961094730759534,0.5385602440393156,0.4669939866182358,0.6934082779764947,0.6930667800935769,0.6938880328710837,0.6887590993736246,0.2372198598980525
0.6993186850621702,0.6931511125524216,0.699242875372182,0.6941222603858357,0.6985105290190037,0.6932039083324485,0.6958439140003387,0.690668546635027,0.49038750071365395,0.4630844355044211,0.6790154999148357,0.6846448319863886,0.6803629515493923,0.6797866937531742,0.4552653332767917
0.693459376596832,0.6886379585300935,0.6943088047639301,0.689573637931972,0.6939736346516008,0.6897796072099335,0.6908836973082784,0.6865333903248242,0.46537386556579496,0.4857776237114695,0.679611650485437,0.6804763930242449,0.6829310049649033,0.6782630777044185,0.5311640001255663
0.6886390734116847,0.6874460290160881,0.6884049340706081,0.6871083575154023,0.6899674713234035,0.6883527576000938,0.6857711190113426,0.6846512879237895,0.3813197097507968,0.4197669599079643,0.685062169988077,0.6821777966822627,0.6854990583804144,0.6808870831217202,0.2877456323009539
0.6843127235564641,0.6864526924832174,0.6847979583156103,0.6859469016074607,0.6859613079952063,0.6879436691368085,0.6814626714068055,0.6829733263095564,0.32946197019120793,0.325149648390201,0.6844660194174759,0.6836239897915778,0.6871254922102379,0.6796174030810902,0.1359150253546744
0.6800545051950266,0.6816741903785806,0.6798128455976179,0.6800116732395124,0.6820236260914226,0.6833623205419276,0.6775520568816659,0.6783842264556798,0.3695068528206262,0.3625811899418487,0.6721171861693069,0.6681412165036155,0.6741996233521657,0.6692060267479263,0.4374442730451439
0.6789473684210529,0.6789427322673761,0.679812845597618,0.6815560594884711,0.6812874507789761,0.6811355720236717,0.6775520568816658,0.6788517155548446,0.3443942148422005,0.35162150775612017,0.6734798160449669,0.6846448319863886,0.6766820749871596,0.6797866937531742,0.3297021433846632
0.6790325327882816,0.6793076456187777,0.6789791578051891,0.6798066910130144,0.6807395993836671,0.6808209640119006,0.6764178093787032,0.6767650904330983,0.2887269498995746,0.3186902303082257,0.6800374723215807,0.676307954062101,0.6801917479883581,0.6725918401896056,0.2528276754124368
0.6764946346448648,0.6769959901695163,0.6763079540621011,0.6761450533309504,0.6779661016949152,0.6777578326534853,0.67423395970882,0.674499338546167,0.3315172105764323,0.379692465433898,0.6723726792709932,0.6688217779668225,0.6716315699366546,0.6699678347723041,0.5016969356852425
0.6750298075285303,0.6770446213916119,0.6742492556358994,0.6752068681074902,0.676125663413799,0.6778129887038759,0.6721855425766041,0.6727913315041146,0.3539435087242001,0.33581048232043637,0.6771418838358032,0.6733304976605697,0.6779233008046568,0.6693753174200103,0.2480465160935131
0.677227048203032,0.6790642107750132,0.6787409612930666,0.6803378270014772,0.6773754494093478,0.678691510245887,0.6755713560182836,0.6772392523215175,0.40273422577234796,0.4510062743089187,0.6831033895418159,0.6905997447894511,0.6804485533299094,0.6861350939563231,0.6813978582858834
0.6813660364503493,0.6841010596105267,0.6793024245002124,0.6827092673416909,0.6801232665639445,0.6826013937506392,0.6769764685965804,0.6804302537625646,0.4014728988700681,0.4084693524970338,0.6941747572815535,0.6874521480221182,0.6904211607601438,0.6868122566446588,0.323395508873264
0.6847555782660537,0.6883957668737185,0.6837771161207995,0.6880333156161392,0.6833247731552816,0.6871340228154407,0.681868969019807,0.6859716166102894,0.45646640117826787,0.44824463064916764,0.6969851814001022,0.6986814121650359,0.6961992809450437,0.6970543423057389,0.5277951869534353
0.6899335717935617,0.6916847268853236,0.6901403658017863,0.6922348858680117,0.6894024995719911,0.6920960825503611,0.6871677670560352,0.6894683527246747,0.4011232865194788,0.3738235412298776,0.6982626469085336,0.7006380263717565,0.702020202020202,0.6964618249534451,0.2249813623912974
0.696661556804633,0.698050420887269,0.6974053594215227,0.6980417458317584,0.6965930491354221,0.6993560712408445,0.6946334856949383,0.6952135386879582,0.4014659872131595,0.33246903400722394,0.7107818088911599,0.7096554657592514,0.7138760486218112,0.7067039106145254,0.2497600195619166
0.7020439448134901,0.7020387237868797,0.7001616333475116,0.7001548686943043,0.7021229241568224,0.7022700236395335,0.6977484340612834,0.697378971054655,0.2909027358228885,0.26450655644965865,0.7100153295861011,0.704381114419396,0.7080979284369116,0.7017098357880482,0.128581601334528
0.7053142565150742,0.7048679211210777,0.7039217354317311,0.7021874652772747,0.7065998972778634,0.7057820245481384,0.7012696800406298,0.6997254762169005,0.2509404351021119,0.21753237272289946,0.7105263157894737,0.7062526584432155,0.7128060263653484,0.7044184865413916,0.1235840052693811
0.7053823880088572,0.7023538937037243,0.7014887282007656,0.6969637688549192,0.7057609998287965,0.7011896142653287,0.6998087015405453,0.6964001340797056,0.27386895278209356,0.3591675069330475,0.6973258388690173,0.6865163760102083,0.6920047936997089,0.6897494498053158,0.6424377753533436
0.7032021802078011,0.6973564651035673,0.6984772437260739,0.6931693805693789,0.7035593220338983,0.6977970138587896,0.6970323345183681,0.6917934193339903,0.2707931828482967,0.3093125088628028,0.6873616079032534,0.6855806039982985,0.6910118130457112,0.6825799898425597,0.2096025127223134
0.6996252767841936,0.695870073993419,0.6945470012760526,0.6921143382159677,0.6998014038692004,0.6968934951719671,0.6929524293211445,0.6899637410987959,0.26937180473550393,0.2870927155745195,0.6928972917731222,0.690004253509145,0.6950864577983222,0.6863043846284069,0.2426531289979529
0.6982115482881964,0.6982289450309844,0.6926924712888132,0.6931123803050446,0.6978839239856189,0.6974325064543127,0.6916675131200272,0.6917375789933512,0.28022780564163774,0.25234901233807866,0.702946687106115,0.6951084644831985,0.6985105290190037,0.6952852547824615,0.1828616058651971
0.6958269460057914,0.698353731479806,0.6889493832411738,0.6912539929383694,0.69386920047937,0.6958658072475763,0.6898222447943119,0.6928891009665059,0.3248450292703623,0.28378938269638704,0.6986033043774487,0.6875372182050191,0.6927324088341036,0.6951921449128153,0.3466701234130037
0.6969511156532109,0.6998847166885757,0.6886941726924711,0.6892494363811447,0.6935439137134052,0.6940366581216794,0.6910292872862704,0.6938542880660403,0.31740824247671207,0.39094420225928883,0.702946687106115,0.6852403232666949,0.6903783598698854,0.6957846622651092,0.6052538413850924
0.6975132004769208,0.6966471551329846,0.6893747341556783,0.6891607613588745,0.6941020373223763,0.6939585824446418,0.6919603859827324,0.6916480198189832,0.296750585012554,0.2960675433067003,0.6901720320218023,0.6889834113143342,0.6938024310905666,0.6872354833248688,0.1063142254015232
0.6978197921989442,0.6959081868830697,0.6902424500212675,0.6908881185182798,0.6945300462249614,0.6950478890668439,0.6934840020314882,0.6924061681700507,0.30737628914333837,0.29597224542175843,0.6944302503832398,0.6943428328370905,0.697226502311248,0.6939224648721856,0.2957816496518746
0.6962016692215979,0.6955574819951743,0.6901403658017864,0.6921247601407843,0.6933487416538264,0.6942332614323385,0.6931267987133909,0.6927705248440258,0.36099025961211395,0.34762531635086397,0.6948560722193835,0.6945980433857931,0.6926040061633281,0.6934992381919758,0.450931458209075
0.6966785896780788,0.6973676235500674,0.6925903870693321,0.6946789482747722,0.6952405410032528,0.6968859761486378,0.6930929405789741,0.6935213013095943,0.35857477779436103,0.3432811156753224,0.7009879066598534,0.6997873245427478,0.7021914055812362,0.6950228542407313,0.3345927143242391
0.6949071708397208,0.6962749466714865,0.6935601871544023,0.6931490734138634,0.6963619243280259,0.6965857429303423,0.6920941256136788,0.692611063352607,0.31726074790185793,0.3617486410910739,0.6940895929143249,0.6900893236920459,0.6959852764937511,0.6907905874386322,0.3986836919225769
0.6949242037131665,0.694269029910668,0.6934581029349213,0.6915903790148853,0.6961051189864749,0.6952299634144986,0.6915354663958017,0.6898881046468991,0.354924881395784,0.3393773916844338,0.6902571963890309,0.6884729902169288,0.6925184043828112,0.6844421872354833,0.2946348928711536
0.6949582694600581,0.694379546313011,0.6922501063377285,0.6904945359602993,0.6954374250984421,0.6947826532333603,0.690147282884713,0.6889192522035138,0.35846013424218415,0.3307375657509144,0.6946005791176972,0.6883028498511271,0.6938880328710837,0.6869815473167429,0.3134579138838756
0.6928291602793392,0.6909898729806039,0.6885750744364099,0.685737318599933,0.6934429036123951,0.6907322350666046,0.6867208396817336,0.6847351755280352,0.3720471207946516,0.3934471741577468,0.6842105263157896,0.6762228838792003,0.6826313987330936,0.6763670221770781,0.5188663909714119
0.6878725941066259,0.6860616072524982,0.6836750319013185,0.6822539163557187,0.6889573703133025,0.6870760697396608,0.6818791264601322,0.680094879729598,0.33926024894080936,0.3191842344568406,0.676205075796287,0.6752871118672904,0.6797637390857729,0.6708142881327239,0.170658355055028
0.6858286492931359,0.685331027783957,0.6804083368779241,0.6794212270955039,0.6854733778462592,0.6842391512126187,0.6809310986964618,0.6820800693598258,0.40416654504720595,0.45386121378941363,0.6838698688468745,0.6737558485750742,0.6785653141585344,0.6860504486202812,0.7232151724545598
0.6830522909214786,0.6823458200328861,0.6778902594640577,0.6782416857795348,0.6828710837185412,0.6826617453898197,0.6784933130184527,0.6788044658550297,0.37596808631916007,0.35378834226991723,0.6763754045307444,0.6758826031475965,0.6795069337442219,0.6722532588454377,0.1536425992309244
0.6789473684210527,0.6795892022271136,0.6732454274776689,0.673854020492751,0.6781972265023113,0.6786140791898575,0.6746504147621467,0.6751253292484239,0.3834980841033912,0.35289486244828855,0.6740759666155682,0.6650786899191833,0.6705187467899332,0.6677670560352125,0.3511079028050312
0.6752171691364335,0.6749126447823067,0.6705912377711611,0.670219992110721,0.6753638075671973,0.6752308208124131,0.6715083798882683,0.6703025021015113,0.38164231799165804,0.4051257617697744,0.6655595298926931,0.662951935346661,0.6684643040575244,0.660656847807686,0.5095875604127461
0.6729858627150402,0.6716246110846447,0.6690089323692044,0.6692718563596497,0.672949837356617,0.6727185098858991,0.6701540545115966,0.6682158884841293,0.4454516249186069,0.4333188044097736,0.6650485436893205,0.6673755848575073,0.6676938880328711,0.6640426612493653,0.4897048896897721
0.671980923181741,0.6740314644498892,0.6698936622713738,0.6722410702684067,0.6725389488101353,0.673982630399308,0.6675469781615034,0.6698156146126913,0.3844085044404414,0.4282123929610931,0.6788451711803782,0.6781794980859207,0.6765108714261256,0.6730150668698156,0.4179995700637322
0.6743655254641461,0.6787871149475159,0.6739940450871968,0.6802888859211751,0.6748330765279917,0.67964761104404,0.6719485356356867,0.6779640918139122,0.47192171965695434,0.4825444870785584,0.6882984159427696,0.6963845172267119,0.6909775723335045,0.6942610462163536,0.5912086753134891
0.6795775847385456,0.6859034976275327,0.6795065929391747,0.6844064003404743,0.6803800719054955,0.6858496485885107,0.6768748941933301,0.6827756774837516,0.46273027153357466,0.4234132121150833,0.700136262987566,0.6926414291790727,0.6982537236774524,0.6923988488234301,0.3051506621881332
0.6854198603304379,0.6888593010357399,0.6842875372182049,0.6852231524742535,0.685105290190036,0.6879298975524158,0.6826477061113935,0.6850240874551686,0.43727706234938707,0.4097159795739915,0.6947709078521547,0.6868566567418118,0.692090395480226,0.6895209073980026,0.3823215144918077
0.6897973088059957,0.6882181293795298,0.6867545725223309,0.683385688775548,0.6887861667522684,0.6873193553162884,0.6860335195530729,0.6836733011226999,0.4334332907619327,0.42997266363349446,0.6869357860671095,0.6797107613781369,0.6860982708440335,0.6809717284577621,0.4704860317525006
0.689831374552887,0.6851505862246317,0.6867886005954912,0.6817070053342729,0.6894538606403013,0.6848293504996222,0.6866260369053666,0.6811080852922281,0.4318336322877365,0.42331553498658003,0.6790154999148357,0.6783496384517226,0.67984934086629,0.6759776536312849,0.4100012776927513
0.6882473173224323,0.6835597674132531,0.6817184176945978,0.6781492044635972,0.6864749186783085,0.681913854507595,0.6824276282376843,0.6784950578207992,0.37447050558265466,0.3836747039204132,0.6803781297904958,0.6710336027222458,0.6760828625235404,0.6732690028779416,0.3043930417880796
0.6836654743655256,0.681448861009846,0.6781624840493405,0.6770533899599934,0.6828967642526964,0.6813968868548607,0.6785000846453363,0.6765837488344294,0.34653955459557273,0.3109484383645167,0.6772270482030318,0.6748617609527859,0.6803629515493923,0.6727611308616896,0.1654959072527237
0.6795264861182082,0.6789912295450868,0.674385367928541,0.6740259520192668,0.6786337955829481,0.6778564419470685,0.6744032503809041,0.6740680779149004,0.3683114849708638,0.3710260143657655,0.6740759666155682,0.6679710761378136,0.6707755521314842,0.6690367360758422,0.491181166368263
0.6753874978708909,0.6747411013068989,0.6715099957464907,0.6711286015021399,0.6751583632939565,0.6748113310977374,0.6705688166582022,0.6699785718913512,0.42816476325326286,0.5039348172986756,0.666240844830523,0.6653339004678859,0.6687211093990755,0.6617995598442528,0.7697524231644961
0.6741951967296884,0.674178732274207,0.669349213100808,0.6699343094091964,0.6739256976545112,0.6744362249548462,0.6683680379211105,0.6683103012428432,0.371348676293788,0.3779301591642426,0.6730539942088232,0.6675457252233091,0.6736860126690636,0.6649737599458272,0.1259208428953766
0.6722193834099814,0.6729521759134581,0.6688558060399827,0.6694783954121708,0.6733093648347885,0.6739578827782067,0.6666582021330626,0.6671134754744625,0.3421819981535873,0.30480665647185373,0.6704990631919605,0.6685665674181197,0.6730011984249273,0.6647198239377012,0.158559651087076
0.6726111394992337,0.6750300601587366,0.6707103360272223,0.6743637339044416,0.6731895223420648,0.6758931682140621,0.6681479600474015,0.6714789571274364,0.4139522855188031,0.3779868856741701,0.6791858286492933,0.6841344108889832,0.6797637390857729,0.6802099204333842,0.5243473440788028
0.6757451882132517,0.6799354435010438,0.6744534240748615,0.6784713280616311,0.6776236945728471,0.6815775832378401,0.6717030641611649,0.6765900569665106,0.434777190394027,0.45042648736424096,0.6897462101856584,0.68668651637601,0.6929464132853964,0.6868122566446588,0.5953056907443827
0.680497359904616,0.6832908634298107,0.6788600595491279,0.6814365779874931,0.6823489128573874,0.6851674557658191,0.6761300152361607,0.6790381430507509,0.3312743296289424,0.3843636980225183,0.6900017032873447,0.6873670778392172,0.692347200821777,0.6839343152192314,0.252238119339073
0.6845000851643673,0.6865497824557337,0.6826541897065076,0.6831298439950649,0.6860640301318267,0.6875321701909659,0.6802183849669884,0.6811639649004894,0.33943732687584494,0.31182107505830864,0.6930676205075796,0.6865163760102083,0.69226159904126,0.6854156085999663,0.1667358291298894
0.6871401805484587,0.6855997016746281,0.6846618460229689,0.6816215123301851,0.6880688238315357,0.6860298357684679,0.6824360927712884,0.6793787642533933,0.3445725043824312,0.2692925629122082,0.6836995401124171,0.6786048490004252,0.6830251669234719,0.6758083629592011,0.1842355386200073
0.6870039175608926,0.6832346390202398,0.68287537218205,0.6794816887815865,0.6876750556411573,0.683284856556939,0.6807093279160319,0.6767778748879628,0.28120540581522774,0.248698992355734,0.6785045137114631,0.6752020416843895,0.6777948981338813,0.6715760961571018,0.2075118512427856
0.6840572304547778,0.680494017565188,0.6803232666950232,0.6776297888346831,0.6843194658448895,0.6809127258059785,0.6775605214152701,0.6748746579722585,0.21015706074859958,0.24582065004090325,0.6750127746550845,0.6739259889408761,0.6761684643040575,0.6710682241408499,0.2400639654112417
0.6822176801226367,0.6805973289190052,0.6769034453424073,0.6751758495818346,0.6805615476801917,0.6784610205367483,0.67534281361097,0.6741983640474162,0.24228870202020492,0.3015125419263021,0.6808039516266395,0.6702679710761378,0.6735576099982878,0.6728457761977316,0.4128963256970998
0.6777210015329588,0.6772596284657332,0.6731093151850276,0.6726324747956595,0.6762472179421332,0.6758706638081545,0.670983578804808,0.6706720542213293,0.27158794996217417,0.3054190508974466,0.6705842275591893,0.6675457252233091,0.6706899503509673,0.6636194345691553,0.3132320688397356
0.6683018225174588,0.6637076339887946,0.6631731178222032,0.6580629372592076,0.6660760143810991,0.6613034922448703,0.6619942441171492,0.6574019326545221,0.34946311203731606,0.39481648359687,0.6366036450349175,0.6289238621863037,0.6321691491183017,0.6308616895209076,0.573611348995717
0.6571282575370466,0.6500173189289972,0.6520119098256061,0.6451739587399395,0.654964903269988,0.6482821090226887,0.6511257829693584,0.644012551909064,0.4520733502113609,0.5033986697689167,0.6226366888094022,0.6193960017014034,0.6222393425783255,0.617233790418148,0.72056304211301
0.6480156702435702,0.6431614920152322,0.641242024670353,0.63680816021483,0.6427752097243623,0.6372614048737687,0.6413746402573219,0.6367792047995984,0.5481351376704762,0.5757234140815504,0.6294498381877023,0.6200765631646107,0.6152199965759289,0.622312510580667,0.7203729027068178
0.637182762732073,0.6376541326998727,0.6319183326244151,0.6324219437587028,0.6336757404554014,0.6341943578003405,0.6309971220585746,0.631505531601064,0.48672357906706054,0.4190951202810406,0.6266394140691536,0.6236495108464483,0.628060263653484,0.6209581852039954,0.1058385326800211
0.6279850110713678,0.6333012448851363,0.6221012335176519,0.6277680390689664,0.624482109227872,0.6310368366046669,0.6220247164381243,0.6272561565563439,0.4594682631951609,0.3383819100141064,0.6245954692556634,0.6184602296894938,0.6247217942133196,0.6187574064669037,0.1769554894802379
0.6252427184466021,0.6298315572271204,0.6203317737133134,0.6252042137675144,0.6225800376647834,0.6282441548373977,0.6194514982224479,0.6241693038517379,0.3689814383919871,0.2659803483360202,0.6228921819110884,0.6200765631646107,0.6226587913028592,0.6179955984425258,0.1211772249798478
0.6257707375234203,0.6283132995492448,0.6209612930667799,0.6243173420012552,0.6235387776065743,0.627840450654025,0.6201963771796175,0.623098930969157,0.2705137150954443,0.25339504076744557,0.6252767841934936,0.6225435984687365,0.6270330422872796,0.6209581852039954,0.2282244256302963
0.6238630556974962,0.6255126760521906,0.6203147596767332,0.621826193405629,0.6250282485875707,0.626116084262987,0.6194853563568647,0.6216517561350726,0.16652381657839405,0.23573783055215244,0.6199114290580823,0.6168438962143766,0.6226673514809109,0.6187574064669037,0.2004234101215662
0.6230795435189919,0.6245824017603374,0.6194980859208845,0.6210728429594877,0.6244461564800547,0.625793990547293,0.618638902996445,0.6200098102240138,0.16895884929815946,0.19649645246105107,0.622721853176631,0.6195661420672053,0.6251498031159048,0.6167259184018961,0.1180136962788483
0.6233520694941237,0.6250409675506662,0.6209783071033601,0.6226690071736156,0.6249426468070536,0.6262640756476332,0.619451498222448,0.6209466676816489,0.15847158941857467,0.17250403166813866,0.6259580991313236,0.6258613356018715,0.6272042458483136,0.622820382596919,0.1245191900823138
0.6257537046499746,0.6283274309305583,0.6233092301148446,0.6256897308564214,0.627683615819209,0.6296305958863009,0.6217995598442527,0.6238764139716156,0.1692105878139321,0.17329342676430412,0.6349003576903425,0.6317311782220331,0.6363636363636362,0.6297359065515491,0.174872216956635
0.6281212740589339,0.6312564976998022,0.6245172267120372,0.6266543477225143,0.6291046053757918,0.631133060614265,0.623780260707635,0.6262048391547129,0.16292738684846633,0.1811317581105252,0.63711463123829,0.6285835814547,0.6341379900701933,0.6308616895209076,0.1968084208029674
0.6307273036961336,0.6318181908812285,0.6270182900893235,0.6275526361819455,0.631261770244821,0.631906432351529,0.6250753343490775,0.6258808176611804,0.1641515303216134,0.18960254790278397,0.6329415772440812,0.6293492131008079,0.6334531758260571,0.6252327746741155,0.2065441274873015
0.6334184977005624,0.6332714016537436,0.6285155253083794,0.6273858635087916,0.6322547508988186,0.6313091903629836,0.6274115456238363,0.6267228700326836,0.17052391277250342,0.17636023477962218,0.6361778231987738,0.627052318162484,0.6301147063858927,0.62840697477569,0.1498756085332986
0.634798160449668,0.6331330720614465,0.630301999149298,0.6298551439413494,0.6340267077555213,0.632894136952598,0.6293076011511767,0.6285821334329961,0.1817068635047811,0.1777181377676488,0.6328564128768523,0.6347937048064652,0.6360640301318268,0.6323006602336212,0.1804339437437021
0.635206949412366,0.6344034822089085,0.6297575499787323,0.6295730734173012,0.6335473377846259,0.6332516868047852,0.629431183341798,0.629172694790216,0.16232632052574866,0.1444685925322568,0.6369443025038326,0.6290089323692046,0.6339667865091594,0.6303538175046557,0.0779695020614728
0.634730028955885,0.6345123311245674,0.6302169289663972,0.6300088744092088,0.6337527820578668,0.6338895283486561,0.6287370915862537,0.628578873441206,0.14248453229928348,0.1288455549117184,0.634730028955885,0.6308804763930241,0.6351652114363979,0.6273912307431861,0.0975994796706416
0.6352410151592576,0.6348403901700262,0.6314929817099106,0.631915741878931,0.6341979113165553,0.634485959605604,0.6313695615371595,0.6318509571036853,0.18775718844444408,0.23019950601218042,0.6354965082609438,0.6357294768183751,0.6356788221195,0.6383951244286441,0.4329074082131044
0.6356327712485099,0.6359391279950292,0.6338409187579753,0.6342078290535564,0.63602978941962,0.636082005370808,0.6325545962417471,0.6326780208353332,0.20839000800210172,0.2378129061153159,0.6381366036450351,0.6387920034028073,0.6392740969012156,0.6343321482986288,0.2530397063215868
0.6388860500766482,0.6403336876692007,0.6359846873670778,0.6379760686530301,0.6389659304913542,0.6409695820773713,0.6350093109869647,0.6366434252101251,0.2748853702160642,0.32951218901471546,0.6491228070175439,0.6455125478519778,0.650744735490498,0.6445742339597089,0.5129107548135147
0.6429569068301825,0.6459886538699685,0.6408336877924287,0.6430686906006731,0.6440164355418593,0.6470528253054758,0.640477399695277,0.6436603704888222,0.38305459988665996,0.42594667614796083,0.6572985862715042,0.653253934495959,0.6592193117616847,0.6576942610462164,0.6188156504144515
0.6467893033554762,0.6486231064407637,0.6464313058273075,0.6483353159229214,0.6484677281287451,0.6505091083272595,0.6458100558659219,0.6471250841913518,0.43592025728619904,0.4046070396547529,0.6538920115823541,0.658868566567418,0.6574216743708268,0.6540545115964111,0.3619277666683371
0.6522398228581163,0.6533317728852238,0.6512122501063375,0.6521016100197895,0.6539976031501455,0.6547821379603405,0.6492974437108516,0.6500274106786655,0.4079759052113527,0.3674665757161262,0.6627491057741441,0.659634198213526,0.6633281972265024,0.6558320636532928,0.2931856478388727
0.6541986033043775,0.6515313505489296,0.6515695448745215,0.6482605657611017,0.6551104262968669,0.6514674961851679,0.6504994074826478,0.6467989295049802,0.4290002292871045,0.36436482604419934,0.6479305058763414,0.6405784772437261,0.6448382126348227,0.6403419671576096,0.3581613267003456
0.6530403679100666,0.6487981103812827,0.6497150148872819,0.644253676479328,0.6530388632083548,0.6477739708060909,0.6502962586761469,0.6457187829790552,0.3929670724259036,0.3538248741986363,0.6433316300459888,0.6362398979157805,0.6403869200479371,0.6435584899272051,0.3327449705075102
0.653960143076137,0.6531645609548073,0.6461760952786048,0.6413555631370764,0.6488358157849683,0.6445840054189781,0.6496021669206028,0.6485537894088684,0.41630155127687607,0.48104593102219534,0.6618974621018567,0.6355593364525732,0.6382040746447526,0.654223802268495,0.7354880446693135
0.650826094362119,0.6481836299739595,0.6384347086346235,0.6342909198738882,0.6420390344119158,0.6375352594478401,0.6448789571694601,0.6425153472194781,0.5277537445484652,0.6270935316902246,0.6382217680122637,0.6201616333475116,0.623437767505564,0.6304384628406976,0.9191887330262832
0.6427354794753877,0.6395544304294688,0.6260314759676733,0.622066624875517,0.6286680362951549,0.6238479085127927,0.6366683595733876,0.6332699233706289,0.6359367424599149,0.6960959002588568,0.6222960313404873,0.5976180348787749,0.5964732066426982,0.6147790756729306,0.834100637396121
0.6315959802418669,0.6237806235225586,0.6157549978732454,0.6111097788408735,0.6177281287450779,0.612611497303341,0.6272388691383106,0.6199114539078274,0.7343254911269197,0.7474322901843612,0.592233009708738,0.5891960867715864,0.5901386748844375,0.5931945149822245,0.8501050700353696
0.6219553738715723,0.6142299484132109,0.6080646533390046,0.6066692443087746,0.6090481082006505,0.6074032706441608,0.6173353648213984,0.6112879587194331,0.7333350681316811,0.6075524786333465,0.5951285981945154,0.5977881752445767,0.5969868173258004,0.5940409683426443,0.3277928555313173
0.6099812638392098,0.610162269588822,0.5999149298170989,0.6027164024868649,0.6013011470638588,0.604758603416372,0.6053495852378534,0.6056236072632122,0.6162776128954447,0.4551019085849415,0.6020269119400443,0.5948107188430454,0.5994692689607943,0.5942949043507704,0.1502007684881315
0.6021291091807189,0.6064285112991511,0.593823904721395,0.5983797709475739,0.5945557267591165,0.5997426242715321,0.5980362282038261,0.601706297398995,0.5070987581230327,0.4278327587780355,0.5989609947198093,0.5897065078689918,0.5897106659818524,0.5938716776705604,0.3732944591642236
0.595094532447624,0.599993390091105,0.5905061675882604,0.5925962970360829,0.5923814415339839,0.5950290096866997,0.5914000338581344,0.5950035662474876,0.41065181789427074,0.4025104846027938,0.5871231476750127,0.5810293492131008,0.5856017805170347,0.5815981039444728,0.3518659362523105
0.5944132175097939,0.5962710717339326,0.5896044236495108,0.5899599870500016,0.5920390344119157,0.5928282195491654,0.5893685457931268,0.5910147357173873,0.2811552159879017,0.33588100990303743,0.5888264350195878,0.5846873670778391,0.588426639274097,0.5830370746571865,0.2026220605035247
0.5931527848748084,0.5937895261624843,0.5869162058698425,0.5880890201487463,0.5897962677623695,0.5904764743921332,0.5869138310479093,0.5879322886837771,0.25397709405305635,0.2878880885543884,0.5888264350195878,0.5843470863462356,0.5857729840780689,0.5817673946165568,0.1919022458570904
0.5873616079032533,0.5868833598024125,0.5809272649936197,0.5803480182531412,0.5830679678137305,0.5822602393339554,0.5811748772642629,0.5804882376000307,0.39615882602065355,0.4789618684782982,0.5730710270822688,0.564866014461931,0.5658277692175998,0.5656001354325377,0.8611094283261178
0.5814171350706865,0.5810017833872666,0.574870267971076,0.5733725197541854,0.5777777777777778,0.5759267314899998,0.5748941933299476,0.5744815777330152,0.35031856955687757,0.36733897126731324,0.569238630556975,0.5594215227562738,0.5632597158020887,0.5624682579989844,0.1440931768453435
0.5775166070516097,0.576541358118054,0.5725733730327518,0.5720966380099503,0.5740284197911317,0.5729028178546013,0.571626883358727,0.5714082365181334,0.3115576855330119,0.29757981955586954,0.5676205075796288,0.5695448745214801,0.5668549905838041,0.5652615540883699,0.1580615161329821
0.5724748765116676,0.5722334995186618,0.5686431305827305,0.5697431436158777,0.5695771272042458,0.5706586040162901,0.5674623328254614,0.5683435983423751,0.31898354034342413,0.2783036578891083,0.5636177823198774,0.5650361548277327,0.5661701763396678,0.5622143219908584,0.2397513345555859
0.5673139158576053,0.5691628769288666,0.5621948107188429,0.5638639247528509,0.5636192432802603,0.5657669241635737,0.5623836126629423,0.5643536634962373,0.3605566885287975,0.3187917675207247,0.5630216317492762,0.552105487026797,0.5559835644581407,0.5563737938039616,0.3997679867839574
0.5626128427865782,0.5626304718616222,0.5592854104636323,0.5593489542305267,0.560160931347372,0.5600233526267687,0.5591840189605554,0.5594364979710257,0.262002720971546,0.3353077085271032,0.5495656617271334,0.5503190131858783,0.5485362095531586,0.5496021669206027,0.3683395905398601
0.5600068131493784,0.5604898086980735,0.558485750744364,0.5580403775403284,0.5591850710494778,0.5594757065220518,0.5571694599627561,0.5570894863173464,0.28098404003877886,0.3032050630785715,0.5562084823709761,0.5554232241599318,0.5583804143126178,0.5523954630099882,0.238999772181508
0.5564639754726624,0.5569619788640652,0.5546405784772437,0.5554665894221783,0.5549734634480397,0.5549161218735724,0.5542407313357035,0.5549322945292664,0.3226188332278688,0.3242152027451915,0.5499063191960485,0.5503190131858783,0.5457969525766136,0.5506179109531065,0.3662354820784316
0.5546414580139671,0.5561430509181772,0.5515099957464908,0.553438806672775,0.5524054100325286,0.5543873843364192,0.551786016590486,0.5532684457744345,0.30520627670235595,0.2670396524728016,0.554505195026401,0.5493832411739685,0.5533299092621127,0.5499407482647707,0.1526885519280218
0.553687617101005,0.5568461763402734,0.5516461080391322,0.5532212206118513,0.5528676596473207,0.5556898604016464,0.5512950736414425,0.5534853235358709,0.24996501948940403,0.21921366855493365,0.558252427184466,0.5527860484900041,0.5582948125321007,0.5539190790587439,0.1235617007191978
0.5547266223811957,0.5561510136028781,0.5516971501488728,0.5523388883194279,0.5542886492039034,0.5556736260464551,0.5510936177416624,0.5518551781644816,0.21089329448119357,0.20380276753622498,0.5547606881280873,0.5505742237345809,0.5556411573360726,0.5485948874217031,0.1729809654988077
0.5535172883665476,0.5541546131678303,0.5487367077839217,0.5484329296580107,0.5515665125834618,0.5520389944344398,0.549282207550364,0.5490162561274864,0.23928691343392977,0.2628578006725463,0.5501618122977348,0.5406210123351765,0.5447697312104092,0.5433384120534959,0.380967866945189
0.5525634474535855,0.5511487803222996,0.5475116971501487,0.5470199397776785,0.5514911830166067,0.5498327645370727,0.5475893008295244,0.5467286298679603,0.20229209084322042,0.23565899015665923,0.5451371146312383,0.5441939600170139,0.5454203047423387,0.5421533773489081,0.181261369124885
0.5506557656276614,0.5490881155137933,0.5458443215652913,0.5450287476016793,0.5495565827769218,0.5477741457126111,0.5454900964956831,0.5443006621104951,0.22457277607571738,0.24513665280127497,0.5449667858967808,0.5410463632496809,0.5436569080636877,0.5394447265955647,0.2640919780905065
0.548645886561063,0.5487930876263534,0.5407401105912377,0.5391074962743648,0.5439924670433145,0.5420075084297622,0.5429168782800068,0.5432181040671176,0.29811769789872794,0.3271865384789335,0.5482030318514735,0.5272649936197361,0.5304742338640643,0.5410529879803624,0.4912863098342506
0.5420541645375575,0.5397960844210891,0.5335431731178221,0.5309348429720776,0.5363567882211949,0.5338259266949998,0.536346707296428,0.5340600802126815,0.3756462674574411,0.40499896341674696,0.5218020780105603,0.5145895363675032,0.5174627632254751,0.5157440325038091,0.5606238132923738
0.5365525464145802,0.534081963508342,0.5295448745214801,0.5274997350992072,0.5317086115391201,0.5297269003966779,0.532165227695954,0.5301837248254962,0.3694331468379217,0.38663339689369525,0.522653721682848,0.5206295193534665,0.5215288478000342,0.5224310140511259,0.3499022638475918
0.533163004598876,0.5321177775231336,0.5257507443641003,0.5267409264761764,0.5284112309536038,0.5294624008693712,0.5283900457084816,0.5278816390208461,0.36192292942638404,0.3056590252848624,0.5281894055527168,0.5252233092301147,0.5289334018147578,0.5232774674115457,0.1437102820671967
0.5278828138306932,0.5276004623673783,0.5212250106337727,0.5239665158501321,0.5236757404554016,0.5263014191038061,0.5236617572371763,0.5238555207602436,0.35604925101687657,0.2820138788708979,0.5185658320558679,0.5184176945980433,0.5199794555726759,0.5158032842390385,0.234723586042969
0.5232839380003407,0.5268031924781557,0.5195576350489153,0.5222870491319043,0.5222376305427152,0.5252955075027486,0.5191467750126969,0.5220630394594842,0.28440749476944543,0.2323684287796303,0.5252086526997104,0.5189281156954486,0.5232836843006335,0.5184780768579652,0.1330775285970951
0.5229943791517631,0.5246535562413277,0.5199829859634197,0.5204301297346113,0.5230765279917823,0.5240827551587689,0.5193329947519892,0.5202670700397464,0.1973962604356383,0.1967681663941995,0.5203542837676718,0.5167162909400255,0.5216572504708098,0.5166751312002709,0.125567641623338
0.5228070175438597,0.5236746753753291,0.5197788175244576,0.5201563122092928,0.523632939565143,0.5241588053281252,0.5184357541899443,0.5194929837734644,0.15316618138207083,0.17409606712271786,0.5217169136433317,0.5196086771586559,0.5243109056668378,0.5179448112409006,0.1287518685797545
0.5228240504173055,0.5252079735568679,0.519727775414717,0.5217602410333325,0.5234617360041088,0.5254649982219459,0.5180802437785679,0.5201619609671976,0.13798286826969391,0.13866195025024924,0.5282745699199456,0.524968098681412,0.5280773840095874,0.521499915354664,0.067793716505312
0.5244081076477602,0.5256340217739591,0.5215482773287963,0.5236802287450346,0.5251669234720082,0.5264784631186882,0.5196258676146944,0.5212851084513556,0.11749480799637413,0.13653572839228953,0.5264861182081417,0.5275202041684388,0.5285053929121726,0.5235314034196716,0.1322832846763701
0.5260773292454438,0.5282742680786822,0.5256997022543597,0.5290152326044453,0.5277007361753123,0.529636558018177,0.5233790418147961,0.5266047215870614,0.13996506354777477,0.17283342104622576,0.5335547606881281,0.5396852403232666,0.5359527478171545,0.5372439478584731,0.2454288063540982
0.5306762050757964,0.533299066358933,0.529136537643556,0.5306436443649655,0.5311932888204074,0.5327977099108797,0.5276451667513121,0.5304050663523245,0.17605156775287084,0.21722233491375667,0.5433486629194346,0.5339004678860059,0.5391200136962849,0.5380057558828509,0.3060001626488186
0.53370805654914,0.5344914345759718,0.5334581029349212,0.5341679307818046,0.5338811847286423,0.5344486016765906,0.5323006602336212,0.5340108037856984,0.19913169212230838,0.2261990534181518,0.5368761710100496,0.5412165036154827,0.5377503852080123,0.5412222786524463,0.2441524904269421
0.5378811105433489,0.5393742363476445,0.5373713313483623,0.5376233674374089,0.5379387091251498,0.539087403115102,0.5366175723717623,0.5370353612055889,0.21014114466217246,0.19174636201364537,0.5491398398909897,0.5445342407486174,0.5483650059921247,0.5430844760453699,0.1228409792046325
0.544285470958951,0.5457521309938137,0.5437005529561887,0.544804349027463,0.5444102037322376,0.5463458907259385,0.5434399864567463,0.5439047320852564,0.25160236622823096,0.2410273721779844,0.5585079202861523,0.5591663122075711,0.5608628659476116,0.5576434738445912,0.3395893925066624
0.5486799523079545,0.5490104764735911,0.5461846022968948,0.5472380616939077,0.5485362095531586,0.5497581861245456,0.5465718638902997,0.5469042663989176,0.25275986223681796,0.2444236769176673,0.5555271674331461,0.552105487026797,0.55658277692176,0.5529033350262401,0.2512162863970331
0.5521035598705503,0.5528292178931986,0.5513908974904294,0.5514693557471648,0.5530731039205615,0.5537736192607968,0.5506686981547317,0.5507661533342821,0.22337815171096106,0.2159796546182897,0.5604667007324136,0.5599319438536792,0.5618044855332991,0.5584899272050111,0.1590916100195344
0.5577584738545394,0.5569363922387974,0.5559506592939173,0.5556513413757506,0.5586629001883239,0.5577488683561392,0.5548163196207889,0.554497564217099,0.21017552854899826,0.20336622795123582,0.565150740929995,0.5640153126329222,0.5656993665468242,0.5619603859827325,0.1781393746171281
0.5608414239482202,0.5594757916123295,0.5604423649510845,0.5594318172619848,0.5613336757404555,0.5590722068216869,0.5598442525816829,0.5590730897613457,0.25637494334368904,0.2535235030268526,0.5645545903593938,0.5669927690344533,0.5617188837527821,0.5682241408498392,0.3538380531780862
0.5648611820814173,0.5658527647255989,0.5627052318162483,0.5631147603524531,0.5643040575243965,0.5646197295035636,0.5632131369561538,0.5642113584132126,0.24581287602213137,0.2646086873175265,0.5786067109521376,0.5704806465333899,0.5757147748673173,0.5744878957169461,0.2867790558988743
0.5679952307954352,0.5676343134848113,0.5668906848149723,0.5664207575751076,0.5670775552131484,0.566563241457549,0.5664804469273743,0.5658875339029228,0.24194423899169495,0.25369682529330134,0.5711974110032363,0.5730327520204167,0.5704502653655196,0.5692398848823431,0.2318731012448509
0.5739567365014479,0.5751809520773664,0.5723011484474692,0.5732752590554594,0.5727529532614278,0.5744359862299314,0.5714237345522262,0.5716604777117054,0.2737231012173146,0.27512652391141174,0.5902742292624765,0.5869842620161632,0.5901814757746962,0.5832063653292704,0.3179859211476324
0.578725941066258,0.5797862226362595,0.5752275627392598,0.5750659674009315,0.5760486218113336,0.5770165605854054,0.5756052141527002,0.5753962464695044,0.2773490041614968,0.24884064572028763,0.5889967637540454,0.5786473840918758,0.5821777092963534,0.5828677839851025,0.1962688893380395
0.5811957077158917,0.5788252896266938,0.5773883453849424,0.5759762056882433,0.579070364663585,0.5769535730616165,0.5769087523277469,0.5751781082213602,0.24538599630387004,0.23056810177684248,0.5769034236075625,0.5777966822628667,0.5768275980140387,0.574741831725072,0.1940230138899521
0.5814171350706865,0.579121475659833,0.5793279455550828,0.5773770195868594,0.5799520630029105,0.5780101375623925,0.5783138649060439,0.577289891683717,0.2803156286606312,0.3075211404121217,0.5797138477261115,0.5801786473840918,0.5801232665639444,0.5815134586084308,0.4614272176826802
0.584585249531596,0.5817603115424833,0.5820161633347511,0.5804092933641588,0.5833932545796954,0.5812254994580762,0.5814626714068056,0.5798545669178621,0.2719334318405074,0.26833479932282506,0.5870379833077841,0.5864738409187579,0.5876562232494436,0.5849839173861521,0.1899621171442318
0.584244592062681,0.5840305216676227,0.5810293492131008,0.580956259378743,0.5824430748159561,0.5826271919573843,0.581564245810056,0.5811411237270822,0.24129718674452533,0.23382476477112402,0.5885709419179015,0.5820501914079114,0.5854305769560006,0.5837142373455223,0.164804695667722
0.581519332311361,0.5811438361108968,0.5800935772011908,0.5786270142632708,0.5809364834788563,0.5799663788418744,0.5790587438632133,0.577540840568351,0.24320619005422683,0.2244878118095984,0.5753704649974452,0.5739685240323265,0.5746447526108543,0.5703402742508888,0.2058139058865471
0.57967978197922,0.576664448056217,0.5775244576775839,0.5740683710571245,0.5790446841294299,0.5757671196502184,0.5765955645843914,0.5725025388225551,0.2336140677643444,0.19834600868657892,0.5677056719468574,0.5649510846448319,0.5673686012669064,0.5624259353309633,0.14606240244054
0.576750127746551,0.5727981575584001,0.574870267971076,0.5716814803219338,0.5764595103578154,0.5729105456687696,0.5728457761977316,0.5692565314400805,0.1824259603669256,0.20072623268958134,0.5650655765627663,0.5669076988515523,0.5671973977058723,0.5627645166751313,0.2054866806955862
0.5735138817918584,0.5721510228837071,0.5717737133134835,0.571451342758221,0.5736089710665981,0.5730748727102989,0.5696800406297614,0.5692227674754874,0.19469577603220975,0.21758788694993844,0.5708567535343212,0.5709910676307953,0.5734035267933573,0.5691552395463011,0.2513111954706526
0.5727985011071368,0.576432028087236,0.5722501063377285,0.5757782806818594,0.5740198596130799,0.5778782550363358,0.5693363805654309,0.5734804906582815,0.23700088061668517,0.27050199749665865,0.584994038494294,0.5844321565291364,0.5874850196884096,0.58199593702387,0.3763302185900991
0.5736842105263158,0.5775543560892707,0.5737473415567843,0.577670420497108,0.5748073959938367,0.5781129815291032,0.571046216353479,0.5752834781692308,0.23920240397156856,0.2526085058847604,0.5797990120933401,0.5814547001276051,0.5785824345146379,0.5788894531911293,0.216821522660964
0.5788281383069325,0.5828446743428274,0.5781369629944703,0.5807466776091594,0.5795925355247389,0.582506753993208,0.5762349754528526,0.5796455623887643,0.25569855556467336,0.24458672405852824,0.5934253108499405,0.5868991918332623,0.5912942989214176,0.5883697308278314,0.2285431604060639
0.5835973428717425,0.5848669826908238,0.5826286686516374,0.5836198607852356,0.584557438794727,0.585678474014076,0.5810089724056205,0.5819752087388331,0.2811409337327226,0.2739573398842963,0.5889115993868166,0.5893662271373882,0.5920219140558123,0.5866345014389708,0.3326985715358326
0.5894907170839722,0.590019196659039,0.588974904296044,0.5899873224744332,0.5900445129258689,0.5907319484924063,0.586832571525309,0.5874078842074699,0.2889659023090076,0.2794502393735567,0.6003236245954693,0.6027222458528284,0.6008388974490669,0.5982732351447435,0.2904360383520774
0.5929654232669052,0.5941353209090124,0.5922245852828583,0.5935517354706912,0.593502824858757,0.5954134921125543,0.5900880311494837,0.5910296678532277,0.27250024277998053,0.28430079989735907,0.6023675694089594,0.600680561463207,0.6047765793528506,0.5982732351447435,0.2940019209449639
0.5988076988587976,0.5990936772902756,0.5973117822203317,0.5979980519187849,0.5997859955487075,0.6002750907298328,0.5954037582529204,0.5958424748049226,0.29724339624685114,0.3030462965966783,0.6090103900528021,0.6068906848149723,0.6099982879643897,0.6054680887083124,0.3405372899953169
0.6023164707886222,0.6030521750265382,0.5997788175244576,0.5984101573971539,0.6024824516349939,0.6017755869375053,0.5988065007618081,0.5990227976607051,0.3061779565323787,0.2931028516756862,0.6109691704990632,0.5992343683538919,0.6047765793528506,0.6053834433722702,0.273215961833702
0.6039345937659684,0.6010355214422082,0.6022798809017439,0.5995639529393757,0.6041260058209211,0.6012636196201527,0.6013373963094634,0.5991115248328859,0.30264606313674686,0.3004149359696819,0.597002214273548,0.6018715440238195,0.6002396849854477,0.5992889791772474,0.3150391045576732
0.603355476068813,0.5998330263313694,0.6007486176095277,0.5980646117568331,0.6031159048108201,0.5994385438796225,0.6000000000000001,0.5966031010877328,0.29177776260211685,0.2789748025394304,0.5974280361096918,0.5950659293917481,0.595788392398562,0.5915862535974269,0.2360945356789275
0.603696133537728,0.6012456364720911,0.5998468736707783,0.5974336884277086,0.6017120356103407,0.5988781070365662,0.5996952767902489,0.5966519404238179,0.27628889550988306,0.2581690635208852,0.6040708567535344,0.5961718417694597,0.5977572333504536,0.5967496190959879,0.2165575854837948
0.6006983478112758,0.5988375781215746,0.598587834963845,0.5984876227119078,0.5990361239513782,0.5981249812475699,0.5978161503301169,0.5964587790850959,0.252914084892036,0.24666712131595067,0.5940214614205417,0.6005954912803062,0.5966187296695771,0.596072456407652,0.2236632369060816
0.6000340657468917,0.6017743054734304,0.5999319438536792,0.6009767194089594,0.6001147063858928,0.6021398180068545,0.5974267817843237,0.5987847196044987,0.2365584152497771,0.22825728541810297,0.607647760177142,0.6059549128030625,0.6101694915254237,0.6034366006433045,0.1914376136224076
0.6026060296371999,0.6044702148906501,0.6000680561463206,0.6015018481016484,0.6017411402157163,0.6042171633827583,0.5983409514135772,0.600476422177504,0.22064016261944647,0.23065413741407528,0.6098620337250895,0.6025521054870268,0.608371854134566,0.6038598273235145,0.23544784140602
0.6031340487140182,0.603002853758361,0.6016843896214377,0.6020504309902099,0.6028026022941276,0.6031766765187115,0.6001185034704588,0.600475619412281,0.20975445902837717,0.21432476418391053,0.600068131493783,0.6031475967673329,0.601095702790618,0.6004740138818352,0.181666017723581
0.6037301992846194,0.6043524390410876,0.6033517652062951,0.6028698605580557,0.6042749529190207,0.6038241131707806,0.6008972405620451,0.6005315144594937,0.20176113240293078,0.20174682690812798,0.6070516096065408,0.6045087196937472,0.6051189864749187,0.6006433045539191,0.1765909523565629
0.6078691875319369,0.6078070935797678,0.6058868566567417,0.6063368898828836,0.6084317753809279,0.6083503561068914,0.6037328593194515,0.6037711930378906,0.20556510459549013,0.2153922505617114,0.6147164026571283,0.6132709485325393,0.6174028419791131,0.6102505501946844,0.2426830978688782
0.6109521376256175,0.6128922326016938,0.6086431305827307,0.6108033540662582,0.6108628659476116,0.6130085521908751,0.6063230066023363,0.6079765743778365,0.23702668230004537,0.25984333442286883,0.6230625106455459,0.6197362824330072,0.6223249443588426,0.6163873370577282,0.3487455021451837
0.6135752001362631,0.6162539371605683,0.6110931518502764,0.6121363066524239,0.6134309193631227,0.6157430751979572,0.6097088200440157,0.6122473477625281,0.2545764072197719,0.2809610449501302,0.6229773462783172,0.6148022118247553,0.6212121212121213,0.6207888945319113,0.3231964660046529
0.6181229773462784,0.6184382972883321,0.6136112292641428,0.6133368657138377,0.6169405923643212,0.6167100727308416,0.6128237684103607,0.6135144837462055,0.27749277213249324,0.2860566440624826,0.6228070175438596,0.6157379838366651,0.6186440677966101,0.6160487557135603,0.2962478422871875
0.6183273718276274,0.61498339219665,0.6155678434708634,0.6136551740516752,0.6181561376476631,0.6148722861177705,0.6146859658032844,0.6123277530036495,0.30157138768630964,0.28969910608353683,0.6080735820132859,0.6142917907273501,0.6111967128916282,0.6099542915185374,0.2969840301256452
0.6166240844830524,0.6120555834425178,0.6132539344959591,0.609670583920456,0.615673686012669,0.6115783853465614,0.6133062468258,0.6093358204381872,0.33354034342398536,0.3273086962414435,0.6061999659342532,0.6017014036580178,0.6049905838041432,0.6033519553072626,0.4025278765572568
0.6118719127916881,0.6078042730245866,0.6095278604848999,0.6068156934062078,0.6108628659476117,0.6071425382422263,0.6096664973759947,0.6056200768950254,0.34139815384412053,0.3475506489095821,0.5993016521887242,0.6011059123777115,0.5982708440335559,0.5981885898087016,0.3880345542458593
0.6078180889115995,0.6061055909756825,0.6054444917056572,0.6026722515803188,0.6065998972778635,0.6047274514492774,0.6045031318774337,0.6020707402763857,0.30130657852055304,0.2726132957353266,0.6027082268778743,0.5943853679285409,0.5998972778633795,0.5949720670391062,0.1227385893868157
0.6017203202180209,0.6015097853424439,0.5995746490854954,0.5972444246321649,0.6011128231467214,0.6002212000131518,0.598425596749619,0.5966008535424198,0.2842264882963529,0.25202466087894654,0.5923181740759667,0.5863887707358569,0.5912086971409005,0.5856610800744879,0.2108473911661865
0.5966274910577416,0.5952096689655922,0.592769034453424,0.5915841889437742,0.5959681561376476,0.5953052592908542,0.5920602674792619,0.590443117417197,0.2744770959806101,0.250762130101608,0.582609436211889,0.5802637175669927,0.5854733778462591,0.5781276451667514,0.248237068546931
0.591551694770908,0.5904134408104232,0.5874776690769884,0.5861376515544627,0.5911402157164869,0.5904871334266826,0.5864482816996783,0.585392753747913,0.23254476192784024,0.23146348883220794,0.5808209845000851,0.57524457677584,0.5808508816983393,0.575292026409345,0.1928662062934078
0.5872934764094703,0.5862791473341277,0.5827307528711186,0.583215544819096,0.5871854134565998,0.586490366529162,0.5813695615371594,0.5811934988306441,0.20741109525621698,0.2417643995173863,0.5780105603815364,0.5773713313483623,0.5784968327341208,0.5727949889961064,0.2623662208877431
0.5826605348322262,0.5840339378866364,0.5793619736282432,0.581324187117452,0.5835473377846259,0.5848958775206112,0.5772388691383105,0.5789018675687168,0.21590199692729595,0.21624063225899434,0.5795435189916538,0.577541471714164,0.5817068995035096,0.5743186050448621,0.1651930977422104
0.5799523079543519,0.5822816384866226,0.5765376435559335,0.5783051648697376,0.5808252011641841,0.5824632563599715,0.5751396648044694,0.5776562645142386,0.20213439859130716,0.19149688800141043,0.5787770396865952,0.5722671203743087,0.577598014038692,0.575165058405282,0.1420093994862426
0.5787600068131494,0.580403735826374,0.5785623139089748,0.5823324663572248,0.579241568224619,0.5808272419561255,0.5766463517860166,0.580324536367655,0.25635946784096925,0.30078539693268747,0.5766479305058765,0.590387069332199,0.5775552131484334,0.5856610800744879,0.5193624147952415
0.5830011923011413,0.5876114611975974,0.5824074861760952,0.5863784569419638,0.5831535695942476,0.5873551241529108,0.5804807855087185,0.5850377559193881,0.28308204458009545,0.3093499612848045,0.6020269119400443,0.5944704381114418,0.6004108885464817,0.5944641950228544,0.3264790899890386
0.5874127065235906,0.5917636846296593,0.5862696724797957,0.5898130589169308,0.5879130285909946,0.5923347920078926,0.5847807685796514,0.5881234720631822,0.25334049649010837,0.24411946766913903,0.600068131493783,0.596682262866865,0.6022941277178564,0.5942949043507704,0.113658480437808
0.5919775166070517,0.595298312889426,0.5909825606125052,0.5935773434038577,0.5925355247389146,0.5964963214196314,0.589326223125106,0.5910976072994997,0.23640933273781117,0.18959207143966741,0.6023675694089594,0.6011059123777115,0.604819380243109,0.5970458777721348,0.0805372789807242
0.5974791347300291,0.5989605853601113,0.5985027647809442,0.5990076093414064,0.5989299777435371,0.6008543073003557,0.5957423395970883,0.5964802851213977,0.2755716252343586,0.23900166828277145,0.606285130301482,0.6098681412165036,0.6095702790618045,0.6072456407651938,0.3378208619689795
0.6052801907681827,0.6045247938056224,0.6028923862186303,0.6034501317344807,0.6069080636877247,0.6063847524900278,0.6006517690875233,0.601056265923153,0.21833687360699833,0.23706399774132783,0.6156532106966446,0.6123351765206294,0.6174456428693718,0.6102082275266634,0.2331886566584406
0.6084823709759839,0.6090291335300982,0.6061931093151849,0.6059581056877255,0.60969868173258,0.6090444945836047,0.6039698662603692,0.6043890709111297,0.18965310274650715,0.21906274372307943,0.6180378129790498,0.6109740535942151,0.6143639787707584,0.6110546808870831,0.1830602356865826
0.6109691704990633,0.6101867987231258,0.6093747341556783,0.608168866148261,0.6122324944358842,0.6110173934671956,0.6072541052987981,0.6064980804550583,0.2097902564545973,0.21748991214147254,0.6125021291091808,0.612590387069332,0.6149631912343776,0.6107160995429153,0.2143442489782588
0.6154317833418499,0.6150180770230479,0.6128115695448744,0.6115426072067379,0.6157678479712378,0.6148436449514226,0.6114609785000847,0.6103588015628948,0.2516228258341398,0.24155998338712725,0.6246806336228923,0.6182900893236919,0.6224961479198767,0.618080243778568,0.2897001258784367
0.6187872594106627,0.6176995548972138,0.6136622713738833,0.6124022882583414,0.6175141242937853,0.615996316859129,0.6132046724225495,0.6122272378344359,0.22908441749051245,0.2360829290083657,0.6230625106455459,0.6141216503615482,0.618301660674542,0.6159641103775182,0.2251288202508426
0.6193834099812638,0.6180110244480262,0.6145129732028922,0.6137977540607856,0.6181424413627803,0.6175266206442016,0.6137125444388015,0.6124006877589315,0.20726921812363122,0.19875950594692196,0.618633963549651,0.616588685665674,0.6205872282143468,0.6127475876079229,0.1241126598240345
0.6187361607903255,0.6169412053068032,0.6141726924712886,0.6122893860192562,0.6181424413627803,0.6164724066863873,0.6134924665650924,0.6115852223454669,0.2136737448275015,0.20420062703325934,0.6148015670243572,0.6092726499361972,0.6143639787707584,0.6099542915185374,0.2150828692059341
0.6189235223982287,0.6157737825874344,0.6139344959591663,0.6119927255157439,0.6182622838555041,0.6161690723569238,0.6132723886913831,0.6109287182884344,0.22874553518896193,0.23270148495069312,0.613438937148697,0.6113994045087195,0.6155624036979968,0.6096157101743696,0.2897032007855608
0.6168114460909556,0.6152226057537986,0.613628243300723,0.6135814256876545,0.6172350624892997,0.616566061934234,0.612070424919587,0.6113092871654853,0.2065983559986116,0.21478906660935707,0.614120252086527,0.6167588260314757,0.6173600410888547,0.612070424919587,0.178964229926685
0.6165559529892694,0.6174100855482373,0.6146150574223734,0.615406190781703,0.6182622838555041,0.6188566304580106,0.6119688505163366,0.6126916042307456,0.18434153571692807,0.1811409506870464,0.6217850451371147,0.6190557209698001,0.623437767505564,0.6154562383612663,0.113844718842425
0.6155339805825244,0.6161147575374668,0.6151084644831986,0.6166227008444021,0.6171545968156138,0.6175873513103053,0.6122735737260878,0.6132181373727233,0.21358797786580902,0.21087559064751069,0.6135241015159258,0.6190557209698001,0.6150487930148947,0.6142712036566786,0.2703448705684392
0.6163004598875832,0.6169544928748615,0.6163164610803913,0.6161860115369883,0.6182759801403869,0.6183818660050783,0.6127814457423397,0.6129766421150812,0.19261895622415373,0.17732964743089305,0.618633963549651,0.6153126329221607,0.6199708953946241,0.612493651599797,0.1102377609976577
0.619179015499915,0.6205802336533597,0.6175754997873245,0.6166888737057873,0.6194401643554186,0.6193823522611039,0.6154731674284748,0.6163425342784025,0.2277967014599293,0.273417073942075,0.6278317152103561,0.6176945980433856,0.6213833247731553,0.6230743186050449,0.4655919269644388
0.6197751660705162,0.6194204907487509,0.6177626541897064,0.6170241151516533,0.6197483307652798,0.619221859220123,0.6160148975791435,0.6158213814099118,0.2141758817502703,0.21923142642084661,0.6171010049395333,0.6176945980433856,0.6189008731381611,0.6147790756729306,0.1108601313783899
0.6210355987055017,0.6223093966031814,0.6204338579327945,0.6221533233295156,0.6213062831706899,0.6232237493242868,0.6187743355341121,0.6202987303186445,0.28548157359611226,0.30294534363777603,0.6280872083120423,0.6324117396852401,0.6312275295326144,0.6292534281361097,0.4703731780716349
0.6257366717765288,0.6272160866924746,0.6245172267120372,0.6279264038416819,0.6259972607430234,0.6283170598417119,0.6231589639410868,0.6255972687762804,0.29817921439886313,0.3132412539525819,0.6370294668710612,0.6394725648660143,0.6385036808765623,0.6361943456915524,0.3338330745821936
0.6313915857605179,0.633780235618182,0.6303360272224583,0.6334198143858766,0.6312275295326143,0.634252119675334,0.6286270526493991,0.6303428775646396,0.3466555198988715,0.3263672654676211,0.6469085334695965,0.644406635474266,0.6461222393425783,0.6398340951413579,0.3526192884976995
0.6352239822858118,0.6381847230243963,0.6350659293917479,0.6360612458871957,0.6361068310220852,0.638094690523726,0.6326900287794144,0.6346916514614668,0.31100707522361015,0.3133614115077914,0.6469936978368251,0.6413441088898338,0.6457798322205102,0.6433891992551211,0.287349703588132
0.6409981263839211,0.6407803904929577,0.640782645682688,0.639466890424159,0.6410374935798665,0.6399145223248398,0.638342644320298,0.6374751521000942,0.36864422663699353,0.3419229038202965,0.6459717254300803,0.6462781794980857,0.6435541859270673,0.6430421533773489,0.3990458884453067
0.6442684380855053,0.641999849268626,0.6417014036580178,0.6386464368034023,0.6234720082177709,0.6077430491239387,0.6397985441002201,0.6371610770786363,0.33202324850077636,0.3237046983437141,0.6444387668199627,0.6370055295618885,0.5434001027221366,0.6365329270357205,0.2872682873905493
0.6450178845171182,0.641592132522126,0.6415993194385367,0.6387516724584712,0.6240883410374936,0.6190238144076843,0.6397138987641783,0.6366977577228717,0.35315746149619665,0.3623045120822412,0.6407766990291262,0.6389621437686089,0.6415853449751754,0.6357711190113426,0.4395041395592951
0.6443365695792882,0.6422287412748995,0.6411059123777114,0.6398143150290275,0.6235747303543914,0.6272006049141453,0.6396461824953447,0.6376303430809778,0.4054189317717579,0.44617855467999606,0.6435019587804465,0.6419396001701402,0.6435541859270673,0.6394955137971898,0.6139266398755058
0.6413047181059446,0.6387639743399688,0.6398128455976179,0.6381691350158071,0.6212977229926382,0.6295986684133451,0.6370052480108347,0.6351484043315091,0.42901482362240967,0.43256209073379415,0.6318344404701073,0.6348787749893662,0.6343947954117446,0.6301845268325716,0.4053291628413904
0.6380684721512522,0.6357728147788516,0.6354402381965121,0.6335844708413901,0.6184215031672659,0.6294568078756319,0.6333502624005419,0.6316880113296343,0.42387263349181514,0.4128197064199742,0.6297904956566174,0.6244151424925563,0.6291730868002054,0.6247672253258847,0.3733349377923342
0.634593765968319,0.6328702884876668,0.6339259889408762,0.6322010749888297,0.6352679335730184,0.6288486235007208,0.6311494836634501,0.6296350186698436,0.43571272400239475,0.3907027175944653,0.6270652359052973,0.6294342832837089,0.6276322547508988,0.6255290333502623,0.3464687399434474
0.632209163685914,0.6315314215308115,0.6312547851977881,0.6300027583436094,0.6326485190891971,0.6287285065191702,0.6284882342982903,0.6272449698417433,0.4034152213226362,0.3531406871164775,0.6288536876171011,0.6256061250531687,0.6284882725560692,0.6224648721855426,0.278016626160502
0.6291432464656788,0.6304117385802981,0.6286346235644406,0.6296147695635406,0.6301489470980997,0.6295044463366403,0.6253732859319452,0.6261369038829837,0.3442212031276305,0.3414126410444775,0.6281723726792712,0.6288387920034028,0.6310563259715802,0.6239207719654647,0.3179565489004774
0.6281894055527169,0.6292962376886312,0.6255550829434282,0.6262368703371285,0.6279061804485533,0.6273966182790979,0.624086676824107,0.6253417630197827,0.3285543952906009,0.33660680191506587,0.6270652359052973,0.6194810718843043,0.623180962164013,0.6237514812933809,0.3269951236562426
0.6260943621188896,0.6259692512882478,0.6245342407486174,0.6239282240642532,0.6265194316041773,0.6256775263788404,0.6220213306246827,0.6217080067894427,0.27860554889478667,0.26560143654779833,0.6193152784874809,0.6193109315185027,0.6222393425783255,0.6144404943287627,0.1235907058132633
0.6243399761539774,0.6234106028857439,0.6196682262866864,0.6176535530341867,0.623180962164013,0.6207649867692526,0.6192788217369223,0.6184108341634488,0.28825916932714984,0.3086465717336199,0.6182933060807361,0.6051042109740535,0.610939907550077,0.611816488911461,0.3947368421052631
0.6181911088400615,0.6149768522730031,0.6135431731178221,0.6100959884257402,0.6174627632254751,0.6138090838006283,0.6136617572371763,0.6104004060045699,0.32624977534820354,0.36175426657767007,0.5981093510475217,0.5949808592088472,0.5998972778633795,0.5943795496868124,0.4679696562657703
0.6122636688809403,0.6094962924765572,0.607145895363675,0.6056814600280491,0.6113165553843519,0.6093144847890738,0.6073980023700695,0.6044676032130235,0.30782743768081156,0.3164511312396192,0.5985351728836654,0.5968524032326669,0.6003252867659647,0.5926019976299306,0.2258448605635175
0.6068472151251918,0.6063251840265563,0.6021777966822628,0.6020011661777805,0.6067454203047422,0.6063180854480374,0.6012866091078383,0.6007099071360905,0.27173666532105073,0.2598145081122256,0.5999829671265544,0.5946405784772436,0.6003252867659647,0.5931945149822245,0.1465412618574385
0.6015329586101178,0.601798121321741,0.5960527435133984,0.597562666009914,0.6004451292586885,0.6011246860813773,0.5955137971897748,0.5956654163368756,0.28855380968142325,0.24243514794652568,0.5927439959121106,0.588685665674181,0.5907378873480569,0.5855764347384459,0.2076764276151258
0.5968318855390906,0.5994613944563608,0.5927520204168438,0.5945753091703695,0.5969183359013868,0.5985184376421074,0.5907059421025902,0.5930360153830962,0.22872460746286394,0.1934870423018394,0.5947879407256005,0.5886005954912803,0.5933059407635679,0.5877772134755376,0.0955908310124668
0.5958099131323455,0.5973074259755061,0.5922586133560186,0.5938881474151535,0.5961564800547852,0.5977082913048621,0.5899695276790249,0.5922565027783929,0.17242512325788165,0.19114877328151256,0.5929994890137966,0.5925138239047213,0.5960879986303715,0.590697477568986,0.1864722352408588
0.5961676034747063,0.5983128255154938,0.5919523606975754,0.5943658115902526,0.5962420818353023,0.5987232927594247,0.5901218892839005,0.5926256037370314,0.1568610815705856,0.17677406623002076,0.6003236245954693,0.5953211399404508,0.60075329566855,0.5933638056543085,0.1480246521270371
0.597002214273548,0.6002605573839169,0.5926159081242024,0.5955633129302945,0.5967728128745078,0.600141842493614,0.5907990519722364,0.5939438452993223,0.14843886506371312,0.15265943726103923,0.604156021120763,0.5979583156103785,0.6029789419619926,0.596580328423904,0.1044301793230761
0.5991653892011584,0.601360328439332,0.5953381539770309,0.5978078402663044,0.5999229583975346,0.6022574333168064,0.5936262061960387,0.595866632152034,0.13150672835572888,0.14277820619909434,0.6035598705501619,0.602296894938324,0.6064886149631912,0.5997122058574573,0.1230157440752046
0.604173053994209,0.6075156405231724,0.6017184176945979,0.6053725315372414,0.6057609998287964,0.6090036715178299,0.5995852378533943,0.6031018786887946,0.21975910535072404,0.2741363761285438,0.6198262646908534,0.6205019140791151,0.6224961479198767,0.617572371762316,0.5368527159874427
0.610236756940896,0.6127830949311923,0.6056486601446192,0.6076366997431034,0.6098270844033555,0.6114752548462756,0.6046554934823092,0.6074175043637166,0.2571338487795557,0.3072062348807016,0.6233180037472321,0.6121650361548275,0.6164184215031672,0.6160487557135603,0.3733459523850172
0.6141883835803101,0.6152159825516414,0.610021267545725,0.6108191921440623,0.613507960965588,0.6140360627240878,0.6086930760115119,0.609462242342585,0.26956823163835286,0.2748696787274753,0.6200817577925397,0.6171841769459804,0.6191576784797124,0.6135517183003218,0.2101965664210228
0.6177823198773634,0.6175192225697709,0.6147171416418544,0.6143586901263832,0.6179421331963704,0.6177406428546935,0.613094633485695,0.6125042001599966,0.2754262050744597,0.2278198013195203,0.6221257026060296,0.621437686091025,0.6251498031159048,0.6185881157948199,0.1337200465036103
0.6223471299608245,0.6204741220356697,0.617252233092301,0.6145632441477745,0.62065399760315,0.6185097409021588,0.6169544608092096,0.614673247598341,0.3067816112843769,0.2451441259212771,0.6263839209674673,0.6149723521905571,0.6200479369970895,0.6190113424750296,0.2797927751247907
0.6218531766308977,0.6194349140375196,0.6169459804338578,0.6160323796941495,0.6200462249614793,0.6188255888386133,0.6164855256475369,0.6148580637168782,0.2439995895228461,0.23774361967411428,0.6173564980412196,0.6189706507868992,0.6194572847115221,0.6152276959539529,0.2229426071797887
0.621427354794754,0.6200195742138509,0.6180859208847298,0.6166431659324955,0.6212960109570279,0.6201061763860458,0.6162400541730151,0.6148458419249027,0.18670202718071044,0.1874484600075225,0.6211888945665134,0.6178647384091874,0.6226673514809109,0.6148213983409514,0.086858140674339
0.6233009708737866,0.623162995538468,0.6200255210548702,0.6200561698872243,0.623778462592022,0.6239274298089247,0.6183477230404605,0.617927248829118,0.18665459100155518,0.1949521018467638,0.6294498381877023,0.6268821777966821,0.6315699366546823,0.6240900626375487,0.2099593855252464
0.6243399761539773,0.6245489066946398,0.6204338579327945,0.6211972367516984,0.6244119157678479,0.6253906428709615,0.6186693753174201,0.6186836249459512,0.18102927329939747,0.16516588722878311,0.6273207290069835,0.6234793704806464,0.628317068995035,0.6201963771796175,0.1055934579928218
0.6246465678760008,0.6256715643222882,0.6229519353466608,0.6233190709210953,0.6265964732066427,0.627250669977662,0.6204299983070933,0.6217272357717661,0.1999161881285088,0.23485304124263792,0.6279168795775849,0.6275627392598894,0.6309707241910631,0.6278144574233961,0.3742273492703475
0.6265201839550334,0.6260225690269863,0.6248404934070607,0.625017194310363,0.6285567539804827,0.6279200095120155,0.6221178263077706,0.622373769166957,0.214486603409861,0.2551669220239418,0.6267245784363824,0.6284134410888983,0.6292586885807225,0.6236668359573387,0.2957946835865496
0.6295690683018227,0.6294928181181442,0.6284644831986388,0.6286730253292679,0.63180962164013,0.6315905696010594,0.6255290333502626,0.625541657295775,0.24356878126652776,0.24753429133518545,0.6364333163004601,0.6359846873670777,0.6389316897791473,0.6318774335534112,0.2322690299576727
0.6319877363311193,0.6335096048568244,0.63048915355168,0.6314505267401415,0.6339496661530559,0.6351504328071435,0.6274758760792281,0.628302530291309,0.2178396198203191,0.19212738698819132,0.641543178334185,0.6370055295618885,0.6422701592193116,0.6338242762823769,0.081313578294203
0.6368421052631581,0.6395372611269422,0.6355253083794129,0.6371870660331979,0.6387776065742167,0.6409192122383752,0.6325207381073303,0.6340085826342489,0.2755820432032713,0.2595201162946552,0.6515925736671777,0.6486601446193107,0.6524567711008389,0.6454206873201287,0.394305574907583
0.6410662578777041,0.6427040549680666,0.6386388770735856,0.6391682382657162,0.6417822290703646,0.6426107537161844,0.6357880480785509,0.6373893908493322,0.2634194729554118,0.27748491020678673,0.6490376426503153,0.6431305827307529,0.6459938366718028,0.6441510072794989,0.3134144980310497
0.6443025038323966,0.6427713060486594,0.6402211824755423,0.6382204815433713,0.6433059407635678,0.6406995848263691,0.6380396140172676,0.6365678157831957,0.25896240884736155,0.27615972781995735,0.6429058082098451,0.6363249680986814,0.6368772470467385,0.6349246656509226,0.2735093630462986
0.6428547095895079,0.638245652394445,0.6384006805614632,0.6344410469611416,0.6419534326313987,0.6378561062570133,0.6366852886405959,0.6327471460788147,0.257008117204078,0.2582723424603898,0.629194345086016,0.6268821777966821,0.6321691491183017,0.6251058066700526,0.2224975717412547
0.6401635155850793,0.6348595043669775,0.6360697575499786,0.6314110028089165,0.6397021058038007,0.635575245865116,0.6345606907059421,0.6295651929222458,0.2657214493955652,0.21380830805747295,0.6280872083120423,0.6253509145044661,0.6310135250813216,0.6232012866091079,0.1248802392516391
0.6348151933231138,0.6315233236971015,0.6316120799659719,0.6297312541057033,0.6348228043143298,0.633070251794572,0.630159133231759,0.6275144285979014,0.20122850341608425,0.16648582037504142,0.6248509623573497,0.6263717566992769,0.628060263653484,0.6234128999492128,0.0718408450101784
0.6326349855220577,0.6337277503464127,0.6271373883453849,0.6267398776130748,0.6306368772470468,0.6304015683081773,0.6279922126290842,0.6294484204873093,0.3120388855508555,0.4001460164849963,0.6381366036450351,0.6207571246278177,0.6250642013353878,0.633316404266125,0.867466408704906
0.6277806165900188,0.6286964880808255,0.6231731178222033,0.6233277902363076,0.627517548365006,0.6273612464176298,0.6236414423565263,0.6240225517542505,0.299461707676749,0.3369718355485862,0.618633963549651,0.6165036154827731,0.6212806026365347,0.6131708142881329,0.2106234736757659
0.6258899676375406,0.6257113588284252,0.6211314334325817,0.6211097787737301,0.6255315870570107,0.6256539451378617,0.6212544438801423,0.6204053059322113,0.29351677403140897,0.28890552487057564,0.6197411003236246,0.616673755848575,0.6222393425783255,0.6131708142881329,0.1927729035145546
0.6231817407596663,0.6219895971931738,0.6178477243726073,0.6170506422506846,0.6222187981510016,0.6219191569423329,0.6181310309801932,0.6161316113245948,0.3105858129476171,0.26267882785794366,0.6145460739226709,0.6089323692045937,0.6144495805512755,0.6075842221093619,0.2102254338326798
0.6205757111224666,0.6186000028525661,0.6139344959591663,0.6136356330444802,0.6190515322718712,0.6186874160474994,0.6143219908583039,0.612210307329652,0.31819335346433736,0.2117454011032223,0.6118208141713508,0.6068056146320714,0.6122239342578324,0.6043676993397664,0.1098785475937796
0.6148526656446943,0.6155737939871023,0.611722671203743,0.6123230889798874,0.6166204417051875,0.6167611935323226,0.6088708312172001,0.6101604069066368,0.16780819151586324,0.17967713372299335,0.6095213762561746,0.6096980008507017,0.6129087485019689,0.6060606060606062,0.1155405989625355
0.6146993697836827,0.6163383574062656,0.6110421097405359,0.6125823287088373,0.6157164869029275,0.6167610718966269,0.6083595733875065,0.6103117796509795,0.15877361872877294,0.17493495906210035,0.6178674842445921,0.6131008081667374,0.6167608286252353,0.6106145251396649,0.1654506097403144
0.6152103559870552,0.6183242487176729,0.6111952360697575,0.6142013483041192,0.6158363293956514,0.6187868996117328,0.6086304384628408,0.6117162329889212,0.18494216145593834,0.22449517842486078,0.6222960313404873,0.617439387494683,0.6228385550419449,0.6145251396648046,0.3236156171503817
0.6144438766819964,0.6157873916109077,0.6110761378136962,0.6122465248441752,0.6155624036979969,0.6168845837621562,0.6081141019129847,0.6094783351126413,0.18315744864583858,0.21676407554396748,0.6107136773973771,0.6083368779242874,0.6130799520630028,0.6050025393600813,0.2013018697821809
0.6152103559870552,0.6157426646394867,0.6121480221182474,0.612219361947726,0.616266050333847,0.616503778320465,0.6091129168782801,0.6094394814638421,0.19376687871593362,0.1988179496773966,0.6156532106966446,0.6121650361548275,0.6157421674370827,0.6093617741662436,0.1629256979442548
0.6167603474706185,0.6162522209843214,0.6127945555082942,0.6124564638987958,0.6171819893853792,0.61683200013352,0.609790079566616,0.6094417941433232,0.18921391422092237,0.16347055861409088,0.617271333673991,0.6129306678009357,0.6174884437596302,0.6094464195022855,0.0927757764874794
0.6147845341509115,0.6134976198715666,0.6117737133134835,0.6109698416634252,0.6160006848142441,0.6148394353455333,0.6088454376163874,0.6082583012250562,0.2065867906762943,0.1930853697484519,0.607988417646057,0.6079965971926838,0.6108543057695599,0.6058913153885221,0.2523149920171739
0.6121103730199287,0.6119734884762354,0.6093747341556783,0.6091280583441692,0.6136723163841807,0.6136251945275649,0.6067293042153378,0.6068203583698896,0.18836154996613944,0.20622005103217042,0.6089252256855733,0.6054444917056571,0.6111967128916282,0.6039444726595564,0.2324894135996074
0.6091296201669223,0.6065856300282721,0.6055125478519777,0.6024273543647077,0.6098544769731211,0.607080381354278,0.6038767563907229,0.6014601723255953,0.23932812636821907,0.28952495128564,0.5958099131323455,0.5890259464057847,0.5939907550077042,0.590739800237007,0.4561347517925791
0.6040878896269802,0.6012052726844929,0.6016163334751169,0.5991795576666462,0.6053843519945215,0.6025174350842136,0.5998476383951246,0.5973788429464807,0.25272507448159376,0.26965344702746935,0.5904445579969342,0.5926839642705231,0.593391542544085,0.5892161841882513,0.2299104385111281
0.5998637370124341,0.599520371990082,0.5974819225861334,0.5968725762297703,0.6011984249272385,0.6005312261972141,0.5957000169290673,0.5944886660216536,0.2545839430369326,0.2137923377730375,0.5961505706012604,0.5922586133560186,0.5965588084232152,0.5887083121719994,0.1020701192641738
0.5961335377278149,0.5961260550677081,0.5923096554657592,0.5919601380167844,0.5958739941790789,0.5950982014743967,0.5908752327746741,0.5902482422199546,0.2862138145388586,0.279349675024293,0.5893374212229603,0.5821352615908123,0.5842321520287621,0.5817673946165568,0.4104643495268039
0.5909214784534151,0.5917056798163305,0.5879710761378136,0.589223957033166,0.5905324430748159,0.5915617867730356,0.5860673776874894,0.5868005605545141,0.2650702483184849,0.2284903108487749,0.5828649293135753,0.5837515950659292,0.5844889573703133,0.579905197223633,0.1267715824977388
0.5887412706523591,0.5894400779199088,0.5871714164185452,0.5878251872919249,0.5887176853278548,0.5893468466063232,0.5842390384289826,0.585066408351167,0.2144764057328019,0.220048720187238,0.5849088741270654,0.5850276478094427,0.5849169662728985,0.5815981039444728,0.2031655388641642
0.5892522568557317,0.5906265482845381,0.5863377286261164,0.5880552999640764,0.5887176853278548,0.5906950785855771,0.5836634501438971,0.5854903531550526,0.1908961637825875,0.18403555637817734,0.5929994890137966,0.5885155253083794,0.593391542544085,0.5863382427628239,0.112009228760056
0.5883324816896611,0.5909349304466613,0.5852318162484048,0.587613217131871,0.5877418250299606,0.5910232213682995,0.5826984933130185,0.5849547447759038,0.18798464896217765,0.15186121930615978,0.5915516947709079,0.5867290514674605,0.5916795069337443,0.5838835280176063,0.0875125451621247
0.5904786237438258,0.5939793307957019,0.5877669076988514,0.5900123843689291,0.5908919705529876,0.5940097741268319,0.5851701371254444,0.5880117010768313,0.13875663422685555,0.15601557148750433,0.600068131493783,0.5948107188430454,0.5999828796438966,0.5941256136786863,0.1643242758501934
0.5945665133708058,0.5970876796799598,0.590863462356444,0.5930863790305834,0.5950008560178052,0.5976843109826885,0.5884882342982902,0.5908396950805082,0.1405889300773464,0.14932140157506724,0.6033043774484756,0.5992343683538919,0.6050333846944016,0.5964956830878619,0.135933061750193
0.5992164878214956,0.6007780352468114,0.5950999574649084,0.5974609604709773,0.6001369628488272,0.601988707464462,0.59282207550364,0.5949822333774123,0.14539840607829296,0.17528524067301043,0.6081587463805145,0.606210123351765,0.6105975004280089,0.6032673099712207,0.2272129188688968
0.6025719638903084,0.6037776466171613,0.598587834963845,0.6002922779150057,0.6035028248587571,0.6047327558408859,0.5961063145420689,0.5975746349032645,0.1321525414612217,0.13211679567357357,0.6097768693578609,0.6059549128030625,0.6102208525937338,0.6027594379549688,0.0457799056746998
0.6057741440981095,0.6050392963480786,0.6027052318162484,0.6026335305198294,0.606909775723335,0.606059924312802,0.6004740138818352,0.6002904315076557,0.1455299019572749,0.1395443129965126,0.6075625958099133,0.6073160357294766,0.6087142612566341,0.6057220247164383,0.1543993476423907
0.6091125872934766,0.6089463133889252,0.6069417269247127,0.6070867518083422,0.6105238828967642,0.6100577547122156,0.6040968342644322,0.6042735262023274,0.18544778633305686,0.2143341079073761,0.6167603474706185,0.6159931943853679,0.6180534155110426,0.612239715591671,0.3639136977291031
0.6126894907170841,0.6130271737814547,0.6103785623139089,0.6101973496388523,0.6138623523369285,0.6139470804398849,0.6075605214152702,0.6074537237489023,0.17152345952201456,0.16499321450324458,0.6211888945665134,0.6164185452998724,0.6217257318952234,0.6138141188420518,0.0663114276949816
0.6143927780616593,0.6142431768887663,0.6117566992769033,0.6111651691481473,0.6154203047423386,0.6154271411116096,0.6092364990689014,0.6088515485790605,0.16264932345618105,0.17094288918207282,0.6166751831033896,0.6131008081667374,0.618387262455059,0.611647198239377,0.1828422385397293
0.6150570601260434,0.6138615444857715,0.6148192258613354,0.6145326280071726,0.6166426981681219,0.6157290339819564,0.61241916370408,0.6121252860963277,0.21151637163162293,0.21066697497201833,0.6130982796797819,0.6212675457252231,0.6163328197226501,0.6186727611308618,0.2901151465519093
0.6187702265372169,0.6179505056124414,0.6174564015312631,0.6165223900311534,0.6194161958568738,0.6180132725547689,0.6149923819197562,0.6142795626624917,0.21898098862945253,0.20435212752519172,0.626128427865781,0.6205019140791151,0.6225817497003938,0.6185881157948199,0.1917224326315385
0.6207290069834783,0.6208184203089359,0.6198894087622288,0.6204010035341674,0.621794213319637,0.6219900159781322,0.6174741831725072,0.6177359490601364,0.193806384388357,0.21558164385800302,0.626554249701925,0.6281582305401955,0.6299435028248588,0.6246487218554257,0.2380406765236256
0.6223982285811618,0.6237239477242676,0.6223394300297744,0.623156886235312,0.6239684985447698,0.6255257299923838,0.6195547655324193,0.6198963095872948,0.19645896449244124,0.17024587197713628,0.6295350025549311,0.6286686516376009,0.6325971580208869,0.6242170306416117,0.0795743282154028
0.6248679952307956,0.625490637266698,0.6252828583581453,0.624710574093072,0.6267933573018318,0.6278543387417125,0.6226358557643474,0.6222817561912026,0.20720602189811183,0.19235642317411825,0.6290240163515586,0.627817949808592,0.6325115562403698,0.6270526493990183,0.2365775255680821
0.6281723726792711,0.626867147151852,0.6261675882603146,0.6250374478074044,0.6298579010443417,0.6291214053062081,0.624108684611478,0.6235334725829732,0.18325606596566138,0.18502607107929783,0.6296201669221599,0.6256911952360696,0.6316555384351994,0.6260369053665145,0.170365366889657
0.628530063021632,0.6272170579604296,0.6275287111867288,0.6257941414419985,0.6316212977229927,0.6298805145686882,0.6252767902488573,0.623831863049221,0.163895716406548,0.1549909423315224,0.6279168795775849,0.6273075287111866,0.6313987330936484,0.6244286439817166,0.0949206848359716
0.6282234712996084,0.6264851356708888,0.6257592513823903,0.6236330714674999,0.6300462249614791,0.6272763893848893,0.6238936854579313,0.6217989746664127,0.1753790809754304,0.20181312801036086,0.6250212910918074,0.6193109315185027,0.6220681390172915,0.6177331979007958,0.2954574993680378
0.6264009538409131,0.6244642288677441,0.6236495108464482,0.6217953639642967,0.6282999486389318,0.6261395183926427,0.622175385136279,0.6197411594553919,0.1668268739172427,0.14681318298172866,0.6204224152614548,0.6181199489578902,0.6238657764081494,0.6156255290333503,0.0368132929244643
0.6256855731561917,0.6247918568878131,0.6223054019566142,0.621562711096005,0.6257832562917309,0.624069043763217,0.6204486202810227,0.6193003813445065,0.1655359544759543,0.17458309810836573,0.6254471129279511,0.6210974053594215,0.6199280945043657,0.6184188251227358,0.2301229283616399
0.6265542497019249,0.6278490878088175,0.6238536792854104,0.625519334690687,0.6265023112480741,0.627796300247783,0.6213458608430676,0.6230412902885841,0.19549169967831898,0.22310342970607064,0.6339635496508262,0.6334325818800509,0.635250813216915,0.6305231081767395,0.3201440929014805
0.6295690683018227,0.6328963827315697,0.6266099532113993,0.6307091892408351,0.6294470124978601,0.6339049466127148,0.6240714406636195,0.6280463745538815,0.24605793235167622,0.26465290253829976,0.6429909725770739,0.6410888983411313,0.6461222393425783,0.638056543084476,0.347751848202758
0.633435530574008,0.6367154559719578,0.6319523606975754,0.6358137824770177,0.6342578325629173,0.6379773775226693,0.628796343321483,0.6324834867659588,0.2402466791462003,0.26523567947241916,0.6443536024527339,0.6460229689493832,0.6461222393425783,0.6413577111901134,0.266401233340658
0.6377789133026743,0.638523413616234,0.6360527435133985,0.6367498093303469,0.6381184728642355,0.6397079109866931,0.6329439647875402,0.6337768699651847,0.2679313071255788,0.23523593058873163,0.6421393289047863,0.6386218630370054,0.6431689779147407,0.6363636363636365,0.1752364328213566
0.6387668199625278,0.6358111578198955,0.6379583156103785,0.6347082948350051,0.6408799863037151,0.6377171612250498,0.6348230912476723,0.6317893991179219,0.2634224744319179,0.22601687535693293,0.6303866462272185,0.6306252658443215,0.6337356617017633,0.6278144574233961,0.2075787648933355
0.6381536365184808,0.6341733160234607,0.6389111016588684,0.6358710339308371,0.6407087827426811,0.6366097059539481,0.6356864736753005,0.6328062728502415,0.25497336396124415,0.24331076375399255,0.630897632430591,0.638196512122501,0.6343947954117446,0.6348400203148807,0.2778985405481118
0.6385113268608414,0.6377086854452664,0.6393874946831135,0.6384043104413436,0.640246533127889,0.6390101343921716,0.6359742678178433,0.6350360198325576,0.24025533478028377,0.25359440993531374,0.6447794242888776,0.6434708634623564,0.6438109912686185,0.6394955137971898,0.2741617022979561
0.6404360415602113,0.6431315156133719,0.6385538068906846,0.6395543836233087,0.6401951720595789,0.6412952342617901,0.6371762315896395,0.6391465232380699,0.2920535771817293,0.3441937550728378,0.6539771759495829,0.6418545299872392,0.6458654340010272,0.6473675300490944,0.5253924453478858
0.6413898824731733,0.6443905215654467,0.6399829859634198,0.6416255085490993,0.6415904810820066,0.6442453305168198,0.6384306754697817,0.6403096340801624,0.2876901646479673,0.28060229343274073,0.6469085334695965,0.6457677584006806,0.6501455230268789,0.6426358557643475,0.1534193701525466
0.6447283256685404,0.6452866351116492,0.6420757124627816,0.6414466384797767,0.6437596302003082,0.6443573561089704,0.6406822414084985,0.639897185092435,0.28551652657022675,0.2526383871233713,0.647078862204054,0.6410888983411313,0.6445814072932716,0.63907228711698,0.1967105745046324
0.6479986373701245,0.64594082038727,0.6434368353891959,0.6426318012380419,0.6465844889573703,0.6457446004716654,0.6417487726426275,0.6399890155567985,0.2558360635754948,0.2115909999403983,0.6472491909385114,0.6450021267545724,0.6485190891970554,0.6401726764855258,0.1294962255744523
0.648168966104582,0.6458375695785684,0.6430965546575924,0.6423443540934741,0.6472179421331964,0.6461558193636932,0.6417995598442527,0.6399091603063043,0.21924051996954846,0.17145532804967367,0.6456310679611652,0.6417694598043385,0.6469782571477487,0.6397494498053158,0.0911839842682244
0.6471469936978369,0.6468474843576648,0.6438451722671202,0.6434287754072757,0.6460023968498544,0.6440331154372346,0.640919248349416,0.6409280977291733,0.20770877380230549,0.27021479020367273,0.6488673139158576,0.6455976180348787,0.6397877075843177,0.6429659725749113,0.4677337145116708
0.6484925907000513,0.6491104957319992,0.6471288813270947,0.6496812848383681,0.6474233864064372,0.6484389005614207,0.6438801422041647,0.6464321734988123,0.2622788017371483,0.3222330300780354,0.6536365184806678,0.6621863037005528,0.6572504708097928,0.6574403250380905,0.4262695098267607
0.6540282745699202,0.6576594243391322,0.6508889834113142,0.6530839928129883,0.6511984249272385,0.6534448003400398,0.649483663450144,0.6533180801148338,0.2931180733127619,0.3317909975129238,0.6747572815533982,0.6598894087622288,0.6634565998972779,0.6670898933468767,0.3509069323827005
0.6570090274229263,0.6591572679606025,0.6537643555933644,0.6551823244302667,0.6543656908063687,0.6570816730909288,0.6527509734213647,0.6543817955237655,0.3050514207080586,0.28424831919226107,0.662152955203543,0.6593789876648234,0.6643554185927067,0.6565092263416288,0.1891629625509356
0.6607392267075458,0.6608655334351555,0.6597703105061675,0.6607212944096291,0.6585088169833933,0.6606190780715763,0.6581682749280516,0.6585331827954273,0.3746037729752932,0.3358141279963065,0.6642820643842617,0.6717992343683538,0.6676938880328711,0.6668359573387508,0.4389457456043973
0.6662578777039687,0.6660638785894281,0.6654189706507868,0.6650945025257444,0.6650659133709982,0.6646037818884982,0.6635009310986966,0.6622318730063302,0.3669307874203807,0.3669990142432405,0.6764605688979732,0.6738409187579751,0.6725731895223421,0.6696292534281363,0.4293687867371086
0.6719127916879579,0.6713462818598233,0.6701318587834962,0.6719799164718631,0.670612908748502,0.6713976704914361,0.6686642965972577,0.6692402995145187,0.36971558853079844,0.39139718128844353,0.6819110884006134,0.6857507443641001,0.6849854476973121,0.6832571525308957,0.4401935153788496
0.6745188213251577,0.6768266644863479,0.6741982135261589,0.6747270051397561,0.674884437596302,0.6758698617063833,0.6713221601489759,0.6729532700448351,0.37156496617877544,0.3809827277331574,0.6877874297393971,0.6802211824755423,0.6848142441362779,0.6803792111054681,0.3601538206225851
0.6800204394481352,0.681104791597042,0.6806125053168863,0.6803014856326574,0.6804143126177025,0.6812481723708252,0.6775859150160827,0.6779115135889443,0.40714413824488715,0.3763414261159364,0.6896610458184298,0.69145044661846,0.6920047936997089,0.6878280006771627,0.3670588228814945
0.6861948560722195,0.6857879102329227,0.6842705231816246,0.6835640983191201,0.6856189008731381,0.6854043913505667,0.6817504655493483,0.6811605790609891,0.38189583719991443,0.3551290308704688,0.6951541475046843,0.6900893236920459,0.6937168293100497,0.6876587100050788,0.3127042403795335
0.6874382558337594,0.6847511293905058,0.6844917056571671,0.6806916759246424,0.6872025338127032,0.6837667123071004,0.6830540037243948,0.6794893674751158,0.35936133903668954,0.3423181192206406,0.682677567705672,0.6749468311356869,0.6804913542201678,0.676146944303369,0.3166962959209842
0.6863822176801229,0.6820443854711474,0.682960442364951,0.6798259265841016,0.6861239513781887,0.6823753200463133,0.6810394447265956,0.677387697497377,0.327611775627607,0.3220273122582394,0.6766308976324307,0.67809442790302,0.679592535524739,0.6731843575418996,0.281445698333437
0.6847811275762223,0.6812902500540631,0.6809187579753295,0.6765548712318794,0.684326313987331,0.680192232424872,0.6793634670729644,0.6755915726106886,0.3131198576767765,0.3105829517949705,0.6797819792198945,0.670012760527435,0.6758260571819894,0.6719993228373118,0.2876942308684327
0.6815448816215298,0.678686772051031,0.6775669927690343,0.675933787683581,0.681296010957028,0.6790792477993127,0.6761808024377858,0.674365940907549,0.2679762558425532,0.2541689057667728,0.6734798160449669,0.6746916205869841,0.6768532785481938,0.6719146775012697,0.1413408137103775
0.677772100153296,0.6778879280885258,0.6734155678434707,0.6737332581437966,0.6775637733264852,0.6777380455853205,0.6722701879126461,0.6722791730648261,0.2557643493983005,0.2533275065639386,0.6762902401635156,0.6693321990642279,0.6750556411573361,0.6681056373793803,0.2516447081582701
0.6743144268438087,0.6737216857784291,0.670301999149298,0.6689485013174722,0.6740027392569765,0.6727207583477552,0.6685796512612155,0.6674175357252895,0.2532753818896967,0.2703021571686142,0.6653892011582354,0.6593789876648234,0.6626861838726246,0.6576942610462164,0.3042514583779654
0.6716913643331631,0.6703196522120204,0.6670012760527434,0.6664959383517304,0.6707327512412259,0.6695613707138319,0.6652954122227867,0.6638660779334445,0.23019559713686694,0.23555036296883883,0.6635155850792029,0.6615908124202466,0.6632425954459853,0.6567631623497547,0.1660467745692881
0.6687617101004941,0.6685910041601968,0.6636154827732879,0.662025223611206,0.6667094675569252,0.6649441267293833,0.6629422718808193,0.6626552589981217,0.2570696887771766,0.2977218050025529,0.6651337080565494,0.6530837941301574,0.6557096387604862,0.660233621127476,0.422064689069981
0.6634815193323116,0.6614202901748159,0.6576945980433858,0.6563792147199617,0.6613507960965588,0.6599827249017095,0.6572371762315897,0.6562332390837882,0.2797284590823487,0.28335942508044804,0.647078862204054,0.6450871969374733,0.6500599212463618,0.6433891992551211,0.2546346652362382
0.6584397887923694,0.6579740559378123,0.6537983836665248,0.6542031855399489,0.6571135079609656,0.6579448834275964,0.6528356187574065,0.6528547760586804,0.264328920336775,0.24712195486376584,0.6510815874638052,0.6498511271799233,0.65386920047937,0.6460978500084646,0.1746470144304014
0.6551524442173398,0.654966863386237,0.6540876222883878,0.6564105172846788,0.654964903269988,0.6559443090909765,0.6526663280853227,0.6541857866010524,0.2771801229191829,0.28758379367251224,0.6489524782830864,0.6608251807741387,0.6519431604177366,0.6568478076857966,0.3685074712900051
0.6535854198603306,0.6552047300222106,0.6515695448745215,0.6539404866400907,0.653030303030303,0.6551527374765044,0.6512442864398172,0.6526748424414442,0.3031479063370441,0.29035109300120615,0.6556804632941577,0.6490004253509144,0.6535695942475603,0.649652954122228,0.2958856916585939
0.6490887412706525,0.65101992505086,0.648779242875372,0.6490044191381975,0.6508560178051702,0.6517145625292772,0.646927374301676,0.6479995817732195,0.26183687792104715,0.2654039109974695,0.6426503151081588,0.6391322841344108,0.6448382126348227,0.63864906043677,0.2155095469899963
0.6482030318514734,0.6482300550699597,0.6479795831561036,0.6463659122058422,0.6497260743023455,0.6492797762635973,0.6459200948027765,0.6447839884356873,0.24529318000286024,0.23424133254674753,0.6426503151081588,0.6410888983411313,0.6444102037322377,0.638352801760623,0.1719161756453036
0.6469425992164879,0.647079844809599,0.6451552530837941,0.6428204337433532,0.6473549049820235,0.6468576354683184,0.6440748264770612,0.6421464950837543,0.28380394098454687,0.2785611614774432,0.6447794242888776,0.6357294768183751,0.6420133538777606,0.6368715083798884,0.3672008193388344
0.6442003065917221,0.6431335682594852,0.638757975329647,0.6381598864967031,0.6439821948296525,0.6429316268641726,0.6384543761638735,0.6376795154291222,0.2976890742032917,0.3316851534462053,0.6352410151592576,0.6288387920034028,0.6350796096558808,0.6287455561198578,0.4379331373837295
0.6393459376596833,0.6392252517176447,0.6348277328796256,0.635222995364738,0.6402225646293442,0.6402115656581215,0.633866598950398,0.6340243663043649,0.25247674131072567,0.24439811136272474,0.6314086186339636,0.6293492131008079,0.6347714432460194,0.6267140680548502,0.0698240271957636
0.6379322091636861,0.6380107253544872,0.6334495959166311,0.6342291966829715,0.6382194829652457,0.6384153118768575,0.6317673946165566,0.6320672571254312,0.24847330402350232,0.22809619442644305,0.6355816726281724,0.6322415993194385,0.6348228043143296,0.628153038767564,0.1954923605538797
0.6364162834270142,0.6370307123779247,0.6305742237345809,0.6317234769322745,0.6357627118644067,0.6363189906605861,0.6296766548163196,0.6306778723367669,0.25078669892473726,0.2132251796681214,0.6350706864247999,0.6267120374308802,0.632126348228043,0.627899102759438,0.1834831501514781
0.632958610117527,0.6338508274990969,0.6297405359421522,0.6316693305735934,0.6327392569765451,0.6331780202532081,0.6278313864906044,0.6296669704749486,0.24898124196508425,0.2615412979589374,0.6274910577414412,0.6315610378562312,0.6268960794384524,0.6276451667513121,0.3581735345405694
0.6337591551694773,0.6356484651390676,0.6319693747341556,0.6344405490368689,0.6341277178565313,0.6361259848540762,0.6290841374640259,0.6314477506456206,0.18923637481116867,0.2207637991773422,0.6392437404190088,0.6399829859634197,0.6420219140558123,0.6350093109869648,0.1392088016141518
0.6369954011241697,0.6396289262285205,0.6346405784772436,0.6371954432966621,0.6369628488272555,0.6403996892692643,0.6318588115794821,0.6344943133077909,0.24052046520499362,0.25592402583985757,0.6475898484074265,0.6427052318162484,0.6489470980996404,0.6405874386321315,0.3262444791648883
0.6393118719127919,0.6421406263427746,0.6373968524032325,0.640137951847569,0.6392227358329052,0.6423072059603689,0.6345843914000341,0.6369231881619685,0.2329877963820369,0.22322568937293705,0.6471640265712826,0.6460229689493832,0.6461222393425783,0.6417809378703234,0.157829016439096
0.6421904275251237,0.6445815723906694,0.6414291790727349,0.6423831914911767,0.6428265707926724,0.6449199783158722,0.6376231589639412,0.6389797723009704,0.20367574397607352,0.1611247556225118,0.649463464486459,0.6468736707783921,0.6501455230268789,0.6430929405789743,0.0369228881216613
0.6479816044966787,0.6485366957935185,0.6460740110591237,0.6465171935901761,0.648914569423044,0.6490586764073515,0.6421093617741664,0.6426785751347929,0.17428581839984053,0.1778244726348093,0.6564469425992165,0.654785197788175,0.6573360725903099,0.6500761808024378,0.2112239066594043
0.6516947709078522,0.6516276546873044,0.6475882603147596,0.6468628731406505,0.6506591337099811,0.6496206961017337,0.6453089554765533,0.6454548099228284,0.2014579098451919,0.21023940137017574,0.6578095724748765,0.6475542322415991,0.650744735490498,0.6510072794988997,0.2750692588409087
0.6506898313745529,0.648606820038513,0.6471288813270947,0.644711361053075,0.6495805512754665,0.6475985260435115,0.6445996275605215,0.642650139632543,0.18055148780528565,0.21406372390190287,0.64256515074093,0.6404083368779242,0.6435541859270673,0.6370407990519722,0.2217123689653571
0.6492250042582184,0.6456845103555453,0.6452233092301147,0.6419726101902111,0.6487587741825029,0.6457368019882612,0.6430082952429321,0.6397081851824876,0.16236245756857653,0.1650037710197854,0.6398398909896099,0.6364951084644831,0.6420133538777606,0.6338242762823769,0.0668838652555504
0.6481349003576904,0.6451273218983032,0.6443726074011058,0.6421884606712566,0.6480927923300804,0.6460964059137629,0.6421872354833249,0.6394680040486377,0.18578157438549142,0.16134200474860216,0.644012944983819,0.6426201616333475,0.6468156137647663,0.6389876417809379,0.1540184722062357
0.6447623914154319,0.6432796805615101,0.6406125053168863,0.6401205362365303,0.6447543228899161,0.6442788457390046,0.6390045708481462,0.63769962190794,0.20113121702621067,0.20355204312006828,0.6395843978879239,0.6359846873670777,0.6406437253894881,0.6341628576265448,0.2879721198630005
0.6399250553568387,0.6400607511016437,0.6386218630370054,0.6392806977717518,0.6419979455572676,0.6418401801017549,0.6355002539360083,0.6362949795846964,0.17239540221529173,0.17949809034215022,0.6336228921819111,0.6376010208421946,0.6369628488272556,0.633485694938209,0.1313901847863141
0.6386050076647931,0.6386954714946631,0.6372607401105912,0.6373880392631187,0.6407139188495121,0.6402714708639332,0.634467580836296,0.6348224642409347,0.15443397017872473,0.16363379648894086,0.6359649122807018,0.6336027222458528,0.6371340523882898,0.6318774335534112,0.1319052087825221
0.6379236927269633,0.6379414197632621,0.6367162909400255,0.6361829803792972,0.6394983735661702,0.6388261897296392,0.633875063484002,0.6335022060009257,0.16011289223194028,0.14084868949983662,0.6364333163004601,0.6337728626116544,0.6359356274610513,0.6308616895209076,0.0952784755216281
0.6361522738886052,0.637012896772851,0.6332113994045085,0.6324872215714525,0.636260914227016,0.6360935655094245,0.631521923142035,0.6314087840243178,0.16786168572099427,0.15815327288372627,0.6351558507920287,0.6250957039557633,0.630628317068995,0.6272219400711021,0.1927624396515056
0.6339380003406576,0.6341796078979627,0.6320034028073158,0.6316397158413398,0.6342407122068139,0.6342432821024423,0.6298459454884038,0.6295335124690079,0.15117706526825408,0.17361852112225074,0.628513030148186,0.6299447043811143,0.6305427152884779,0.6257829693583883,0.2045490175992997
0.6338698688468746,0.6338804835029739,0.6308634623564439,0.6317269167568381,0.6339667865091594,0.6346932615146225,0.6291179955984425,0.6296376568088065,0.15161795187687754,0.16027722002464426,0.6332822347129963,0.6319013185878347,0.6355932203389829,0.6298459454884036,0.1335946178294313
0.6331289388519845,0.633340409770733,0.6297405359421522,0.6304806412293567,0.6329395651429549,0.6337948228621708,0.627645166751312,0.6279295343117905,0.14088031194795103,0.13292381639572604,0.6322602623062512,0.6279880901743938,0.6319979455572675,0.6245132893177587,0.0782170091378896
0.6325668540282747,0.6334345705744591,0.6293321990642278,0.630897486893582,0.6329310049649032,0.6344941574317114,0.6275774504824785,0.6287940589334402,0.1442336587961896,0.12596428085142433,0.6336228921819111,0.6317311782220331,0.6358928265707926,0.6305231081767395,0.1120452097628209
0.6327882813830694,0.6343773762383069,0.6307954062101232,0.6314022378241347,0.6343519945214859,0.6355738599051106,0.6289317758591502,0.6305272282737804,0.13470458587059078,0.1323485455754534,0.6362629875660026,0.6324117396852401,0.637733264851909,0.6339935669544607,0.1451170750235115
0.634457502980753,0.6352046302044059,0.6303190131858782,0.6301224049693862,0.6343074815956171,0.6338226234897849,0.6296766548163196,0.6301872735639321,0.131642198666904,0.15131139091059084,0.6368591381366038,0.6275627392598894,0.6303201506591336,0.6295073641442357,0.1892370815808657
0.6340827797649465,0.6339392930142584,0.6312037430880475,0.6321899260124847,0.6341020373223764,0.6340704153174496,0.6303199593702387,0.6311456717952878,0.1484876780669538,0.1734815988836207,0.6314086186339636,0.6363249680986814,0.6345659989727788,0.6330624682579991,0.2178220148296804
0.6346448645886562,0.6343164241511056,0.6321225010633771,0.6323205773586705,0.6350436569080637,0.6349489580402012,0.6311156255290333,0.6302609879007691,0.15081764075134957,0.14561000677570327,0.6350706864247999,0.632581880051042,0.6367060434857046,0.6284916201117319,0.0898668225598684
0.6362970533128941,0.6368388947017704,0.6330072309655466,0.6335986608167402,0.636336243793871,0.6374178923600771,0.6323006602336211,0.6323234191670722,0.15923118326648406,0.1484443119633,0.6418838358031,0.6361548277328796,0.6423557609998287,0.6364482816996784,0.1541129223384934
0.637250894225856,0.638236660511451,0.6346065504040833,0.635868552837135,0.6375004280089025,0.6394633235490738,0.6330624682579991,0.6341498151368316,0.16569486751188992,0.1581080400590469,0.6410321921308124,0.6404083368779242,0.6435541859270673,0.6378026070763501,0.1774354962505408
0.6383239652529383,0.6395659380983058,0.6354742662696724,0.6345461414207015,0.6387861667522685,0.6385584971580368,0.6342136448281701,0.6345209590895846,0.1727683746811965,0.1802735658484975,0.6422244932720151,0.6319013185878347,0.636748844375963,0.6352632469950907,0.2246046174273986
