Date,Open,High,Low,Close,Volume,Open_category,High_category,Low_category,Close_category,Volume_category
2005-03-01,43.3,43.37,43.1,43.22,3245500,"(41.308, 43.335]","(41.547000000000004, 43.581]","(41.188, 43.207]","(41.477000000000004, 43.508]","(3023300.85, 3295666.8]"
2005-03-08,43.71,44.08,43.59,44.03,2674900,"(43.335, 45.22]","(43.581, 45.472]","(43.207, 45.084]","(43.508, 45.397]","(2478568.95, 2750934.9]"
2005-03-09,43.95,44.2,43.92,44.02,3025000,"(43.335, 45.22]","(43.581, 45.472]","(43.207, 45.084]","(43.508, 45.397]","(3023300.85, 3295666.8]"
2005-03-11,44.31,44.67,44.28,44.43,2659600,"(43.335, 45.22]","(43.581, 45.472]","(43.207, 45.084]","(43.508, 45.397]","(2478568.95, 2750934.9]"
2005-03-16,44.29,44.35,44.2,44.31,2223300,"(43.335, 45.22]","(43.581, 45.472]","(43.207, 45.084]","(43.508, 45.397]","(2184413.7229999998, 2478568.95]"
2005-03-21,43.24,43.25,42.87,43.09,3814400,"(41.308, 43.335]","(41.547000000000004, 43.581]","(41.188, 43.207]","(41.477000000000004, 43.508]","(3568032.75, 3840398.7]"
2005-03-22,43.21,43.22,42.55,42.65,2609400,"(41.308, 43.335]","(41.547000000000004, 43.581]","(41.188, 43.207]","(41.477000000000004, 43.508]","(2478568.95, 2750934.9]"
2005-03-23,42.6,42.67,42.35,42.42,2618600,"(41.308, 43.335]","(41.547000000000004, 43.581]","(41.188, 43.207]","(41.477000000000004, 43.508]","(2478568.95, 2750934.9]"
2005-04-01,42.6,42.62,42.45,42.62,2448500,"(41.308, 43.335]","(41.547000000000004, 43.581]","(41.188, 43.207]","(41.477000000000004, 43.508]","(2184413.7229999998, 2478568.95]"
2005-04-07,42.77,42.81,42.53,42.57,2853000,"(41.308, 43.335]","(41.547000000000004, 43.581]","(41.188, 43.207]","(41.477000000000004, 43.508]","(2750934.9, 3023300.85]"
2005-04-14,42.45,42.48,42.16,42.31,3680300,"(41.308, 43.335]","(41.547000000000004, 43.581]","(41.188, 43.207]","(41.477000000000004, 43.508]","(3568032.75, 3840398.7]"
2005-04-19,42.79,43.36,42.72,43.28,3145400,"(41.308, 43.335]","(41.547000000000004, 43.581]","(41.188, 43.207]","(41.477000000000004, 43.508]","(3023300.85, 3295666.8]"
2005-04-27,43.53,43.54,43.12,43.2,2762800,"(43.335, 45.22]","(41.547000000000004, 43.581]","(41.188, 43.207]","(41.477000000000004, 43.508]","(2750934.9, 3023300.85]"
2005-04-28,43.16,43.27,42.99,43.0,2260300,"(41.308, 43.335]","(41.547000000000004, 43.581]","(41.188, 43.207]","(41.477000000000004, 43.508]","(2184413.7229999998, 2478568.95]"
2005-04-29,43.18,43.61,43.18,43.35,3736700,"(41.308, 43.335]","(43.581, 45.472]","(41.188, 43.207]","(41.477000000000004, 43.508]","(3568032.75, 3840398.7]"
2005-05-06,42.43,42.63,42.34,42.52,3722700,"(41.308, 43.335]","(41.547000000000004, 43.581]","(41.188, 43.207]","(41.477000000000004, 43.508]","(3568032.75, 3840398.7]"
2005-05-18,41.99,42.11,41.83,42.05,2207100,"(41.308, 43.335]","(41.547000000000004, 43.581]","(41.188, 43.207]","(41.477000000000004, 43.508]","(2184413.7229999998, 2478568.95]"
2005-05-23,41.69,41.75,41.55,41.62,5001900,"(41.308, 43.335]","(41.547000000000004, 43.581]","(41.188, 43.207]","(41.477000000000004, 43.508]","(4929862.5, 5202228.45]"
2005-05-27,41.81,41.96,41.74,41.88,2453600,"(41.308, 43.335]","(41.547000000000004, 43.581]","(41.188, 43.207]","(41.477000000000004, 43.508]","(2184413.7229999998, 2478568.95]"
2005-05-31,41.45,41.69,41.33,41.65,3198900,"(41.308, 43.335]","(41.547000000000004, 43.581]","(41.188, 43.207]","(41.477000000000004, 43.508]","(3023300.85, 3295666.8]"
2005-06-02,41.94,42.28,41.91,42.1,5752600,"(41.308, 43.335]","(41.547000000000004, 43.581]","(41.188, 43.207]","(41.477000000000004, 43.508]","(5746960.35, 6019326.3]"
2005-06-03,42.33,42.39,42.17,42.17,3350700,"(41.308, 43.335]","(41.547000000000004, 43.581]","(41.188, 43.207]","(41.477000000000004, 43.508]","(3295666.8, 3568032.75]"
2005-06-06,42.56,42.65,42.45,42.48,2470800,"(41.308, 43.335]","(41.547000000000004, 43.581]","(41.188, 43.207]","(41.477000000000004, 43.508]","(2184413.7229999998, 2478568.95]"
2005-06-13,42.81,43.01,42.7,42.78,2331600,"(41.308, 43.335]","(41.547000000000004, 43.581]","(41.188, 43.207]","(41.477000000000004, 43.508]","(2184413.7229999998, 2478568.95]"
2005-06-15,42.69,42.89,42.67,42.74,2311400,"(41.308, 43.335]","(41.547000000000004, 43.581]","(41.188, 43.207]","(41.477000000000004, 43.508]","(2184413.7229999998, 2478568.95]"
2005-07-05,42.33,42.34,42.06,42.28,2582700,"(41.308, 43.335]","(41.547000000000004, 43.581]","(41.188, 43.207]","(41.477000000000004, 43.508]","(2478568.95, 2750934.9]"
2005-07-07,42.47,42.56,42.05,42.36,4345200,"(41.308, 43.335]","(41.547000000000004, 43.581]","(41.188, 43.207]","(41.477000000000004, 43.508]","(4112764.65, 4385130.6]"
2005-07-11,42.33,42.57,42.28,42.54,2252900,"(41.308, 43.335]","(41.547000000000004, 43.581]","(41.188, 43.207]","(41.477000000000004, 43.508]","(2184413.7229999998, 2478568.95]"
2005-07-20,42.16,42.25,42.05,42.2,2266800,"(41.308, 43.335]","(41.547000000000004, 43.581]","(41.188, 43.207]","(41.477000000000004, 43.508]","(2184413.7229999998, 2478568.95]"
2005-07-28,42.46,42.79,42.46,42.75,3673300,"(41.308, 43.335]","(41.547000000000004, 43.581]","(41.188, 43.207]","(41.477000000000004, 43.508]","(3568032.75, 3840398.7]"
2005-08-12,44.49,44.72,44.43,44.49,2428500,"(43.335, 45.22]","(43.581, 45.472]","(43.207, 45.084]","(43.508, 45.397]","(2184413.7229999998, 2478568.95]"
2005-08-31,43.1,43.4,43.03,43.4,2416500,"(41.308, 43.335]","(41.547000000000004, 43.581]","(41.188, 43.207]","(41.477000000000004, 43.508]","(2184413.7229999998, 2478568.95]"
2005-09-01,43.93,44.4,43.85,44.22,2502900,"(43.335, 45.22]","(43.581, 45.472]","(43.207, 45.084]","(43.508, 45.397]","(2478568.95, 2750934.9]"
2005-09-16,45.8,45.88,45.55,45.82,2878900,"(45.22, 47.105]","(45.472, 47.363]","(45.084, 46.961]","(45.397, 47.285]","(2750934.9, 3023300.85]"
2005-09-19,46.27,46.73,46.22,46.25,6072100,"(45.22, 47.105]","(45.472, 47.363]","(45.084, 46.961]","(45.397, 47.285]","(6019326.3, 6291692.25]"
2005-09-21,46.58,47.13,46.55,47.06,3681900,"(45.22, 47.105]","(45.472, 47.363]","(45.084, 46.961]","(45.397, 47.285]","(3568032.75, 3840398.7]"
2005-09-22,46.84,46.84,46.22,46.36,2347300,"(45.22, 47.105]","(45.472, 47.363]","(45.084, 46.961]","(45.397, 47.285]","(2184413.7229999998, 2478568.95]"
2005-09-23,46.2,46.3,45.92,46.28,2352800,"(45.22, 47.105]","(45.472, 47.363]","(45.084, 46.961]","(45.397, 47.285]","(2184413.7229999998, 2478568.95]"
2005-09-27,46.14,46.33,45.66,46.25,2341300,"(45.22, 47.105]","(45.472, 47.363]","(45.084, 46.961]","(45.397, 47.285]","(2184413.7229999998, 2478568.95]"
2005-09-28,46.3,46.89,46.16,46.8,3448100,"(45.22, 47.105]","(45.472, 47.363]","(45.084, 46.961]","(45.397, 47.285]","(3295666.8, 3568032.75]"
2005-09-29,46.86,47.23,46.83,47.1,2947300,"(45.22, 47.105]","(45.472, 47.363]","(45.084, 46.961]","(45.397, 47.285]","(2750934.9, 3023300.85]"
2005-10-11,47.4,47.72,47.36,47.39,2826900,"(47.105, 48.99]","(47.363, 49.254]","(46.961, 48.838]","(47.285, 49.173]","(2750934.9, 3023300.85]"
2005-10-12,47.53,47.64,46.82,46.85,3930500,"(47.105, 48.99]","(47.363, 49.254]","(45.084, 46.961]","(45.397, 47.285]","(3840398.7, 4112764.65]"
2005-10-13,46.89,47.06,46.6,47.02,2632300,"(45.22, 47.105]","(45.472, 47.363]","(45.084, 46.961]","(45.397, 47.285]","(2478568.95, 2750934.9]"
2005-10-14,46.49,46.83,46.41,46.8,2442300,"(45.22, 47.105]","(45.472, 47.363]","(45.084, 46.961]","(45.397, 47.285]","(2184413.7229999998, 2478568.95]"
2005-10-19,46.51,46.51,46.04,46.34,2958200,"(45.22, 47.105]","(45.472, 47.363]","(45.084, 46.961]","(45.397, 47.285]","(2750934.9, 3023300.85]"
2005-10-25,46.93,47.19,46.9,47.06,3290600,"(45.22, 47.105]","(45.472, 47.363]","(45.084, 46.961]","(45.397, 47.285]","(3023300.85, 3295666.8]"
2005-10-26,47.09,47.21,46.89,46.93,2248400,"(45.22, 47.105]","(45.472, 47.363]","(45.084, 46.961]","(45.397, 47.285]","(2184413.7229999998, 2478568.95]"
2005-10-27,47.4,47.42,47.1,47.18,2464500,"(47.105, 48.99]","(47.363, 49.254]","(46.961, 48.838]","(45.397, 47.285]","(2184413.7229999998, 2478568.95]"
2005-10-31,47.02,47.04,46.33,46.4,2327500,"(45.22, 47.105]","(45.472, 47.363]","(45.084, 46.961]","(45.397, 47.285]","(2184413.7229999998, 2478568.95]"
2005-11-01,46.07,46.07,45.65,45.73,3483400,"(45.22, 47.105]","(45.472, 47.363]","(45.084, 46.961]","(45.397, 47.285]","(3295666.8, 3568032.75]"
2005-11-16,47.29,47.78,47.22,47.78,2355200,"(47.105, 48.99]","(47.363, 49.254]","(46.961, 48.838]","(47.285, 49.173]","(2184413.7229999998, 2478568.95]"
2005-11-17,48.23,48.58,48.17,48.48,4172400,"(47.105, 48.99]","(47.363, 49.254]","(46.961, 48.838]","(47.285, 49.173]","(4112764.65, 4385130.6]"
2005-11-21,48.69,49.02,48.5,48.99,2384900,"(47.105, 48.99]","(47.363, 49.254]","(46.961, 48.838]","(47.285, 49.173]","(2184413.7229999998, 2478568.95]"
2005-11-22,48.98,49.34,48.85,49.32,2799500,"(47.105, 48.99]","(49.254, 51.145]","(48.838, 50.715]","(49.173, 51.061]","(2750934.9, 3023300.85]"
2005-11-29,49.57,49.98,49.38,49.8,2283600,"(48.99, 50.875]","(49.254, 51.145]","(48.838, 50.715]","(49.173, 51.061]","(2184413.7229999998, 2478568.95]"
2005-12-01,49.63,50.29,49.58,50.17,2557900,"(48.99, 50.875]","(49.254, 51.145]","(48.838, 50.715]","(49.173, 51.061]","(2478568.95, 2750934.9]"
2005-12-06,50.38,50.95,50.21,50.89,2493600,"(48.99, 50.875]","(49.254, 51.145]","(48.838, 50.715]","(49.173, 51.061]","(2478568.95, 2750934.9]"
2005-12-07,51.22,51.5,51.1,51.32,2279800,"(50.875, 52.76]","(51.145, 53.036]","(50.715, 52.592]","(51.061, 52.95]","(2184413.7229999998, 2478568.95]"
2005-12-08,51.34,51.95,51.26,51.9,3046000,"(50.875, 52.76]","(51.145, 53.036]","(50.715, 52.592]","(51.061, 52.95]","(3023300.85, 3295666.8]"
2005-12-09,52.31,52.9,52.03,52.4,5882500,"(50.875, 52.76]","(51.145, 53.036]","(50.715, 52.592]","(51.061, 52.95]","(5746960.35, 6019326.3]"
2005-12-12,53.24,53.76,52.25,52.56,7505300,"(52.76, 54.645]","(53.036, 54.927]","(50.715, 52.592]","(51.061, 52.95]","(7381156.05, 7653522.0]"
2005-12-13,52.2,53.23,51.56,51.65,6162100,"(50.875, 52.76]","(53.036, 54.927]","(50.715, 52.592]","(51.061, 52.95]","(6019326.3, 6291692.25]"
2005-12-14,50.95,51.2,50.25,50.35,6993900,"(50.875, 52.76]","(51.145, 53.036]","(48.838, 50.715]","(49.173, 51.061]","(6836424.15, 7108790.1]"
2005-12-15,50.48,50.79,50.11,50.24,4728500,"(48.99, 50.875]","(49.254, 51.145]","(48.838, 50.715]","(49.173, 51.061]","(4657496.55, 4929862.5]"
2005-12-16,50.32,50.59,49.93,50.09,2688000,"(48.99, 50.875]","(49.254, 51.145]","(48.838, 50.715]","(49.173, 51.061]","(2478568.95, 2750934.9]"
2005-12-20,50.35,50.4,49.0,49.04,4317900,"(48.99, 50.875]","(49.254, 51.145]","(48.838, 50.715]","(47.285, 49.173]","(4112764.65, 4385130.6]"
2005-12-21,49.12,49.45,48.8,49.37,3956400,"(48.99, 50.875]","(49.254, 51.145]","(46.961, 48.838]","(49.173, 51.061]","(3840398.7, 4112764.65]"
2005-12-22,49.51,50.3,49.47,50.14,2965300,"(48.99, 50.875]","(49.254, 51.145]","(48.838, 50.715]","(49.173, 51.061]","(2750934.9, 3023300.85]"
2005-12-23,50.1,50.46,50.08,50.12,2877600,"(48.99, 50.875]","(49.254, 51.145]","(48.838, 50.715]","(49.173, 51.061]","(2750934.9, 3023300.85]"
2005-12-27,50.65,50.7,50.5,50.64,4403700,"(48.99, 50.875]","(49.254, 51.145]","(48.838, 50.715]","(49.173, 51.061]","(4385130.6, 4657496.55]"
2005-12-28,51.51,51.61,51.18,51.47,5060900,"(50.875, 52.76]","(51.145, 53.036]","(50.715, 52.592]","(51.061, 52.95]","(4929862.5, 5202228.45]"
2005-12-29,51.48,51.58,50.92,51.47,3282700,"(50.875, 52.76]","(51.145, 53.036]","(50.715, 52.592]","(51.061, 52.95]","(3023300.85, 3295666.8]"
2005-12-30,51.19,51.72,51.17,51.58,2635900,"(50.875, 52.76]","(51.145, 53.036]","(50.715, 52.592]","(51.061, 52.95]","(2478568.95, 2750934.9]"
2006-01-03,52.29,53.18,52.23,53.12,4606500,"(50.875, 52.76]","(53.036, 54.927]","(50.715, 52.592]","(52.95, 54.838]","(4385130.6, 4657496.55]"
2006-01-04,52.87,53.34,52.62,53.3,5287900,"(52.76, 54.645]","(53.036, 54.927]","(52.592, 54.469]","(52.95, 54.838]","(5202228.45, 5474594.4]"
2006-01-05,52.56,52.72,52.1,52.34,7661800,"(50.875, 52.76]","(51.145, 53.036]","(50.715, 52.592]","(51.061, 52.95]","(7653522.0, 7925887.95]"
2006-01-06,53.14,53.87,53.04,53.72,4629900,"(52.76, 54.645]","(53.036, 54.927]","(52.592, 54.469]","(52.95, 54.838]","(4385130.6, 4657496.55]"
2006-01-09,53.46,54.99,53.31,54.6,5394200,"(52.76, 54.645]","(54.927, 56.817]","(52.592, 54.469]","(52.95, 54.838]","(5202228.45, 5474594.4]"
2006-01-10,53.96,54.38,53.76,54.06,5700600,"(52.76, 54.645]","(53.036, 54.927]","(52.592, 54.469]","(52.95, 54.838]","(5474594.4, 5746960.35]"
2006-01-11,54.24,54.77,54.07,54.53,4209800,"(52.76, 54.645]","(53.036, 54.927]","(52.592, 54.469]","(52.95, 54.838]","(4112764.65, 4385130.6]"
2006-01-12,54.21,54.64,54.01,54.43,3603000,"(52.76, 54.645]","(53.036, 54.927]","(52.592, 54.469]","(52.95, 54.838]","(3568032.75, 3840398.7]"
2006-01-13,54.55,55.56,54.51,55.44,4346200,"(52.76, 54.645]","(54.927, 56.817]","(54.469, 56.345]","(54.838, 56.726]","(4112764.65, 4385130.6]"
2006-01-17,55.25,55.87,55.03,55.26,5130400,"(54.645, 56.529]","(54.927, 56.817]","(54.469, 56.345]","(54.838, 56.726]","(4929862.5, 5202228.45]"
2006-01-18,54.64,54.73,54.01,54.07,4561100,"(52.76, 54.645]","(53.036, 54.927]","(52.592, 54.469]","(52.95, 54.838]","(4385130.6, 4657496.55]"
2006-01-19,54.96,55.71,54.95,55.59,5290700,"(54.645, 56.529]","(54.927, 56.817]","(54.469, 56.345]","(54.838, 56.726]","(5202228.45, 5474594.4]"
2006-01-20,56.12,56.6,55.02,55.2,7306600,"(54.645, 56.529]","(54.927, 56.817]","(54.469, 56.345]","(54.838, 56.726]","(7108790.1, 7381156.05]"
2006-01-23,55.59,55.9,55.26,55.77,4968500,"(54.645, 56.529]","(54.927, 56.817]","(54.469, 56.345]","(54.838, 56.726]","(4929862.5, 5202228.45]"
2006-01-24,55.5,55.73,55.27,55.73,3419100,"(54.645, 56.529]","(54.927, 56.817]","(54.469, 56.345]","(54.838, 56.726]","(3295666.8, 3568032.75]"
2006-01-25,56.22,56.53,55.74,56.14,10005300,"(54.645, 56.529]","(54.927, 56.817]","(54.469, 56.345]","(54.838, 56.726]","(9832449.6, 10104815.55]"
2006-01-26,55.53,55.91,55.27,55.88,4306700,"(54.645, 56.529]","(54.927, 56.817]","(54.469, 56.345]","(54.838, 56.726]","(4112764.65, 4385130.6]"
2006-01-27,55.96,56.23,55.47,55.63,4285600,"(54.645, 56.529]","(54.927, 56.817]","(54.469, 56.345]","(54.838, 56.726]","(4112764.65, 4385130.6]"
2006-01-30,55.97,56.7,55.95,56.68,3969200,"(54.645, 56.529]","(54.927, 56.817]","(54.469, 56.345]","(54.838, 56.726]","(3840398.7, 4112764.65]"
2006-01-31,56.57,57.05,56.53,56.7,5011800,"(56.529, 58.414]","(56.817, 58.708]","(56.345, 58.222]","(54.838, 56.726]","(4929862.5, 5202228.45]"
2006-02-01,56.79,56.9,56.08,56.7,4700900,"(56.529, 58.414]","(56.817, 58.708]","(54.469, 56.345]","(54.838, 56.726]","(4657496.55, 4929862.5]"
2006-02-02,57.04,57.3,56.67,56.98,5114300,"(56.529, 58.414]","(56.817, 58.708]","(56.345, 58.222]","(56.726, 58.614]","(4929862.5, 5202228.45]"
2006-02-03,57.07,57.2,56.25,56.5,5054200,"(56.529, 58.414]","(56.817, 58.708]","(54.469, 56.345]","(54.838, 56.726]","(4929862.5, 5202228.45]"
2006-02-06,56.76,57.15,56.65,56.72,3455200,"(56.529, 58.414]","(56.817, 58.708]","(56.345, 58.222]","(54.838, 56.726]","(3295666.8, 3568032.75]"
2006-02-07,55.88,55.92,54.33,54.6,10197900,"(54.645, 56.529]","(54.927, 56.817]","(52.592, 54.469]","(52.95, 54.838]","(10104815.55, 10377181.5]"
2006-02-08,54.7,55.08,54.41,54.83,5376400,"(54.645, 56.529]","(54.927, 56.817]","(52.592, 54.469]","(52.95, 54.838]","(5202228.45, 5474594.4]"
2006-02-09,55.72,56.45,55.55,56.18,5299300,"(54.645, 56.529]","(54.927, 56.817]","(54.469, 56.345]","(54.838, 56.726]","(5202228.45, 5474594.4]"
2006-02-10,55.74,55.74,54.42,54.79,4328700,"(54.645, 56.529]","(54.927, 56.817]","(52.592, 54.469]","(52.95, 54.838]","(4112764.65, 4385130.6]"
2006-02-13,54.64,54.9,53.55,53.72,5122900,"(52.76, 54.645]","(53.036, 54.927]","(52.592, 54.469]","(52.95, 54.838]","(4929862.5, 5202228.45]"
2006-02-14,53.94,54.53,53.68,54.49,3611000,"(52.76, 54.645]","(53.036, 54.927]","(52.592, 54.469]","(52.95, 54.838]","(3568032.75, 3840398.7]"
2006-02-15,54.3,54.3,53.33,53.76,4813900,"(52.76, 54.645]","(53.036, 54.927]","(52.592, 54.469]","(52.95, 54.838]","(4657496.55, 4929862.5]"
2006-02-16,53.42,54.54,53.42,54.52,5589700,"(52.76, 54.645]","(53.036, 54.927]","(52.592, 54.469]","(52.95, 54.838]","(5474594.4, 5746960.35]"
2006-02-17,54.67,55.2,54.6,54.96,3927200,"(54.645, 56.529]","(54.927, 56.817]","(54.469, 56.345]","(54.838, 56.726]","(3840398.7, 4112764.65]"
2006-02-21,55.14,55.34,55.0,55.12,3352600,"(54.645, 56.529]","(54.927, 56.817]","(54.469, 56.345]","(54.838, 56.726]","(3295666.8, 3568032.75]"
2006-02-22,54.97,55.35,54.86,55.34,3836300,"(54.645, 56.529]","(54.927, 56.817]","(54.469, 56.345]","(54.838, 56.726]","(3568032.75, 3840398.7]"
2006-02-23,55.08,55.11,54.55,54.64,2429200,"(54.645, 56.529]","(54.927, 56.817]","(54.469, 56.345]","(52.95, 54.838]","(2184413.7229999998, 2478568.95]"
2006-02-24,55.21,55.71,55.03,55.64,4927700,"(54.645, 56.529]","(54.927, 56.817]","(54.469, 56.345]","(54.838, 56.726]","(4657496.55, 4929862.5]"
2006-02-27,55.26,55.32,55.01,55.22,2291600,"(54.645, 56.529]","(54.927, 56.817]","(54.469, 56.345]","(54.838, 56.726]","(2184413.7229999998, 2478568.95]"
2006-02-28,55.43,56.07,55.3,56.07,3425900,"(54.645, 56.529]","(54.927, 56.817]","(54.469, 56.345]","(54.838, 56.726]","(3295666.8, 3568032.75]"
2006-03-01,56.02,56.42,55.92,56.1,4266500,"(54.645, 56.529]","(54.927, 56.817]","(54.469, 56.345]","(54.838, 56.726]","(4112764.65, 4385130.6]"
2006-03-02,56.15,56.82,55.99,56.74,3862000,"(54.645, 56.529]","(56.817, 58.708]","(54.469, 56.345]","(56.726, 58.614]","(3840398.7, 4112764.65]"
2006-03-03,56.48,56.54,56.2,56.28,3102800,"(54.645, 56.529]","(54.927, 56.817]","(54.469, 56.345]","(54.838, 56.726]","(3023300.85, 3295666.8]"
2006-03-06,56.41,56.45,54.96,55.23,5432200,"(54.645, 56.529]","(54.927, 56.817]","(54.469, 56.345]","(54.838, 56.726]","(5202228.45, 5474594.4]"
2006-03-07,55.33,55.33,54.55,54.95,4385400,"(54.645, 56.529]","(54.927, 56.817]","(54.469, 56.345]","(54.838, 56.726]","(4385130.6, 4657496.55]"
2006-03-08,54.21,54.27,53.56,53.97,6712900,"(52.76, 54.645]","(53.036, 54.927]","(52.592, 54.469]","(52.95, 54.838]","(6564058.2, 6836424.15]"
2006-03-09,54.6,54.78,54.13,54.24,3799200,"(52.76, 54.645]","(53.036, 54.927]","(52.592, 54.469]","(52.95, 54.838]","(3568032.75, 3840398.7]"
2006-03-10,53.22,53.97,53.15,53.83,6489700,"(52.76, 54.645]","(53.036, 54.927]","(52.592, 54.469]","(52.95, 54.838]","(6291692.25, 6564058.2]"
2006-03-13,54.09,54.46,53.92,54.31,2425800,"(52.76, 54.645]","(53.036, 54.927]","(52.592, 54.469]","(52.95, 54.838]","(2184413.7229999998, 2478568.95]"
2006-03-14,54.23,55.0,54.2,54.87,2671700,"(52.76, 54.645]","(54.927, 56.817]","(52.592, 54.469]","(54.838, 56.726]","(2478568.95, 2750934.9]"
2006-03-15,55.41,55.44,54.98,55.12,4707800,"(54.645, 56.529]","(54.927, 56.817]","(54.469, 56.345]","(54.838, 56.726]","(4657496.55, 4929862.5]"
2006-03-16,55.15,55.34,54.49,55.34,3342200,"(54.645, 56.529]","(54.927, 56.817]","(54.469, 56.345]","(54.838, 56.726]","(3295666.8, 3568032.75]"
2006-03-17,55.28,55.33,54.93,55.12,2236000,"(54.645, 56.529]","(54.927, 56.817]","(54.469, 56.345]","(54.838, 56.726]","(2184413.7229999998, 2478568.95]"
2006-03-21,54.71,55.28,54.4,54.83,4518900,"(54.645, 56.529]","(54.927, 56.817]","(52.592, 54.469]","(52.95, 54.838]","(4385130.6, 4657496.55]"
2006-03-23,54.36,54.85,54.24,54.7,4000800,"(52.76, 54.645]","(53.036, 54.927]","(52.592, 54.469]","(52.95, 54.838]","(3840398.7, 4112764.65]"
2006-03-24,55.15,55.83,55.1,55.71,3785200,"(54.645, 56.529]","(54.927, 56.817]","(54.469, 56.345]","(54.838, 56.726]","(3568032.75, 3840398.7]"
2006-03-27,56.18,56.55,56.18,56.39,4081900,"(54.645, 56.529]","(54.927, 56.817]","(54.469, 56.345]","(54.838, 56.726]","(3840398.7, 4112764.65]"
2006-03-28,56.56,56.63,55.92,56.06,3419800,"(56.529, 58.414]","(54.927, 56.817]","(54.469, 56.345]","(54.838, 56.726]","(3295666.8, 3568032.75]"
2006-03-29,56.34,57.15,56.25,57.07,5537200,"(54.645, 56.529]","(56.817, 58.708]","(54.469, 56.345]","(56.726, 58.614]","(5474594.4, 5746960.35]"
2006-03-30,57.98,58.7,57.81,58.6,5875300,"(56.529, 58.414]","(56.817, 58.708]","(56.345, 58.222]","(56.726, 58.614]","(5746960.35, 6019326.3]"
2006-03-31,58.07,58.31,57.56,58.1,5076400,"(56.529, 58.414]","(56.817, 58.708]","(56.345, 58.222]","(56.726, 58.614]","(4929862.5, 5202228.45]"
2006-04-03,58.62,58.93,58.4,58.47,4935500,"(58.414, 60.299]","(58.708, 60.599]","(58.222, 60.099]","(56.726, 58.614]","(4929862.5, 5202228.45]"
2006-04-04,58.44,58.76,58.18,58.33,5094500,"(58.414, 60.299]","(58.708, 60.599]","(56.345, 58.222]","(56.726, 58.614]","(4929862.5, 5202228.45]"
2006-04-05,58.64,58.71,58.0,58.66,6660300,"(58.414, 60.299]","(58.708, 60.599]","(56.345, 58.222]","(58.614, 60.503]","(6564058.2, 6836424.15]"
2006-04-06,58.97,59.34,58.85,59.28,5644000,"(58.414, 60.299]","(58.708, 60.599]","(58.222, 60.099]","(58.614, 60.503]","(5474594.4, 5746960.35]"
2006-04-07,58.67,58.82,58.22,58.59,3427000,"(58.414, 60.299]","(58.708, 60.599]","(56.345, 58.222]","(56.726, 58.614]","(3295666.8, 3568032.75]"
2006-04-10,59.48,59.65,58.95,59.6,3682000,"(58.414, 60.299]","(58.708, 60.599]","(58.222, 60.099]","(58.614, 60.503]","(3568032.75, 3840398.7]"
2006-04-11,59.52,59.85,59.0,59.01,5023400,"(58.414, 60.299]","(58.708, 60.599]","(58.222, 60.099]","(58.614, 60.503]","(4929862.5, 5202228.45]"
2006-04-12,59.45,59.71,59.15,59.43,3709900,"(58.414, 60.299]","(58.708, 60.599]","(58.222, 60.099]","(58.614, 60.503]","(3568032.75, 3840398.7]"
2006-04-13,59.13,59.6,58.87,59.5,2812500,"(58.414, 60.299]","(58.708, 60.599]","(58.222, 60.099]","(58.614, 60.503]","(2750934.9, 3023300.85]"
2006-04-17,60.38,61.3,60.2,61.09,6072800,"(60.299, 62.184]","(60.599, 62.49]","(60.099, 61.976]","(60.503, 62.391]","(6019326.3, 6291692.25]"
2006-04-18,61.25,61.93,61.06,61.85,5131000,"(60.299, 62.184]","(60.599, 62.49]","(60.099, 61.976]","(60.503, 62.391]","(4929862.5, 5202228.45]"
2006-04-19,61.96,63.95,61.9,63.75,11287400,"(60.299, 62.184]","(62.49, 64.381]","(60.099, 61.976]","(62.391, 64.279]","(11194279.35, 11466645.3]"
2006-04-20,63.39,63.45,60.44,60.96,12978000,"(62.184, 64.069]","(62.49, 64.381]","(60.099, 61.976]","(60.503, 62.391]","(12828475.05, 13100841.0]"
2006-04-21,62.51,63.28,61.78,63.2,7530000,"(62.184, 64.069]","(62.49, 64.381]","(60.099, 61.976]","(62.391, 64.279]","(7381156.05, 7653522.0]"
2006-04-24,62.35,62.53,61.6,61.65,7385300,"(62.184, 64.069]","(62.49, 64.381]","(60.099, 61.976]","(60.503, 62.391]","(7381156.05, 7653522.0]"
2006-04-25,62.86,63.18,62.18,62.78,5611700,"(62.184, 64.069]","(62.49, 64.381]","(61.976, 63.853]","(62.391, 64.279]","(5474594.4, 5746960.35]"
2006-04-26,63.04,63.79,63.04,63.65,5797200,"(62.184, 64.069]","(62.49, 64.381]","(61.976, 63.853]","(62.391, 64.279]","(5746960.35, 6019326.3]"
2006-04-27,62.84,62.96,62.77,62.96,6421200,"(62.184, 64.069]","(62.49, 64.381]","(61.976, 63.853]","(62.391, 64.279]","(6291692.25, 6564058.2]"
2006-04-28,63.9,65.27,63.83,65.09,8379000,"(62.184, 64.069]","(64.381, 66.272]","(61.976, 63.853]","(64.279, 66.167]","(8198253.9, 8470619.85]"
2006-05-01,65.68,65.83,64.98,65.16,7556600,"(64.069, 65.954]","(64.381, 66.272]","(63.853, 65.73]","(64.279, 66.167]","(7381156.05, 7653522.0]"
2006-05-02,65.6,66.57,65.56,66.55,6195800,"(64.069, 65.954]","(66.272, 68.163]","(63.853, 65.73]","(66.167, 68.056]","(6019326.3, 6291692.25]"
2006-05-03,67.14,67.14,65.33,66.46,11557800,"(65.954, 67.839]","(66.272, 68.163]","(63.853, 65.73]","(66.167, 68.056]","(11466645.3, 11739011.25]"
2006-05-04,66.76,67.67,66.22,67.48,14125200,"(65.954, 67.839]","(66.272, 68.163]","(65.73, 67.607]","(66.167, 68.056]","(13917938.85, 14190304.8]"
2006-05-05,67.51,68.01,67.06,67.99,9271100,"(65.954, 67.839]","(66.272, 68.163]","(65.73, 67.607]","(66.167, 68.056]","(9015351.75, 9287717.7]"
2006-05-08,67.2,67.61,66.75,67.56,6538900,"(65.954, 67.839]","(66.272, 68.163]","(65.73, 67.607]","(66.167, 68.056]","(6291692.25, 6564058.2]"
2006-05-09,68.54,69.72,68.45,69.68,12064600,"(67.839, 69.724]","(68.163, 70.054]","(67.607, 69.484]","(68.056, 69.944]","(12011377.2, 12283743.15]"
2006-05-10,69.27,70.49,69.27,70.38,10315500,"(67.839, 69.724]","(70.054, 71.945]","(67.607, 69.484]","(69.944, 71.832]","(10104815.55, 10377181.5]"
2006-05-11,71.98,72.15,71.0,71.03,17785200,"(71.609, 73.494]","(71.945, 73.836]","(69.484, 71.361]","(69.944, 71.832]","(17731062.15, 18003428.1]"
2006-05-12,71.84,72.26,70.2,71.12,20637500,"(71.609, 73.494]","(71.945, 73.836]","(69.484, 71.361]","(69.944, 71.832]","(20454721.65, 20727087.6]"
2006-05-15,68.68,69.3,67.32,67.41,18385000,"(67.839, 69.724]","(68.163, 70.054]","(65.73, 67.607]","(66.167, 68.056]","(18275794.05, 18548160.0]"
2006-05-16,68.32,68.86,67.87,68.61,12222300,"(67.839, 69.724]","(68.163, 70.054]","(67.607, 69.484]","(68.056, 69.944]","(12011377.2, 12283743.15]"
2006-05-17,69.51,70.17,68.07,68.15,16417400,"(67.839, 69.724]","(70.054, 71.945]","(67.607, 69.484]","(68.056, 69.944]","(16369232.4, 16641598.35]"
2006-05-18,68.69,69.1,67.36,67.46,12721700,"(67.839, 69.724]","(68.163, 70.054]","(65.73, 67.607]","(66.167, 68.056]","(12556109.1, 12828475.05]"
2006-05-19,65.76,66.05,64.7,65.58,18687600,"(64.069, 65.954]","(64.381, 66.272]","(63.853, 65.73]","(64.279, 66.167]","(18548160.0, 18820525.95]"
2006-05-22,64.42,65.42,63.8,65.3,11978900,"(64.069, 65.954]","(64.381, 66.272]","(61.976, 63.853]","(64.279, 66.167]","(11739011.25, 12011377.2]"
2006-05-23,65.99,67.16,65.91,66.38,10511500,"(65.954, 67.839]","(66.272, 68.163]","(65.73, 67.607]","(66.167, 68.056]","(10377181.5, 10649547.45]"
2006-05-24,64.83,65.16,63.22,64.06,11066200,"(64.069, 65.954]","(64.381, 66.272]","(61.976, 63.853]","(62.391, 64.279]","(10921913.4, 11194279.35]"
2006-05-25,64.12,64.76,63.76,64.7,6509500,"(64.069, 65.954]","(64.381, 66.272]","(61.976, 63.853]","(64.279, 66.167]","(6291692.25, 6564058.2]"
2006-05-26,65.01,65.1,63.75,65.1,5271400,"(64.069, 65.954]","(64.381, 66.272]","(61.976, 63.853]","(64.279, 66.167]","(5202228.45, 5474594.4]"
2006-05-30,65.2,66.24,65.0,65.11,8243200,"(64.069, 65.954]","(64.381, 66.272]","(63.853, 65.73]","(64.279, 66.167]","(8198253.9, 8470619.85]"
2006-05-31,65.53,65.59,63.58,64.23,7573300,"(64.069, 65.954]","(64.381, 66.272]","(61.976, 63.853]","(62.391, 64.279]","(7381156.05, 7653522.0]"
2006-06-01,62.15,62.97,61.8,62.56,11752100,"(60.299, 62.184]","(62.49, 64.381]","(60.099, 61.976]","(62.391, 64.279]","(11739011.25, 12011377.2]"
2006-06-02,63.1,63.59,62.53,63.5,6960900,"(62.184, 64.069]","(62.49, 64.381]","(61.976, 63.853]","(62.391, 64.279]","(6836424.15, 7108790.1]"
2006-06-05,63.82,64.19,63.12,63.29,6021600,"(62.184, 64.069]","(62.49, 64.381]","(61.976, 63.853]","(62.391, 64.279]","(6019326.3, 6291692.25]"
2006-06-06,62.58,62.67,62.16,62.55,7175700,"(62.184, 64.069]","(62.49, 64.381]","(61.976, 63.853]","(62.391, 64.279]","(7108790.1, 7381156.05]"
2006-06-07,61.54,62.85,61.35,62.28,10172700,"(60.299, 62.184]","(62.49, 64.381]","(60.099, 61.976]","(60.503, 62.391]","(10104815.55, 10377181.5]"
2006-06-08,61.5,61.53,60.43,60.91,14229500,"(60.299, 62.184]","(60.599, 62.49]","(60.099, 61.976]","(60.503, 62.391]","(14190304.8, 14462670.75]"
2006-06-09,61.17,61.38,59.71,60.45,7415100,"(60.299, 62.184]","(60.599, 62.49]","(58.222, 60.099]","(58.614, 60.503]","(7381156.05, 7653522.0]"
2006-06-12,60.78,60.84,59.98,60.03,4123800,"(60.299, 62.184]","(60.599, 62.49]","(58.222, 60.099]","(58.614, 60.503]","(4112764.65, 4385130.6]"
2006-06-14,56.65,56.91,55.05,55.62,12663800,"(56.529, 58.414]","(56.817, 58.708]","(54.469, 56.345]","(54.838, 56.726]","(12556109.1, 12828475.05]"
2006-06-15,57.12,57.62,56.33,57.32,11911300,"(56.529, 58.414]","(56.817, 58.708]","(54.469, 56.345]","(56.726, 58.614]","(11739011.25, 12011377.2]"
2006-06-16,57.3,57.93,56.43,57.68,7322000,"(56.529, 58.414]","(56.817, 58.708]","(56.345, 58.222]","(56.726, 58.614]","(7108790.1, 7381156.05]"
2006-06-19,56.85,57.25,56.15,56.36,5737800,"(56.529, 58.414]","(56.817, 58.708]","(54.469, 56.345]","(54.838, 56.726]","(5474594.4, 5746960.35]"
2006-06-20,56.64,57.48,56.16,57.3,11072500,"(56.529, 58.414]","(56.817, 58.708]","(54.469, 56.345]","(56.726, 58.614]","(10921913.4, 11194279.35]"
2006-06-21,56.62,58.77,56.62,58.33,6163000,"(56.529, 58.414]","(58.708, 60.599]","(56.345, 58.222]","(56.726, 58.614]","(6019326.3, 6291692.25]"
2006-06-22,58.17,58.61,57.66,57.73,5375100,"(56.529, 58.414]","(56.817, 58.708]","(56.345, 58.222]","(56.726, 58.614]","(5202228.45, 5474594.4]"
2006-06-23,57.27,58.3,57.27,57.99,6106700,"(56.529, 58.414]","(56.817, 58.708]","(56.345, 58.222]","(56.726, 58.614]","(6019326.3, 6291692.25]"
2006-06-26,58.25,58.33,57.42,58.28,3423800,"(56.529, 58.414]","(56.817, 58.708]","(56.345, 58.222]","(56.726, 58.614]","(3295666.8, 3568032.75]"
2006-06-27,58.71,59.26,57.68,57.68,6516000,"(58.414, 60.299]","(58.708, 60.599]","(56.345, 58.222]","(56.726, 58.614]","(6291692.25, 6564058.2]"
2006-06-28,58.15,58.19,57.35,57.54,2901000,"(56.529, 58.414]","(56.817, 58.708]","(56.345, 58.222]","(56.726, 58.614]","(2750934.9, 3023300.85]"
2006-06-29,58.0,59.78,58.0,59.52,10752200,"(56.529, 58.414]","(58.708, 60.599]","(56.345, 58.222]","(58.614, 60.503]","(10649547.45, 10921913.4]"
2006-06-30,60.87,61.35,60.68,61.23,7773800,"(60.299, 62.184]","(60.599, 62.49]","(60.099, 61.976]","(60.503, 62.391]","(7653522.0, 7925887.95]"
2006-07-03,61.96,62.37,61.88,62.18,3078500,"(60.299, 62.184]","(60.599, 62.49]","(60.099, 61.976]","(60.503, 62.391]","(3023300.85, 3295666.8]"
2006-07-05,62.48,62.63,61.44,62.5,8178400,"(62.184, 64.069]","(62.49, 64.381]","(60.099, 61.976]","(62.391, 64.279]","(7925887.95, 8198253.9]"
2006-07-06,62.46,63.2,62.05,63.02,5686700,"(62.184, 64.069]","(62.49, 64.381]","(61.976, 63.853]","(62.391, 64.279]","(5474594.4, 5746960.35]"
2006-07-07,62.84,63.05,62.46,62.63,5329200,"(62.184, 64.069]","(62.49, 64.381]","(61.976, 63.853]","(62.391, 64.279]","(5202228.45, 5474594.4]"
2006-07-10,62.13,62.5,61.99,62.02,3513500,"(60.299, 62.184]","(62.49, 64.381]","(61.976, 63.853]","(60.503, 62.391]","(3295666.8, 3568032.75]"
2006-07-11,62.83,63.98,62.7,63.81,5787400,"(62.184, 64.069]","(62.49, 64.381]","(61.976, 63.853]","(62.391, 64.279]","(5746960.35, 6019326.3]"
2006-07-12,64.65,65.19,63.01,64.92,9454300,"(64.069, 65.954]","(64.381, 66.272]","(61.976, 63.853]","(64.279, 66.167]","(9287717.7, 9560083.65]"
2006-07-13,65.09,65.68,64.11,65.55,12231700,"(64.069, 65.954]","(64.381, 66.272]","(63.853, 65.73]","(64.279, 66.167]","(12011377.2, 12283743.15]"
2006-07-14,65.9,66.42,65.7,65.85,10035800,"(64.069, 65.954]","(66.272, 68.163]","(63.853, 65.73]","(64.279, 66.167]","(9832449.6, 10104815.55]"
2006-07-17,64.79,65.22,63.67,63.95,9906800,"(64.069, 65.954]","(64.381, 66.272]","(61.976, 63.853]","(62.391, 64.279]","(9832449.6, 10104815.55]"
2006-07-18,64.75,64.75,62.34,62.9,7639500,"(64.069, 65.954]","(64.381, 66.272]","(61.976, 63.853]","(62.391, 64.279]","(7381156.05, 7653522.0]"
2006-07-19,62.57,64.24,62.48,64.03,7261300,"(62.184, 64.069]","(62.49, 64.381]","(61.976, 63.853]","(62.391, 64.279]","(7108790.1, 7381156.05]"
2006-07-20,63.4,63.97,62.4,62.54,6402900,"(62.184, 64.069]","(62.49, 64.381]","(61.976, 63.853]","(62.391, 64.279]","(6291692.25, 6564058.2]"
2006-07-21,63.19,63.25,61.21,61.71,6949400,"(62.184, 64.069]","(62.49, 64.381]","(60.099, 61.976]","(60.503, 62.391]","(6836424.15, 7108790.1]"
2006-07-24,60.63,61.23,59.83,61.14,7282300,"(60.299, 62.184]","(60.599, 62.49]","(58.222, 60.099]","(60.503, 62.391]","(7108790.1, 7381156.05]"
2006-07-25,61.34,61.6,60.56,61.55,4739100,"(60.299, 62.184]","(60.599, 62.49]","(60.099, 61.976]","(60.503, 62.391]","(4657496.55, 4929862.5]"
2006-07-26,61.35,62.36,60.93,62.0,3376000,"(60.299, 62.184]","(60.599, 62.49]","(60.099, 61.976]","(60.503, 62.391]","(3295666.8, 3568032.75]"
2006-07-27,63.53,63.61,62.55,62.9,4698800,"(62.184, 64.069]","(62.49, 64.381]","(61.976, 63.853]","(62.391, 64.279]","(4657496.55, 4929862.5]"
2006-07-28,62.78,63.34,62.75,63.11,3156500,"(62.184, 64.069]","(62.49, 64.381]","(61.976, 63.853]","(62.391, 64.279]","(3023300.85, 3295666.8]"
2006-07-31,63.12,63.35,62.44,63.16,3420600,"(62.184, 64.069]","(62.49, 64.381]","(61.976, 63.853]","(62.391, 64.279]","(3295666.8, 3568032.75]"
2006-08-01,62.92,64.46,62.92,64.32,4671900,"(62.184, 64.069]","(64.381, 66.272]","(61.976, 63.853]","(64.279, 66.167]","(4657496.55, 4929862.5]"
2006-08-02,64.74,65.22,64.4,64.75,5052200,"(64.069, 65.954]","(64.381, 66.272]","(63.853, 65.73]","(64.279, 66.167]","(4929862.5, 5202228.45]"
2006-08-03,64.0,64.33,63.55,64.12,3840600,"(62.184, 64.069]","(62.49, 64.381]","(61.976, 63.853]","(62.391, 64.279]","(3840398.7, 4112764.65]"
2006-08-04,64.87,64.98,64.0,64.28,4811800,"(64.069, 65.954]","(64.381, 66.272]","(63.853, 65.73]","(64.279, 66.167]","(4657496.55, 4929862.5]"
2006-08-07,64.47,64.81,64.25,64.5,2493800,"(64.069, 65.954]","(64.381, 66.272]","(63.853, 65.73]","(64.279, 66.167]","(2478568.95, 2750934.9]"
2006-08-08,63.98,64.57,63.85,63.97,5575300,"(62.184, 64.069]","(64.381, 66.272]","(61.976, 63.853]","(62.391, 64.279]","(5474594.4, 5746960.35]"
2006-08-09,64.56,65.13,64.39,64.63,4370000,"(64.069, 65.954]","(64.381, 66.272]","(63.853, 65.73]","(64.279, 66.167]","(4112764.65, 4385130.6]"
2006-08-10,64.02,64.38,62.97,63.25,6871100,"(62.184, 64.069]","(62.49, 64.381]","(61.976, 63.853]","(62.391, 64.279]","(6836424.15, 7108790.1]"
2006-08-11,63.58,64.1,62.24,62.71,6963700,"(62.184, 64.069]","(62.49, 64.381]","(61.976, 63.853]","(62.391, 64.279]","(6836424.15, 7108790.1]"
2006-08-14,62.39,62.9,62.02,62.25,3529400,"(62.184, 64.069]","(62.49, 64.381]","(61.976, 63.853]","(60.503, 62.391]","(3295666.8, 3568032.75]"
2006-08-15,61.95,62.27,61.68,62.01,4833800,"(60.299, 62.184]","(60.599, 62.49]","(60.099, 61.976]","(60.503, 62.391]","(4657496.55, 4929862.5]"
2006-08-16,62.63,62.89,62.24,62.49,3333000,"(62.184, 64.069]","(62.49, 64.381]","(61.976, 63.853]","(62.391, 64.279]","(3295666.8, 3568032.75]"
2006-08-17,62.32,62.35,60.96,61.03,4216100,"(62.184, 64.069]","(60.599, 62.49]","(60.099, 61.976]","(60.503, 62.391]","(4112764.65, 4385130.6]"
2006-08-18,61.49,61.5,60.3,61.04,6421100,"(60.299, 62.184]","(60.599, 62.49]","(60.099, 61.976]","(60.503, 62.391]","(6291692.25, 6564058.2]"
2006-08-21,62.09,62.48,61.8,62.44,3597500,"(60.299, 62.184]","(60.599, 62.49]","(60.099, 61.976]","(62.391, 64.279]","(3568032.75, 3840398.7]"
2006-08-22,62.05,62.2,61.61,62.05,4067700,"(60.299, 62.184]","(60.599, 62.49]","(60.099, 61.976]","(60.503, 62.391]","(3840398.7, 4112764.65]"
2006-08-23,62.56,62.68,61.75,61.83,3573700,"(62.184, 64.069]","(62.49, 64.381]","(60.099, 61.976]","(60.503, 62.391]","(3568032.75, 3840398.7]"
2006-08-28,61.8,61.8,60.83,61.0,3585400,"(60.299, 62.184]","(60.599, 62.49]","(60.099, 61.976]","(60.503, 62.391]","(3568032.75, 3840398.7]"
2006-08-29,61.0,61.09,60.32,60.94,3609800,"(60.299, 62.184]","(60.599, 62.49]","(60.099, 61.976]","(60.503, 62.391]","(3568032.75, 3840398.7]"
2006-08-30,61.49,61.66,61.09,61.42,2900800,"(60.299, 62.184]","(60.599, 62.49]","(60.099, 61.976]","(60.503, 62.391]","(2750934.9, 3023300.85]"
2006-08-31,62.0,62.3,61.73,62.29,4842300,"(60.299, 62.184]","(60.599, 62.49]","(60.099, 61.976]","(60.503, 62.391]","(4657496.55, 4929862.5]"
2006-09-01,61.95,62.29,61.48,62.14,3210200,"(60.299, 62.184]","(60.599, 62.49]","(60.099, 61.976]","(60.503, 62.391]","(3023300.85, 3295666.8]"
2006-09-05,63.2,63.63,63.06,63.36,4219400,"(62.184, 64.069]","(62.49, 64.381]","(61.976, 63.853]","(62.391, 64.279]","(4112764.65, 4385130.6]"
2006-09-06,63.22,63.52,62.83,62.86,3211200,"(62.184, 64.069]","(62.49, 64.381]","(61.976, 63.853]","(62.391, 64.279]","(3023300.85, 3295666.8]"
2006-09-07,61.87,61.92,60.99,61.25,5402800,"(60.299, 62.184]","(60.599, 62.49]","(60.099, 61.976]","(60.503, 62.391]","(5202228.45, 5474594.4]"
2006-09-08,60.52,60.77,60.28,60.64,3694300,"(60.299, 62.184]","(60.599, 62.49]","(60.099, 61.976]","(60.503, 62.391]","(3568032.75, 3840398.7]"
2006-09-11,58.85,59.25,57.91,58.5,10582700,"(58.414, 60.299]","(58.708, 60.599]","(56.345, 58.222]","(56.726, 58.614]","(10377181.5, 10649547.45]"
2006-09-12,58.65,59.09,58.18,58.31,5836200,"(58.414, 60.299]","(58.708, 60.599]","(56.345, 58.222]","(56.726, 58.614]","(5746960.35, 6019326.3]"
2006-09-13,58.6,58.93,57.97,58.62,3539100,"(58.414, 60.299]","(58.708, 60.599]","(56.345, 58.222]","(58.614, 60.503]","(3295666.8, 3568032.75]"
2006-09-14,58.59,58.72,57.08,57.19,7641400,"(58.414, 60.299]","(58.708, 60.599]","(56.345, 58.222]","(56.726, 58.614]","(7381156.05, 7653522.0]"
2006-09-15,57.2,57.79,56.66,57.4,6455000,"(56.529, 58.414]","(56.817, 58.708]","(56.345, 58.222]","(56.726, 58.614]","(6291692.25, 6564058.2]"
2006-09-18,57.47,58.39,57.42,58.23,4439500,"(56.529, 58.414]","(56.817, 58.708]","(56.345, 58.222]","(56.726, 58.614]","(4385130.6, 4657496.55]"
2006-09-19,58.02,58.11,56.84,56.92,5287300,"(56.529, 58.414]","(56.817, 58.708]","(56.345, 58.222]","(56.726, 58.614]","(5202228.45, 5474594.4]"
2006-09-20,57.81,58.24,57.2,57.26,5385200,"(56.529, 58.414]","(56.817, 58.708]","(56.345, 58.222]","(56.726, 58.614]","(5202228.45, 5474594.4]"
2006-09-21,57.35,58.09,57.22,57.95,3870800,"(56.529, 58.414]","(56.817, 58.708]","(56.345, 58.222]","(56.726, 58.614]","(3840398.7, 4112764.65]"
2006-09-22,58.7,58.75,57.99,58.5,3320500,"(58.414, 60.299]","(58.708, 60.599]","(56.345, 58.222]","(56.726, 58.614]","(3295666.8, 3568032.75]"
2006-09-25,58.15,58.76,57.78,58.5,3797400,"(56.529, 58.414]","(58.708, 60.599]","(56.345, 58.222]","(56.726, 58.614]","(3568032.75, 3840398.7]"
2006-09-26,58.5,58.97,58.25,58.74,2763400,"(58.414, 60.299]","(58.708, 60.599]","(58.222, 60.099]","(58.614, 60.503]","(2750934.9, 3023300.85]"
2006-09-27,59.22,59.86,58.73,59.81,4657300,"(58.414, 60.299]","(58.708, 60.599]","(58.222, 60.099]","(58.614, 60.503]","(4385130.6, 4657496.55]"
2006-09-28,59.88,60.27,59.57,59.79,3931900,"(58.414, 60.299]","(58.708, 60.599]","(58.222, 60.099]","(58.614, 60.503]","(3840398.7, 4112764.65]"
2006-09-29,59.52,59.63,58.98,59.47,3201000,"(58.414, 60.299]","(58.708, 60.599]","(58.222, 60.099]","(58.614, 60.503]","(3023300.85, 3295666.8]"
2006-10-03,57.93,58.14,56.91,57.11,5233900,"(56.529, 58.414]","(56.817, 58.708]","(56.345, 58.222]","(56.726, 58.614]","(5202228.45, 5474594.4]"
2006-10-04,57.47,57.52,55.55,56.37,8155200,"(56.529, 58.414]","(56.817, 58.708]","(54.469, 56.345]","(54.838, 56.726]","(7925887.95, 8198253.9]"
2006-10-05,56.94,57.02,56.32,56.92,3891100,"(56.529, 58.414]","(56.817, 58.708]","(54.469, 56.345]","(56.726, 58.614]","(3840398.7, 4112764.65]"
2006-10-06,56.28,57.02,55.63,56.99,4282700,"(54.645, 56.529]","(56.817, 58.708]","(54.469, 56.345]","(56.726, 58.614]","(4112764.65, 4385130.6]"
2006-10-09,57.46,57.5,56.72,57.2,2690000,"(56.529, 58.414]","(56.817, 58.708]","(56.345, 58.222]","(56.726, 58.614]","(2478568.95, 2750934.9]"
2006-10-10,56.55,57.28,56.48,57.0,3422200,"(56.529, 58.414]","(56.817, 58.708]","(56.345, 58.222]","(56.726, 58.614]","(3295666.8, 3568032.75]"
2006-10-11,57.3,57.52,56.7,56.88,2944200,"(56.529, 58.414]","(56.817, 58.708]","(56.345, 58.222]","(56.726, 58.614]","(2750934.9, 3023300.85]"
2006-10-12,56.74,57.49,56.65,57.49,2777500,"(56.529, 58.414]","(56.817, 58.708]","(56.345, 58.222]","(56.726, 58.614]","(2750934.9, 3023300.85]"
2006-10-13,58.25,58.6,57.94,58.57,3078900,"(56.529, 58.414]","(56.817, 58.708]","(56.345, 58.222]","(56.726, 58.614]","(3023300.85, 3295666.8]"
2006-10-17,59.0,59.1,58.12,58.65,2657100,"(58.414, 60.299]","(58.708, 60.599]","(56.345, 58.222]","(58.614, 60.503]","(2478568.95, 2750934.9]"
2006-10-18,58.82,59.03,58.26,58.59,3679100,"(58.414, 60.299]","(58.708, 60.599]","(58.222, 60.099]","(56.726, 58.614]","(3568032.75, 3840398.7]"
2006-10-19,59.04,59.65,59.02,59.41,2954200,"(58.414, 60.299]","(58.708, 60.599]","(58.222, 60.099]","(58.614, 60.503]","(2750934.9, 3023300.85]"
2006-10-20,59.45,59.48,58.65,58.78,3190600,"(58.414, 60.299]","(58.708, 60.599]","(58.222, 60.099]","(58.614, 60.503]","(3023300.85, 3295666.8]"
2006-10-23,57.88,58.19,57.52,57.76,3521800,"(56.529, 58.414]","(56.817, 58.708]","(56.345, 58.222]","(56.726, 58.614]","(3295666.8, 3568032.75]"
2006-10-24,57.2,58.26,56.87,58.17,3558200,"(56.529, 58.414]","(56.817, 58.708]","(56.345, 58.222]","(56.726, 58.614]","(3295666.8, 3568032.75]"
2006-10-25,57.83,58.78,57.55,58.76,4384600,"(56.529, 58.414]","(58.708, 60.599]","(56.345, 58.222]","(58.614, 60.503]","(4112764.65, 4385130.6]"
2006-10-26,59.03,59.45,58.98,59.29,5241100,"(58.414, 60.299]","(58.708, 60.599]","(58.222, 60.099]","(58.614, 60.503]","(5202228.45, 5474594.4]"
2006-10-27,59.43,59.57,59.04,59.4,3081000,"(58.414, 60.299]","(58.708, 60.599]","(58.222, 60.099]","(58.614, 60.503]","(3023300.85, 3295666.8]"
2006-10-30,60.05,60.65,59.88,59.9,4675700,"(58.414, 60.299]","(60.599, 62.49]","(58.222, 60.099]","(58.614, 60.503]","(4657496.55, 4929862.5]"
2006-10-31,59.59,60.36,59.57,60.24,4604200,"(58.414, 60.299]","(58.708, 60.599]","(58.222, 60.099]","(58.614, 60.503]","(4385130.6, 4657496.55]"
2006-11-01,61.03,61.55,60.68,61.36,8172300,"(60.299, 62.184]","(60.599, 62.49]","(60.099, 61.976]","(60.503, 62.391]","(7925887.95, 8198253.9]"
2006-11-02,61.47,62.19,61.47,61.92,6680700,"(60.299, 62.184]","(60.599, 62.49]","(60.099, 61.976]","(60.503, 62.391]","(6564058.2, 6836424.15]"
2006-11-03,61.81,62.5,61.65,62.3,7359800,"(60.299, 62.184]","(62.49, 64.381]","(60.099, 61.976]","(60.503, 62.391]","(7108790.1, 7381156.05]"
2006-11-06,62.17,62.34,61.85,61.89,4079200,"(60.299, 62.184]","(60.599, 62.49]","(60.099, 61.976]","(60.503, 62.391]","(3840398.7, 4112764.65]"
2006-11-07,62.35,62.48,61.97,62.04,5332400,"(62.184, 64.069]","(60.599, 62.49]","(60.099, 61.976]","(60.503, 62.391]","(5202228.45, 5474594.4]"
2006-11-08,61.94,62.08,60.87,61.11,5319800,"(60.299, 62.184]","(60.599, 62.49]","(60.099, 61.976]","(60.503, 62.391]","(5202228.45, 5474594.4]"
2006-11-09,62.12,63.13,61.94,62.95,6635000,"(60.299, 62.184]","(62.49, 64.381]","(60.099, 61.976]","(62.391, 64.279]","(6564058.2, 6836424.15]"
2006-11-10,62.7,62.82,62.06,62.49,4438700,"(62.184, 64.069]","(62.49, 64.381]","(61.976, 63.853]","(62.391, 64.279]","(4385130.6, 4657496.55]"
2006-11-13,61.93,62.25,61.77,62.19,3408800,"(60.299, 62.184]","(60.599, 62.49]","(60.099, 61.976]","(60.503, 62.391]","(3295666.8, 3568032.75]"
2006-11-14,62.31,62.52,61.46,61.63,5706900,"(62.184, 64.069]","(62.49, 64.381]","(60.099, 61.976]","(60.503, 62.391]","(5474594.4, 5746960.35]"
2006-11-15,61.34,62.07,61.25,61.84,3760500,"(60.299, 62.184]","(60.599, 62.49]","(60.099, 61.976]","(60.503, 62.391]","(3568032.75, 3840398.7]"
2006-11-16,62.16,62.3,61.27,61.31,4348100,"(60.299, 62.184]","(60.599, 62.49]","(60.099, 61.976]","(60.503, 62.391]","(4112764.65, 4385130.6]"
2006-11-17,61.4,61.78,61.34,61.78,3391300,"(60.299, 62.184]","(60.599, 62.49]","(60.099, 61.976]","(60.503, 62.391]","(3295666.8, 3568032.75]"
2006-11-20,62.06,62.25,61.56,61.77,2947800,"(60.299, 62.184]","(60.599, 62.49]","(60.099, 61.976]","(60.503, 62.391]","(2750934.9, 3023300.85]"
2006-11-21,62.25,62.52,62.03,62.27,2934200,"(62.184, 64.069]","(62.49, 64.381]","(61.976, 63.853]","(60.503, 62.391]","(2750934.9, 3023300.85]"
2006-11-22,62.64,63.07,62.25,62.5,4863600,"(62.184, 64.069]","(62.49, 64.381]","(61.976, 63.853]","(62.391, 64.279]","(4657496.55, 4929862.5]"
2006-11-24,63.48,63.68,63.31,63.5,6886200,"(62.184, 64.069]","(62.49, 64.381]","(61.976, 63.853]","(62.391, 64.279]","(6836424.15, 7108790.1]"
2006-11-27,63.46,63.74,63.32,63.7,5249900,"(62.184, 64.069]","(62.49, 64.381]","(61.976, 63.853]","(62.391, 64.279]","(5202228.45, 5474594.4]"
2006-11-28,63.6,63.71,62.82,63.57,6059000,"(62.184, 64.069]","(62.49, 64.381]","(61.976, 63.853]","(62.391, 64.279]","(6019326.3, 6291692.25]"
2006-11-29,63.37,63.39,63.08,63.16,4006600,"(62.184, 64.069]","(62.49, 64.381]","(61.976, 63.853]","(62.391, 64.279]","(3840398.7, 4112764.65]"
2006-11-30,64.07,64.43,63.9,64.39,6367800,"(64.069, 65.954]","(64.381, 66.272]","(63.853, 65.73]","(64.279, 66.167]","(6291692.25, 6564058.2]"
2006-12-01,64.2,64.55,63.99,64.12,6364600,"(64.069, 65.954]","(64.381, 66.272]","(63.853, 65.73]","(62.391, 64.279]","(6291692.25, 6564058.2]"
2006-12-04,64.03,64.14,63.56,64.12,3469100,"(62.184, 64.069]","(62.49, 64.381]","(61.976, 63.853]","(62.391, 64.279]","(3295666.8, 3568032.75]"
2006-12-05,64.25,64.42,63.36,63.81,5256800,"(64.069, 65.954]","(64.381, 66.272]","(61.976, 63.853]","(62.391, 64.279]","(5202228.45, 5474594.4]"
2006-12-06,63.08,63.45,62.29,62.69,6386600,"(62.184, 64.069]","(62.49, 64.381]","(61.976, 63.853]","(62.391, 64.279]","(6291692.25, 6564058.2]"
2006-12-07,62.64,62.78,61.99,62.73,5389700,"(62.184, 64.069]","(62.49, 64.381]","(61.976, 63.853]","(62.391, 64.279]","(5202228.45, 5474594.4]"
2006-12-08,63.08,63.34,61.87,62.05,6081400,"(62.184, 64.069]","(62.49, 64.381]","(60.099, 61.976]","(60.503, 62.391]","(6019326.3, 6291692.25]"
2006-12-11,62.18,62.6,62.07,62.57,3163900,"(60.299, 62.184]","(62.49, 64.381]","(61.976, 63.853]","(62.391, 64.279]","(3023300.85, 3295666.8]"
2006-12-12,62.41,62.56,62.17,62.52,3019300,"(62.184, 64.069]","(62.49, 64.381]","(61.976, 63.853]","(62.391, 64.279]","(2750934.9, 3023300.85]"
2006-12-13,62.1,62.57,61.88,62.48,3595700,"(60.299, 62.184]","(62.49, 64.381]","(60.099, 61.976]","(62.391, 64.279]","(3568032.75, 3840398.7]"
2006-12-14,62.29,62.47,62.04,62.12,2237900,"(62.184, 64.069]","(60.599, 62.49]","(61.976, 63.853]","(60.503, 62.391]","(2184413.7229999998, 2478568.95]"
2006-12-15,62.21,62.22,60.93,61.0,7428200,"(62.184, 64.069]","(60.599, 62.49]","(60.099, 61.976]","(60.503, 62.391]","(7381156.05, 7653522.0]"
2006-12-18,60.85,61.11,60.65,61.04,3880800,"(60.299, 62.184]","(60.599, 62.49]","(60.099, 61.976]","(60.503, 62.391]","(3840398.7, 4112764.65]"
2006-12-19,61.2,61.83,61.18,61.8,4255400,"(60.299, 62.184]","(60.599, 62.49]","(60.099, 61.976]","(60.503, 62.391]","(4112764.65, 4385130.6]"
2006-12-20,61.64,61.8,61.45,61.62,2979300,"(60.299, 62.184]","(60.599, 62.49]","(60.099, 61.976]","(60.503, 62.391]","(2750934.9, 3023300.85]"
2006-12-21,61.58,61.7,61.27,61.38,2483300,"(60.299, 62.184]","(60.599, 62.49]","(60.099, 61.976]","(60.503, 62.391]","(2478568.95, 2750934.9]"
2006-12-27,62.3,62.46,62.17,62.22,3063500,"(62.184, 64.069]","(60.599, 62.49]","(61.976, 63.853]","(60.503, 62.391]","(3023300.85, 3295666.8]"
2006-12-28,62.97,63.05,62.69,62.9,2539800,"(62.184, 64.069]","(62.49, 64.381]","(61.976, 63.853]","(62.391, 64.279]","(2478568.95, 2750934.9]"
2007-01-03,63.58,64.02,62.0,62.28,8062500,"(62.184, 64.069]","(62.49, 64.381]","(61.976, 63.853]","(60.503, 62.391]","(7925887.95, 8198253.9]"
2007-01-04,62.07,62.5,61.52,61.65,4858600,"(60.299, 62.184]","(62.49, 64.381]","(60.099, 61.976]","(60.503, 62.391]","(4657496.55, 4929862.5]"
2007-01-05,60.75,60.78,59.66,60.17,12500400,"(60.299, 62.184]","(60.599, 62.49]","(58.222, 60.099]","(58.614, 60.503]","(12283743.15, 12556109.1]"
2007-01-08,60.38,60.54,59.85,60.48,3483900,"(60.299, 62.184]","(58.708, 60.599]","(58.222, 60.099]","(58.614, 60.503]","(3295666.8, 3568032.75]"
2007-01-09,60.14,61.09,60.06,60.85,4171700,"(58.414, 60.299]","(60.599, 62.49]","(58.222, 60.099]","(60.503, 62.391]","(4112764.65, 4385130.6]"
2007-01-10,60.46,60.82,60.06,60.59,3766000,"(60.299, 62.184]","(60.599, 62.49]","(58.222, 60.099]","(60.503, 62.391]","(3568032.75, 3840398.7]"
2007-01-11,60.7,61.07,60.53,60.63,4640100,"(60.299, 62.184]","(60.599, 62.49]","(60.099, 61.976]","(60.503, 62.391]","(4385130.6, 4657496.55]"
2007-01-12,61.0,62.28,60.9,62.17,5840200,"(60.299, 62.184]","(60.599, 62.49]","(60.099, 61.976]","(60.503, 62.391]","(5746960.35, 6019326.3]"
2007-01-16,62.2,62.3,61.74,61.97,3201000,"(62.184, 64.069]","(60.599, 62.49]","(60.099, 61.976]","(60.503, 62.391]","(3023300.85, 3295666.8]"
2007-01-17,61.97,62.9,61.97,62.64,4516300,"(60.299, 62.184]","(62.49, 64.381]","(60.099, 61.976]","(62.391, 64.279]","(4385130.6, 4657496.55]"
2007-01-18,62.99,63.16,62.15,62.26,4462100,"(62.184, 64.069]","(62.49, 64.381]","(61.976, 63.853]","(60.503, 62.391]","(4385130.6, 4657496.55]"
2007-01-19,62.52,63.13,62.27,63.0,3258400,"(62.184, 64.069]","(62.49, 64.381]","(61.976, 63.853]","(62.391, 64.279]","(3023300.85, 3295666.8]"
2007-01-22,63.01,63.48,62.65,62.72,3941400,"(62.184, 64.069]","(62.49, 64.381]","(61.976, 63.853]","(62.391, 64.279]","(3840398.7, 4112764.65]"
2007-01-23,63.68,64.29,63.67,64.23,6322100,"(62.184, 64.069]","(62.49, 64.381]","(61.976, 63.853]","(62.391, 64.279]","(6291692.25, 6564058.2]"
2007-01-24,63.71,64.41,63.37,64.33,5242100,"(62.184, 64.069]","(64.381, 66.272]","(61.976, 63.853]","(64.279, 66.167]","(5202228.45, 5474594.4]"
2007-01-25,64.8,64.88,63.98,64.06,5986300,"(64.069, 65.954]","(64.381, 66.272]","(63.853, 65.73]","(62.391, 64.279]","(5746960.35, 6019326.3]"
2007-01-26,64.16,64.31,63.76,64.1,3494600,"(64.069, 65.954]","(62.49, 64.381]","(61.976, 63.853]","(62.391, 64.279]","(3295666.8, 3568032.75]"
2007-01-29,63.85,64.29,63.66,63.77,3487300,"(62.184, 64.069]","(62.49, 64.381]","(61.976, 63.853]","(62.391, 64.279]","(3295666.8, 3568032.75]"
2007-01-30,63.92,64.23,63.83,64.22,3094200,"(62.184, 64.069]","(62.49, 64.381]","(61.976, 63.853]","(62.391, 64.279]","(3023300.85, 3295666.8]"
2007-01-31,63.99,64.98,63.95,64.83,5901900,"(62.184, 64.069]","(64.381, 66.272]","(63.853, 65.73]","(64.279, 66.167]","(5746960.35, 6019326.3]"
2007-02-01,65.45,65.63,65.06,65.22,6285300,"(64.069, 65.954]","(64.381, 66.272]","(63.853, 65.73]","(64.279, 66.167]","(6019326.3, 6291692.25]"
2007-02-02,64.76,64.8,63.8,64.28,9079400,"(64.069, 65.954]","(64.381, 66.272]","(61.976, 63.853]","(64.279, 66.167]","(9015351.75, 9287717.7]"
2007-02-05,64.68,64.69,64.24,64.31,2554200,"(64.069, 65.954]","(64.381, 66.272]","(63.853, 65.73]","(64.279, 66.167]","(2478568.95, 2750934.9]"
2007-02-06,65.05,65.1,64.53,64.79,2928900,"(64.069, 65.954]","(64.381, 66.272]","(63.853, 65.73]","(64.279, 66.167]","(2750934.9, 3023300.85]"
2007-02-07,64.78,65.15,64.48,64.63,3075600,"(64.069, 65.954]","(64.381, 66.272]","(63.853, 65.73]","(64.279, 66.167]","(3023300.85, 3295666.8]"
2007-02-08,64.92,65.61,64.83,65.52,4769900,"(64.069, 65.954]","(64.381, 66.272]","(63.853, 65.73]","(64.279, 66.167]","(4657496.55, 4929862.5]"
2007-02-09,65.27,66.38,65.22,66.12,6817000,"(64.069, 65.954]","(66.272, 68.163]","(63.853, 65.73]","(64.279, 66.167]","(6564058.2, 6836424.15]"
2007-02-12,66.0,66.11,65.41,65.67,4113682,"(65.954, 67.839]","(64.381, 66.272]","(63.853, 65.73]","(64.279, 66.167]","(4112764.65, 4385130.6]"
2007-02-13,66.13,66.34,65.55,65.84,4143305,"(65.954, 67.839]","(66.272, 68.163]","(63.853, 65.73]","(64.279, 66.167]","(4112764.65, 4385130.6]"
2007-02-14,66.23,66.66,65.97,66.37,4176806,"(65.954, 67.839]","(66.272, 68.163]","(65.73, 67.607]","(66.167, 68.056]","(4112764.65, 4385130.6]"
2007-02-15,66.22,66.53,65.71,66.41,7673400,"(65.954, 67.839]","(66.272, 68.163]","(63.853, 65.73]","(66.167, 68.056]","(7653522.0, 7925887.95]"
2007-02-16,65.94,66.39,65.76,66.36,3200600,"(64.069, 65.954]","(66.272, 68.163]","(65.73, 67.607]","(66.167, 68.056]","(3023300.85, 3295666.8]"
2007-02-20,66.1,66.1,65.0,65.31,4813200,"(65.954, 67.839]","(64.381, 66.272]","(63.853, 65.73]","(64.279, 66.167]","(4657496.55, 4929862.5]"
2007-02-21,65.31,67.71,65.2,67.28,11077200,"(64.069, 65.954]","(66.272, 68.163]","(63.853, 65.73]","(66.167, 68.056]","(10921913.4, 11194279.35]"
2007-02-22,67.44,67.56,66.97,67.15,6566800,"(65.954, 67.839]","(66.272, 68.163]","(65.73, 67.607]","(66.167, 68.056]","(6564058.2, 6836424.15]"
2007-02-23,67.35,68.29,67.35,67.72,8126200,"(65.954, 67.839]","(68.163, 70.054]","(65.73, 67.607]","(66.167, 68.056]","(7925887.95, 8198253.9]"
2007-02-26,67.97,68.23,67.63,68.1,5254900,"(67.839, 69.724]","(68.163, 70.054]","(67.607, 69.484]","(68.056, 69.944]","(5202228.45, 5474594.4]"
2007-02-27,67.34,68.33,65.07,65.41,15220800,"(65.954, 67.839]","(68.163, 70.054]","(63.853, 65.73]","(64.279, 66.167]","(15007402.65, 15279768.6]"
2007-02-28,66.73,66.93,65.54,66.48,8927000,"(65.954, 67.839]","(66.272, 68.163]","(63.853, 65.73]","(66.167, 68.056]","(8742985.8, 9015351.75]"
2007-03-01,66.23,66.75,65.58,65.82,7112523,"(65.954, 67.839]","(66.272, 68.163]","(63.853, 65.73]","(64.279, 66.167]","(7108790.1, 7381156.05]"
2007-03-02,64.59,65.0,63.34,63.71,13733200,"(64.069, 65.954]","(64.381, 66.272]","(61.976, 63.853]","(62.391, 64.279]","(13645572.9, 13917938.85]"
2007-03-05,63.12,63.78,62.62,62.93,9841600,"(62.184, 64.069]","(62.49, 64.381]","(61.976, 63.853]","(62.391, 64.279]","(9832449.6, 10104815.55]"
2007-03-06,63.66,64.37,63.46,64.15,6993300,"(62.184, 64.069]","(62.49, 64.381]","(61.976, 63.853]","(62.391, 64.279]","(6836424.15, 7108790.1]"
2007-03-07,64.14,64.64,63.55,64.3,6132100,"(64.069, 65.954]","(64.381, 66.272]","(61.976, 63.853]","(64.279, 66.167]","(6019326.3, 6291692.25]"
2007-03-08,64.79,65.04,64.43,64.48,4285300,"(64.069, 65.954]","(64.381, 66.272]","(63.853, 65.73]","(64.279, 66.167]","(4112764.65, 4385130.6]"
2007-03-09,64.82,65.22,64.15,64.25,9025600,"(64.069, 65.954]","(64.381, 66.272]","(63.853, 65.73]","(62.391, 64.279]","(9015351.75, 9287717.7]"
2007-03-12,64.54,64.74,63.96,64.37,4558800,"(64.069, 65.954]","(64.381, 66.272]","(63.853, 65.73]","(64.279, 66.167]","(4385130.6, 4657496.55]"
2007-03-13,64.29,64.69,63.57,63.72,4332100,"(64.069, 65.954]","(64.381, 66.272]","(61.976, 63.853]","(62.391, 64.279]","(4112764.65, 4385130.6]"
2007-03-14,63.34,64.06,63.09,63.94,7418600,"(62.184, 64.069]","(62.49, 64.381]","(61.976, 63.853]","(62.391, 64.279]","(7381156.05, 7653522.0]"
2007-03-15,64.03,64.46,63.88,63.98,7038000,"(62.184, 64.069]","(64.381, 66.272]","(63.853, 65.73]","(62.391, 64.279]","(6836424.15, 7108790.1]"
2007-03-16,64.54,64.99,64.38,64.62,5042000,"(64.069, 65.954]","(64.381, 66.272]","(63.853, 65.73]","(64.279, 66.167]","(4929862.5, 5202228.45]"
2007-03-19,64.88,64.94,64.63,64.74,2991300,"(64.069, 65.954]","(64.381, 66.272]","(63.853, 65.73]","(64.279, 66.167]","(2750934.9, 3023300.85]"
2007-03-20,64.93,65.54,64.93,65.27,4416900,"(64.069, 65.954]","(64.381, 66.272]","(63.853, 65.73]","(64.279, 66.167]","(4385130.6, 4657496.55]"
2007-03-21,65.54,65.9,65.12,65.82,5060500,"(64.069, 65.954]","(64.381, 66.272]","(63.853, 65.73]","(64.279, 66.167]","(4929862.5, 5202228.45]"
2007-03-22,65.78,66.13,65.6,65.76,4720000,"(64.069, 65.954]","(64.381, 66.272]","(63.853, 65.73]","(64.279, 66.167]","(4657496.55, 4929862.5]"
2007-03-23,65.79,65.9,64.9,65.15,5594500,"(64.069, 65.954]","(64.381, 66.272]","(63.853, 65.73]","(64.279, 66.167]","(5474594.4, 5746960.35]"
2007-03-26,65.36,65.97,65.36,65.84,3928800,"(64.069, 65.954]","(64.381, 66.272]","(63.853, 65.73]","(64.279, 66.167]","(3840398.7, 4112764.65]"
2007-03-27,65.88,65.97,65.5,65.7,3266200,"(64.069, 65.954]","(64.381, 66.272]","(63.853, 65.73]","(64.279, 66.167]","(3023300.85, 3295666.8]"
2007-03-28,66.14,66.48,65.77,66.05,6310000,"(65.954, 67.839]","(66.272, 68.163]","(65.73, 67.607]","(64.279, 66.167]","(6291692.25, 6564058.2]"
2007-03-29,65.97,66.0,64.93,65.65,5448400,"(65.954, 67.839]","(64.381, 66.272]","(63.853, 65.73]","(64.279, 66.167]","(5202228.45, 5474594.4]"
2007-03-30,65.74,66.21,65.49,65.74,4290200,"(64.069, 65.954]","(64.381, 66.272]","(63.853, 65.73]","(64.279, 66.167]","(4112764.65, 4385130.6]"
2007-04-02,65.74,66.14,65.03,65.85,5378600,"(64.069, 65.954]","(64.381, 66.272]","(63.853, 65.73]","(64.279, 66.167]","(5202228.45, 5474594.4]"
2007-04-03,65.67,66.22,65.65,65.83,4141700,"(64.069, 65.954]","(64.381, 66.272]","(63.853, 65.73]","(64.279, 66.167]","(4112764.65, 4385130.6]"
2007-04-04,66.09,66.98,66.0,66.81,7127200,"(65.954, 67.839]","(66.272, 68.163]","(65.73, 67.607]","(66.167, 68.056]","(7108790.1, 7381156.05]"
2007-04-05,66.7,66.96,66.59,66.86,3593800,"(65.954, 67.839]","(66.272, 68.163]","(65.73, 67.607]","(66.167, 68.056]","(3568032.75, 3840398.7]"
2007-04-09,66.88,67.2,66.46,66.53,3297400,"(65.954, 67.839]","(66.272, 68.163]","(65.73, 67.607]","(66.167, 68.056]","(3295666.8, 3568032.75]"
2007-04-10,67.16,67.55,66.98,67.16,2742100,"(65.954, 67.839]","(66.272, 68.163]","(65.73, 67.607]","(66.167, 68.056]","(2478568.95, 2750934.9]"
2007-04-11,67.26,67.5,66.81,67.08,4357500,"(65.954, 67.839]","(66.272, 68.163]","(65.73, 67.607]","(66.167, 68.056]","(4112764.65, 4385130.6]"
2007-04-12,67.06,67.25,66.48,66.99,6022300,"(65.954, 67.839]","(66.272, 68.163]","(65.73, 67.607]","(66.167, 68.056]","(6019326.3, 6291692.25]"
2007-04-13,67.49,67.97,67.19,67.84,5063000,"(65.954, 67.839]","(66.272, 68.163]","(65.73, 67.607]","(66.167, 68.056]","(4929862.5, 5202228.45]"
2007-04-16,68.14,68.5,67.68,68.4,7913200,"(67.839, 69.724]","(68.163, 70.054]","(67.607, 69.484]","(68.056, 69.944]","(7653522.0, 7925887.95]"
2007-04-17,68.31,68.48,67.98,68.0,4159200,"(67.839, 69.724]","(68.163, 70.054]","(67.607, 69.484]","(66.167, 68.056]","(4112764.65, 4385130.6]"
2007-04-18,68.1,68.45,67.95,68.38,4933500,"(67.839, 69.724]","(68.163, 70.054]","(67.607, 69.484]","(68.056, 69.944]","(4929862.5, 5202228.45]"
2007-04-19,68.38,68.38,67.25,67.53,5345300,"(67.839, 69.724]","(68.163, 70.054]","(65.73, 67.607]","(66.167, 68.056]","(5202228.45, 5474594.4]"
2007-04-20,68.58,68.73,68.35,68.7,3358100,"(67.839, 69.724]","(68.163, 70.054]","(67.607, 69.484]","(68.056, 69.944]","(3295666.8, 3568032.75]"
2007-04-23,68.41,68.65,68.04,68.26,2487600,"(67.839, 69.724]","(68.163, 70.054]","(67.607, 69.484]","(68.056, 69.944]","(2478568.95, 2750934.9]"
2007-04-24,68.26,68.5,67.43,67.73,5073700,"(67.839, 69.724]","(68.163, 70.054]","(65.73, 67.607]","(66.167, 68.056]","(4929862.5, 5202228.45]"
2007-04-25,67.85,68.06,67.66,67.89,2614500,"(67.839, 69.724]","(66.272, 68.163]","(67.607, 69.484]","(66.167, 68.056]","(2478568.95, 2750934.9]"
2007-04-26,67.43,67.43,66.5,66.87,4668300,"(65.954, 67.839]","(66.272, 68.163]","(65.73, 67.607]","(66.167, 68.056]","(4657496.55, 4929862.5]"
2007-04-27,66.84,67.57,66.84,67.56,5232700,"(65.954, 67.839]","(66.272, 68.163]","(65.73, 67.607]","(66.167, 68.056]","(5202228.45, 5474594.4]"
2007-04-30,67.2,67.52,67.04,67.09,2607000,"(65.954, 67.839]","(66.272, 68.163]","(65.73, 67.607]","(66.167, 68.056]","(2478568.95, 2750934.9]"
2007-05-01,66.98,67.0,66.54,66.69,3946200,"(65.954, 67.839]","(66.272, 68.163]","(65.73, 67.607]","(66.167, 68.056]","(3840398.7, 4112764.65]"
2007-05-02,66.34,66.75,66.11,66.66,4499300,"(65.954, 67.839]","(66.272, 68.163]","(65.73, 67.607]","(66.167, 68.056]","(4385130.6, 4657496.55]"
2007-05-03,66.87,67.62,66.68,67.49,4054700,"(65.954, 67.839]","(66.272, 68.163]","(65.73, 67.607]","(66.167, 68.056]","(3840398.7, 4112764.65]"
2007-05-04,67.74,68.43,67.74,68.19,3313900,"(65.954, 67.839]","(68.163, 70.054]","(67.607, 69.484]","(68.056, 69.944]","(3295666.8, 3568032.75]"
2007-05-08,67.95,68.02,67.53,67.88,2475300,"(67.839, 69.724]","(66.272, 68.163]","(65.73, 67.607]","(66.167, 68.056]","(2184413.7229999998, 2478568.95]"
2007-05-09,67.81,67.84,66.92,67.45,4647500,"(65.954, 67.839]","(66.272, 68.163]","(65.73, 67.607]","(66.167, 68.056]","(4385130.6, 4657496.55]"
2007-05-10,67.04,67.11,65.8,66.0,5536800,"(65.954, 67.839]","(66.272, 68.163]","(65.73, 67.607]","(64.279, 66.167]","(5474594.4, 5746960.35]"
2007-05-11,66.13,66.66,66.13,66.45,2937500,"(65.954, 67.839]","(66.272, 68.163]","(65.73, 67.607]","(66.167, 68.056]","(2750934.9, 3023300.85]"
2007-05-14,66.63,66.65,66.0,66.28,3597700,"(65.954, 67.839]","(66.272, 68.163]","(65.73, 67.607]","(66.167, 68.056]","(3568032.75, 3840398.7]"
2007-05-15,65.89,66.73,65.88,66.54,2567200,"(64.069, 65.954]","(66.272, 68.163]","(65.73, 67.607]","(66.167, 68.056]","(2478568.95, 2750934.9]"
2007-05-16,66.37,66.37,65.32,65.6,7268600,"(65.954, 67.839]","(66.272, 68.163]","(63.853, 65.73]","(64.279, 66.167]","(7108790.1, 7381156.05]"
2007-05-17,65.44,65.6,64.72,65.06,8707800,"(64.069, 65.954]","(64.381, 66.272]","(63.853, 65.73]","(64.279, 66.167]","(8470619.85, 8742985.8]"
2007-05-18,65.07,65.67,64.85,65.52,3158500,"(64.069, 65.954]","(64.381, 66.272]","(63.853, 65.73]","(64.279, 66.167]","(3023300.85, 3295666.8]"
2007-05-21,65.29,65.76,65.06,65.67,10955000,"(64.069, 65.954]","(64.381, 66.272]","(63.853, 65.73]","(64.279, 66.167]","(10921913.4, 11194279.35]"
2007-05-22,65.7,65.82,65.16,65.22,5886800,"(64.069, 65.954]","(64.381, 66.272]","(63.853, 65.73]","(64.279, 66.167]","(5746960.35, 6019326.3]"
2007-05-23,65.52,65.89,65.45,65.54,6442200,"(64.069, 65.954]","(64.381, 66.272]","(63.853, 65.73]","(64.279, 66.167]","(6291692.25, 6564058.2]"
2007-05-24,65.46,65.46,64.52,64.75,6228300,"(64.069, 65.954]","(64.381, 66.272]","(63.853, 65.73]","(64.279, 66.167]","(6019326.3, 6291692.25]"
2007-05-25,64.96,65.08,64.73,64.94,4230400,"(64.069, 65.954]","(64.381, 66.272]","(63.853, 65.73]","(64.279, 66.167]","(4112764.65, 4385130.6]"
2007-05-29,65.12,65.57,64.94,65.07,3343100,"(64.069, 65.954]","(64.381, 66.272]","(63.853, 65.73]","(64.279, 66.167]","(3295666.8, 3568032.75]"
2007-05-30,64.86,64.86,64.6,64.72,2745000,"(64.069, 65.954]","(64.381, 66.272]","(63.853, 65.73]","(64.279, 66.167]","(2478568.95, 2750934.9]"
2007-05-31,65.16,65.58,65.07,65.54,7532400,"(64.069, 65.954]","(64.381, 66.272]","(63.853, 65.73]","(64.279, 66.167]","(7381156.05, 7653522.0]"
2007-06-01,65.7,66.54,65.7,66.44,5634900,"(64.069, 65.954]","(66.272, 68.163]","(63.853, 65.73]","(66.167, 68.056]","(5474594.4, 5746960.35]"
2007-06-04,66.61,66.76,66.3,66.54,2626500,"(65.954, 67.839]","(66.272, 68.163]","(65.73, 67.607]","(66.167, 68.056]","(2478568.95, 2750934.9]"
2007-06-05,66.7,66.7,66.23,66.37,3730000,"(65.954, 67.839]","(66.272, 68.163]","(65.73, 67.607]","(66.167, 68.056]","(3568032.75, 3840398.7]"
2007-06-06,66.11,66.55,65.88,66.41,3596600,"(65.954, 67.839]","(66.272, 68.163]","(65.73, 67.607]","(66.167, 68.056]","(3568032.75, 3840398.7]"
2007-06-07,66.27,66.4,65.16,65.26,6394300,"(65.954, 67.839]","(66.272, 68.163]","(63.853, 65.73]","(64.279, 66.167]","(6291692.25, 6564058.2]"
2007-06-08,64.88,65.02,63.74,64.22,7314100,"(64.069, 65.954]","(64.381, 66.272]","(61.976, 63.853]","(62.391, 64.279]","(7108790.1, 7381156.05]"
2007-06-11,64.34,64.87,64.34,64.7,4607600,"(64.069, 65.954]","(64.381, 66.272]","(63.853, 65.73]","(64.279, 66.167]","(4385130.6, 4657496.55]"
2007-06-12,64.52,64.53,63.91,64.1,4073200,"(64.069, 65.954]","(64.381, 66.272]","(63.853, 65.73]","(62.391, 64.279]","(3840398.7, 4112764.65]"
2007-06-13,63.95,64.65,63.9,64.53,2803400,"(62.184, 64.069]","(64.381, 66.272]","(63.853, 65.73]","(64.279, 66.167]","(2750934.9, 3023300.85]"
2007-06-14,64.16,64.8,63.95,64.6,2765500,"(64.069, 65.954]","(64.381, 66.272]","(63.853, 65.73]","(64.279, 66.167]","(2750934.9, 3023300.85]"
2007-06-15,64.43,64.94,64.4,64.85,3032900,"(64.069, 65.954]","(64.381, 66.272]","(63.853, 65.73]","(64.279, 66.167]","(3023300.85, 3295666.8]"
2007-06-19,64.79,65.56,64.75,65.48,2700900,"(64.069, 65.954]","(64.381, 66.272]","(63.853, 65.73]","(64.279, 66.167]","(2478568.95, 2750934.9]"
2007-06-20,65.42,65.51,64.6,64.71,2592100,"(64.069, 65.954]","(64.381, 66.272]","(63.853, 65.73]","(64.279, 66.167]","(2478568.95, 2750934.9]"
2007-06-21,64.73,65.02,64.13,64.56,2709300,"(64.069, 65.954]","(64.381, 66.272]","(63.853, 65.73]","(64.279, 66.167]","(2478568.95, 2750934.9]"
2007-06-25,64.48,64.74,64.22,64.43,3424900,"(64.069, 65.954]","(64.381, 66.272]","(63.853, 65.73]","(64.279, 66.167]","(3295666.8, 3568032.75]"
2007-06-26,64.2,64.25,63.39,63.62,8277000,"(64.069, 65.954]","(62.49, 64.381]","(61.976, 63.853]","(62.391, 64.279]","(8198253.9, 8470619.85]"
2007-06-27,63.54,63.89,63.43,63.67,4692700,"(62.184, 64.069]","(62.49, 64.381]","(61.976, 63.853]","(62.391, 64.279]","(4657496.55, 4929862.5]"
2007-06-28,63.98,64.38,63.91,64.26,4231700,"(62.184, 64.069]","(62.49, 64.381]","(63.853, 65.73]","(62.391, 64.279]","(4112764.65, 4385130.6]"
2007-06-29,64.29,64.64,64.15,64.27,2756800,"(64.069, 65.954]","(64.381, 66.272]","(63.853, 65.73]","(62.391, 64.279]","(2750934.9, 3023300.85]"
2007-07-02,64.51,65.23,64.51,65.02,2707000,"(64.069, 65.954]","(64.381, 66.272]","(63.853, 65.73]","(64.279, 66.167]","(2478568.95, 2750934.9]"
2007-07-05,64.99,65.0,63.92,64.42,4333300,"(64.069, 65.954]","(64.381, 66.272]","(63.853, 65.73]","(64.279, 66.167]","(4112764.65, 4385130.6]"
2007-07-06,64.18,64.97,63.88,64.96,8080700,"(64.069, 65.954]","(64.381, 66.272]","(63.853, 65.73]","(64.279, 66.167]","(7925887.95, 8198253.9]"
2007-07-09,65.0,65.68,64.99,65.38,5281000,"(64.069, 65.954]","(64.381, 66.272]","(63.853, 65.73]","(64.279, 66.167]","(5202228.45, 5474594.4]"
2007-07-10,65.7,65.86,65.36,65.61,4016200,"(64.069, 65.954]","(64.381, 66.272]","(63.853, 65.73]","(64.279, 66.167]","(3840398.7, 4112764.65]"
2007-07-11,65.82,65.82,65.34,65.44,3647400,"(64.069, 65.954]","(64.381, 66.272]","(63.853, 65.73]","(64.279, 66.167]","(3568032.75, 3840398.7]"
2007-07-12,65.89,66.29,65.45,66.02,5870800,"(64.069, 65.954]","(66.272, 68.163]","(63.853, 65.73]","(64.279, 66.167]","(5746960.35, 6019326.3]"
2007-07-13,66.08,66.23,65.67,66.03,3817800,"(65.954, 67.839]","(64.381, 66.272]","(63.853, 65.73]","(64.279, 66.167]","(3568032.75, 3840398.7]"
2007-07-16,66.19,66.19,65.67,65.82,4579700,"(65.954, 67.839]","(64.381, 66.272]","(63.853, 65.73]","(64.279, 66.167]","(4385130.6, 4657496.55]"
2007-07-18,66.11,66.8,65.9,66.62,5239300,"(65.954, 67.839]","(66.272, 68.163]","(65.73, 67.607]","(66.167, 68.056]","(5202228.45, 5474594.4]"
2007-07-19,66.7,67.12,66.61,67.01,4611800,"(65.954, 67.839]","(66.272, 68.163]","(65.73, 67.607]","(66.167, 68.056]","(4385130.6, 4657496.55]"
2007-07-20,67.13,68.0,67.12,67.58,5409200,"(65.954, 67.839]","(66.272, 68.163]","(65.73, 67.607]","(66.167, 68.056]","(5202228.45, 5474594.4]"
2007-07-23,67.8,67.8,67.31,67.47,3893500,"(65.954, 67.839]","(66.272, 68.163]","(65.73, 67.607]","(66.167, 68.056]","(3840398.7, 4112764.65]"
2007-07-24,67.72,68.0,67.3,67.47,3763000,"(65.954, 67.839]","(66.272, 68.163]","(65.73, 67.607]","(66.167, 68.056]","(3568032.75, 3840398.7]"
2007-07-25,67.19,67.22,66.35,66.9,7530600,"(65.954, 67.839]","(66.272, 68.163]","(65.73, 67.607]","(66.167, 68.056]","(7381156.05, 7653522.0]"
2007-07-26,66.46,66.8,64.73,65.65,10704100,"(65.954, 67.839]","(66.272, 68.163]","(63.853, 65.73]","(64.279, 66.167]","(10649547.45, 10921913.4]"
2007-07-27,65.28,65.61,64.97,65.41,5347600,"(64.069, 65.954]","(64.381, 66.272]","(63.853, 65.73]","(64.279, 66.167]","(5202228.45, 5474594.4]"
2007-07-30,65.37,65.92,65.07,65.77,3047300,"(64.069, 65.954]","(64.381, 66.272]","(63.853, 65.73]","(64.279, 66.167]","(3023300.85, 3295666.8]"
2007-07-31,66.18,66.39,65.12,65.79,4006500,"(65.954, 67.839]","(66.272, 68.163]","(63.853, 65.73]","(64.279, 66.167]","(3840398.7, 4112764.65]"
2007-08-01,65.5,66.06,65.38,65.93,6364400,"(64.069, 65.954]","(64.381, 66.272]","(63.853, 65.73]","(64.279, 66.167]","(6291692.25, 6564058.2]"
2007-08-02,65.96,66.01,65.55,65.89,5331900,"(65.954, 67.839]","(64.381, 66.272]","(63.853, 65.73]","(64.279, 66.167]","(5202228.45, 5474594.4]"
2007-08-03,65.85,66.92,65.85,66.69,10736300,"(64.069, 65.954]","(66.272, 68.163]","(65.73, 67.607]","(66.167, 68.056]","(10649547.45, 10921913.4]"
2007-08-06,66.66,66.67,66.21,66.52,2973200,"(65.954, 67.839]","(66.272, 68.163]","(65.73, 67.607]","(66.167, 68.056]","(2750934.9, 3023300.85]"
2007-08-07,66.09,66.58,65.91,66.48,4147300,"(65.954, 67.839]","(66.272, 68.163]","(65.73, 67.607]","(66.167, 68.056]","(4112764.65, 4385130.6]"
2007-08-08,66.73,67.54,66.18,66.77,4252500,"(65.954, 67.839]","(66.272, 68.163]","(65.73, 67.607]","(66.167, 68.056]","(4112764.65, 4385130.6]"
2007-08-09,65.95,65.95,65.24,65.46,9411800,"(64.069, 65.954]","(64.381, 66.272]","(63.853, 65.73]","(64.279, 66.167]","(9287717.7, 9560083.65]"
2007-08-10,65.44,66.96,65.44,66.57,8832200,"(64.069, 65.954]","(66.272, 68.163]","(63.853, 65.73]","(66.167, 68.056]","(8742985.8, 9015351.75]"
2007-08-13,66.45,66.52,66.18,66.26,3644000,"(65.954, 67.839]","(66.272, 68.163]","(65.73, 67.607]","(66.167, 68.056]","(3568032.75, 3840398.7]"
2007-08-14,66.25,66.5,65.95,66.29,4749700,"(65.954, 67.839]","(66.272, 68.163]","(65.73, 67.607]","(66.167, 68.056]","(4657496.55, 4929862.5]"
2007-08-15,65.78,66.43,65.57,66.13,5887500,"(64.069, 65.954]","(66.272, 68.163]","(63.853, 65.73]","(64.279, 66.167]","(5746960.35, 6019326.3]"
2007-08-16,65.49,65.81,63.47,64.68,18368800,"(64.069, 65.954]","(64.381, 66.272]","(61.976, 63.853]","(64.279, 66.167]","(18275794.05, 18548160.0]"
2007-08-17,64.56,65.73,64.56,65.01,6375200,"(64.069, 65.954]","(64.381, 66.272]","(63.853, 65.73]","(64.279, 66.167]","(6291692.25, 6564058.2]"
2007-08-20,65.06,65.4,64.78,65.12,4475200,"(64.069, 65.954]","(64.381, 66.272]","(63.853, 65.73]","(64.279, 66.167]","(4385130.6, 4657496.55]"
2007-08-21,65.18,65.3,64.73,65.07,4478600,"(64.069, 65.954]","(64.381, 66.272]","(63.853, 65.73]","(64.279, 66.167]","(4385130.6, 4657496.55]"
2007-08-22,65.22,65.53,65.17,65.4,4251200,"(64.069, 65.954]","(64.381, 66.272]","(63.853, 65.73]","(64.279, 66.167]","(4112764.65, 4385130.6]"
2007-08-23,65.64,65.8,65.13,65.31,3027400,"(64.069, 65.954]","(64.381, 66.272]","(63.853, 65.73]","(64.279, 66.167]","(3023300.85, 3295666.8]"
2007-08-24,65.42,66.21,65.31,66.11,3648300,"(64.069, 65.954]","(64.381, 66.272]","(63.853, 65.73]","(64.279, 66.167]","(3568032.75, 3840398.7]"
2007-08-28,65.95,66.1,65.48,65.59,3473500,"(64.069, 65.954]","(64.381, 66.272]","(63.853, 65.73]","(64.279, 66.167]","(3295666.8, 3568032.75]"
2007-08-29,65.89,66.2,65.73,66.07,4469800,"(64.069, 65.954]","(64.381, 66.272]","(63.853, 65.73]","(64.279, 66.167]","(4385130.6, 4657496.55]"
2007-08-30,65.87,66.1,65.63,65.8,3028300,"(64.069, 65.954]","(64.381, 66.272]","(63.853, 65.73]","(64.279, 66.167]","(3023300.85, 3295666.8]"
2007-08-31,66.61,66.77,66.46,66.52,4090400,"(65.954, 67.839]","(66.272, 68.163]","(65.73, 67.607]","(66.167, 68.056]","(3840398.7, 4112764.65]"
2007-09-04,66.74,67.66,66.59,67.44,6640600,"(65.954, 67.839]","(66.272, 68.163]","(65.73, 67.607]","(66.167, 68.056]","(6564058.2, 6836424.15]"
2007-09-05,67.35,67.62,67.18,67.56,6268500,"(65.954, 67.839]","(66.272, 68.163]","(65.73, 67.607]","(66.167, 68.056]","(6019326.3, 6291692.25]"
2007-09-06,67.92,69.08,67.89,68.86,15881900,"(67.839, 69.724]","(68.163, 70.054]","(67.607, 69.484]","(68.056, 69.944]","(15824500.5, 16096866.45]"
2007-09-07,69.26,70.0,69.0,69.39,14960100,"(67.839, 69.724]","(68.163, 70.054]","(67.607, 69.484]","(68.056, 69.944]","(14735036.7, 15007402.65]"
2007-09-10,69.96,69.96,68.73,69.62,7598800,"(69.724, 71.609]","(68.163, 70.054]","(67.607, 69.484]","(68.056, 69.944]","(7381156.05, 7653522.0]"
2007-09-11,69.86,70.7,69.52,70.52,11183200,"(69.724, 71.609]","(70.054, 71.945]","(69.484, 71.361]","(69.944, 71.832]","(10921913.4, 11194279.35]"
2007-09-12,70.5,70.63,69.83,70.46,8037800,"(69.724, 71.609]","(70.054, 71.945]","(69.484, 71.361]","(69.944, 71.832]","(7925887.95, 8198253.9]"
2007-09-13,70.07,70.26,69.61,70.08,4612500,"(69.724, 71.609]","(70.054, 71.945]","(69.484, 71.361]","(69.944, 71.832]","(4385130.6, 4657496.55]"
2007-09-14,69.9,70.97,69.86,69.99,7733200,"(69.724, 71.609]","(70.054, 71.945]","(69.484, 71.361]","(69.944, 71.832]","(7653522.0, 7925887.95]"
2007-09-17,70.4,71.24,70.35,70.97,7458600,"(69.724, 71.609]","(70.054, 71.945]","(69.484, 71.361]","(69.944, 71.832]","(7381156.05, 7653522.0]"
2007-09-18,71.2,72.0,70.4,71.7,14262600,"(69.724, 71.609]","(71.945, 73.836]","(69.484, 71.361]","(69.944, 71.832]","(14190304.8, 14462670.75]"
2007-09-19,71.74,71.8,71.25,71.43,10938200,"(71.609, 73.494]","(70.054, 71.945]","(69.484, 71.361]","(69.944, 71.832]","(10921913.4, 11194279.35]"
2007-09-20,72.15,73.1,71.95,72.72,11947000,"(71.609, 73.494]","(71.945, 73.836]","(71.361, 73.238]","(71.832, 73.721]","(11739011.25, 12011377.2]"
2007-09-21,72.65,73.0,71.47,72.34,9937500,"(71.609, 73.494]","(71.945, 73.836]","(71.361, 73.238]","(71.832, 73.721]","(9832449.6, 10104815.55]"
2007-09-24,72.57,72.63,71.82,72.28,6475800,"(71.609, 73.494]","(71.945, 73.836]","(71.361, 73.238]","(71.832, 73.721]","(6291692.25, 6564058.2]"
2007-09-25,71.82,72.59,71.64,72.33,5503500,"(71.609, 73.494]","(71.945, 73.836]","(71.361, 73.238]","(71.832, 73.721]","(5474594.4, 5746960.35]"
2007-09-26,72.25,72.93,71.85,72.0,9419200,"(71.609, 73.494]","(71.945, 73.836]","(71.361, 73.238]","(71.832, 73.721]","(9287717.7, 9560083.65]"
2007-09-27,72.65,72.8,72.17,72.7,5728500,"(71.609, 73.494]","(71.945, 73.836]","(71.361, 73.238]","(71.832, 73.721]","(5474594.4, 5746960.35]"
2007-09-28,73.19,73.8,72.74,73.51,8838100,"(71.609, 73.494]","(71.945, 73.836]","(71.361, 73.238]","(71.832, 73.721]","(8742985.8, 9015351.75]"
2007-10-01,73.49,73.98,73.29,73.9,4824100,"(71.609, 73.494]","(73.836, 75.727]","(73.238, 75.115]","(73.721, 75.609]","(4657496.55, 4929862.5]"
2007-10-02,72.45,72.68,71.63,72.35,10722100,"(71.609, 73.494]","(71.945, 73.836]","(71.361, 73.238]","(71.832, 73.721]","(10649547.45, 10921913.4]"
2007-10-03,72.25,72.65,71.35,71.9,8191700,"(71.609, 73.494]","(71.945, 73.836]","(69.484, 71.361]","(71.832, 73.721]","(7925887.95, 8198253.9]"
2007-10-04,71.8,73.06,71.24,72.87,9178600,"(71.609, 73.494]","(71.945, 73.836]","(69.484, 71.361]","(71.832, 73.721]","(9015351.75, 9287717.7]"
2007-10-05,72.8,73.64,71.88,73.4,10597700,"(71.609, 73.494]","(71.945, 73.836]","(71.361, 73.238]","(71.832, 73.721]","(10377181.5, 10649547.45]"
2007-10-08,72.66,72.89,72.28,72.53,3447800,"(71.609, 73.494]","(71.945, 73.836]","(71.361, 73.238]","(71.832, 73.721]","(3295666.8, 3568032.75]"
2007-10-09,72.29,73.3,71.98,73.09,7416400,"(71.609, 73.494]","(71.945, 73.836]","(71.361, 73.238]","(71.832, 73.721]","(7381156.05, 7653522.0]"
2007-10-10,73.6,73.82,72.63,73.36,4616900,"(73.494, 75.379]","(71.945, 73.836]","(71.361, 73.238]","(71.832, 73.721]","(4385130.6, 4657496.55]"
2007-10-11,73.98,74.59,73.28,73.91,10292100,"(73.494, 75.379]","(73.836, 75.727]","(73.238, 75.115]","(73.721, 75.609]","(10104815.55, 10377181.5]"
2007-10-12,73.93,74.59,73.75,74.59,3604200,"(73.494, 75.379]","(73.836, 75.727]","(73.238, 75.115]","(73.721, 75.609]","(3568032.75, 3840398.7]"
2007-10-15,74.99,75.2,74.49,75.14,6706700,"(73.494, 75.379]","(73.836, 75.727]","(73.238, 75.115]","(73.721, 75.609]","(6564058.2, 6836424.15]"
2007-10-16,74.87,75.45,73.78,75.12,6623000,"(73.494, 75.379]","(73.836, 75.727]","(73.238, 75.115]","(73.721, 75.609]","(6564058.2, 6836424.15]"
2007-10-17,75.31,75.66,74.31,74.5,9355900,"(73.494, 75.379]","(73.836, 75.727]","(73.238, 75.115]","(73.721, 75.609]","(9287717.7, 9560083.65]"
2007-10-18,75.38,76.0,75.33,76.0,5647600,"(75.379, 77.264]","(75.727, 77.618]","(75.115, 76.992]","(75.609, 77.497]","(5474594.4, 5746960.35]"
2007-10-19,76.09,76.29,74.51,75.7,9509800,"(75.379, 77.264]","(75.727, 77.618]","(73.238, 75.115]","(75.609, 77.497]","(9287717.7, 9560083.65]"
2007-10-22,74.09,74.77,73.84,74.6,8637800,"(73.494, 75.379]","(73.836, 75.727]","(73.238, 75.115]","(73.721, 75.609]","(8470619.85, 8742985.8]"
2007-10-23,75.11,75.26,74.63,75.23,3098100,"(73.494, 75.379]","(73.836, 75.727]","(73.238, 75.115]","(73.721, 75.609]","(3023300.85, 3295666.8]"
2007-10-24,74.84,75.59,74.79,75.52,5663200,"(73.494, 75.379]","(73.836, 75.727]","(73.238, 75.115]","(73.721, 75.609]","(5474594.4, 5746960.35]"
2007-10-25,75.94,76.62,75.06,76.03,6488000,"(75.379, 77.264]","(75.727, 77.618]","(73.238, 75.115]","(75.609, 77.497]","(6291692.25, 6564058.2]"
2007-10-26,76.87,77.74,76.67,77.69,8544300,"(75.379, 77.264]","(77.618, 79.509]","(75.115, 76.992]","(77.497, 79.385]","(8470619.85, 8742985.8]"
2007-10-29,78.27,78.32,77.65,78.12,6881900,"(77.264, 79.149]","(77.618, 79.509]","(76.992, 78.869]","(77.497, 79.385]","(6836424.15, 7108790.1]"
2007-10-30,77.66,77.66,77.01,77.35,5610000,"(77.264, 79.149]","(77.618, 79.509]","(76.992, 78.869]","(75.609, 77.497]","(5474594.4, 5746960.35]"
2007-10-31,77.78,78.95,76.89,78.62,8874100,"(77.264, 79.149]","(77.618, 79.509]","(75.115, 76.992]","(77.497, 79.385]","(8742985.8, 9015351.75]"
2007-11-01,78.4,78.9,77.5,77.93,7545500,"(77.264, 79.149]","(77.618, 79.509]","(76.992, 78.869]","(77.497, 79.385]","(7381156.05, 7653522.0]"
2007-11-02,78.55,79.9,77.48,79.83,9912700,"(77.264, 79.149]","(79.509, 81.4]","(76.992, 78.869]","(79.385, 81.274]","(9832449.6, 10104815.55]"
2007-11-05,79.68,80.24,79.11,79.75,5026300,"(79.149, 81.034]","(79.509, 81.4]","(78.869, 80.746]","(79.385, 81.274]","(4929862.5, 5202228.45]"
2007-11-06,81.03,81.52,80.7,81.43,7694825,"(79.149, 81.034]","(81.4, 83.291]","(78.869, 80.746]","(81.274, 83.162]","(7653522.0, 7925887.95]"
2007-11-07,83.21,83.24,81.33,82.24,16521500,"(82.919, 84.803]","(81.4, 83.291]","(80.746, 82.623]","(81.274, 83.162]","(16369232.4, 16641598.35]"
2007-11-08,82.43,83.63,81.73,82.23,17357500,"(81.034, 82.919]","(83.291, 85.181]","(80.746, 82.623]","(81.274, 83.162]","(17186330.25, 17458696.2]"
2007-11-09,81.79,82.63,81.22,82.18,6952700,"(81.034, 82.919]","(81.4, 83.291]","(80.746, 82.623]","(81.274, 83.162]","(6836424.15, 7108790.1]"
2007-11-12,80.41,80.44,78.25,78.3,17305900,"(79.149, 81.034]","(79.509, 81.4]","(76.992, 78.869]","(77.497, 79.385]","(17186330.25, 17458696.2]"
2007-11-13,79.4,79.93,77.86,79.12,11439300,"(79.149, 81.034]","(79.509, 81.4]","(76.992, 78.869]","(77.497, 79.385]","(11194279.35, 11466645.3]"
2007-11-14,80.21,80.68,79.91,80.28,5703900,"(79.149, 81.034]","(79.509, 81.4]","(78.869, 80.746]","(79.385, 81.274]","(5474594.4, 5746960.35]"
2007-11-15,79.18,79.5,77.3,77.95,10915600,"(79.149, 81.034]","(77.618, 79.509]","(76.992, 78.869]","(77.497, 79.385]","(10649547.45, 10921913.4]"
2007-11-16,78.34,78.85,77.17,77.75,8079400,"(77.264, 79.149]","(77.618, 79.509]","(76.992, 78.869]","(77.497, 79.385]","(7925887.95, 8198253.9]"
2007-11-19,77.84,78.0,76.11,77.24,6095000,"(77.264, 79.149]","(77.618, 79.509]","(75.115, 76.992]","(75.609, 77.497]","(6019326.3, 6291692.25]"
2007-11-20,78.03,80.04,77.3,79.47,11989100,"(77.264, 79.149]","(79.509, 81.4]","(76.992, 78.869]","(79.385, 81.274]","(11739011.25, 12011377.2]"
2007-11-21,79.3,79.55,78.56,79.36,7265800,"(79.149, 81.034]","(79.509, 81.4]","(76.992, 78.869]","(77.497, 79.385]","(7108790.1, 7381156.05]"
2007-11-23,80.04,81.61,80.02,81.25,5261400,"(79.149, 81.034]","(81.4, 83.291]","(78.869, 80.746]","(79.385, 81.274]","(5202228.45, 5474594.4]"
2007-11-26,82.25,82.25,81.13,81.3,7440800,"(81.034, 82.919]","(81.4, 83.291]","(80.746, 82.623]","(81.274, 83.162]","(7381156.05, 7653522.0]"
2007-11-27,80.7,80.89,79.81,80.1,7230300,"(79.149, 81.034]","(79.509, 81.4]","(78.869, 80.746]","(79.385, 81.274]","(7108790.1, 7381156.05]"
2007-11-28,79.42,79.87,78.76,79.57,9707900,"(79.149, 81.034]","(79.509, 81.4]","(76.992, 78.869]","(79.385, 81.274]","(9560083.65, 9832449.6]"
2007-11-29,79.28,79.33,78.28,78.28,9309200,"(79.149, 81.034]","(77.618, 79.509]","(76.992, 78.869]","(77.497, 79.385]","(9287717.7, 9560083.65]"
2007-11-30,78.35,78.6,76.98,77.32,9509600,"(77.264, 79.149]","(77.618, 79.509]","(75.115, 76.992]","(75.609, 77.497]","(9287717.7, 9560083.65]"
2007-12-03,77.39,78.3,77.3,78.28,6265700,"(77.264, 79.149]","(77.618, 79.509]","(76.992, 78.869]","(77.497, 79.385]","(6019326.3, 6291692.25]"
2007-12-04,78.63,79.62,78.57,79.4,7721900,"(77.264, 79.149]","(79.509, 81.4]","(76.992, 78.869]","(79.385, 81.274]","(7653522.0, 7925887.95]"
2007-12-05,79.25,79.25,78.19,78.63,7686200,"(79.149, 81.034]","(77.618, 79.509]","(76.992, 78.869]","(77.497, 79.385]","(7653522.0, 7925887.95]"
2007-12-06,77.92,79.65,77.8,79.37,6841600,"(77.264, 79.149]","(79.509, 81.4]","(76.992, 78.869]","(77.497, 79.385]","(6836424.15, 7108790.1]"
2007-12-07,79.01,79.6,78.19,78.6,8328500,"(77.264, 79.149]","(79.509, 81.4]","(76.992, 78.869]","(77.497, 79.385]","(8198253.9, 8470619.85]"
2007-12-10,79.15,80.3,79.13,80.0,4851000,"(79.149, 81.034]","(79.509, 81.4]","(78.869, 80.746]","(79.385, 81.274]","(4657496.55, 4929862.5]"
2007-12-11,79.75,80.46,78.68,78.84,9580700,"(79.149, 81.034]","(79.509, 81.4]","(76.992, 78.869]","(77.497, 79.385]","(9560083.65, 9832449.6]"
2007-12-12,80.05,80.92,79.94,80.49,9704600,"(79.149, 81.034]","(79.509, 81.4]","(78.869, 80.746]","(79.385, 81.274]","(9560083.65, 9832449.6]"
2007-12-13,79.59,79.62,78.3,78.5,9557500,"(79.149, 81.034]","(79.509, 81.4]","(76.992, 78.869]","(77.497, 79.385]","(9287717.7, 9560083.65]"
2007-12-14,78.41,78.57,77.82,78.52,6827000,"(77.264, 79.149]","(77.618, 79.509]","(76.992, 78.869]","(77.497, 79.385]","(6564058.2, 6836424.15]"
2007-12-17,78.13,78.79,77.81,78.13,6496630,"(77.264, 79.149]","(77.618, 79.509]","(76.992, 78.869]","(77.497, 79.385]","(6291692.25, 6564058.2]"
2007-12-18,79.59,79.59,78.82,79.25,6758305,"(79.149, 81.034]","(79.509, 81.4]","(76.992, 78.869]","(77.497, 79.385]","(6564058.2, 6836424.15]"
2007-12-19,79.23,79.57,78.98,79.24,5639700,"(79.149, 81.034]","(79.509, 81.4]","(78.869, 80.746]","(77.497, 79.385]","(5474594.4, 5746960.35]"
2007-12-20,78.91,79.11,78.36,78.67,6345630,"(77.264, 79.149]","(77.618, 79.509]","(76.992, 78.869]","(77.497, 79.385]","(6291692.25, 6564058.2]"
2007-12-21,80.16,80.32,79.92,80.1,4603400,"(79.149, 81.034]","(79.509, 81.4]","(78.869, 80.746]","(79.385, 81.274]","(4385130.6, 4657496.55]"
2007-12-24,80.21,80.63,80.14,80.14,2863500,"(79.149, 81.034]","(79.509, 81.4]","(78.869, 80.746]","(79.385, 81.274]","(2750934.9, 3023300.85]"
2007-12-26,81.06,81.67,81.0,81.52,5896700,"(81.034, 82.919]","(81.4, 83.291]","(80.746, 82.623]","(81.274, 83.162]","(5746960.35, 6019326.3]"
2007-12-27,81.88,82.17,81.37,81.56,5052696,"(81.034, 82.919]","(81.4, 83.291]","(80.746, 82.623]","(81.274, 83.162]","(4929862.5, 5202228.45]"
2007-12-28,82.38,83.02,82.35,83.0,5134998,"(81.034, 82.919]","(81.4, 83.291]","(80.746, 82.623]","(81.274, 83.162]","(4929862.5, 5202228.45]"
2007-12-31,82.74,82.83,81.98,82.46,3816854,"(81.034, 82.919]","(81.4, 83.291]","(80.746, 82.623]","(81.274, 83.162]","(3568032.75, 3840398.7]"
2008-01-02,83.56,85.14,83.44,84.86,12294322,"(82.919, 84.803]","(83.291, 85.181]","(82.623, 84.499]","(83.162, 85.05]","(12283743.15, 12556109.1]"
2008-01-03,84.87,85.94,84.6,85.57,9554909,"(84.803, 86.688]","(85.181, 87.072]","(84.499, 86.376]","(85.05, 86.938]","(9287717.7, 9560083.65]"
2008-01-04,85.34,85.55,84.43,85.13,8402615,"(84.803, 86.688]","(85.181, 87.072]","(82.623, 84.499]","(85.05, 86.938]","(8198253.9, 8470619.85]"
2008-01-07,85.24,85.26,84.57,84.77,6946005,"(84.803, 86.688]","(85.181, 87.072]","(84.499, 86.376]","(83.162, 85.05]","(6836424.15, 7108790.1]"
2008-01-08,86.28,87.13,86.16,86.78,9574700,"(84.803, 86.688]","(87.072, 88.963]","(84.499, 86.376]","(85.05, 86.938]","(9560083.65, 9832449.6]"
2008-01-09,86.56,87.2,86.3,86.55,10086400,"(84.803, 86.688]","(87.072, 88.963]","(84.499, 86.376]","(85.05, 86.938]","(9832449.6, 10104815.55]"
2008-01-10,86.42,88.46,86.41,88.25,12924155,"(84.803, 86.688]","(87.072, 88.963]","(86.376, 88.253]","(86.938, 88.827]","(12828475.05, 13100841.0]"
2008-01-11,88.04,88.76,87.85,88.58,6979048,"(86.688, 88.573]","(87.072, 88.963]","(86.376, 88.253]","(86.938, 88.827]","(6836424.15, 7108790.1]"
2008-01-14,89.45,89.94,89.0,89.54,10086136,"(88.573, 90.458]","(88.963, 90.854]","(88.253, 90.13]","(88.827, 90.715]","(9832449.6, 10104815.55]"
2008-01-15,89.6,90.35,87.91,87.99,23862200,"(88.573, 90.458]","(88.963, 90.854]","(86.376, 88.253]","(86.938, 88.827]","(23723113.05, 23995479.0]"
2008-01-17,87.5,87.98,86.47,86.5,13598100,"(86.688, 88.573]","(87.072, 88.963]","(86.376, 88.253]","(85.05, 86.938]","(13373206.95, 13645572.9]"
2008-01-18,87.17,87.46,86.51,87.42,9094884,"(86.688, 88.573]","(87.072, 88.963]","(86.376, 88.253]","(86.938, 88.827]","(9015351.75, 9287717.7]"
2008-01-22,86.14,88.44,85.77,88.17,20684182,"(84.803, 86.688]","(87.072, 88.963]","(84.499, 86.376]","(86.938, 88.827]","(20454721.65, 20727087.6]"
2008-01-23,87.16,88.67,86.73,87.89,14286453,"(86.688, 88.573]","(87.072, 88.963]","(86.376, 88.253]","(86.938, 88.827]","(14190304.8, 14462670.75]"
2008-01-24,89.72,90.25,89.13,90.08,10628046,"(88.573, 90.458]","(88.963, 90.854]","(88.253, 90.13]","(88.827, 90.715]","(10377181.5, 10649547.45]"
2008-01-25,90.93,91.08,89.5,90.3,9705321,"(90.458, 92.343]","(90.854, 92.745]","(88.253, 90.13]","(88.827, 90.715]","(9560083.65, 9832449.6]"
2008-01-28,90.96,91.89,90.75,91.75,8535148,"(90.458, 92.343]","(90.854, 92.745]","(90.13, 92.007]","(90.715, 92.603]","(8470619.85, 8742985.8]"
2008-01-29,91.36,91.72,90.81,91.15,9099490,"(90.458, 92.343]","(90.854, 92.745]","(90.13, 92.007]","(90.715, 92.603]","(9015351.75, 9287717.7]"
2008-01-30,90.71,92.58,90.45,92.06,14378005,"(90.458, 92.343]","(90.854, 92.745]","(90.13, 92.007]","(90.715, 92.603]","(14190304.8, 14462670.75]"
2008-01-31,90.92,91.66,90.74,91.4,7791469,"(90.458, 92.343]","(90.854, 92.745]","(90.13, 92.007]","(90.715, 92.603]","(7653522.0, 7925887.95]"
2008-02-01,91.75,91.87,89.22,89.35,19636186,"(90.458, 92.343]","(90.854, 92.745]","(88.253, 90.13]","(88.827, 90.715]","(19365257.85, 19637623.8]"
2008-02-04,88.51,89.52,88.05,89.1,10288074,"(86.688, 88.573]","(88.963, 90.854]","(86.376, 88.253]","(88.827, 90.715]","(10104815.55, 10377181.5]"
2008-02-05,87.9,88.69,87.3,87.68,11171683,"(86.688, 88.573]","(87.072, 88.963]","(86.376, 88.253]","(86.938, 88.827]","(10921913.4, 11194279.35]"
2008-02-06,89.0,89.65,88.75,88.95,8787761,"(88.573, 90.458]","(88.963, 90.854]","(88.253, 90.13]","(88.827, 90.715]","(8742985.8, 9015351.75]"
2008-02-07,88.95,89.94,88.81,89.85,8972942,"(88.573, 90.458]","(88.963, 90.854]","(88.253, 90.13]","(88.827, 90.715]","(8742985.8, 9015351.75]"
2008-02-08,90.0,91.0,89.99,91.0,9128342,"(88.573, 90.458]","(90.854, 92.745]","(88.253, 90.13]","(90.715, 92.603]","(9015351.75, 9287717.7]"
2008-02-11,91.04,91.46,90.44,91.33,6832624,"(90.458, 92.343]","(90.854, 92.745]","(90.13, 92.007]","(90.715, 92.603]","(6564058.2, 6836424.15]"
2008-02-12,90.83,91.4,89.1,89.33,10226887,"(90.458, 92.343]","(90.854, 92.745]","(88.253, 90.13]","(88.827, 90.715]","(10104815.55, 10377181.5]"
2008-02-13,88.88,89.99,88.67,89.44,10040199,"(88.573, 90.458]","(88.963, 90.854]","(88.253, 90.13]","(88.827, 90.715]","(9832449.6, 10104815.55]"
2008-02-14,89.37,90.11,89.35,89.71,6887369,"(88.573, 90.458]","(88.963, 90.854]","(88.253, 90.13]","(88.827, 90.715]","(6836424.15, 7108790.1]"
2008-02-15,90.3,90.32,88.63,89.15,5586353,"(88.573, 90.458]","(88.963, 90.854]","(88.253, 90.13]","(88.827, 90.715]","(5474594.4, 5746960.35]"
2008-02-19,91.23,91.94,90.98,91.58,8374311,"(90.458, 92.343]","(90.854, 92.745]","(90.13, 92.007]","(90.715, 92.603]","(8198253.9, 8470619.85]"
2008-02-20,90.84,93.31,90.75,93.24,10635981,"(90.458, 92.343]","(92.745, 94.636]","(90.13, 92.007]","(92.603, 94.491]","(10377181.5, 10649547.45]"
2008-02-21,93.44,94.22,93.02,93.25,12957910,"(92.343, 94.228]","(92.745, 94.636]","(92.007, 93.884]","(92.603, 94.491]","(12828475.05, 13100841.0]"
2008-02-22,93.56,93.72,92.35,93.39,7577175,"(92.343, 94.228]","(92.745, 94.636]","(92.007, 93.884]","(92.603, 94.491]","(7381156.05, 7653522.0]"
2008-02-25,93.71,93.71,92.11,92.74,11955723,"(92.343, 94.228]","(92.745, 94.636]","(92.007, 93.884]","(92.603, 94.491]","(11739011.25, 12011377.2]"
2008-02-26,92.43,93.97,92.18,93.71,8452352,"(92.343, 94.228]","(92.745, 94.636]","(92.007, 93.884]","(92.603, 94.491]","(8198253.9, 8470619.85]"
2008-02-27,94.56,94.94,93.97,94.78,9927156,"(94.228, 96.113]","(94.636, 96.527]","(93.884, 95.761]","(94.491, 96.38]","(9832449.6, 10104815.55]"
2008-02-28,94.92,96.08,94.47,95.99,11212196,"(94.228, 96.113]","(94.636, 96.527]","(93.884, 95.761]","(94.491, 96.38]","(11194279.35, 11466645.3]"
2008-02-29,95.82,96.24,95.22,96.18,9348504,"(94.228, 96.113]","(94.636, 96.527]","(93.884, 95.761]","(94.491, 96.38]","(9287717.7, 9560083.65]"
2008-03-03,97.52,97.74,96.68,97.24,11489395,"(96.113, 97.998]","(96.527, 98.418]","(95.761, 97.638]","(96.38, 98.268]","(11466645.3, 11739011.25]"
2008-03-04,97.28,97.45,94.39,95.18,21360514,"(96.113, 97.998]","(96.527, 98.418]","(93.884, 95.761]","(94.491, 96.38]","(21271819.5, 21544185.45]"
2008-03-05,96.1,98.15,95.93,97.72,15363409,"(94.228, 96.113]","(96.527, 98.418]","(95.761, 97.638]","(96.38, 98.268]","(15279768.6, 15552134.55]"
2008-03-06,96.98,97.29,95.26,96.5,18548959,"(96.113, 97.998]","(96.527, 98.418]","(93.884, 95.761]","(96.38, 98.268]","(18548160.0, 18820525.95]"
2008-03-07,96.6,96.68,95.72,96.09,10066995,"(96.113, 97.998]","(96.527, 98.418]","(93.884, 95.761]","(94.491, 96.38]","(9832449.6, 10104815.55]"
2008-03-10,95.0,96.34,94.88,95.87,10871706,"(94.228, 96.113]","(94.636, 96.527]","(93.884, 95.761]","(94.491, 96.38]","(10649547.45, 10921913.4]"
2008-03-11,96.52,96.98,95.19,95.99,14350706,"(96.113, 97.998]","(96.527, 98.418]","(93.884, 95.761]","(94.491, 96.38]","(14190304.8, 14462670.75]"
2008-03-12,96.58,97.38,96.24,97.01,8179895,"(96.113, 97.998]","(96.527, 98.418]","(95.761, 97.638]","(96.38, 98.268]","(7925887.95, 8198253.9]"
2008-03-13,98.5,98.73,97.73,98.34,14683757,"(97.998, 99.883]","(98.418, 100.309]","(97.638, 99.515]","(98.268, 100.156]","(14462670.75, 14735036.7]"
2008-03-14,98.03,99.53,98.01,98.71,17565011,"(97.998, 99.883]","(98.418, 100.309]","(97.638, 99.515]","(98.268, 100.156]","(17458696.2, 17731062.15]"
2008-03-18,99.35,99.51,96.35,96.5,20966044,"(97.998, 99.883]","(98.418, 100.309]","(95.761, 97.638]","(96.38, 98.268]","(20727087.6, 20999453.55]"
2008-03-24,90.65,91.51,89.78,90.1,14329757,"(90.458, 92.343]","(90.854, 92.745]","(88.253, 90.13]","(88.827, 90.715]","(14190304.8, 14462670.75]"
2008-03-25,91.91,92.79,91.28,92.73,15848077,"(90.458, 92.343]","(92.745, 94.636]","(90.13, 92.007]","(92.603, 94.491]","(15824500.5, 16096866.45]"
2008-03-26,93.11,94.0,93.06,93.8,12390454,"(92.343, 94.228]","(92.745, 94.636]","(92.007, 93.884]","(92.603, 94.491]","(12283743.15, 12556109.1]"
2008-03-27,93.51,94.09,92.95,93.46,7568037,"(92.343, 94.228]","(92.745, 94.636]","(92.007, 93.884]","(92.603, 94.491]","(7381156.05, 7653522.0]"
2008-03-28,91.96,92.45,91.11,91.88,8786534,"(90.458, 92.343]","(90.854, 92.745]","(90.13, 92.007]","(90.715, 92.603]","(8742985.8, 9015351.75]"
2008-03-31,92.56,92.65,89.96,90.41,11166044,"(92.343, 94.228]","(90.854, 92.745]","(88.253, 90.13]","(88.827, 90.715]","(10921913.4, 11194279.35]"
2008-04-01,87.86,88.31,86.05,86.86,23677252,"(86.688, 88.573]","(87.072, 88.963]","(84.499, 86.376]","(85.05, 86.938]","(23450747.1, 23723113.05]"
2008-04-02,87.28,89.76,87.22,89.27,13547177,"(86.688, 88.573]","(88.963, 90.854]","(86.376, 88.253]","(88.827, 90.715]","(13373206.95, 13645572.9]"
2008-04-03,88.59,89.75,87.64,89.42,9326213,"(88.573, 90.458]","(88.963, 90.854]","(86.376, 88.253]","(88.827, 90.715]","(9287717.7, 9560083.65]"
2008-04-04,89.48,90.34,89.31,90.25,7228227,"(88.573, 90.458]","(88.963, 90.854]","(88.253, 90.13]","(88.827, 90.715]","(7108790.1, 7381156.05]"
2008-04-07,90.73,91.75,90.6,91.17,8197882,"(90.458, 92.343]","(90.854, 92.745]","(90.13, 92.007]","(90.715, 92.603]","(7925887.95, 8198253.9]"
2008-04-08,90.04,90.49,89.72,90.35,5773918,"(88.573, 90.458]","(88.963, 90.854]","(88.253, 90.13]","(88.827, 90.715]","(5746960.35, 6019326.3]"
2008-04-09,90.3,92.37,90.24,92.29,10581495,"(88.573, 90.458]","(90.854, 92.745]","(90.13, 92.007]","(90.715, 92.603]","(10377181.5, 10649547.45]"
2008-04-10,92.32,92.56,90.97,91.77,7759468,"(90.458, 92.343]","(90.854, 92.745]","(90.13, 92.007]","(90.715, 92.603]","(7653522.0, 7925887.95]"
2008-04-11,91.41,91.83,90.55,91.3,6549112,"(90.458, 92.343]","(90.854, 92.745]","(90.13, 92.007]","(90.715, 92.603]","(6291692.25, 6564058.2]"
2008-04-14,91.32,91.98,91.06,91.11,4705410,"(90.458, 92.343]","(90.854, 92.745]","(90.13, 92.007]","(90.715, 92.603]","(4657496.55, 4929862.5]"
2008-04-15,91.73,91.91,91.38,91.66,6636655,"(90.458, 92.343]","(90.854, 92.745]","(90.13, 92.007]","(90.715, 92.603]","(6564058.2, 6836424.15]"
2008-04-16,93.19,93.71,93.01,93.27,8472038,"(92.343, 94.228]","(92.745, 94.636]","(92.007, 93.884]","(92.603, 94.491]","(8470619.85, 8742985.8]"
2008-04-17,93.31,93.51,92.48,92.56,6876349,"(92.343, 94.228]","(92.745, 94.636]","(92.007, 93.884]","(90.715, 92.603]","(6836424.15, 7108790.1]"
2008-04-18,89.72,90.7,88.96,90.62,11391801,"(88.573, 90.458]","(88.963, 90.854]","(88.253, 90.13]","(88.827, 90.715]","(11194279.35, 11466645.3]"
2008-04-21,90.79,90.87,89.89,90.25,11927475,"(90.458, 92.343]","(90.854, 92.745]","(88.253, 90.13]","(88.827, 90.715]","(11739011.25, 12011377.2]"
2008-04-22,90.42,91.35,90.12,90.27,14046367,"(88.573, 90.458]","(90.854, 92.745]","(88.253, 90.13]","(88.827, 90.715]","(13917938.85, 14190304.8]"
2008-04-23,89.0,89.55,88.44,89.22,18170445,"(88.573, 90.458]","(88.963, 90.854]","(88.253, 90.13]","(88.827, 90.715]","(18003428.1, 18275794.05]"
2008-04-24,88.26,89.91,87.1,87.22,22849926,"(86.688, 88.573]","(88.963, 90.854]","(86.376, 88.253]","(86.938, 88.827]","(22633649.25, 22906015.2]"
2008-04-25,88.33,88.42,87.19,87.27,11182527,"(86.688, 88.573]","(87.072, 88.963]","(86.376, 88.253]","(86.938, 88.827]","(10921913.4, 11194279.35]"
2008-04-28,87.88,88.4,87.67,87.69,8079182,"(86.688, 88.573]","(87.072, 88.963]","(86.376, 88.253]","(86.938, 88.827]","(7925887.95, 8198253.9]"
2008-04-29,86.73,86.9,85.54,85.81,14688955,"(86.688, 88.573]","(85.181, 87.072]","(84.499, 86.376]","(85.05, 86.938]","(14462670.75, 14735036.7]"
2008-04-30,86.1,86.79,85.11,86.65,17701431,"(84.803, 86.688]","(85.181, 87.072]","(84.499, 86.376]","(85.05, 86.938]","(17458696.2, 17731062.15]"
2008-05-01,84.51,84.56,83.57,83.99,17669112,"(82.919, 84.803]","(83.291, 85.181]","(82.623, 84.499]","(83.162, 85.05]","(17458696.2, 17731062.15]"
2008-05-02,83.96,84.79,83.96,84.58,8745387,"(82.919, 84.803]","(83.291, 85.181]","(82.623, 84.499]","(83.162, 85.05]","(8742985.8, 9015351.75]"
2008-05-05,85.68,86.29,85.29,86.27,7390737,"(84.803, 86.688]","(85.181, 87.072]","(84.499, 86.376]","(85.05, 86.938]","(7381156.05, 7653522.0]"
2008-05-06,86.33,87.15,86.33,86.63,10765493,"(84.803, 86.688]","(87.072, 88.963]","(84.499, 86.376]","(85.05, 86.938]","(10649547.45, 10921913.4]"
2008-05-07,85.47,86.1,85.2,85.82,7219265,"(84.803, 86.688]","(85.181, 87.072]","(84.499, 86.376]","(85.05, 86.938]","(7108790.1, 7381156.05]"
2008-05-08,86.76,87.4,86.42,87.24,8630188,"(86.688, 88.573]","(87.072, 88.963]","(86.376, 88.253]","(86.938, 88.827]","(8470619.85, 8742985.8]"
2008-05-09,87.37,87.59,85.84,87.42,9927612,"(86.688, 88.573]","(87.072, 88.963]","(84.499, 86.376]","(86.938, 88.827]","(9832449.6, 10104815.55]"
2008-05-12,86.92,87.64,86.79,86.99,5013399,"(86.688, 88.573]","(87.072, 88.963]","(86.376, 88.253]","(86.938, 88.827]","(4929862.5, 5202228.45]"
2008-05-13,85.12,86.14,84.92,85.39,7368137,"(84.803, 86.688]","(85.181, 87.072]","(84.499, 86.376]","(85.05, 86.938]","(7108790.1, 7381156.05]"
2008-05-14,85.73,85.81,85.1,85.2,8653797,"(84.803, 86.688]","(85.181, 87.072]","(84.499, 86.376]","(85.05, 86.938]","(8470619.85, 8742985.8]"
2008-05-15,87.13,87.6,86.23,87.0,9437950,"(86.688, 88.573]","(87.072, 88.963]","(84.499, 86.376]","(86.938, 88.827]","(9287717.7, 9560083.65]"
2008-05-16,88.52,89.3,88.02,89.1,12075630,"(86.688, 88.573]","(88.963, 90.854]","(86.376, 88.253]","(88.827, 90.715]","(12011377.2, 12283743.15]"
2008-05-19,89.57,89.7,88.87,89.39,5932141,"(88.573, 90.458]","(88.963, 90.854]","(88.253, 90.13]","(88.827, 90.715]","(5746960.35, 6019326.3]"
2008-05-20,89.61,91.17,89.56,90.9,10685506,"(88.573, 90.458]","(90.854, 92.745]","(88.253, 90.13]","(90.715, 92.603]","(10649547.45, 10921913.4]"
2008-05-21,90.61,92.11,90.61,91.96,11350290,"(90.458, 92.343]","(90.854, 92.745]","(90.13, 92.007]","(90.715, 92.603]","(11194279.35, 11466645.3]"
2008-05-22,91.2,91.63,90.5,90.98,8865042,"(90.458, 92.343]","(90.854, 92.745]","(90.13, 92.007]","(90.715, 92.603]","(8742985.8, 9015351.75]"
2008-05-23,91.33,92.0,90.96,91.23,6062450,"(90.458, 92.343]","(90.854, 92.745]","(90.13, 92.007]","(90.715, 92.603]","(6019326.3, 6291692.25]"
2008-05-27,89.84,89.87,89.16,89.36,7606223,"(88.573, 90.458]","(88.963, 90.854]","(88.253, 90.13]","(88.827, 90.715]","(7381156.05, 7653522.0]"
2008-05-28,88.49,89.19,88.35,89.14,8104857,"(86.688, 88.573]","(88.963, 90.854]","(88.253, 90.13]","(88.827, 90.715]","(7925887.95, 8198253.9]"
2008-05-29,86.94,87.6,86.1,86.51,12700917,"(86.688, 88.573]","(87.072, 88.963]","(84.499, 86.376]","(85.05, 86.938]","(12556109.1, 12828475.05]"
2008-05-30,87.34,87.69,86.96,87.45,4944419,"(86.688, 88.573]","(87.072, 88.963]","(86.376, 88.253]","(86.938, 88.827]","(4929862.5, 5202228.45]"
2008-06-02,87.47,88.55,87.44,87.96,5279524,"(86.688, 88.573]","(87.072, 88.963]","(86.376, 88.253]","(86.938, 88.827]","(5202228.45, 5474594.4]"
2008-06-03,86.65,87.35,86.52,86.88,8397510,"(84.803, 86.688]","(87.072, 88.963]","(86.376, 88.253]","(85.05, 86.938]","(8198253.9, 8470619.85]"
2008-06-04,87.09,87.42,86.56,86.65,7158442,"(86.688, 88.573]","(87.072, 88.963]","(86.376, 88.253]","(85.05, 86.938]","(7108790.1, 7381156.05]"
2008-06-05,85.97,86.81,85.66,86.45,14132601,"(84.803, 86.688]","(85.181, 87.072]","(84.499, 86.376]","(85.05, 86.938]","(13917938.85, 14190304.8]"
2008-06-06,87.79,89.06,87.69,89.06,17433067,"(86.688, 88.573]","(88.963, 90.854]","(86.376, 88.253]","(88.827, 90.715]","(17186330.25, 17458696.2]"
2008-06-09,88.54,89.24,87.84,87.99,9172128,"(86.688, 88.573]","(88.963, 90.854]","(86.376, 88.253]","(86.938, 88.827]","(9015351.75, 9287717.7]"
2008-06-10,86.28,86.76,85.11,85.55,13911008,"(84.803, 86.688]","(85.181, 87.072]","(84.499, 86.376]","(85.05, 86.938]","(13645572.9, 13917938.85]"
2008-06-11,86.57,87.1,86.35,87.02,10156252,"(84.803, 86.688]","(87.072, 88.963]","(84.499, 86.376]","(86.938, 88.827]","(10104815.55, 10377181.5]"
2008-06-12,85.19,86.07,84.83,85.6,9828330,"(84.803, 86.688]","(85.181, 87.072]","(84.499, 86.376]","(85.05, 86.938]","(9560083.65, 9832449.6]"
2008-06-13,85.33,86.02,85.04,85.83,8429040,"(84.803, 86.688]","(85.181, 87.072]","(84.499, 86.376]","(85.05, 86.938]","(8198253.9, 8470619.85]"
2008-06-16,88.2,88.2,86.97,87.01,6996050,"(86.688, 88.573]","(87.072, 88.963]","(86.376, 88.253]","(86.938, 88.827]","(6836424.15, 7108790.1]"
2008-06-17,86.72,87.52,86.7,87.25,5286859,"(86.688, 88.573]","(87.072, 88.963]","(86.376, 88.253]","(86.938, 88.827]","(5202228.45, 5474594.4]"
2008-06-18,87.66,88.41,87.13,88.28,7822299,"(86.688, 88.573]","(87.072, 88.963]","(86.376, 88.253]","(86.938, 88.827]","(7653522.0, 7925887.95]"
2008-06-19,89.37,89.5,88.39,88.42,10525870,"(88.573, 90.458]","(88.963, 90.854]","(88.253, 90.13]","(86.938, 88.827]","(10377181.5, 10649547.45]"
2008-06-20,88.82,89.61,88.77,88.95,10058798,"(88.573, 90.458]","(88.963, 90.854]","(88.253, 90.13]","(88.827, 90.715]","(9832449.6, 10104815.55]"
2008-06-23,87.01,87.4,86.74,87.09,12784654,"(86.688, 88.573]","(87.072, 88.963]","(86.376, 88.253]","(86.938, 88.827]","(12556109.1, 12828475.05]"
2008-06-24,87.3,88.24,87.24,87.47,7398490,"(86.688, 88.573]","(87.072, 88.963]","(86.376, 88.253]","(86.938, 88.827]","(7381156.05, 7653522.0]"
2008-06-25,87.43,87.58,86.13,87.42,10900747,"(86.688, 88.573]","(87.072, 88.963]","(84.499, 86.376]","(86.938, 88.827]","(10649547.45, 10921913.4]"
2008-06-26,89.5,90.86,89.5,90.61,18411948,"(88.573, 90.458]","(90.854, 92.745]","(88.253, 90.13]","(88.827, 90.715]","(18275794.05, 18548160.0]"
2008-06-27,90.98,91.82,90.65,91.47,14491385,"(90.458, 92.343]","(90.854, 92.745]","(90.13, 92.007]","(90.715, 92.603]","(14462670.75, 14735036.7]"
2008-06-30,91.89,91.9,90.53,91.4,7289905,"(90.458, 92.343]","(90.854, 92.745]","(90.13, 92.007]","(90.715, 92.603]","(7108790.1, 7381156.05]"
2008-07-01,92.53,93.35,92.34,92.66,15480981,"(92.343, 94.228]","(92.745, 94.636]","(92.007, 93.884]","(92.603, 94.491]","(15279768.6, 15552134.55]"
2008-07-02,92.28,93.33,92.13,93.17,11484021,"(90.458, 92.343]","(92.745, 94.636]","(92.007, 93.884]","(92.603, 94.491]","(11466645.3, 11739011.25]"
2008-07-03,92.17,92.68,91.68,92.06,9611726,"(90.458, 92.343]","(90.854, 92.745]","(90.13, 92.007]","(90.715, 92.603]","(9560083.65, 9832449.6]"
2008-07-07,90.57,91.65,90.16,91.23,12301534,"(90.458, 92.343]","(90.854, 92.745]","(90.13, 92.007]","(90.715, 92.603]","(12283743.15, 12556109.1]"
2008-07-08,90.55,91.15,89.93,90.86,11216252,"(90.458, 92.343]","(90.854, 92.745]","(88.253, 90.13]","(90.715, 92.603]","(11194279.35, 11466645.3]"
2008-07-09,90.88,91.64,90.86,91.5,11373736,"(90.458, 92.343]","(90.854, 92.745]","(90.13, 92.007]","(90.715, 92.603]","(11194279.35, 11466645.3]"
2008-07-10,92.4,93.6,92.35,93.53,16825679,"(92.343, 94.228]","(92.745, 94.636]","(92.007, 93.884]","(92.603, 94.491]","(16641598.35, 16913964.3]"
2008-07-14,95.09,96.2,94.92,95.91,21248831,"(94.228, 96.113]","(94.636, 96.527]","(93.884, 95.761]","(94.491, 96.38]","(20999453.55, 21271819.5]"
2008-07-16,96.27,96.5,94.34,94.44,19898899,"(96.113, 97.998]","(94.636, 96.527]","(93.884, 95.761]","(92.603, 94.491]","(19637623.8, 19909989.75]"
2008-07-18,94.22,94.93,94.02,94.17,8585020,"(92.343, 94.228]","(94.636, 96.527]","(93.884, 95.761]","(92.603, 94.491]","(8470619.85, 8742985.8]"
2008-07-21,94.75,95.15,94.45,95.12,7327260,"(94.228, 96.113]","(94.636, 96.527]","(93.884, 95.761]","(94.491, 96.38]","(7108790.1, 7381156.05]"
2008-07-22,95.73,95.86,92.94,93.06,17553983,"(94.228, 96.113]","(94.636, 96.527]","(92.007, 93.884]","(92.603, 94.491]","(17458696.2, 17731062.15]"
2008-07-24,91.08,91.62,90.25,91.33,13072190,"(90.458, 92.343]","(90.854, 92.745]","(90.13, 92.007]","(90.715, 92.603]","(12828475.05, 13100841.0]"
2008-07-25,91.03,91.73,90.53,91.69,7600753,"(90.458, 92.343]","(90.854, 92.745]","(90.13, 92.007]","(90.715, 92.603]","(7381156.05, 7653522.0]"
2008-07-28,91.39,92.0,90.94,91.73,8810001,"(90.458, 92.343]","(90.854, 92.745]","(90.13, 92.007]","(90.715, 92.603]","(8742985.8, 9015351.75]"
2008-07-29,91.23,91.27,90.09,90.59,12993302,"(90.458, 92.343]","(90.854, 92.745]","(88.253, 90.13]","(88.827, 90.715]","(12828475.05, 13100841.0]"
2008-07-30,88.86,89.72,88.08,89.52,17379834,"(88.573, 90.458]","(88.963, 90.854]","(86.376, 88.253]","(88.827, 90.715]","(17186330.25, 17458696.2]"
2008-07-31,91.05,91.14,89.87,90.08,10976381,"(90.458, 92.343]","(90.854, 92.745]","(88.253, 90.13]","(88.827, 90.715]","(10921913.4, 11194279.35]"
2008-08-01,89.5,90.45,89.37,89.57,10893597,"(88.573, 90.458]","(88.963, 90.854]","(88.253, 90.13]","(88.827, 90.715]","(10649547.45, 10921913.4]"
2008-08-04,89.08,89.68,88.04,88.14,14981167,"(88.573, 90.458]","(88.963, 90.854]","(86.376, 88.253]","(86.938, 88.827]","(14735036.7, 15007402.65]"
2008-08-05,87.28,87.41,85.94,86.08,20187772,"(86.688, 88.573]","(87.072, 88.963]","(84.499, 86.376]","(85.05, 86.938]","(20182355.7, 20454721.65]"
2008-08-06,86.8,87.0,86.01,86.64,12404765,"(86.688, 88.573]","(85.181, 87.072]","(84.499, 86.376]","(85.05, 86.938]","(12283743.15, 12556109.1]"
2008-08-07,86.64,86.78,85.51,86.09,9962227,"(84.803, 86.688]","(85.181, 87.072]","(84.499, 86.376]","(85.05, 86.938]","(9832449.6, 10104815.55]"
2008-08-08,84.35,84.68,83.83,84.43,13514077,"(82.919, 84.803]","(83.291, 85.181]","(82.623, 84.499]","(83.162, 85.05]","(13373206.95, 13645572.9]"
2008-08-11,84.46,84.49,80.6,81.13,23566973,"(82.919, 84.803]","(83.291, 85.181]","(78.869, 80.746]","(79.385, 81.274]","(23450747.1, 23723113.05]"
2008-08-12,80.74,81.01,79.55,80.52,20131713,"(79.149, 81.034]","(79.509, 81.4]","(78.869, 80.746]","(79.385, 81.274]","(19909989.75, 20182355.7]"
2008-08-13,80.59,81.85,80.39,81.56,17018164,"(79.149, 81.034]","(81.4, 83.291]","(78.869, 80.746]","(81.274, 83.162]","(16913964.3, 17186330.25]"
2008-08-14,80.71,81.1,79.28,79.35,15542563,"(79.149, 81.034]","(79.509, 81.4]","(78.869, 80.746]","(77.497, 79.385]","(15279768.6, 15552134.55]"
2008-08-18,78.53,79.17,77.81,78.8,14071816,"(77.264, 79.149]","(77.618, 79.509]","(76.992, 78.869]","(77.497, 79.385]","(13917938.85, 14190304.8]"
2008-08-19,77.92,80.52,77.7,80.43,16760535,"(77.264, 79.149]","(79.509, 81.4]","(76.992, 78.869]","(79.385, 81.274]","(16641598.35, 16913964.3]"
2008-08-20,80.15,80.66,78.81,80.06,14719994,"(79.149, 81.034]","(79.509, 81.4]","(76.992, 78.869]","(79.385, 81.274]","(14462670.75, 14735036.7]"
2008-08-21,82.01,84.54,81.75,82.17,17031004,"(81.034, 82.919]","(83.291, 85.181]","(80.746, 82.623]","(81.274, 83.162]","(16913964.3, 17186330.25]"
2008-08-22,81.49,81.96,80.94,81.08,7854634,"(81.034, 82.919]","(81.4, 83.291]","(80.746, 82.623]","(79.385, 81.274]","(7653522.0, 7925887.95]"
2008-08-25,81.1,81.34,80.56,80.93,6515171,"(81.034, 82.919]","(79.509, 81.4]","(78.869, 80.746]","(79.385, 81.274]","(6291692.25, 6564058.2]"
2008-08-26,80.61,81.85,80.6,81.23,8579453,"(79.149, 81.034]","(81.4, 83.291]","(78.869, 80.746]","(79.385, 81.274]","(8470619.85, 8742985.8]"
2008-08-27,81.89,82.05,81.0,81.36,7099029,"(81.034, 82.919]","(81.4, 83.291]","(80.746, 82.623]","(81.274, 83.162]","(6836424.15, 7108790.1]"
2008-08-28,83.06,83.13,81.27,82.18,9353961,"(82.919, 84.803]","(81.4, 83.291]","(80.746, 82.623]","(81.274, 83.162]","(9287717.7, 9560083.65]"
2008-08-29,82.31,82.47,81.58,81.71,5125291,"(81.034, 82.919]","(81.4, 83.291]","(80.746, 82.623]","(81.274, 83.162]","(4929862.5, 5202228.45]"
2008-09-02,78.16,79.79,77.98,79.2,12681655,"(77.264, 79.149]","(79.509, 81.4]","(76.992, 78.869]","(77.497, 79.385]","(12556109.1, 12828475.05]"
2008-09-03,79.19,79.69,78.34,78.89,10712507,"(79.149, 81.034]","(79.509, 81.4]","(76.992, 78.869]","(77.497, 79.385]","(10649547.45, 10921913.4]"
2008-09-04,79.7,79.78,78.14,78.39,10875156,"(79.149, 81.034]","(79.509, 81.4]","(76.992, 78.869]","(77.497, 79.385]","(10649547.45, 10921913.4]"
2008-09-05,80.08,80.27,78.17,78.98,10742406,"(79.149, 81.034]","(79.509, 81.4]","(76.992, 78.869]","(77.497, 79.385]","(10649547.45, 10921913.4]"
2008-09-08,80.1,80.35,78.47,78.86,10024117,"(79.149, 81.034]","(79.509, 81.4]","(76.992, 78.869]","(77.497, 79.385]","(9832449.6, 10104815.55]"
2008-09-09,77.39,77.82,76.24,76.49,20197429,"(77.264, 79.149]","(77.618, 79.509]","(75.115, 76.992]","(75.609, 77.497]","(20182355.7, 20454721.65]"
2008-09-11,73.61,73.93,72.51,73.08,23776915,"(73.494, 75.379]","(73.836, 75.727]","(71.361, 73.238]","(71.832, 73.721]","(23723113.05, 23995479.0]"
2008-09-12,74.26,75.58,73.48,75.55,17596932,"(73.494, 75.379]","(73.836, 75.727]","(73.238, 75.115]","(73.721, 75.609]","(17458696.2, 17731062.15]"
2008-09-15,76.64,77.73,76.0,77.56,17004042,"(75.379, 77.264]","(77.618, 79.509]","(75.115, 76.992]","(77.497, 79.385]","(16913964.3, 17186330.25]"
2008-09-16,76.69,77.29,76.3,76.79,17192101,"(75.379, 77.264]","(75.727, 77.618]","(75.115, 76.992]","(75.609, 77.497]","(17186330.25, 17458696.2]"
2008-09-23,88.87,89.1,86.72,88.32,22364080,"(88.573, 90.458]","(88.963, 90.854]","(86.376, 88.253]","(86.938, 88.827]","(22361283.3, 22633649.25]"
2008-09-24,88.68,88.76,86.7,86.71,17251584,"(88.573, 90.458]","(87.072, 88.963]","(86.376, 88.253]","(85.05, 86.938]","(17186330.25, 17458696.2]"
2008-09-25,87.12,87.8,85.01,86.45,20691922,"(86.688, 88.573]","(87.072, 88.963]","(84.499, 86.376]","(85.05, 86.938]","(20454721.65, 20727087.6]"
2008-09-26,87.03,90.17,86.59,86.64,21985030,"(86.688, 88.573]","(88.963, 90.854]","(86.376, 88.253]","(85.05, 86.938]","(21816551.4, 22088917.35]"
2008-09-30,87.31,87.36,84.21,85.07,20441631,"(86.688, 88.573]","(87.072, 88.963]","(82.623, 84.499]","(85.05, 86.938]","(20182355.7, 20454721.65]"
2008-10-01,86.23,88.05,85.18,85.97,16789418,"(84.803, 86.688]","(87.072, 88.963]","(84.499, 86.376]","(85.05, 86.938]","(16641598.35, 16913964.3]"
2008-10-02,84.56,84.66,81.62,82.33,22653819,"(82.919, 84.803]","(83.291, 85.181]","(80.746, 82.623]","(81.274, 83.162]","(22633649.25, 22906015.2]"
2008-10-06,85.84,86.45,84.25,84.28,21677959,"(84.803, 86.688]","(85.181, 87.072]","(82.623, 84.499]","(83.162, 85.05]","(21544185.45, 21816551.4]"
2008-10-07,87.18,87.7,85.53,87.27,20292540,"(86.688, 88.573]","(87.072, 88.963]","(84.499, 86.376]","(86.938, 88.827]","(20182355.7, 20454721.65]"
2008-10-09,87.29,90.58,86.54,89.9,20014243,"(86.688, 88.573]","(88.963, 90.854]","(86.376, 88.253]","(88.827, 90.715]","(19909989.75, 20182355.7]"
2008-10-13,83.61,83.9,80.92,81.99,17034506,"(82.919, 84.803]","(83.291, 85.181]","(80.746, 82.623]","(81.274, 83.162]","(16913964.3, 17186330.25]"
2008-10-14,82.4,83.31,81.61,82.2,12385574,"(81.034, 82.919]","(83.291, 85.181]","(80.746, 82.623]","(81.274, 83.162]","(12283743.15, 12556109.1]"
2008-10-15,82.2,84.39,82.08,83.31,16907742,"(81.034, 82.919]","(83.291, 85.181]","(80.746, 82.623]","(83.162, 85.05]","(16641598.35, 16913964.3]"
2008-10-17,77.12,80.78,75.0,77.21,15338399,"(75.379, 77.264]","(79.509, 81.4]","(73.238, 75.115]","(75.609, 77.497]","(15279768.6, 15552134.55]"
2008-10-20,77.77,78.56,77.27,78.5,9332855,"(77.264, 79.149]","(77.618, 79.509]","(76.992, 78.869]","(77.497, 79.385]","(9287717.7, 9560083.65]"
2008-10-21,75.9,76.94,74.89,76.03,10861162,"(75.379, 77.264]","(75.727, 77.618]","(73.238, 75.115]","(75.609, 77.497]","(10649547.45, 10921913.4]"
2008-10-22,74.44,74.45,66.0,71.71,23288260,"(73.494, 75.379]","(73.836, 75.727]","(65.73, 67.607]","(69.944, 71.832]","(23178381.15, 23450747.1]"
2008-10-23,69.64,72.19,69.5,70.65,16655886,"(67.839, 69.724]","(71.945, 73.836]","(69.484, 71.361]","(69.944, 71.832]","(16641598.35, 16913964.3]"
2008-10-24,69.3,73.93,69.07,72.21,22474321,"(67.839, 69.724]","(73.836, 75.727]","(67.607, 69.484]","(71.832, 73.721]","(22361283.3, 22633649.25]"
2008-10-27,71.13,73.61,70.72,72.18,12160061,"(69.724, 71.609]","(71.945, 73.836]","(69.484, 71.361]","(71.832, 73.721]","(12011377.2, 12283743.15]"
2008-10-28,73.03,73.8,71.7,73.79,8474591,"(71.609, 73.494]","(71.945, 73.836]","(71.361, 73.238]","(73.721, 75.609]","(8470619.85, 8742985.8]"
2008-10-29,75.05,76.36,73.61,74.0,16124450,"(73.494, 75.379]","(75.727, 77.618]","(73.238, 75.115]","(73.721, 75.609]","(16096866.45, 16369232.4]"
2008-10-30,74.89,75.25,72.13,72.71,10897211,"(73.494, 75.379]","(73.836, 75.727]","(71.361, 73.238]","(71.832, 73.721]","(10649547.45, 10921913.4]"
2008-10-31,72.62,72.87,70.6,71.34,9519313,"(71.609, 73.494]","(71.945, 73.836]","(69.484, 71.361]","(69.944, 71.832]","(9287717.7, 9560083.65]"
2008-11-03,71.55,72.17,71.06,71.1,6807006,"(69.724, 71.609]","(71.945, 73.836]","(69.484, 71.361]","(69.944, 71.832]","(6564058.2, 6836424.15]"
2008-11-04,73.15,75.69,72.85,75.48,11444370,"(71.609, 73.494]","(73.836, 75.727]","(71.361, 73.238]","(73.721, 75.609]","(11194279.35, 11466645.3]"
2008-11-05,74.32,75.18,72.38,72.8,10319595,"(73.494, 75.379]","(73.836, 75.727]","(71.361, 73.238]","(71.832, 73.721]","(10104815.55, 10377181.5]"
2008-11-06,74.36,74.98,71.67,72.22,10699285,"(73.494, 75.379]","(73.836, 75.727]","(71.361, 73.238]","(71.832, 73.721]","(10649547.45, 10921913.4]"
2008-11-07,72.59,73.09,72.05,72.5,6052764,"(71.609, 73.494]","(71.945, 73.836]","(71.361, 73.238]","(71.832, 73.721]","(6019326.3, 6291692.25]"
2008-11-10,74.8,74.92,72.96,73.58,6096606,"(73.494, 75.379]","(73.836, 75.727]","(71.361, 73.238]","(71.832, 73.721]","(6019326.3, 6291692.25]"
2008-11-11,72.56,72.66,71.55,72.05,8355667,"(71.609, 73.494]","(71.945, 73.836]","(71.361, 73.238]","(71.832, 73.721]","(8198253.9, 8470619.85]"
2008-11-12,71.45,71.89,69.77,70.0,10038715,"(69.724, 71.609]","(70.054, 71.945]","(69.484, 71.361]","(69.944, 71.832]","(9832449.6, 10104815.55]"
2008-11-13,70.49,72.36,68.81,72.15,16832084,"(69.724, 71.609]","(71.945, 73.836]","(67.607, 69.484]","(71.832, 73.721]","(16641598.35, 16913964.3]"
2008-11-14,73.39,74.26,72.76,73.3,12810602,"(71.609, 73.494]","(73.836, 75.727]","(71.361, 73.238]","(71.832, 73.721]","(12556109.1, 12828475.05]"
2008-11-17,72.43,73.8,72.15,72.65,7711981,"(71.609, 73.494]","(71.945, 73.836]","(71.361, 73.238]","(71.832, 73.721]","(7653522.0, 7925887.95]"
2008-11-18,72.38,73.46,72.13,72.51,8147240,"(71.609, 73.494]","(71.945, 73.836]","(71.361, 73.238]","(71.832, 73.721]","(7925887.95, 8198253.9]"
2008-11-19,73.42,75.19,72.0,72.26,13974149,"(71.609, 73.494]","(73.836, 75.727]","(71.361, 73.238]","(71.832, 73.721]","(13917938.85, 14190304.8]"
2008-11-20,73.15,74.2,72.43,73.45,13589658,"(71.609, 73.494]","(73.836, 75.727]","(71.361, 73.238]","(71.832, 73.721]","(13373206.95, 13645572.9]"
2008-11-24,80.45,81.72,80.38,80.91,19899891,"(79.149, 81.034]","(81.4, 83.291]","(78.869, 80.746]","(79.385, 81.274]","(19637623.8, 19909989.75]"
2008-11-25,81.34,81.38,79.28,80.87,17525162,"(81.034, 82.919]","(79.509, 81.4]","(78.869, 80.746]","(79.385, 81.274]","(17458696.2, 17731062.15]"
2008-11-26,80.52,80.77,79.33,80.38,9142377,"(79.149, 81.034]","(79.509, 81.4]","(78.869, 80.746]","(79.385, 81.274]","(9015351.75, 9287717.7]"
2008-11-28,80.04,80.75,79.8,80.31,3665757,"(79.149, 81.034]","(79.509, 81.4]","(78.869, 80.746]","(79.385, 81.274]","(3568032.75, 3840398.7]"
2008-12-01,77.15,77.34,75.57,75.65,13149774,"(75.379, 77.264]","(75.727, 77.618]","(75.115, 76.992]","(75.609, 77.497]","(13100841.0, 13373206.95]"
2008-12-02,76.9,77.32,76.26,76.95,6950560,"(75.379, 77.264]","(75.727, 77.618]","(75.115, 76.992]","(75.609, 77.497]","(6836424.15, 7108790.1]"
2008-12-03,76.0,77.14,75.14,76.18,10693106,"(75.379, 77.264]","(75.727, 77.618]","(75.115, 76.992]","(75.609, 77.497]","(10649547.45, 10921913.4]"
2008-12-04,75.59,77.63,75.07,75.5,11830661,"(75.379, 77.264]","(77.618, 79.509]","(73.238, 75.115]","(73.721, 75.609]","(11739011.25, 12011377.2]"
2008-12-05,74.3,74.81,72.91,74.52,13392434,"(73.494, 75.379]","(73.836, 75.727]","(71.361, 73.238]","(73.721, 75.609]","(13373206.95, 13645572.9]"
2008-12-08,76.48,76.62,75.4,76.19,7275057,"(75.379, 77.264]","(75.727, 77.618]","(75.115, 76.992]","(75.609, 77.497]","(7108790.1, 7381156.05]"
2008-12-09,75.56,76.85,75.3,76.33,9618462,"(75.379, 77.264]","(75.727, 77.618]","(75.115, 76.992]","(75.609, 77.497]","(9560083.65, 9832449.6]"
2008-12-10,79.2,80.11,78.56,79.75,16055927,"(79.149, 81.034]","(79.509, 81.4]","(76.992, 78.869]","(79.385, 81.274]","(15824500.5, 16096866.45]"
2008-12-11,81.58,81.94,80.49,80.65,13997440,"(81.034, 82.919]","(81.4, 83.291]","(78.869, 80.746]","(79.385, 81.274]","(13917938.85, 14190304.8]"
2008-12-12,80.55,81.63,80.0,80.81,12539416,"(79.149, 81.034]","(81.4, 83.291]","(78.869, 80.746]","(79.385, 81.274]","(12283743.15, 12556109.1]"
2008-12-15,81.33,83.03,81.23,82.6,15013397,"(81.034, 82.919]","(81.4, 83.291]","(80.746, 82.623]","(81.274, 83.162]","(15007402.65, 15279768.6]"
2008-12-16,82.38,84.64,81.93,84.46,18689225,"(81.034, 82.919]","(83.291, 85.181]","(80.746, 82.623]","(83.162, 85.05]","(18548160.0, 18820525.95]"
2008-12-17,85.26,86.91,84.8,85.43,22162900,"(84.803, 86.688]","(85.181, 87.072]","(84.499, 86.376]","(85.05, 86.938]","(22088917.35, 22361283.3]"
2008-12-18,84.85,85.12,83.46,83.87,17256992,"(84.803, 86.688]","(83.291, 85.181]","(82.623, 84.499]","(83.162, 85.05]","(17186330.25, 17458696.2]"
2008-12-19,82.65,82.87,82.01,82.63,9139661,"(81.034, 82.919]","(81.4, 83.291]","(80.746, 82.623]","(81.274, 83.162]","(9015351.75, 9287717.7]"
2008-12-22,83.57,83.81,82.79,83.46,6695823,"(82.919, 84.803]","(83.291, 85.181]","(82.623, 84.499]","(83.162, 85.05]","(6564058.2, 6836424.15]"
2008-12-23,82.93,83.39,81.59,82.63,6323094,"(82.919, 84.803]","(83.291, 85.181]","(80.746, 82.623]","(81.274, 83.162]","(6291692.25, 6564058.2]"
2008-12-26,83.52,85.97,83.12,85.6,5083078,"(82.919, 84.803]","(85.181, 87.072]","(82.623, 84.499]","(85.05, 86.938]","(4929862.5, 5202228.45]"
2008-12-29,86.5,87.0,85.95,86.35,9091323,"(84.803, 86.688]","(85.181, 87.072]","(84.499, 86.376]","(85.05, 86.938]","(9015351.75, 9287717.7]"
2008-12-30,85.94,86.15,85.28,85.9,7123560,"(84.803, 86.688]","(85.181, 87.072]","(84.499, 86.376]","(85.05, 86.938]","(7108790.1, 7381156.05]"
2008-12-31,84.98,87.1,84.28,86.52,7849386,"(84.803, 86.688]","(87.072, 88.963]","(82.623, 84.499]","(85.05, 86.938]","(7653522.0, 7925887.95]"
2009-01-02,85.93,86.61,85.84,86.23,6413692,"(84.803, 86.688]","(85.181, 87.072]","(84.499, 86.376]","(85.05, 86.938]","(6291692.25, 6564058.2]"
2009-01-05,83.62,84.68,83.24,84.48,9583284,"(82.919, 84.803]","(83.291, 85.181]","(82.623, 84.499]","(83.162, 85.05]","(9560083.65, 9832449.6]"
2009-01-06,83.37,85.7,83.0,85.13,12880045,"(82.919, 84.803]","(85.181, 87.072]","(82.623, 84.499]","(85.05, 86.938]","(12828475.05, 13100841.0]"
2009-01-07,84.56,84.58,82.21,82.75,13370353,"(82.919, 84.803]","(83.291, 85.181]","(80.746, 82.623]","(81.274, 83.162]","(13100841.0, 13373206.95]"
2009-01-08,84.4,84.89,83.75,84.46,10720601,"(82.919, 84.803]","(83.291, 85.181]","(82.623, 84.499]","(83.162, 85.05]","(10649547.45, 10921913.4]"
2009-01-09,83.34,85.5,83.09,83.92,8863033,"(82.919, 84.803]","(85.181, 87.072]","(82.623, 84.499]","(83.162, 85.05]","(8742985.8, 9015351.75]"
2009-01-12,81.72,82.04,80.26,80.76,14761525,"(81.034, 82.919]","(81.4, 83.291]","(78.869, 80.746]","(79.385, 81.274]","(14735036.7, 15007402.65]"
2009-01-13,80.94,81.82,80.62,80.88,10021877,"(79.149, 81.034]","(81.4, 83.291]","(78.869, 80.746]","(79.385, 81.274]","(9832449.6, 10104815.55]"
2009-01-14,80.57,81.09,79.36,79.79,15609801,"(79.149, 81.034]","(79.509, 81.4]","(78.869, 80.746]","(79.385, 81.274]","(15552134.55, 15824500.5]"
2009-01-15,79.97,80.7,78.87,80.39,16717422,"(79.149, 81.034]","(79.509, 81.4]","(78.869, 80.746]","(79.385, 81.274]","(16641598.35, 16913964.3]"
2009-01-16,82.2,83.0,81.74,82.71,16470517,"(81.034, 82.919]","(81.4, 83.291]","(80.746, 82.623]","(81.274, 83.162]","(16369232.4, 16641598.35]"
2009-01-20,84.17,85.28,83.57,84.52,16754292,"(82.919, 84.803]","(85.181, 87.072]","(82.623, 84.499]","(83.162, 85.05]","(16641598.35, 16913964.3]"
2009-01-21,84.05,84.39,82.98,84.15,12280185,"(82.919, 84.803]","(83.291, 85.181]","(82.623, 84.499]","(83.162, 85.05]","(12011377.2, 12283743.15]"
2009-01-22,84.03,84.97,83.83,84.58,18572787,"(82.919, 84.803]","(83.291, 85.181]","(82.623, 84.499]","(83.162, 85.05]","(18548160.0, 18820525.95]"
2009-01-26,89.22,90.19,88.68,88.95,19135571,"(88.573, 90.458]","(88.963, 90.854]","(88.253, 90.13]","(88.827, 90.715]","(19092891.9, 19365257.85]"
2009-01-27,88.4,88.84,88.01,88.38,11883342,"(86.688, 88.573]","(87.072, 88.963]","(86.376, 88.253]","(86.938, 88.827]","(11739011.25, 12011377.2]"
2009-01-28,88.27,88.38,86.84,87.42,18459222,"(86.688, 88.573]","(87.072, 88.963]","(86.376, 88.253]","(86.938, 88.827]","(18275794.05, 18548160.0]"
2009-01-29,86.68,89.55,86.28,89.5,21193276,"(84.803, 86.688]","(88.963, 90.854]","(84.499, 86.376]","(88.827, 90.715]","(20999453.55, 21271819.5]"
2009-01-30,90.7,91.49,89.65,91.31,21282261,"(90.458, 92.343]","(90.854, 92.745]","(88.253, 90.13]","(90.715, 92.603]","(21271819.5, 21544185.45]"
2009-02-02,89.88,92.58,88.62,88.84,16998874,"(88.573, 90.458]","(90.854, 92.745]","(88.253, 90.13]","(88.827, 90.715]","(16913964.3, 17186330.25]"
2009-02-03,89.34,89.73,86.0,88.47,17578944,"(88.573, 90.458]","(88.963, 90.854]","(84.499, 86.376]","(86.938, 88.827]","(17458696.2, 17731062.15]"
2009-02-04,88.89,89.5,88.52,89.18,14271021,"(88.573, 90.458]","(88.963, 90.854]","(88.253, 90.13]","(88.827, 90.715]","(14190304.8, 14462670.75]"
2009-02-05,90.75,90.82,89.3,90.12,17196260,"(90.458, 92.343]","(88.963, 90.854]","(88.253, 90.13]","(88.827, 90.715]","(17186330.25, 17458696.2]"
2009-02-06,89.15,90.14,89.15,89.59,12554397,"(88.573, 90.458]","(88.963, 90.854]","(88.253, 90.13]","(88.827, 90.715]","(12283743.15, 12556109.1]"
2009-02-09,88.35,88.65,87.6,88.32,21273957,"(86.688, 88.573]","(87.072, 88.963]","(86.376, 88.253]","(86.938, 88.827]","(21271819.5, 21544185.45]"
2009-02-13,92.5,92.77,91.69,92.55,14717061,"(92.343, 94.228]","(92.745, 94.636]","(90.13, 92.007]","(90.715, 92.603]","(14462670.75, 14735036.7]"
2009-02-19,95.91,96.57,95.42,95.77,21305391,"(94.228, 96.113]","(96.527, 98.418]","(93.884, 95.761]","(94.491, 96.38]","(21271819.5, 21544185.45]"
2009-03-04,90.25,90.35,88.45,88.99,19875027,"(88.573, 90.458]","(88.963, 90.854]","(88.253, 90.13]","(88.827, 90.715]","(19637623.8, 19909989.75]"
2009-03-05,89.92,92.17,89.23,91.99,23995479,"(88.573, 90.458]","(90.854, 92.745]","(88.253, 90.13]","(90.715, 92.603]","(23723113.05, 23995479.0]"
2009-03-06,91.81,92.95,91.2,92.29,22396522,"(90.458, 92.343]","(92.745, 94.636]","(90.13, 92.007]","(90.715, 92.603]","(22361283.3, 22633649.25]"
2009-03-09,92.29,92.33,89.57,90.57,18311404,"(90.458, 92.343]","(90.854, 92.745]","(88.253, 90.13]","(88.827, 90.715]","(18275794.05, 18548160.0]"
2009-03-11,88.49,89.83,87.78,89.22,16692060,"(86.688, 88.573]","(88.963, 90.854]","(86.376, 88.253]","(88.827, 90.715]","(16641598.35, 16913964.3]"
2009-03-12,90.37,91.57,90.14,91.1,20138734,"(88.573, 90.458]","(90.854, 92.745]","(90.13, 92.007]","(90.715, 92.603]","(19909989.75, 20182355.7]"
2009-03-13,91.87,91.89,90.5,91.3,11693828,"(90.458, 92.343]","(90.854, 92.745]","(90.13, 92.007]","(90.715, 92.603]","(11466645.3, 11739011.25]"
2009-03-16,90.29,90.96,90.03,90.8,11787696,"(88.573, 90.458]","(90.854, 92.745]","(88.253, 90.13]","(90.715, 92.603]","(11739011.25, 12011377.2]"
2009-03-17,90.26,90.59,89.75,90.04,10054909,"(88.573, 90.458]","(88.963, 90.854]","(88.253, 90.13]","(88.827, 90.715]","(9832449.6, 10104815.55]"
2009-03-20,93.48,94.37,93.13,93.59,18078010,"(92.343, 94.228]","(92.745, 94.636]","(92.007, 93.884]","(92.603, 94.491]","(18003428.1, 18275794.05]"
2009-03-23,93.44,93.91,91.95,92.08,17660175,"(92.343, 94.228]","(92.745, 94.636]","(90.13, 92.007]","(90.715, 92.603]","(17458696.2, 17731062.15]"
2009-03-24,90.76,91.66,90.25,90.95,17004286,"(90.458, 92.343]","(90.854, 92.745]","(90.13, 92.007]","(90.715, 92.603]","(16913964.3, 17186330.25]"
2009-03-26,92.72,92.72,91.84,91.93,12370255,"(92.343, 94.228]","(90.854, 92.745]","(90.13, 92.007]","(90.715, 92.603]","(12283743.15, 12556109.1]"
2009-03-27,90.83,91.26,90.41,90.69,11624365,"(90.458, 92.343]","(90.854, 92.745]","(90.13, 92.007]","(88.827, 90.715]","(11466645.3, 11739011.25]"
2009-03-30,89.97,91.81,89.75,89.98,16430154,"(88.573, 90.458]","(90.854, 92.745]","(88.253, 90.13]","(88.827, 90.715]","(16369232.4, 16641598.35]"
2009-03-31,90.38,90.85,89.58,90.28,14401385,"(88.573, 90.458]","(88.963, 90.854]","(88.253, 90.13]","(88.827, 90.715]","(14190304.8, 14462670.75]"
2009-04-01,91.34,91.38,90.21,91.03,12302939,"(90.458, 92.343]","(90.854, 92.745]","(90.13, 92.007]","(90.715, 92.603]","(12283743.15, 12556109.1]"
2009-04-03,88.96,89.44,87.52,87.59,16346446,"(88.573, 90.458]","(88.963, 90.854]","(86.376, 88.253]","(86.938, 88.827]","(16096866.45, 16369232.4]"
2009-04-06,86.4,86.44,84.97,85.27,22909571,"(84.803, 86.688]","(85.181, 87.072]","(84.499, 86.376]","(85.05, 86.938]","(22906015.2, 23178381.15]"
2009-04-07,86.27,88.26,86.17,86.74,11011547,"(84.803, 86.688]","(87.072, 88.963]","(84.499, 86.376]","(85.05, 86.938]","(10921913.4, 11194279.35]"
2009-04-08,87.18,87.52,86.26,86.61,12230162,"(86.688, 88.573]","(87.072, 88.963]","(84.499, 86.376]","(85.05, 86.938]","(12011377.2, 12283743.15]"
2009-04-09,86.33,86.88,86.1,86.31,9608703,"(84.803, 86.688]","(85.181, 87.072]","(84.499, 86.376]","(85.05, 86.938]","(9560083.65, 9832449.6]"
2009-04-13,88.03,88.45,87.6,87.88,7283687,"(86.688, 88.573]","(87.072, 88.963]","(86.376, 88.253]","(86.938, 88.827]","(7108790.1, 7381156.05]"
2009-04-14,87.78,87.81,87.04,87.37,7167360,"(86.688, 88.573]","(87.072, 88.963]","(86.376, 88.253]","(86.938, 88.827]","(7108790.1, 7381156.05]"
2009-04-15,87.42,87.94,87.23,87.5,6857492,"(86.688, 88.573]","(87.072, 88.963]","(86.376, 88.253]","(86.938, 88.827]","(6836424.15, 7108790.1]"
2009-04-16,87.38,87.45,85.68,85.81,21033587,"(86.688, 88.573]","(87.072, 88.963]","(84.499, 86.376]","(85.05, 86.938]","(20999453.55, 21271819.5]"
2009-04-17,85.75,86.37,84.92,85.22,22332857,"(84.803, 86.688]","(85.181, 87.072]","(84.499, 86.376]","(85.05, 86.938]","(22088917.35, 22361283.3]"
2009-04-20,86.03,87.34,86.0,86.95,12674385,"(84.803, 86.688]","(87.072, 88.963]","(84.499, 86.376]","(86.938, 88.827]","(12556109.1, 12828475.05]"
2009-04-21,87.85,87.88,86.33,86.89,10656667,"(86.688, 88.573]","(87.072, 88.963]","(84.499, 86.376]","(85.05, 86.938]","(10649547.45, 10921913.4]"
2009-04-22,87.03,87.82,86.8,87.38,10085818,"(86.688, 88.573]","(87.072, 88.963]","(86.376, 88.253]","(86.938, 88.827]","(9832449.6, 10104815.55]"
2009-04-23,87.71,89.37,87.62,88.8,16623378,"(86.688, 88.573]","(88.963, 90.854]","(86.376, 88.253]","(86.938, 88.827]","(16369232.4, 16641598.35]"
2009-04-24,89.1,89.84,88.83,89.72,11425822,"(88.573, 90.458]","(88.963, 90.854]","(88.253, 90.13]","(88.827, 90.715]","(11194279.35, 11466645.3]"
2009-04-27,89.33,89.79,88.94,89.01,7156910,"(88.573, 90.458]","(88.963, 90.854]","(88.253, 90.13]","(88.827, 90.715]","(7108790.1, 7381156.05]"
2009-04-28,87.33,87.95,87.11,87.75,8571500,"(86.688, 88.573]","(87.072, 88.963]","(86.376, 88.253]","(86.938, 88.827]","(8470619.85, 8742985.8]"
2009-04-29,88.31,88.78,87.67,88.33,8098253,"(86.688, 88.573]","(87.072, 88.963]","(86.376, 88.253]","(86.938, 88.827]","(7925887.95, 8198253.9]"
2009-04-30,86.83,87.78,86.54,87.27,9716553,"(86.688, 88.573]","(87.072, 88.963]","(86.376, 88.253]","(86.938, 88.827]","(9560083.65, 9832449.6]"
2009-05-01,86.75,87.49,86.69,86.95,6122461,"(86.688, 88.573]","(87.072, 88.963]","(86.376, 88.253]","(86.938, 88.827]","(6019326.3, 6291692.25]"
2009-05-04,87.55,89.18,87.55,88.64,10816636,"(86.688, 88.573]","(88.963, 90.854]","(86.376, 88.253]","(86.938, 88.827]","(10649547.45, 10921913.4]"
2009-05-05,89.71,89.73,87.88,88.25,9956426,"(88.573, 90.458]","(88.963, 90.854]","(86.376, 88.253]","(86.938, 88.827]","(9832449.6, 10104815.55]"
2009-05-06,89.46,89.69,88.84,89.54,11337550,"(88.573, 90.458]","(88.963, 90.854]","(88.253, 90.13]","(88.827, 90.715]","(11194279.35, 11466645.3]"
2009-05-07,90.13,90.3,89.24,89.44,14808892,"(88.573, 90.458]","(88.963, 90.854]","(88.253, 90.13]","(88.827, 90.715]","(14735036.7, 15007402.65]"
2009-05-08,89.71,90.09,88.91,89.98,10940584,"(88.573, 90.458]","(88.963, 90.854]","(88.253, 90.13]","(88.827, 90.715]","(10921913.4, 11194279.35]"
2009-05-11,89.64,90.01,89.5,89.69,12212067,"(88.573, 90.458]","(88.963, 90.854]","(88.253, 90.13]","(88.827, 90.715]","(12011377.2, 12283743.15]"
2009-05-12,90.4,90.84,89.95,90.7,15764893,"(88.573, 90.458]","(88.963, 90.854]","(88.253, 90.13]","(88.827, 90.715]","(15552134.55, 15824500.5]"
2009-05-13,90.44,91.5,90.31,91.09,17445851,"(88.573, 90.458]","(90.854, 92.745]","(90.13, 92.007]","(90.715, 92.603]","(17186330.25, 17458696.2]"
2009-05-14,90.9,91.26,90.7,91.03,8025676,"(90.458, 92.343]","(90.854, 92.745]","(90.13, 92.007]","(90.715, 92.603]","(7925887.95, 8198253.9]"
2009-05-15,91.15,91.81,91.1,91.55,11707303,"(90.458, 92.343]","(90.854, 92.745]","(90.13, 92.007]","(90.715, 92.603]","(11466645.3, 11739011.25]"
2009-05-18,91.53,91.57,90.14,90.36,17353824,"(90.458, 92.343]","(90.854, 92.745]","(90.13, 92.007]","(88.827, 90.715]","(17186330.25, 17458696.2]"
2009-05-19,90.64,91.35,90.57,90.96,9631577,"(90.458, 92.343]","(90.854, 92.745]","(90.13, 92.007]","(90.715, 92.603]","(9560083.65, 9832449.6]"
2009-05-20,91.54,92.44,91.52,92.25,18298353,"(90.458, 92.343]","(90.854, 92.745]","(90.13, 92.007]","(90.715, 92.603]","(18275794.05, 18548160.0]"
2009-05-21,92.35,93.86,91.93,93.85,21830154,"(92.343, 94.228]","(92.745, 94.636]","(90.13, 92.007]","(92.603, 94.491]","(21816551.4, 22088917.35]"
2009-05-22,94.25,94.42,93.8,94.15,15408556,"(94.228, 96.113]","(92.745, 94.636]","(92.007, 93.884]","(92.603, 94.491]","(15279768.6, 15552134.55]"
2009-05-26,92.95,93.84,92.85,93.76,12360110,"(92.343, 94.228]","(92.745, 94.636]","(92.007, 93.884]","(92.603, 94.491]","(12283743.15, 12556109.1]"
2009-05-27,93.73,94.28,93.1,93.45,13708408,"(92.343, 94.228]","(92.745, 94.636]","(92.007, 93.884]","(92.603, 94.491]","(13645572.9, 13917938.85]"
2009-05-28,94.14,94.83,93.8,94.24,14973224,"(92.343, 94.228]","(94.636, 96.527]","(92.007, 93.884]","(92.603, 94.491]","(14735036.7, 15007402.65]"
2009-05-29,95.7,96.35,95.58,96.2,18139774,"(94.228, 96.113]","(94.636, 96.527]","(93.884, 95.761]","(94.491, 96.38]","(18003428.1, 18275794.05]"
2009-06-01,96.47,96.76,95.63,95.73,17923782,"(96.113, 97.998]","(96.527, 98.418]","(93.884, 95.761]","(94.491, 96.38]","(17731062.15, 18003428.1]"
2009-06-02,96.19,96.97,96.1,96.36,14536031,"(96.113, 97.998]","(96.527, 98.418]","(95.761, 97.638]","(94.491, 96.38]","(14462670.75, 14735036.7]"
2009-06-03,95.9,96.21,94.31,94.41,18208139,"(94.228, 96.113]","(94.636, 96.527]","(93.884, 95.761]","(92.603, 94.491]","(18003428.1, 18275794.05]"
2009-06-04,95.24,96.49,95.2,96.23,13635202,"(94.228, 96.113]","(94.636, 96.527]","(93.884, 95.761]","(94.491, 96.38]","(13373206.95, 13645572.9]"
2009-06-05,94.24,94.79,93.57,93.71,18601248,"(94.228, 96.113]","(94.636, 96.527]","(92.007, 93.884]","(92.603, 94.491]","(18548160.0, 18820525.95]"
2009-06-08,93.26,93.7,92.58,93.56,11557477,"(92.343, 94.228]","(92.745, 94.636]","(92.007, 93.884]","(92.603, 94.491]","(11466645.3, 11739011.25]"
2009-06-09,94.27,94.39,93.44,93.83,9481702,"(94.228, 96.113]","(92.745, 94.636]","(92.007, 93.884]","(92.603, 94.491]","(9287717.7, 9560083.65]"
2009-06-10,94.5,94.53,92.9,93.86,14445100,"(94.228, 96.113]","(92.745, 94.636]","(92.007, 93.884]","(92.603, 94.491]","(14190304.8, 14462670.75]"
2009-06-11,93.13,94.53,93.0,93.7,14778781,"(92.343, 94.228]","(92.745, 94.636]","(92.007, 93.884]","(92.603, 94.491]","(14735036.7, 15007402.65]"
2009-06-12,92.41,92.76,92.0,92.17,13810957,"(92.343, 94.228]","(92.745, 94.636]","(90.13, 92.007]","(90.715, 92.603]","(13645572.9, 13917938.85]"
2009-06-15,91.9,91.9,90.9,91.1,13121700,"(90.458, 92.343]","(90.854, 92.745]","(90.13, 92.007]","(90.715, 92.603]","(13100841.0, 13373206.95]"
2009-06-16,91.87,92.12,91.35,91.93,9841433,"(90.458, 92.343]","(90.854, 92.745]","(90.13, 92.007]","(90.715, 92.603]","(9832449.6, 10104815.55]"
2009-06-17,91.61,92.39,90.15,92.35,12130009,"(90.458, 92.343]","(90.854, 92.745]","(90.13, 92.007]","(90.715, 92.603]","(12011377.2, 12283743.15]"
2009-06-18,92.24,92.5,91.3,91.61,16244431,"(90.458, 92.343]","(90.854, 92.745]","(90.13, 92.007]","(90.715, 92.603]","(16096866.45, 16369232.4]"
2009-06-19,91.81,92.23,91.58,91.9,11812321,"(90.458, 92.343]","(90.854, 92.745]","(90.13, 92.007]","(90.715, 92.603]","(11739011.25, 12011377.2]"
2009-06-22,90.41,90.64,90.13,90.54,12957163,"(88.573, 90.458]","(88.963, 90.854]","(88.253, 90.13]","(88.827, 90.715]","(12828475.05, 13100841.0]"
2009-06-23,90.66,91.03,89.95,90.92,11965776,"(90.458, 92.343]","(90.854, 92.745]","(88.253, 90.13]","(90.715, 92.603]","(11739011.25, 12011377.2]"
2009-06-24,92.09,92.33,91.04,91.45,12115726,"(90.458, 92.343]","(90.854, 92.745]","(90.13, 92.007]","(90.715, 92.603]","(12011377.2, 12283743.15]"
2009-06-25,92.12,92.33,91.72,92.31,11446876,"(90.458, 92.343]","(90.854, 92.745]","(90.13, 92.007]","(90.715, 92.603]","(11194279.35, 11466645.3]"
2009-06-26,92.81,92.93,91.93,92.29,10418844,"(92.343, 94.228]","(92.745, 94.636]","(90.13, 92.007]","(90.715, 92.603]","(10377181.5, 10649547.45]"
2009-06-29,92.32,92.4,91.71,92.04,6529175,"(90.458, 92.343]","(90.854, 92.745]","(90.13, 92.007]","(90.715, 92.603]","(6291692.25, 6564058.2]"
2009-07-01,92.31,93.0,92.0,92.39,10744128,"(90.458, 92.343]","(92.745, 94.636]","(90.13, 92.007]","(90.715, 92.603]","(10649547.45, 10921913.4]"
2009-07-02,91.47,91.58,91.08,91.25,7365848,"(90.458, 92.343]","(90.854, 92.745]","(90.13, 92.007]","(90.715, 92.603]","(7108790.1, 7381156.05]"
2009-07-06,90.48,90.93,90.36,90.76,6287480,"(90.458, 92.343]","(90.854, 92.745]","(90.13, 92.007]","(90.715, 92.603]","(6019326.3, 6291692.25]"
2009-07-07,90.89,91.38,90.5,90.71,7690470,"(90.458, 92.343]","(90.854, 92.745]","(90.13, 92.007]","(88.827, 90.715]","(7653522.0, 7925887.95]"
2009-07-08,90.11,90.29,88.82,89.27,21958185,"(88.573, 90.458]","(88.963, 90.854]","(88.253, 90.13]","(88.827, 90.715]","(21816551.4, 22088917.35]"
2009-07-09,89.63,90.26,89.33,89.51,13688944,"(88.573, 90.458]","(88.963, 90.854]","(88.253, 90.13]","(88.827, 90.715]","(13645572.9, 13917938.85]"
2009-07-10,89.3,89.77,89.16,89.58,5040632,"(88.573, 90.458]","(88.963, 90.854]","(88.253, 90.13]","(88.827, 90.715]","(4929862.5, 5202228.45]"
2009-07-13,89.45,90.69,89.1,90.19,8811711,"(88.573, 90.458]","(88.963, 90.854]","(88.253, 90.13]","(88.827, 90.715]","(8742985.8, 9015351.75]"
2009-07-14,90.86,91.11,90.59,90.81,5722456,"(90.458, 92.343]","(90.854, 92.745]","(90.13, 92.007]","(90.715, 92.603]","(5474594.4, 5746960.35]"
2009-07-15,92.17,92.52,92.03,92.24,9863798,"(90.458, 92.343]","(90.854, 92.745]","(92.007, 93.884]","(90.715, 92.603]","(9832449.6, 10104815.55]"
2009-07-16,92.0,92.12,91.55,91.98,4605453,"(90.458, 92.343]","(90.854, 92.745]","(90.13, 92.007]","(90.715, 92.603]","(4385130.6, 4657496.55]"
2009-07-17,92.15,92.3,91.84,91.93,8748954,"(90.458, 92.343]","(90.854, 92.745]","(90.13, 92.007]","(90.715, 92.603]","(8742985.8, 9015351.75]"
2009-07-20,93.61,93.8,92.91,93.28,13175208,"(92.343, 94.228]","(92.745, 94.636]","(92.007, 93.884]","(92.603, 94.491]","(13100841.0, 13373206.95]"
2009-07-21,93.52,93.53,92.69,93.13,9348941,"(92.343, 94.228]","(92.745, 94.636]","(92.007, 93.884]","(92.603, 94.491]","(9287717.7, 9560083.65]"
2009-07-22,92.82,93.82,92.73,93.44,10243729,"(92.343, 94.228]","(92.745, 94.636]","(92.007, 93.884]","(92.603, 94.491]","(10104815.55, 10377181.5]"
2009-07-23,93.2,94.0,93.11,93.26,9764992,"(92.343, 94.228]","(92.745, 94.636]","(92.007, 93.884]","(92.603, 94.491]","(9560083.65, 9832449.6]"
2009-07-24,93.48,93.71,93.33,93.41,4734321,"(92.343, 94.228]","(92.745, 94.636]","(92.007, 93.884]","(92.603, 94.491]","(4657496.55, 4929862.5]"
2009-07-27,93.9,93.95,93.36,93.71,5172010,"(92.343, 94.228]","(92.745, 94.636]","(92.007, 93.884]","(92.603, 94.491]","(4929862.5, 5202228.45]"
2009-07-28,92.74,92.82,91.65,92.11,10887928,"(92.343, 94.228]","(92.745, 94.636]","(90.13, 92.007]","(90.715, 92.603]","(10649547.45, 10921913.4]"
2009-07-29,91.67,91.75,90.81,91.2,9677393,"(90.458, 92.343]","(90.854, 92.745]","(90.13, 92.007]","(90.715, 92.603]","(9560083.65, 9832449.6]"
2009-07-30,91.55,92.0,91.44,91.62,6248019,"(90.458, 92.343]","(90.854, 92.745]","(90.13, 92.007]","(90.715, 92.603]","(6019326.3, 6291692.25]"
2009-07-31,91.86,94.03,91.83,93.35,14389815,"(90.458, 92.343]","(92.745, 94.636]","(90.13, 92.007]","(92.603, 94.491]","(14190304.8, 14462670.75]"
2009-08-03,94.14,94.49,93.65,93.87,10016972,"(92.343, 94.228]","(92.745, 94.636]","(92.007, 93.884]","(92.603, 94.491]","(9832449.6, 10104815.55]"
2009-08-04,94.18,95.25,93.99,94.68,11550213,"(92.343, 94.228]","(94.636, 96.527]","(93.884, 95.761]","(94.491, 96.38]","(11466645.3, 11739011.25]"
2009-08-05,94.88,95.05,94.01,94.78,8987565,"(94.228, 96.113]","(94.636, 96.527]","(93.884, 95.761]","(94.491, 96.38]","(8742985.8, 9015351.75]"
2009-08-06,95.01,95.19,93.76,94.6,13660954,"(94.228, 96.113]","(94.636, 96.527]","(92.007, 93.884]","(94.491, 96.38]","(13645572.9, 13917938.85]"
2009-08-07,94.32,94.64,93.6,93.75,8042698,"(94.228, 96.113]","(94.636, 96.527]","(92.007, 93.884]","(92.603, 94.491]","(7925887.95, 8198253.9]"
2009-08-10,92.91,93.14,92.6,92.93,6420802,"(92.343, 94.228]","(92.745, 94.636]","(92.007, 93.884]","(92.603, 94.491]","(6291692.25, 6564058.2]"
2009-08-11,92.68,92.97,92.41,92.79,5030716,"(92.343, 94.228]","(92.745, 94.636]","(92.007, 93.884]","(92.603, 94.491]","(4929862.5, 5202228.45]"
2009-08-12,92.6,93.49,92.47,92.95,7911126,"(92.343, 94.228]","(92.745, 94.636]","(92.007, 93.884]","(92.603, 94.491]","(7653522.0, 7925887.95]"
2009-08-13,93.85,94.05,93.45,93.72,6757973,"(92.343, 94.228]","(92.745, 94.636]","(92.007, 93.884]","(92.603, 94.491]","(6564058.2, 6836424.15]"
2009-08-14,93.84,93.91,92.4,93.0,6189478,"(92.343, 94.228]","(92.745, 94.636]","(92.007, 93.884]","(92.603, 94.491]","(6019326.3, 6291692.25]"
2009-08-17,91.49,91.86,91.28,91.61,6833184,"(90.458, 92.343]","(90.854, 92.745]","(90.13, 92.007]","(90.715, 92.603]","(6564058.2, 6836424.15]"
2009-08-18,91.81,92.2,91.76,92.06,4362418,"(90.458, 92.343]","(90.854, 92.745]","(90.13, 92.007]","(90.715, 92.603]","(4112764.65, 4385130.6]"
2009-08-19,91.68,92.78,91.66,92.53,7119768,"(90.458, 92.343]","(92.745, 94.636]","(90.13, 92.007]","(90.715, 92.603]","(7108790.1, 7381156.05]"
2009-08-20,92.31,92.55,92.12,92.27,3973181,"(90.458, 92.343]","(90.854, 92.745]","(92.007, 93.884]","(90.715, 92.603]","(3840398.7, 4112764.65]"
2009-08-21,93.63,93.8,93.4,93.65,7287205,"(92.343, 94.228]","(92.745, 94.636]","(92.007, 93.884]","(92.603, 94.491]","(7108790.1, 7381156.05]"
2009-08-24,93.64,93.7,91.64,92.34,8547903,"(92.343, 94.228]","(92.745, 94.636]","(90.13, 92.007]","(90.715, 92.603]","(8470619.85, 8742985.8]"
2009-08-25,93.4,93.46,92.49,92.76,8284255,"(92.343, 94.228]","(92.745, 94.636]","(92.007, 93.884]","(92.603, 94.491]","(8198253.9, 8470619.85]"
2009-08-26,92.67,92.85,92.21,92.79,5226918,"(92.343, 94.228]","(92.745, 94.636]","(92.007, 93.884]","(92.603, 94.491]","(5202228.45, 5474594.4]"
2009-08-27,92.8,93.31,92.38,93.19,6876397,"(92.343, 94.228]","(92.745, 94.636]","(92.007, 93.884]","(92.603, 94.491]","(6836424.15, 7108790.1]"
2009-08-28,94.07,94.15,93.63,93.87,6759493,"(92.343, 94.228]","(92.745, 94.636]","(92.007, 93.884]","(92.603, 94.491]","(6564058.2, 6836424.15]"
2009-08-31,93.14,93.5,92.92,93.4,4957430,"(92.343, 94.228]","(92.745, 94.636]","(92.007, 93.884]","(92.603, 94.491]","(4929862.5, 5202228.45]"
2009-09-01,93.41,93.96,93.06,93.9,8002379,"(92.343, 94.228]","(92.745, 94.636]","(92.007, 93.884]","(92.603, 94.491]","(7925887.95, 8198253.9]"
2009-09-04,97.14,97.83,96.0,97.53,14913857,"(96.113, 97.998]","(96.527, 98.418]","(95.761, 97.638]","(96.38, 98.268]","(14735036.7, 15007402.65]"
2009-09-08,98.57,98.64,97.39,97.43,22989937,"(97.998, 99.883]","(98.418, 100.309]","(95.761, 97.638]","(96.38, 98.268]","(22906015.2, 23178381.15]"
2009-09-09,97.98,98.36,96.85,97.08,20439854,"(96.113, 97.998]","(96.527, 98.418]","(95.761, 97.638]","(96.38, 98.268]","(20182355.7, 20454721.65]"
2009-09-10,97.03,98.03,96.88,97.7,12256432,"(96.113, 97.998]","(96.527, 98.418]","(95.761, 97.638]","(96.38, 98.268]","(12011377.2, 12283743.15]"
2009-09-11,98.96,99.33,98.27,98.78,19502934,"(97.998, 99.883]","(98.418, 100.309]","(97.638, 99.515]","(98.268, 100.156]","(19365257.85, 19637623.8]"
2009-09-14,98.16,98.43,97.73,97.96,9639144,"(97.998, 99.883]","(98.418, 100.309]","(97.638, 99.515]","(96.38, 98.268]","(9560083.65, 9832449.6]"
2009-09-15,97.75,99.1,97.56,98.9,16253795,"(96.113, 97.998]","(98.418, 100.309]","(95.761, 97.638]","(98.268, 100.156]","(16096866.45, 16369232.4]"
2009-09-16,100.01,100.02,99.5,99.91,16588192,"(99.883, 101.768]","(98.418, 100.309]","(97.638, 99.515]","(98.268, 100.156]","(16369232.4, 16641598.35]"
2009-09-17,99.66,100.08,99.04,99.34,12493516,"(97.998, 99.883]","(98.418, 100.309]","(97.638, 99.515]","(98.268, 100.156]","(12283743.15, 12556109.1]"
2009-09-18,99.73,99.87,98.67,98.67,13941667,"(97.998, 99.883]","(98.418, 100.309]","(97.638, 99.515]","(98.268, 100.156]","(13917938.85, 14190304.8]"
2009-09-21,97.95,98.62,97.73,98.36,11121385,"(96.113, 97.998]","(98.418, 100.309]","(97.638, 99.515]","(98.268, 100.156]","(10921913.4, 11194279.35]"
2009-09-22,99.84,99.84,99.37,99.67,10887240,"(97.998, 99.883]","(98.418, 100.309]","(97.638, 99.515]","(98.268, 100.156]","(10649547.45, 10921913.4]"
2009-09-23,99.16,99.89,98.68,98.83,14735512,"(97.998, 99.883]","(98.418, 100.309]","(97.638, 99.515]","(98.268, 100.156]","(14735036.7, 15007402.65]"
2009-09-24,99.36,99.44,97.14,97.55,23350148,"(97.998, 99.883]","(98.418, 100.309]","(95.761, 97.638]","(96.38, 98.268]","(23178381.15, 23450747.1]"
2009-09-25,97.07,97.5,96.77,97.0,10729059,"(96.113, 97.998]","(96.527, 98.418]","(95.761, 97.638]","(96.38, 98.268]","(10649547.45, 10921913.4]"
2009-09-28,97.21,97.81,97.0,97.05,7794538,"(96.113, 97.998]","(96.527, 98.418]","(95.761, 97.638]","(96.38, 98.268]","(7653522.0, 7925887.95]"
2009-09-29,97.19,97.73,96.95,97.43,9262401,"(96.113, 97.998]","(96.527, 98.418]","(95.761, 97.638]","(96.38, 98.268]","(9015351.75, 9287717.7]"
2009-09-30,98.31,99.06,97.56,98.85,18672625,"(97.998, 99.883]","(98.418, 100.309]","(95.761, 97.638]","(98.268, 100.156]","(18548160.0, 18820525.95]"
2009-10-01,98.84,98.86,97.88,97.89,11049334,"(97.998, 99.883]","(98.418, 100.309]","(97.638, 99.515]","(96.38, 98.268]","(10921913.4, 11194279.35]"
2009-10-02,97.84,98.86,97.74,98.37,10477792,"(96.113, 97.998]","(98.418, 100.309]","(97.638, 99.515]","(98.268, 100.156]","(10377181.5, 10649547.45]"
2009-10-05,98.48,99.84,98.36,99.82,11709305,"(97.998, 99.883]","(98.418, 100.309]","(97.638, 99.515]","(98.268, 100.156]","(11466645.3, 11739011.25]"
2009-10-07,102.29,102.52,101.83,102.36,16194157,"(101.768, 103.653]","(102.2, 104.091]","(101.392, 103.269]","(102.045, 103.933]","(16096866.45, 16369232.4]"
2009-10-09,103.06,103.25,102.37,102.84,15182285,"(101.768, 103.653]","(102.2, 104.091]","(101.392, 103.269]","(102.045, 103.933]","(15007402.65, 15279768.6]"
2009-10-12,103.39,103.92,103.22,103.56,9178961,"(101.768, 103.653]","(102.2, 104.091]","(101.392, 103.269]","(102.045, 103.933]","(9015351.75, 9287717.7]"
2009-10-13,103.7,104.5,103.46,104.26,17358788,"(103.653, 105.538]","(104.091, 105.982]","(103.269, 105.146]","(103.933, 105.821]","(17186330.25, 17458696.2]"
2009-10-14,104.29,104.7,103.76,104.18,17871089,"(103.653, 105.538]","(104.091, 105.982]","(103.269, 105.146]","(103.933, 105.821]","(17731062.15, 18003428.1]"
2009-10-15,103.27,103.95,102.6,102.86,15786466,"(101.768, 103.653]","(102.2, 104.091]","(101.392, 103.269]","(102.045, 103.933]","(15552134.55, 15824500.5]"
2009-10-16,102.7,103.68,102.53,103.18,14321291,"(101.768, 103.653]","(102.2, 104.091]","(101.392, 103.269]","(102.045, 103.933]","(14190304.8, 14462670.75]"
2009-10-19,103.16,104.26,102.75,104.23,13936590,"(101.768, 103.653]","(104.091, 105.982]","(101.392, 103.269]","(103.933, 105.821]","(13917938.85, 14190304.8]"
2009-10-20,104.34,104.35,102.79,103.42,18252666,"(103.653, 105.538]","(104.091, 105.982]","(101.392, 103.269]","(102.045, 103.933]","(18003428.1, 18275794.05]"
2009-10-21,103.38,104.46,103.24,103.75,16011622,"(101.768, 103.653]","(104.091, 105.982]","(101.392, 103.269]","(102.045, 103.933]","(15824500.5, 16096866.45]"
2009-10-22,103.46,104.09,103.1,103.92,11583550,"(101.768, 103.653]","(102.2, 104.091]","(101.392, 103.269]","(102.045, 103.933]","(11466645.3, 11739011.25]"
2009-10-23,104.5,104.58,102.96,103.49,11423721,"(103.653, 105.538]","(104.091, 105.982]","(101.392, 103.269]","(102.045, 103.933]","(11194279.35, 11466645.3]"
2009-10-26,103.41,103.97,101.74,101.86,21527248,"(101.768, 103.653]","(102.2, 104.091]","(101.392, 103.269]","(100.156, 102.045]","(21271819.5, 21544185.45]"
2009-10-27,101.89,102.06,101.22,101.85,18420544,"(101.768, 103.653]","(100.309, 102.2]","(99.515, 101.392]","(100.156, 102.045]","(18275794.05, 18548160.0]"
2009-10-28,101.5,102.03,100.65,100.73,19351062,"(99.883, 101.768]","(100.309, 102.2]","(99.515, 101.392]","(100.156, 102.045]","(19092891.9, 19365257.85]"
2009-10-29,101.72,102.76,101.5,102.69,15328241,"(99.883, 101.768]","(102.2, 104.091]","(101.392, 103.269]","(102.045, 103.933]","(15279768.6, 15552134.55]"
2009-10-30,102.33,102.66,101.48,102.53,15246451,"(101.768, 103.653]","(102.2, 104.091]","(101.392, 103.269]","(102.045, 103.933]","(15007402.65, 15279768.6]"
2009-11-02,103.5,104.25,103.25,103.95,15466422,"(101.768, 103.653]","(104.091, 105.982]","(101.392, 103.269]","(103.933, 105.821]","(15279768.6, 15552134.55]"
2009-11-05,106.81,107.2,106.6,106.98,10197019,"(105.538, 107.423]","(105.982, 107.873]","(105.146, 107.023]","(105.821, 107.709]","(10104815.55, 10377181.5]"
2009-11-06,107.38,108.04,107.06,107.43,14789090,"(105.538, 107.423]","(107.873, 109.764]","(107.023, 108.9]","(105.821, 107.709]","(14735036.7, 15007402.65]"
2009-11-09,108.69,108.75,107.91,108.19,18452763,"(107.423, 109.308]","(107.873, 109.764]","(107.023, 108.9]","(107.709, 109.598]","(18275794.05, 18548160.0]"
2009-11-10,108.03,108.78,107.7,108.39,15980474,"(107.423, 109.308]","(107.873, 109.764]","(107.023, 108.9]","(107.709, 109.598]","(15824500.5, 16096866.45]"
2009-11-11,109.49,109.71,109.0,109.6,17670726,"(109.308, 111.193]","(107.873, 109.764]","(108.9, 110.777]","(109.598, 111.486]","(17458696.2, 17731062.15]"
2009-11-12,109.16,109.56,108.12,108.21,17859806,"(107.423, 109.308]","(107.873, 109.764]","(107.023, 108.9]","(107.709, 109.598]","(17731062.15, 18003428.1]"
2009-11-13,108.32,109.8,108.14,109.74,17252021,"(107.423, 109.308]","(109.764, 111.655]","(107.023, 108.9]","(109.598, 111.486]","(17186330.25, 17458696.2]"
2009-11-17,111.09,111.99,110.9,111.97,19831097,"(109.308, 111.193]","(111.655, 113.545]","(110.777, 112.653]","(111.486, 113.374]","(19637623.8, 19909989.75]"
2009-11-18,112.69,113.09,111.8,112.25,22336892,"(111.193, 113.077]","(111.655, 113.545]","(110.777, 112.653]","(111.486, 113.374]","(22088917.35, 22361283.3]"
2009-11-19,111.85,112.4,110.76,112.3,21249840,"(111.193, 113.077]","(111.655, 113.545]","(108.9, 110.777]","(111.486, 113.374]","(20999453.55, 21271819.5]"
2009-11-20,111.74,112.94,111.54,112.94,17309992,"(111.193, 113.077]","(111.655, 113.545]","(110.777, 112.653]","(111.486, 113.374]","(17186330.25, 17458696.2]"
2009-11-24,114.73,114.81,113.97,114.73,22618002,"(113.077, 114.962]","(113.545, 115.436]","(112.653, 114.53]","(113.374, 115.262]","(22361283.3, 22633649.25]"
2009-11-27,113.08,115.81,113.02,115.06,21234380,"(113.077, 114.962]","(115.436, 117.327]","(112.653, 114.53]","(113.374, 115.262]","(20999453.55, 21271819.5]"
2009-11-30,114.48,115.89,114.27,115.64,16420957,"(113.077, 114.962]","(115.436, 117.327]","(112.653, 114.53]","(115.262, 117.151]","(16369232.4, 16641598.35]"
2009-12-10,110.66,111.03,110.04,110.82,20531781,"(109.308, 111.193]","(109.764, 111.655]","(108.9, 110.777]","(109.598, 111.486]","(20454721.65, 20727087.6]"
2009-12-14,110.01,110.7,109.5,110.24,16339031,"(109.308, 111.193]","(109.764, 111.655]","(108.9, 110.777]","(109.598, 111.486]","(16096866.45, 16369232.4]"
2009-12-15,109.94,110.57,109.39,110.21,20059457,"(109.308, 111.193]","(109.764, 111.655]","(108.9, 110.777]","(109.598, 111.486]","(19909989.75, 20182355.7]"
2009-12-16,110.83,111.91,110.63,111.59,22850225,"(109.308, 111.193]","(111.655, 113.545]","(108.9, 110.777]","(111.486, 113.374]","(22633649.25, 22906015.2]"
2009-12-21,109.17,109.3,106.82,106.95,23337505,"(107.423, 109.308]","(107.873, 109.764]","(105.146, 107.023]","(105.821, 107.709]","(23178381.15, 23450747.1]"
2009-12-23,106.65,107.45,106.3,106.55,16941822,"(105.538, 107.423]","(105.982, 107.873]","(105.146, 107.023]","(105.821, 107.709]","(16913964.3, 17186330.25]"
2009-12-24,107.9,108.37,107.77,108.36,7991563,"(107.423, 109.308]","(107.873, 109.764]","(107.023, 108.9]","(107.709, 109.598]","(7925887.95, 8198253.9]"
2009-12-28,108.64,108.78,107.91,108.55,9637451,"(107.423, 109.308]","(107.873, 109.764]","(107.023, 108.9]","(107.709, 109.598]","(9560083.65, 9832449.6]"
2009-12-29,108.5,108.5,107.45,107.47,11043676,"(107.423, 109.308]","(107.873, 109.764]","(107.023, 108.9]","(105.821, 107.709]","(10921913.4, 11194279.35]"
2009-12-30,106.64,107.44,106.4,106.93,9405087,"(105.538, 107.423]","(105.982, 107.873]","(105.146, 107.023]","(105.821, 107.709]","(9287717.7, 9560083.65]"
2009-12-31,107.98,108.11,107.24,107.31,9125460,"(107.423, 109.308]","(107.873, 109.764]","(107.023, 108.9]","(105.821, 107.709]","(9015351.75, 9287717.7]"
2010-01-04,109.82,110.14,109.31,109.8,16224044,"(109.308, 111.193]","(109.764, 111.655]","(108.9, 110.777]","(109.598, 111.486]","(16096866.45, 16369232.4]"
2010-01-05,109.88,110.39,109.26,109.7,14213049,"(109.308, 111.193]","(109.764, 111.655]","(108.9, 110.777]","(109.598, 111.486]","(14190304.8, 14462670.75]"
2010-01-07,111.07,111.29,110.62,110.82,13609730,"(109.308, 111.193]","(109.764, 111.655]","(108.9, 110.777]","(109.598, 111.486]","(13373206.95, 13645572.9]"
2010-01-08,111.52,111.58,110.26,111.37,15896296,"(111.193, 113.077]","(109.764, 111.655]","(108.9, 110.777]","(109.598, 111.486]","(15824500.5, 16096866.45]"
2010-01-11,113.34,113.59,112.52,112.85,17252989,"(113.077, 114.962]","(113.545, 115.436]","(110.777, 112.653]","(111.486, 113.374]","(17186330.25, 17458696.2]"
2010-01-13,110.92,111.57,109.57,111.54,20013968,"(109.308, 111.193]","(109.764, 111.655]","(108.9, 110.777]","(111.486, 113.374]","(19909989.75, 20182355.7]"
2010-01-14,111.51,112.37,110.79,112.03,18316938,"(111.193, 113.077]","(111.655, 113.545]","(110.777, 112.653]","(111.486, 113.374]","(18275794.05, 18548160.0]"
2010-01-15,111.35,112.01,110.38,110.86,18008047,"(111.193, 113.077]","(111.655, 113.545]","(108.9, 110.777]","(109.598, 111.486]","(18003428.1, 18275794.05]"
2010-01-19,110.95,111.75,110.83,111.52,10474427,"(109.308, 111.193]","(111.655, 113.545]","(110.777, 112.653]","(111.486, 113.374]","(10377181.5, 10649547.45]"
2010-01-20,109.97,110.05,108.46,108.94,17539029,"(109.308, 111.193]","(109.764, 111.655]","(107.023, 108.9]","(107.709, 109.598]","(17458696.2, 17731062.15]"
2010-01-25,107.44,107.72,107.07,107.48,13200462,"(107.423, 109.308]","(105.982, 107.873]","(107.023, 108.9]","(105.821, 107.709]","(13100841.0, 13373206.95]"
2010-01-26,106.87,107.99,106.75,107.56,12297082,"(105.538, 107.423]","(107.873, 109.764]","(105.146, 107.023]","(105.821, 107.709]","(12283743.15, 12556109.1]"
2010-01-27,107.53,108.8,106.16,106.53,19005019,"(107.423, 109.308]","(107.873, 109.764]","(105.146, 107.023]","(105.821, 107.709]","(18820525.95, 19092891.9]"
2010-01-28,107.18,107.23,105.18,106.48,16792253,"(105.538, 107.423]","(105.982, 107.873]","(105.146, 107.023]","(105.821, 107.709]","(16641598.35, 16913964.3]"
2010-01-29,105.88,106.3,105.27,105.96,20278962,"(105.538, 107.423]","(105.982, 107.873]","(105.146, 107.023]","(105.821, 107.709]","(20182355.7, 20454721.65]"
2010-02-01,106.64,108.48,106.37,108.35,14901855,"(105.538, 107.423]","(107.873, 109.764]","(105.146, 107.023]","(107.709, 109.598]","(14735036.7, 15007402.65]"
2010-02-02,109.16,109.6,108.61,109.13,14328266,"(107.423, 109.308]","(107.873, 109.764]","(107.023, 108.9]","(107.709, 109.598]","(14190304.8, 14462670.75]"
2010-02-03,109.1,109.54,108.43,108.7,13393185,"(107.423, 109.308]","(107.873, 109.764]","(107.023, 108.9]","(107.709, 109.598]","(13373206.95, 13645572.9]"
2010-02-08,104.41,105.14,104.0,104.04,17182696,"(103.653, 105.538]","(104.091, 105.982]","(103.269, 105.146]","(103.933, 105.821]","(16913964.3, 17186330.25]"
2010-02-10,105.13,105.5,104.11,105.12,16280928,"(103.653, 105.538]","(104.091, 105.982]","(103.269, 105.146]","(103.933, 105.821]","(16096866.45, 16369232.4]"
2010-02-11,105.58,107.56,105.27,107.13,19350031,"(105.538, 107.423]","(105.982, 107.873]","(105.146, 107.023]","(105.821, 107.709]","(19092891.9, 19365257.85]"
2010-02-12,106.08,107.1,105.57,107.04,14464157,"(105.538, 107.423]","(105.982, 107.873]","(105.146, 107.023]","(105.821, 107.709]","(14462670.75, 14735036.7]"
2010-02-16,109.45,109.87,109.1,109.62,20904487,"(109.308, 111.193]","(109.764, 111.655]","(108.9, 110.777]","(109.598, 111.486]","(20727087.6, 20999453.55]"
2010-02-17,109.66,110.01,108.87,109.25,19593363,"(109.308, 111.193]","(109.764, 111.655]","(107.023, 108.9]","(107.709, 109.598]","(19365257.85, 19637623.8]"
2010-02-18,109.61,110.11,109.19,109.98,19177327,"(109.308, 111.193]","(109.764, 111.655]","(108.9, 110.777]","(109.598, 111.486]","(19092891.9, 19365257.85]"
2010-02-19,109.32,110.39,108.81,109.47,21929976,"(109.308, 111.193]","(109.764, 111.655]","(107.023, 108.9]","(107.709, 109.598]","(21816551.4, 22088917.35]"
2010-02-22,109.86,109.97,108.66,109.07,10746802,"(109.308, 111.193]","(109.764, 111.655]","(107.023, 108.9]","(107.709, 109.598]","(10649547.45, 10921913.4]"
2010-02-23,108.84,108.91,107.65,107.89,13634057,"(107.423, 109.308]","(107.873, 109.764]","(107.023, 108.9]","(107.709, 109.598]","(13373206.95, 13645572.9]"
2010-02-24,107.33,108.16,107.1,107.36,17207327,"(105.538, 107.423]","(107.873, 109.764]","(107.023, 108.9]","(105.821, 107.709]","(17186330.25, 17458696.2]"
2010-02-25,106.7,108.7,106.6,108.31,23400303,"(105.538, 107.423]","(107.873, 109.764]","(105.146, 107.023]","(107.709, 109.598]","(23178381.15, 23450747.1]"
2010-02-26,108.89,109.6,108.41,109.43,13036630,"(107.423, 109.308]","(107.873, 109.764]","(107.023, 108.9]","(107.709, 109.598]","(12828475.05, 13100841.0]"
2010-03-01,109.48,109.9,108.97,109.43,12830851,"(109.308, 111.193]","(109.764, 111.655]","(108.9, 110.777]","(107.709, 109.598]","(12828475.05, 13100841.0]"
2010-03-02,109.86,111.45,109.86,111.02,20106989,"(109.308, 111.193]","(109.764, 111.655]","(108.9, 110.777]","(109.598, 111.486]","(19909989.75, 20182355.7]"
2010-03-03,111.46,112.18,111.18,111.63,16222018,"(111.193, 113.077]","(111.655, 113.545]","(110.777, 112.653]","(111.486, 113.374]","(16096866.45, 16369232.4]"
2010-03-04,111.25,111.37,110.22,110.83,12951884,"(111.193, 113.077]","(109.764, 111.655]","(108.9, 110.777]","(109.598, 111.486]","(12828475.05, 13100841.0]"
2010-03-05,111.13,111.75,110.8,110.81,11091383,"(109.308, 111.193]","(111.655, 113.545]","(110.777, 112.653]","(109.598, 111.486]","(10921913.4, 11194279.35]"
2010-03-08,111.22,111.3,109.52,109.88,12760303,"(111.193, 113.077]","(109.764, 111.655]","(108.9, 110.777]","(109.598, 111.486]","(12556109.1, 12828475.05]"
2010-03-09,109.16,110.16,109.04,109.72,12652902,"(107.423, 109.308]","(109.764, 111.655]","(108.9, 110.777]","(109.598, 111.486]","(12556109.1, 12828475.05]"
2010-03-10,109.94,110.5,108.02,108.47,21990951,"(109.308, 111.193]","(109.764, 111.655]","(107.023, 108.9]","(107.709, 109.598]","(21816551.4, 22088917.35]"
2010-03-11,108.28,108.65,107.86,108.6,9521553,"(107.423, 109.308]","(107.873, 109.764]","(107.023, 108.9]","(107.709, 109.598]","(9287717.7, 9560083.65]"
2010-03-12,108.56,108.77,107.45,107.95,11849453,"(107.423, 109.308]","(107.873, 109.764]","(107.023, 108.9]","(107.709, 109.598]","(11739011.25, 12011377.2]"
2010-03-15,108.16,108.56,107.82,108.36,7700873,"(107.423, 109.308]","(107.873, 109.764]","(107.023, 108.9]","(107.709, 109.598]","(7653522.0, 7925887.95]"
2010-03-16,110.02,110.57,109.7,110.4,17751969,"(109.308, 111.193]","(109.764, 111.655]","(108.9, 110.777]","(109.598, 111.486]","(17731062.15, 18003428.1]"
2010-03-17,110.18,110.46,109.55,109.59,13784691,"(109.308, 111.193]","(109.764, 111.655]","(108.9, 110.777]","(107.709, 109.598]","(13645572.9, 13917938.85]"
2010-03-18,110.1,110.61,109.5,110.34,13853486,"(109.308, 111.193]","(109.764, 111.655]","(108.9, 110.777]","(109.598, 111.486]","(13645572.9, 13917938.85]"
2010-03-22,107.31,108.0,106.95,107.75,11586675,"(105.538, 107.423]","(107.873, 109.764]","(105.146, 107.023]","(107.709, 109.598]","(11466645.3, 11739011.25]"
2010-03-23,107.5,108.5,107.34,108.32,11282995,"(107.423, 109.308]","(107.873, 109.764]","(107.023, 108.9]","(107.709, 109.598]","(11194279.35, 11466645.3]"
2010-03-24,106.94,107.07,106.24,106.3,14240952,"(105.538, 107.423]","(105.982, 107.873]","(105.146, 107.023]","(105.821, 107.709]","(14190304.8, 14462670.75]"
2010-03-25,107.0,107.25,106.48,106.78,16871366,"(105.538, 107.423]","(105.982, 107.873]","(105.146, 107.023]","(105.821, 107.709]","(16641598.35, 16913964.3]"
2010-03-26,107.16,108.7,106.82,108.59,17435123,"(105.538, 107.423]","(107.873, 109.764]","(105.146, 107.023]","(107.709, 109.598]","(17186330.25, 17458696.2]"
2010-03-29,108.87,109.17,108.4,108.75,11530584,"(107.423, 109.308]","(107.873, 109.764]","(107.023, 108.9]","(107.709, 109.598]","(11466645.3, 11739011.25]"
2010-03-30,108.57,108.66,107.87,107.97,9818399,"(107.423, 109.308]","(107.873, 109.764]","(107.023, 108.9]","(107.709, 109.598]","(9560083.65, 9832449.6]"
2010-03-31,109.44,109.5,108.85,108.95,14006724,"(109.308, 111.193]","(107.873, 109.764]","(107.023, 108.9]","(107.709, 109.598]","(13917938.85, 14190304.8]"
2010-04-01,109.97,110.47,109.92,110.26,11371917,"(109.308, 111.193]","(109.764, 111.655]","(108.9, 110.777]","(109.598, 111.486]","(11194279.35, 11466645.3]"
2010-04-05,110.56,110.98,110.27,110.89,8210364,"(109.308, 111.193]","(109.764, 111.655]","(108.9, 110.777]","(109.598, 111.486]","(8198253.9, 8470619.85]"
2010-04-06,110.89,111.51,110.83,111.03,10324193,"(109.308, 111.193]","(109.764, 111.655]","(110.777, 112.653]","(109.598, 111.486]","(10104815.55, 10377181.5]"
2010-04-07,111.85,112.93,111.77,112.49,19145114,"(111.193, 113.077]","(111.655, 113.545]","(110.777, 112.653]","(111.486, 113.374]","(19092891.9, 19365257.85]"
2010-04-08,112.47,112.98,112.13,112.65,12448068,"(111.193, 113.077]","(111.655, 113.545]","(110.777, 112.653]","(111.486, 113.374]","(12283743.15, 12556109.1]"
2010-04-09,113.09,114.07,112.74,113.64,16428528,"(113.077, 114.962]","(113.545, 115.436]","(112.653, 114.53]","(113.374, 115.262]","(16369232.4, 16641598.35]"
2010-04-12,113.64,114.13,112.98,113.01,11120557,"(113.077, 114.962]","(113.545, 115.436]","(112.653, 114.53]","(111.486, 113.374]","(10921913.4, 11194279.35]"
2010-04-13,113.12,113.16,112.06,112.69,11261030,"(113.077, 114.962]","(111.655, 113.545]","(110.777, 112.653]","(111.486, 113.374]","(11194279.35, 11466645.3]"
2010-04-14,113.23,113.66,112.78,113.03,10573838,"(113.077, 114.962]","(113.545, 115.436]","(112.653, 114.53]","(111.486, 113.374]","(10377181.5, 10649547.45]"
2010-04-15,112.9,113.71,112.85,113.65,10955307,"(111.193, 113.077]","(113.545, 115.436]","(112.653, 114.53]","(113.374, 115.262]","(10921913.4, 11194279.35]"
2010-04-19,110.88,111.36,110.67,111.15,7996070,"(109.308, 111.193]","(109.764, 111.655]","(108.9, 110.777]","(109.598, 111.486]","(7925887.95, 8198253.9]"
2010-04-20,111.73,112.21,111.33,111.46,7020159,"(111.193, 113.077]","(111.655, 113.545]","(110.777, 112.653]","(109.598, 111.486]","(6836424.15, 7108790.1]"
2010-04-21,111.82,112.64,111.48,112.31,6843810,"(111.193, 113.077]","(111.655, 113.545]","(110.777, 112.653]","(111.486, 113.374]","(6836424.15, 7108790.1]"
2010-04-22,111.79,112.01,110.76,111.84,9605438,"(111.193, 113.077]","(111.655, 113.545]","(108.9, 110.777]","(111.486, 113.374]","(9560083.65, 9832449.6]"
2010-04-23,111.26,113.3,111.09,113.19,12506206,"(111.193, 113.077]","(111.655, 113.545]","(110.777, 112.653]","(111.486, 113.374]","(12283743.15, 12556109.1]"
2010-04-26,112.88,113.2,112.63,112.75,8337739,"(111.193, 113.077]","(111.655, 113.545]","(110.777, 112.653]","(111.486, 113.374]","(8198253.9, 8470619.85]"
2010-04-29,113.85,114.52,113.84,114.28,10381846,"(113.077, 114.962]","(113.545, 115.436]","(112.653, 114.53]","(113.374, 115.262]","(10377181.5, 10649547.45]"
2010-04-30,115.26,115.7,115.21,115.36,13406375,"(114.962, 116.847]","(115.436, 117.327]","(114.53, 116.407]","(115.262, 117.151]","(13373206.95, 13645572.9]"
2010-05-03,115.91,116.28,115.53,115.73,13571133,"(114.962, 116.847]","(115.436, 117.327]","(114.53, 116.407]","(115.262, 117.151]","(13373206.95, 13645572.9]"
2010-05-04,116.39,116.43,114.17,114.87,21520139,"(114.962, 116.847]","(115.436, 117.327]","(112.653, 114.53]","(113.374, 115.262]","(21271819.5, 21544185.45]"
2010-05-05,113.58,115.24,113.31,115.09,21616623,"(113.077, 114.962]","(113.545, 115.436]","(112.653, 114.53]","(113.374, 115.262]","(21544185.45, 21816551.4]"
2010-05-13,121.29,121.71,120.1,120.56,22340481,"(120.617, 122.502]","(121.109, 123.0]","(118.284, 120.161]","(119.039, 120.927]","(22088917.35, 22361283.3]"
2010-05-21,115.05,116.24,114.51,115.22,20098278,"(114.962, 116.847]","(115.436, 117.327]","(112.653, 114.53]","(113.374, 115.262]","(19909989.75, 20182355.7]"
2010-05-24,116.34,117.17,116.04,116.84,14336746,"(114.962, 116.847]","(115.436, 117.327]","(114.53, 116.407]","(115.262, 117.151]","(14190304.8, 14462670.75]"
2010-05-25,117.16,117.52,116.82,117.36,21232666,"(116.847, 118.732]","(117.327, 119.218]","(116.407, 118.284]","(117.151, 119.039]","(20999453.55, 21271819.5]"
2010-05-26,118.58,119.08,118.32,118.47,13153439,"(116.847, 118.732]","(117.327, 119.218]","(118.284, 120.161]","(117.151, 119.039]","(13100841.0, 13373206.95]"
2010-05-27,118.16,119.04,118.14,118.69,10424769,"(116.847, 118.732]","(117.327, 119.218]","(116.407, 118.284]","(117.151, 119.039]","(10377181.5, 10649547.45]"
2010-05-28,118.48,118.9,117.63,118.88,11581441,"(116.847, 118.732]","(117.327, 119.218]","(116.407, 118.284]","(117.151, 119.039]","(11466645.3, 11739011.25]"
2010-06-01,119.88,120.25,119.63,119.91,12207708,"(118.732, 120.617]","(119.218, 121.109]","(118.284, 120.161]","(119.039, 120.927]","(12011377.2, 12283743.15]"
2010-06-02,119.35,119.88,118.72,119.78,10348182,"(118.732, 120.617]","(119.218, 121.109]","(118.284, 120.161]","(119.039, 120.927]","(10104815.55, 10377181.5]"
2010-06-03,119.16,119.39,117.48,117.96,13861386,"(118.732, 120.617]","(119.218, 121.109]","(116.407, 118.284]","(117.151, 119.039]","(13645572.9, 13917938.85]"
2010-06-04,117.96,119.39,117.05,119.19,16536585,"(116.847, 118.732]","(119.218, 121.109]","(116.407, 118.284]","(119.039, 120.927]","(16369232.4, 16641598.35]"
2010-06-07,118.73,121.8,118.62,121.49,20246173,"(116.847, 118.732]","(121.109, 123.0]","(118.284, 120.161]","(120.927, 122.815]","(20182355.7, 20454721.65]"
2010-06-08,121.61,122.45,120.66,121.0,23410223,"(120.617, 122.502]","(121.109, 123.0]","(120.161, 122.038]","(120.927, 122.815]","(23178381.15, 23450747.1]"
2010-06-09,120.48,120.99,119.51,120.56,12884566,"(118.732, 120.617]","(119.218, 121.109]","(118.284, 120.161]","(119.039, 120.927]","(12828475.05, 13100841.0]"
2010-06-10,119.36,120.04,118.83,118.97,13687871,"(118.732, 120.617]","(119.218, 121.109]","(118.284, 120.161]","(117.151, 119.039]","(13645572.9, 13917938.85]"
2010-06-11,119.88,120.41,119.33,120.01,7830520,"(118.732, 120.617]","(119.218, 121.109]","(118.284, 120.161]","(119.039, 120.927]","(7653522.0, 7925887.95]"
2010-06-14,119.63,120.26,118.96,119.6,11004042,"(118.732, 120.617]","(119.218, 121.109]","(118.284, 120.161]","(119.039, 120.927]","(10921913.4, 11194279.35]"
2010-06-15,119.71,121.03,119.48,120.99,15073837,"(118.732, 120.617]","(119.218, 121.109]","(118.284, 120.161]","(120.927, 122.815]","(15007402.65, 15279768.6]"
2010-06-16,120.68,120.89,120.04,120.33,10505517,"(120.617, 122.502]","(119.218, 121.109]","(118.284, 120.161]","(119.039, 120.927]","(10377181.5, 10649547.45]"
2010-06-17,121.64,122.41,121.49,121.9,19799687,"(120.617, 122.502]","(121.109, 123.0]","(120.161, 122.038]","(120.927, 122.815]","(19637623.8, 19909989.75]"
2010-06-18,123.04,123.5,122.81,122.83,19430908,"(122.502, 124.387]","(123.0, 124.891]","(122.038, 123.915]","(122.815, 124.704]","(19365257.85, 19637623.8]"
2010-06-21,123.09,123.11,120.36,120.39,20041604,"(122.502, 124.387]","(123.0, 124.891]","(120.161, 122.038]","(119.039, 120.927]","(19909989.75, 20182355.7]"
2010-06-22,121.16,121.59,120.87,121.45,12944685,"(120.617, 122.502]","(121.109, 123.0]","(120.161, 122.038]","(120.927, 122.815]","(12828475.05, 13100841.0]"
2010-06-23,120.89,121.02,119.77,120.95,14120709,"(120.617, 122.502]","(119.218, 121.109]","(118.284, 120.161]","(120.927, 122.815]","(13917938.85, 14190304.8]"
2010-06-24,120.76,122.16,120.67,121.3,13140891,"(120.617, 122.502]","(121.109, 123.0]","(120.161, 122.038]","(120.927, 122.815]","(13100841.0, 13373206.95]"
2010-06-25,122.75,123.13,122.49,122.76,9990880,"(122.502, 124.387]","(123.0, 124.891]","(122.038, 123.915]","(120.927, 122.815]","(9832449.6, 10104815.55]"
2010-06-28,122.79,123.56,120.81,121.09,19655951,"(122.502, 124.387]","(123.0, 124.891]","(120.161, 122.038]","(120.927, 122.815]","(19637623.8, 19909989.75]"
2010-06-29,121.05,121.82,119.03,121.27,17337148,"(120.617, 122.502]","(121.109, 123.0]","(118.284, 120.161]","(120.927, 122.815]","(17186330.25, 17458696.2]"
2010-06-30,121.07,122.09,120.88,121.68,12016230,"(120.617, 122.502]","(121.109, 123.0]","(120.161, 122.038]","(120.927, 122.815]","(12011377.2, 12283743.15]"
2010-07-02,118.21,118.5,117.41,118.49,14733044,"(116.847, 118.732]","(117.327, 119.218]","(116.407, 118.284]","(117.151, 119.039]","(14462670.75, 14735036.7]"
2010-07-06,117.67,117.72,116.3,116.51,16849131,"(116.847, 118.732]","(117.327, 119.218]","(114.53, 116.407]","(115.262, 117.151]","(16641598.35, 16913964.3]"
2010-07-07,116.57,117.78,116.5,117.73,10933967,"(114.962, 116.847]","(117.327, 119.218]","(116.407, 118.284]","(117.151, 119.039]","(10921913.4, 11194279.35]"
2010-07-08,117.39,117.41,116.1,117.21,11315983,"(116.847, 118.732]","(117.327, 119.218]","(114.53, 116.407]","(117.151, 119.039]","(11194279.35, 11466645.3]"
2010-07-09,118.14,118.73,118.0,118.36,9597357,"(116.847, 118.732]","(117.327, 119.218]","(116.407, 118.284]","(117.151, 119.039]","(9560083.65, 9832449.6]"
2010-07-12,117.83,118.2,116.97,117.34,7511235,"(116.847, 118.732]","(117.327, 119.218]","(116.407, 118.284]","(117.151, 119.039]","(7381156.05, 7653522.0]"
2010-07-13,118.98,119.1,118.36,118.36,8423609,"(118.732, 120.617]","(117.327, 119.218]","(118.284, 120.161]","(117.151, 119.039]","(8198253.9, 8470619.85]"
2010-07-14,118.26,119.13,117.59,118.3,9576080,"(116.847, 118.732]","(117.327, 119.218]","(116.407, 118.284]","(117.151, 119.039]","(9560083.65, 9832449.6]"
2010-07-15,118.59,118.7,117.73,118.23,8588898,"(116.847, 118.732]","(117.327, 119.218]","(116.407, 118.284]","(117.151, 119.039]","(8470619.85, 8742985.8]"
2010-07-16,116.69,116.79,115.95,116.67,17494306,"(114.962, 116.847]","(115.436, 117.327]","(114.53, 116.407]","(115.262, 117.151]","(17458696.2, 17731062.15]"
2010-07-19,115.57,115.8,115.11,115.73,15723859,"(114.962, 116.847]","(115.436, 117.327]","(114.53, 116.407]","(115.262, 117.151]","(15552134.55, 15824500.5]"
2010-07-20,115.75,116.74,115.48,116.65,9267259,"(114.962, 116.847]","(115.436, 117.327]","(114.53, 116.407]","(115.262, 117.151]","(9015351.75, 9287717.7]"
2010-07-21,116.8,117.0,115.71,115.85,9401816,"(114.962, 116.847]","(115.436, 117.327]","(114.53, 116.407]","(115.262, 117.151]","(9287717.7, 9560083.65]"
2010-07-22,115.95,117.5,115.91,116.86,8163975,"(114.962, 116.847]","(117.327, 119.218]","(114.53, 116.407]","(115.262, 117.151]","(7925887.95, 8198253.9]"
2010-07-23,117.12,117.47,115.79,116.09,8335429,"(116.847, 118.732]","(117.327, 119.218]","(114.53, 116.407]","(115.262, 117.151]","(8198253.9, 8470619.85]"
2010-07-26,116.38,116.47,115.3,115.52,11223640,"(114.962, 116.847]","(115.436, 117.327]","(114.53, 116.407]","(115.262, 117.151]","(11194279.35, 11466645.3]"
2010-07-28,113.48,113.93,113.08,113.78,16074252,"(113.077, 114.962]","(113.545, 115.436]","(112.653, 114.53]","(113.374, 115.262]","(15824500.5, 16096866.45]"
2010-07-29,113.54,114.35,113.34,114.29,9483748,"(113.077, 114.962]","(113.545, 115.436]","(112.653, 114.53]","(113.374, 115.262]","(9287717.7, 9560083.65]"
2010-07-30,114.36,115.73,114.08,115.49,10093637,"(113.077, 114.962]","(115.436, 117.327]","(112.653, 114.53]","(115.262, 117.151]","(9832449.6, 10104815.55]"
2010-08-02,116.12,116.39,115.2,115.54,8473382,"(114.962, 116.847]","(115.436, 117.327]","(114.53, 116.407]","(115.262, 117.151]","(8470619.85, 8742985.8]"
2010-08-03,115.88,116.44,115.81,115.99,5585138,"(114.962, 116.847]","(115.436, 117.327]","(114.53, 116.407]","(115.262, 117.151]","(5474594.4, 5746960.35]"
2010-08-04,117.41,117.65,116.65,116.72,10326181,"(116.847, 118.732]","(117.327, 119.218]","(116.407, 118.284]","(115.262, 117.151]","(10104815.55, 10377181.5]"
2010-08-05,117.01,117.1,116.35,116.98,7026267,"(116.847, 118.732]","(115.436, 117.327]","(114.53, 116.407]","(115.262, 117.151]","(6836424.15, 7108790.1]"
2010-08-06,117.99,118.42,117.49,117.84,10001961,"(116.847, 118.732]","(117.327, 119.218]","(116.407, 118.284]","(117.151, 119.039]","(9832449.6, 10104815.55]"
2010-08-09,117.76,117.85,117.23,117.4,6754905,"(116.847, 118.732]","(117.327, 119.218]","(116.407, 118.284]","(117.151, 119.039]","(6564058.2, 6836424.15]"
2010-08-10,116.59,118.09,116.4,117.73,10444819,"(114.962, 116.847]","(117.327, 119.218]","(114.53, 116.407]","(117.151, 119.039]","(10377181.5, 10649547.45]"
2010-08-11,117.74,118.14,116.58,117.34,12436882,"(116.847, 118.732]","(117.327, 119.218]","(116.407, 118.284]","(117.151, 119.039]","(12283743.15, 12556109.1]"
2010-08-12,118.56,118.86,118.46,118.77,12326949,"(116.847, 118.732]","(117.327, 119.218]","(118.284, 120.161]","(117.151, 119.039]","(12283743.15, 12556109.1]"
2010-08-13,118.82,118.89,118.36,118.74,10214530,"(118.732, 120.617]","(117.327, 119.218]","(118.284, 120.161]","(117.151, 119.039]","(10104815.55, 10377181.5]"
2010-08-16,119.7,119.83,119.46,119.73,8954062,"(118.732, 120.617]","(119.218, 121.109]","(118.284, 120.161]","(119.039, 120.927]","(8742985.8, 9015351.75]"
2010-08-17,119.75,119.97,119.6,119.75,9145319,"(118.732, 120.617]","(119.218, 121.109]","(118.284, 120.161]","(119.039, 120.927]","(9015351.75, 9287717.7]"
2010-08-18,119.23,120.51,119.0,120.22,12105463,"(118.732, 120.617]","(119.218, 121.109]","(118.284, 120.161]","(119.039, 120.927]","(12011377.2, 12283743.15]"
2010-08-19,120.65,120.99,120.11,120.39,10015407,"(120.617, 122.502]","(119.218, 121.109]","(118.284, 120.161]","(119.039, 120.927]","(9832449.6, 10104815.55]"
2010-08-20,119.97,120.07,119.45,119.97,10682814,"(118.732, 120.617]","(119.218, 121.109]","(118.284, 120.161]","(119.039, 120.927]","(10649547.45, 10921913.4]"
2010-08-23,119.91,120.07,119.42,119.78,4855583,"(118.732, 120.617]","(119.218, 121.109]","(118.284, 120.161]","(119.039, 120.927]","(4657496.55, 4929862.5]"
2010-08-24,118.77,120.8,118.71,120.36,14804627,"(118.732, 120.617]","(119.218, 121.109]","(118.284, 120.161]","(119.039, 120.927]","(14735036.7, 15007402.65]"
2010-08-25,121.12,121.38,120.67,121.36,13990142,"(120.617, 122.502]","(121.109, 123.0]","(120.161, 122.038]","(120.927, 122.815]","(13917938.85, 14190304.8]"
2010-08-26,121.09,122.95,120.5,120.96,8890323,"(120.617, 122.502]","(121.109, 123.0]","(120.161, 122.038]","(120.927, 122.815]","(8742985.8, 9015351.75]"
2010-08-27,121.2,121.45,120.42,121.01,10396670,"(120.617, 122.502]","(121.109, 123.0]","(120.161, 122.038]","(120.927, 122.815]","(10377181.5, 10649547.45]"
2010-08-30,120.85,121.06,120.58,120.91,4391739,"(120.617, 122.502]","(119.218, 121.109]","(120.161, 122.038]","(119.039, 120.927]","(4385130.6, 4657496.55]"
2010-08-31,121.77,122.19,121.46,122.08,12252000,"(120.617, 122.502]","(121.109, 123.0]","(120.161, 122.038]","(120.927, 122.815]","(12011377.2, 12283743.15]"
2010-09-01,122.15,122.21,121.43,121.69,11874031,"(120.617, 122.502]","(121.109, 123.0]","(120.161, 122.038]","(120.927, 122.815]","(11739011.25, 12011377.2]"
2010-09-02,122.38,122.48,121.89,122.29,6994054,"(120.617, 122.502]","(121.109, 123.0]","(120.161, 122.038]","(120.927, 122.815]","(6836424.15, 7108790.1]"
2010-09-03,121.39,122.27,121.15,121.86,7239550,"(120.617, 122.502]","(121.109, 123.0]","(120.161, 122.038]","(120.927, 122.815]","(7108790.1, 7381156.05]"
2010-09-07,122.91,123.06,122.63,122.7,8780590,"(122.502, 124.387]","(123.0, 124.891]","(122.038, 123.915]","(120.927, 122.815]","(8742985.8, 9015351.75]"
2010-09-08,122.82,123.42,122.6,122.71,9791961,"(122.502, 124.387]","(123.0, 124.891]","(122.038, 123.915]","(120.927, 122.815]","(9560083.65, 9832449.6]"
2010-09-09,122.44,122.88,121.38,121.56,13747203,"(120.617, 122.502]","(121.109, 123.0]","(120.161, 122.038]","(120.927, 122.815]","(13645572.9, 13917938.85]"
2010-09-10,121.4,122.3,121.39,121.73,8963835,"(120.617, 122.502]","(121.109, 123.0]","(120.161, 122.038]","(120.927, 122.815]","(8742985.8, 9015351.75]"
2010-09-13,121.63,122.11,121.39,121.62,9681262,"(120.617, 122.502]","(121.109, 123.0]","(120.161, 122.038]","(120.927, 122.815]","(9560083.65, 9832449.6]"
2010-09-15,123.97,124.29,123.44,123.94,11686081,"(122.502, 124.387]","(123.0, 124.891]","(122.038, 123.915]","(122.815, 124.704]","(11466645.3, 11739011.25]"
2010-09-16,124.5,124.77,124.19,124.63,12668970,"(124.387, 126.272]","(123.0, 124.891]","(123.915, 125.792]","(122.815, 124.704]","(12556109.1, 12828475.05]"
2010-09-17,125.03,125.03,124.27,124.54,9094553,"(124.387, 126.272]","(124.891, 126.782]","(123.915, 125.792]","(122.815, 124.704]","(9015351.75, 9287717.7]"
2010-09-20,125.09,125.45,124.78,124.87,8478430,"(124.387, 126.272]","(124.891, 126.782]","(123.915, 125.792]","(124.704, 126.592]","(8470619.85, 8742985.8]"
2010-09-21,124.77,126.17,124.16,126.01,20278955,"(124.387, 126.272]","(124.891, 126.782]","(123.915, 125.792]","(124.704, 126.592]","(20182355.7, 20454721.65]"
2010-09-22,126.58,126.63,125.7,126.2,11052581,"(126.272, 128.157]","(124.891, 126.782]","(123.915, 125.792]","(124.704, 126.592]","(10921913.4, 11194279.35]"
2010-09-23,126.2,126.66,125.81,126.3,9325282,"(124.387, 126.272]","(124.891, 126.782]","(125.792, 127.669]","(124.704, 126.592]","(9287717.7, 9560083.65]"
2010-09-24,126.91,127.0,126.3,126.69,13761257,"(126.272, 128.157]","(126.782, 128.673]","(125.792, 127.669]","(126.592, 128.48]","(13645572.9, 13917938.85]"
2010-09-27,126.9,126.91,126.48,126.72,6679652,"(126.272, 128.157]","(126.782, 128.673]","(125.792, 127.669]","(126.592, 128.48]","(6564058.2, 6836424.15]"
2010-09-28,126.42,128.03,126.11,127.85,19853372,"(126.272, 128.157]","(126.782, 128.673]","(125.792, 127.669]","(126.592, 128.48]","(19637623.8, 19909989.75]"
2010-09-29,127.93,128.24,127.52,127.95,12330516,"(126.272, 128.157]","(126.782, 128.673]","(125.792, 127.669]","(126.592, 128.48]","(12283743.15, 12556109.1]"
2010-09-30,128.15,128.28,126.61,127.91,19209987,"(126.272, 128.157]","(126.782, 128.673]","(125.792, 127.669]","(126.592, 128.48]","(19092891.9, 19365257.85]"
2010-10-01,128.72,129.07,128.46,128.91,15508044,"(128.157, 130.042]","(128.673, 130.564]","(127.669, 129.546]","(128.48, 130.369]","(15279768.6, 15552134.55]"
2010-10-04,128.52,128.62,128.22,128.46,8365391,"(128.157, 130.042]","(126.782, 128.673]","(127.669, 129.546]","(126.592, 128.48]","(8198253.9, 8470619.85]"
2010-10-05,130.11,131.12,129.87,130.99,17472955,"(130.042, 131.927]","(130.564, 132.455]","(129.546, 131.423]","(130.369, 132.257]","(17458696.2, 17731062.15]"
2010-10-06,131.45,131.86,131.34,131.81,16130983,"(130.042, 131.927]","(130.564, 132.455]","(129.546, 131.423]","(130.369, 132.257]","(16096866.45, 16369232.4]"
2010-10-08,130.78,131.88,130.47,131.66,14290319,"(130.042, 131.927]","(130.564, 132.455]","(129.546, 131.423]","(130.369, 132.257]","(14190304.8, 14462670.75]"
2010-10-11,131.28,132.33,130.98,132.29,10622701,"(130.042, 131.927]","(130.564, 132.455]","(129.546, 131.423]","(132.257, 134.145]","(10377181.5, 10649547.45]"
2010-10-12,132.06,132.21,131.36,131.96,13291337,"(131.927, 133.812]","(130.564, 132.455]","(129.546, 131.423]","(130.369, 132.257]","(13100841.0, 13373206.95]"
2010-10-13,132.73,134.31,132.63,134.07,18392203,"(131.927, 133.812]","(132.455, 134.346]","(131.423, 133.3]","(132.257, 134.145]","(18275794.05, 18548160.0]"
2010-10-15,134.24,134.46,133.07,133.68,19878823,"(133.812, 135.697]","(134.346, 136.237]","(131.423, 133.3]","(132.257, 134.145]","(19637623.8, 19909989.75]"
2010-10-18,133.46,134.34,133.16,134.28,12296936,"(131.927, 133.812]","(132.455, 134.346]","(131.423, 133.3]","(134.145, 136.033]","(12283743.15, 12556109.1]"
2010-10-20,130.36,131.65,130.32,131.32,12546430,"(130.042, 131.927]","(130.564, 132.455]","(129.546, 131.423]","(130.369, 132.257]","(12283743.15, 12556109.1]"
2010-10-21,131.08,131.59,128.72,129.47,21804962,"(130.042, 131.927]","(130.564, 132.455]","(127.669, 129.546]","(128.48, 130.369]","(21544185.45, 21816551.4]"
2010-10-22,129.47,129.75,128.97,129.73,9266713,"(128.157, 130.042]","(128.673, 130.564]","(127.669, 129.546]","(128.48, 130.369]","(9015351.75, 9287717.7]"
2010-10-25,131.16,131.38,130.21,130.85,12156648,"(130.042, 131.927]","(130.564, 132.455]","(129.546, 131.423]","(130.369, 132.257]","(12011377.2, 12283743.15]"
2010-10-26,129.99,131.14,129.73,130.88,10701841,"(128.157, 130.042]","(130.564, 132.455]","(129.546, 131.423]","(130.369, 132.257]","(10649547.45, 10921913.4]"
2010-10-27,129.93,130.0,128.79,129.52,16131725,"(128.157, 130.042]","(128.673, 130.564]","(127.669, 129.546]","(128.48, 130.369]","(16096866.45, 16369232.4]"
2010-10-28,130.36,131.5,129.84,131.24,15893602,"(130.042, 131.927]","(130.564, 132.455]","(129.546, 131.423]","(130.369, 132.257]","(15824500.5, 16096866.45]"
2010-10-29,131.48,132.82,131.06,132.62,12558109,"(130.042, 131.927]","(132.455, 134.346]","(129.546, 131.423]","(132.257, 134.145]","(12556109.1, 12828475.05]"
2010-11-01,132.85,133.07,131.76,131.92,12403504,"(131.927, 133.812]","(132.455, 134.346]","(131.423, 133.3]","(130.369, 132.257]","(12283743.15, 12556109.1]"
2010-11-02,132.44,132.59,131.88,132.49,9405214,"(131.927, 133.812]","(132.455, 134.346]","(131.423, 133.3]","(132.257, 134.145]","(9287717.7, 9560083.65]"
2010-11-04,134.64,136.13,134.24,136.03,23474597,"(133.812, 135.697]","(134.346, 136.237]","(133.3, 135.177]","(134.145, 136.033]","(23450747.1, 23723113.05]"
2010-11-05,135.14,136.61,134.95,136.38,16643340,"(133.812, 135.697]","(136.237, 138.128]","(133.3, 135.177]","(136.033, 137.922]","(16641598.35, 16913964.3]"
2010-11-08,135.92,137.79,135.53,137.78,17352780,"(135.697, 137.582]","(136.237, 138.128]","(135.177, 137.054]","(136.033, 137.922]","(17186330.25, 17458696.2]"
2010-11-11,137.62,137.75,136.45,137.66,15434647,"(137.582, 139.467]","(136.237, 138.128]","(135.177, 137.054]","(136.033, 137.922]","(15279768.6, 15552134.55]"
2010-11-15,133.86,134.49,132.39,132.42,15064905,"(133.812, 135.697]","(134.346, 136.237]","(131.423, 133.3]","(132.257, 134.145]","(15007402.65, 15279768.6]"
2010-11-17,130.77,131.37,130.13,130.38,16396491,"(130.042, 131.927]","(130.564, 132.455]","(129.546, 131.423]","(130.369, 132.257]","(16369232.4, 16641598.35]"
2010-11-18,131.82,132.78,131.55,132.09,15998841,"(130.042, 131.927]","(132.455, 134.346]","(131.423, 133.3]","(130.369, 132.257]","(15824500.5, 16096866.45]"
2010-11-19,131.48,132.35,131.01,132.2,12157800,"(130.042, 131.927]","(130.564, 132.455]","(129.546, 131.423]","(130.369, 132.257]","(12011377.2, 12283743.15]"
2010-11-22,132.13,133.6,131.69,133.48,13084173,"(131.927, 133.812]","(132.455, 134.346]","(131.423, 133.3]","(132.257, 134.145]","(12828475.05, 13100841.0]"
2010-11-23,133.6,135.07,133.46,134.41,18211553,"(131.927, 133.812]","(134.346, 136.237]","(133.3, 135.177]","(134.145, 136.033]","(18003428.1, 18275794.05]"
2010-11-24,134.36,134.7,133.74,134.18,8859251,"(133.812, 135.697]","(134.346, 136.237]","(133.3, 135.177]","(134.145, 136.033]","(8742985.8, 9015351.75]"
2010-11-26,132.38,133.16,131.93,133.11,6314581,"(131.927, 133.812]","(132.455, 134.346]","(131.423, 133.3]","(132.257, 134.145]","(6291692.25, 6564058.2]"
2010-11-29,133.19,133.75,132.33,133.51,13975895,"(131.927, 133.812]","(132.455, 134.346]","(131.423, 133.3]","(132.257, 134.145]","(13917938.85, 14190304.8]"
2010-11-30,135.21,135.75,134.78,135.42,17467664,"(133.812, 135.697]","(134.346, 136.237]","(133.3, 135.177]","(134.145, 136.033]","(17458696.2, 17731062.15]"
2010-12-01,135.71,136.14,134.96,135.38,16822562,"(135.697, 137.582]","(134.346, 136.237]","(133.3, 135.177]","(134.145, 136.033]","(16641598.35, 16913964.3]"
2010-12-02,135.62,136.59,135.15,135.2,17571433,"(133.812, 135.697]","(136.237, 138.128]","(133.3, 135.177]","(134.145, 136.033]","(17458696.2, 17731062.15]"
2010-12-03,136.62,138.11,136.48,138.07,14358280,"(135.697, 137.582]","(136.237, 138.128]","(135.177, 137.054]","(137.922, 139.81]","(14190304.8, 14462670.75]"
2010-12-06,138.14,139.46,137.73,139.11,15622166,"(137.582, 139.467]","(138.128, 140.019]","(137.054, 138.931]","(137.922, 139.81]","(15552134.55, 15824500.5]"
2010-12-08,135.91,136.29,133.88,134.79,23478770,"(135.697, 137.582]","(136.237, 138.128]","(133.3, 135.177]","(134.145, 136.033]","(23450747.1, 23723113.05]"
2010-12-09,135.69,136.16,134.88,135.37,14152089,"(133.812, 135.697]","(134.346, 136.237]","(133.3, 135.177]","(134.145, 136.033]","(13917938.85, 14190304.8]"
2010-12-10,134.94,135.48,133.95,135.41,10699553,"(133.812, 135.697]","(134.346, 136.237]","(133.3, 135.177]","(134.145, 136.033]","(10649547.45, 10921913.4]"
2010-12-13,136.26,136.64,135.86,136.05,13342322,"(135.697, 137.582]","(136.237, 138.128]","(135.177, 137.054]","(136.033, 137.922]","(13100841.0, 13373206.95]"
2010-12-14,136.27,137.21,135.86,136.18,17431792,"(135.697, 137.582]","(136.237, 138.128]","(135.177, 137.054]","(136.033, 137.922]","(17186330.25, 17458696.2]"
2010-12-15,135.26,135.93,134.68,134.7,15086009,"(133.812, 135.697]","(134.346, 136.237]","(133.3, 135.177]","(134.145, 136.033]","(15007402.65, 15279768.6]"
2010-12-16,134.21,134.23,132.86,133.81,23464875,"(133.812, 135.697]","(132.455, 134.346]","(131.423, 133.3]","(132.257, 134.145]","(23450747.1, 23723113.05]"
2010-12-17,133.97,134.63,133.22,134.2,13328588,"(133.812, 135.697]","(134.346, 136.237]","(131.423, 133.3]","(134.145, 136.033]","(13100841.0, 13373206.95]"
2010-12-20,135.13,135.44,134.33,135.11,13139619,"(133.812, 135.697]","(134.346, 136.237]","(133.3, 135.177]","(134.145, 136.033]","(13100841.0, 13373206.95]"
2010-12-21,135.17,135.78,134.79,135.32,10241974,"(133.812, 135.697]","(134.346, 136.237]","(133.3, 135.177]","(134.145, 136.033]","(10104815.55, 10377181.5]"
2010-12-22,135.6,135.7,134.97,135.05,7302670,"(133.812, 135.697]","(134.346, 136.237]","(133.3, 135.177]","(134.145, 136.033]","(7108790.1, 7381156.05]"
2010-12-23,134.26,134.9,133.93,134.66,8701477,"(133.812, 135.697]","(134.346, 136.237]","(133.3, 135.177]","(134.145, 136.033]","(8470619.85, 8742985.8]"
2010-12-27,134.96,135.06,134.49,135.02,3437595,"(133.812, 135.697]","(134.346, 136.237]","(133.3, 135.177]","(134.145, 136.033]","(3295666.8, 3568032.75]"
2010-12-28,136.85,137.34,136.62,137.22,10117296,"(135.697, 137.582]","(136.237, 138.128]","(135.177, 137.054]","(136.033, 137.922]","(10104815.55, 10377181.5]"
2010-12-29,137.38,138.05,137.19,137.71,8442637,"(135.697, 137.582]","(136.237, 138.128]","(137.054, 138.931]","(136.033, 137.922]","(8198253.9, 8470619.85]"
2010-12-30,137.58,137.71,136.94,137.03,5751473,"(135.697, 137.582]","(136.237, 138.128]","(135.177, 137.054]","(136.033, 137.922]","(5746960.35, 6019326.3]"
2010-12-31,137.95,138.77,137.87,138.72,7882427,"(137.582, 139.467]","(138.128, 140.019]","(137.054, 138.931]","(137.922, 139.81]","(7653522.0, 7925887.95]"
2011-01-03,138.67,139.0,137.88,138.0,11506700,"(137.582, 139.467]","(138.128, 140.019]","(137.054, 138.931]","(137.922, 139.81]","(11466645.3, 11739011.25]"
2011-01-05,133.5,134.68,133.1,134.37,16691962,"(131.927, 133.812]","(134.346, 136.237]","(131.423, 133.3]","(134.145, 136.033]","(16641598.35, 16913964.3]"
2011-01-06,134.06,134.38,133.14,133.83,15966783,"(133.812, 135.697]","(134.346, 136.237]","(131.423, 133.3]","(132.257, 134.145]","(15824500.5, 16096866.45]"
2011-01-07,133.38,134.61,133.18,133.58,12285590,"(131.927, 133.812]","(134.346, 136.237]","(131.423, 133.3]","(132.257, 134.145]","(12283743.15, 12556109.1]"
2011-01-10,133.84,134.2,133.24,134.12,8423505,"(133.812, 135.697]","(132.455, 134.346]","(131.423, 133.3]","(132.257, 134.145]","(8198253.9, 8470619.85]"
2011-01-11,134.79,135.16,133.96,134.91,10270445,"(133.812, 135.697]","(134.346, 136.237]","(133.3, 135.177]","(134.145, 136.033]","(10104815.55, 10377181.5]"
2011-01-12,134.79,135.58,134.35,135.46,10787730,"(133.812, 135.697]","(134.346, 136.237]","(133.3, 135.177]","(134.145, 136.033]","(10649547.45, 10921913.4]"
2011-01-13,135.66,135.68,133.63,134.05,14302045,"(133.812, 135.697]","(134.346, 136.237]","(133.3, 135.177]","(132.257, 134.145]","(14190304.8, 14462670.75]"
2011-01-14,133.17,133.6,132.22,132.69,17413413,"(131.927, 133.812]","(132.455, 134.346]","(131.423, 133.3]","(132.257, 134.145]","(17186330.25, 17458696.2]"
2011-01-18,133.62,134.0,133.17,133.43,11594561,"(131.927, 133.812]","(132.455, 134.346]","(131.423, 133.3]","(132.257, 134.145]","(11466645.3, 11739011.25]"
2011-01-19,134.37,134.4,133.4,133.72,11794520,"(133.812, 135.697]","(134.346, 136.237]","(133.3, 135.177]","(132.257, 134.145]","(11739011.25, 12011377.2]"
2011-01-21,130.76,131.43,130.53,131.03,15754478,"(130.042, 131.927]","(130.564, 132.455]","(129.546, 131.423]","(130.369, 132.257]","(15552134.55, 15824500.5]"
2011-01-24,131.01,131.63,130.14,130.36,15117264,"(130.042, 131.927]","(130.564, 132.455]","(129.546, 131.423]","(128.48, 130.369]","(15007402.65, 15279768.6]"
2011-01-25,129.65,130.27,129.07,130.1,22223155,"(128.157, 130.042]","(128.673, 130.564]","(127.669, 129.546]","(128.48, 130.369]","(22088917.35, 22361283.3]"
2011-01-26,129.83,131.17,129.28,131.16,20547678,"(128.157, 130.042]","(130.564, 132.455]","(127.669, 129.546]","(130.369, 132.257]","(20454721.65, 20727087.6]"
2011-01-31,129.27,130.51,129.25,129.87,14666028,"(128.157, 130.042]","(128.673, 130.564]","(127.669, 129.546]","(128.48, 130.369]","(14462670.75, 14735036.7]"
2011-02-01,130.52,131.08,129.33,130.8,15364095,"(130.042, 131.927]","(130.564, 132.455]","(127.669, 129.546]","(130.369, 132.257]","(15279768.6, 15552134.55]"
2011-02-02,130.37,130.6,129.45,130.45,10084337,"(130.042, 131.927]","(130.564, 132.455]","(127.669, 129.546]","(130.369, 132.257]","(9832449.6, 10104815.55]"
2011-02-03,130.07,132.32,129.28,132.2,17397164,"(130.042, 131.927]","(130.564, 132.455]","(127.669, 129.546]","(130.369, 132.257]","(17186330.25, 17458696.2]"
2011-02-04,131.84,132.7,131.23,131.66,12344022,"(130.042, 131.927]","(132.455, 134.346]","(129.546, 131.423]","(130.369, 132.257]","(12283743.15, 12556109.1]"
2011-02-07,131.67,131.95,131.23,131.68,7178460,"(130.042, 131.927]","(130.564, 132.455]","(129.546, 131.423]","(130.369, 132.257]","(7108790.1, 7381156.05]"
2011-02-08,132.96,133.5,132.8,133.14,16225634,"(131.927, 133.812]","(132.455, 134.346]","(131.423, 133.3]","(132.257, 134.145]","(16096866.45, 16369232.4]"
2011-02-09,133.19,133.39,132.49,133.07,10178773,"(131.927, 133.812]","(132.455, 134.346]","(131.423, 133.3]","(132.257, 134.145]","(10104815.55, 10377181.5]"
2011-02-10,132.11,133.31,132.0,132.85,8101694,"(131.927, 133.812]","(132.455, 134.346]","(131.423, 133.3]","(132.257, 134.145]","(7925887.95, 8198253.9]"
2011-02-11,133.01,133.44,132.09,132.32,8156503,"(131.927, 133.812]","(132.455, 134.346]","(131.423, 133.3]","(132.257, 134.145]","(7925887.95, 8198253.9]"
2011-02-14,132.95,133.38,132.7,132.95,8699909,"(131.927, 133.812]","(132.455, 134.346]","(131.423, 133.3]","(132.257, 134.145]","(8470619.85, 8742985.8]"
2011-02-15,133.86,134.17,133.63,133.97,10111840,"(133.812, 135.697]","(132.455, 134.346]","(133.3, 135.177]","(132.257, 134.145]","(10104815.55, 10377181.5]"
2011-02-16,134.25,134.86,133.45,134.1,12823886,"(133.812, 135.697]","(134.346, 136.237]","(133.3, 135.177]","(132.257, 134.145]","(12556109.1, 12828475.05]"
2011-02-18,135.18,135.8,134.88,135.41,14503246,"(133.812, 135.697]","(134.346, 136.237]","(133.3, 135.177]","(134.145, 136.033]","(14462670.75, 14735036.7]"
2011-02-22,136.9,137.22,136.19,136.29,16676237,"(135.697, 137.582]","(136.237, 138.128]","(135.177, 137.054]","(136.033, 137.922]","(16641598.35, 16913964.3]"
2011-02-23,136.96,138.2,136.92,137.51,15689802,"(135.697, 137.582]","(138.128, 140.019]","(135.177, 137.054]","(136.033, 137.922]","(15552134.55, 15824500.5]"
2011-02-24,138.04,138.14,135.73,136.48,18784891,"(137.582, 139.467]","(138.128, 140.019]","(135.177, 137.054]","(136.033, 137.922]","(18548160.0, 18820525.95]"
2011-02-25,137.21,137.74,136.77,137.38,10351550,"(135.697, 137.582]","(136.237, 138.128]","(135.177, 137.054]","(136.033, 137.922]","(10104815.55, 10377181.5]"
2011-02-28,137.61,138.14,137.03,137.66,8850160,"(137.582, 139.467]","(138.128, 140.019]","(135.177, 137.054]","(136.033, 137.922]","(8742985.8, 9015351.75]"
2011-03-01,138.57,140.03,138.49,140.03,15821584,"(137.582, 139.467]","(140.019, 141.909]","(137.054, 138.931]","(139.81, 141.698]","(15552134.55, 15824500.5]"
2011-03-02,140.24,140.55,139.48,139.92,15722964,"(139.467, 141.351]","(140.019, 141.909]","(138.931, 140.807]","(139.81, 141.698]","(15552134.55, 15824500.5]"
2011-03-03,138.77,139.13,137.57,138.09,16486617,"(137.582, 139.467]","(138.128, 140.019]","(137.054, 138.931]","(137.922, 139.81]","(16369232.4, 16641598.35]"
2011-03-04,138.63,139.75,138.61,139.35,17456720,"(137.582, 139.467]","(138.128, 140.019]","(137.054, 138.931]","(137.922, 139.81]","(17186330.25, 17458696.2]"
2011-03-07,140.31,140.61,139.28,139.72,14068889,"(139.467, 141.351]","(140.019, 141.909]","(138.931, 140.807]","(137.922, 139.81]","(13917938.85, 14190304.8]"
2011-03-08,139.65,139.66,138.83,139.36,10724606,"(139.467, 141.351]","(138.128, 140.019]","(137.054, 138.931]","(137.922, 139.81]","(10649547.45, 10921913.4]"
2011-03-09,139.92,139.95,138.94,139.41,8725705,"(139.467, 141.351]","(138.128, 140.019]","(138.931, 140.807]","(137.922, 139.81]","(8470619.85, 8742985.8]"
2011-03-10,138.5,138.5,136.85,137.77,15562925,"(137.582, 139.467]","(138.128, 140.019]","(135.177, 137.054]","(136.033, 137.922]","(15552134.55, 15824500.5]"
2011-03-11,137.28,138.93,137.18,138.22,10417498,"(135.697, 137.582]","(138.128, 140.019]","(137.054, 138.931]","(137.922, 139.81]","(10377181.5, 10649547.45]"
2011-03-14,139.33,139.55,138.61,138.86,10243570,"(137.582, 139.467]","(138.128, 140.019]","(137.054, 138.931]","(137.922, 139.81]","(10104815.55, 10377181.5]"
2011-03-15,135.35,136.94,135.23,136.27,23465117,"(133.812, 135.697]","(136.237, 138.128]","(135.177, 137.054]","(136.033, 137.922]","(23450747.1, 23723113.05]"
2011-03-16,136.52,137.2,135.8,136.24,13394012,"(135.697, 137.582]","(136.237, 138.128]","(135.177, 137.054]","(136.033, 137.922]","(13373206.95, 13645572.9]"
2011-03-17,136.56,137.08,136.25,136.97,9123203,"(135.697, 137.582]","(136.237, 138.128]","(135.177, 137.054]","(136.033, 137.922]","(9015351.75, 9287717.7]"
2011-03-18,138.14,138.83,137.76,138.37,18602095,"(137.582, 139.467]","(138.128, 140.019]","(137.054, 138.931]","(137.922, 139.81]","(18548160.0, 18820525.95]"
2011-03-21,139.5,139.91,138.97,139.14,13743636,"(139.467, 141.351]","(138.128, 140.019]","(138.931, 140.807]","(137.922, 139.81]","(13645572.9, 13917938.85]"
2011-03-22,138.89,139.36,138.67,139.05,9558323,"(137.582, 139.467]","(138.128, 140.019]","(137.054, 138.931]","(137.922, 139.81]","(9287717.7, 9560083.65]"
2011-03-23,139.61,140.55,139.55,140.34,11543314,"(139.467, 141.351]","(140.019, 141.909]","(138.931, 140.807]","(139.81, 141.698]","(11466645.3, 11739011.25]"
2011-03-24,140.34,141.28,138.83,139.22,17016650,"(139.467, 141.351]","(140.019, 141.909]","(137.054, 138.931]","(137.922, 139.81]","(16913964.3, 17186330.25]"
2011-03-25,139.98,140.24,138.66,139.26,13191941,"(139.467, 141.351]","(140.019, 141.909]","(137.054, 138.931]","(137.922, 139.81]","(13100841.0, 13373206.95]"
2011-03-28,137.82,138.83,137.78,138.54,7661981,"(137.582, 139.467]","(138.128, 140.019]","(137.054, 138.931]","(137.922, 139.81]","(7653522.0, 7925887.95]"
2011-03-29,138.2,138.82,137.94,138.21,6349437,"(137.582, 139.467]","(138.128, 140.019]","(137.054, 138.931]","(137.922, 139.81]","(6291692.25, 6564058.2]"
2011-03-30,139.12,139.18,137.68,138.67,10751162,"(137.582, 139.467]","(138.128, 140.019]","(137.054, 138.931]","(137.922, 139.81]","(10649547.45, 10921913.4]"
2011-03-31,140.06,140.4,139.78,139.86,15227531,"(139.467, 141.351]","(140.019, 141.909]","(138.931, 140.807]","(139.81, 141.698]","(15007402.65, 15279768.6]"
2011-04-01,138.65,139.55,137.72,139.2,15739369,"(137.582, 139.467]","(138.128, 140.019]","(137.054, 138.931]","(137.922, 139.81]","(15552134.55, 15824500.5]"
2011-04-04,140.14,140.26,139.45,139.84,9677952,"(139.467, 141.351]","(140.019, 141.909]","(138.931, 140.807]","(139.81, 141.698]","(9560083.65, 9832449.6]"
2011-04-05,139.58,142.09,139.52,142.05,18324555,"(139.467, 141.351]","(141.909, 143.8]","(138.931, 140.807]","(141.698, 143.586]","(18275794.05, 18548160.0]"
2011-04-06,142.4,142.62,141.77,142.38,10714471,"(141.351, 143.236]","(141.909, 143.8]","(140.807, 142.684]","(141.698, 143.586]","(10649547.45, 10921913.4]"
2011-04-07,142.23,142.89,141.8,142.51,9489776,"(141.351, 143.236]","(141.909, 143.8]","(140.807, 142.684]","(141.698, 143.586]","(9287717.7, 9560083.65]"
2011-04-08,143.34,143.84,142.97,143.66,13128255,"(143.236, 145.121]","(143.8, 145.691]","(142.684, 144.561]","(143.586, 145.475]","(13100841.0, 13373206.95]"
2011-04-11,143.28,143.49,142.28,142.64,10107973,"(143.236, 145.121]","(141.909, 143.8]","(140.807, 142.684]","(141.698, 143.586]","(10104815.55, 10377181.5]"
2011-04-12,142.74,142.82,140.75,141.61,14949316,"(141.351, 143.236]","(141.909, 143.8]","(138.931, 140.807]","(139.81, 141.698]","(14735036.7, 15007402.65]"
2011-04-13,142.39,142.53,141.48,141.9,13888352,"(141.351, 143.236]","(141.909, 143.8]","(140.807, 142.684]","(141.698, 143.586]","(13645572.9, 13917938.85]"
2011-04-14,142.35,143.83,142.23,143.81,14131009,"(141.351, 143.236]","(143.8, 145.691]","(140.807, 142.684]","(143.586, 145.475]","(13917938.85, 14190304.8]"
2011-04-15,143.88,145.12,143.57,145.05,19125817,"(143.236, 145.121]","(143.8, 145.691]","(142.684, 144.561]","(143.586, 145.475]","(19092891.9, 19365257.85]"
2011-04-18,145.19,146.07,144.63,145.93,17341267,"(145.121, 147.006]","(145.691, 147.582]","(144.561, 146.438]","(145.475, 147.363]","(17186330.25, 17458696.2]"
2011-04-19,145.73,146.24,145.18,145.93,10951188,"(145.121, 147.006]","(145.691, 147.582]","(144.561, 146.438]","(145.475, 147.363]","(10921913.4, 11194279.35]"
2011-04-20,146.37,146.84,145.74,146.5,13896294,"(145.121, 147.006]","(145.691, 147.582]","(144.561, 146.438]","(145.475, 147.363]","(13645572.9, 13917938.85]"
2011-04-21,146.55,147.06,146.32,146.74,10111461,"(145.121, 147.006]","(145.691, 147.582]","(144.561, 146.438]","(145.475, 147.363]","(10104815.55, 10377181.5]"
2011-04-25,147.58,147.58,146.42,146.87,15590561,"(147.006, 148.891]","(145.691, 147.582]","(144.561, 146.438]","(145.475, 147.363]","(15552134.55, 15824500.5]"
2011-04-26,146.47,146.62,145.48,146.38,16230997,"(145.121, 147.006]","(145.691, 147.582]","(144.561, 146.438]","(145.475, 147.363]","(16096866.45, 16369232.4]"
2011-04-27,147.4,149.21,146.52,149.2,21920466,"(147.006, 148.891]","(147.582, 149.473]","(146.438, 148.315]","(147.363, 149.251]","(21816551.4, 22088917.35]"
2011-04-28,149.3,150.0,148.6,149.82,20757395,"(148.891, 150.776]","(149.473, 151.364]","(148.315, 150.192]","(149.251, 151.139]","(20727087.6, 20999453.55]"
2011-05-09,146.67,147.58,146.34,147.38,13847087,"(145.121, 147.006]","(145.691, 147.582]","(144.561, 146.438]","(147.363, 149.251]","(13645572.9, 13917938.85]"
2011-05-10,147.21,148.19,146.93,147.9,11280403,"(147.006, 148.891]","(147.582, 149.473]","(146.438, 148.315]","(147.363, 149.251]","(11194279.35, 11466645.3]"
2011-05-11,147.24,147.35,145.77,146.54,21384298,"(147.006, 148.891]","(145.691, 147.582]","(144.561, 146.438]","(145.475, 147.363]","(21271819.5, 21544185.45]"
2011-05-12,145.88,147.12,144.96,146.59,18726047,"(145.121, 147.006]","(145.691, 147.582]","(144.561, 146.438]","(145.475, 147.363]","(18548160.0, 18820525.95]"
2011-05-13,146.77,147.28,144.49,145.63,17269556,"(145.121, 147.006]","(145.691, 147.582]","(142.684, 144.561]","(145.475, 147.363]","(17186330.25, 17458696.2]"
2011-05-16,145.88,146.67,145.19,145.37,10068135,"(145.121, 147.006]","(145.691, 147.582]","(144.561, 146.438]","(143.586, 145.475]","(9832449.6, 10104815.55]"
2011-05-17,144.21,144.78,143.42,144.74,17197336,"(143.236, 145.121]","(143.8, 145.691]","(142.684, 144.561]","(143.586, 145.475]","(17186330.25, 17458696.2]"
2011-05-18,145.55,146.22,145.14,145.6,10506885,"(145.121, 147.006]","(145.691, 147.582]","(144.561, 146.438]","(145.475, 147.363]","(10377181.5, 10649547.45]"
2011-05-19,145.12,145.85,144.86,145.65,8094493,"(143.236, 145.121]","(145.691, 147.582]","(144.561, 146.438]","(145.475, 147.363]","(7925887.95, 8198253.9]"
2011-05-20,145.81,147.78,144.9,147.49,23188287,"(145.121, 147.006]","(147.582, 149.473]","(144.561, 146.438]","(147.363, 149.251]","(23178381.15, 23450747.1]"
2011-05-23,147.04,147.95,146.97,147.83,15941575,"(147.006, 148.891]","(147.582, 149.473]","(146.438, 148.315]","(147.363, 149.251]","(15824500.5, 16096866.45]"
2011-05-24,148.48,149.05,148.18,148.59,14942667,"(147.006, 148.891]","(147.582, 149.473]","(146.438, 148.315]","(147.363, 149.251]","(14735036.7, 15007402.65]"
2011-05-25,148.72,149.37,148.52,148.58,10972930,"(147.006, 148.891]","(147.582, 149.473]","(148.315, 150.192]","(147.363, 149.251]","(10921913.4, 11194279.35]"
2011-05-26,148.45,148.61,147.59,148.22,9789077,"(147.006, 148.891]","(147.582, 149.473]","(146.438, 148.315]","(147.363, 149.251]","(9560083.65, 9832449.6]"
2011-05-27,149.02,149.92,148.96,149.7,10186719,"(148.891, 150.776]","(149.473, 151.364]","(148.315, 150.192]","(149.251, 151.139]","(10104815.55, 10377181.5]"
2011-05-31,149.88,150.17,149.41,149.64,10500640,"(148.891, 150.776]","(149.473, 151.364]","(148.315, 150.192]","(149.251, 151.139]","(10377181.5, 10649547.45]"
2011-06-01,149.66,151.13,149.43,149.91,18357786,"(148.891, 150.776]","(149.473, 151.364]","(148.315, 150.192]","(149.251, 151.139]","(18275794.05, 18548160.0]"
2011-06-02,150.15,150.38,148.07,149.5,13552978,"(148.891, 150.776]","(149.473, 151.364]","(146.438, 148.315]","(149.251, 151.139]","(13373206.95, 13645572.9]"
2011-06-03,150.28,150.66,149.62,150.22,12606807,"(148.891, 150.776]","(149.473, 151.364]","(148.315, 150.192]","(149.251, 151.139]","(12556109.1, 12828475.05]"
2011-06-06,150.82,151.45,150.21,150.48,11476445,"(150.776, 152.661]","(151.364, 153.255]","(150.192, 152.069]","(149.251, 151.139]","(11466645.3, 11739011.25]"
2011-06-07,150.67,150.85,149.68,150.42,10143082,"(148.891, 150.776]","(149.473, 151.364]","(148.315, 150.192]","(149.251, 151.139]","(10104815.55, 10377181.5]"
2011-06-08,150.02,150.38,149.3,149.81,9597425,"(148.891, 150.776]","(149.473, 151.364]","(148.315, 150.192]","(149.251, 151.139]","(9560083.65, 9832449.6]"
2011-06-09,150.01,151.02,149.75,150.56,7652906,"(148.891, 150.776]","(149.473, 151.364]","(148.315, 150.192]","(149.251, 151.139]","(7381156.05, 7653522.0]"
2011-06-10,149.04,149.78,148.69,149.24,12345206,"(148.891, 150.776]","(149.473, 151.364]","(148.315, 150.192]","(147.363, 149.251]","(12283743.15, 12556109.1]"
2011-06-13,148.65,149.04,147.19,147.77,12992453,"(147.006, 148.891]","(147.582, 149.473]","(146.438, 148.315]","(147.363, 149.251]","(12828475.05, 13100841.0]"
2011-06-14,147.72,148.73,147.48,148.67,10942227,"(147.006, 148.891]","(147.582, 149.473]","(146.438, 148.315]","(147.363, 149.251]","(10921913.4, 11194279.35]"
2011-06-15,148.18,149.55,147.92,149.12,14508869,"(147.006, 148.891]","(149.473, 151.364]","(146.438, 148.315]","(147.363, 149.251]","(14462670.75, 14735036.7]"
2011-06-16,148.83,149.49,148.22,148.97,11033566,"(147.006, 148.891]","(149.473, 151.364]","(146.438, 148.315]","(147.363, 149.251]","(10921913.4, 11194279.35]"
2011-06-17,148.87,150.29,148.83,149.94,19205384,"(147.006, 148.891]","(149.473, 151.364]","(148.315, 150.192]","(149.251, 151.139]","(19092891.9, 19365257.85]"
2011-06-20,150.07,150.79,149.58,150.03,10462637,"(148.891, 150.776]","(149.473, 151.364]","(148.315, 150.192]","(149.251, 151.139]","(10377181.5, 10649547.45]"
2011-06-21,150.26,150.87,150.18,150.76,12444605,"(148.891, 150.776]","(149.473, 151.364]","(148.315, 150.192]","(149.251, 151.139]","(12283743.15, 12556109.1]"
2011-06-22,151.01,151.86,150.56,150.99,14112580,"(150.776, 152.661]","(151.364, 153.255]","(150.192, 152.069]","(149.251, 151.139]","(13917938.85, 14190304.8]"
2011-06-24,147.86,148.02,145.97,146.26,19302231,"(147.006, 148.891]","(147.582, 149.473]","(144.561, 146.438]","(145.475, 147.363]","(19092891.9, 19365257.85]"
2011-06-27,145.93,146.4,145.2,145.73,11603405,"(145.121, 147.006]","(145.691, 147.582]","(144.561, 146.438]","(145.475, 147.363]","(11466645.3, 11739011.25]"
2011-06-28,146.16,146.77,145.67,146.24,8803440,"(145.121, 147.006]","(145.691, 147.582]","(144.561, 146.438]","(145.475, 147.363]","(8742985.8, 9015351.75]"
2011-06-29,146.77,147.42,146.44,147.18,12624916,"(145.121, 147.006]","(145.691, 147.582]","(146.438, 148.315]","(145.475, 147.363]","(12556109.1, 12828475.05]"
2011-06-30,147.18,147.41,145.98,146.0,12667559,"(147.006, 148.891]","(145.691, 147.582]","(144.561, 146.438]","(145.475, 147.363]","(12556109.1, 12828475.05]"
2011-07-01,144.76,145.07,143.97,144.93,16366469,"(143.236, 145.121]","(143.8, 145.691]","(142.684, 144.561]","(143.586, 145.475]","(16096866.45, 16369232.4]"
2011-07-05,146.96,147.82,146.85,147.63,11280145,"(145.121, 147.006]","(147.582, 149.473]","(146.438, 148.315]","(147.363, 149.251]","(11194279.35, 11466645.3]"
2011-07-06,148.7,149.44,148.58,148.91,14503767,"(147.006, 148.891]","(147.582, 149.473]","(148.315, 150.192]","(147.363, 149.251]","(14462670.75, 14735036.7]"
2011-07-07,148.97,149.35,148.29,149.15,9520964,"(148.891, 150.776]","(147.582, 149.473]","(146.438, 148.315]","(147.363, 149.251]","(9287717.7, 9560083.65]"
2011-07-08,150.32,150.5,149.99,150.25,13662284,"(148.891, 150.776]","(149.473, 151.364]","(148.315, 150.192]","(149.251, 151.139]","(13645572.9, 13917938.85]"
2011-07-11,151.33,151.69,150.2,151.59,20449056,"(150.776, 152.661]","(151.364, 153.255]","(150.192, 152.069]","(151.139, 153.028]","(20182355.7, 20454721.65]"
2011-07-14,154.81,155.24,153.95,154.54,17615050,"(154.546, 156.431]","(155.146, 157.037]","(153.946, 155.823]","(153.028, 154.916]","(17458696.2, 17731062.15]"
2011-07-15,154.34,155.29,154.22,155.2,18448594,"(152.661, 154.546]","(155.146, 157.037]","(153.946, 155.823]","(154.916, 156.804]","(18275794.05, 18548160.0]"
2011-07-18,155.77,156.58,155.67,156.57,17126097,"(154.546, 156.431]","(155.146, 157.037]","(153.946, 155.823]","(154.916, 156.804]","(16913964.3, 17186330.25]"
2011-07-19,156.32,156.32,154.1,154.66,22875623,"(154.546, 156.431]","(155.146, 157.037]","(153.946, 155.823]","(153.028, 154.916]","(22633649.25, 22906015.2]"
2011-07-20,154.22,156.02,154.11,156.02,14564608,"(152.661, 154.546]","(155.146, 157.037]","(153.946, 155.823]","(154.916, 156.804]","(14462670.75, 14735036.7]"
2011-07-21,155.91,156.04,154.33,154.83,19998066,"(154.546, 156.431]","(155.146, 157.037]","(153.946, 155.823]","(153.028, 154.916]","(19909989.75, 20182355.7]"
2011-07-22,156.0,156.56,155.68,156.12,11364428,"(154.546, 156.431]","(155.146, 157.037]","(153.946, 155.823]","(154.916, 156.804]","(11194279.35, 11466645.3]"
2011-07-25,157.6,157.8,156.72,157.34,13028337,"(156.431, 158.316]","(157.037, 158.928]","(155.823, 157.7]","(156.804, 158.693]","(12828475.05, 13100841.0]"
2011-07-26,156.97,157.79,156.6,157.77,11742855,"(156.431, 158.316]","(157.037, 158.928]","(155.823, 157.7]","(156.804, 158.693]","(11739011.25, 12011377.2]"
2011-07-27,158.47,158.64,156.69,157.19,18296556,"(158.316, 160.201]","(157.037, 158.928]","(155.823, 157.7]","(156.804, 158.693]","(18275794.05, 18548160.0]"
2011-07-28,157.54,157.6,156.11,157.32,11373319,"(156.431, 158.316]","(157.037, 158.928]","(155.823, 157.7]","(156.804, 158.693]","(11194279.35, 11466645.3]"
2011-07-29,158.43,159.25,157.68,158.29,17126098,"(158.316, 160.201]","(158.928, 160.819]","(155.823, 157.7]","(156.804, 158.693]","(16913964.3, 17186330.25]"
2011-08-01,157.47,158.97,156.78,157.72,14819066,"(156.431, 158.316]","(158.928, 160.819]","(155.823, 157.7]","(156.804, 158.693]","(14735036.7, 15007402.65]"
2011-08-15,169.33,171.91,168.95,171.8,12767432,"(167.741, 169.625]","(170.273, 172.164]","(167.085, 168.961]","(170.022, 171.91]","(12556109.1, 12828475.05]"
2011-08-16,172.6,174.07,172.5,173.92,19650861,"(171.51, 173.395]","(174.055, 175.946]","(170.838, 172.715]","(173.799, 175.687]","(19637623.8, 19909989.75]"
2011-08-17,173.87,174.68,173.25,174.42,16466023,"(173.395, 175.28]","(174.055, 175.946]","(172.715, 174.592]","(173.799, 175.687]","(16369232.4, 16641598.35]"
2011-08-30,177.71,179.31,176.66,179.1,23416511,"(177.165, 179.05]","(177.837, 179.728]","(176.469, 178.346]","(177.575, 179.463]","(23178381.15, 23450747.1]"
2011-08-31,177.73,179.16,176.33,177.72,16055648,"(177.165, 179.05]","(177.837, 179.728]","(174.592, 176.469]","(177.575, 179.463]","(15824500.5, 16096866.45]"
2011-09-01,177.41,178.26,176.55,177.87,13896987,"(177.165, 179.05]","(177.837, 179.728]","(176.469, 178.346]","(177.575, 179.463]","(13645572.9, 13917938.85]"
2011-09-02,182.82,183.51,182.1,183.24,13982903,"(180.935, 182.82]","(181.619, 183.51]","(180.223, 182.1]","(181.352, 183.24]","(13917938.85, 14190304.8]"
2011-09-08,181.39,182.12,179.77,181.81,20728967,"(180.935, 182.82]","(181.619, 183.51]","(178.346, 180.223]","(181.352, 183.24]","(20727087.6, 20999453.55]"
2011-09-12,178.74,178.99,175.33,176.67,21803817,"(177.165, 179.05]","(177.837, 179.728]","(174.592, 176.469]","(175.687, 177.575]","(21544185.45, 21816551.4]"
2011-09-13,177.52,179.54,176.29,178.54,17227086,"(177.165, 179.05]","(177.837, 179.728]","(174.592, 176.469]","(177.575, 179.463]","(17186330.25, 17458696.2]"
2011-09-14,177.55,177.78,176.05,177.21,18115477,"(177.165, 179.05]","(175.946, 177.837]","(174.592, 176.469]","(175.687, 177.575]","(18003428.1, 18275794.05]"
2011-09-15,174.61,174.85,172.56,174.4,20885925,"(173.395, 175.28]","(174.055, 175.946]","(170.838, 172.715]","(173.799, 175.687]","(20727087.6, 20999453.55]"
2011-09-16,173.72,177.4,173.71,176.03,20694741,"(173.395, 175.28]","(175.946, 177.837]","(172.715, 174.592]","(175.687, 177.575]","(20454721.65, 20727087.6]"
2011-09-19,176.69,176.69,172.2,173.31,12877090,"(175.28, 177.165]","(175.946, 177.837]","(170.838, 172.715]","(171.91, 173.799]","(12828475.05, 13100841.0]"
2011-09-20,173.18,176.37,172.84,175.78,12671451,"(171.51, 173.395]","(175.946, 177.837]","(172.715, 174.592]","(175.687, 177.575]","(12556109.1, 12828475.05]"
2011-09-21,174.79,176.73,173.14,173.59,16433352,"(173.395, 175.28]","(175.946, 177.837]","(172.715, 174.592]","(171.91, 173.799]","(16369232.4, 16641598.35]"
2011-09-28,160.73,161.29,155.56,156.22,21958025,"(160.201, 162.086]","(160.819, 162.71]","(153.946, 155.823]","(154.916, 156.804]","(21816551.4, 22088917.35]"
2011-09-29,158.12,158.2,156.14,157.7,17330217,"(156.431, 158.316]","(157.037, 158.928]","(155.823, 157.7]","(156.804, 158.693]","(17186330.25, 17458696.2]"
2011-09-30,157.3,160.0,156.33,158.06,16770655,"(156.431, 158.316]","(158.928, 160.819]","(155.823, 157.7]","(156.804, 158.693]","(16641598.35, 16913964.3]"
2011-10-03,161.09,161.56,159.93,160.96,14145194,"(160.201, 162.086]","(160.819, 162.71]","(159.577, 161.454]","(160.581, 162.469]","(13917938.85, 14190304.8]"
2011-10-05,157.95,160.32,156.44,159.46,15138955,"(156.431, 158.316]","(158.928, 160.819]","(155.823, 157.7]","(158.693, 160.581]","(15007402.65, 15279768.6]"
2011-10-06,160.02,161.11,158.77,160.49,12396049,"(158.316, 160.201]","(160.819, 162.71]","(157.7, 159.577]","(158.693, 160.581]","(12283743.15, 12556109.1]"
2011-10-07,161.02,161.58,158.23,159.18,12974125,"(160.201, 162.086]","(160.819, 162.71]","(157.7, 159.577]","(158.693, 160.581]","(12828475.05, 13100841.0]"
2011-10-10,162.05,163.32,161.14,163.27,8950928,"(160.201, 162.086]","(162.71, 164.601]","(159.577, 161.454]","(162.469, 164.357]","(8742985.8, 9015351.75]"
2011-10-11,162.2,162.51,161.21,162.1,8260286,"(162.086, 163.971]","(160.819, 162.71]","(159.577, 161.454]","(160.581, 162.469]","(8198253.9, 8470619.85]"
2011-10-12,163.7,164.0,162.5,163.26,10873716,"(162.086, 163.971]","(162.71, 164.601]","(161.454, 163.331]","(162.469, 164.357]","(10649547.45, 10921913.4]"
2011-10-13,162.3,162.48,160.82,162.3,8329655,"(162.086, 163.971]","(160.819, 162.71]","(159.577, 161.454]","(160.581, 162.469]","(8198253.9, 8470619.85]"
2011-10-14,163.33,163.82,162.25,163.4,9742877,"(162.086, 163.971]","(162.71, 164.601]","(161.454, 163.331]","(162.469, 164.357]","(9560083.65, 9832449.6]"
2011-10-17,164.0,164.16,161.95,162.62,8760494,"(163.971, 165.856]","(162.71, 164.601]","(161.454, 163.331]","(162.469, 164.357]","(8742985.8, 9015351.75]"
2011-10-18,159.96,162.03,158.3,161.84,15370675,"(158.316, 160.201]","(160.819, 162.71]","(157.7, 159.577]","(160.581, 162.469]","(15279768.6, 15552134.55]"
2011-10-19,161.09,161.43,159.55,159.87,8529662,"(160.201, 162.086]","(160.819, 162.71]","(157.7, 159.577]","(158.693, 160.581]","(8470619.85, 8742985.8]"
2011-10-20,157.6,158.42,156.05,157.77,17359528,"(156.431, 158.316]","(157.037, 158.928]","(155.823, 157.7]","(156.804, 158.693]","(17186330.25, 17458696.2]"
2011-10-21,159.99,160.45,158.94,159.52,13335310,"(158.316, 160.201]","(158.928, 160.819]","(157.7, 159.577]","(158.693, 160.581]","(13100841.0, 13373206.95]"
2011-10-24,160.55,161.33,160.22,161.02,10181733,"(160.201, 162.086]","(160.819, 162.71]","(159.577, 161.454]","(160.581, 162.469]","(10104815.55, 10377181.5]"
2011-10-25,161.24,166.34,160.41,165.59,22126787,"(160.201, 162.086]","(164.601, 166.492]","(159.577, 161.454]","(164.357, 166.246]","(22088917.35, 22361283.3]"
2011-10-26,167.03,168.05,166.42,167.4,17096334,"(165.856, 167.741]","(166.492, 168.383]","(165.208, 167.085]","(166.246, 168.134]","(16913964.3, 17186330.25]"
2011-10-27,167.63,170.29,166.65,169.55,15862867,"(165.856, 167.741]","(170.273, 172.164]","(165.208, 167.085]","(168.134, 170.022]","(15824500.5, 16096866.45]"
2011-10-28,169.64,169.94,168.75,169.62,9354727,"(169.625, 171.51]","(168.383, 170.273]","(167.085, 168.961]","(168.134, 170.022]","(9287717.7, 9560083.65]"
2011-10-31,167.31,168.16,166.91,167.34,5039295,"(165.856, 167.741]","(166.492, 168.383]","(165.208, 167.085]","(166.246, 168.134]","(4929862.5, 5202228.45]"
2011-11-01,164.03,167.41,163.61,167.38,10522249,"(163.971, 165.856]","(166.492, 168.383]","(163.331, 165.208]","(166.246, 168.134]","(10377181.5, 10649547.45]"
2011-11-02,168.65,169.73,167.3,169.06,10247592,"(167.741, 169.625]","(168.383, 170.273]","(167.085, 168.961]","(168.134, 170.022]","(10104815.55, 10377181.5]"
2011-11-03,171.17,172.04,169.9,171.72,11221482,"(169.625, 171.51]","(170.273, 172.164]","(168.961, 170.838]","(170.022, 171.91]","(11194279.35, 11466645.3]"
2011-11-04,171.03,171.34,170.16,170.85,6867056,"(169.625, 171.51]","(170.273, 172.164]","(168.961, 170.838]","(170.022, 171.91]","(6836424.15, 7108790.1]"
2011-11-07,172.83,175.0,172.71,174.98,20134362,"(171.51, 173.395]","(174.055, 175.946]","(170.838, 172.715]","(173.799, 175.687]","(19909989.75, 20182355.7]"
2011-11-08,174.35,175.46,172.9,173.53,16056428,"(173.395, 175.28]","(174.055, 175.946]","(172.715, 174.592]","(171.91, 173.799]","(15824500.5, 16096866.45]"
2011-11-09,174.28,174.81,171.61,172.07,12294959,"(173.395, 175.28]","(174.055, 175.946]","(170.838, 172.715]","(171.91, 173.799]","(12283743.15, 12556109.1]"
2011-11-10,172.43,172.59,168.83,171.14,11841018,"(171.51, 173.395]","(172.164, 174.055]","(167.085, 168.961]","(170.022, 171.91]","(11739011.25, 12011377.2]"
2011-11-11,172.1,174.05,172.07,173.96,8727062,"(171.51, 173.395]","(172.164, 174.055]","(170.838, 172.715]","(173.799, 175.687]","(8470619.85, 8742985.8]"
2011-11-14,173.74,173.86,172.59,173.2,5891507,"(173.395, 175.28]","(172.164, 174.055]","(170.838, 172.715]","(171.91, 173.799]","(5746960.35, 6019326.3]"
2011-11-15,173.35,173.81,171.9,173.36,9168575,"(171.51, 173.395]","(172.164, 174.055]","(170.838, 172.715]","(171.91, 173.799]","(9015351.75, 9287717.7]"
2011-11-16,171.59,172.96,170.57,171.51,15098153,"(171.51, 173.395]","(172.164, 174.055]","(168.961, 170.838]","(170.022, 171.91]","(15007402.65, 15279768.6]"
2011-11-18,167.23,168.69,166.6,167.62,14014428,"(165.856, 167.741]","(168.383, 170.273]","(165.208, 167.085]","(166.246, 168.134]","(13917938.85, 14190304.8]"
2011-11-21,166.59,166.71,162.07,163.5,22028336,"(165.856, 167.741]","(166.492, 168.383]","(161.454, 163.331]","(162.469, 164.357]","(21816551.4, 22088917.35]"
2011-11-22,164.75,165.92,164.61,165.31,12095241,"(163.971, 165.856]","(164.601, 166.492]","(163.331, 165.208]","(164.357, 166.246]","(12011377.2, 12283743.15]"
2011-11-23,164.55,165.37,163.12,164.83,11483534,"(163.971, 165.856]","(164.601, 166.492]","(161.454, 163.331]","(164.357, 166.246]","(11466645.3, 11739011.25]"
2011-11-25,163.31,165.2,163.29,163.4,6097917,"(162.086, 163.971]","(164.601, 166.492]","(161.454, 163.331]","(162.469, 164.357]","(6019326.3, 6291692.25]"
2011-11-28,166.91,167.14,165.98,166.63,12005039,"(165.856, 167.741]","(166.492, 168.383]","(165.208, 167.085]","(166.246, 168.134]","(11739011.25, 12011377.2]"
2011-11-29,166.4,167.33,166.08,166.88,9186066,"(165.856, 167.741]","(166.492, 168.383]","(165.208, 167.085]","(166.246, 168.134]","(9015351.75, 9287717.7]"
2011-11-30,169.7,170.3,169.06,170.13,11810589,"(169.625, 171.51]","(170.273, 172.164]","(168.961, 170.838]","(170.022, 171.91]","(11739011.25, 12011377.2]"
2011-12-01,169.85,170.57,168.59,169.63,11610760,"(169.625, 171.51]","(170.273, 172.164]","(167.085, 168.961]","(168.134, 170.022]","(11466645.3, 11739011.25]"
2011-12-02,170.65,170.8,169.36,169.82,8433178,"(169.625, 171.51]","(170.273, 172.164]","(168.961, 170.838]","(168.134, 170.022]","(8198253.9, 8470619.85]"
2011-12-05,169.06,169.95,167.06,167.32,10249466,"(167.741, 169.625]","(168.383, 170.273]","(165.208, 167.085]","(166.246, 168.134]","(10104815.55, 10377181.5]"
2011-12-06,166.27,168.57,165.53,168.18,10382430,"(165.856, 167.741]","(168.383, 170.273]","(165.208, 167.085]","(168.134, 170.022]","(10377181.5, 10649547.45]"
2011-12-07,168.79,169.52,167.76,169.4,10360109,"(167.741, 169.625]","(168.383, 170.273]","(167.085, 168.961]","(168.134, 170.022]","(10104815.55, 10377181.5]"
2011-12-08,166.9,167.63,165.73,165.98,11722684,"(165.856, 167.741]","(166.492, 168.383]","(165.208, 167.085]","(164.357, 166.246]","(11466645.3, 11739011.25]"
2011-12-09,166.39,167.34,166.12,166.4,8353970,"(165.856, 167.741]","(166.492, 168.383]","(165.208, 167.085]","(166.246, 168.134]","(8198253.9, 8470619.85]"
2011-12-12,162.35,162.41,161.14,161.99,15317562,"(162.086, 163.971]","(160.819, 162.71]","(159.577, 161.454]","(160.581, 162.469]","(15279768.6, 15552134.55]"
2011-12-15,154.75,154.95,151.71,152.33,21511425,"(154.546, 156.431]","(153.255, 155.146]","(150.192, 152.069]","(151.139, 153.028]","(21271819.5, 21544185.45]"
2011-12-16,154.31,155.37,153.9,155.23,18126052,"(152.661, 154.546]","(155.146, 157.037]","(152.069, 153.946]","(154.916, 156.804]","(18003428.1, 18275794.05]"
2011-12-19,155.48,155.86,154.36,154.87,12488552,"(154.546, 156.431]","(155.146, 157.037]","(153.946, 155.823]","(153.028, 154.916]","(12283743.15, 12556109.1]"
2011-12-20,156.86,157.43,156.58,156.98,9136735,"(156.431, 158.316]","(157.037, 158.928]","(155.823, 157.7]","(156.804, 158.693]","(9015351.75, 9287717.7]"
2011-12-21,156.98,157.53,156.13,157.16,12000339,"(156.431, 158.316]","(157.037, 158.928]","(155.823, 157.7]","(156.804, 158.693]","(11739011.25, 12011377.2]"
2011-12-22,156.35,156.8,155.33,156.04,9891235,"(154.546, 156.431]","(155.146, 157.037]","(153.946, 155.823]","(154.916, 156.804]","(9832449.6, 10104815.55]"
2011-12-23,156.35,156.49,155.82,156.31,3565083,"(154.546, 156.431]","(155.146, 157.037]","(153.946, 155.823]","(154.916, 156.804]","(3295666.8, 3568032.75]"
2011-12-27,155.08,155.55,154.54,154.91,4919181,"(154.546, 156.431]","(155.146, 157.037]","(153.946, 155.823]","(153.028, 154.916]","(4657496.55, 4929862.5]"
2011-12-28,154.05,154.26,150.66,151.03,16421605,"(152.661, 154.546]","(153.255, 155.146]","(150.192, 152.069]","(149.251, 151.139]","(16369232.4, 16641598.35]"
2011-12-29,149.09,150.72,148.27,150.34,19802486,"(148.891, 150.776]","(149.473, 151.364]","(146.438, 148.315]","(149.251, 151.139]","(19637623.8, 19909989.75]"
2011-12-30,152.16,153.75,151.79,151.99,10853358,"(150.776, 152.661]","(153.255, 155.146]","(150.192, 152.069]","(151.139, 153.028]","(10649547.45, 10921913.4]"
2012-01-03,154.76,156.3,154.55,155.92,13379272,"(154.546, 156.431]","(155.146, 157.037]","(153.946, 155.823]","(154.916, 156.804]","(13373206.95, 13645572.9]"
2012-01-04,155.46,157.38,155.34,156.71,11525767,"(154.546, 156.431]","(157.037, 158.928]","(153.946, 155.823]","(154.916, 156.804]","(11466645.3, 11739011.25]"
2012-01-05,155.35,158.03,155.25,157.78,11613634,"(154.546, 156.431]","(157.037, 158.928]","(153.946, 155.823]","(156.804, 158.693]","(11466645.3, 11739011.25]"
2012-01-06,158.62,158.63,156.38,157.2,9791021,"(158.316, 160.201]","(157.037, 158.928]","(155.823, 157.7]","(156.804, 158.693]","(9560083.65, 9832449.6]"
2012-01-09,157.42,157.59,156.19,156.5,8771877,"(156.431, 158.316]","(157.037, 158.928]","(155.823, 157.7]","(154.916, 156.804]","(8742985.8, 9015351.75]"
2012-01-10,158.94,159.47,158.47,158.64,8315402,"(158.316, 160.201]","(158.928, 160.819]","(157.7, 159.577]","(156.804, 158.693]","(8198253.9, 8470619.85]"
2012-01-11,159.32,160.05,158.91,159.67,7970110,"(158.316, 160.201]","(158.928, 160.819]","(157.7, 159.577]","(158.693, 160.581]","(7925887.95, 8198253.9]"
2012-01-12,161.0,161.62,159.83,160.38,8603249,"(160.201, 162.086]","(160.819, 162.71]","(159.577, 161.454]","(158.693, 160.581]","(8470619.85, 8742985.8]"
2012-01-13,159.32,159.59,158.01,159.26,8910456,"(158.316, 160.201]","(158.928, 160.819]","(157.7, 159.577]","(158.693, 160.581]","(8742985.8, 9015351.75]"
2012-01-17,161.18,161.65,160.42,160.5,8307291,"(160.201, 162.086]","(160.819, 162.71]","(159.577, 161.454]","(158.693, 160.581]","(8198253.9, 8470619.85]"
2012-01-18,160.02,161.64,159.68,161.6,9305987,"(158.316, 160.201]","(160.819, 162.71]","(159.577, 161.454]","(160.581, 162.469]","(9287717.7, 9560083.65]"
2012-01-19,160.96,161.45,160.33,161.22,8114546,"(160.201, 162.086]","(160.819, 162.71]","(159.577, 161.454]","(160.581, 162.469]","(7925887.95, 8198253.9]"
2012-01-20,160.5,162.09,160.0,162.07,11617331,"(160.201, 162.086]","(160.819, 162.71]","(159.577, 161.454]","(160.581, 162.469]","(11466645.3, 11739011.25]"
2012-01-23,162.37,163.47,162.32,163.16,8833470,"(162.086, 163.971]","(162.71, 164.601]","(161.454, 163.331]","(162.469, 164.357]","(8742985.8, 9015351.75]"
2012-01-24,161.8,162.37,161.53,162.01,7502181,"(160.201, 162.086]","(160.819, 162.71]","(161.454, 163.331]","(160.581, 162.469]","(7381156.05, 7653522.0]"
2012-01-26,168.07,168.31,167.05,167.27,19129953,"(167.741, 169.625]","(166.492, 168.383]","(165.208, 167.085]","(166.246, 168.134]","(19092891.9, 19365257.85]"
2012-01-27,167.47,169.0,167.41,168.97,13030234,"(165.856, 167.741]","(168.383, 170.273]","(167.085, 168.961]","(168.134, 170.022]","(12828475.05, 13100841.0]"
2012-01-30,168.19,168.54,167.74,168.03,8422615,"(167.741, 169.625]","(168.383, 170.273]","(167.085, 168.961]","(166.246, 168.134]","(8198253.9, 8470619.85]"
2012-01-31,169.75,169.86,167.72,169.31,11166965,"(169.625, 171.51]","(168.383, 170.273]","(167.085, 168.961]","(168.134, 170.022]","(10921913.4, 11194279.35]"
2012-02-01,169.75,170.18,169.08,169.56,7721005,"(169.625, 171.51]","(168.383, 170.273]","(168.961, 170.838]","(168.134, 170.022]","(7653522.0, 7925887.95]"
2012-02-02,169.96,171.23,169.68,171.05,11511977,"(169.625, 171.51]","(170.273, 172.164]","(168.961, 170.838]","(170.022, 171.91]","(11466645.3, 11739011.25]"
2012-02-03,169.89,170.14,167.51,167.64,23361980,"(169.625, 171.51]","(168.383, 170.273]","(167.085, 168.961]","(166.246, 168.134]","(23178381.15, 23450747.1]"
2012-02-06,166.96,167.68,166.61,167.18,8780843,"(165.856, 167.741]","(166.492, 168.383]","(165.208, 167.085]","(166.246, 168.134]","(8742985.8, 9015351.75]"
2012-02-07,167.4,170.09,167.15,169.7,11617894,"(165.856, 167.741]","(168.383, 170.273]","(167.085, 168.961]","(168.134, 170.022]","(11466645.3, 11739011.25]"
2012-02-08,169.26,169.96,167.5,168.5,10640170,"(167.741, 169.625]","(168.383, 170.273]","(167.085, 168.961]","(168.134, 170.022]","(10377181.5, 10649547.45]"
2012-02-09,170.04,170.37,167.67,168.02,16077816,"(169.625, 171.51]","(170.273, 172.164]","(167.085, 168.961]","(166.246, 168.134]","(15824500.5, 16096866.45]"
2012-02-10,166.47,167.64,166.33,167.14,10327033,"(165.856, 167.741]","(166.492, 168.383]","(165.208, 167.085]","(166.246, 168.134]","(10104815.55, 10377181.5]"
2012-02-13,167.33,167.94,166.74,167.51,7090311,"(165.856, 167.741]","(166.492, 168.383]","(165.208, 167.085]","(166.246, 168.134]","(6836424.15, 7108790.1]"
2012-02-14,167.61,167.93,166.42,167.12,7867553,"(165.856, 167.741]","(166.492, 168.383]","(165.208, 167.085]","(166.246, 168.134]","(7653522.0, 7925887.95]"
2012-02-15,168.65,168.75,167.19,168.11,11639441,"(167.741, 169.625]","(168.383, 170.273]","(167.085, 168.961]","(166.246, 168.134]","(11466645.3, 11739011.25]"
2012-02-16,166.33,168.14,166.17,168.0,10716610,"(165.856, 167.741]","(166.492, 168.383]","(165.208, 167.085]","(166.246, 168.134]","(10649547.45, 10921913.4]"
2012-02-17,168.31,168.33,166.87,167.35,7286947,"(167.741, 169.625]","(166.492, 168.383]","(165.208, 167.085]","(166.246, 168.134]","(7108790.1, 7381156.05]"
2012-02-21,169.65,171.07,169.59,171.02,13598584,"(169.625, 171.51]","(170.273, 172.164]","(168.961, 170.838]","(170.022, 171.91]","(13373206.95, 13645572.9]"
2012-02-22,170.43,173.17,170.19,172.94,16661541,"(169.625, 171.51]","(172.164, 174.055]","(168.961, 170.838]","(171.91, 173.799]","(16641598.35, 16913964.3]"
2012-02-23,172.69,173.77,172.28,173.02,11648995,"(171.51, 173.395]","(172.164, 174.055]","(170.838, 172.715]","(171.91, 173.799]","(11466645.3, 11739011.25]"
2012-02-24,172.63,173.04,172.0,172.23,9294182,"(171.51, 173.395]","(172.164, 174.055]","(170.838, 172.715]","(171.91, 173.799]","(9287717.7, 9560083.65]"
2012-02-27,172.14,172.92,171.58,171.7,7344495,"(171.51, 173.395]","(172.164, 174.055]","(170.838, 172.715]","(170.022, 171.91]","(7108790.1, 7381156.05]"
2012-02-28,172.86,174.0,172.6,173.49,12417380,"(171.51, 173.395]","(172.164, 174.055]","(170.838, 172.715]","(171.91, 173.799]","(12283743.15, 12556109.1]"
2012-03-01,166.12,167.72,165.75,166.61,19203230,"(165.856, 167.741]","(166.492, 168.383]","(165.208, 167.085]","(166.246, 168.134]","(19092891.9, 19365257.85]"
2012-03-02,166.23,166.83,165.63,166.34,9300284,"(165.856, 167.741]","(166.492, 168.383]","(165.208, 167.085]","(166.246, 168.134]","(9287717.7, 9560083.65]"
2012-03-05,165.77,165.91,164.55,165.65,12071616,"(163.971, 165.856]","(164.601, 166.492]","(163.331, 165.208]","(164.357, 166.246]","(12011377.2, 12283743.15]"
2012-03-06,162.16,162.81,161.78,162.7,15533772,"(162.086, 163.971]","(162.71, 164.601]","(161.454, 163.331]","(162.469, 164.357]","(15279768.6, 15552134.55]"
2012-03-07,162.77,164.02,162.51,163.63,5353997,"(162.086, 163.971]","(162.71, 164.601]","(161.454, 163.331]","(162.469, 164.357]","(5202228.45, 5474594.4]"
2012-03-08,164.76,165.55,164.05,165.28,8858348,"(163.971, 165.856]","(164.601, 166.492]","(163.331, 165.208]","(164.357, 166.246]","(8742985.8, 9015351.75]"
2012-03-09,163.63,166.57,163.25,166.38,13699503,"(162.086, 163.971]","(166.492, 168.383]","(161.454, 163.331]","(166.246, 168.134]","(13645572.9, 13917938.85]"
2012-03-12,165.35,165.58,164.4,165.07,6532962,"(163.971, 165.856]","(164.601, 166.492]","(163.331, 165.208]","(164.357, 166.246]","(6291692.25, 6564058.2]"
2012-03-13,163.96,165.41,161.43,162.3,20046964,"(162.086, 163.971]","(164.601, 166.492]","(159.577, 161.454]","(160.581, 162.469]","(19909989.75, 20182355.7]"
2012-03-15,159.71,161.98,159.28,161.08,12693247,"(158.316, 160.201]","(160.819, 162.71]","(157.7, 159.577]","(160.581, 162.469]","(12556109.1, 12828475.05]"
2012-03-16,160.06,161.54,159.92,161.3,12549954,"(158.316, 160.201]","(160.819, 162.71]","(159.577, 161.454]","(160.581, 162.469]","(12283743.15, 12556109.1]"
2012-03-19,160.85,162.3,160.72,161.59,9923616,"(160.201, 162.086]","(160.819, 162.71]","(159.577, 161.454]","(160.581, 162.469]","(9832449.6, 10104815.55]"
2012-03-20,160.2,161.08,159.77,160.13,10045955,"(158.316, 160.201]","(160.819, 162.71]","(159.577, 161.454]","(158.693, 160.581]","(9832449.6, 10104815.55]"
2012-03-21,160.61,161.48,160.15,160.21,6676989,"(160.201, 162.086]","(160.819, 162.71]","(159.577, 161.454]","(158.693, 160.581]","(6564058.2, 6836424.15]"
2012-03-22,158.2,159.71,158.13,159.57,11110266,"(156.431, 158.316]","(158.928, 160.819]","(157.7, 159.577]","(158.693, 160.581]","(10921913.4, 11194279.35]"
2012-03-23,160.88,161.88,160.52,161.53,10689780,"(160.201, 162.086]","(160.819, 162.71]","(159.577, 161.454]","(160.581, 162.469]","(10649547.45, 10921913.4]"
2012-03-26,163.17,164.54,162.95,164.4,13223102,"(162.086, 163.971]","(162.71, 164.601]","(161.454, 163.331]","(164.357, 166.246]","(13100841.0, 13373206.95]"
2012-03-27,164.52,164.89,163.13,163.24,10909616,"(163.971, 165.856]","(164.601, 166.492]","(161.454, 163.331]","(162.469, 164.357]","(10649547.45, 10921913.4]"
2012-03-28,162.71,162.98,160.66,161.51,11013052,"(162.086, 163.971]","(162.71, 164.601]","(159.577, 161.454]","(160.581, 162.469]","(10921913.4, 11194279.35]"
2012-03-29,161.16,161.46,159.81,161.28,11027960,"(160.201, 162.086]","(160.819, 162.71]","(159.577, 161.454]","(160.581, 162.469]","(10921913.4, 11194279.35]"
2012-03-30,161.67,162.33,161.22,162.12,7534085,"(160.201, 162.086]","(160.819, 162.71]","(159.577, 161.454]","(160.581, 162.469]","(7381156.05, 7653522.0]"
2012-04-02,161.96,163.56,161.81,162.94,7541674,"(160.201, 162.086]","(162.71, 164.601]","(161.454, 163.331]","(162.469, 164.357]","(7381156.05, 7653522.0]"
2012-04-03,163.23,163.23,159.17,159.89,16824844,"(162.086, 163.971]","(162.71, 164.601]","(157.7, 159.577]","(158.693, 160.581]","(16641598.35, 16913964.3]"
2012-04-04,157.7,158.03,156.58,157.21,15978031,"(156.431, 158.316]","(157.037, 158.928]","(155.823, 157.7]","(156.804, 158.693]","(15824500.5, 16096866.45]"
2012-04-05,157.87,158.68,157.78,158.39,6501985,"(156.431, 158.316]","(157.037, 158.928]","(157.7, 159.577]","(156.804, 158.693]","(6291692.25, 6564058.2]"
2012-04-09,159.72,160.01,158.91,159.37,6859212,"(158.316, 160.201]","(158.928, 160.819]","(157.7, 159.577]","(158.693, 160.581]","(6836424.15, 7108790.1]"
2012-04-10,159.66,161.58,158.47,161.1,14288937,"(158.316, 160.201]","(160.819, 162.71]","(157.7, 159.577]","(160.581, 162.469]","(14190304.8, 14462670.75]"
2012-04-11,161.2,161.54,160.74,161.07,10005895,"(160.201, 162.086]","(160.819, 162.71]","(159.577, 161.454]","(160.581, 162.469]","(9832449.6, 10104815.55]"
2012-04-12,160.74,163.2,160.46,162.7,9230866,"(160.201, 162.086]","(162.71, 164.601]","(159.577, 161.454]","(162.469, 164.357]","(9015351.75, 9287717.7]"
2012-04-13,162.45,162.46,160.17,160.85,10041236,"(162.086, 163.971]","(160.819, 162.71]","(159.577, 161.454]","(160.581, 162.469]","(9832449.6, 10104815.55]"
2012-04-16,160.51,161.18,159.53,160.46,6671052,"(160.201, 162.086]","(160.819, 162.71]","(157.7, 159.577]","(158.693, 160.581]","(6564058.2, 6836424.15]"
2012-04-17,160.54,160.96,158.75,160.27,7585836,"(160.201, 162.086]","(160.819, 162.71]","(157.7, 159.577]","(158.693, 160.581]","(7381156.05, 7653522.0]"
2012-04-18,159.49,160.12,159.07,159.31,7464805,"(158.316, 160.201]","(158.928, 160.819]","(157.7, 159.577]","(158.693, 160.581]","(7381156.05, 7653522.0]"
2012-04-19,160.0,160.64,159.02,159.43,9915781,"(158.316, 160.201]","(158.928, 160.819]","(157.7, 159.577]","(158.693, 160.581]","(9832449.6, 10104815.55]"
2012-04-20,159.25,159.91,159.2,159.54,9149153,"(158.316, 160.201]","(158.928, 160.819]","(157.7, 159.577]","(158.693, 160.581]","(9015351.75, 9287717.7]"
2012-04-23,158.2,159.18,157.88,159.07,8879862,"(156.431, 158.316]","(158.928, 160.819]","(157.7, 159.577]","(158.693, 160.581]","(8742985.8, 9015351.75]"
2012-04-24,159.63,160.18,159.29,159.3,5201196,"(158.316, 160.201]","(158.928, 160.819]","(157.7, 159.577]","(158.693, 160.581]","(4929862.5, 5202228.45]"
2012-04-25,159.48,159.96,157.76,159.62,15093686,"(158.316, 160.201]","(158.928, 160.819]","(157.7, 159.577]","(158.693, 160.581]","(15007402.65, 15279768.6]"
2012-04-26,160.46,161.38,160.1,161.03,10919377,"(160.201, 162.086]","(160.819, 162.71]","(159.577, 161.454]","(160.581, 162.469]","(10649547.45, 10921913.4]"
2012-04-27,161.78,161.97,161.15,161.38,8378648,"(160.201, 162.086]","(160.819, 162.71]","(159.577, 161.454]","(160.581, 162.469]","(8198253.9, 8470619.85]"
2012-04-30,160.49,161.88,160.31,161.88,8008186,"(160.201, 162.086]","(160.819, 162.71]","(159.577, 161.454]","(160.581, 162.469]","(7925887.95, 8198253.9]"
2012-05-01,162.11,162.18,160.89,161.32,7417737,"(162.086, 163.971]","(160.819, 162.71]","(159.577, 161.454]","(160.581, 162.469]","(7381156.05, 7653522.0]"
2012-05-02,160.74,160.78,159.76,160.59,5632575,"(160.201, 162.086]","(158.928, 160.819]","(159.577, 161.454]","(160.581, 162.469]","(5474594.4, 5746960.35]"
2012-05-03,159.16,159.48,158.37,158.97,13175187,"(158.316, 160.201]","(158.928, 160.819]","(157.7, 159.577]","(158.693, 160.581]","(13100841.0, 13373206.95]"
2012-05-04,158.82,159.98,158.57,159.47,11390295,"(158.316, 160.201]","(158.928, 160.819]","(157.7, 159.577]","(158.693, 160.581]","(11194279.35, 11466645.3]"
2012-05-07,159.31,159.34,158.45,159.08,4922477,"(158.316, 160.201]","(158.928, 160.819]","(157.7, 159.577]","(158.693, 160.581]","(4657496.55, 4929862.5]"
2012-05-08,156.61,156.73,154.92,156.0,17856912,"(156.431, 158.316]","(155.146, 157.037]","(153.946, 155.823]","(154.916, 156.804]","(17731062.15, 18003428.1]"
2012-05-09,154.1,154.98,153.6,154.47,13864770,"(152.661, 154.546]","(153.255, 155.146]","(152.069, 153.946]","(153.028, 154.916]","(13645572.9, 13917938.85]"
2012-05-10,155.16,155.57,154.64,154.77,7460486,"(154.546, 156.431]","(155.146, 157.037]","(153.946, 155.823]","(153.028, 154.916]","(7381156.05, 7653522.0]"
2012-05-11,153.44,154.47,153.24,153.56,8285855,"(152.661, 154.546]","(153.255, 155.146]","(152.069, 153.946]","(153.028, 154.916]","(8198253.9, 8470619.85]"
2012-05-14,151.58,152.03,151.0,151.33,13389533,"(150.776, 152.661]","(151.364, 153.255]","(150.192, 152.069]","(151.139, 153.028]","(13373206.95, 13645572.9]"
2012-05-15,151.16,151.44,149.63,149.74,13356367,"(150.776, 152.661]","(151.364, 153.255]","(148.315, 150.192]","(149.251, 151.139]","(13100841.0, 13373206.95]"
2012-05-16,149.5,150.7,148.6,149.46,16755189,"(148.891, 150.776]","(149.473, 151.364]","(148.315, 150.192]","(149.251, 151.139]","(16641598.35, 16913964.3]"
2012-05-17,150.83,153.4,150.38,152.8,13301320,"(150.776, 152.661]","(153.255, 155.146]","(150.192, 152.069]","(151.139, 153.028]","(13100841.0, 13373206.95]"
2012-05-18,154.46,155.13,153.97,154.55,12995373,"(152.661, 154.546]","(153.255, 155.146]","(153.946, 155.823]","(153.028, 154.916]","(12828475.05, 13100841.0]"
2012-05-21,154.11,154.95,153.86,154.65,7533655,"(152.661, 154.546]","(153.255, 155.146]","(152.069, 153.946]","(153.028, 154.916]","(7381156.05, 7653522.0]"
2012-05-22,153.59,154.42,151.55,152.08,11306347,"(152.661, 154.546]","(153.255, 155.146]","(150.192, 152.069]","(151.139, 153.028]","(11194279.35, 11466645.3]"
2012-05-23,151.5,151.84,148.84,151.62,18848006,"(150.776, 152.661]","(151.364, 153.255]","(148.315, 150.192]","(151.139, 153.028]","(18820525.95, 19092891.9]"
2012-05-24,152.71,152.91,150.62,151.41,7022172,"(152.661, 154.546]","(151.364, 153.255]","(150.192, 152.069]","(151.139, 153.028]","(6836424.15, 7108790.1]"
2012-05-25,151.89,152.85,151.63,152.68,6213706,"(150.776, 152.661]","(151.364, 153.255]","(150.192, 152.069]","(151.139, 153.028]","(6019326.3, 6291692.25]"
2012-05-29,153.47,153.62,150.25,151.02,11244257,"(152.661, 154.546]","(153.255, 155.146]","(150.192, 152.069]","(149.251, 151.139]","(11194279.35, 11466645.3]"
2012-05-30,149.74,152.38,148.53,151.91,16766647,"(148.891, 150.776]","(151.364, 153.255]","(148.315, 150.192]","(151.139, 153.028]","(16641598.35, 16913964.3]"
2012-05-31,152.03,152.71,150.62,151.62,10115673,"(150.776, 152.661]","(151.364, 153.255]","(150.192, 152.069]","(151.139, 153.028]","(10104815.55, 10377181.5]"
2012-06-04,157.26,157.44,156.16,157.32,11462674,"(156.431, 158.316]","(157.037, 158.928]","(155.823, 157.7]","(156.804, 158.693]","(11194279.35, 11466645.3]"
2012-06-05,156.92,157.27,156.42,157.14,8084745,"(156.431, 158.316]","(157.037, 158.928]","(155.823, 157.7]","(156.804, 158.693]","(7925887.95, 8198253.9]"
2012-06-06,158.9,159.2,156.59,157.23,11757970,"(158.316, 160.201]","(158.928, 160.819]","(155.823, 157.7]","(156.804, 158.693]","(11739011.25, 12011377.2]"
2012-06-07,157.82,157.84,153.19,154.5,18913122,"(156.431, 158.316]","(157.037, 158.928]","(152.069, 153.946]","(153.028, 154.916]","(18820525.95, 19092891.9]"
2012-06-08,153.02,154.83,153.0,154.73,11075672,"(152.661, 154.546]","(153.255, 155.146]","(152.069, 153.946]","(153.028, 154.916]","(10921913.4, 11194279.35]"
2012-06-11,154.83,155.4,153.55,155.36,9162252,"(154.546, 156.431]","(155.146, 157.037]","(152.069, 153.946]","(154.916, 156.804]","(9015351.75, 9287717.7]"
2012-06-12,155.49,157.04,155.45,156.46,13241341,"(154.546, 156.431]","(157.037, 158.928]","(153.946, 155.823]","(154.916, 156.804]","(13100841.0, 13373206.95]"
2012-06-13,157.61,157.65,156.42,157.12,10110145,"(156.431, 158.316]","(157.037, 158.928]","(155.823, 157.7]","(156.804, 158.693]","(10104815.55, 10377181.5]"
2012-06-14,157.64,157.94,156.24,157.75,11504255,"(156.431, 158.316]","(157.037, 158.928]","(155.823, 157.7]","(156.804, 158.693]","(11466645.3, 11739011.25]"
2012-06-15,157.75,158.46,157.42,157.84,13099405,"(156.431, 158.316]","(157.037, 158.928]","(155.823, 157.7]","(156.804, 158.693]","(12828475.05, 13100841.0]"
2012-06-18,157.46,158.21,156.54,157.93,6733018,"(156.431, 158.316]","(157.037, 158.928]","(155.823, 157.7]","(156.804, 158.693]","(6564058.2, 6836424.15]"
2012-06-19,158.0,158.14,156.97,157.16,6946620,"(156.431, 158.316]","(157.037, 158.928]","(155.823, 157.7]","(156.804, 158.693]","(6836424.15, 7108790.1]"
2012-06-20,156.0,157.37,154.26,155.97,16973100,"(154.546, 156.431]","(157.037, 158.928]","(153.946, 155.823]","(154.916, 156.804]","(16913964.3, 17186330.25]"
2012-06-21,153.73,154.23,151.8,152.02,14449170,"(152.661, 154.546]","(153.255, 155.146]","(150.192, 152.069]","(151.139, 153.028]","(14190304.8, 14462670.75]"
2012-06-22,152.04,152.7,151.21,152.64,6755120,"(150.776, 152.661]","(151.364, 153.255]","(150.192, 152.069]","(151.139, 153.028]","(6564058.2, 6836424.15]"
2012-06-25,152.58,154.16,152.25,153.76,5215093,"(150.776, 152.661]","(153.255, 155.146]","(152.069, 153.946]","(153.028, 154.916]","(5202228.45, 5474594.4]"
2012-06-26,153.03,153.3,152.13,152.62,6123364,"(152.661, 154.546]","(153.255, 155.146]","(152.069, 153.946]","(151.139, 153.028]","(6019326.3, 6291692.25]"
2012-06-27,153.3,153.45,152.15,152.83,4840649,"(152.661, 154.546]","(153.255, 155.146]","(152.069, 153.946]","(151.139, 153.028]","(4657496.55, 4929862.5]"
2012-06-28,151.9,152.16,150.15,151.05,8756041,"(150.776, 152.661]","(151.364, 153.255]","(148.315, 150.192]","(149.251, 151.139]","(8742985.8, 9015351.75]"
2012-06-29,155.13,155.95,154.52,155.19,10378288,"(154.546, 156.431]","(155.146, 157.037]","(153.946, 155.823]","(154.916, 156.804]","(10377181.5, 10649547.45]"
2012-07-02,154.67,155.55,154.34,155.09,3654832,"(154.546, 156.431]","(155.146, 157.037]","(153.946, 155.823]","(154.916, 156.804]","(3568032.75, 3840398.7]"
2012-07-03,156.97,157.72,156.77,157.46,5037638,"(156.431, 158.316]","(157.037, 158.928]","(155.823, 157.7]","(156.804, 158.693]","(4929862.5, 5202228.45]"
2012-07-05,155.44,156.4,154.45,155.68,5359813,"(154.546, 156.431]","(155.146, 157.037]","(153.946, 155.823]","(154.916, 156.804]","(5202228.45, 5474594.4]"
2012-07-06,154.23,154.49,152.95,153.71,7046672,"(152.661, 154.546]","(153.255, 155.146]","(152.069, 153.946]","(153.028, 154.916]","(6836424.15, 7108790.1]"
2012-07-09,153.61,154.58,153.43,154.04,4469154,"(152.661, 154.546]","(153.255, 155.146]","(152.069, 153.946]","(153.028, 154.916]","(4385130.6, 4657496.55]"
2012-07-10,155.1,155.18,151.78,152.15,9724837,"(154.546, 156.431]","(155.146, 157.037]","(150.192, 152.069]","(151.139, 153.028]","(9560083.65, 9832449.6]"
2012-07-11,152.58,153.45,152.02,152.99,6839349,"(150.776, 152.661]","(153.255, 155.146]","(150.192, 152.069]","(151.139, 153.028]","(6836424.15, 7108790.1]"
2012-07-12,151.26,153.07,150.85,152.59,11398210,"(150.776, 152.661]","(151.364, 153.255]","(150.192, 152.069]","(151.139, 153.028]","(11194279.35, 11466645.3]"
2012-07-13,153.45,154.94,153.44,154.14,5080887,"(152.661, 154.546]","(153.255, 155.146]","(152.069, 153.946]","(153.028, 154.916]","(4929862.5, 5202228.45]"
2012-07-16,154.43,154.75,153.98,154.21,5712100,"(152.661, 154.546]","(153.255, 155.146]","(153.946, 155.823]","(153.028, 154.916]","(5474594.4, 5746960.35]"
2012-07-17,154.01,154.5,152.45,153.47,13021895,"(152.661, 154.546]","(153.255, 155.146]","(152.069, 153.946]","(153.028, 154.916]","(12828475.05, 13100841.0]"
2012-07-18,152.67,153.6,152.4,153.05,6808080,"(152.661, 154.546]","(153.255, 155.146]","(152.069, 153.946]","(153.028, 154.916]","(6564058.2, 6836424.15]"
2012-07-19,153.73,154.32,152.93,153.38,6072455,"(152.661, 154.546]","(153.255, 155.146]","(152.069, 153.946]","(153.028, 154.916]","(6019326.3, 6291692.25]"
2012-07-20,152.97,154.0,152.75,153.67,8584044,"(152.661, 154.546]","(153.255, 155.146]","(152.069, 153.946]","(153.028, 154.916]","(8470619.85, 8742985.8]"
2012-07-23,152.5,153.33,152.29,153.03,5256726,"(150.776, 152.661]","(153.255, 155.146]","(152.069, 153.946]","(153.028, 154.916]","(5202228.45, 5474594.4]"
2012-07-24,153.63,153.8,152.2,153.52,6529978,"(152.661, 154.546]","(153.255, 155.146]","(152.069, 153.946]","(153.028, 154.916]","(6291692.25, 6564058.2]"
2012-07-25,155.33,156.29,155.05,155.67,9357039,"(154.546, 156.431]","(155.146, 157.037]","(153.946, 155.823]","(154.916, 156.804]","(9287717.7, 9560083.65]"
2012-07-26,156.7,157.26,156.05,156.77,7343452,"(156.431, 158.316]","(157.037, 158.928]","(155.823, 157.7]","(154.916, 156.804]","(7108790.1, 7381156.05]"
2012-07-27,157.64,157.96,156.66,157.54,9772527,"(156.431, 158.316]","(157.037, 158.928]","(155.823, 157.7]","(156.804, 158.693]","(9560083.65, 9832449.6]"
2012-07-30,156.84,157.66,154.81,157.43,7212323,"(156.431, 158.316]","(157.037, 158.928]","(153.946, 155.823]","(156.804, 158.693]","(7108790.1, 7381156.05]"
2012-07-31,157.6,157.72,156.26,156.49,10920230,"(156.431, 158.316]","(157.037, 158.928]","(155.823, 157.7]","(154.916, 156.804]","(10649547.45, 10921913.4]"
2012-08-01,155.18,155.79,154.41,155.14,12715132,"(154.546, 156.431]","(155.146, 157.037]","(153.946, 155.823]","(154.916, 156.804]","(12556109.1, 12828475.05]"
2012-08-02,154.66,155.14,153.61,154.13,11539211,"(154.546, 156.431]","(153.255, 155.146]","(152.069, 153.946]","(153.028, 154.916]","(11466645.3, 11739011.25]"
2012-08-03,154.65,155.89,154.42,155.55,10670687,"(154.546, 156.431]","(155.146, 157.037]","(153.946, 155.823]","(154.916, 156.804]","(10649547.45, 10921913.4]"
2012-08-06,155.92,156.73,155.74,156.3,4611957,"(154.546, 156.431]","(155.146, 157.037]","(153.946, 155.823]","(154.916, 156.804]","(4385130.6, 4657496.55]"
2012-08-07,156.37,156.63,156.01,156.28,5923569,"(154.546, 156.431]","(155.146, 157.037]","(155.823, 157.7]","(154.916, 156.804]","(5746960.35, 6019326.3]"
2012-08-08,156.49,156.86,156.26,156.48,3621101,"(156.431, 158.316]","(155.146, 157.037]","(155.823, 157.7]","(154.916, 156.804]","(3568032.75, 3840398.7]"
2012-08-09,156.36,157.0,156.28,156.99,3179489,"(154.546, 156.431]","(155.146, 157.037]","(155.823, 157.7]","(156.804, 158.693]","(3023300.85, 3295666.8]"
2012-08-10,156.9,157.82,156.65,157.18,4607931,"(156.431, 158.316]","(157.037, 158.928]","(155.823, 157.7]","(156.804, 158.693]","(4385130.6, 4657496.55]"
2012-08-13,157.05,157.45,155.9,155.99,4574444,"(156.431, 158.316]","(157.037, 158.928]","(155.823, 157.7]","(154.916, 156.804]","(4385130.6, 4657496.55]"
2012-08-14,155.06,155.58,154.83,155.13,5075753,"(154.546, 156.431]","(155.146, 157.037]","(153.946, 155.823]","(154.916, 156.804]","(4929862.5, 5202228.45]"
2012-08-15,155.32,155.82,155.27,155.63,4993836,"(154.546, 156.431]","(155.146, 157.037]","(153.946, 155.823]","(154.916, 156.804]","(4929862.5, 5202228.45]"
2012-08-16,155.85,157.09,155.5,156.56,8838373,"(154.546, 156.431]","(157.037, 158.928]","(153.946, 155.823]","(154.916, 156.804]","(8742985.8, 9015351.75]"
2012-08-17,157.06,157.07,156.22,156.72,7812003,"(156.431, 158.316]","(157.037, 158.928]","(155.823, 157.7]","(154.916, 156.804]","(7653522.0, 7925887.95]"
2012-08-20,156.52,157.4,156.47,157.26,7847153,"(156.431, 158.316]","(157.037, 158.928]","(155.823, 157.7]","(156.804, 158.693]","(7653522.0, 7925887.95]"
2012-08-21,158.81,159.2,158.69,158.83,11829866,"(158.316, 160.201]","(158.928, 160.819]","(157.7, 159.577]","(158.693, 160.581]","(11739011.25, 12011377.2]"
2012-08-22,159.19,160.63,158.51,160.54,13598117,"(158.316, 160.201]","(158.928, 160.819]","(157.7, 159.577]","(158.693, 160.581]","(13373206.95, 13645572.9]"
2012-08-23,161.41,162.45,161.23,161.89,17229627,"(160.201, 162.086]","(160.819, 162.71]","(159.577, 161.454]","(160.581, 162.469]","(17186330.25, 17458696.2]"
2012-08-24,161.87,162.35,161.33,161.97,8497304,"(160.201, 162.086]","(160.819, 162.71]","(159.577, 161.454]","(160.581, 162.469]","(8470619.85, 8742985.8]"
2012-08-27,161.77,162.29,161.34,161.36,5380961,"(160.201, 162.086]","(160.819, 162.71]","(159.577, 161.454]","(160.581, 162.469]","(5202228.45, 5474594.4]"
2012-08-28,161.63,162.19,161.3,161.64,5074106,"(160.201, 162.086]","(160.819, 162.71]","(159.577, 161.454]","(160.581, 162.469]","(4929862.5, 5202228.45]"
2012-08-29,161.6,161.68,160.18,160.59,9287659,"(160.201, 162.086]","(160.819, 162.71]","(159.577, 161.454]","(160.581, 162.469]","(9015351.75, 9287717.7]"
2012-08-30,161.26,161.31,160.01,160.52,5813988,"(160.201, 162.086]","(160.819, 162.71]","(159.577, 161.454]","(158.693, 160.581]","(5746960.35, 6019326.3]"
2012-08-31,161.14,164.22,159.56,164.22,18025170,"(160.201, 162.086]","(162.71, 164.601]","(157.7, 159.577]","(162.469, 164.357]","(18003428.1, 18275794.05]"
2012-09-04,164.11,164.77,163.66,164.48,12038123,"(163.971, 165.856]","(164.601, 166.492]","(163.331, 165.208]","(164.357, 166.246]","(12011377.2, 12283743.15]"
2012-09-05,164.12,164.39,163.81,164.31,8403052,"(163.971, 165.856]","(162.71, 164.601]","(163.331, 165.208]","(162.469, 164.357]","(8198253.9, 8470619.85]"
2012-09-06,165.16,165.78,164.8,164.89,12961563,"(163.971, 165.856]","(164.601, 166.492]","(163.331, 165.208]","(164.357, 166.246]","(12828475.05, 13100841.0]"
2012-09-07,167.77,169.0,167.37,168.44,19139008,"(167.741, 169.625]","(168.383, 170.273]","(167.085, 168.961]","(168.134, 170.022]","(19092891.9, 19365257.85]"
2012-09-10,167.84,168.14,167.23,167.29,7761828,"(167.741, 169.625]","(166.492, 168.383]","(167.085, 168.961]","(166.246, 168.134]","(7653522.0, 7925887.95]"
2012-09-11,168.22,168.53,167.79,167.9,7522809,"(167.741, 169.625]","(168.383, 170.273]","(167.085, 168.961]","(166.246, 168.134]","(7381156.05, 7653522.0]"
2012-09-12,168.84,168.87,167.25,167.92,9945980,"(167.741, 169.625]","(168.383, 170.273]","(167.085, 168.961]","(166.246, 168.134]","(9832449.6, 10104815.55]"
2012-09-14,171.89,172.23,171.31,171.8,16847562,"(171.51, 173.395]","(172.164, 174.055]","(170.838, 172.715]","(170.022, 171.91]","(16641598.35, 16913964.3]"
2012-09-17,171.77,171.96,170.06,170.4,11284700,"(171.51, 173.395]","(170.273, 172.164]","(168.961, 170.838]","(170.022, 171.91]","(11194279.35, 11466645.3]"
2012-09-18,170.81,171.95,170.67,171.72,12483811,"(169.625, 171.51]","(170.273, 172.164]","(168.961, 170.838]","(170.022, 171.91]","(12283743.15, 12556109.1]"
2012-09-19,171.88,172.03,171.19,171.74,9126752,"(171.51, 173.395]","(170.273, 172.164]","(170.838, 172.715]","(170.022, 171.91]","(9015351.75, 9287717.7]"
2012-09-20,171.03,171.69,170.23,171.47,8704145,"(169.625, 171.51]","(170.273, 172.164]","(168.961, 170.838]","(170.022, 171.91]","(8470619.85, 8742985.8]"
2012-09-21,172.93,173.19,171.54,171.96,13361837,"(171.51, 173.395]","(172.164, 174.055]","(170.838, 172.715]","(171.91, 173.799]","(13100841.0, 13373206.95]"
2012-09-24,170.63,171.39,170.57,171.05,9179883,"(169.625, 171.51]","(170.273, 172.164]","(168.961, 170.838]","(170.022, 171.91]","(9015351.75, 9287717.7]"
2012-09-25,171.76,172.11,170.5,170.77,10358906,"(171.51, 173.395]","(170.273, 172.164]","(168.961, 170.838]","(170.022, 171.91]","(10104815.55, 10377181.5]"
2012-09-26,169.46,170.05,168.34,169.81,12066602,"(167.741, 169.625]","(168.383, 170.273]","(167.085, 168.961]","(168.134, 170.022]","(12011377.2, 12283743.15]"
2012-09-27,171.02,172.6,170.76,172.34,10540051,"(169.625, 171.51]","(172.164, 174.055]","(168.961, 170.838]","(171.91, 173.799]","(10377181.5, 10649547.45]"
2012-09-28,172.03,172.48,171.34,171.89,9681646,"(171.51, 173.395]","(172.164, 174.055]","(170.838, 172.715]","(170.022, 171.91]","(9560083.65, 9832449.6]"
2012-10-01,172.83,173.62,171.77,172.3,10679309,"(171.51, 173.395]","(172.164, 174.055]","(170.838, 172.715]","(171.91, 173.799]","(10649547.45, 10921913.4]"
2012-10-02,172.47,172.7,171.59,172.1,7054602,"(171.51, 173.395]","(172.164, 174.055]","(170.838, 172.715]","(171.91, 173.799]","(6836424.15, 7108790.1]"
2012-10-03,172.51,172.61,171.89,172.41,5648496,"(171.51, 173.395]","(172.164, 174.055]","(170.838, 172.715]","(171.91, 173.799]","(5474594.4, 5746960.35]"
2012-10-04,173.2,174.07,172.92,173.61,10376706,"(171.51, 173.395]","(174.055, 175.946]","(172.715, 174.592]","(171.91, 173.799]","(10104815.55, 10377181.5]"
2012-10-05,172.87,173.37,172.01,172.62,8870943,"(171.51, 173.395]","(172.164, 174.055]","(170.838, 172.715]","(171.91, 173.799]","(8742985.8, 9015351.75]"
2012-10-08,171.75,172.28,171.68,172.05,3750478,"(171.51, 173.395]","(172.164, 174.055]","(170.838, 172.715]","(171.91, 173.799]","(3568032.75, 3840398.7]"
2012-10-09,171.86,172.17,170.56,170.99,7754416,"(171.51, 173.395]","(172.164, 174.055]","(168.961, 170.838]","(170.022, 171.91]","(7653522.0, 7925887.95]"
2012-10-10,170.54,171.34,170.3,170.84,7363680,"(169.625, 171.51]","(170.273, 172.164]","(168.961, 170.838]","(170.022, 171.91]","(7108790.1, 7381156.05]"
2012-10-11,171.3,171.95,171.13,171.32,5715551,"(169.625, 171.51]","(170.273, 172.164]","(170.838, 172.715]","(170.022, 171.91]","(5474594.4, 5746960.35]"
2012-10-12,171.15,171.41,169.81,170.06,8266182,"(169.625, 171.51]","(170.273, 172.164]","(168.961, 170.838]","(170.022, 171.91]","(8198253.9, 8470619.85]"
2012-10-15,169.01,169.1,167.53,168.35,10707292,"(167.741, 169.625]","(168.383, 170.273]","(167.085, 168.961]","(168.134, 170.022]","(10649547.45, 10921913.4]"
2012-10-16,168.87,169.45,168.67,169.42,6204788,"(167.741, 169.625]","(168.383, 170.273]","(167.085, 168.961]","(168.134, 170.022]","(6019326.3, 6291692.25]"
2012-10-17,169.21,169.95,168.92,169.54,5203352,"(167.741, 169.625]","(168.383, 170.273]","(167.085, 168.961]","(168.134, 170.022]","(5202228.45, 5474594.4]"
2012-10-18,168.8,169.31,168.59,168.79,6609931,"(167.741, 169.625]","(168.383, 170.273]","(167.085, 168.961]","(168.134, 170.022]","(6564058.2, 6836424.15]"
2012-10-19,168.42,168.45,166.23,166.97,13860559,"(167.741, 169.625]","(168.383, 170.273]","(165.208, 167.085]","(166.246, 168.134]","(13645572.9, 13917938.85]"
2012-10-22,167.08,167.63,167.03,167.58,6366878,"(165.856, 167.741]","(166.492, 168.383]","(165.208, 167.085]","(166.246, 168.134]","(6291692.25, 6564058.2]"
2012-10-23,166.04,166.06,165.12,165.43,11881136,"(165.856, 167.741]","(164.601, 166.492]","(163.331, 165.208]","(164.357, 166.246]","(11739011.25, 12011377.2]"
2012-10-24,165.78,165.83,164.6,164.86,10794599,"(163.971, 165.856]","(164.601, 166.492]","(163.331, 165.208]","(164.357, 166.246]","(10649547.45, 10921913.4]"
2012-10-25,166.29,166.53,165.77,166.02,7014563,"(165.856, 167.741]","(166.492, 168.383]","(165.208, 167.085]","(164.357, 166.246]","(6836424.15, 7108790.1]"
2012-10-26,166.23,166.6,165.77,165.93,6441256,"(165.856, 167.741]","(166.492, 168.383]","(165.208, 167.085]","(164.357, 166.246]","(6291692.25, 6564058.2]"
2012-10-31,166.47,167.28,166.38,166.83,4682926,"(165.856, 167.741]","(166.492, 168.383]","(165.208, 167.085]","(166.246, 168.134]","(4657496.55, 4929862.5]"
2012-11-01,167.02,167.04,166.04,166.07,6021021,"(165.856, 167.741]","(166.492, 168.383]","(165.208, 167.085]","(164.357, 166.246]","(6019326.3, 6291692.25]"
2012-11-02,164.45,164.47,162.3,162.6,14763525,"(163.971, 165.856]","(162.71, 164.601]","(161.454, 163.331]","(162.469, 164.357]","(14735036.7, 15007402.65]"
2012-11-05,163.12,163.42,162.81,163.23,6157084,"(162.086, 163.971]","(162.71, 164.601]","(161.454, 163.331]","(162.469, 164.357]","(6019326.3, 6291692.25]"
2012-11-06,163.91,166.77,163.61,166.3,16047697,"(162.086, 163.971]","(166.492, 168.383]","(163.331, 165.208]","(166.246, 168.134]","(15824500.5, 16096866.45]"
2012-11-07,166.87,167.13,165.04,166.49,13197883,"(165.856, 167.741]","(166.492, 168.383]","(163.331, 165.208]","(166.246, 168.134]","(13100841.0, 13373206.95]"
2012-11-08,166.14,168.16,166.12,167.99,8823684,"(165.856, 167.741]","(166.492, 168.383]","(165.208, 167.085]","(166.246, 168.134]","(8742985.8, 9015351.75]"
2012-11-09,168.21,168.54,167.55,167.82,7361363,"(167.741, 169.625]","(168.383, 170.273]","(167.085, 168.961]","(166.246, 168.134]","(7108790.1, 7381156.05]"
2012-11-12,168.1,168.28,167.21,167.45,5647556,"(167.741, 169.625]","(166.492, 168.383]","(167.085, 168.961]","(166.246, 168.134]","(5474594.4, 5746960.35]"
2012-11-13,166.66,167.94,166.63,167.1,6467264,"(165.856, 167.741]","(166.492, 168.383]","(165.208, 167.085]","(166.246, 168.134]","(6291692.25, 6564058.2]"
2012-11-14,167.45,168.04,166.78,167.14,8510853,"(165.856, 167.741]","(166.492, 168.383]","(165.208, 167.085]","(166.246, 168.134]","(8470619.85, 8742985.8]"
2012-11-15,167.0,167.06,165.18,166.09,10023202,"(165.856, 167.741]","(166.492, 168.383]","(163.331, 165.208]","(164.357, 166.246]","(9832449.6, 10104815.55]"
2012-11-16,165.74,166.36,165.47,165.88,6944800,"(163.971, 165.856]","(164.601, 166.492]","(165.208, 167.085]","(164.357, 166.246]","(6836424.15, 7108790.1]"
2012-11-19,167.75,168.16,167.38,167.87,6769514,"(167.741, 169.625]","(166.492, 168.383]","(167.085, 168.961]","(166.246, 168.134]","(6564058.2, 6836424.15]"
2012-11-20,167.75,168.02,166.84,167.39,5496504,"(167.741, 169.625]","(166.492, 168.383]","(165.208, 167.085]","(166.246, 168.134]","(5474594.4, 5746960.35]"
2012-11-21,167.19,167.82,166.97,167.56,3810665,"(165.856, 167.741]","(166.492, 168.383]","(165.208, 167.085]","(166.246, 168.134]","(3568032.75, 3840398.7]"
2012-11-23,167.97,170.01,167.8,169.61,6110069,"(167.741, 169.625]","(168.383, 170.273]","(167.085, 168.961]","(168.134, 170.022]","(6019326.3, 6291692.25]"
2012-11-26,169.56,169.73,169.25,169.43,5377350,"(167.741, 169.625]","(168.383, 170.273]","(168.961, 170.838]","(168.134, 170.022]","(5202228.45, 5474594.4]"
2012-11-27,169.14,169.4,168.62,168.71,7315915,"(167.741, 169.625]","(168.383, 170.273]","(167.085, 168.961]","(168.134, 170.022]","(7108790.1, 7381156.05]"
2012-11-28,165.43,166.84,165.39,166.55,12880972,"(163.971, 165.856]","(166.492, 168.383]","(165.208, 167.085]","(166.246, 168.134]","(12828475.05, 13100841.0]"
2012-11-29,167.14,167.5,166.85,167.18,7447045,"(165.856, 167.741]","(166.492, 168.383]","(165.208, 167.085]","(166.246, 168.134]","(7381156.05, 7653522.0]"
2012-11-30,166.94,167.22,165.53,166.05,8413220,"(165.856, 167.741]","(166.492, 168.383]","(165.208, 167.085]","(164.357, 166.246]","(8198253.9, 8470619.85]"
2012-12-03,166.11,166.92,166.04,166.13,6364133,"(165.856, 167.741]","(166.492, 168.383]","(165.208, 167.085]","(164.357, 166.246]","(6291692.25, 6564058.2]"
2012-12-04,164.06,164.83,163.87,164.42,10211169,"(163.971, 165.856]","(164.601, 166.492]","(163.331, 165.208]","(164.357, 166.246]","(10104815.55, 10377181.5]"
2012-12-05,164.22,164.5,163.2,164.12,10647673,"(163.971, 165.856]","(162.71, 164.601]","(161.454, 163.331]","(162.469, 164.357]","(10377181.5, 10649547.45]"
2012-12-06,163.72,165.0,163.53,164.5,7275271,"(162.086, 163.971]","(164.601, 166.492]","(163.331, 165.208]","(164.357, 166.246]","(7108790.1, 7381156.05]"
2012-12-07,164.88,165.22,164.6,165.17,7290491,"(163.971, 165.856]","(164.601, 166.492]","(163.331, 165.208]","(164.357, 166.246]","(7108790.1, 7381156.05]"
2012-12-10,166.11,166.16,165.72,165.8,4646759,"(165.856, 167.741]","(164.601, 166.492]","(165.208, 167.085]","(164.357, 166.246]","(4385130.6, 4657496.55]"
2012-12-11,165.45,165.66,165.12,165.65,4721144,"(163.971, 165.856]","(164.601, 166.492]","(163.331, 165.208]","(164.357, 166.246]","(4657496.55, 4929862.5]"
2012-12-12,166.2,166.94,165.36,165.77,14166239,"(165.856, 167.741]","(166.492, 168.383]","(165.208, 167.085]","(164.357, 166.246]","(13917938.85, 14190304.8]"
2012-12-13,163.86,164.9,163.78,164.37,9332954,"(162.086, 163.971]","(164.601, 166.492]","(163.331, 165.208]","(164.357, 166.246]","(9287717.7, 9560083.65]"
2012-12-14,164.17,164.48,164.02,164.13,5351688,"(163.971, 165.856]","(162.71, 164.601]","(163.331, 165.208]","(162.469, 164.357]","(5202228.45, 5474594.4]"
2012-12-17,164.16,164.62,164.13,164.44,8174286,"(163.971, 165.856]","(164.601, 166.492]","(163.331, 165.208]","(164.357, 166.246]","(7925887.95, 8198253.9]"
2012-12-19,161.31,162.22,161.11,161.69,12994212,"(160.201, 162.086]","(160.819, 162.71]","(159.577, 161.454]","(160.581, 162.469]","(12828475.05, 13100841.0]"
2012-12-21,159.82,160.76,159.78,160.33,13445642,"(158.316, 160.201]","(158.928, 160.819]","(159.577, 161.454]","(158.693, 160.581]","(13373206.95, 13645572.9]"
2012-12-24,160.88,160.96,160.47,160.62,3699741,"(160.201, 162.086]","(160.819, 162.71]","(159.577, 161.454]","(160.581, 162.469]","(3568032.75, 3840398.7]"
2012-12-26,161.36,161.48,160.64,160.78,4961728,"(160.201, 162.086]","(160.819, 162.71]","(159.577, 161.454]","(160.581, 162.469]","(4929862.5, 5202228.45]"
2012-12-27,160.23,161.31,160.05,161.16,8938497,"(160.201, 162.086]","(160.819, 162.71]","(159.577, 161.454]","(160.581, 162.469]","(8742985.8, 9015351.75]"
2012-12-28,160.94,160.97,160.15,160.54,6852993,"(160.201, 162.086]","(160.819, 162.71]","(159.577, 161.454]","(158.693, 160.581]","(6836424.15, 7108790.1]"
2012-12-31,160.9,162.75,160.77,162.02,11789420,"(160.201, 162.086]","(162.71, 164.601]","(159.577, 161.454]","(160.581, 162.469]","(11739011.25, 12011377.2]"
2013-01-02,163.49,164.14,163.14,163.17,10433302,"(162.086, 163.971]","(162.71, 164.601]","(161.454, 163.331]","(162.469, 164.357]","(10377181.5, 10649547.45]"
2013-01-03,162.48,162.88,160.83,161.2,16079828,"(162.086, 163.971]","(162.71, 164.601]","(159.577, 161.454]","(160.581, 162.469]","(15824500.5, 16096866.45]"
2013-01-04,159.52,160.64,158.89,160.44,19179755,"(158.316, 160.201]","(158.928, 160.819]","(157.7, 159.577]","(158.693, 160.581]","(19092891.9, 19365257.85]"
2013-01-07,159.34,159.96,159.15,159.43,9361773,"(158.316, 160.201]","(158.928, 160.819]","(157.7, 159.577]","(158.693, 160.581]","(9287717.7, 9560083.65]"
2013-01-08,160.46,160.99,160.01,160.56,7695833,"(160.201, 162.086]","(160.819, 162.71]","(159.577, 161.454]","(158.693, 160.581]","(7653522.0, 7925887.95]"
2013-01-09,160.77,160.83,159.91,160.49,8335573,"(160.201, 162.086]","(160.819, 162.71]","(159.577, 161.454]","(158.693, 160.581]","(8198253.9, 8470619.85]"
2013-01-10,161.61,162.56,161.61,161.98,11422658,"(160.201, 162.086]","(160.819, 162.71]","(161.454, 163.331]","(160.581, 162.469]","(11194279.35, 11466645.3]"
2013-01-11,161.86,161.9,160.11,161.06,13675628,"(160.201, 162.086]","(160.819, 162.71]","(159.577, 161.454]","(160.581, 162.469]","(13645572.9, 13917938.85]"
2013-01-14,161.88,161.97,161.13,161.54,7289065,"(160.201, 162.086]","(160.819, 162.71]","(159.577, 161.454]","(160.581, 162.469]","(7108790.1, 7381156.05]"
2013-01-15,162.8,163.17,162.36,162.56,10080198,"(162.086, 163.971]","(162.71, 164.601]","(161.454, 163.331]","(162.469, 164.357]","(9832449.6, 10104815.55]"
2013-01-16,162.42,163.03,162.15,162.65,9217229,"(162.086, 163.971]","(162.71, 164.601]","(161.454, 163.331]","(162.469, 164.357]","(9015351.75, 9287717.7]"
2013-01-17,161.94,164.4,161.83,163.35,14913303,"(160.201, 162.086]","(162.71, 164.601]","(161.454, 163.331]","(162.469, 164.357]","(14735036.7, 15007402.65]"
2013-01-18,163.95,163.97,163.02,163.09,10038732,"(162.086, 163.971]","(162.71, 164.601]","(161.454, 163.331]","(162.469, 164.357]","(9832449.6, 10104815.55]"
2013-01-22,163.48,164.22,163.37,163.67,8590077,"(162.086, 163.971]","(162.71, 164.601]","(163.331, 165.208]","(162.469, 164.357]","(8470619.85, 8742985.8]"
2013-01-23,163.92,163.95,163.0,163.21,6697444,"(162.086, 163.971]","(162.71, 164.601]","(161.454, 163.331]","(162.469, 164.357]","(6564058.2, 6836424.15]"
2013-01-24,161.98,162.27,161.18,161.42,13189502,"(160.201, 162.086]","(160.819, 162.71]","(159.577, 161.454]","(160.581, 162.469]","(13100841.0, 13373206.95]"
2013-01-25,160.56,161.04,160.31,160.65,9037661,"(160.201, 162.086]","(160.819, 162.71]","(159.577, 161.454]","(160.581, 162.469]","(9015351.75, 9287717.7]"
2013-01-28,160.24,160.73,160.02,160.29,8493619,"(160.201, 162.086]","(158.928, 160.819]","(159.577, 161.454]","(158.693, 160.581]","(8470619.85, 8742985.8]"
2013-01-29,161.01,161.31,160.69,160.99,7366369,"(160.201, 162.086]","(160.819, 162.71]","(159.577, 161.454]","(160.581, 162.469]","(7108790.1, 7381156.05]"
2013-01-30,162.68,163.04,162.03,162.19,12011934,"(162.086, 163.971]","(162.71, 164.601]","(161.454, 163.331]","(160.581, 162.469]","(12011377.2, 12283743.15]"
2013-01-31,161.62,161.81,160.47,161.2,9335217,"(160.201, 162.086]","(160.819, 162.71]","(159.577, 161.454]","(160.581, 162.469]","(9287717.7, 9560083.65]"
2013-02-01,162.66,162.77,160.87,161.45,12904297,"(162.086, 163.971]","(162.71, 164.601]","(159.577, 161.454]","(160.581, 162.469]","(12828475.05, 13100841.0]"
2013-02-04,161.19,162.42,161.15,162.0,7355261,"(160.201, 162.086]","(160.819, 162.71]","(159.577, 161.454]","(160.581, 162.469]","(7108790.1, 7381156.05]"
2013-02-05,162.75,162.8,161.33,161.96,8979387,"(162.086, 163.971]","(162.71, 164.601]","(159.577, 161.454]","(160.581, 162.469]","(8742985.8, 9015351.75]"
2013-02-06,162.13,162.63,161.99,162.39,6146487,"(162.086, 163.971]","(160.819, 162.71]","(161.454, 163.331]","(160.581, 162.469]","(6019326.3, 6291692.25]"
2013-02-07,161.24,162.96,161.13,161.84,12827886,"(160.201, 162.086]","(162.71, 164.601]","(159.577, 161.454]","(160.581, 162.469]","(12556109.1, 12828475.05]"
2013-02-08,161.46,162.02,161.2,161.57,6085836,"(160.201, 162.086]","(160.819, 162.71]","(159.577, 161.454]","(160.581, 162.469]","(6019326.3, 6291692.25]"
2013-02-11,159.78,159.98,159.25,159.7,12090434,"(158.316, 160.201]","(158.928, 160.819]","(157.7, 159.577]","(158.693, 160.581]","(12011377.2, 12283743.15]"
2013-02-12,159.35,160.05,158.88,159.89,7632427,"(158.316, 160.201]","(158.928, 160.819]","(157.7, 159.577]","(158.693, 160.581]","(7381156.05, 7653522.0]"
2013-02-13,159.6,159.64,158.77,159.05,8962433,"(158.316, 160.201]","(158.928, 160.819]","(157.7, 159.577]","(158.693, 160.581]","(8742985.8, 9015351.75]"
2013-02-14,159.31,159.65,158.04,158.35,12410325,"(158.316, 160.201]","(158.928, 160.819]","(157.7, 159.577]","(156.804, 158.693]","(12283743.15, 12556109.1]"
2013-02-15,156.42,156.58,154.56,155.76,23374558,"(154.546, 156.431]","(155.146, 157.037]","(153.946, 155.823]","(154.916, 156.804]","(23178381.15, 23450747.1]"
2013-02-19,155.78,155.84,154.93,155.33,11804156,"(154.546, 156.431]","(155.146, 157.037]","(153.946, 155.823]","(154.916, 156.804]","(11739011.25, 12011377.2]"
2013-02-21,152.0,153.41,151.9,152.62,17965884,"(150.776, 152.661]","(153.255, 155.146]","(150.192, 152.069]","(151.139, 153.028]","(17731062.15, 18003428.1]"
2013-02-22,152.26,152.99,151.93,152.97,10093510,"(150.776, 152.661]","(151.364, 153.255]","(150.192, 152.069]","(151.139, 153.028]","(9832449.6, 10104815.55]"
2013-02-25,153.52,154.56,153.31,154.34,9478089,"(152.661, 154.546]","(153.255, 155.146]","(152.069, 153.946]","(153.028, 154.916]","(9287717.7, 9560083.65]"
2013-02-26,154.39,156.8,153.32,156.22,18182336,"(152.661, 154.546]","(155.146, 157.037]","(152.069, 153.946]","(154.916, 156.804]","(18003428.1, 18275794.05]"
2013-02-27,155.46,155.6,154.08,154.57,9597470,"(154.546, 156.431]","(155.146, 157.037]","(153.946, 155.823]","(153.028, 154.916]","(9560083.65, 9832449.6]"
2013-02-28,154.09,154.16,152.39,153.0,14864969,"(152.661, 154.546]","(153.255, 155.146]","(152.069, 153.946]","(151.139, 153.028]","(14735036.7, 15007402.65]"
2013-03-01,153.16,153.61,152.14,152.44,11179400,"(152.661, 154.546]","(153.255, 155.146]","(152.069, 153.946]","(151.139, 153.028]","(10921913.4, 11194279.35]"
2013-03-04,152.45,152.74,151.87,152.3,6636002,"(150.776, 152.661]","(151.364, 153.255]","(150.192, 152.069]","(151.139, 153.028]","(6564058.2, 6836424.15]"
2013-03-05,153.1,153.39,152.11,152.38,10804639,"(152.661, 154.546]","(153.255, 155.146]","(152.069, 153.946]","(151.139, 153.028]","(10649547.45, 10921913.4]"
2013-03-06,152.17,153.38,151.65,153.23,10859239,"(150.776, 152.661]","(153.255, 155.146]","(150.192, 152.069]","(153.028, 154.916]","(10649547.45, 10921913.4]"
2013-03-07,153.02,153.21,152.4,152.69,6587547,"(152.661, 154.546]","(151.364, 153.255]","(152.069, 153.946]","(151.139, 153.028]","(6564058.2, 6836424.15]"
2013-03-08,151.61,153.29,151.4,152.71,11860089,"(150.776, 152.661]","(153.255, 155.146]","(150.192, 152.069]","(151.139, 153.028]","(11739011.25, 12011377.2]"
2013-03-11,152.82,153.06,152.65,152.99,4810698,"(152.661, 154.546]","(151.364, 153.255]","(152.069, 153.946]","(151.139, 153.028]","(4657496.55, 4929862.5]"
2013-03-12,154.07,154.69,153.9,154.19,7265977,"(152.661, 154.546]","(153.255, 155.146]","(152.069, 153.946]","(153.028, 154.916]","(7108790.1, 7381156.05]"
2013-03-13,154.26,154.6,153.42,153.66,7436900,"(152.661, 154.546]","(153.255, 155.146]","(152.069, 153.946]","(153.028, 154.916]","(7381156.05, 7653522.0]"
2013-03-14,153.02,154.17,153.01,153.68,11420238,"(152.661, 154.546]","(153.255, 155.146]","(152.069, 153.946]","(153.028, 154.916]","(11194279.35, 11466645.3]"
2013-03-15,154.12,154.72,153.97,154.0,5701573,"(152.661, 154.546]","(153.255, 155.146]","(153.946, 155.823]","(153.028, 154.916]","(5474594.4, 5746960.35]"
2013-03-18,155.7,155.93,155.0,155.38,9303073,"(154.546, 156.431]","(155.146, 157.037]","(153.946, 155.823]","(154.916, 156.804]","(9287717.7, 9560083.65]"
2013-03-19,155.22,156.34,155.1,156.08,11027602,"(154.546, 156.431]","(155.146, 157.037]","(153.946, 155.823]","(154.916, 156.804]","(10921913.4, 11194279.35]"
2013-03-20,155.53,155.83,154.88,155.37,8221933,"(154.546, 156.431]","(155.146, 157.037]","(153.946, 155.823]","(154.916, 156.804]","(8198253.9, 8470619.85]"
2013-03-21,156.17,156.43,155.88,156.25,4992510,"(154.546, 156.431]","(155.146, 157.037]","(155.823, 157.7]","(154.916, 156.804]","(4929862.5, 5202228.45]"
2013-03-22,155.45,155.99,155.42,155.55,4746376,"(154.546, 156.431]","(155.146, 157.037]","(153.946, 155.823]","(154.916, 156.804]","(4657496.55, 4929862.5]"
2013-03-25,154.71,155.57,154.36,155.24,6820543,"(154.546, 156.431]","(155.146, 157.037]","(153.946, 155.823]","(154.916, 156.804]","(6564058.2, 6836424.15]"
2013-03-26,154.47,154.91,154.28,154.72,7389042,"(152.661, 154.546]","(153.255, 155.146]","(153.946, 155.823]","(153.028, 154.916]","(7381156.05, 7653522.0]"
2013-03-27,154.67,155.62,154.51,155.36,6718519,"(154.546, 156.431]","(155.146, 157.037]","(153.946, 155.823]","(154.916, 156.804]","(6564058.2, 6836424.15]"
2013-03-28,154.5,154.8,154.22,154.47,6851500,"(152.661, 154.546]","(153.255, 155.146]","(153.946, 155.823]","(153.028, 154.916]","(6836424.15, 7108790.1]"
2013-04-01,154.57,154.93,154.3,154.67,4288286,"(154.546, 156.431]","(153.255, 155.146]","(153.946, 155.823]","(153.028, 154.916]","(4112764.65, 4385130.6]"
2013-04-02,153.09,153.31,152.26,152.43,9398554,"(152.661, 154.546]","(153.255, 155.146]","(152.069, 153.946]","(151.139, 153.028]","(9287717.7, 9560083.65]"
2013-04-03,152.02,152.53,149.92,150.73,15721080,"(150.776, 152.661]","(151.364, 153.255]","(148.315, 150.192]","(149.251, 151.139]","(15552134.55, 15824500.5]"
2013-04-04,149.65,150.6,149.44,150.29,12429467,"(148.891, 150.776]","(149.473, 151.364]","(148.315, 150.192]","(149.251, 151.139]","(12283743.15, 12556109.1]"
2013-04-05,151.54,152.96,151.07,152.81,14491837,"(150.776, 152.661]","(151.364, 153.255]","(150.192, 152.069]","(151.139, 153.028]","(14462670.75, 14735036.7]"
2013-04-08,152.39,152.59,151.6,152.16,6246184,"(150.776, 152.661]","(151.364, 153.255]","(150.192, 152.069]","(151.139, 153.028]","(6019326.3, 6291692.25]"
2013-04-09,152.32,153.85,152.28,153.34,7043071,"(150.776, 152.661]","(153.255, 155.146]","(152.069, 153.946]","(153.028, 154.916]","(6836424.15, 7108790.1]"
2013-04-10,152.67,152.71,150.58,150.75,18509869,"(152.661, 154.546]","(151.364, 153.255]","(150.192, 152.069]","(149.251, 151.139]","(18275794.05, 18548160.0]"
2013-04-11,150.76,151.71,150.63,151.05,8053016,"(148.891, 150.776]","(151.364, 153.255]","(150.192, 152.069]","(149.251, 151.139]","(7925887.95, 8198253.9]"
2013-04-18,134.12,135.31,133.62,134.3,20042870,"(133.812, 135.697]","(134.346, 136.237]","(133.3, 135.177]","(134.145, 136.033]","(19909989.75, 20182355.7]"
2013-04-19,136.0,136.02,134.6,135.47,15664694,"(135.697, 137.582]","(134.346, 136.237]","(133.3, 135.177]","(134.145, 136.033]","(15552134.55, 15824500.5]"
2013-04-22,138.15,138.27,137.22,137.9,16569603,"(137.582, 139.467]","(138.128, 140.019]","(137.054, 138.931]","(136.033, 137.922]","(16369232.4, 16641598.35]"
2013-04-23,137.22,137.24,135.85,136.88,14645381,"(135.697, 137.582]","(136.237, 138.128]","(135.177, 137.054]","(136.033, 137.922]","(14462670.75, 14735036.7]"
2013-04-24,138.09,138.55,137.45,138.37,10370647,"(137.582, 139.467]","(138.128, 140.019]","(137.054, 138.931]","(137.922, 139.81]","(10104815.55, 10377181.5]"
2013-04-25,140.0,142.08,139.79,141.63,18889364,"(139.467, 141.351]","(141.909, 143.8]","(138.931, 140.807]","(139.81, 141.698]","(18820525.95, 19092891.9]"
2013-04-26,142.3,143.43,140.04,140.91,19309686,"(141.351, 143.236]","(141.909, 143.8]","(138.931, 140.807]","(139.81, 141.698]","(19092891.9, 19365257.85]"
2013-04-29,142.09,142.66,141.49,142.3,11004759,"(141.351, 143.236]","(141.909, 143.8]","(140.807, 142.684]","(141.698, 143.586]","(10921913.4, 11194279.35]"
2013-04-30,142.27,142.83,141.55,142.77,11286116,"(141.351, 143.236]","(141.909, 143.8]","(140.807, 142.684]","(141.698, 143.586]","(11194279.35, 11466645.3]"
2013-05-01,140.59,141.55,139.3,141.11,13932045,"(139.467, 141.351]","(140.019, 141.909]","(138.931, 140.807]","(139.81, 141.698]","(13917938.85, 14190304.8]"
2013-05-02,142.0,142.47,141.64,141.92,11503778,"(141.351, 143.236]","(141.909, 143.8]","(140.807, 142.684]","(141.698, 143.586]","(11466645.3, 11739011.25]"
2013-05-03,141.7,142.71,141.4,142.09,11667155,"(141.351, 143.236]","(141.909, 143.8]","(140.807, 142.684]","(141.698, 143.586]","(11466645.3, 11739011.25]"
2013-05-06,142.33,142.47,141.63,142.15,7730280,"(141.351, 143.236]","(141.909, 143.8]","(140.807, 142.684]","(141.698, 143.586]","(7653522.0, 7925887.95]"
2013-05-07,140.38,140.64,139.37,140.38,13629372,"(139.467, 141.351]","(140.019, 141.909]","(138.931, 140.807]","(139.81, 141.698]","(13373206.95, 13645572.9]"
2013-05-08,141.78,142.81,141.49,142.46,11162183,"(141.351, 143.236]","(141.909, 143.8]","(140.807, 142.684]","(141.698, 143.586]","(10921913.4, 11194279.35]"
2013-05-09,141.33,142.36,140.51,140.81,8263833,"(139.467, 141.351]","(141.909, 143.8]","(138.931, 140.807]","(139.81, 141.698]","(8198253.9, 8470619.85]"
2013-05-10,138.22,139.75,137.26,139.6,14653197,"(137.582, 139.467]","(138.128, 140.019]","(137.054, 138.931]","(137.922, 139.81]","(14462670.75, 14735036.7]"
2013-05-13,138.46,138.97,138.16,138.43,6716559,"(137.582, 139.467]","(138.128, 140.019]","(137.054, 138.931]","(137.922, 139.81]","(6564058.2, 6836424.15]"
2013-05-14,137.95,139.16,137.64,137.81,9895669,"(137.582, 139.467]","(138.128, 140.019]","(137.054, 138.931]","(136.033, 137.922]","(9832449.6, 10104815.55]"
2013-05-15,136.59,136.98,134.23,134.63,19062953,"(135.697, 137.582]","(136.237, 138.128]","(133.3, 135.177]","(134.145, 136.033]","(18820525.95, 19092891.9]"
2013-05-16,133.18,134.48,133.0,134.09,12759667,"(131.927, 133.812]","(134.346, 136.237]","(131.423, 133.3]","(132.257, 134.145]","(12556109.1, 12828475.05]"
2013-05-17,133.17,133.48,131.02,131.07,20346981,"(131.927, 133.812]","(132.455, 134.346]","(129.546, 131.423]","(130.369, 132.257]","(20182355.7, 20454721.65]"
2013-05-20,130.88,135.32,130.85,135.12,21585158,"(130.042, 131.927]","(134.346, 136.237]","(129.546, 131.423]","(134.145, 136.033]","(21544185.45, 21816551.4]"
2013-05-21,132.17,133.65,131.45,132.88,14539619,"(131.927, 133.812]","(132.455, 134.346]","(131.423, 133.3]","(132.257, 134.145]","(14462670.75, 14735036.7]"
2013-05-23,134.51,134.84,133.12,134.61,10270338,"(133.812, 135.697]","(134.346, 136.237]","(131.423, 133.3]","(134.145, 136.033]","(10104815.55, 10377181.5]"
2013-05-24,134.11,134.51,133.64,133.76,5522584,"(133.812, 135.697]","(134.346, 136.237]","(133.3, 135.177]","(132.257, 134.145]","(5474594.4, 5746960.35]"
2013-05-28,133.68,135.57,132.8,133.49,12466648,"(131.927, 133.812]","(134.346, 136.237]","(131.423, 133.3]","(132.257, 134.145]","(12283743.15, 12556109.1]"
2013-05-29,134.09,134.91,133.64,134.83,8765194,"(133.812, 135.697]","(134.346, 136.237]","(133.3, 135.177]","(134.145, 136.033]","(8742985.8, 9015351.75]"
2013-05-30,136.67,137.11,136.26,136.7,8611981,"(135.697, 137.582]","(136.237, 138.128]","(135.177, 137.054]","(136.033, 137.922]","(8470619.85, 8742985.8]"
2013-05-31,135.71,136.05,133.89,133.92,9787027,"(135.697, 137.582]","(134.346, 136.237]","(133.3, 135.177]","(132.257, 134.145]","(9560083.65, 9832449.6]"
2013-06-03,134.77,136.98,134.43,136.51,9175832,"(133.812, 135.697]","(136.237, 138.128]","(133.3, 135.177]","(136.033, 137.922]","(9015351.75, 9287717.7]"
2013-06-04,135.21,135.44,134.27,135.23,5498516,"(133.812, 135.697]","(134.346, 136.237]","(133.3, 135.177]","(134.145, 136.033]","(5474594.4, 5746960.35]"
2013-06-05,135.47,136.37,135.01,135.52,7444893,"(133.812, 135.697]","(136.237, 138.128]","(133.3, 135.177]","(134.145, 136.033]","(7381156.05, 7653522.0]"
2013-06-06,135.39,137.62,134.98,136.53,9847911,"(133.812, 135.697]","(136.237, 138.128]","(133.3, 135.177]","(136.033, 137.922]","(9832449.6, 10104815.55]"
2013-06-07,134.11,134.62,133.18,133.28,11056212,"(133.812, 135.697]","(134.346, 136.237]","(131.423, 133.3]","(132.257, 134.145]","(10921913.4, 11194279.35]"
2013-06-10,133.3,134.28,132.99,133.94,6142740,"(131.927, 133.812]","(132.455, 134.346]","(131.423, 133.3]","(132.257, 134.145]","(6019326.3, 6291692.25]"
2013-06-11,132.31,133.51,132.25,133.25,7200903,"(131.927, 133.812]","(132.455, 134.346]","(131.423, 133.3]","(132.257, 134.145]","(7108790.1, 7381156.05]"
2013-06-12,132.95,134.83,132.83,134.25,6550595,"(131.927, 133.812]","(134.346, 136.237]","(131.423, 133.3]","(134.145, 136.033]","(6291692.25, 6564058.2]"
2013-06-13,133.31,134.2,132.82,133.74,7164467,"(131.927, 133.812]","(132.455, 134.346]","(131.423, 133.3]","(132.257, 134.145]","(7108790.1, 7381156.05]"
2013-06-14,134.0,134.6,133.88,134.43,4279067,"(133.812, 135.697]","(134.346, 136.237]","(133.3, 135.177]","(134.145, 136.033]","(4112764.65, 4385130.6]"
2013-06-17,133.89,134.06,133.52,133.77,4072212,"(133.812, 135.697]","(132.455, 134.346]","(133.3, 135.177]","(132.257, 134.145]","(3840398.7, 4112764.65]"
2013-06-18,132.72,132.96,131.53,132.13,7380499,"(131.927, 133.812]","(132.455, 134.346]","(131.423, 133.3]","(130.369, 132.257]","(7108790.1, 7381156.05]"
2013-06-19,132.58,133.15,130.38,130.59,13006389,"(131.927, 133.812]","(132.455, 134.346]","(129.546, 131.423]","(130.369, 132.257]","(12828475.05, 13100841.0]"
2013-06-21,125.16,125.57,124.46,125.05,16600184,"(124.387, 126.272]","(124.891, 126.782]","(123.915, 125.792]","(124.704, 126.592]","(16369232.4, 16641598.35]"
2013-06-24,124.31,124.7,123.31,123.93,12751116,"(122.502, 124.387]","(123.0, 124.891]","(122.038, 123.915]","(122.815, 124.704]","(12556109.1, 12828475.05]"
2013-06-25,123.65,123.9,122.88,123.47,9371377,"(122.502, 124.387]","(123.0, 124.891]","(122.038, 123.915]","(122.815, 124.704]","(9287717.7, 9560083.65]"
2013-07-01,119.94,121.95,119.38,121.13,15947630,"(118.732, 120.617]","(121.109, 123.0]","(118.284, 120.161]","(120.927, 122.815]","(15824500.5, 16096866.45]"
2013-07-02,121.34,121.47,119.78,120.05,10551109,"(120.617, 122.502]","(121.109, 123.0]","(118.284, 120.161]","(119.039, 120.927]","(10377181.5, 10649547.45]"
2013-07-03,120.69,121.77,120.54,120.74,6750238,"(120.617, 122.502]","(121.109, 123.0]","(120.161, 122.038]","(119.039, 120.927]","(6564058.2, 6836424.15]"
2013-07-05,118.08,118.18,116.74,118.09,11593320,"(116.847, 118.732]","(117.327, 119.218]","(116.407, 118.284]","(117.151, 119.039]","(11466645.3, 11739011.25]"
2013-07-08,119.09,119.66,118.93,119.51,8653291,"(118.732, 120.617]","(119.218, 121.109]","(118.284, 120.161]","(119.039, 120.927]","(8470619.85, 8742985.8]"
2013-07-09,120.84,121.51,120.05,120.62,8202158,"(120.617, 122.502]","(121.109, 123.0]","(118.284, 120.161]","(119.039, 120.927]","(8198253.9, 8470619.85]"
2013-07-10,121.15,122.35,120.59,120.95,14690553,"(120.617, 122.502]","(121.109, 123.0]","(120.161, 122.038]","(120.927, 122.815]","(14462670.75, 14735036.7]"
2013-07-11,124.26,124.36,123.47,124.24,11281242,"(122.502, 124.387]","(123.0, 124.891]","(122.038, 123.915]","(122.815, 124.704]","(11194279.35, 11466645.3]"
2013-07-12,123.52,124.3,123.32,124.13,6583743,"(122.502, 124.387]","(123.0, 124.891]","(122.038, 123.915]","(122.815, 124.704]","(6564058.2, 6836424.15]"
2013-07-15,124.05,124.39,123.84,124.18,4133642,"(122.502, 124.387]","(123.0, 124.891]","(122.038, 123.915]","(122.815, 124.704]","(4112764.65, 4385130.6]"
2013-07-16,124.76,125.21,124.33,124.89,5578598,"(124.387, 126.272]","(124.891, 126.782]","(123.915, 125.792]","(124.704, 126.592]","(5474594.4, 5746960.35]"
2013-07-17,125.04,125.7,122.73,123.32,10884241,"(124.387, 126.272]","(124.891, 126.782]","(122.038, 123.915]","(122.815, 124.704]","(10649547.45, 10921913.4]"
2013-07-18,124.11,124.52,123.78,124.01,6151547,"(122.502, 124.387]","(123.0, 124.891]","(122.038, 123.915]","(122.815, 124.704]","(6019326.3, 6291692.25]"
2013-07-19,124.89,125.42,124.65,125.11,5767703,"(124.387, 126.272]","(124.891, 126.782]","(123.915, 125.792]","(124.704, 126.592]","(5746960.35, 6019326.3]"
2013-07-22,127.65,129.46,127.59,128.84,10851999,"(126.272, 128.157]","(128.673, 130.564]","(125.792, 127.669]","(128.48, 130.369]","(10649547.45, 10921913.4]"
2013-07-23,128.7,130.14,128.35,129.71,8821203,"(128.157, 130.042]","(128.673, 130.564]","(127.669, 129.546]","(128.48, 130.369]","(8742985.8, 9015351.75]"
2013-07-24,129.17,129.4,126.87,127.48,9975925,"(128.157, 130.042]","(128.673, 130.564]","(125.792, 127.669]","(126.592, 128.48]","(9832449.6, 10104815.55]"
2013-07-25,127.7,128.87,127.64,128.67,4702669,"(126.272, 128.157]","(128.673, 130.564]","(125.792, 127.669]","(128.48, 130.369]","(4657496.55, 4929862.5]"
2013-07-26,128.11,128.97,126.78,128.78,6149386,"(126.272, 128.157]","(128.673, 130.564]","(125.792, 127.669]","(128.48, 130.369]","(6019326.3, 6291692.25]"
2013-07-29,128.45,128.78,128.25,128.47,3557552,"(128.157, 130.042]","(128.673, 130.564]","(127.669, 129.546]","(126.592, 128.48]","(3295666.8, 3568032.75]"
2013-07-30,127.95,128.31,127.22,128.12,4487796,"(126.272, 128.157]","(126.782, 128.673]","(125.792, 127.669]","(126.592, 128.48]","(4385130.6, 4657496.55]"
2013-07-31,127.76,128.92,126.13,127.96,16015952,"(126.272, 128.157]","(128.673, 130.564]","(125.792, 127.669]","(126.592, 128.48]","(15824500.5, 16096866.45]"
2013-08-01,127.84,127.89,126.33,126.61,10561332,"(126.272, 128.157]","(126.782, 128.673]","(125.792, 127.669]","(126.592, 128.48]","(10377181.5, 10649547.45]"
2013-08-02,126.74,127.25,126.32,126.36,6465032,"(126.272, 128.157]","(126.782, 128.673]","(125.792, 127.669]","(124.704, 126.592]","(6291692.25, 6564058.2]"
2013-08-05,126.51,126.64,125.34,125.7,4005380,"(126.272, 128.157]","(124.891, 126.782]","(123.915, 125.792]","(124.704, 126.592]","(3840398.7, 4112764.65]"
2013-08-06,124.33,124.55,123.55,123.97,6018769,"(122.502, 124.387]","(123.0, 124.891]","(122.038, 123.915]","(122.815, 124.704]","(5746960.35, 6019326.3]"
2013-08-07,124.0,124.6,123.85,124.15,5305729,"(122.502, 124.387]","(123.0, 124.891]","(122.038, 123.915]","(122.815, 124.704]","(5202228.45, 5474594.4]"
2013-08-08,124.78,126.99,124.77,126.86,8654222,"(124.387, 126.272]","(126.782, 128.673]","(123.915, 125.792]","(126.592, 128.48]","(8470619.85, 8742985.8]"
2013-08-09,126.51,127.27,126.3,126.86,6193629,"(126.272, 128.157]","(126.782, 128.673]","(125.792, 127.669]","(126.592, 128.48]","(6019326.3, 6291692.25]"
2013-08-12,129.57,129.71,128.88,129.13,7416361,"(128.157, 130.042]","(128.673, 130.564]","(127.669, 129.546]","(128.48, 130.369]","(7381156.05, 7653522.0]"
2013-08-13,128.49,128.65,127.38,127.74,7337840,"(128.157, 130.042]","(126.782, 128.673]","(125.792, 127.669]","(126.592, 128.48]","(7108790.1, 7381156.05]"
2013-08-14,127.66,129.07,127.57,129.0,8705157,"(126.272, 128.157]","(128.673, 130.564]","(125.792, 127.669]","(128.48, 130.369]","(8470619.85, 8742985.8]"
2013-08-15,128.06,132.36,127.98,131.69,17220309,"(126.272, 128.157]","(130.564, 132.455]","(127.669, 129.546]","(130.369, 132.257]","(17186330.25, 17458696.2]"
2013-08-16,132.56,133.27,131.39,132.58,14444242,"(131.927, 133.812]","(132.455, 134.346]","(129.546, 131.423]","(132.257, 134.145]","(14190304.8, 14462670.75]"
2013-08-19,132.33,132.5,131.59,132.01,8119208,"(131.927, 133.812]","(132.455, 134.346]","(131.423, 133.3]","(130.369, 132.257]","(7925887.95, 8198253.9]"
2013-08-20,132.03,133.13,132.02,132.45,7806987,"(131.927, 133.812]","(132.455, 134.346]","(131.423, 133.3]","(132.257, 134.145]","(7653522.0, 7925887.95]"
2013-08-21,131.74,133.23,131.51,132.07,10723959,"(130.042, 131.927]","(132.455, 134.346]","(131.423, 133.3]","(130.369, 132.257]","(10649547.45, 10921913.4]"
2013-08-22,132.56,133.46,132.27,132.81,5742099,"(131.927, 133.812]","(132.455, 134.346]","(131.423, 133.3]","(132.257, 134.145]","(5474594.4, 5746960.35]"
2013-08-23,132.58,135.24,132.5,134.9,11622548,"(131.927, 133.812]","(134.346, 136.237]","(131.423, 133.3]","(134.145, 136.033]","(11466645.3, 11739011.25]"
2013-08-26,134.88,135.6,134.15,135.45,7688397,"(133.812, 135.697]","(134.346, 136.237]","(133.3, 135.177]","(134.145, 136.033]","(7653522.0, 7925887.95]"
2013-08-27,136.94,137.55,136.52,136.75,11253824,"(135.697, 137.582]","(136.237, 138.128]","(135.177, 137.054]","(136.033, 137.922]","(11194279.35, 11466645.3]"
2013-08-28,137.21,137.46,136.66,136.71,13651464,"(135.697, 137.582]","(136.237, 138.128]","(135.177, 137.054]","(136.033, 137.922]","(13645572.9, 13917938.85]"
2013-08-29,136.12,136.55,135.42,135.87,7941356,"(135.697, 137.582]","(136.237, 138.128]","(135.177, 137.054]","(134.145, 136.033]","(7925887.95, 8198253.9]"
2013-08-30,134.65,135.71,134.44,134.62,7689383,"(133.812, 135.697]","(134.346, 136.237]","(133.3, 135.177]","(134.145, 136.033]","(7653522.0, 7925887.95]"
2013-09-03,135.46,136.79,135.03,136.42,8101284,"(133.812, 135.697]","(136.237, 138.128]","(133.3, 135.177]","(136.033, 137.922]","(7925887.95, 8198253.9]"
2013-09-04,134.61,134.84,133.72,134.66,7786537,"(133.812, 135.697]","(134.346, 136.237]","(133.3, 135.177]","(134.145, 136.033]","(7653522.0, 7925887.95]"
2013-09-05,134.2,134.35,131.8,132.2,11124984,"(133.812, 135.697]","(134.346, 136.237]","(131.423, 133.3]","(130.369, 132.257]","(10921913.4, 11194279.35]"
2013-09-06,133.42,134.4,133.33,134.15,8448842,"(131.927, 133.812]","(134.346, 136.237]","(133.3, 135.177]","(134.145, 136.033]","(8198253.9, 8470619.85]"
2013-09-09,134.13,134.32,133.67,133.91,5087466,"(133.812, 135.697]","(132.455, 134.346]","(133.3, 135.177]","(132.257, 134.145]","(4929862.5, 5202228.45]"
2013-09-10,131.82,132.0,131.11,131.74,8432645,"(130.042, 131.927]","(130.564, 132.455]","(129.546, 131.423]","(130.369, 132.257]","(8198253.9, 8470619.85]"
2013-09-11,131.58,131.81,131.26,131.7,5049832,"(130.042, 131.927]","(130.564, 132.455]","(129.546, 131.423]","(130.369, 132.257]","(4929862.5, 5202228.45]"
2013-09-12,128.62,128.78,127.61,127.67,12935483,"(128.157, 130.042]","(128.673, 130.564]","(125.792, 127.669]","(126.592, 128.48]","(12828475.05, 13100841.0]"
2013-09-13,127.16,127.96,126.21,127.82,12059512,"(126.272, 128.157]","(126.782, 128.673]","(125.792, 127.669]","(126.592, 128.48]","(12011377.2, 12283743.15]"
2013-09-16,127.48,128.02,126.34,126.45,9987482,"(126.272, 128.157]","(126.782, 128.673]","(125.792, 127.669]","(124.704, 126.592]","(9832449.6, 10104815.55]"
2013-09-17,126.81,126.99,126.11,126.5,8132554,"(126.272, 128.157]","(126.782, 128.673]","(125.792, 127.669]","(124.704, 126.592]","(7925887.95, 8198253.9]"
2013-09-19,132.0,132.78,131.22,131.75,14351452,"(131.927, 133.812]","(132.455, 134.346]","(129.546, 131.423]","(130.369, 132.257]","(14190304.8, 14462670.75]"
2013-09-20,130.6,130.91,127.9,127.96,19421487,"(130.042, 131.927]","(130.564, 132.455]","(127.669, 129.546]","(126.592, 128.48]","(19365257.85, 19637623.8]"
2013-09-23,127.52,128.44,127.33,127.55,7421818,"(126.272, 128.157]","(126.782, 128.673]","(125.792, 127.669]","(126.592, 128.48]","(7381156.05, 7653522.0]"
2013-09-24,126.4,128.21,126.34,127.66,7349909,"(126.272, 128.157]","(126.782, 128.673]","(125.792, 127.669]","(126.592, 128.48]","(7108790.1, 7381156.05]"
2013-09-25,127.55,129.21,127.52,128.79,7518163,"(126.272, 128.157]","(128.673, 130.564]","(125.792, 127.669]","(128.48, 130.369]","(7381156.05, 7653522.0]"
2013-09-26,128.61,128.99,127.32,127.79,9491721,"(128.157, 130.042]","(128.673, 130.564]","(125.792, 127.669]","(126.592, 128.48]","(9287717.7, 9560083.65]"
2013-09-27,128.86,129.58,128.84,128.97,7453162,"(128.157, 130.042]","(128.673, 130.564]","(127.669, 129.546]","(128.48, 130.369]","(7381156.05, 7653522.0]"
2013-09-30,127.95,129.14,127.7,128.18,8981493,"(126.272, 128.157]","(128.673, 130.564]","(127.669, 129.546]","(126.592, 128.48]","(8742985.8, 9015351.75]"
2013-10-01,125.25,125.26,123.81,124.59,16710577,"(124.387, 126.272]","(124.891, 126.782]","(122.038, 123.915]","(122.815, 124.704]","(16641598.35, 16913964.3]"
2013-10-02,125.37,127.81,125.34,127.06,11995702,"(124.387, 126.272]","(126.782, 128.673]","(123.915, 125.792]","(126.592, 128.48]","(11739011.25, 12011377.2]"
2013-10-03,126.77,127.69,126.22,127.18,11625636,"(126.272, 128.157]","(126.782, 128.673]","(125.792, 127.669]","(126.592, 128.48]","(11466645.3, 11739011.25]"
2013-10-04,127.05,127.15,126.0,126.53,6924161,"(126.272, 128.157]","(126.782, 128.673]","(125.792, 127.669]","(124.704, 126.592]","(6836424.15, 7108790.1]"
2013-10-07,127.25,128.33,127.12,127.64,6734548,"(126.272, 128.157]","(126.782, 128.673]","(125.792, 127.669]","(126.592, 128.48]","(6564058.2, 6836424.15]"
2013-10-08,127.79,128.45,127.21,127.4,6996604,"(126.272, 128.157]","(126.782, 128.673]","(125.792, 127.669]","(126.592, 128.48]","(6836424.15, 7108790.1]"
2013-10-09,126.21,126.89,124.97,126.11,10706482,"(124.387, 126.272]","(126.782, 128.673]","(123.915, 125.792]","(124.704, 126.592]","(10649547.45, 10921913.4]"
2013-10-10,125.34,125.83,124.1,124.27,10523260,"(124.387, 126.272]","(124.891, 126.782]","(123.915, 125.792]","(122.815, 124.704]","(10377181.5, 10649547.45]"
2013-10-11,122.37,122.81,121.85,122.6,15971012,"(120.617, 122.502]","(121.109, 123.0]","(120.161, 122.038]","(120.927, 122.815]","(15824500.5, 16096866.45]"
2013-10-14,123.9,124.24,122.81,122.83,6116965,"(122.502, 124.387]","(123.0, 124.891]","(122.038, 123.915]","(122.815, 124.704]","(6019326.3, 6291692.25]"
2013-10-15,122.28,124.36,122.22,123.73,8378371,"(120.617, 122.502]","(123.0, 124.891]","(122.038, 123.915]","(122.815, 124.704]","(8198253.9, 8470619.85]"
2013-10-16,123.52,123.89,122.51,123.54,8524277,"(122.502, 124.387]","(123.0, 124.891]","(122.038, 123.915]","(122.815, 124.704]","(8470619.85, 8742985.8]"
2013-10-17,127.01,127.86,126.81,127.42,11773348,"(126.272, 128.157]","(126.782, 128.673]","(125.792, 127.669]","(126.592, 128.48]","(11739011.25, 12011377.2]"
2013-10-18,126.87,127.33,126.6,126.85,5350480,"(126.272, 128.157]","(126.782, 128.673]","(125.792, 127.669]","(126.592, 128.48]","(5202228.45, 5474594.4]"
2013-10-21,127.13,127.34,126.79,126.98,3392373,"(126.272, 128.157]","(126.782, 128.673]","(125.792, 127.669]","(126.592, 128.48]","(3295666.8, 3568032.75]"
2013-10-22,128.25,129.81,128.22,129.34,8851627,"(128.157, 130.042]","(128.673, 130.564]","(127.669, 129.546]","(128.48, 130.369]","(8742985.8, 9015351.75]"
2013-10-23,128.55,129.09,128.35,128.69,5098615,"(128.157, 130.042]","(128.673, 130.564]","(127.669, 129.546]","(128.48, 130.369]","(4929862.5, 5202228.45]"
2013-10-24,129.41,130.53,129.41,129.9,10225398,"(128.157, 130.042]","(128.673, 130.564]","(127.669, 129.546]","(128.48, 130.369]","(10104815.55, 10377181.5]"
2013-10-25,129.53,130.92,129.46,130.46,8768815,"(128.157, 130.042]","(130.564, 132.455]","(127.669, 129.546]","(130.369, 132.257]","(8742985.8, 9015351.75]"
2013-10-28,130.39,131.44,130.1,130.56,6817413,"(130.042, 131.927]","(130.564, 132.455]","(129.546, 131.423]","(130.369, 132.257]","(6564058.2, 6836424.15]"
2013-10-29,130.16,130.59,129.57,129.77,5334537,"(130.042, 131.927]","(130.564, 132.455]","(129.546, 131.423]","(128.48, 130.369]","(5202228.45, 5474594.4]"
2013-10-30,130.83,131.22,128.81,129.6,8895989,"(130.042, 131.927]","(130.564, 132.455]","(127.669, 129.546]","(128.48, 130.369]","(8742985.8, 9015351.75]"
2013-10-31,128.04,128.49,127.3,127.74,7740500,"(126.272, 128.157]","(126.782, 128.673]","(125.792, 127.669]","(126.592, 128.48]","(7653522.0, 7925887.95]"
2013-11-01,126.86,127.17,126.05,126.95,9571847,"(126.272, 128.157]","(126.782, 128.673]","(125.792, 127.669]","(126.592, 128.48]","(9560083.65, 9832449.6]"
2013-11-04,127.18,127.52,126.74,126.81,3819272,"(126.272, 128.157]","(126.782, 128.673]","(125.792, 127.669]","(126.592, 128.48]","(3568032.75, 3840398.7]"
2013-11-05,126.71,126.86,126.0,126.56,4942123,"(126.272, 128.157]","(126.782, 128.673]","(125.792, 127.669]","(124.704, 126.592]","(4929862.5, 5202228.45]"
2013-11-06,127.11,127.36,126.92,127.2,3543637,"(126.272, 128.157]","(126.782, 128.673]","(125.792, 127.669]","(126.592, 128.48]","(3295666.8, 3568032.75]"
2013-11-07,126.14,126.85,125.86,126.16,7700172,"(124.387, 126.272]","(126.782, 128.673]","(125.792, 127.669]","(124.704, 126.592]","(7653522.0, 7925887.95]"
2013-11-08,124.46,124.46,123.62,124.28,8426390,"(124.387, 126.272]","(123.0, 124.891]","(122.038, 123.915]","(122.815, 124.704]","(8198253.9, 8470619.85]"
2013-11-11,123.95,123.97,123.66,123.87,3268098,"(122.502, 124.387]","(123.0, 124.891]","(122.038, 123.915]","(122.815, 124.704]","(3023300.85, 3295666.8]"
2013-11-12,123.51,123.87,121.73,122.45,7701134,"(122.502, 124.387]","(123.0, 124.891]","(120.161, 122.038]","(120.927, 122.815]","(7653522.0, 7925887.95]"
2013-11-13,122.97,123.24,122.39,122.85,5962630,"(122.502, 124.387]","(123.0, 124.891]","(122.038, 123.915]","(122.815, 124.704]","(5746960.35, 6019326.3]"
2013-11-14,123.92,124.91,123.88,124.27,7669082,"(122.502, 124.387]","(124.891, 126.782]","(122.038, 123.915]","(122.815, 124.704]","(7653522.0, 7925887.95]"
2013-11-15,124.16,124.52,124.07,124.32,4663140,"(122.502, 124.387]","(123.0, 124.891]","(123.915, 125.792]","(122.815, 124.704]","(4657496.55, 4929862.5]"
2013-11-18,123.7,123.96,122.55,122.9,6240879,"(122.502, 124.387]","(123.0, 124.891]","(122.038, 123.915]","(122.815, 124.704]","(6019326.3, 6291692.25]"
2013-11-19,122.97,123.4,122.83,122.95,3665301,"(122.502, 124.387]","(123.0, 124.891]","(122.038, 123.915]","(122.815, 124.704]","(3568032.75, 3840398.7]"
2013-11-20,121.67,122.44,119.76,120.12,14273344,"(120.617, 122.502]","(121.109, 123.0]","(118.284, 120.161]","(119.039, 120.927]","(14190304.8, 14462670.75]"
2013-11-21,119.81,120.35,119.31,119.94,7562637,"(118.732, 120.617]","(119.218, 121.109]","(118.284, 120.161]","(119.039, 120.927]","(7381156.05, 7653522.0]"
2013-11-22,120.24,120.4,119.82,119.92,6774761,"(118.732, 120.617]","(119.218, 121.109]","(118.284, 120.161]","(119.039, 120.927]","(6564058.2, 6836424.15]"
2013-11-25,119.18,121.0,119.13,120.46,7270646,"(118.732, 120.617]","(119.218, 121.109]","(118.284, 120.161]","(119.039, 120.927]","(7108790.1, 7381156.05]"
2013-11-26,119.84,120.4,119.59,119.82,9050114,"(118.732, 120.617]","(119.218, 121.109]","(118.284, 120.161]","(119.039, 120.927]","(9015351.75, 9287717.7]"
2013-11-27,120.51,120.69,119.25,119.46,6142368,"(118.732, 120.617]","(119.218, 121.109]","(118.284, 120.161]","(119.039, 120.927]","(6019326.3, 6291692.25]"
2013-11-29,120.67,121.05,120.62,120.7,2364671,"(120.617, 122.502]","(119.218, 121.109]","(120.161, 122.038]","(119.039, 120.927]","(2184413.7229999998, 2478568.95]"
2013-12-02,119.2,119.29,117.5,117.58,10290693,"(118.732, 120.617]","(119.218, 121.109]","(116.407, 118.284]","(117.151, 119.039]","(10104815.55, 10377181.5]"
2013-12-03,117.59,118.31,117.23,117.96,7004247,"(116.847, 118.732]","(117.327, 119.218]","(116.407, 118.284]","(117.151, 119.039]","(6836424.15, 7108790.1]"
2013-12-04,118.34,120.76,118.16,119.96,9106691,"(116.847, 118.732]","(119.218, 121.109]","(116.407, 118.284]","(119.039, 120.927]","(9015351.75, 9287717.7]"
2013-12-05,118.2,119.24,117.41,118.3,10254477,"(116.847, 118.732]","(119.218, 121.109]","(116.407, 118.284]","(117.151, 119.039]","(10104815.55, 10377181.5]"
2013-12-06,118.86,119.26,118.01,118.55,7909514,"(118.732, 120.617]","(119.218, 121.109]","(116.407, 118.284]","(117.151, 119.039]","(7653522.0, 7925887.95]"
2013-12-09,118.99,119.92,118.95,119.72,5510372,"(118.732, 120.617]","(119.218, 121.109]","(118.284, 120.161]","(119.039, 120.927]","(5474594.4, 5746960.35]"
2013-12-10,122.14,122.32,121.47,121.82,9163119,"(120.617, 122.502]","(121.109, 123.0]","(120.161, 122.038]","(120.927, 122.815]","(9015351.75, 9287717.7]"
2013-12-11,121.49,121.81,120.76,120.86,9932830,"(120.617, 122.502]","(121.109, 123.0]","(120.161, 122.038]","(119.039, 120.927]","(9832449.6, 10104815.55]"
2013-12-12,118.61,118.82,118.03,118.29,8805770,"(116.847, 118.732]","(117.327, 119.218]","(116.407, 118.284]","(117.151, 119.039]","(8742985.8, 9015351.75]"
2013-12-13,118.89,119.49,118.76,119.38,6484644,"(118.732, 120.617]","(119.218, 121.109]","(118.284, 120.161]","(119.039, 120.927]","(6291692.25, 6564058.2]"
2013-12-16,119.23,120.77,118.97,119.69,8192534,"(118.732, 120.617]","(119.218, 121.109]","(118.284, 120.161]","(119.039, 120.927]","(7925887.95, 8198253.9]"
2013-12-17,118.96,119.9,118.37,118.65,8585094,"(118.732, 120.617]","(119.218, 121.109]","(118.284, 120.161]","(117.151, 119.039]","(8470619.85, 8742985.8]"
2013-12-18,119.0,120.05,117.29,117.61,16257682,"(118.732, 120.617]","(119.218, 121.109]","(116.407, 118.284]","(117.151, 119.039]","(16096866.45, 16369232.4]"
2013-12-19,115.97,116.06,114.5,114.82,15966247,"(114.962, 116.847]","(115.436, 117.327]","(112.653, 114.53]","(113.374, 115.262]","(15824500.5, 16096866.45]"
2013-12-20,115.37,116.47,115.06,115.94,14696732,"(114.962, 116.847]","(115.436, 117.327]","(114.53, 116.407]","(115.262, 117.151]","(14462670.75, 14735036.7]"
2013-12-23,115.61,116.12,115.43,115.57,6243217,"(114.962, 116.847]","(115.436, 117.327]","(114.53, 116.407]","(115.262, 117.151]","(6019326.3, 6291692.25]"
2013-12-24,115.79,116.29,115.71,116.1,3353940,"(114.962, 116.847]","(115.436, 117.327]","(114.53, 116.407]","(115.262, 117.151]","(3295666.8, 3568032.75]"
2013-12-26,117.23,117.23,116.65,116.74,3868428,"(116.847, 118.732]","(115.436, 117.327]","(116.407, 118.284]","(115.262, 117.151]","(3840398.7, 4112764.65]"
2013-12-27,117.31,117.38,116.85,117.12,4207298,"(116.847, 118.732]","(117.327, 119.218]","(116.407, 118.284]","(115.262, 117.151]","(4112764.65, 4385130.6]"
2013-12-30,116.37,116.4,115.18,115.39,6704603,"(114.962, 116.847]","(115.436, 117.327]","(114.53, 116.407]","(115.262, 117.151]","(6564058.2, 6836424.15]"
2013-12-31,114.61,117.13,114.46,116.12,12838003,"(113.077, 114.962]","(115.436, 117.327]","(112.653, 114.53]","(115.262, 117.151]","(12828475.05, 13100841.0]"
2014-01-02,117.93,118.73,117.75,118.0,7553666,"(116.847, 118.732]","(117.327, 119.218]","(116.407, 118.284]","(117.151, 119.039]","(7381156.05, 7653522.0]"
2014-01-03,118.64,119.62,118.59,119.29,5878791,"(116.847, 118.732]","(119.218, 121.109]","(118.284, 120.161]","(119.039, 120.927]","(5746960.35, 6019326.3]"
2014-01-06,119.76,120.39,117.11,119.5,10107731,"(118.732, 120.617]","(119.218, 121.109]","(116.407, 118.284]","(119.039, 120.927]","(10104815.55, 10377181.5]"
2014-01-07,118.46,118.92,118.13,118.82,6435813,"(116.847, 118.732]","(117.327, 119.218]","(116.407, 118.284]","(117.151, 119.039]","(6291692.25, 6564058.2]"
2014-01-08,117.99,118.52,117.5,118.12,7432017,"(116.847, 118.732]","(117.327, 119.218]","(116.407, 118.284]","(117.151, 119.039]","(7381156.05, 7653522.0]"
2014-01-09,118.11,118.69,117.99,118.46,3972991,"(116.847, 118.732]","(117.327, 119.218]","(116.407, 118.284]","(117.151, 119.039]","(3840398.7, 4112764.65]"
2014-01-10,119.72,120.43,119.58,120.26,7994249,"(118.732, 120.617]","(119.218, 121.109]","(118.284, 120.161]","(119.039, 120.927]","(7925887.95, 8198253.9]"
2014-01-13,120.27,121.04,120.2,121.02,5876459,"(118.732, 120.617]","(119.218, 121.109]","(120.161, 122.038]","(120.927, 122.815]","(5746960.35, 6019326.3]"
2014-01-14,120.54,121.06,119.72,119.89,7505627,"(118.732, 120.617]","(119.218, 121.109]","(118.284, 120.161]","(119.039, 120.927]","(7381156.05, 7653522.0]"
2014-01-15,119.19,119.81,119.11,119.66,5475507,"(118.732, 120.617]","(119.218, 121.109]","(118.284, 120.161]","(119.039, 120.927]","(5474594.4, 5746960.35]"
2014-01-16,119.84,119.96,119.57,119.79,3949946,"(118.732, 120.617]","(119.218, 121.109]","(118.284, 120.161]","(119.039, 120.927]","(3840398.7, 4112764.65]"
2014-01-17,120.38,121.02,120.2,120.93,7925046,"(118.732, 120.617]","(119.218, 121.109]","(120.161, 122.038]","(120.927, 122.815]","(7653522.0, 7925887.95]"
2014-01-21,119.29,119.97,119.23,119.7,6763735,"(118.732, 120.617]","(119.218, 121.109]","(118.284, 120.161]","(119.039, 120.927]","(6564058.2, 6836424.15]"
2014-01-22,119.65,119.77,119.17,119.19,4891966,"(118.732, 120.617]","(119.218, 121.109]","(118.284, 120.161]","(119.039, 120.927]","(4657496.55, 4929862.5]"
2014-01-23,120.97,122.02,120.97,121.79,11035941,"(120.617, 122.502]","(121.109, 123.0]","(120.161, 122.038]","(120.927, 122.815]","(10921913.4, 11194279.35]"
2014-01-24,122.06,122.5,121.55,122.29,8539523,"(120.617, 122.502]","(121.109, 123.0]","(120.161, 122.038]","(120.927, 122.815]","(8470619.85, 8742985.8]"
2014-01-27,121.65,122.06,120.72,120.96,7532887,"(120.617, 122.502]","(121.109, 123.0]","(120.161, 122.038]","(120.927, 122.815]","(7381156.05, 7653522.0]"
2014-01-28,121.32,121.4,120.41,120.95,5155407,"(120.617, 122.502]","(121.109, 123.0]","(120.161, 122.038]","(120.927, 122.815]","(4929862.5, 5202228.45]"
2014-01-29,122.19,122.51,121.13,122.47,12260952,"(120.617, 122.502]","(121.109, 123.0]","(120.161, 122.038]","(120.927, 122.815]","(12011377.2, 12283743.15]"
2014-01-30,119.67,120.22,119.6,119.77,8751265,"(118.732, 120.617]","(119.218, 121.109]","(118.284, 120.161]","(119.039, 120.927]","(8742985.8, 9015351.75]"
2014-01-31,120.65,120.86,119.46,120.09,7984109,"(120.617, 122.502]","(119.218, 121.109]","(118.284, 120.161]","(119.039, 120.927]","(7925887.95, 8198253.9]"
2014-02-03,120.47,122.11,120.32,121.32,9269476,"(118.732, 120.617]","(121.109, 123.0]","(120.161, 122.038]","(120.927, 122.815]","(9015351.75, 9287717.7]"
2014-02-04,120.41,121.09,120.39,120.99,7029187,"(118.732, 120.617]","(119.218, 121.109]","(120.161, 122.038]","(120.927, 122.815]","(6836424.15, 7108790.1]"
2014-02-05,121.75,121.88,120.73,121.29,6801469,"(120.617, 122.502]","(121.109, 123.0]","(120.161, 122.038]","(120.927, 122.815]","(6564058.2, 6836424.15]"
2014-02-06,121.38,121.51,120.78,121.24,4747981,"(120.617, 122.502]","(121.109, 123.0]","(120.161, 122.038]","(120.927, 122.815]","(4657496.55, 4929862.5]"
2014-02-07,121.24,122.24,121.23,122.17,6682340,"(120.617, 122.502]","(121.109, 123.0]","(120.161, 122.038]","(120.927, 122.815]","(6564058.2, 6836424.15]"
2014-02-10,122.8,123.16,122.72,122.92,7932166,"(122.502, 124.387]","(123.0, 124.891]","(122.038, 123.915]","(122.815, 124.704]","(7925887.95, 8198253.9]"
2014-02-11,123.38,124.75,123.36,124.36,11557120,"(122.502, 124.387]","(123.0, 124.891]","(122.038, 123.915]","(122.815, 124.704]","(11466645.3, 11739011.25]"
2014-02-12,124.4,124.98,124.13,124.43,6652830,"(124.387, 126.272]","(124.891, 126.782]","(123.915, 125.792]","(122.815, 124.704]","(6564058.2, 6836424.15]"
2014-02-13,124.7,125.6,124.66,125.49,9169654,"(124.387, 126.272]","(124.891, 126.782]","(123.915, 125.792]","(124.704, 126.592]","(9015351.75, 9287717.7]"
2014-02-14,126.99,127.38,126.75,127.15,11180752,"(126.272, 128.157]","(126.782, 128.673]","(125.792, 127.669]","(126.592, 128.48]","(10921913.4, 11194279.35]"
2014-02-18,127.42,127.75,127.09,127.4,7689645,"(126.272, 128.157]","(126.782, 128.673]","(125.792, 127.669]","(126.592, 128.48]","(7653522.0, 7925887.95]"
2014-02-19,127.26,127.45,126.16,126.27,9388074,"(126.272, 128.157]","(126.782, 128.673]","(125.792, 127.669]","(124.704, 126.592]","(9287717.7, 9560083.65]"
2014-02-20,126.75,127.75,126.4,127.6,10576486,"(126.272, 128.157]","(126.782, 128.673]","(125.792, 127.669]","(126.592, 128.48]","(10377181.5, 10649547.45]"
2014-02-21,127.57,128.07,127.15,127.58,7304026,"(126.272, 128.157]","(126.782, 128.673]","(125.792, 127.669]","(126.592, 128.48]","(7108790.1, 7381156.05]"
2014-02-24,128.51,129.07,128.34,128.99,12116009,"(128.157, 130.042]","(128.673, 130.564]","(127.669, 129.546]","(128.48, 130.369]","(12011377.2, 12283743.15]"
2014-02-25,128.62,129.53,128.57,129.21,5786329,"(128.157, 130.042]","(128.673, 130.564]","(127.669, 129.546]","(128.48, 130.369]","(5746960.35, 6019326.3]"
2014-02-26,128.49,128.76,127.42,128.11,7055401,"(128.157, 130.042]","(128.673, 130.564]","(125.792, 127.669]","(126.592, 128.48]","(6836424.15, 7108790.1]"
2014-02-27,128.44,128.8,127.89,128.2,5067536,"(128.157, 130.042]","(128.673, 130.564]","(127.669, 129.546]","(126.592, 128.48]","(4929862.5, 5202228.45]"
2014-02-28,128.27,128.35,127.15,127.62,10588479,"(128.157, 130.042]","(126.782, 128.673]","(125.792, 127.669]","(126.592, 128.48]","(10377181.5, 10649547.45]"
2014-03-03,129.99,130.59,129.81,130.29,11762716,"(128.157, 130.042]","(130.564, 132.455]","(129.546, 131.423]","(128.48, 130.369]","(11739011.25, 12011377.2]"
2014-03-04,128.54,129.24,128.32,128.68,6349720,"(128.157, 130.042]","(128.673, 130.564]","(127.669, 129.546]","(128.48, 130.369]","(6291692.25, 6564058.2]"
2014-03-05,128.71,129.34,128.58,128.89,4880703,"(128.157, 130.042]","(128.673, 130.564]","(127.669, 129.546]","(128.48, 130.369]","(4657496.55, 4929862.5]"
2014-03-06,129.69,130.47,129.47,130.17,5413092,"(128.157, 130.042]","(128.673, 130.564]","(127.669, 129.546]","(128.48, 130.369]","(5202228.45, 5474594.4]"
2014-03-07,128.22,129.23,128.21,129.09,7576848,"(128.157, 130.042]","(128.673, 130.564]","(127.669, 129.546]","(128.48, 130.369]","(7381156.05, 7653522.0]"
2014-03-10,128.88,129.61,128.78,129.13,4170499,"(128.157, 130.042]","(128.673, 130.564]","(127.669, 129.546]","(128.48, 130.369]","(4112764.65, 4385130.6]"
2014-03-11,130.01,130.15,128.93,129.86,7295112,"(128.157, 130.042]","(128.673, 130.564]","(127.669, 129.546]","(128.48, 130.369]","(7108790.1, 7381156.05]"
2014-03-12,131.58,132.12,131.39,131.76,11107530,"(130.042, 131.927]","(130.564, 132.455]","(129.546, 131.423]","(130.369, 132.257]","(10921913.4, 11194279.35]"
2014-03-13,131.69,132.54,131.56,132.21,8007721,"(130.042, 131.927]","(132.455, 134.346]","(131.423, 133.3]","(130.369, 132.257]","(7925887.95, 8198253.9]"
2014-03-14,133.68,133.69,132.35,133.1,11949427,"(131.927, 133.812]","(132.455, 134.346]","(131.423, 133.3]","(132.257, 134.145]","(11739011.25, 12011377.2]"
2014-03-17,132.73,133.22,131.22,131.64,14630111,"(131.927, 133.812]","(132.455, 134.346]","(129.546, 131.423]","(130.369, 132.257]","(14462670.75, 14735036.7]"
2014-03-18,130.39,131.27,130.33,130.62,6424385,"(130.042, 131.927]","(130.564, 132.455]","(129.546, 131.423]","(130.369, 132.257]","(6291692.25, 6564058.2]"
2014-03-19,129.55,129.68,127.94,128.09,12921014,"(128.157, 130.042]","(128.673, 130.564]","(127.669, 129.546]","(126.592, 128.48]","(12828475.05, 13100841.0]"
2014-03-20,127.76,128.41,127.58,127.86,7690848,"(126.272, 128.157]","(126.782, 128.673]","(125.792, 127.669]","(126.592, 128.48]","(7653522.0, 7925887.95]"
2014-03-21,129.02,129.09,128.41,128.47,7246489,"(128.157, 130.042]","(128.673, 130.564]","(127.669, 129.546]","(126.592, 128.48]","(7108790.1, 7381156.05]"
2014-03-24,126.87,127.14,126.03,126.18,13076494,"(126.272, 128.157]","(126.782, 128.673]","(125.792, 127.669]","(124.704, 126.592]","(12828475.05, 13100841.0]"
2014-03-25,126.44,126.82,126.24,126.41,6567963,"(126.272, 128.157]","(126.782, 128.673]","(125.792, 127.669]","(124.704, 126.592]","(6564058.2, 6836424.15]"
2014-03-26,126.27,126.38,125.13,125.41,8581600,"(124.387, 126.272]","(124.891, 126.782]","(123.915, 125.792]","(124.704, 126.592]","(8470619.85, 8742985.8]"
2014-03-27,125.06,125.29,124.21,124.59,7315310,"(124.387, 126.272]","(124.891, 126.782]","(123.915, 125.792]","(122.815, 124.704]","(7108790.1, 7381156.05]"
2014-03-28,124.23,124.96,123.88,124.56,7253673,"(122.502, 124.387]","(124.891, 126.782]","(122.038, 123.915]","(122.815, 124.704]","(7108790.1, 7381156.05]"
2014-03-31,124.52,124.79,123.57,123.61,12377701,"(124.387, 126.272]","(123.0, 124.891]","(122.038, 123.915]","(122.815, 124.704]","(12283743.15, 12556109.1]"
2014-04-01,123.71,123.85,123.11,123.39,5997936,"(122.502, 124.387]","(123.0, 124.891]","(122.038, 123.915]","(122.815, 124.704]","(5746960.35, 6019326.3]"
2014-04-02,124.44,124.75,124.19,124.32,4907304,"(124.387, 126.272]","(123.0, 124.891]","(123.915, 125.792]","(122.815, 124.704]","(4657496.55, 4929862.5]"
2014-04-03,123.75,124.26,123.59,123.92,3659151,"(122.502, 124.387]","(123.0, 124.891]","(122.038, 123.915]","(122.815, 124.704]","(3568032.75, 3840398.7]"
2014-04-04,125.19,125.96,124.86,125.57,7278879,"(124.387, 126.272]","(124.891, 126.782]","(123.915, 125.792]","(124.704, 126.592]","(7108790.1, 7381156.05]"
2014-04-07,125.07,125.47,124.84,124.91,3968911,"(124.387, 126.272]","(124.891, 126.782]","(123.915, 125.792]","(124.704, 126.592]","(3840398.7, 4112764.65]"
2014-04-08,126.34,126.34,125.9,126.09,6943662,"(126.272, 128.157]","(124.891, 126.782]","(125.792, 127.669]","(124.704, 126.592]","(6836424.15, 7108790.1]"
2014-04-09,125.46,126.72,125.33,126.32,5306438,"(124.387, 126.272]","(124.891, 126.782]","(123.915, 125.792]","(124.704, 126.592]","(5202228.45, 5474594.4]"
2014-04-10,126.95,127.37,126.82,127.01,5005292,"(126.272, 128.157]","(126.782, 128.673]","(125.792, 127.669]","(126.592, 128.48]","(4929862.5, 5202228.45]"
2014-04-11,127.04,127.31,126.73,126.93,4698578,"(126.272, 128.157]","(126.782, 128.673]","(125.792, 127.669]","(126.592, 128.48]","(4657496.55, 4929862.5]"
2014-04-14,127.77,128.25,127.62,127.85,6677995,"(126.272, 128.157]","(126.782, 128.673]","(125.792, 127.669]","(126.592, 128.48]","(6564058.2, 6836424.15]"
2014-04-15,124.78,125.7,124.6,125.49,9968472,"(124.387, 126.272]","(124.891, 126.782]","(123.915, 125.792]","(124.704, 126.592]","(9832449.6, 10104815.55]"
2014-04-16,125.37,125.57,125.03,125.54,4072028,"(124.387, 126.272]","(124.891, 126.782]","(123.915, 125.792]","(124.704, 126.592]","(3840398.7, 4112764.65]"
2014-04-17,125.38,125.53,124.57,124.75,5902061,"(124.387, 126.272]","(124.891, 126.782]","(123.915, 125.792]","(124.704, 126.592]","(5746960.35, 6019326.3]"
2014-04-21,124.07,124.33,123.76,124.24,6579151,"(122.502, 124.387]","(123.0, 124.891]","(122.038, 123.915]","(122.815, 124.704]","(6564058.2, 6836424.15]"
2014-04-22,124.15,124.16,122.92,123.78,6898941,"(122.502, 124.387]","(123.0, 124.891]","(122.038, 123.915]","(122.815, 124.704]","(6836424.15, 7108790.1]"
2014-04-23,123.67,123.94,123.38,123.76,3736846,"(122.502, 124.387]","(123.0, 124.891]","(122.038, 123.915]","(122.815, 124.704]","(3568032.75, 3840398.7]"
2014-04-24,122.87,125.12,122.84,124.56,8754570,"(122.502, 124.387]","(124.891, 126.782]","(122.038, 123.915]","(122.815, 124.704]","(8742985.8, 9015351.75]"
2014-04-25,125.18,125.71,125.07,125.43,7023703,"(124.387, 126.272]","(124.891, 126.782]","(123.915, 125.792]","(124.704, 126.592]","(6836424.15, 7108790.1]"
2014-04-28,125.34,125.34,124.45,124.88,4898001,"(124.387, 126.272]","(124.891, 126.782]","(123.915, 125.792]","(124.704, 126.592]","(4657496.55, 4929862.5]"
2014-04-29,124.95,125.38,124.65,124.86,5241698,"(124.387, 126.272]","(124.891, 126.782]","(123.915, 125.792]","(124.704, 126.592]","(5202228.45, 5474594.4]"
2014-04-30,124.23,125.05,123.82,124.22,10353708,"(122.502, 124.387]","(124.891, 126.782]","(122.038, 123.915]","(122.815, 124.704]","(10104815.55, 10377181.5]"
2014-05-01,123.17,123.83,123.06,123.8,6687546,"(122.502, 124.387]","(123.0, 124.891]","(122.038, 123.915]","(122.815, 124.704]","(6564058.2, 6836424.15]"
2014-05-02,123.7,125.67,123.33,125.06,9914697,"(122.502, 124.387]","(124.891, 126.782]","(122.038, 123.915]","(124.704, 126.592]","(9832449.6, 10104815.55]"
2014-05-05,126.47,126.63,126.0,126.22,5196958,"(126.272, 128.157]","(124.891, 126.782]","(125.792, 127.669]","(124.704, 126.592]","(4929862.5, 5202228.45]"
2014-05-06,126.02,126.11,125.63,125.98,3487907,"(124.387, 126.272]","(124.891, 126.782]","(123.915, 125.792]","(124.704, 126.592]","(3295666.8, 3568032.75]"
2014-05-07,125.52,125.57,123.92,124.17,8469966,"(124.387, 126.272]","(124.891, 126.782]","(123.915, 125.792]","(122.815, 124.704]","(8198253.9, 8470619.85]"
2014-05-08,124.19,124.47,123.89,124.17,3695567,"(122.502, 124.387]","(123.0, 124.891]","(122.038, 123.915]","(122.815, 124.704]","(3568032.75, 3840398.7]"
2014-05-09,124.39,124.47,123.82,124.1,3119465,"(124.387, 126.272]","(123.0, 124.891]","(122.038, 123.915]","(122.815, 124.704]","(3023300.85, 3295666.8]"
2014-05-12,125.4,125.42,124.69,124.94,4025558,"(124.387, 126.272]","(124.891, 126.782]","(123.915, 125.792]","(124.704, 126.592]","(3840398.7, 4112764.65]"
2014-05-13,124.79,125.1,124.5,124.6,2639478,"(124.387, 126.272]","(124.891, 126.782]","(123.915, 125.792]","(122.815, 124.704]","(2478568.95, 2750934.9]"
2014-05-14,125.79,125.96,125.44,125.81,4016778,"(124.387, 126.272]","(124.891, 126.782]","(123.915, 125.792]","(124.704, 126.592]","(3840398.7, 4112764.65]"
2014-05-15,124.77,125.51,124.54,124.77,5862239,"(124.387, 126.272]","(124.891, 126.782]","(123.915, 125.792]","(124.704, 126.592]","(5746960.35, 6019326.3]"
2014-05-16,124.35,124.77,124.29,124.5,4052150,"(122.502, 124.387]","(123.0, 124.891]","(123.915, 125.792]","(122.815, 124.704]","(3840398.7, 4112764.65]"
2014-05-19,125.28,125.47,124.48,124.58,3903200,"(124.387, 126.272]","(124.891, 126.782]","(123.915, 125.792]","(122.815, 124.704]","(3840398.7, 4112764.65]"
2014-05-20,124.12,124.91,124.09,124.69,3771017,"(122.502, 124.387]","(124.891, 126.782]","(123.915, 125.792]","(122.815, 124.704]","(3568032.75, 3840398.7]"
2014-05-21,124.25,124.55,123.53,124.39,6846502,"(122.502, 124.387]","(123.0, 124.891]","(122.038, 123.915]","(122.815, 124.704]","(6836424.15, 7108790.1]"
2014-05-22,125.14,125.24,124.54,124.67,3458801,"(124.387, 126.272]","(124.891, 126.782]","(123.915, 125.792]","(122.815, 124.704]","(3295666.8, 3568032.75]"
2014-05-23,124.6,124.66,124.19,124.51,2206203,"(124.387, 126.272]","(123.0, 124.891]","(123.915, 125.792]","(122.815, 124.704]","(2184413.7229999998, 2478568.95]"
2014-05-27,122.98,123.07,121.75,121.85,10901014,"(122.502, 124.387]","(123.0, 124.891]","(120.161, 122.038]","(120.927, 122.815]","(10649547.45, 10921913.4]"
2014-05-28,121.47,121.7,120.92,121.2,6737197,"(120.617, 122.502]","(121.109, 123.0]","(120.161, 122.038]","(120.927, 122.815]","(6564058.2, 6836424.15]"
2014-05-29,120.77,121.46,120.77,120.94,5551891,"(120.617, 122.502]","(121.109, 123.0]","(120.161, 122.038]","(120.927, 122.815]","(5474594.4, 5746960.35]"
2014-05-30,120.76,120.81,119.62,120.43,8749821,"(120.617, 122.502]","(119.218, 121.109]","(118.284, 120.161]","(119.039, 120.927]","(8742985.8, 9015351.75]"
2014-06-02,119.93,120.46,119.61,119.7,5921709,"(118.732, 120.617]","(119.218, 121.109]","(118.284, 120.161]","(119.039, 120.927]","(5746960.35, 6019326.3]"
2014-06-03,119.73,120.09,119.42,120.01,5008530,"(118.732, 120.617]","(119.218, 121.109]","(118.284, 120.161]","(119.039, 120.927]","(4929862.5, 5202228.45]"
2014-06-04,120.1,120.16,119.68,119.76,3860935,"(118.732, 120.617]","(119.218, 121.109]","(118.284, 120.161]","(119.039, 120.927]","(3840398.7, 4112764.65]"
2014-06-05,120.55,120.88,120.43,120.66,4183581,"(118.732, 120.617]","(119.218, 121.109]","(120.161, 122.038]","(119.039, 120.927]","(4112764.65, 4385130.6]"
2014-06-06,120.68,120.77,119.94,120.61,4808750,"(120.617, 122.502]","(119.218, 121.109]","(118.284, 120.161]","(119.039, 120.927]","(4657496.55, 4929862.5]"
2014-06-09,120.79,120.85,120.57,120.65,2788002,"(120.617, 122.502]","(119.218, 121.109]","(120.161, 122.038]","(119.039, 120.927]","(2750934.9, 3023300.85]"
2014-06-10,121.29,121.47,121.21,121.39,3561677,"(120.617, 122.502]","(121.109, 123.0]","(120.161, 122.038]","(120.927, 122.815]","(3295666.8, 3568032.75]"
2014-06-11,121.51,121.61,121.18,121.41,3572643,"(120.617, 122.502]","(121.109, 123.0]","(120.161, 122.038]","(120.927, 122.815]","(3568032.75, 3840398.7]"
2014-06-12,121.91,122.75,121.83,122.64,7393102,"(120.617, 122.502]","(121.109, 123.0]","(120.161, 122.038]","(120.927, 122.815]","(7381156.05, 7653522.0]"
2014-06-13,122.55,123.04,122.51,122.96,4026622,"(122.502, 124.387]","(123.0, 124.891]","(122.038, 123.915]","(122.815, 124.704]","(3840398.7, 4112764.65]"
2014-06-16,122.88,123.01,122.3,122.42,5833526,"(122.502, 124.387]","(123.0, 124.891]","(122.038, 123.915]","(120.927, 122.815]","(5746960.35, 6019326.3]"
2014-06-17,121.85,122.5,121.82,122.28,4035098,"(120.617, 122.502]","(121.109, 123.0]","(120.161, 122.038]","(120.927, 122.815]","(3840398.7, 4112764.65]"
2014-06-18,122.22,122.8,122.09,122.67,4603329,"(120.617, 122.502]","(121.109, 123.0]","(122.038, 123.915]","(120.927, 122.815]","(4385130.6, 4657496.55]"
2014-06-20,126.32,127.07,126.21,126.5,9955148,"(126.272, 128.157]","(126.782, 128.673]","(125.792, 127.669]","(124.704, 126.592]","(9832449.6, 10104815.55]"
2014-06-23,126.65,126.94,126.37,126.85,5141697,"(126.272, 128.157]","(126.782, 128.673]","(125.792, 127.669]","(126.592, 128.48]","(4929862.5, 5202228.45]"
2014-06-24,127.17,127.32,126.73,126.98,6350511,"(126.272, 128.157]","(126.782, 128.673]","(125.792, 127.669]","(126.592, 128.48]","(6291692.25, 6564058.2]"
2014-06-25,126.78,127.55,126.66,126.99,6694928,"(126.272, 128.157]","(126.782, 128.673]","(125.792, 127.669]","(126.592, 128.48]","(6564058.2, 6836424.15]"
2014-06-26,126.53,126.92,126.2,126.73,5531190,"(126.272, 128.157]","(126.782, 128.673]","(125.792, 127.669]","(126.592, 128.48]","(5474594.4, 5746960.35]"
2014-06-27,126.88,127.17,126.65,126.66,4200318,"(126.272, 128.157]","(126.782, 128.673]","(125.792, 127.669]","(126.592, 128.48]","(4112764.65, 4385130.6]"
2014-06-30,126.53,128.04,126.37,128.04,18130952,"(126.272, 128.157]","(126.782, 128.673]","(125.792, 127.669]","(126.592, 128.48]","(18003428.1, 18275794.05]"
2014-07-01,127.99,128.12,127.49,127.7,8147060,"(126.272, 128.157]","(126.782, 128.673]","(125.792, 127.669]","(126.592, 128.48]","(7925887.95, 8198253.9]"
2014-07-02,127.76,128.24,127.64,127.7,5742600,"(126.272, 128.157]","(126.782, 128.673]","(125.792, 127.669]","(126.592, 128.48]","(5474594.4, 5746960.35]"
2014-07-03,126.8,127.29,126.61,127.16,4922466,"(126.272, 128.157]","(126.782, 128.673]","(125.792, 127.669]","(126.592, 128.48]","(4657496.55, 4929862.5]"
2014-07-07,126.63,127.03,126.23,127.02,4632386,"(126.272, 128.157]","(126.782, 128.673]","(125.792, 127.669]","(126.592, 128.48]","(4385130.6, 4657496.55]"
2014-07-08,127.28,127.53,126.43,127.07,6218940,"(126.272, 128.157]","(126.782, 128.673]","(125.792, 127.669]","(126.592, 128.48]","(6019326.3, 6291692.25]"
2014-07-09,127.52,128.26,127.18,127.84,8366600,"(126.272, 128.157]","(126.782, 128.673]","(125.792, 127.669]","(126.592, 128.48]","(8198253.9, 8470619.85]"
2014-07-10,129.11,129.21,128.49,128.54,6313444,"(128.157, 130.042]","(128.673, 130.564]","(127.669, 129.546]","(128.48, 130.369]","(6291692.25, 6564058.2]"
2014-07-11,128.41,128.83,128.38,128.78,4322115,"(128.157, 130.042]","(128.673, 130.564]","(127.669, 129.546]","(128.48, 130.369]","(4112764.65, 4385130.6]"
2014-07-14,125.5,126.1,125.45,125.72,11469103,"(124.387, 126.272]","(124.891, 126.782]","(123.915, 125.792]","(124.704, 126.592]","(11466645.3, 11739011.25]"
2014-07-15,125.86,126.32,124.36,124.53,10546913,"(124.387, 126.272]","(124.891, 126.782]","(123.915, 125.792]","(122.815, 124.704]","(10377181.5, 10649547.45]"
2014-07-16,125.01,125.47,124.78,124.97,4103667,"(124.387, 126.272]","(124.891, 126.782]","(123.915, 125.792]","(124.704, 126.592]","(3840398.7, 4112764.65]"
2014-07-17,125.52,127.55,125.11,127.09,11425761,"(124.387, 126.272]","(126.782, 128.673]","(123.915, 125.792]","(126.592, 128.48]","(11194279.35, 11466645.3]"
2014-07-18,125.79,126.21,125.67,126.13,6461047,"(124.387, 126.272]","(124.891, 126.782]","(123.915, 125.792]","(124.704, 126.592]","(6291692.25, 6564058.2]"
2014-07-21,126.53,126.55,126.11,126.34,3300135,"(126.272, 128.157]","(124.891, 126.782]","(125.792, 127.669]","(124.704, 126.592]","(3295666.8, 3568032.75]"
2014-07-22,126.33,126.43,125.47,125.74,3883156,"(126.272, 128.157]","(124.891, 126.782]","(123.915, 125.792]","(124.704, 126.592]","(3840398.7, 4112764.65]"
2014-07-23,125.72,126.04,125.4,125.62,3042797,"(124.387, 126.272]","(124.891, 126.782]","(123.915, 125.792]","(124.704, 126.592]","(3023300.85, 3295666.8]"
2014-07-24,124.85,124.87,123.9,124.35,8112822,"(124.387, 126.272]","(123.0, 124.891]","(122.038, 123.915]","(122.815, 124.704]","(7925887.95, 8198253.9]"
2014-07-25,124.5,125.93,124.43,125.79,5639719,"(124.387, 126.272]","(124.891, 126.782]","(123.915, 125.792]","(124.704, 126.592]","(5474594.4, 5746960.35]"
2014-07-28,125.44,125.67,125.3,125.58,3213411,"(124.387, 126.272]","(124.891, 126.782]","(123.915, 125.792]","(124.704, 126.592]","(3023300.85, 3295666.8]"
2014-07-29,125.79,125.88,124.72,125.2,5269694,"(124.387, 126.272]","(124.891, 126.782]","(123.915, 125.792]","(124.704, 126.592]","(5202228.45, 5474594.4]"
2014-07-30,124.88,124.93,124.41,124.83,5619346,"(124.387, 126.272]","(124.891, 126.782]","(123.915, 125.792]","(124.704, 126.592]","(5474594.4, 5746960.35]"
2014-07-31,123.88,124.07,123.23,123.39,9898382,"(122.502, 124.387]","(123.0, 124.891]","(122.038, 123.915]","(122.815, 124.704]","(9832449.6, 10104815.55]"
2014-08-01,124.54,124.81,124.23,124.38,7397216,"(124.387, 126.272]","(123.0, 124.891]","(123.915, 125.792]","(122.815, 124.704]","(7381156.05, 7653522.0]"
2014-08-04,124.36,124.47,123.73,123.99,6499440,"(122.502, 124.387]","(123.0, 124.891]","(122.038, 123.915]","(122.815, 124.704]","(6291692.25, 6564058.2]"
2014-08-05,123.75,124.52,123.4,123.87,8342532,"(122.502, 124.387]","(123.0, 124.891]","(122.038, 123.915]","(122.815, 124.704]","(8198253.9, 8470619.85]"
2014-08-06,125.71,126.0,125.52,125.67,9326345,"(124.387, 126.272]","(124.891, 126.782]","(123.915, 125.792]","(124.704, 126.592]","(9287717.7, 9560083.65]"
2014-08-07,125.47,126.51,125.37,126.18,7278326,"(124.387, 126.272]","(124.891, 126.782]","(123.915, 125.792]","(124.704, 126.592]","(7108790.1, 7381156.05]"
2014-08-08,126.08,126.41,125.89,126.19,5728316,"(124.387, 126.272]","(124.891, 126.782]","(125.792, 127.669]","(124.704, 126.592]","(5474594.4, 5746960.35]"
2014-08-11,125.83,126.04,125.64,125.96,3164728,"(124.387, 126.272]","(124.891, 126.782]","(123.915, 125.792]","(124.704, 126.592]","(3023300.85, 3295666.8]"
2014-08-12,126.42,126.81,125.87,125.99,4612297,"(126.272, 128.157]","(126.782, 128.673]","(125.792, 127.669]","(124.704, 126.592]","(4385130.6, 4657496.55]"
2014-08-13,126.34,126.53,125.9,126.2,3969195,"(126.272, 128.157]","(124.891, 126.782]","(125.792, 127.669]","(124.704, 126.592]","(3840398.7, 4112764.65]"
2014-08-14,126.28,126.53,126.13,126.31,3348441,"(126.272, 128.157]","(124.891, 126.782]","(125.792, 127.669]","(124.704, 126.592]","(3295666.8, 3568032.75]"
2014-08-15,124.5,126.07,124.41,125.48,13071898,"(124.387, 126.272]","(124.891, 126.782]","(123.915, 125.792]","(124.704, 126.592]","(12828475.05, 13100841.0]"
2014-08-18,124.78,125.08,124.65,124.96,4952693,"(124.387, 126.272]","(124.891, 126.782]","(123.915, 125.792]","(124.704, 126.592]","(4929862.5, 5202228.45]"
2014-08-19,125.0,125.0,124.48,124.68,4878377,"(124.387, 126.272]","(124.891, 126.782]","(123.915, 125.792]","(122.815, 124.704]","(4657496.55, 4929862.5]"
2014-08-20,124.82,124.82,123.88,124.22,4395911,"(124.387, 126.272]","(123.0, 124.891]","(122.038, 123.915]","(122.815, 124.704]","(4385130.6, 4657496.55]"
2014-08-21,122.75,123.24,122.45,122.88,8008985,"(122.502, 124.387]","(123.0, 124.891]","(122.038, 123.915]","(122.815, 124.704]","(7925887.95, 8198253.9]"
2014-08-22,123.08,123.33,122.57,123.19,4739918,"(122.502, 124.387]","(123.0, 124.891]","(122.038, 123.915]","(122.815, 124.704]","(4657496.55, 4929862.5]"
2014-08-25,122.9,123.04,122.72,122.74,5017032,"(122.502, 124.387]","(123.0, 124.891]","(122.038, 123.915]","(120.927, 122.815]","(4929862.5, 5202228.45]"
2014-08-26,123.94,123.97,123.28,123.35,3891012,"(122.502, 124.387]","(123.0, 124.891]","(122.038, 123.915]","(122.815, 124.704]","(3840398.7, 4112764.65]"
2014-08-27,123.6,123.71,123.25,123.32,2576844,"(122.502, 124.387]","(123.0, 124.891]","(122.038, 123.915]","(122.815, 124.704]","(2478568.95, 2750934.9]"
2014-08-28,124.16,124.33,123.81,124.0,3296757,"(122.502, 124.387]","(123.0, 124.891]","(122.038, 123.915]","(122.815, 124.704]","(3295666.8, 3568032.75]"
2014-08-29,123.78,124.22,123.62,123.86,3683547,"(122.502, 124.387]","(123.0, 124.891]","(122.038, 123.915]","(122.815, 124.704]","(3568032.75, 3840398.7]"
2014-09-02,121.97,122.08,121.43,121.65,10126456,"(120.617, 122.502]","(121.109, 123.0]","(120.161, 122.038]","(120.927, 122.815]","(10104815.55, 10377181.5]"
2014-09-03,121.72,122.2,121.66,122.15,3415105,"(120.617, 122.502]","(121.109, 123.0]","(120.161, 122.038]","(120.927, 122.815]","(3295666.8, 3568032.75]"
2014-09-04,122.48,122.66,121.25,121.48,7300216,"(120.617, 122.502]","(121.109, 123.0]","(120.161, 122.038]","(120.927, 122.815]","(7108790.1, 7381156.05]"
2014-09-05,121.83,122.06,121.63,122.06,3490133,"(120.617, 122.502]","(121.109, 123.0]","(120.161, 122.038]","(120.927, 122.815]","(3295666.8, 3568032.75]"
2014-09-08,121.58,121.61,120.37,120.73,7508090,"(120.617, 122.502]","(121.109, 123.0]","(120.161, 122.038]","(119.039, 120.927]","(7381156.05, 7653522.0]"
2014-09-09,120.57,120.94,120.0,120.87,6153459,"(118.732, 120.617]","(119.218, 121.109]","(118.284, 120.161]","(119.039, 120.927]","(6019326.3, 6291692.25]"
2014-09-10,120.13,120.54,119.64,120.26,7021529,"(118.732, 120.617]","(119.218, 121.109]","(118.284, 120.161]","(119.039, 120.927]","(6836424.15, 7108790.1]"
2014-09-11,119.59,119.7,118.77,119.47,7613096,"(118.732, 120.617]","(119.218, 121.109]","(118.284, 120.161]","(119.039, 120.927]","(7381156.05, 7653522.0]"
2014-09-12,118.61,118.9,118.07,118.38,8128497,"(116.847, 118.732]","(117.327, 119.218]","(116.407, 118.284]","(117.151, 119.039]","(7925887.95, 8198253.9]"
2014-09-15,118.79,118.86,118.46,118.64,4776539,"(118.732, 120.617]","(117.327, 119.218]","(118.284, 120.161]","(117.151, 119.039]","(4657496.55, 4929862.5]"
2014-09-16,118.85,119.43,118.44,118.83,6544481,"(118.732, 120.617]","(119.218, 121.109]","(118.284, 120.161]","(117.151, 119.039]","(6291692.25, 6564058.2]"
2014-09-17,118.95,119.24,117.5,117.54,8309057,"(118.732, 120.617]","(119.218, 121.109]","(116.407, 118.284]","(117.151, 119.039]","(8198253.9, 8470619.85]"
2014-09-18,117.42,118.09,117.19,117.78,5368824,"(116.847, 118.732]","(117.327, 119.218]","(116.407, 118.284]","(117.151, 119.039]","(5202228.45, 5474594.4]"
2014-09-19,117.51,117.57,116.72,117.09,10930182,"(116.847, 118.732]","(117.327, 119.218]","(116.407, 118.284]","(115.262, 117.151]","(10921913.4, 11194279.35]"
2014-09-22,116.69,117.37,116.58,116.85,7601875,"(114.962, 116.847]","(117.327, 119.218]","(116.407, 118.284]","(115.262, 117.151]","(7381156.05, 7653522.0]"
2014-09-23,117.99,117.99,117.31,117.6,4664827,"(116.847, 118.732]","(117.327, 119.218]","(116.407, 118.284]","(117.151, 119.039]","(4657496.55, 4929862.5]"
2014-09-24,117.12,117.72,116.9,117.05,5517273,"(116.847, 118.732]","(117.327, 119.218]","(116.407, 118.284]","(115.262, 117.151]","(5474594.4, 5746960.35]"
2014-09-25,116.3,117.76,116.2,117.39,7637657,"(114.962, 116.847]","(117.327, 119.218]","(114.53, 116.407]","(117.151, 119.039]","(7381156.05, 7653522.0]"
2014-09-26,117.02,117.1,116.58,117.06,4185315,"(116.847, 118.732]","(115.436, 117.327]","(116.407, 118.284]","(115.262, 117.151]","(4112764.65, 4385130.6]"
2014-09-29,117.27,117.4,116.9,117.03,4051047,"(116.847, 118.732]","(117.327, 119.218]","(116.407, 118.284]","(115.262, 117.151]","(3840398.7, 4112764.65]"
2014-09-30,116.54,117.35,115.85,116.21,10171550,"(114.962, 116.847]","(117.327, 119.218]","(114.53, 116.407]","(115.262, 117.151]","(10104815.55, 10377181.5]"
2014-10-01,116.61,117.26,116.59,116.77,7022895,"(114.962, 116.847]","(115.436, 117.327]","(116.407, 118.284]","(115.262, 117.151]","(6836424.15, 7108790.1]"
2014-10-02,116.86,117.21,116.33,116.74,6349892,"(116.847, 118.732]","(115.436, 117.327]","(114.53, 116.407]","(115.262, 117.151]","(6291692.25, 6564058.2]"
2014-10-03,115.17,115.51,114.42,114.61,11303468,"(114.962, 116.847]","(115.436, 117.327]","(112.653, 114.53]","(113.374, 115.262]","(11194279.35, 11466645.3]"
2014-10-06,115.16,116.31,114.94,116.03,7645055,"(114.962, 116.847]","(115.436, 117.327]","(114.53, 116.407]","(115.262, 117.151]","(7381156.05, 7653522.0]"
2014-10-07,116.31,116.63,116.09,116.36,5277077,"(114.962, 116.847]","(115.436, 117.327]","(114.53, 116.407]","(115.262, 117.151]","(5202228.45, 5474594.4]"
2014-10-08,117.03,117.71,115.85,117.47,10673143,"(116.847, 118.732]","(117.327, 119.218]","(114.53, 116.407]","(117.151, 119.039]","(10649547.45, 10921913.4]"
2014-10-09,117.87,118.26,117.49,117.64,6610528,"(116.847, 118.732]","(117.327, 119.218]","(116.407, 118.284]","(117.151, 119.039]","(6564058.2, 6836424.15]"
2014-10-10,117.7,117.74,117.19,117.59,4652837,"(116.847, 118.732]","(117.327, 119.218]","(116.407, 118.284]","(117.151, 119.039]","(4385130.6, 4657496.55]"
2014-10-13,118.14,118.67,117.93,118.52,5396874,"(116.847, 118.732]","(117.327, 119.218]","(116.407, 118.284]","(117.151, 119.039]","(5202228.45, 5474594.4]"
2014-10-14,118.58,118.82,118.35,118.59,5174970,"(116.847, 118.732]","(117.327, 119.218]","(118.284, 120.161]","(117.151, 119.039]","(4929862.5, 5202228.45]"
2014-10-15,119.21,120.18,118.59,118.99,9456825,"(118.732, 120.617]","(119.218, 121.109]","(118.284, 120.161]","(117.151, 119.039]","(9287717.7, 9560083.65]"
2014-10-16,119.0,119.65,118.88,119.22,6548115,"(118.732, 120.617]","(119.218, 121.109]","(118.284, 120.161]","(119.039, 120.927]","(6291692.25, 6564058.2]"
2014-10-17,119.04,119.23,118.42,118.99,8059075,"(118.732, 120.617]","(119.218, 121.109]","(118.284, 120.161]","(117.151, 119.039]","(7925887.95, 8198253.9]"
2014-10-20,119.67,119.86,119.54,119.8,3034664,"(118.732, 120.617]","(119.218, 121.109]","(118.284, 120.161]","(119.039, 120.927]","(3023300.85, 3295666.8]"
2014-10-21,120.27,120.5,119.9,120.02,4568169,"(118.732, 120.617]","(119.218, 121.109]","(118.284, 120.161]","(119.039, 120.927]","(4385130.6, 4657496.55]"
2014-10-22,119.67,119.79,119.25,119.34,3741210,"(118.732, 120.617]","(119.218, 121.109]","(118.284, 120.161]","(119.039, 120.927]","(3568032.75, 3840398.7]"
2014-10-23,118.67,118.82,117.88,118.52,6419355,"(116.847, 118.732]","(117.327, 119.218]","(116.407, 118.284]","(117.151, 119.039]","(6291692.25, 6564058.2]"
2014-10-24,118.62,118.63,118.12,118.35,3611011,"(116.847, 118.732]","(117.327, 119.218]","(116.407, 118.284]","(117.151, 119.039]","(3568032.75, 3840398.7]"
2014-10-27,118.18,118.37,118.01,118.06,2445376,"(116.847, 118.732]","(117.327, 119.218]","(116.407, 118.284]","(117.151, 119.039]","(2184413.7229999998, 2478568.95]"
2014-10-28,118.48,118.48,118.01,118.1,3262626,"(116.847, 118.732]","(117.327, 119.218]","(116.407, 118.284]","(117.151, 119.039]","(3023300.85, 3295666.8]"
2014-10-29,117.64,117.91,116.14,116.41,7900772,"(116.847, 118.732]","(117.327, 119.218]","(114.53, 116.407]","(115.262, 117.151]","(7653522.0, 7925887.95]"
2014-10-30,115.8,115.83,114.94,115.19,7852237,"(114.962, 116.847]","(115.436, 117.327]","(114.53, 116.407]","(113.374, 115.262]","(7653522.0, 7925887.95]"
2014-10-31,111.83,112.88,111.66,112.66,18209617,"(111.193, 113.077]","(111.655, 113.545]","(110.777, 112.653]","(111.486, 113.374]","(18003428.1, 18275794.05]"
2014-11-03,112.39,112.68,112.0,112.15,6598757,"(111.193, 113.077]","(111.655, 113.545]","(110.777, 112.653]","(111.486, 113.374]","(6564058.2, 6836424.15]"
2014-11-04,112.12,112.71,112.08,112.22,6428866,"(111.193, 113.077]","(111.655, 113.545]","(110.777, 112.653]","(111.486, 113.374]","(6291692.25, 6564058.2]"
2014-11-05,109.92,110.84,109.67,109.79,13557644,"(109.308, 111.193]","(109.764, 111.655]","(108.9, 110.777]","(109.598, 111.486]","(13373206.95, 13645572.9]"
2014-11-06,109.92,110.49,109.75,109.88,7018236,"(109.308, 111.193]","(109.764, 111.655]","(108.9, 110.777]","(109.598, 111.486]","(6836424.15, 7108790.1]"
2014-11-07,110.78,113.15,110.73,112.97,10916151,"(109.308, 111.193]","(111.655, 113.545]","(108.9, 110.777]","(111.486, 113.374]","(10649547.45, 10921913.4]"
2014-11-10,112.22,112.24,110.28,110.46,8544712,"(111.193, 113.077]","(111.655, 113.545]","(108.9, 110.777]","(109.598, 111.486]","(8470619.85, 8742985.8]"
2014-11-11,111.08,112.76,110.87,112.04,8597485,"(109.308, 111.193]","(111.655, 113.545]","(110.777, 112.653]","(111.486, 113.374]","(8470619.85, 8742985.8]"
2014-11-12,112.06,112.17,111.23,111.5,5133156,"(111.193, 113.077]","(111.655, 113.545]","(110.777, 112.653]","(111.486, 113.374]","(4929862.5, 5202228.45]"
2014-11-13,111.89,112.26,111.22,111.67,4870548,"(111.193, 113.077]","(111.655, 113.545]","(110.777, 112.653]","(111.486, 113.374]","(4657496.55, 4929862.5]"
2014-11-14,110.76,114.72,110.65,114.47,14172784,"(109.308, 111.193]","(113.545, 115.436]","(108.9, 110.777]","(113.374, 115.262]","(13917938.85, 14190304.8]"
2014-11-17,113.95,114.27,113.56,114.05,5440541,"(113.077, 114.962]","(113.545, 115.436]","(112.653, 114.53]","(113.374, 115.262]","(5202228.45, 5474594.4]"
2014-11-18,114.87,115.17,114.55,115.05,5585819,"(113.077, 114.962]","(113.545, 115.436]","(114.53, 116.407]","(113.374, 115.262]","(5474594.4, 5746960.35]"
2014-11-19,114.93,115.35,112.88,113.68,11994658,"(113.077, 114.962]","(113.545, 115.436]","(112.653, 114.53]","(113.374, 115.262]","(11739011.25, 12011377.2]"
2014-11-20,114.58,115.02,114.09,114.86,5605369,"(113.077, 114.962]","(113.545, 115.436]","(112.653, 114.53]","(113.374, 115.262]","(5474594.4, 5746960.35]"
2014-11-21,115.59,115.96,114.47,115.39,6561532,"(114.962, 116.847]","(115.436, 117.327]","(112.653, 114.53]","(115.262, 117.151]","(6291692.25, 6564058.2]"
2014-11-24,115.15,115.37,114.79,115.11,4694667,"(114.962, 116.847]","(113.545, 115.436]","(114.53, 116.407]","(113.374, 115.262]","(4657496.55, 4929862.5]"
2014-11-25,115.1,115.47,114.9,115.38,9039479,"(114.962, 116.847]","(115.436, 117.327]","(114.53, 116.407]","(115.262, 117.151]","(9015351.75, 9287717.7]"
2014-11-26,115.28,115.34,114.98,115.16,3183417,"(114.962, 116.847]","(113.545, 115.436]","(114.53, 116.407]","(113.374, 115.262]","(3023300.85, 3295666.8]"
2014-11-28,113.51,113.83,111.95,112.11,9616332,"(113.077, 114.962]","(113.545, 115.436]","(110.777, 112.653]","(111.486, 113.374]","(9560083.65, 9832449.6]"
2014-12-01,113.8,117.36,113.74,116.58,15637259,"(113.077, 114.962]","(117.327, 119.218]","(112.653, 114.53]","(115.262, 117.151]","(15552134.55, 15824500.5]"
2014-12-02,115.12,115.71,114.72,115.14,6373615,"(114.962, 116.847]","(115.436, 117.327]","(114.53, 116.407]","(113.374, 115.262]","(6291692.25, 6564058.2]"
2014-12-03,115.73,116.76,115.56,116.33,5757321,"(114.962, 116.847]","(115.436, 117.327]","(114.53, 116.407]","(115.262, 117.151]","(5746960.35, 6019326.3]"
2014-12-04,116.01,116.34,115.61,115.88,3622625,"(114.962, 116.847]","(115.436, 117.327]","(114.53, 116.407]","(115.262, 117.151]","(3568032.75, 3840398.7]"
2014-12-05,115.16,115.18,114.24,114.43,6330180,"(114.962, 116.847]","(113.545, 115.436]","(112.653, 114.53]","(113.374, 115.262]","(6291692.25, 6564058.2]"
2014-12-08,114.97,116.16,114.46,115.78,5221891,"(114.962, 116.847]","(115.436, 117.327]","(112.653, 114.53]","(115.262, 117.151]","(5202228.45, 5474594.4]"
2014-12-09,117.03,118.99,116.98,118.19,10465566,"(116.847, 118.732]","(117.327, 119.218]","(116.407, 118.284]","(117.151, 119.039]","(10377181.5, 10649547.45]"
2014-12-10,118.15,118.47,117.81,117.96,4276827,"(116.847, 118.732]","(117.327, 119.218]","(116.407, 118.284]","(117.151, 119.039]","(4112764.65, 4385130.6]"
2014-12-11,116.98,118.38,116.82,117.69,5213667,"(116.847, 118.732]","(117.327, 119.218]","(116.407, 118.284]","(117.151, 119.039]","(5202228.45, 5474594.4]"
2014-12-12,117.4,117.8,116.68,117.41,4736435,"(116.847, 118.732]","(117.327, 119.218]","(116.407, 118.284]","(117.151, 119.039]","(4657496.55, 4929862.5]"
2014-12-15,116.22,116.97,114.36,114.39,8791530,"(114.962, 116.847]","(115.436, 117.327]","(112.653, 114.53]","(113.374, 115.262]","(8742985.8, 9015351.75]"
2014-12-16,116.3,116.5,114.07,114.95,9169098,"(114.962, 116.847]","(115.436, 117.327]","(112.653, 114.53]","(113.374, 115.262]","(9015351.75, 9287717.7]"
2014-12-17,115.1,115.48,113.58,114.27,9094779,"(114.962, 116.847]","(115.436, 117.327]","(112.653, 114.53]","(113.374, 115.262]","(9015351.75, 9287717.7]"
2014-12-18,115.59,115.81,114.58,115.15,5257803,"(114.962, 116.847]","(115.436, 117.327]","(114.53, 116.407]","(113.374, 115.262]","(5202228.45, 5474594.4]"
2014-12-19,115.06,115.22,114.77,114.77,4652063,"(114.962, 116.847]","(113.545, 115.436]","(114.53, 116.407]","(113.374, 115.262]","(4385130.6, 4657496.55]"
2014-12-22,114.81,114.97,112.41,112.55,7481490,"(113.077, 114.962]","(113.545, 115.436]","(110.777, 112.653]","(111.486, 113.374]","(7381156.05, 7653522.0]"
2014-12-23,112.88,113.32,112.61,112.74,7762377,"(111.193, 113.077]","(111.655, 113.545]","(110.777, 112.653]","(111.486, 113.374]","(7653522.0, 7925887.95]"
2014-12-26,114.82,114.98,114.53,114.83,3764385,"(113.077, 114.962]","(113.545, 115.436]","(112.653, 114.53]","(113.374, 115.262]","(3568032.75, 3840398.7]"
2014-12-29,114.62,114.64,113.23,113.67,12959600,"(113.077, 114.962]","(113.545, 115.436]","(112.653, 114.53]","(113.374, 115.262]","(12828475.05, 13100841.0]"
2014-12-30,114.97,116.26,114.9,115.2,7985587,"(114.962, 116.847]","(115.436, 117.327]","(114.53, 116.407]","(113.374, 115.262]","(7925887.95, 8198253.9]"
2014-12-31,114.87,115.0,113.28,113.58,7623673,"(113.077, 114.962]","(113.545, 115.436]","(112.653, 114.53]","(113.374, 115.262]","(7381156.05, 7653522.0]"
2015-01-02,112.48,114.8,112.32,114.08,7108194,"(111.193, 113.077]","(113.545, 115.436]","(110.777, 112.653]","(113.374, 115.262]","(6836424.15, 7108790.1]"
2015-01-05,114.78,116.0,114.73,115.8,8176259,"(113.077, 114.962]","(115.436, 117.327]","(114.53, 116.407]","(115.262, 117.151]","(7925887.95, 8198253.9]"
2015-01-06,116.22,117.5,115.8,117.12,11238091,"(114.962, 116.847]","(117.327, 119.218]","(114.53, 116.407]","(115.262, 117.151]","(11194279.35, 11466645.3]"
2015-01-07,116.39,116.88,116.17,116.43,6433296,"(114.962, 116.847]","(115.436, 117.327]","(114.53, 116.407]","(115.262, 117.151]","(6291692.25, 6564058.2]"
2015-01-08,116.47,116.87,115.85,115.94,7033150,"(114.962, 116.847]","(115.436, 117.327]","(114.53, 116.407]","(115.262, 117.151]","(6836424.15, 7108790.1]"
2015-01-09,116.51,117.34,116.5,117.26,7962662,"(114.962, 116.847]","(117.327, 119.218]","(116.407, 118.284]","(117.151, 119.039]","(7925887.95, 8198253.9]"
2015-01-12,117.46,118.71,117.32,118.56,8317661,"(116.847, 118.732]","(117.327, 119.218]","(116.407, 118.284]","(117.151, 119.039]","(8198253.9, 8470619.85]"
2015-01-13,118.95,119.19,117.87,118.16,7693200,"(118.732, 120.617]","(117.327, 119.218]","(116.407, 118.284]","(117.151, 119.039]","(7653522.0, 7925887.95]"
2015-01-14,119.12,119.32,117.9,117.97,7726678,"(118.732, 120.617]","(119.218, 121.109]","(116.407, 118.284]","(117.151, 119.039]","(7653522.0, 7925887.95]"
2015-01-15,120.41,121.7,120.34,120.94,17683577,"(118.732, 120.617]","(121.109, 123.0]","(120.161, 122.038]","(120.927, 122.815]","(17458696.2, 17731062.15]"
2015-01-16,121.73,123.15,121.7,122.52,14425616,"(120.617, 122.502]","(123.0, 124.891]","(120.161, 122.038]","(120.927, 122.815]","(14190304.8, 14462670.75]"
2015-01-20,123.63,124.6,123.49,124.2,14966916,"(122.502, 124.387]","(123.0, 124.891]","(122.038, 123.915]","(122.815, 124.704]","(14735036.7, 15007402.65]"
2015-01-21,125.18,125.34,123.37,124.23,11082504,"(124.387, 126.272]","(124.891, 126.782]","(122.038, 123.915]","(122.815, 124.704]","(10921913.4, 11194279.35]"
2015-01-22,125.07,125.58,124.15,125.23,10515191,"(124.387, 126.272]","(124.891, 126.782]","(123.915, 125.792]","(124.704, 126.592]","(10377181.5, 10649547.45]"
2015-01-23,124.41,124.5,123.35,124.23,6270411,"(124.387, 126.272]","(123.0, 124.891]","(122.038, 123.915]","(122.815, 124.704]","(6019326.3, 6291692.25]"
2015-01-26,123.33,123.34,122.52,122.99,6761230,"(122.502, 124.387]","(123.0, 124.891]","(122.038, 123.915]","(122.815, 124.704]","(6564058.2, 6836424.15]"
2015-01-27,123.54,124.64,123.51,124.4,9583762,"(122.502, 124.387]","(123.0, 124.891]","(122.038, 123.915]","(122.815, 124.704]","(9560083.65, 9832449.6]"
2015-01-28,123.48,123.89,122.94,123.42,7670486,"(122.502, 124.387]","(123.0, 124.891]","(122.038, 123.915]","(122.815, 124.704]","(7653522.0, 7925887.95]"
2015-01-29,121.99,122.29,120.26,120.76,11997814,"(120.617, 122.502]","(121.109, 123.0]","(120.161, 122.038]","(119.039, 120.927]","(11739011.25, 12011377.2]"
2015-01-30,121.34,123.55,120.91,123.45,14553317,"(120.617, 122.502]","(123.0, 124.891]","(120.161, 122.038]","(122.815, 124.704]","(14462670.75, 14735036.7]"
2015-02-02,121.84,123.16,121.82,122.42,8884060,"(120.617, 122.502]","(123.0, 124.891]","(120.161, 122.038]","(120.927, 122.815]","(8742985.8, 9015351.75]"
2015-02-03,121.74,121.76,120.56,121.05,8254398,"(120.617, 122.502]","(121.109, 123.0]","(120.161, 122.038]","(120.927, 122.815]","(8198253.9, 8470619.85]"
2015-02-04,121.62,122.22,120.92,121.58,5386317,"(120.617, 122.502]","(121.109, 123.0]","(120.161, 122.038]","(120.927, 122.815]","(5202228.45, 5474594.4]"
2015-02-05,120.97,121.83,120.61,121.79,6879325,"(120.617, 122.502]","(121.109, 123.0]","(120.161, 122.038]","(120.927, 122.815]","(6836424.15, 7108790.1]"
2015-02-06,119.15,119.52,117.95,118.64,13206092,"(118.732, 120.617]","(119.218, 121.109]","(116.407, 118.284]","(117.151, 119.039]","(13100841.0, 13373206.95]"
2015-02-09,118.83,119.4,118.77,119.17,5236481,"(118.732, 120.617]","(119.218, 121.109]","(118.284, 120.161]","(119.039, 120.927]","(5202228.45, 5474594.4]"
2015-02-10,118.63,119.06,118.21,118.47,4085803,"(116.847, 118.732]","(117.327, 119.218]","(116.407, 118.284]","(117.151, 119.039]","(3840398.7, 4112764.65]"
2015-02-11,118.49,118.57,117.0,117.07,6779906,"(116.847, 118.732]","(117.327, 119.218]","(116.407, 118.284]","(115.262, 117.151]","(6564058.2, 6836424.15]"
2015-02-12,117.69,117.82,117.09,117.34,4342804,"(116.847, 118.732]","(117.327, 119.218]","(116.407, 118.284]","(117.151, 119.039]","(4112764.65, 4385130.6]"
2015-02-13,118.05,118.58,117.79,117.98,4108345,"(116.847, 118.732]","(117.327, 119.218]","(116.407, 118.284]","(117.151, 119.039]","(3840398.7, 4112764.65]"
2015-02-17,116.4,116.54,115.58,116.01,7222791,"(114.962, 116.847]","(115.436, 117.327]","(114.53, 116.407]","(115.262, 117.151]","(7108790.1, 7381156.05]"
2015-02-18,116.0,116.53,114.99,116.34,8335804,"(114.962, 116.847]","(115.436, 117.327]","(114.53, 116.407]","(115.262, 117.151]","(8198253.9, 8470619.85]"
2015-02-19,116.4,116.54,115.74,115.94,6528274,"(114.962, 116.847]","(115.436, 117.327]","(114.53, 116.407]","(115.262, 117.151]","(6291692.25, 6564058.2]"
2015-02-20,116.1,116.45,115.05,115.28,6680863,"(114.962, 116.847]","(115.436, 117.327]","(114.53, 116.407]","(115.262, 117.151]","(6564058.2, 6836424.15]"
2015-02-23,115.13,116.22,115.07,115.43,4805343,"(114.962, 116.847]","(115.436, 117.327]","(114.53, 116.407]","(115.262, 117.151]","(4657496.55, 4929862.5]"
2015-02-24,115.0,115.55,114.29,115.26,7604753,"(114.962, 116.847]","(115.436, 117.327]","(112.653, 114.53]","(113.374, 115.262]","(7381156.05, 7653522.0]"
2015-02-25,115.81,115.89,115.33,115.7,5032184,"(114.962, 116.847]","(115.436, 117.327]","(114.53, 116.407]","(115.262, 117.151]","(4929862.5, 5202228.45]"
2015-02-26,116.54,116.55,115.83,116.07,4025106,"(114.962, 116.847]","(115.436, 117.327]","(114.53, 116.407]","(115.262, 117.151]","(3840398.7, 4112764.65]"
2015-02-27,116.74,117.07,116.16,116.16,8255487,"(114.962, 116.847]","(115.436, 117.327]","(114.53, 116.407]","(115.262, 117.151]","(8198253.9, 8470619.85]"
2015-03-02,116.5,116.64,115.62,115.68,7993200,"(114.962, 116.847]","(115.436, 117.327]","(114.53, 116.407]","(115.262, 117.151]","(7925887.95, 8198253.9]"
2015-03-03,116.04,116.61,115.35,115.47,4738300,"(114.962, 116.847]","(115.436, 117.327]","(114.53, 116.407]","(115.262, 117.151]","(4657496.55, 4929862.5]"
2015-03-04,115.69,115.79,115.02,115.11,4762400,"(114.962, 116.847]","(115.436, 117.327]","(114.53, 116.407]","(113.374, 115.262]","(4657496.55, 4929862.5]"
2015-03-05,115.42,116.12,114.84,115.0,5872100,"(114.962, 116.847]","(115.436, 117.327]","(114.53, 116.407]","(113.374, 115.262]","(5746960.35, 6019326.3]"
2015-03-06,113.17,113.26,111.7,111.86,11190800,"(113.077, 114.962]","(111.655, 113.545]","(110.777, 112.653]","(111.486, 113.374]","(10921913.4, 11194279.35]"
2015-03-09,112.44,112.62,111.95,111.97,5534000,"(111.193, 113.077]","(111.655, 113.545]","(110.777, 112.653]","(111.486, 113.374]","(5474594.4, 5746960.35]"
2015-03-10,112.09,112.35,111.22,111.42,7019700,"(111.193, 113.077]","(111.655, 113.545]","(110.777, 112.653]","(109.598, 111.486]","(6836424.15, 7108790.1]"
2015-03-11,111.21,111.25,110.16,110.75,6550400,"(111.193, 113.077]","(109.764, 111.655]","(108.9, 110.777]","(109.598, 111.486]","(6291692.25, 6564058.2]"
2015-03-12,111.15,111.2,110.25,110.72,6631400,"(109.308, 111.193]","(109.764, 111.655]","(108.9, 110.777]","(109.598, 111.486]","(6564058.2, 6836424.15]"
2015-03-13,111.11,111.28,110.51,110.88,4557500,"(109.308, 111.193]","(109.764, 111.655]","(108.9, 110.777]","(109.598, 111.486]","(4385130.6, 4657496.55]"
2015-03-16,111.08,111.2,110.42,110.81,3265300,"(109.308, 111.193]","(109.764, 111.655]","(108.9, 110.777]","(109.598, 111.486]","(3023300.85, 3295666.8]"
2015-03-17,109.92,111.35,109.77,110.21,8923200,"(109.308, 111.193]","(109.764, 111.655]","(108.9, 110.777]","(109.598, 111.486]","(8742985.8, 9015351.75]"
2015-03-18,110.33,112.87,110.09,112.37,12448000,"(109.308, 111.193]","(111.655, 113.545]","(108.9, 110.777]","(111.486, 113.374]","(12283743.15, 12556109.1]"
2015-03-19,111.74,112.58,111.58,112.29,6537700,"(111.193, 113.077]","(111.655, 113.545]","(110.777, 112.653]","(111.486, 113.374]","(6291692.25, 6564058.2]"
2015-03-20,112.72,114.0,112.67,113.57,8033400,"(111.193, 113.077]","(113.545, 115.436]","(112.653, 114.53]","(113.374, 115.262]","(7925887.95, 8198253.9]"
2015-03-23,113.7,114.37,113.49,114.29,4240200,"(113.077, 114.962]","(113.545, 115.436]","(112.653, 114.53]","(113.374, 115.262]","(4112764.65, 4385130.6]"
2015-03-24,114.33,114.65,113.82,114.57,2979300,"(113.077, 114.962]","(113.545, 115.436]","(112.653, 114.53]","(113.374, 115.262]","(2750934.9, 3023300.85]"
2015-03-25,115.08,115.14,114.65,114.73,3021400,"(114.962, 116.847]","(113.545, 115.436]","(114.53, 116.407]","(113.374, 115.262]","(2750934.9, 3023300.85]"
2015-03-26,115.74,115.84,115.34,115.48,5495100,"(114.962, 116.847]","(115.436, 117.327]","(114.53, 116.407]","(115.262, 117.151]","(5474594.4, 5746960.35]"
2015-03-27,115.15,115.36,114.45,115.06,4921700,"(114.962, 116.847]","(113.545, 115.436]","(112.653, 114.53]","(113.374, 115.262]","(4657496.55, 4929862.5]"
2015-03-30,113.88,114.01,113.54,113.75,4383800,"(113.077, 114.962]","(113.545, 115.436]","(112.653, 114.53]","(113.374, 115.262]","(4112764.65, 4385130.6]"
2015-03-31,113.84,114.28,113.41,113.66,4383314,"(113.077, 114.962]","(113.545, 115.436]","(112.653, 114.53]","(113.374, 115.262]","(4112764.65, 4385130.6]"
2015-04-01,114.56,115.99,114.54,115.6,7324000,"(113.077, 114.962]","(115.436, 117.327]","(114.53, 116.407]","(115.262, 117.151]","(7108790.1, 7381156.05]"
2015-04-02,115.5,115.72,114.68,115.28,3884000,"(114.962, 116.847]","(115.436, 117.327]","(114.53, 116.407]","(115.262, 117.151]","(3840398.7, 4112764.65]"
2015-04-06,117.32,117.47,116.52,116.69,5914100,"(116.847, 118.732]","(117.327, 119.218]","(116.407, 118.284]","(115.262, 117.151]","(5746960.35, 6019326.3]"
2015-04-07,116.26,116.51,115.94,116.11,2467494,"(114.962, 116.847]","(115.436, 117.327]","(114.53, 116.407]","(115.262, 117.151]","(2184413.7229999998, 2478568.95]"
2015-04-08,115.98,116.03,114.9,115.47,5568500,"(114.962, 116.847]","(115.436, 117.327]","(114.53, 116.407]","(115.262, 117.151]","(5474594.4, 5746960.35]"
2015-04-09,114.8,114.85,114.48,114.67,4707044,"(113.077, 114.962]","(113.545, 115.436]","(112.653, 114.53]","(113.374, 115.262]","(4657496.55, 4929862.5]"
2015-04-10,116.0,116.19,115.5,115.97,3932400,"(114.962, 116.847]","(115.436, 117.327]","(114.53, 116.407]","(115.262, 117.151]","(3840398.7, 4112764.65]"
2015-04-13,115.35,115.39,114.8,115.14,3190100,"(114.962, 116.847]","(113.545, 115.436]","(114.53, 116.407]","(113.374, 115.262]","(3023300.85, 3295666.8]"
2015-04-14,114.69,115.07,114.39,114.44,3651400,"(113.077, 114.962]","(113.545, 115.436]","(112.653, 114.53]","(113.374, 115.262]","(3568032.75, 3840398.7]"
2015-04-15,114.78,115.6,114.47,115.43,3649940,"(113.077, 114.962]","(115.436, 117.327]","(112.653, 114.53]","(115.262, 117.151]","(3568032.75, 3840398.7]"
2015-04-16,115.55,115.66,114.64,115.03,3132336,"(114.962, 116.847]","(115.436, 117.327]","(114.53, 116.407]","(113.374, 115.262]","(3023300.85, 3295666.8]"
2015-04-17,115.39,115.79,115.23,115.6,3496300,"(114.962, 116.847]","(115.436, 117.327]","(114.53, 116.407]","(115.262, 117.151]","(3295666.8, 3568032.75]"
2015-04-20,114.82,114.95,114.32,114.72,3932756,"(113.077, 114.962]","(113.545, 115.436]","(112.653, 114.53]","(113.374, 115.262]","(3840398.7, 4112764.65]"
2015-04-21,114.72,115.56,114.65,115.38,3316297,"(113.077, 114.962]","(115.436, 117.327]","(114.53, 116.407]","(115.262, 117.151]","(3295666.8, 3568032.75]"
2015-04-22,114.82,114.96,113.77,113.83,5695910,"(113.077, 114.962]","(113.545, 115.436]","(112.653, 114.53]","(113.374, 115.262]","(5474594.4, 5746960.35]"
2015-04-23,113.89,114.96,113.81,114.66,3459400,"(113.077, 114.962]","(113.545, 115.436]","(112.653, 114.53]","(113.374, 115.262]","(3295666.8, 3568032.75]"
2015-04-24,113.96,114.07,112.77,113.05,7152913,"(113.077, 114.962]","(113.545, 115.436]","(112.653, 114.53]","(111.486, 113.374]","(7108790.1, 7381156.05]"
2015-04-27,113.87,115.82,113.67,115.33,7487500,"(113.077, 114.962]","(115.436, 117.327]","(112.653, 114.53]","(115.262, 117.151]","(7381156.05, 7653522.0]"
2015-04-28,115.34,116.62,115.34,116.33,8054361,"(114.962, 116.847]","(115.436, 117.327]","(114.53, 116.407]","(115.262, 117.151]","(7925887.95, 8198253.9]"
2015-04-29,116.06,116.39,115.28,115.51,7170400,"(114.962, 116.847]","(115.436, 117.327]","(114.53, 116.407]","(115.262, 117.151]","(7108790.1, 7381156.05]"
2015-04-30,113.85,113.88,112.96,113.47,9440200,"(113.077, 114.962]","(113.545, 115.436]","(112.653, 114.53]","(113.374, 115.262]","(9287717.7, 9560083.65]"
2015-05-01,112.42,113.31,112.28,113.08,7597000,"(111.193, 113.077]","(111.655, 113.545]","(110.777, 112.653]","(111.486, 113.374]","(7381156.05, 7653522.0]"
2015-05-04,114.18,114.44,113.88,114.1,3648000,"(113.077, 114.962]","(113.545, 115.436]","(112.653, 114.53]","(113.374, 115.262]","(3568032.75, 3840398.7]"
2015-05-05,114.89,115.11,114.39,114.42,3856500,"(113.077, 114.962]","(113.545, 115.436]","(112.653, 114.53]","(113.374, 115.262]","(3840398.7, 4112764.65]"
2015-05-06,114.59,114.75,114.02,114.36,3278985,"(113.077, 114.962]","(113.545, 115.436]","(112.653, 114.53]","(113.374, 115.262]","(3023300.85, 3295666.8]"
2015-05-07,113.84,114.01,113.32,113.42,5454590,"(113.077, 114.962]","(113.545, 115.436]","(112.653, 114.53]","(113.374, 115.262]","(5202228.45, 5474594.4]"
2015-05-08,114.34,114.43,113.59,113.97,9964000,"(113.077, 114.962]","(113.545, 115.436]","(112.653, 114.53]","(113.374, 115.262]","(9832449.6, 10104815.55]"
2015-05-11,114.09,114.31,113.08,113.53,2916700,"(113.077, 114.962]","(113.545, 115.436]","(112.653, 114.53]","(113.374, 115.262]","(2750934.9, 3023300.85]"
2015-05-12,114.1,114.67,114.06,114.5,3256715,"(113.077, 114.962]","(113.545, 115.436]","(112.653, 114.53]","(113.374, 115.262]","(3023300.85, 3295666.8]"
2015-05-13,115.74,116.93,115.68,116.55,11768225,"(114.962, 116.847]","(115.436, 117.327]","(114.53, 116.407]","(115.262, 117.151]","(11739011.25, 12011377.2]"
2015-05-14,117.26,117.75,117.03,117.18,6923000,"(116.847, 118.732]","(117.327, 119.218]","(116.407, 118.284]","(117.151, 119.039]","(6836424.15, 7108790.1]"
2015-05-15,116.77,117.63,116.68,117.53,4446903,"(114.962, 116.847]","(117.327, 119.218]","(116.407, 118.284]","(117.151, 119.039]","(4385130.6, 4657496.55]"
2015-05-18,117.78,117.88,117.27,117.52,5079792,"(116.847, 118.732]","(117.327, 119.218]","(116.407, 118.284]","(117.151, 119.039]","(4929862.5, 5202228.45]"
2015-05-19,116.57,116.73,115.65,115.89,5052147,"(114.962, 116.847]","(115.436, 117.327]","(114.53, 116.407]","(115.262, 117.151]","(4929862.5, 5202228.45]"
2015-05-20,116.03,116.38,115.76,116.08,4432556,"(114.962, 116.847]","(115.436, 117.327]","(114.53, 116.407]","(115.262, 117.151]","(4385130.6, 4657496.55]"
2015-05-21,115.53,116.0,115.47,115.69,2514600,"(114.962, 116.847]","(115.436, 117.327]","(114.53, 116.407]","(115.262, 117.151]","(2478568.95, 2750934.9]"
2015-05-26,113.84,114.23,113.7,113.91,5760895,"(113.077, 114.962]","(113.545, 115.436]","(112.653, 114.53]","(113.374, 115.262]","(5746960.35, 6019326.3]"
2015-05-27,113.78,114.01,113.63,113.89,2681000,"(113.077, 114.962]","(113.545, 115.436]","(112.653, 114.53]","(113.374, 115.262]","(2478568.95, 2750934.9]"
2015-05-28,113.85,114.16,113.21,114.02,5265971,"(113.077, 114.962]","(113.545, 115.436]","(112.653, 114.53]","(113.374, 115.262]","(5202228.45, 5474594.4]"
2015-05-29,114.1,114.48,114.0,114.1,3407400,"(113.077, 114.962]","(113.545, 115.436]","(112.653, 114.53]","(113.374, 115.262]","(3295666.8, 3568032.75]"
2015-06-01,115.02,115.5,113.9,114.0,8254034,"(114.962, 116.847]","(115.436, 117.327]","(112.653, 114.53]","(113.374, 115.262]","(8198253.9, 8470619.85]"
2015-06-02,114.37,114.65,114.17,114.46,3988309,"(113.077, 114.962]","(113.545, 115.436]","(112.653, 114.53]","(113.374, 115.262]","(3840398.7, 4112764.65]"
2015-06-03,114.13,114.37,113.08,113.64,4886000,"(113.077, 114.962]","(113.545, 115.436]","(112.653, 114.53]","(113.374, 115.262]","(4657496.55, 4929862.5]"
2015-06-04,112.98,113.15,112.48,112.84,5566600,"(111.193, 113.077]","(111.655, 113.545]","(110.777, 112.653]","(111.486, 113.374]","(5474594.4, 5746960.35]"
2015-06-05,111.63,112.39,111.57,112.24,5561200,"(111.193, 113.077]","(111.655, 113.545]","(110.777, 112.653]","(111.486, 113.374]","(5474594.4, 5746960.35]"
2015-06-08,112.37,112.66,112.13,112.57,3122000,"(111.193, 113.077]","(111.655, 113.545]","(110.777, 112.653]","(111.486, 113.374]","(3023300.85, 3295666.8]"
2015-06-09,113.17,113.23,112.71,112.82,3529924,"(113.077, 114.962]","(111.655, 113.545]","(112.653, 114.53]","(111.486, 113.374]","(3295666.8, 3568032.75]"
2015-06-10,114.14,114.14,113.69,113.78,5452863,"(113.077, 114.962]","(113.545, 115.436]","(112.653, 114.53]","(113.374, 115.262]","(5202228.45, 5474594.4]"
2015-06-11,113.24,113.41,112.92,113.26,4434631,"(113.077, 114.962]","(111.655, 113.545]","(112.653, 114.53]","(111.486, 113.374]","(4385130.6, 4657496.55]"
2015-06-12,113.06,113.5,112.96,113.23,2996500,"(111.193, 113.077]","(111.655, 113.545]","(112.653, 114.53]","(111.486, 113.374]","(2750934.9, 3023300.85]"
2015-06-15,113.28,114.15,113.21,113.73,5055000,"(113.077, 114.962]","(113.545, 115.436]","(112.653, 114.53]","(113.374, 115.262]","(4929862.5, 5202228.45]"
2015-06-16,113.08,113.45,112.79,113.32,4033200,"(113.077, 114.962]","(111.655, 113.545]","(112.653, 114.53]","(111.486, 113.374]","(3840398.7, 4112764.65]"
2015-06-17,113.07,114.04,112.63,113.85,6455900,"(111.193, 113.077]","(113.545, 115.436]","(110.777, 112.653]","(113.374, 115.262]","(6291692.25, 6564058.2]"
2015-06-18,115.25,115.61,114.89,115.32,8041200,"(114.962, 116.847]","(115.436, 117.327]","(114.53, 116.407]","(115.262, 117.151]","(7925887.95, 8198253.9]"
2015-06-19,115.34,115.46,114.95,115.12,4611600,"(114.962, 116.847]","(115.436, 117.327]","(114.53, 116.407]","(113.374, 115.262]","(4385130.6, 4657496.55]"
2015-06-22,113.77,113.94,113.34,113.64,5763600,"(113.077, 114.962]","(113.545, 115.436]","(112.653, 114.53]","(113.374, 115.262]","(5746960.35, 6019326.3]"
2015-06-23,112.96,113.17,112.79,112.89,4522797,"(111.193, 113.077]","(111.655, 113.545]","(112.653, 114.53]","(111.486, 113.374]","(4385130.6, 4657496.55]"
2015-06-24,112.48,112.74,112.31,112.59,2975500,"(111.193, 113.077]","(111.655, 113.545]","(110.777, 112.653]","(111.486, 113.374]","(2750934.9, 3023300.85]"
2015-06-25,112.44,112.71,112.32,112.44,2904700,"(111.193, 113.077]","(111.655, 113.545]","(110.777, 112.653]","(111.486, 113.374]","(2750934.9, 3023300.85]"
2015-06-26,112.2,112.68,112.13,112.56,4392500,"(111.193, 113.077]","(111.655, 113.545]","(110.777, 112.653]","(111.486, 113.374]","(4385130.6, 4657496.55]"
2015-06-29,112.81,113.23,112.53,113.07,5820200,"(111.193, 113.077]","(111.655, 113.545]","(110.777, 112.653]","(111.486, 113.374]","(5746960.35, 6019326.3]"
2015-06-30,112.24,113.05,111.84,112.37,7897044,"(111.193, 113.077]","(111.655, 113.545]","(110.777, 112.653]","(111.486, 113.374]","(7653522.0, 7925887.95]"
2015-07-01,112.12,112.51,111.94,111.98,4409000,"(111.193, 113.077]","(111.655, 113.545]","(110.777, 112.653]","(111.486, 113.374]","(4385130.6, 4657496.55]"
2015-07-02,111.66,111.84,111.41,111.76,3838500,"(111.193, 113.077]","(111.655, 113.545]","(110.777, 112.653]","(111.486, 113.374]","(3568032.75, 3840398.7]"
2015-07-06,111.71,112.58,111.63,112.06,4259700,"(111.193, 113.077]","(111.655, 113.545]","(110.777, 112.653]","(111.486, 113.374]","(4112764.65, 4385130.6]"
2015-07-07,111.08,111.14,110.05,110.76,9073400,"(109.308, 111.193]","(109.764, 111.655]","(108.9, 110.777]","(109.598, 111.486]","(9015351.75, 9287717.7]"
2015-07-08,111.38,111.65,111.08,111.09,5694900,"(111.193, 113.077]","(109.764, 111.655]","(110.777, 112.653]","(109.598, 111.486]","(5474594.4, 5746960.35]"
2015-07-09,111.8,111.93,111.15,111.36,3802800,"(111.193, 113.077]","(111.655, 113.545]","(110.777, 112.653]","(109.598, 111.486]","(3568032.75, 3840398.7]"
2015-07-10,111.18,111.71,111.03,111.49,3594900,"(109.308, 111.193]","(111.655, 113.545]","(110.777, 112.653]","(111.486, 113.374]","(3568032.75, 3840398.7]"
2015-07-13,110.42,111.14,110.36,110.99,4279300,"(109.308, 111.193]","(109.764, 111.655]","(108.9, 110.777]","(109.598, 111.486]","(4112764.65, 4385130.6]"
2015-07-14,111.0,111.08,110.63,110.74,2600955,"(109.308, 111.193]","(109.764, 111.655]","(108.9, 110.777]","(109.598, 111.486]","(2478568.95, 2750934.9]"
2015-07-15,110.0,110.19,109.58,110.16,9283748,"(109.308, 111.193]","(109.764, 111.655]","(108.9, 110.777]","(109.598, 111.486]","(9015351.75, 9287717.7]"
2015-07-16,109.67,110.01,109.6,109.76,4629600,"(109.308, 111.193]","(109.764, 111.655]","(108.9, 110.777]","(109.598, 111.486]","(4385130.6, 4657496.55]"
2015-07-17,109.13,109.16,108.4,108.65,14858200,"(107.423, 109.308]","(107.873, 109.764]","(107.023, 108.9]","(107.709, 109.598]","(14735036.7, 15007402.65]"
2015-07-20,106.6,106.65,105.62,105.7,15751700,"(105.538, 107.423]","(105.982, 107.873]","(105.146, 107.023]","(103.933, 105.821]","(15552134.55, 15824500.5]"
2015-07-21,105.81,106.32,105.25,105.37,10519700,"(105.538, 107.423]","(105.982, 107.873]","(105.146, 107.023]","(103.933, 105.821]","(10377181.5, 10649547.45]"
2015-07-22,104.39,105.09,104.18,104.8,8349200,"(103.653, 105.538]","(104.091, 105.982]","(103.269, 105.146]","(103.933, 105.821]","(8198253.9, 8470619.85]"
2015-07-23,104.98,105.3,104.2,104.33,5779200,"(103.653, 105.538]","(104.091, 105.982]","(103.269, 105.146]","(103.933, 105.821]","(5746960.35, 6019326.3]"
2015-07-24,103.64,105.59,103.43,105.35,11572600,"(101.768, 103.653]","(104.091, 105.982]","(103.269, 105.146]","(103.933, 105.821]","(11466645.3, 11739011.25]"
2015-07-27,104.94,105.68,104.66,104.86,10690100,"(103.653, 105.538]","(104.091, 105.982]","(103.269, 105.146]","(103.933, 105.821]","(10649547.45, 10921913.4]"
2015-07-28,105.09,105.33,104.83,105.02,5549200,"(103.653, 105.538]","(104.091, 105.982]","(103.269, 105.146]","(103.933, 105.821]","(5474594.4, 5746960.35]"
2015-07-29,104.93,105.63,104.49,105.17,5616900,"(103.653, 105.538]","(104.091, 105.982]","(103.269, 105.146]","(103.933, 105.821]","(5474594.4, 5746960.35]"
2015-07-30,104.03,104.97,103.86,104.27,6651900,"(103.653, 105.538]","(104.091, 105.982]","(103.269, 105.146]","(103.933, 105.821]","(6564058.2, 6836424.15]"
2015-07-31,105.41,105.75,104.69,104.93,6689100,"(103.653, 105.538]","(104.091, 105.982]","(103.269, 105.146]","(103.933, 105.821]","(6564058.2, 6836424.15]"
2015-08-03,104.59,104.82,104.05,104.1,3526943,"(103.653, 105.538]","(104.091, 105.982]","(103.269, 105.146]","(103.933, 105.821]","(3295666.8, 3568032.75]"
2015-08-04,104.56,104.75,103.95,104.31,3241000,"(103.653, 105.538]","(104.091, 105.982]","(103.269, 105.146]","(103.933, 105.821]","(3023300.85, 3295666.8]"
2015-08-05,104.42,104.5,103.78,103.93,5041000,"(103.653, 105.538]","(104.091, 105.982]","(103.269, 105.146]","(102.045, 103.933]","(4929862.5, 5202228.45]"
2015-08-06,104.15,104.86,104.14,104.39,3907610,"(103.653, 105.538]","(104.091, 105.982]","(103.269, 105.146]","(103.933, 105.821]","(3840398.7, 4112764.65]"
2015-08-07,104.56,105.38,104.55,104.65,4400900,"(103.653, 105.538]","(104.091, 105.982]","(103.269, 105.146]","(103.933, 105.821]","(4385130.6, 4657496.55]"
2015-08-10,105.03,106.27,104.92,105.72,5892600,"(103.653, 105.538]","(105.982, 107.873]","(103.269, 105.146]","(103.933, 105.821]","(5746960.35, 6019326.3]"
2015-08-11,106.49,106.63,105.77,106.26,4060592,"(105.538, 107.423]","(105.982, 107.873]","(105.146, 107.023]","(105.821, 107.709]","(3840398.7, 4112764.65]"
2015-08-12,106.99,107.91,106.93,107.75,10022500,"(105.538, 107.423]","(107.873, 109.764]","(105.146, 107.023]","(107.709, 109.598]","(9832449.6, 10104815.55]"
2015-08-13,106.95,107.18,106.71,106.86,4761600,"(105.538, 107.423]","(105.982, 107.873]","(105.146, 107.023]","(105.821, 107.709]","(4657496.55, 4929862.5]"
2015-08-14,107.07,107.41,106.54,106.85,3509200,"(105.538, 107.423]","(105.982, 107.873]","(105.146, 107.023]","(105.821, 107.709]","(3295666.8, 3568032.75]"
2015-08-17,107.37,107.51,107.0,107.13,5769000,"(105.538, 107.423]","(105.982, 107.873]","(105.146, 107.023]","(105.821, 107.709]","(5746960.35, 6019326.3]"
2015-08-18,106.67,107.33,106.31,107.11,4121800,"(105.538, 107.423]","(105.982, 107.873]","(105.146, 107.023]","(105.821, 107.709]","(4112764.65, 4385130.6]"
2015-08-19,107.63,108.67,107.63,108.55,7035000,"(107.423, 109.308]","(107.873, 109.764]","(107.023, 108.9]","(107.709, 109.598]","(6836424.15, 7108790.1]"
2015-08-20,109.81,110.61,109.7,110.44,12549000,"(109.308, 111.193]","(109.764, 111.655]","(108.9, 110.777]","(109.598, 111.486]","(12283743.15, 12556109.1]"
2015-08-21,110.93,111.33,110.12,111.13,13917600,"(109.308, 111.193]","(109.764, 111.655]","(108.9, 110.777]","(109.598, 111.486]","(13645572.9, 13917938.85]"
2015-08-24,111.54,112.12,109.77,110.53,18387267,"(111.193, 113.077]","(111.655, 113.545]","(108.9, 110.777]","(109.598, 111.486]","(18275794.05, 18548160.0]"
2015-08-25,110.01,110.05,108.72,109.16,9974100,"(109.308, 111.193]","(109.764, 111.655]","(107.023, 108.9]","(107.709, 109.598]","(9832449.6, 10104815.55]"
2015-08-26,107.72,108.06,107.08,107.67,10856600,"(107.423, 109.308]","(107.873, 109.764]","(107.023, 108.9]","(105.821, 107.709]","(10649547.45, 10921913.4]"
2015-08-27,107.33,108.04,107.11,107.73,8102000,"(105.538, 107.423]","(107.873, 109.764]","(107.023, 108.9]","(107.709, 109.598]","(7925887.95, 8198253.9]"
2015-08-28,108.17,109.3,108.12,108.7,7558900,"(107.423, 109.308]","(107.873, 109.764]","(107.023, 108.9]","(107.709, 109.598]","(7381156.05, 7653522.0]"
2015-08-31,108.19,108.92,108.03,108.82,4532000,"(107.423, 109.308]","(107.873, 109.764]","(107.023, 108.9]","(107.709, 109.598]","(4385130.6, 4657496.55]"
2015-09-01,109.63,109.77,108.94,109.2,7077800,"(109.308, 111.193]","(109.764, 111.655]","(108.9, 110.777]","(107.709, 109.598]","(6836424.15, 7108790.1]"
2015-09-02,109.01,109.34,108.46,108.62,4115700,"(107.423, 109.308]","(107.873, 109.764]","(107.023, 108.9]","(107.709, 109.598]","(4112764.65, 4385130.6]"
2015-09-03,107.77,108.32,107.56,107.84,3913100,"(107.423, 109.308]","(107.873, 109.764]","(107.023, 108.9]","(107.709, 109.598]","(3840398.7, 4112764.65]"
2015-09-04,107.14,107.56,107.07,107.49,4025000,"(105.538, 107.423]","(105.982, 107.873]","(107.023, 108.9]","(105.821, 107.709]","(3840398.7, 4112764.65]"
2015-09-08,107.6,107.94,107.31,107.52,5982000,"(107.423, 109.308]","(107.873, 109.764]","(107.023, 108.9]","(105.821, 107.709]","(5746960.35, 6019326.3]"
2015-09-09,106.64,106.71,105.48,106.13,8855100,"(105.538, 107.423]","(105.982, 107.873]","(105.146, 107.023]","(105.821, 107.709]","(8742985.8, 9015351.75]"
2015-09-10,106.61,106.7,106.18,106.38,6203935,"(105.538, 107.423]","(105.982, 107.873]","(105.146, 107.023]","(105.821, 107.709]","(6019326.3, 6291692.25]"
2015-09-11,105.65,106.2,105.27,106.16,4023800,"(105.538, 107.423]","(105.982, 107.873]","(105.146, 107.023]","(105.821, 107.709]","(3840398.7, 4112764.65]"
2015-09-14,105.86,106.39,105.78,106.22,2350800,"(105.538, 107.423]","(105.982, 107.873]","(105.146, 107.023]","(105.821, 107.709]","(2184413.7229999998, 2478568.95]"
2015-09-15,105.83,106.06,105.68,105.9,2904900,"(105.538, 107.423]","(105.982, 107.873]","(105.146, 107.023]","(105.821, 107.709]","(2750934.9, 3023300.85]"
2015-09-16,106.6,107.71,106.56,107.31,5315600,"(105.538, 107.423]","(105.982, 107.873]","(105.146, 107.023]","(105.821, 107.709]","(5202228.45, 5474594.4]"
2015-09-17,107.07,108.58,106.96,108.41,8403850,"(105.538, 107.423]","(107.873, 109.764]","(105.146, 107.023]","(107.709, 109.598]","(8198253.9, 8470619.85]"
2015-09-18,109.1,109.38,108.82,109.21,6794200,"(107.423, 109.308]","(107.873, 109.764]","(107.023, 108.9]","(107.709, 109.598]","(6564058.2, 6836424.15]"
2015-09-21,108.49,108.66,108.33,108.53,4104700,"(107.423, 109.308]","(107.873, 109.764]","(107.023, 108.9]","(107.709, 109.598]","(3840398.7, 4112764.65]"
2015-09-22,107.58,107.96,107.44,107.79,5483200,"(107.423, 109.308]","(107.873, 109.764]","(107.023, 108.9]","(107.709, 109.598]","(5474594.4, 5746960.35]"
2015-09-23,108.54,108.64,108.2,108.22,2744177,"(107.423, 109.308]","(107.873, 109.764]","(107.023, 108.9]","(107.709, 109.598]","(2478568.95, 2750934.9]"
2015-09-24,109.67,110.82,109.63,110.49,11024120,"(109.308, 111.193]","(109.764, 111.655]","(108.9, 110.777]","(109.598, 111.486]","(10921913.4, 11194279.35]"
2015-09-25,109.87,110.03,109.55,109.81,5209400,"(109.308, 111.193]","(109.764, 111.655]","(108.9, 110.777]","(109.598, 111.486]","(5202228.45, 5474594.4]"
2015-09-28,108.37,108.91,108.27,108.42,3809622,"(107.423, 109.308]","(107.873, 109.764]","(107.023, 108.9]","(107.709, 109.598]","(3568032.75, 3840398.7]"
2015-09-29,108.24,108.69,107.88,107.98,4043500,"(107.423, 109.308]","(107.873, 109.764]","(107.023, 108.9]","(107.709, 109.598]","(3840398.7, 4112764.65]"
2015-09-30,106.78,107.08,106.47,106.86,7405500,"(105.538, 107.423]","(105.982, 107.873]","(105.146, 107.023]","(105.821, 107.709]","(7381156.05, 7653522.0]"
2015-10-01,106.98,107.21,106.63,106.73,4278500,"(105.538, 107.423]","(105.982, 107.873]","(105.146, 107.023]","(105.821, 107.709]","(4112764.65, 4385130.6]"
2015-10-02,108.54,109.32,108.54,108.99,7730600,"(107.423, 109.308]","(107.873, 109.764]","(107.023, 108.9]","(107.709, 109.598]","(7653522.0, 7925887.95]"
2015-10-05,109.14,109.38,108.46,108.77,5490027,"(107.423, 109.308]","(107.873, 109.764]","(107.023, 108.9]","(107.709, 109.598]","(5474594.4, 5746960.35]"
2015-10-06,109.8,110.26,109.63,109.86,7513800,"(109.308, 111.193]","(109.764, 111.655]","(108.9, 110.777]","(109.598, 111.486]","(7381156.05, 7653522.0]"
2015-10-07,109.75,110.14,109.34,109.7,5355489,"(109.308, 111.193]","(109.764, 111.655]","(108.9, 110.777]","(109.598, 111.486]","(5202228.45, 5474594.4]"
2015-10-08,109.16,110.27,109.06,109.14,5038100,"(107.423, 109.308]","(109.764, 111.655]","(108.9, 110.777]","(107.709, 109.598]","(4929862.5, 5202228.45]"
2015-10-09,110.54,111.05,110.23,110.87,7905200,"(109.308, 111.193]","(109.764, 111.655]","(108.9, 110.777]","(109.598, 111.486]","(7653522.0, 7925887.95]"
2015-10-12,111.67,111.73,111.01,111.31,6257595,"(111.193, 113.077]","(111.655, 113.545]","(110.777, 112.653]","(109.598, 111.486]","(6019326.3, 6291692.25]"
2015-10-13,111.37,111.87,111.28,111.86,5149600,"(111.193, 113.077]","(111.655, 113.545]","(110.777, 112.653]","(111.486, 113.374]","(4929862.5, 5202228.45]"
2015-10-14,112.63,113.95,112.3,113.81,10207700,"(111.193, 113.077]","(113.545, 115.436]","(110.777, 112.653]","(113.374, 115.262]","(10104815.55, 10377181.5]"
2015-10-15,113.2,113.99,112.94,113.29,14083900,"(113.077, 114.962]","(113.545, 115.436]","(112.653, 114.53]","(111.486, 113.374]","(13917938.85, 14190304.8]"
2015-10-16,113.24,113.44,112.43,112.49,7328000,"(113.077, 114.962]","(111.655, 113.545]","(110.777, 112.653]","(111.486, 113.374]","(7108790.1, 7381156.05]"
2015-10-19,112.64,112.69,111.89,112.02,3959383,"(111.193, 113.077]","(111.655, 113.545]","(110.777, 112.653]","(111.486, 113.374]","(3840398.7, 4112764.65]"
2015-10-20,112.38,113.09,112.38,112.73,4903200,"(111.193, 113.077]","(111.655, 113.545]","(110.777, 112.653]","(111.486, 113.374]","(4657496.55, 4929862.5]"
2015-10-21,112.37,112.37,111.41,111.73,3908700,"(111.193, 113.077]","(111.655, 113.545]","(110.777, 112.653]","(111.486, 113.374]","(3840398.7, 4112764.65]"
2015-10-22,111.52,112.21,111.43,111.69,3436300,"(111.193, 113.077]","(111.655, 113.545]","(110.777, 112.653]","(111.486, 113.374]","(3295666.8, 3568032.75]"
2015-10-23,111.81,111.84,110.96,111.5,4868300,"(111.193, 113.077]","(111.655, 113.545]","(110.777, 112.653]","(111.486, 113.374]","(4657496.55, 4929862.5]"
2015-10-26,111.73,111.98,111.33,111.43,2573500,"(111.193, 113.077]","(111.655, 113.545]","(110.777, 112.653]","(109.598, 111.486]","(2478568.95, 2750934.9]"
2015-10-27,111.31,111.81,111.29,111.68,2646100,"(111.193, 113.077]","(111.655, 113.545]","(110.777, 112.653]","(111.486, 113.374]","(2478568.95, 2750934.9]"
2015-10-28,112.68,113.25,110.31,110.78,8201200,"(111.193, 113.077]","(111.655, 113.545]","(108.9, 110.777]","(109.598, 111.486]","(8198253.9, 8470619.85]"
2015-10-29,110.23,110.6,109.66,109.72,5150800,"(109.308, 111.193]","(109.764, 111.655]","(108.9, 110.777]","(109.598, 111.486]","(4929862.5, 5202228.45]"
2015-10-30,109.5,109.58,109.06,109.3,5543100,"(109.308, 111.193]","(107.873, 109.764]","(108.9, 110.777]","(107.709, 109.598]","(5474594.4, 5746960.35]"
2015-11-02,108.64,108.84,108.46,108.59,5843302,"(107.423, 109.308]","(107.873, 109.764]","(107.023, 108.9]","(107.709, 109.598]","(5746960.35, 6019326.3]"
2015-11-03,107.79,107.81,106.68,106.98,7145266,"(107.423, 109.308]","(105.982, 107.873]","(105.146, 107.023]","(105.821, 107.709]","(7108790.1, 7381156.05]"
2015-11-04,107.02,107.09,105.92,105.97,7614723,"(105.538, 107.423]","(105.982, 107.873]","(105.146, 107.023]","(105.821, 107.709]","(7381156.05, 7653522.0]"
2015-11-05,106.01,106.1,105.58,105.64,5931100,"(105.538, 107.423]","(105.982, 107.873]","(105.146, 107.023]","(103.933, 105.821]","(5746960.35, 6019326.3]"
2015-11-06,104.17,104.42,104.02,104.1,8831800,"(103.653, 105.538]","(104.091, 105.982]","(103.269, 105.146]","(103.933, 105.821]","(8742985.8, 9015351.75]"
2015-11-09,104.29,104.58,104.19,104.4,4129199,"(103.653, 105.538]","(104.091, 105.982]","(103.269, 105.146]","(103.933, 105.821]","(4112764.65, 4385130.6]"
2015-11-10,104.09,104.65,103.87,104.18,4450700,"(103.653, 105.538]","(104.091, 105.982]","(103.269, 105.146]","(103.933, 105.821]","(4385130.6, 4657496.55]"
2015-11-11,104.09,104.23,103.78,103.83,3527500,"(103.653, 105.538]","(104.091, 105.982]","(103.269, 105.146]","(102.045, 103.933]","(3295666.8, 3568032.75]"
2015-11-12,103.09,104.32,103.04,103.85,6300500,"(101.768, 103.653]","(104.091, 105.982]","(101.392, 103.269]","(102.045, 103.933]","(6291692.25, 6564058.2]"
2015-11-13,103.54,103.74,103.45,103.56,3224200,"(101.768, 103.653]","(102.2, 104.091]","(103.269, 105.146]","(102.045, 103.933]","(3023300.85, 3295666.8]"
2015-11-16,103.98,104.03,103.52,103.71,2951200,"(103.653, 105.538]","(102.2, 104.091]","(103.269, 105.146]","(102.045, 103.933]","(2750934.9, 3023300.85]"
2015-11-17,103.38,103.4,101.98,102.34,8593000,"(101.768, 103.653]","(102.2, 104.091]","(101.392, 103.269]","(102.045, 103.933]","(8470619.85, 8742985.8]"
2015-11-18,102.39,102.95,102.04,102.43,5043700,"(101.768, 103.653]","(102.2, 104.091]","(101.392, 103.269]","(102.045, 103.933]","(4929862.5, 5202228.45]"
2015-11-19,103.07,104.09,103.07,103.56,5087600,"(101.768, 103.653]","(102.2, 104.091]","(101.392, 103.269]","(102.045, 103.933]","(4929862.5, 5202228.45]"
2015-11-20,103.58,103.66,102.97,103.09,5971600,"(101.768, 103.653]","(102.2, 104.091]","(101.392, 103.269]","(102.045, 103.933]","(5746960.35, 6019326.3]"
2015-11-23,102.48,102.75,102.16,102.26,4042400,"(101.768, 103.653]","(102.2, 104.091]","(101.392, 103.269]","(102.045, 103.933]","(3840398.7, 4112764.65]"
2015-11-24,103.12,103.25,102.69,102.94,3479300,"(101.768, 103.653]","(102.2, 104.091]","(101.392, 103.269]","(102.045, 103.933]","(3295666.8, 3568032.75]"
2015-11-25,102.47,102.69,102.21,102.46,2931200,"(101.768, 103.653]","(102.2, 104.091]","(101.392, 103.269]","(102.045, 103.933]","(2750934.9, 3023300.85]"
2015-11-27,101.01,101.62,100.99,101.25,4993500,"(99.883, 101.768]","(100.309, 102.2]","(99.515, 101.392]","(100.156, 102.045]","(4929862.5, 5202228.45]"
2015-11-30,101.53,102.38,101.52,101.92,6772900,"(99.883, 101.768]","(102.2, 104.091]","(101.392, 103.269]","(100.156, 102.045]","(6564058.2, 6836424.15]"
2015-12-01,102.3,102.43,101.81,102.28,4645857,"(101.768, 103.653]","(102.2, 104.091]","(101.392, 103.269]","(102.045, 103.933]","(4385130.6, 4657496.55]"
2015-12-02,101.35,101.35,100.53,100.69,10221071,"(99.883, 101.768]","(100.309, 102.2]","(99.515, 101.392]","(100.156, 102.045]","(10104815.55, 10377181.5]"
2015-12-03,101.23,101.97,100.85,101.76,6499865,"(99.883, 101.768]","(100.309, 102.2]","(99.515, 101.392]","(100.156, 102.045]","(6291692.25, 6564058.2]"
2015-12-04,102.74,104.21,102.65,104.02,10670200,"(101.768, 103.653]","(104.091, 105.982]","(101.392, 103.269]","(103.933, 105.821]","(10649547.45, 10921913.4]"
2015-12-07,103.32,103.37,102.5,102.67,4393400,"(101.768, 103.653]","(102.2, 104.091]","(101.392, 103.269]","(102.045, 103.933]","(4385130.6, 4657496.55]"
2015-12-08,103.13,103.26,102.53,102.84,3412232,"(101.768, 103.653]","(102.2, 104.091]","(101.392, 103.269]","(102.045, 103.933]","(3295666.8, 3568032.75]"
2015-12-09,103.63,103.66,102.32,102.64,6026200,"(101.768, 103.653]","(102.2, 104.091]","(101.392, 103.269]","(102.045, 103.933]","(6019326.3, 6291692.25]"
2015-12-10,102.51,102.83,102.34,102.55,3853500,"(101.768, 103.653]","(102.2, 104.091]","(101.392, 103.269]","(102.045, 103.933]","(3840398.7, 4112764.65]"
2015-12-11,101.91,103.32,101.85,103.11,6798400,"(101.768, 103.653]","(102.2, 104.091]","(101.392, 103.269]","(102.045, 103.933]","(6564058.2, 6836424.15]"
2015-12-14,102.58,102.72,101.74,101.79,5562583,"(101.768, 103.653]","(102.2, 104.091]","(101.392, 103.269]","(100.156, 102.045]","(5474594.4, 5746960.35]"
2015-12-15,101.71,102.06,101.41,101.52,6831000,"(99.883, 101.768]","(100.309, 102.2]","(101.392, 103.269]","(100.156, 102.045]","(6564058.2, 6836424.15]"
2015-12-16,102.59,103.2,101.66,102.75,8292100,"(101.768, 103.653]","(102.2, 104.091]","(101.392, 103.269]","(102.045, 103.933]","(8198253.9, 8470619.85]"
2015-12-17,100.92,100.99,100.23,100.5,10156200,"(99.883, 101.768]","(100.309, 102.2]","(99.515, 101.392]","(100.156, 102.045]","(10104815.55, 10377181.5]"
2015-12-18,101.35,102.53,101.3,102.04,8345800,"(99.883, 101.768]","(102.2, 104.091]","(99.515, 101.392]","(100.156, 102.045]","(8198253.9, 8470619.85]"
2015-12-21,102.95,103.52,102.83,103.15,6378800,"(101.768, 103.653]","(102.2, 104.091]","(101.392, 103.269]","(102.045, 103.933]","(6291692.25, 6564058.2]"
2015-12-22,103.09,103.2,102.56,102.61,4123512,"(101.768, 103.653]","(102.2, 104.091]","(101.392, 103.269]","(102.045, 103.933]","(4112764.65, 4385130.6]"
2015-12-23,102.4,102.59,102.21,102.31,2821300,"(101.768, 103.653]","(102.2, 104.091]","(101.392, 103.269]","(102.045, 103.933]","(2750934.9, 3023300.85]"
2015-12-28,102.48,102.6,102.03,102.27,3356133,"(101.768, 103.653]","(102.2, 104.091]","(101.392, 103.269]","(102.045, 103.933]","(3295666.8, 3568032.75]"
2015-12-29,102.52,102.58,102.11,102.2,2832238,"(101.768, 103.653]","(102.2, 104.091]","(101.392, 103.269]","(102.045, 103.933]","(2750934.9, 3023300.85]"
2015-12-30,101.47,101.6,101.345,101.42,3744445,"(99.883, 101.768]","(100.309, 102.2]","(99.515, 101.392]","(100.156, 102.045]","(3568032.75, 3840398.7]"
2015-12-31,101.48,101.72,101.31,101.46,3823376,"(99.883, 101.768]","(100.309, 102.2]","(99.515, 101.392]","(100.156, 102.045]","(3568032.75, 3840398.7]"
2016-01-04,103.13,103.67,102.485,102.89,6439673,"(101.768, 103.653]","(102.2, 104.091]","(101.392, 103.269]","(102.045, 103.933]","(6291692.25, 6564058.2]"
2016-01-05,103.13,103.46,102.93,103.18,3500272,"(101.768, 103.653]","(102.2, 104.091]","(101.392, 103.269]","(102.045, 103.933]","(3295666.8, 3568032.75]"
2016-01-06,104.37,104.8,103.93,104.67,9313051,"(103.653, 105.538]","(104.091, 105.982]","(103.269, 105.146]","(103.933, 105.821]","(9287717.7, 9560083.65]"
2016-01-07,105.83,106.237,105.19,106.15,11719552,"(105.538, 107.423]","(105.982, 107.873]","(105.146, 107.023]","(105.821, 107.709]","(11466645.3, 11739011.25]"
2016-01-08,105.48,105.8,105.04,105.68,7668505,"(103.653, 105.538]","(104.091, 105.982]","(103.269, 105.146]","(103.933, 105.821]","(7653522.0, 7925887.95]"
2016-01-11,105.47,105.566,104.71,104.74,6272359,"(103.653, 105.538]","(104.091, 105.982]","(103.269, 105.146]","(103.933, 105.821]","(6019326.3, 6291692.25]"
2016-01-12,104.09,104.59,103.65,104.21,5538109,"(103.653, 105.538]","(104.091, 105.982]","(103.269, 105.146]","(103.933, 105.821]","(5474594.4, 5746960.35]"
2016-01-13,103.89,104.82,103.78,104.72,7323082,"(103.653, 105.538]","(104.091, 105.982]","(103.269, 105.146]","(103.933, 105.821]","(7108790.1, 7381156.05]"
2016-01-14,103.75,104.18,102.499,103.02,9988950,"(103.653, 105.538]","(104.091, 105.982]","(101.392, 103.269]","(102.045, 103.933]","(9832449.6, 10104815.55]"
2016-01-15,104.92,104.96,103.965,104.09,10052154,"(103.653, 105.538]","(104.091, 105.982]","(103.269, 105.146]","(103.933, 105.821]","(9832449.6, 10104815.55]"
2016-01-19,104.06,104.45,103.65,103.98,4588400,"(103.653, 105.538]","(104.091, 105.982]","(103.269, 105.146]","(103.933, 105.821]","(4385130.6, 4657496.55]"
2016-01-20,105.17,106.16,104.94,105.37,10117881,"(103.653, 105.538]","(105.982, 107.873]","(103.269, 105.146]","(103.933, 105.821]","(10104815.55, 10377181.5]"
2016-01-21,104.99,105.49,104.515,105.49,5424270,"(103.653, 105.538]","(104.091, 105.982]","(103.269, 105.146]","(103.933, 105.821]","(5202228.45, 5474594.4]"
2016-01-22,104.93,105.51,104.76,105.0,4185044,"(103.653, 105.538]","(104.091, 105.982]","(103.269, 105.146]","(103.933, 105.821]","(4112764.65, 4385130.6]"
2016-01-25,105.76,106.09,105.6,106.08,6814106,"(105.538, 107.423]","(105.982, 107.873]","(105.146, 107.023]","(105.821, 107.709]","(6564058.2, 6836424.15]"
2016-01-26,106.32,107.43,106.255,107.29,8441167,"(105.538, 107.423]","(105.982, 107.873]","(105.146, 107.023]","(105.821, 107.709]","(8198253.9, 8470619.85]"
2016-01-27,106.86,107.93,106.65,107.69,8271115,"(105.538, 107.423]","(107.873, 109.764]","(105.146, 107.023]","(105.821, 107.709]","(8198253.9, 8470619.85]"
2016-01-28,106.55,106.86,106.48,106.54,5913512,"(105.538, 107.423]","(105.982, 107.873]","(105.146, 107.023]","(105.821, 107.709]","(5746960.35, 6019326.3]"
2016-01-29,106.61,107.0,106.26,106.949,8098622,"(105.538, 107.423]","(105.982, 107.873]","(105.146, 107.023]","(105.821, 107.709]","(7925887.95, 8198253.9]"
2016-02-01,107.54,108.15,107.53,108.05,10471237,"(107.423, 109.308]","(107.873, 109.764]","(107.023, 108.9]","(107.709, 109.598]","(10377181.5, 10649547.45]"
2016-02-02,107.92,108.18,107.35,108.09,6654183,"(107.423, 109.308]","(107.873, 109.764]","(107.023, 108.9]","(107.709, 109.598]","(6564058.2, 6836424.15]"
2016-02-03,107.91,109.58,107.9,109.25,15783138,"(107.423, 109.308]","(107.873, 109.764]","(107.023, 108.9]","(107.709, 109.598]","(15552134.55, 15824500.5]"
2016-02-04,110.45,110.7,109.92,110.57,13208481,"(109.308, 111.193]","(109.764, 111.655]","(108.9, 110.777]","(109.598, 111.486]","(13100841.0, 13373206.95]"
2016-02-05,109.79,112.35,109.58,112.32,14769720,"(109.308, 111.193]","(111.655, 113.545]","(108.9, 110.777]","(111.486, 113.374]","(14735036.7, 15007402.65]"
2016-02-09,114.43,114.69,113.55,113.58,18154408,"(113.077, 114.962]","(113.545, 115.436]","(112.653, 114.53]","(113.374, 115.262]","(18003428.1, 18275794.05]"
2016-02-10,113.92,114.52,112.98,114.46,13277696,"(113.077, 114.962]","(113.545, 115.436]","(112.653, 114.53]","(113.374, 115.262]","(13100841.0, 13373206.95]"
2016-02-12,118.12,118.74,117.88,118.36,16975771,"(116.847, 118.732]","(117.327, 119.218]","(116.407, 118.284]","(117.151, 119.039]","(16913964.3, 17186330.25]"
2016-02-16,116.0,116.31,114.74,114.77,14588338,"(114.962, 116.847]","(115.436, 117.327]","(114.53, 116.407]","(113.374, 115.262]","(14462670.75, 14735036.7]"
2016-02-17,115.47,116.07,114.89,115.48,10578598,"(114.962, 116.847]","(115.436, 117.327]","(114.53, 116.407]","(115.262, 117.151]","(10377181.5, 10649547.45]"
2016-02-18,115.3,118.595,115.29,118.29,13580305,"(114.962, 116.847]","(117.327, 119.218]","(114.53, 116.407]","(117.151, 119.039]","(13373206.95, 13645572.9]"
2016-02-19,117.26,117.965,117.1,117.58,15191828,"(116.847, 118.732]","(117.327, 119.218]","(116.407, 118.284]","(117.151, 119.039]","(15007402.65, 15279768.6]"
2016-02-22,115.44,116.19,115.41,115.49,10675747,"(114.962, 116.847]","(115.436, 117.327]","(114.53, 116.407]","(115.262, 117.151]","(10649547.45, 10921913.4]"
2016-02-23,116.68,117.42,116.52,117.22,9020566,"(114.962, 116.847]","(117.327, 119.218]","(116.407, 118.284]","(117.151, 119.039]","(9015351.75, 9287717.7]"
2016-02-24,119.0,119.86,117.35,117.61,17933653,"(118.732, 120.617]","(119.218, 121.109]","(116.407, 118.284]","(117.151, 119.039]","(17731062.15, 18003428.1]"
2016-02-25,117.62,118.91,117.54,117.92,12493542,"(116.847, 118.732]","(117.327, 119.218]","(116.407, 118.284]","(117.151, 119.039]","(12283743.15, 12556109.1]"
2016-02-26,117.43,117.72,115.864,117.11,12499376,"(116.847, 118.732]","(117.327, 119.218]","(114.53, 116.407]","(115.262, 117.151]","(12283743.15, 12556109.1]"
2016-02-29,117.59,118.7,117.53,118.64,11514773,"(116.847, 118.732]","(117.327, 119.218]","(116.407, 118.284]","(117.151, 119.039]","(11466645.3, 11739011.25]"
2016-03-01,118.74,119.11,117.34,117.77,14131031,"(118.732, 120.617]","(117.327, 119.218]","(116.407, 118.284]","(117.151, 119.039]","(13917938.85, 14190304.8]"
2016-03-02,118.34,118.97,118.07,118.68,8889466,"(116.847, 118.732]","(117.327, 119.218]","(116.407, 118.284]","(117.151, 119.039]","(8742985.8, 9015351.75]"
2016-03-03,118.86,121.3,118.81,120.73,18709074,"(118.732, 120.617]","(121.109, 123.0]","(118.284, 120.161]","(119.039, 120.927]","(18548160.0, 18820525.95]"
2016-03-04,121.13,122.37,120.22,120.54,16256809,"(120.617, 122.502]","(121.109, 123.0]","(120.161, 122.038]","(119.039, 120.927]","(16096866.45, 16369232.4]"
2016-03-07,121.18,121.58,120.41,121.14,9347716,"(120.617, 122.502]","(121.109, 123.0]","(120.161, 122.038]","(120.927, 122.815]","(9287717.7, 9560083.65]"
2016-03-08,121.79,121.88,120.47,120.58,11523636,"(120.617, 122.502]","(121.109, 123.0]","(120.161, 122.038]","(119.039, 120.927]","(11466645.3, 11739011.25]"
2016-03-09,119.2,120.39,118.84,119.58,8669178,"(118.732, 120.617]","(119.218, 121.109]","(118.284, 120.161]","(119.039, 120.927]","(8470619.85, 8742985.8]"
2016-03-10,120.5,121.76,120.42,121.5,18104896,"(118.732, 120.617]","(121.109, 123.0]","(120.161, 122.038]","(120.927, 122.815]","(18003428.1, 18275794.05]"
2016-03-11,121.19,121.385,119.36,119.41,10808339,"(120.617, 122.502]","(121.109, 123.0]","(118.284, 120.161]","(119.039, 120.927]","(10649547.45, 10921913.4]"
2016-03-14,120.27,120.31,117.5,117.87,14231377,"(118.732, 120.617]","(119.218, 121.109]","(116.407, 118.284]","(117.151, 119.039]","(14190304.8, 14462670.75]"
2016-03-15,117.78,118.04,117.36,117.96,9941776,"(116.847, 118.732]","(117.327, 119.218]","(116.407, 118.284]","(117.151, 119.039]","(9832449.6, 10104815.55]"
2016-03-16,117.42,120.76,117.34,120.59,17321652,"(116.847, 118.732]","(119.218, 121.109]","(116.407, 118.284]","(119.039, 120.927]","(17186330.25, 17458696.2]"
2016-03-17,121.16,121.18,120.03,120.13,9912732,"(120.617, 122.502]","(121.109, 123.0]","(118.284, 120.161]","(119.039, 120.927]","(9832449.6, 10104815.55]"
2016-03-18,119.59,120.34,119.51,119.8,16965602,"(118.732, 120.617]","(119.218, 121.109]","(118.284, 120.161]","(119.039, 120.927]","(16913964.3, 17186330.25]"
2016-03-21,119.0,119.33,118.73,118.96,7239410,"(118.732, 120.617]","(119.218, 121.109]","(118.284, 120.161]","(117.151, 119.039]","(7108790.1, 7381156.05]"
2016-03-22,119.73,120.16,118.96,119.31,6786417,"(118.732, 120.617]","(119.218, 121.109]","(118.284, 120.161]","(119.039, 120.927]","(6564058.2, 6836424.15]"
2016-03-23,116.74,117.12,116.16,116.61,15991442,"(114.962, 116.847]","(115.436, 117.327]","(114.53, 116.407]","(115.262, 117.151]","(15824500.5, 16096866.45]"
2016-03-24,116.77,116.94,116.3,116.33,6280027,"(114.962, 116.847]","(115.436, 117.327]","(114.53, 116.407]","(115.262, 117.151]","(6019326.3, 6291692.25]"
2016-03-28,116.73,116.91,116.27,116.6,3876070,"(114.962, 116.847]","(115.436, 117.327]","(114.53, 116.407]","(115.262, 117.151]","(3840398.7, 4112764.65]"
2016-03-29,117.36,118.81,116.8,118.76,14464282,"(116.847, 118.732]","(117.327, 119.218]","(116.407, 118.284]","(117.151, 119.039]","(14462670.75, 14735036.7]"
2016-03-30,117.88,118.2,116.91,117.1,10756183,"(116.847, 118.732]","(117.327, 119.218]","(116.407, 118.284]","(115.262, 117.151]","(10649547.45, 10921913.4]"
2016-03-31,118.161,118.39,117.6,117.64,9338428,"(116.847, 118.732]","(117.327, 119.218]","(116.407, 118.284]","(117.151, 119.039]","(9287717.7, 9560083.65]"
2016-04-01,116.08,116.98,115.55,116.93,10397616,"(114.962, 116.847]","(115.436, 117.327]","(114.53, 116.407]","(115.262, 117.151]","(10377181.5, 10649547.45]"
2016-04-04,116.67,116.73,116.07,116.15,7637855,"(114.962, 116.847]","(115.436, 117.327]","(114.53, 116.407]","(115.262, 117.151]","(7381156.05, 7653522.0]"
2016-04-05,117.76,117.93,117.15,117.66,8857909,"(116.847, 118.732]","(117.327, 119.218]","(116.407, 118.284]","(117.151, 119.039]","(8742985.8, 9015351.75]"
2016-04-06,116.7,117.385,116.26,116.94,7548780,"(114.962, 116.847]","(117.327, 119.218]","(114.53, 116.407]","(115.262, 117.151]","(7381156.05, 7653522.0]"
2016-04-07,118.65,118.85,115.0,118.61,11897125,"(116.847, 118.732]","(117.327, 119.218]","(114.53, 116.407]","(117.151, 119.039]","(11739011.25, 12011377.2]"
2016-04-08,118.07,118.77,117.98,118.43,9077678,"(116.847, 118.732]","(117.327, 119.218]","(116.407, 118.284]","(117.151, 119.039]","(9015351.75, 9287717.7]"
2016-04-11,119.47,120.3,119.42,120.03,9830884,"(118.732, 120.617]","(119.218, 121.109]","(118.284, 120.161]","(119.039, 120.927]","(9560083.65, 9832449.6]"
2016-04-12,120.23,120.345,119.55,120.05,9685272,"(118.732, 120.617]","(119.218, 121.109]","(118.284, 120.161]","(119.039, 120.927]","(9560083.65, 9832449.6]"
2016-04-13,119.37,119.43,118.56,118.77,8832369,"(118.732, 120.617]","(119.218, 121.109]","(118.284, 120.161]","(117.151, 119.039]","(8742985.8, 9015351.75]"
2016-04-14,118.09,118.187,116.95,117.11,13156088,"(116.847, 118.732]","(117.327, 119.218]","(116.407, 118.284]","(115.262, 117.151]","(13100841.0, 13373206.95]"
2016-04-15,117.33,118.12,117.19,117.92,7831564,"(116.847, 118.732]","(117.327, 119.218]","(116.407, 118.284]","(117.151, 119.039]","(7653522.0, 7925887.95]"
2016-04-18,118.53,118.56,117.63,117.74,5799600,"(116.847, 118.732]","(117.327, 119.218]","(116.407, 118.284]","(117.151, 119.039]","(5746960.35, 6019326.3]"
2016-04-19,119.87,120.09,119.37,119.58,21022305,"(118.732, 120.617]","(119.218, 121.109]","(118.284, 120.161]","(119.039, 120.927]","(20999453.55, 21271819.5]"
2016-04-20,119.67,120.08,118.721,118.97,10229041,"(118.732, 120.617]","(119.218, 121.109]","(118.284, 120.161]","(117.151, 119.039]","(10104815.55, 10377181.5]"
2016-04-21,120.42,120.55,119.13,119.42,14600559,"(118.732, 120.617]","(119.218, 121.109]","(118.284, 120.161]","(119.039, 120.927]","(14462670.75, 14735036.7]"
2016-04-22,118.71,119.02,117.28,117.89,10044012,"(116.847, 118.732]","(117.327, 119.218]","(116.407, 118.284]","(117.151, 119.039]","(9832449.6, 10104815.55]"
2016-04-25,118.14,118.712,118.11,118.23,4366144,"(116.847, 118.732]","(117.327, 119.218]","(116.407, 118.284]","(117.151, 119.039]","(4112764.65, 4385130.6]"
2016-04-26,118.79,118.89,118.45,118.72,9903979,"(118.732, 120.617]","(117.327, 119.218]","(118.284, 120.161]","(117.151, 119.039]","(9832449.6, 10104815.55]"
2016-04-27,118.97,119.7,118.43,119.01,7967623,"(118.732, 120.617]","(119.218, 121.109]","(118.284, 120.161]","(117.151, 119.039]","(7925887.95, 8198253.9]"
2016-04-28,119.92,121.42,119.73,121.29,15125008,"(118.732, 120.617]","(121.109, 123.0]","(118.284, 120.161]","(120.927, 122.815]","(15007402.65, 15279768.6]"
2016-04-29,122.43,123.93,122.34,123.65,19034743,"(120.617, 122.502]","(123.0, 124.891]","(122.038, 123.915]","(122.815, 124.704]","(18820525.95, 19092891.9]"
2016-05-02,123.78,123.96,123.045,123.22,12132901,"(122.502, 124.387]","(123.0, 124.891]","(122.038, 123.915]","(122.815, 124.704]","(12011377.2, 12283743.15]"
2016-05-03,123.73,123.82,122.51,122.96,9062136,"(122.502, 124.387]","(123.0, 124.891]","(122.038, 123.915]","(122.815, 124.704]","(9015351.75, 9287717.7]"
2016-05-04,122.85,123.23,121.51,122.21,9379892,"(122.502, 124.387]","(123.0, 124.891]","(120.161, 122.038]","(120.927, 122.815]","(9287717.7, 9560083.65]"
2016-05-05,122.63,122.733,121.25,122.07,8834627,"(122.502, 124.387]","(121.109, 123.0]","(120.161, 122.038]","(120.927, 122.815]","(8742985.8, 9015351.75]"
2016-05-06,122.83,123.805,122.588,123.18,11365923,"(122.502, 124.387]","(123.0, 124.891]","(122.038, 123.915]","(122.815, 124.704]","(11194279.35, 11466645.3]"
2016-05-09,121.2,121.285,120.59,120.65,9223248,"(120.617, 122.502]","(121.109, 123.0]","(120.161, 122.038]","(119.039, 120.927]","(9015351.75, 9287717.7]"
2016-05-10,120.74,121.38,120.08,120.98,9841981,"(120.617, 122.502]","(121.109, 123.0]","(118.284, 120.161]","(120.927, 122.815]","(9832449.6, 10104815.55]"
2016-05-11,121.85,122.16,121.38,122.12,7576728,"(120.617, 122.502]","(121.109, 123.0]","(120.161, 122.038]","(120.927, 122.815]","(7381156.05, 7653522.0]"
2016-05-12,122.02,122.39,121.0,121.16,7441897,"(120.617, 122.502]","(121.109, 123.0]","(120.161, 122.038]","(120.927, 122.815]","(7381156.05, 7653522.0]"
2016-05-13,121.09,121.86,120.66,121.71,7667955,"(120.617, 122.502]","(121.109, 123.0]","(120.161, 122.038]","(120.927, 122.815]","(7653522.0, 7925887.95]"
2016-05-16,122.93,122.97,121.38,121.8,7092963,"(122.502, 124.387]","(121.109, 123.0]","(120.161, 122.038]","(120.927, 122.815]","(6836424.15, 7108790.1]"
2016-05-17,121.58,122.52,121.48,122.24,8601519,"(120.617, 122.502]","(121.109, 123.0]","(120.161, 122.038]","(120.927, 122.815]","(8470619.85, 8742985.8]"
2016-05-18,121.22,121.92,119.88,120.1,13375419,"(120.617, 122.502]","(121.109, 123.0]","(118.284, 120.161]","(119.039, 120.927]","(13373206.95, 13645572.9]"
2016-05-19,119.0,119.975,118.92,119.87,13914077,"(118.732, 120.617]","(119.218, 121.109]","(118.284, 120.161]","(119.039, 120.927]","(13645572.9, 13917938.85]"
2016-05-20,120.19,120.32,119.31,119.71,10372708,"(118.732, 120.617]","(119.218, 121.109]","(118.284, 120.161]","(119.039, 120.927]","(10104815.55, 10377181.5]"
2016-05-23,118.86,119.6,118.75,119.37,8618145,"(118.732, 120.617]","(119.218, 121.109]","(118.284, 120.161]","(119.039, 120.927]","(8470619.85, 8742985.8]"
2016-05-24,118.17,118.23,117.25,117.3,12758594,"(116.847, 118.732]","(117.327, 119.218]","(116.407, 118.284]","(117.151, 119.039]","(12556109.1, 12828475.05]"
2016-05-25,116.59,117.06,116.32,116.98,10493596,"(114.962, 116.847]","(115.436, 117.327]","(114.53, 116.407]","(115.262, 117.151]","(10377181.5, 10649547.45]"
2016-05-26,117.57,117.63,116.39,116.58,5886269,"(116.847, 118.732]","(117.327, 119.218]","(114.53, 116.407]","(115.262, 117.151]","(5746960.35, 6019326.3]"
2016-05-27,116.27,116.36,115.29,115.63,8685937,"(114.962, 116.847]","(115.436, 117.327]","(114.53, 116.407]","(115.262, 117.151]","(8470619.85, 8742985.8]"
2016-05-31,115.76,116.4,115.5,116.06,8180687,"(114.962, 116.847]","(115.436, 117.327]","(114.53, 116.407]","(115.262, 117.151]","(7925887.95, 8198253.9]"
2016-06-01,115.97,116.135,115.2,115.94,8391609,"(114.962, 116.847]","(115.436, 117.327]","(114.53, 116.407]","(115.262, 117.151]","(8198253.9, 8470619.85]"
2016-06-02,115.78,115.97,115.58,115.67,4583561,"(114.962, 116.847]","(115.436, 117.327]","(114.53, 116.407]","(115.262, 117.151]","(4385130.6, 4657496.55]"
2016-06-03,118.25,118.89,118.23,118.85,14584594,"(116.847, 118.732]","(117.327, 119.218]","(116.407, 118.284]","(117.151, 119.039]","(14462670.75, 14735036.7]"
2016-06-06,118.89,119.17,118.455,118.92,9861954,"(118.732, 120.617]","(117.327, 119.218]","(118.284, 120.161]","(117.151, 119.039]","(9832449.6, 10104815.55]"
2016-06-07,118.5,119.02,118.41,118.82,4602587,"(116.847, 118.732]","(117.327, 119.218]","(118.284, 120.161]","(117.151, 119.039]","(4385130.6, 4657496.55]"
2016-06-08,120.3,120.78,120.23,120.58,11647534,"(118.732, 120.617]","(119.218, 121.109]","(120.161, 122.038]","(119.039, 120.927]","(11466645.3, 11739011.25]"
2016-06-09,120.61,121.483,120.55,121.25,12158367,"(118.732, 120.617]","(121.109, 123.0]","(120.161, 122.038]","(120.927, 122.815]","(12011377.2, 12283743.15]"
2016-06-10,121.55,122.1,121.175,121.74,13939140,"(120.617, 122.502]","(121.109, 123.0]","(120.161, 122.038]","(120.927, 122.815]","(13917938.85, 14190304.8]"
2016-06-13,122.8,122.83,122.03,122.64,12588985,"(122.502, 124.387]","(121.109, 123.0]","(120.161, 122.038]","(120.927, 122.815]","(12556109.1, 12828475.05]"
2016-06-14,123.0,123.06,122.3,122.77,11637490,"(122.502, 124.387]","(123.0, 124.891]","(122.038, 123.915]","(120.927, 122.815]","(11466645.3, 11739011.25]"
2016-06-15,122.52,123.87,122.38,123.68,15037967,"(122.502, 124.387]","(123.0, 124.891]","(122.038, 123.915]","(122.815, 124.704]","(15007402.65, 15279768.6]"
2016-06-17,123.26,124.1,122.69,123.95,15566946,"(122.502, 124.387]","(123.0, 124.891]","(122.038, 123.915]","(122.815, 124.704]","(15552134.55, 15824500.5]"
2016-06-20,122.26,123.33,122.13,123.21,11859299,"(120.617, 122.502]","(123.0, 124.891]","(122.038, 123.915]","(122.815, 124.704]","(11739011.25, 12011377.2]"
2016-06-21,121.65,121.86,120.77,120.84,14581045,"(120.617, 122.502]","(121.109, 123.0]","(120.161, 122.038]","(119.039, 120.927]","(14462670.75, 14735036.7]"
2016-06-22,120.83,121.25,120.68,120.91,7856920,"(120.617, 122.502]","(121.109, 123.0]","(120.161, 122.038]","(119.039, 120.927]","(7653522.0, 7925887.95]"
2016-06-23,120.48,121.03,120.06,120.11,10683602,"(118.732, 120.617]","(119.218, 121.109]","(118.284, 120.161]","(119.039, 120.927]","(10649547.45, 10921913.4]"
2016-06-27,126.44,127.05,125.83,126.68,21390393,"(126.272, 128.157]","(126.782, 128.673]","(125.792, 127.669]","(126.592, 128.48]","(21271819.5, 21544185.45]"
2016-06-28,125.56,126.02,125.06,125.32,15996295,"(124.387, 126.272]","(124.891, 126.782]","(123.915, 125.792]","(124.704, 126.592]","(15824500.5, 16096866.45]"
2016-06-29,125.91,126.81,125.7,125.84,12211886,"(124.387, 126.272]","(126.782, 128.673]","(123.915, 125.792]","(124.704, 126.592]","(12011377.2, 12283743.15]"
2016-06-30,125.95,126.52,125.5,126.47,15965344,"(124.387, 126.272]","(124.891, 126.782]","(123.915, 125.792]","(124.704, 126.592]","(15824500.5, 16096866.45]"
2016-07-01,127.66,128.42,127.44,128.41,14938396,"(126.272, 128.157]","(126.782, 128.673]","(125.792, 127.669]","(126.592, 128.48]","(14735036.7, 15007402.65]"
2016-07-05,128.8,129.59,128.17,129.44,18951208,"(128.157, 130.042]","(128.673, 130.564]","(127.669, 129.546]","(128.48, 130.369]","(18820525.95, 19092891.9]"
2016-07-06,130.5,131.15,129.82,130.23,17374351,"(130.042, 131.927]","(130.564, 132.455]","(129.546, 131.423]","(128.48, 130.369]","(17186330.25, 17458696.2]"
2016-07-07,129.82,130.12,128.98,129.74,16505027,"(128.157, 130.042]","(128.673, 130.564]","(127.669, 129.546]","(128.48, 130.369]","(16369232.4, 16641598.35]"
2016-07-08,129.85,130.52,128.97,130.51,17633368,"(128.157, 130.042]","(128.673, 130.564]","(127.669, 129.546]","(130.369, 132.257]","(17458696.2, 17731062.15]"
2016-07-11,129.49,129.895,129.16,129.33,10817406,"(128.157, 130.042]","(128.673, 130.564]","(127.669, 129.546]","(128.48, 130.369]","(10649547.45, 10921913.4]"
2016-07-13,128.0,128.43,127.61,128.32,7375052,"(126.272, 128.157]","(126.782, 128.673]","(125.792, 127.669]","(126.592, 128.48]","(7108790.1, 7381156.05]"
2016-07-14,126.31,127.37,126.03,127.33,12126105,"(126.272, 128.157]","(126.782, 128.673]","(125.792, 127.669]","(126.592, 128.48]","(12011377.2, 12283743.15]"
2016-07-15,126.38,127.19,126.33,126.84,13779882,"(126.272, 128.157]","(126.782, 128.673]","(125.792, 127.669]","(126.592, 128.48]","(13645572.9, 13917938.85]"
2016-07-18,127.02,127.5,126.63,127.04,8475972,"(126.272, 128.157]","(126.782, 128.673]","(125.792, 127.669]","(126.592, 128.48]","(8470619.85, 8742985.8]"
2016-07-19,126.95,127.35,126.82,127.21,5167693,"(126.272, 128.157]","(126.782, 128.673]","(125.792, 127.669]","(126.592, 128.48]","(4929862.5, 5202228.45]"
2016-07-20,125.5,126.12,125.31,125.39,11737797,"(124.387, 126.272]","(124.891, 126.782]","(123.915, 125.792]","(124.704, 126.592]","(11466645.3, 11739011.25]"
2016-07-21,125.66,127.37,125.6,127.33,9390174,"(124.387, 126.272]","(126.782, 128.673]","(123.915, 125.792]","(126.592, 128.48]","(9287717.7, 9560083.65]"
2016-07-22,126.43,126.52,126.01,126.35,7715135,"(126.272, 128.157]","(124.891, 126.782]","(125.792, 127.669]","(124.704, 126.592]","(7653522.0, 7925887.95]"
2016-07-25,125.53,126.21,125.01,125.47,13137816,"(124.387, 126.272]","(124.891, 126.782]","(123.915, 125.792]","(124.704, 126.592]","(13100841.0, 13373206.95]"
2016-07-26,126.09,126.14,125.745,126.0,7610957,"(124.387, 126.272]","(124.891, 126.782]","(123.915, 125.792]","(124.704, 126.592]","(7381156.05, 7653522.0]"
2016-07-27,126.79,128.12,126.04,128.03,17053369,"(126.272, 128.157]","(126.782, 128.673]","(125.792, 127.669]","(126.592, 128.48]","(16913964.3, 17186330.25]"
2016-07-28,128.09,128.2,127.205,127.66,9252757,"(126.272, 128.157]","(126.782, 128.673]","(125.792, 127.669]","(126.592, 128.48]","(9015351.75, 9287717.7]"
2016-07-29,128.42,129.41,127.88,128.98,13706478,"(128.157, 130.042]","(128.673, 130.564]","(127.669, 129.546]","(128.48, 130.369]","(13645572.9, 13917938.85]"
2016-08-01,128.57,129.34,128.56,129.21,7108384,"(128.157, 130.042]","(128.673, 130.564]","(127.669, 129.546]","(128.48, 130.369]","(6836424.15, 7108790.1]"
2016-08-02,130.04,130.55,129.945,130.27,7648293,"(128.157, 130.042]","(128.673, 130.564]","(129.546, 131.423]","(128.48, 130.369]","(7381156.05, 7653522.0]"
2016-08-03,129.95,129.96,129.27,129.65,5007903,"(128.157, 130.042]","(128.673, 130.564]","(127.669, 129.546]","(128.48, 130.369]","(4929862.5, 5202228.45]"
2016-08-04,130.01,130.28,129.82,129.87,4899009,"(128.157, 130.042]","(128.673, 130.564]","(129.546, 131.423]","(128.48, 130.369]","(4657496.55, 4929862.5]"
2016-08-05,128.46,128.547,127.39,127.55,16204457,"(128.157, 130.042]","(126.782, 128.673]","(125.792, 127.669]","(126.592, 128.48]","(16096866.45, 16369232.4]"
2016-08-08,127.29,127.7,127.274,127.44,6773290,"(126.272, 128.157]","(126.782, 128.673]","(125.792, 127.669]","(126.592, 128.48]","(6564058.2, 6836424.15]"
2016-08-09,127.94,128.14,127.75,127.96,7493439,"(126.272, 128.157]","(126.782, 128.673]","(127.669, 129.546]","(126.592, 128.48]","(7381156.05, 7653522.0]"
2016-08-10,129.12,129.201,128.15,128.56,6190625,"(128.157, 130.042]","(128.673, 130.564]","(127.669, 129.546]","(128.48, 130.369]","(6019326.3, 6291692.25]"
2016-08-11,128.61,129.19,127.475,127.67,9759894,"(128.157, 130.042]","(128.673, 130.564]","(125.792, 127.669]","(126.592, 128.48]","(9560083.65, 9832449.6]"
2016-08-12,129.12,129.26,127.2,127.4,15394246,"(128.157, 130.042]","(128.673, 130.564]","(125.792, 127.669]","(126.592, 128.48]","(15279768.6, 15552134.55]"
2016-08-15,127.62,128.25,127.6,127.84,4522713,"(126.272, 128.157]","(126.782, 128.673]","(125.792, 127.669]","(126.592, 128.48]","(4385130.6, 4657496.55]"
2016-08-16,128.12,129.04,128.0,128.47,8651071,"(126.272, 128.157]","(128.673, 130.564]","(127.669, 129.546]","(126.592, 128.48]","(8470619.85, 8742985.8]"
2016-08-17,128.17,128.99,127.46,128.5,12031673,"(128.157, 130.042]","(128.673, 130.564]","(125.792, 127.669]","(128.48, 130.369]","(12011377.2, 12283743.15]"
2016-08-18,128.89,129.17,128.58,129.11,9496736,"(128.157, 130.042]","(128.673, 130.564]","(127.669, 129.546]","(128.48, 130.369]","(9287717.7, 9560083.65]"
2016-08-19,128.08,128.67,127.855,127.97,10893232,"(126.272, 128.157]","(126.782, 128.673]","(127.669, 129.546]","(126.592, 128.48]","(10649547.45, 10921913.4]"
2016-08-22,127.63,127.92,127.45,127.78,8626084,"(126.272, 128.157]","(126.782, 128.673]","(125.792, 127.669]","(126.592, 128.48]","(8470619.85, 8742985.8]"
2016-08-23,128.14,128.22,127.61,127.76,9036224,"(126.272, 128.157]","(126.782, 128.673]","(125.792, 127.669]","(126.592, 128.48]","(9015351.75, 9287717.7]"
2016-08-24,126.92,126.966,126.295,126.34,13511926,"(126.272, 128.157]","(126.782, 128.673]","(125.792, 127.669]","(124.704, 126.592]","(13373206.95, 13645572.9]"
2016-08-25,125.98,126.31,125.96,126.23,5924725,"(124.387, 126.272]","(124.891, 126.782]","(125.792, 127.669]","(124.704, 126.592]","(5746960.35, 6019326.3]"
2016-08-26,126.88,128.11,125.82,126.05,17964538,"(126.272, 128.157]","(126.782, 128.673]","(125.792, 127.669]","(124.704, 126.592]","(17731062.15, 18003428.1]"
2016-08-29,126.0,126.48,125.93,126.3,5553964,"(124.387, 126.272]","(124.891, 126.782]","(125.792, 127.669]","(124.704, 126.592]","(5474594.4, 5746960.35]"
2016-08-30,125.73,125.95,124.88,125.03,9856590,"(124.387, 126.272]","(124.891, 126.782]","(123.915, 125.792]","(124.704, 126.592]","(9832449.6, 10104815.55]"
2016-08-31,124.73,125.11,124.64,124.78,13309747,"(124.387, 126.272]","(124.891, 126.782]","(123.915, 125.792]","(124.704, 126.592]","(13100841.0, 13373206.95]"
2016-09-01,124.67,125.51,124.55,125.3,12876518,"(124.387, 126.272]","(124.891, 126.782]","(123.915, 125.792]","(124.704, 126.592]","(12828475.05, 13100841.0]"
2016-09-02,126.29,126.57,125.58,126.57,11314111,"(126.272, 128.157]","(124.891, 126.782]","(123.915, 125.792]","(124.704, 126.592]","(11194279.35, 11466645.3]"
2016-09-06,127.4,129.08,127.27,128.71,15088212,"(126.272, 128.157]","(128.673, 130.564]","(125.792, 127.669]","(128.48, 130.369]","(15007402.65, 15279768.6]"
2016-09-07,128.79,128.86,128.12,128.27,8855215,"(128.157, 130.042]","(128.673, 130.564]","(127.669, 129.546]","(126.592, 128.48]","(8742985.8, 9015351.75]"
2016-09-08,128.16,128.52,127.4,127.59,10536712,"(128.157, 130.042]","(126.782, 128.673]","(125.792, 127.669]","(126.592, 128.48]","(10377181.5, 10649547.45]"
2016-09-09,127.24,127.51,126.7,126.75,12457753,"(126.272, 128.157]","(126.782, 128.673]","(125.792, 127.669]","(126.592, 128.48]","(12283743.15, 12556109.1]"
2016-09-12,126.31,126.92,125.97,126.59,11139834,"(126.272, 128.157]","(126.782, 128.673]","(125.792, 127.669]","(124.704, 126.592]","(10921913.4, 11194279.35]"
2016-09-13,126.47,126.6,125.53,125.73,8838707,"(126.272, 128.157]","(124.891, 126.782]","(123.915, 125.792]","(124.704, 126.592]","(8742985.8, 9015351.75]"
2016-09-14,126.1,126.54,126.03,126.18,5812239,"(124.387, 126.272]","(124.891, 126.782]","(125.792, 127.669]","(124.704, 126.592]","(5746960.35, 6019326.3]"
2016-09-15,125.73,126.1,124.91,125.37,12908685,"(124.387, 126.272]","(124.891, 126.782]","(123.915, 125.792]","(124.704, 126.592]","(12828475.05, 13100841.0]"
2016-09-16,124.81,125.245,124.67,125.06,18978551,"(124.387, 126.272]","(124.891, 126.782]","(123.915, 125.792]","(124.704, 126.592]","(18820525.95, 19092891.9]"
2016-09-19,125.61,125.62,125.25,125.32,4949927,"(124.387, 126.272]","(124.891, 126.782]","(123.915, 125.792]","(124.704, 126.592]","(4929862.5, 5202228.45]"
2016-09-20,125.31,125.59,125.17,125.44,5661103,"(124.387, 126.272]","(124.891, 126.782]","(123.915, 125.792]","(124.704, 126.592]","(5474594.4, 5746960.35]"
2016-09-21,126.33,127.42,125.96,127.27,13631352,"(126.272, 128.157]","(126.782, 128.673]","(125.792, 127.669]","(126.592, 128.48]","(13373206.95, 13645572.9]"
2016-09-22,127.57,128.2,127.5,127.57,15177483,"(126.272, 128.157]","(126.782, 128.673]","(125.792, 127.669]","(126.592, 128.48]","(15007402.65, 15279768.6]"
2016-09-23,127.6,127.86,127.43,127.65,7702289,"(126.272, 128.157]","(126.782, 128.673]","(125.792, 127.669]","(126.592, 128.48]","(7653522.0, 7925887.95]"
2016-09-26,127.96,128.035,127.42,127.55,5839256,"(126.272, 128.157]","(126.782, 128.673]","(125.792, 127.669]","(126.592, 128.48]","(5746960.35, 6019326.3]"
2016-09-27,126.86,126.9,126.341,126.62,6220562,"(126.272, 128.157]","(126.782, 128.673]","(125.792, 127.669]","(126.592, 128.48]","(6019326.3, 6291692.25]"
2016-09-28,126.25,126.4,125.73,126.22,6727736,"(124.387, 126.272]","(124.891, 126.782]","(123.915, 125.792]","(124.704, 126.592]","(6564058.2, 6836424.15]"
2016-09-29,125.84,126.34,125.54,126.07,7437023,"(124.387, 126.272]","(124.891, 126.782]","(123.915, 125.792]","(124.704, 126.592]","(7381156.05, 7653522.0]"
2016-09-30,126.52,126.55,125.235,125.64,11202915,"(126.272, 128.157]","(124.891, 126.782]","(123.915, 125.792]","(124.704, 126.592]","(11194279.35, 11466645.3]"
2016-10-03,125.32,125.46,124.9,125.32,9031303,"(124.387, 126.272]","(124.891, 126.782]","(123.915, 125.792]","(124.704, 126.592]","(9015351.75, 9287717.7]"
2016-10-05,121.33,121.59,120.4,120.78,14704779,"(120.617, 122.502]","(121.109, 123.0]","(120.161, 122.038]","(119.039, 120.927]","(14462670.75, 14735036.7]"
2016-10-06,119.69,119.98,119.24,119.66,17906750,"(118.732, 120.617]","(119.218, 121.109]","(118.284, 120.161]","(119.039, 120.927]","(17731062.15, 18003428.1]"
2016-10-07,120.49,120.58,118.42,119.74,17902607,"(118.732, 120.617]","(119.218, 121.109]","(118.284, 120.161]","(119.039, 120.927]","(17731062.15, 18003428.1]"
2016-10-10,120.16,120.42,119.92,120.16,4512348,"(118.732, 120.617]","(119.218, 121.109]","(118.284, 120.161]","(119.039, 120.927]","(4385130.6, 4657496.55]"
2016-10-11,119.92,120.16,119.53,119.55,6061935,"(118.732, 120.617]","(119.218, 121.109]","(118.284, 120.161]","(119.039, 120.927]","(6019326.3, 6291692.25]"
2016-10-12,119.72,120.07,119.289,119.74,4846567,"(118.732, 120.617]","(119.218, 121.109]","(118.284, 120.161]","(119.039, 120.927]","(4657496.55, 4929862.5]"
2016-10-13,120.0,120.42,119.8,120.03,7179048,"(118.732, 120.617]","(119.218, 121.109]","(118.284, 120.161]","(119.039, 120.927]","(7108790.1, 7381156.05]"
2016-10-14,119.37,120.16,119.29,119.36,6573284,"(118.732, 120.617]","(119.218, 121.109]","(118.284, 120.161]","(119.039, 120.927]","(6564058.2, 6836424.15]"
2016-10-17,119.7,119.92,119.58,119.68,4777636,"(118.732, 120.617]","(119.218, 121.109]","(118.284, 120.161]","(119.039, 120.927]","(4657496.55, 4929862.5]"
2016-10-18,120.08,120.64,119.82,120.42,4919386,"(118.732, 120.617]","(119.218, 121.109]","(118.284, 120.161]","(119.039, 120.927]","(4657496.55, 4929862.5]"
2016-10-19,121.13,121.457,120.89,121.11,6016542,"(120.617, 122.502]","(121.109, 123.0]","(120.161, 122.038]","(120.927, 122.815]","(5746960.35, 6019326.3]"
2016-10-20,121.39,121.59,120.63,120.74,6494516,"(120.617, 122.502]","(121.109, 123.0]","(120.161, 122.038]","(119.039, 120.927]","(6291692.25, 6564058.2]"
2016-10-21,120.9,120.925,120.55,120.83,6706650,"(120.617, 122.502]","(119.218, 121.109]","(120.161, 122.038]","(119.039, 120.927]","(6564058.2, 6836424.15]"
2016-10-24,121.28,121.3,120.16,120.56,5471884,"(120.617, 122.502]","(121.109, 123.0]","(118.284, 120.161]","(119.039, 120.927]","(5202228.45, 5474594.4]"
2016-10-25,120.89,121.76,120.855,121.47,6137728,"(120.617, 122.502]","(121.109, 123.0]","(120.161, 122.038]","(120.927, 122.815]","(6019326.3, 6291692.25]"
2016-10-26,121.37,121.53,120.61,120.79,3905102,"(120.617, 122.502]","(121.109, 123.0]","(120.161, 122.038]","(119.039, 120.927]","(3840398.7, 4112764.65]"
2016-10-27,121.11,121.18,120.75,121.01,4332825,"(120.617, 122.502]","(121.109, 123.0]","(120.161, 122.038]","(120.927, 122.815]","(4112764.65, 4385130.6]"
2016-10-28,121.2,122.48,120.81,121.58,11638942,"(120.617, 122.502]","(121.109, 123.0]","(120.161, 122.038]","(120.927, 122.815]","(11466645.3, 11739011.25]"
2016-10-31,121.51,122.0,121.23,121.94,7719755,"(120.617, 122.502]","(121.109, 123.0]","(120.161, 122.038]","(120.927, 122.815]","(7653522.0, 7925887.95]"
2016-11-01,122.8,123.21,122.57,122.73,13382157,"(122.502, 124.387]","(123.0, 124.891]","(122.038, 123.915]","(120.927, 122.815]","(13373206.95, 13645572.9]"
2016-11-02,123.76,124.76,123.56,123.64,15689748,"(122.502, 124.387]","(123.0, 124.891]","(122.038, 123.915]","(122.815, 124.704]","(15552134.55, 15824500.5]"
2016-11-03,123.36,124.33,123.35,124.3,10092347,"(122.502, 124.387]","(123.0, 124.891]","(122.038, 123.915]","(122.815, 124.704]","(9832449.6, 10104815.55]"
2016-11-04,124.4,124.54,124.04,124.39,8594506,"(124.387, 126.272]","(123.0, 124.891]","(123.915, 125.792]","(122.815, 124.704]","(8470619.85, 8742985.8]"
2016-11-07,122.66,122.71,121.88,122.15,10010279,"(122.502, 124.387]","(121.109, 123.0]","(120.161, 122.038]","(120.927, 122.815]","(9832449.6, 10104815.55]"
2016-11-08,122.12,123.09,121.36,121.64,9456475,"(120.617, 122.502]","(123.0, 124.891]","(120.161, 122.038]","(120.927, 122.815]","(9287717.7, 9560083.65]"
2016-11-09,124.3,124.35,121.105,121.56,18231955,"(122.502, 124.387]","(123.0, 124.891]","(120.161, 122.038]","(120.927, 122.815]","(18003428.1, 18275794.05]"
2016-11-10,121.52,121.54,119.38,119.75,22234660,"(120.617, 122.502]","(121.109, 123.0]","(118.284, 120.161]","(119.039, 120.927]","(22088917.35, 22361283.3]"
2016-11-11,119.65,119.69,116.23,117.1,20380652,"(118.732, 120.617]","(119.218, 121.109]","(114.53, 116.407]","(115.262, 117.151]","(20182355.7, 20454721.65]"
2016-11-14,116.12,117.14,115.49,116.11,20729377,"(114.962, 116.847]","(115.436, 117.327]","(114.53, 116.407]","(115.262, 117.151]","(20727087.6, 20999453.55]"
2016-11-15,116.46,117.24,116.29,117.12,9348572,"(114.962, 116.847]","(115.436, 117.327]","(114.53, 116.407]","(115.262, 117.151]","(9287717.7, 9560083.65]"
2016-11-16,117.27,117.27,116.58,116.77,5478969,"(116.847, 118.732]","(115.436, 117.327]","(116.407, 118.284]","(115.262, 117.151]","(5474594.4, 5746960.35]"
2016-11-17,116.91,117.22,115.44,116.17,10340019,"(116.847, 118.732]","(115.436, 117.327]","(114.53, 116.407]","(115.262, 117.151]","(10104815.55, 10377181.5]"
2016-11-18,115.52,115.77,114.96,115.15,9873107,"(114.962, 116.847]","(115.436, 117.327]","(114.53, 116.407]","(113.374, 115.262]","(9832449.6, 10104815.55]"
2016-11-21,115.72,115.94,115.29,115.58,6621191,"(114.962, 116.847]","(115.436, 117.327]","(114.53, 116.407]","(115.262, 117.151]","(6564058.2, 6836424.15]"
2016-11-22,115.72,115.79,114.98,115.54,6387614,"(114.962, 116.847]","(115.436, 117.327]","(114.53, 116.407]","(115.262, 117.151]","(6291692.25, 6564058.2]"
2016-11-23,113.87,113.88,112.65,113.25,20969154,"(113.077, 114.962]","(113.545, 115.436]","(110.777, 112.653]","(111.486, 113.374]","(20727087.6, 20999453.55]"
2016-11-25,113.42,113.51,112.35,112.61,5345889,"(113.077, 114.962]","(111.655, 113.545]","(110.777, 112.653]","(111.486, 113.374]","(5202228.45, 5474594.4]"
2016-11-28,113.23,113.84,112.77,113.8,5650249,"(113.077, 114.962]","(113.545, 115.436]","(112.653, 114.53]","(113.374, 115.262]","(5474594.4, 5746960.35]"
2016-11-29,112.76,113.48,112.69,113.27,7430211,"(111.193, 113.077]","(111.655, 113.545]","(112.653, 114.53]","(111.486, 113.374]","(7381156.05, 7653522.0]"
2016-11-30,112.69,112.79,111.5,111.75,10916858,"(111.193, 113.077]","(111.655, 113.545]","(110.777, 112.653]","(111.486, 113.374]","(10649547.45, 10921913.4]"
2016-12-01,111.11,111.99,110.63,111.54,10232056,"(109.308, 111.193]","(111.655, 113.545]","(108.9, 110.777]","(111.486, 113.374]","(10104815.55, 10377181.5]"
2016-12-02,111.89,112.32,111.78,112.14,7413835,"(111.193, 113.077]","(111.655, 113.545]","(110.777, 112.653]","(111.486, 113.374]","(7381156.05, 7653522.0]"
2016-12-05,111.15,112.11,110.31,111.54,10186209,"(109.308, 111.193]","(111.655, 113.545]","(108.9, 110.777]","(111.486, 113.374]","(10104815.55, 10377181.5]"
2016-12-06,111.69,112.03,111.19,111.43,5533176,"(111.193, 113.077]","(111.655, 113.545]","(110.777, 112.653]","(109.598, 111.486]","(5474594.4, 5746960.35]"
2016-12-07,112.13,112.5,111.77,111.83,4898523,"(111.193, 113.077]","(111.655, 113.545]","(110.777, 112.653]","(111.486, 113.374]","(4657496.55, 4929862.5]"
2016-12-08,111.72,111.871,111.46,111.57,5975333,"(111.193, 113.077]","(111.655, 113.545]","(110.777, 112.653]","(111.486, 113.374]","(5746960.35, 6019326.3]"
2016-12-09,111.18,111.25,110.19,110.4,10507217,"(109.308, 111.193]","(109.764, 111.655]","(108.9, 110.777]","(109.598, 111.486]","(10377181.5, 10649547.45]"
2016-12-12,110.59,111.11,110.266,110.82,6155757,"(109.308, 111.193]","(109.764, 111.655]","(108.9, 110.777]","(109.598, 111.486]","(6019326.3, 6291692.25]"
2016-12-13,110.57,110.79,110.06,110.45,7960576,"(109.308, 111.193]","(109.764, 111.655]","(108.9, 110.777]","(109.598, 111.486]","(7925887.95, 8198253.9]"
2016-12-14,110.95,110.98,108.52,108.83,12910976,"(109.308, 111.193]","(109.764, 111.655]","(107.023, 108.9]","(107.709, 109.598]","(12828475.05, 13100841.0]"
2016-12-15,107.85,107.99,107.0,107.34,14421790,"(107.423, 109.308]","(107.873, 109.764]","(105.146, 107.023]","(105.821, 107.709]","(14190304.8, 14462670.75]"
2016-12-16,107.95,108.78,107.475,108.05,9830320,"(107.423, 109.308]","(107.873, 109.764]","(107.023, 108.9]","(107.709, 109.598]","(9560083.65, 9832449.6]"
2016-12-19,108.6,108.88,108.34,108.59,5337546,"(107.423, 109.308]","(107.873, 109.764]","(107.023, 108.9]","(107.709, 109.598]","(5202228.45, 5474594.4]"
2016-12-20,107.47,107.997,107.294,107.79,7320660,"(107.423, 109.308]","(107.873, 109.764]","(107.023, 108.9]","(107.709, 109.598]","(7108790.1, 7381156.05]"
2016-12-21,108.25,108.313,107.68,107.85,5105866,"(107.423, 109.308]","(107.873, 109.764]","(107.023, 108.9]","(107.709, 109.598]","(4929862.5, 5202228.45]"
2016-12-22,107.68,108.1,107.49,107.59,4942231,"(107.423, 109.308]","(107.873, 109.764]","(107.023, 108.9]","(105.821, 107.709]","(4929862.5, 5202228.45]"
2016-12-23,107.84,108.25,107.8,107.93,5011613,"(107.423, 109.308]","(107.873, 109.764]","(107.023, 108.9]","(107.709, 109.598]","(4929862.5, 5202228.45]"
2016-12-27,108.61,108.67,108.24,108.56,3683379,"(107.423, 109.308]","(107.873, 109.764]","(107.023, 108.9]","(107.709, 109.598]","(3568032.75, 3840398.7]"
2016-12-28,108.4,108.91,108.29,108.86,5088560,"(107.423, 109.308]","(107.873, 109.764]","(107.023, 108.9]","(107.709, 109.598]","(4929862.5, 5202228.45]"
2016-12-29,109.23,110.53,109.16,110.29,7553919,"(107.423, 109.308]","(109.764, 111.655]","(108.9, 110.777]","(109.598, 111.486]","(7381156.05, 7653522.0]"
2016-12-30,110.38,110.62,109.53,109.61,8873725,"(109.308, 111.193]","(109.764, 111.655]","(108.9, 110.777]","(109.598, 111.486]","(8742985.8, 9015351.75]"
2017-01-03,109.62,111.0,109.37,110.47,7526109,"(109.308, 111.193]","(109.764, 111.655]","(108.9, 110.777]","(109.598, 111.486]","(7381156.05, 7653522.0]"
2017-01-04,111.06,111.22,110.61,110.86,4882819,"(109.308, 111.193]","(109.764, 111.655]","(108.9, 110.777]","(109.598, 111.486]","(4657496.55, 4929862.5]"
2017-01-05,112.16,112.94,112.07,112.58,9605610,"(111.193, 113.077]","(111.655, 113.545]","(110.777, 112.653]","(111.486, 113.374]","(9560083.65, 9832449.6]"
2017-01-06,111.81,112.38,111.57,111.75,7680024,"(111.193, 113.077]","(111.655, 113.545]","(110.777, 112.653]","(111.486, 113.374]","(7653522.0, 7925887.95]"
2017-01-09,112.39,113.04,112.18,112.67,5672694,"(111.193, 113.077]","(111.655, 113.545]","(110.777, 112.653]","(111.486, 113.374]","(5474594.4, 5746960.35]"
2017-01-10,112.94,113.45,112.635,113.15,6087731,"(111.193, 113.077]","(111.655, 113.545]","(110.777, 112.653]","(111.486, 113.374]","(6019326.3, 6291692.25]"
2017-01-11,112.87,114.19,112.17,113.5,9916078,"(111.193, 113.077]","(113.545, 115.436]","(110.777, 112.653]","(113.374, 115.262]","(9832449.6, 10104815.55]"
2017-01-12,114.52,114.93,113.805,113.91,8454911,"(113.077, 114.962]","(113.545, 115.436]","(112.653, 114.53]","(113.374, 115.262]","(8198253.9, 8470619.85]"
2017-01-13,113.65,114.31,113.19,114.21,7258550,"(113.077, 114.962]","(113.545, 115.436]","(112.653, 114.53]","(113.374, 115.262]","(7108790.1, 7381156.05]"
2017-01-17,115.89,115.96,115.495,115.85,9134886,"(114.962, 116.847]","(115.436, 117.327]","(114.53, 116.407]","(115.262, 117.151]","(9015351.75, 9287717.7]"
2017-01-18,115.74,115.92,114.56,114.87,6482760,"(114.962, 116.847]","(115.436, 117.327]","(114.53, 116.407]","(113.374, 115.262]","(6291692.25, 6564058.2]"
2017-01-19,114.32,114.96,113.935,114.77,6433824,"(113.077, 114.962]","(113.545, 115.436]","(112.653, 114.53]","(113.374, 115.262]","(6291692.25, 6564058.2]"
2017-01-20,114.65,115.76,114.32,115.05,12260368,"(113.077, 114.962]","(115.436, 117.327]","(112.653, 114.53]","(113.374, 115.262]","(12011377.2, 12283743.15]"
2017-01-23,115.51,116.17,115.2,115.79,6345340,"(114.962, 116.847]","(115.436, 117.327]","(114.53, 116.407]","(115.262, 117.151]","(6291692.25, 6564058.2]"
2017-01-24,115.69,116.02,114.94,115.27,5797178,"(114.962, 116.847]","(115.436, 117.327]","(114.53, 116.407]","(115.262, 117.151]","(5746960.35, 6019326.3]"
2017-01-25,114.14,114.44,113.68,114.32,6690739,"(113.077, 114.962]","(113.545, 115.436]","(112.653, 114.53]","(113.374, 115.262]","(6564058.2, 6836424.15]"
2017-01-26,113.24,113.505,112.83,113.26,5388797,"(113.077, 114.962]","(111.655, 113.545]","(112.653, 114.53]","(111.486, 113.374]","(5202228.45, 5474594.4]"
2017-01-27,112.93,113.545,112.81,113.49,6683609,"(111.193, 113.077]","(111.655, 113.545]","(112.653, 114.53]","(113.374, 115.262]","(6564058.2, 6836424.15]"
2017-01-30,113.61,114.3,113.535,113.97,7682092,"(113.077, 114.962]","(113.545, 115.436]","(112.653, 114.53]","(113.374, 115.262]","(7653522.0, 7925887.95]"
2017-01-31,115.27,115.817,115.18,115.55,10406166,"(114.962, 116.847]","(115.436, 117.327]","(114.53, 116.407]","(115.262, 117.151]","(10377181.5, 10649547.45]"
2017-02-01,114.66,115.45,114.14,115.2,6930587,"(113.077, 114.962]","(115.436, 117.327]","(112.653, 114.53]","(113.374, 115.262]","(6836424.15, 7108790.1]"
2017-02-02,116.26,116.57,115.625,115.84,7185993,"(114.962, 116.847]","(115.436, 117.327]","(114.53, 116.407]","(115.262, 117.151]","(7108790.1, 7381156.05]"
2017-02-03,115.73,116.365,115.71,116.13,9455464,"(114.962, 116.847]","(115.436, 117.327]","(114.53, 116.407]","(115.262, 117.151]","(9287717.7, 9560083.65]"
2017-02-06,117.07,117.74,116.74,117.7,8534594,"(116.847, 118.732]","(117.327, 119.218]","(116.407, 118.284]","(117.151, 119.039]","(8470619.85, 8742985.8]"
2017-02-07,117.31,117.74,117.2,117.46,8612292,"(116.847, 118.732]","(117.327, 119.218]","(116.407, 118.284]","(117.151, 119.039]","(8470619.85, 8742985.8]"
2017-02-08,118.09,118.59,117.81,118.19,9626264,"(116.847, 118.732]","(117.327, 119.218]","(116.407, 118.284]","(117.151, 119.039]","(9560083.65, 9832449.6]"
2017-02-09,118.32,118.58,117.2,117.29,8159381,"(116.847, 118.732]","(117.327, 119.218]","(116.407, 118.284]","(117.151, 119.039]","(7925887.95, 8198253.9]"
2017-02-10,116.68,117.86,116.67,117.6,9070677,"(114.962, 116.847]","(117.327, 119.218]","(116.407, 118.284]","(117.151, 119.039]","(9015351.75, 9287717.7]"
2017-02-13,116.73,116.95,116.15,116.8,7350532,"(114.962, 116.847]","(115.436, 117.327]","(114.53, 116.407]","(115.262, 117.151]","(7108790.1, 7381156.05]"
2017-02-14,117.51,117.56,116.38,116.93,6924836,"(116.847, 118.732]","(117.327, 119.218]","(114.53, 116.407]","(115.262, 117.151]","(6836424.15, 7108790.1]"
2017-02-15,116.33,117.48,116.247,117.45,7079663,"(114.962, 116.847]","(117.327, 119.218]","(114.53, 116.407]","(117.151, 119.039]","(6836424.15, 7108790.1]"
2017-02-16,117.93,118.35,117.83,118.08,6377490,"(116.847, 118.732]","(117.327, 119.218]","(116.407, 118.284]","(117.151, 119.039]","(6291692.25, 6564058.2]"
2017-02-17,118.19,118.4,117.62,117.68,7336441,"(116.847, 118.732]","(117.327, 119.218]","(116.407, 118.284]","(117.151, 119.039]","(7108790.1, 7381156.05]"
2017-02-21,117.04,118.0,116.77,117.75,6164574,"(116.847, 118.732]","(117.327, 119.218]","(116.407, 118.284]","(117.151, 119.039]","(6019326.3, 6291692.25]"
2017-02-22,117.86,118.02,117.24,117.91,6053992,"(116.847, 118.732]","(117.327, 119.218]","(116.407, 118.284]","(117.151, 119.039]","(6019326.3, 6291692.25]"
2017-02-23,118.76,119.155,118.675,118.94,7494092,"(118.732, 120.617]","(117.327, 119.218]","(118.284, 120.161]","(117.151, 119.039]","(7381156.05, 7653522.0]"
2017-02-24,119.74,119.88,119.25,119.7,9805115,"(118.732, 120.617]","(119.218, 121.109]","(118.284, 120.161]","(119.039, 120.927]","(9560083.65, 9832449.6]"
2017-02-27,119.73,120.4,119.12,119.12,9248420,"(118.732, 120.617]","(119.218, 121.109]","(118.284, 120.161]","(119.039, 120.927]","(9015351.75, 9287717.7]"
2017-02-28,119.71,119.84,118.82,119.23,8661229,"(118.732, 120.617]","(119.218, 121.109]","(118.284, 120.161]","(119.039, 120.927]","(8470619.85, 8742985.8]"
2017-03-01,117.98,119.12,117.95,119.06,8677270,"(116.847, 118.732]","(117.327, 119.218]","(116.407, 118.284]","(119.039, 120.927]","(8470619.85, 8742985.8]"
2017-03-02,117.76,118.34,117.225,117.58,10976994,"(116.847, 118.732]","(117.327, 119.218]","(116.407, 118.284]","(117.151, 119.039]","(10921913.4, 11194279.35]"
2017-03-03,116.95,117.73,116.44,117.51,10661195,"(116.847, 118.732]","(117.327, 119.218]","(116.407, 118.284]","(117.151, 119.039]","(10649547.45, 10921913.4]"
2017-03-06,117.35,117.35,116.63,116.72,4880588,"(116.847, 118.732]","(117.327, 119.218]","(116.407, 118.284]","(115.262, 117.151]","(4657496.55, 4929862.5]"
2017-03-07,116.13,116.25,115.615,115.78,6800415,"(114.962, 116.847]","(115.436, 117.327]","(114.53, 116.407]","(115.262, 117.151]","(6564058.2, 6836424.15]"
2017-03-08,114.99,115.36,114.945,115.06,7615109,"(114.962, 116.847]","(113.545, 115.436]","(114.53, 116.407]","(113.374, 115.262]","(7381156.05, 7653522.0]"
2017-03-09,114.78,115.025,114.405,114.47,6408618,"(113.077, 114.962]","(113.545, 115.436]","(112.653, 114.53]","(113.374, 115.262]","(6291692.25, 6564058.2]"
2017-03-10,114.45,114.73,114.13,114.72,7922973,"(113.077, 114.962]","(113.545, 115.436]","(112.653, 114.53]","(113.374, 115.262]","(7653522.0, 7925887.95]"
2017-03-13,114.63,114.91,114.505,114.74,5805641,"(113.077, 114.962]","(113.545, 115.436]","(112.653, 114.53]","(113.374, 115.262]","(5746960.35, 6019326.3]"
2017-03-14,114.54,115.01,114.025,114.12,5300485,"(113.077, 114.962]","(113.545, 115.436]","(112.653, 114.53]","(113.374, 115.262]","(5202228.45, 5474594.4]"
2017-03-15,114.29,116.25,114.02,116.25,13522734,"(113.077, 114.962]","(115.436, 117.327]","(112.653, 114.53]","(115.262, 117.151]","(13373206.95, 13645572.9]"
2017-03-16,117.27,117.29,116.69,116.73,9319946,"(116.847, 118.732]","(115.436, 117.327]","(116.407, 118.284]","(115.262, 117.151]","(9287717.7, 9560083.65]"
2017-03-17,117.04,117.27,116.91,116.99,4682739,"(116.847, 118.732]","(115.436, 117.327]","(116.407, 118.284]","(115.262, 117.151]","(4657496.55, 4929862.5]"
2017-03-20,117.31,117.595,117.205,117.51,3961052,"(116.847, 118.732]","(117.327, 119.218]","(116.407, 118.284]","(117.151, 119.039]","(3840398.7, 4112764.65]"
2017-03-21,117.77,118.8,117.76,118.54,9567075,"(116.847, 118.732]","(117.327, 119.218]","(116.407, 118.284]","(117.151, 119.039]","(9560083.65, 9832449.6]"
2017-03-22,118.87,119.15,118.68,118.83,7287215,"(118.732, 120.617]","(117.327, 119.218]","(118.284, 120.161]","(117.151, 119.039]","(7108790.1, 7381156.05]"
2017-03-23,119.15,119.25,118.32,118.67,6194953,"(118.732, 120.617]","(119.218, 121.109]","(118.284, 120.161]","(117.151, 119.039]","(6019326.3, 6291692.25]"
2017-03-24,118.5,119.21,118.39,118.86,6876609,"(116.847, 118.732]","(117.327, 119.218]","(118.284, 120.161]","(117.151, 119.039]","(6836424.15, 7108790.1]"
2017-03-27,119.93,120.08,119.27,119.53,8518559,"(118.732, 120.617]","(119.218, 121.109]","(118.284, 120.161]","(119.039, 120.927]","(8470619.85, 8742985.8]"
2017-03-28,119.74,119.83,118.78,119.04,7111597,"(118.732, 120.617]","(119.218, 121.109]","(118.284, 120.161]","(119.039, 120.927]","(7108790.1, 7381156.05]"
2017-03-29,119.22,119.45,119.047,119.33,4910528,"(118.732, 120.617]","(119.218, 121.109]","(118.284, 120.161]","(119.039, 120.927]","(4657496.55, 4929862.5]"
2017-03-30,118.77,119.12,118.32,118.47,6892703,"(118.732, 120.617]","(117.327, 119.218]","(118.284, 120.161]","(117.151, 119.039]","(6836424.15, 7108790.1]"
2017-03-31,118.61,119.08,118.46,118.72,8518626,"(116.847, 118.732]","(117.327, 119.218]","(118.284, 120.161]","(117.151, 119.039]","(8470619.85, 8742985.8]"
2017-04-03,118.69,119.37,118.67,119.35,6105704,"(116.847, 118.732]","(119.218, 121.109]","(118.284, 120.161]","(119.039, 120.927]","(6019326.3, 6291692.25]"
2017-04-04,119.59,119.77,119.38,119.62,4686797,"(118.732, 120.617]","(119.218, 121.109]","(118.284, 120.161]","(119.039, 120.927]","(4657496.55, 4929862.5]"
2017-04-05,118.62,119.63,118.4,119.62,8096822,"(116.847, 118.732]","(119.218, 121.109]","(118.284, 120.161]","(119.039, 120.927]","(7925887.95, 8198253.9]"
2017-04-06,119.22,119.42,118.975,119.18,4608204,"(118.732, 120.617]","(119.218, 121.109]","(118.284, 120.161]","(119.039, 120.927]","(4385130.6, 4657496.55]"
2017-04-07,120.3,120.67,119.14,119.46,12351114,"(118.732, 120.617]","(119.218, 121.109]","(118.284, 120.161]","(119.039, 120.927]","(12283743.15, 12556109.1]"
2017-04-10,119.04,119.69,118.85,119.46,4621765,"(118.732, 120.617]","(119.218, 121.109]","(118.284, 120.161]","(119.039, 120.927]","(4385130.6, 4657496.55]"
2017-04-11,120.33,121.4,120.29,121.19,12455294,"(118.732, 120.617]","(121.109, 123.0]","(120.161, 122.038]","(120.927, 122.815]","(12283743.15, 12556109.1]"
2017-04-12,121.38,122.22,121.14,122.02,9480184,"(120.617, 122.502]","(121.109, 123.0]","(120.161, 122.038]","(120.927, 122.815]","(9287717.7, 9560083.65]"
2017-04-13,122.54,122.65,122.03,122.6,9889522,"(122.502, 124.387]","(121.109, 123.0]","(120.161, 122.038]","(120.927, 122.815]","(9832449.6, 10104815.55]"
2017-04-17,122.55,123.07,121.99,122.24,8467345,"(122.502, 124.387]","(123.0, 124.891]","(120.161, 122.038]","(120.927, 122.815]","(8198253.9, 8470619.85]"
2017-04-18,122.43,123.029,121.73,122.82,10901124,"(120.617, 122.502]","(123.0, 124.891]","(120.161, 122.038]","(122.815, 124.704]","(10649547.45, 10921913.4]"
2017-04-19,122.25,122.26,110.03,121.73,8465571,"(120.617, 122.502]","(121.109, 123.0]","(108.9, 110.777]","(120.927, 122.815]","(8198253.9, 8470619.85]"
2017-04-20,121.82,122.17,121.5,121.96,11782680,"(120.617, 122.502]","(121.109, 123.0]","(120.161, 122.038]","(120.927, 122.815]","(11739011.25, 12011377.2]"
2017-04-21,122.14,122.61,121.73,122.31,15583220,"(120.617, 122.502]","(121.109, 123.0]","(120.161, 122.038]","(120.927, 122.815]","(15552134.55, 15824500.5]"
2017-04-24,120.77,121.51,120.66,121.48,11038032,"(120.617, 122.502]","(121.109, 123.0]","(120.161, 122.038]","(120.927, 122.815]","(10921913.4, 11194279.35]"
2017-04-25,120.53,120.87,120.05,120.25,10340901,"(118.732, 120.617]","(119.218, 121.109]","(118.284, 120.161]","(119.039, 120.927]","(10104815.55, 10377181.5]"
2017-04-26,120.21,120.96,119.87,120.84,9755506,"(118.732, 120.617]","(119.218, 121.109]","(118.284, 120.161]","(119.039, 120.927]","(9560083.65, 9832449.6]"
2017-04-27,120.42,120.598,119.97,120.39,8263984,"(118.732, 120.617]","(119.218, 121.109]","(118.284, 120.161]","(119.039, 120.927]","(8198253.9, 8470619.85]"
2017-04-28,120.34,120.77,120.27,120.77,9134246,"(118.732, 120.617]","(119.218, 121.109]","(120.161, 122.038]","(119.039, 120.927]","(9015351.75, 9287717.7]"
2017-05-01,120.21,120.75,119.35,119.67,9331190,"(118.732, 120.617]","(119.218, 121.109]","(118.284, 120.161]","(119.039, 120.927]","(9287717.7, 9560083.65]"
2017-05-02,119.3,119.65,119.24,119.65,4899155,"(118.732, 120.617]","(119.218, 121.109]","(118.284, 120.161]","(119.039, 120.927]","(4657496.55, 4929862.5]"
2017-05-03,119.18,119.34,117.92,117.98,10807233,"(118.732, 120.617]","(119.218, 121.109]","(116.407, 118.284]","(117.151, 119.039]","(10649547.45, 10921913.4]"
2017-05-04,116.81,117.28,116.63,116.79,12402923,"(114.962, 116.847]","(115.436, 117.327]","(116.407, 118.284]","(115.262, 117.151]","(12283743.15, 12556109.1]"
2017-05-05,116.86,117.07,116.68,117.01,7127199,"(116.847, 118.732]","(115.436, 117.327]","(116.407, 118.284]","(115.262, 117.151]","(7108790.1, 7381156.05]"
2017-05-08,117.03,117.14,116.68,116.75,5399231,"(116.847, 118.732]","(115.436, 117.327]","(116.407, 118.284]","(115.262, 117.151]","(5202228.45, 5474594.4]"
2017-05-09,116.18,116.24,115.56,116.05,6731322,"(114.962, 116.847]","(115.436, 117.327]","(114.53, 116.407]","(115.262, 117.151]","(6564058.2, 6836424.15]"
2017-05-10,116.42,116.5,115.86,116.04,4289058,"(114.962, 116.847]","(115.436, 117.327]","(114.53, 116.407]","(115.262, 117.151]","(4112764.65, 4385130.6]"
2017-05-11,116.21,116.845,116.185,116.5,6269298,"(114.962, 116.847]","(115.436, 117.327]","(114.53, 116.407]","(115.262, 117.151]","(6019326.3, 6291692.25]"
2017-05-12,117.07,117.16,116.73,116.83,5431553,"(116.847, 118.732]","(115.436, 117.327]","(116.407, 118.284]","(115.262, 117.151]","(5202228.45, 5474594.4]"
2017-05-15,117.52,117.54,116.99,117.14,4481661,"(116.847, 118.732]","(117.327, 119.218]","(116.407, 118.284]","(115.262, 117.151]","(4385130.6, 4657496.55]"
2017-05-16,117.45,117.91,117.4,117.65,4886627,"(116.847, 118.732]","(117.327, 119.218]","(116.407, 118.284]","(117.151, 119.039]","(4657496.55, 4929862.5]"
2017-05-17,119.36,120.02,119.27,119.79,13903835,"(118.732, 120.617]","(119.218, 121.109]","(118.284, 120.161]","(119.039, 120.927]","(13645572.9, 13917938.85]"
2017-05-18,119.77,119.84,118.56,118.81,10341141,"(118.732, 120.617]","(119.218, 121.109]","(118.284, 120.161]","(117.151, 119.039]","(10104815.55, 10377181.5]"
2017-05-19,119.39,119.545,118.88,119.4,6786234,"(118.732, 120.617]","(119.218, 121.109]","(118.284, 120.161]","(119.039, 120.927]","(6564058.2, 6836424.15]"
2017-05-22,119.63,120.14,119.58,119.9,5119866,"(118.732, 120.617]","(119.218, 121.109]","(118.284, 120.161]","(119.039, 120.927]","(4929862.5, 5202228.45]"
2017-05-23,120.13,120.19,118.984,119.14,8302685,"(118.732, 120.617]","(119.218, 121.109]","(118.284, 120.161]","(119.039, 120.927]","(8198253.9, 8470619.85]"
2017-05-24,119.07,119.743,118.915,119.61,7063961,"(118.732, 120.617]","(119.218, 121.109]","(118.284, 120.161]","(119.039, 120.927]","(6836424.15, 7108790.1]"
2017-05-25,119.52,119.695,119.29,119.48,4098779,"(118.732, 120.617]","(119.218, 121.109]","(118.284, 120.161]","(119.039, 120.927]","(3840398.7, 4112764.65]"
2017-05-26,120.49,120.79,120.33,120.54,6781066,"(118.732, 120.617]","(119.218, 121.109]","(120.161, 122.038]","(119.039, 120.927]","(6564058.2, 6836424.15]"
2017-05-30,120.24,120.33,119.95,120.14,4507008,"(118.732, 120.617]","(119.218, 121.109]","(118.284, 120.161]","(119.039, 120.927]","(4385130.6, 4657496.55]"
2017-05-31,120.31,121.23,120.26,120.62,10360346,"(118.732, 120.617]","(121.109, 123.0]","(120.161, 122.038]","(119.039, 120.927]","(10104815.55, 10377181.5]"
2017-06-01,120.17,120.74,120.06,120.72,8651355,"(118.732, 120.617]","(119.218, 121.109]","(118.284, 120.161]","(119.039, 120.927]","(8470619.85, 8742985.8]"
2017-06-02,121.31,121.71,121.19,121.61,7267177,"(120.617, 122.502]","(121.109, 123.0]","(120.161, 122.038]","(120.927, 122.815]","(7108790.1, 7381156.05]"
2017-06-05,121.91,121.94,121.58,121.73,3977967,"(120.617, 122.502]","(121.109, 123.0]","(120.161, 122.038]","(120.927, 122.815]","(3840398.7, 4112764.65]"
2017-06-06,123.09,123.31,122.77,123.1,10797836,"(122.502, 124.387]","(123.0, 124.891]","(122.038, 123.915]","(122.815, 124.704]","(10649547.45, 10921913.4]"
2017-06-07,122.79,123.16,122.015,122.45,9035278,"(122.502, 124.387]","(123.0, 124.891]","(120.161, 122.038]","(120.927, 122.815]","(9015351.75, 9287717.7]"
2017-06-08,122.07,122.07,120.95,121.65,8165774,"(120.617, 122.502]","(121.109, 123.0]","(120.161, 122.038]","(120.927, 122.815]","(7925887.95, 8198253.9]"
2017-06-09,120.46,120.91,120.4,120.54,7054264,"(118.732, 120.617]","(119.218, 121.109]","(120.161, 122.038]","(119.039, 120.927]","(6836424.15, 7108790.1]"
2017-06-12,120.33,120.685,120.265,120.36,4927253,"(118.732, 120.617]","(119.218, 121.109]","(120.161, 122.038]","(119.039, 120.927]","(4657496.55, 4929862.5]"
2017-06-13,119.95,120.71,119.92,120.48,3771563,"(118.732, 120.617]","(119.218, 121.109]","(118.284, 120.161]","(119.039, 120.927]","(3568032.75, 3840398.7]"
2017-06-14,121.51,121.88,119.57,119.82,21107668,"(120.617, 122.502]","(121.109, 123.0]","(118.284, 120.161]","(119.039, 120.927]","(20999453.55, 21271819.5]"
2017-06-15,119.22,119.5,119.128,119.32,6795536,"(118.732, 120.617]","(119.218, 121.109]","(118.284, 120.161]","(119.039, 120.927]","(6564058.2, 6836424.15]"
2017-06-16,119.35,119.5,119.24,119.34,6406585,"(118.732, 120.617]","(119.218, 121.109]","(118.284, 120.161]","(119.039, 120.927]","(6291692.25, 6564058.2]"
2017-06-19,118.74,118.84,118.33,118.43,6786863,"(118.732, 120.617]","(117.327, 119.218]","(118.284, 120.161]","(117.151, 119.039]","(6564058.2, 6836424.15]"
2017-06-20,118.42,118.46,118.07,118.18,4600377,"(116.847, 118.732]","(117.327, 119.218]","(116.407, 118.284]","(117.151, 119.039]","(4385130.6, 4657496.55]"
2017-06-21,118.15,118.66,118.15,118.52,4723749,"(116.847, 118.732]","(117.327, 119.218]","(116.407, 118.284]","(117.151, 119.039]","(4657496.55, 4929862.5]"
2017-06-22,119.13,119.198,118.6,118.92,5811252,"(118.732, 120.617]","(117.327, 119.218]","(118.284, 120.161]","(117.151, 119.039]","(5746960.35, 6019326.3]"
2017-06-23,119.65,119.66,119.31,119.43,9257553,"(118.732, 120.617]","(119.218, 121.109]","(118.284, 120.161]","(119.039, 120.927]","(9015351.75, 9287717.7]"
2017-06-26,118.29,118.535,118.17,118.36,6592425,"(116.847, 118.732]","(117.327, 119.218]","(116.407, 118.284]","(117.151, 119.039]","(6564058.2, 6836424.15]"
2017-06-27,118.87,119.05,118.481,118.81,5756236,"(118.732, 120.617]","(117.327, 119.218]","(118.284, 120.161]","(117.151, 119.039]","(5746960.35, 6019326.3]"
2017-06-28,119.06,119.06,118.685,118.9,4227720,"(118.732, 120.617]","(117.327, 119.218]","(118.284, 120.161]","(117.151, 119.039]","(4112764.65, 4385130.6]"
2017-06-29,117.97,118.64,117.91,118.32,7703964,"(116.847, 118.732]","(117.327, 119.218]","(116.407, 118.284]","(117.151, 119.039]","(7653522.0, 7925887.95]"
2017-06-30,118.08,118.41,117.95,118.02,7271979,"(116.847, 118.732]","(117.327, 119.218]","(116.407, 118.284]","(117.151, 119.039]","(7108790.1, 7381156.05]"
2017-07-03,116.54,116.85,115.94,116.09,12145049,"(114.962, 116.847]","(115.436, 117.327]","(114.53, 116.407]","(115.262, 117.151]","(12011377.2, 12283743.15]"
2017-07-05,115.91,116.67,115.87,116.52,7215785,"(114.962, 116.847]","(115.436, 117.327]","(114.53, 116.407]","(115.262, 117.151]","(7108790.1, 7381156.05]"
2017-07-06,116.58,116.61,116.24,116.47,4430237,"(114.962, 116.847]","(115.436, 117.327]","(114.53, 116.407]","(115.262, 117.151]","(4385130.6, 4657496.55]"
2017-07-07,115.78,115.79,114.8,115.28,11149924,"(114.962, 116.847]","(115.436, 117.327]","(114.53, 116.407]","(115.262, 117.151]","(10921913.4, 11194279.35]"
2017-07-10,115.02,115.57,114.83,115.47,4968464,"(114.962, 116.847]","(115.436, 117.327]","(114.53, 116.407]","(115.262, 117.151]","(4929862.5, 5202228.45]"
2017-07-11,115.26,115.77,114.88,115.62,6633033,"(114.962, 116.847]","(115.436, 117.327]","(114.53, 116.407]","(115.262, 117.151]","(6564058.2, 6836424.15]"
2017-07-12,116.21,116.33,115.87,116.03,4646803,"(114.962, 116.847]","(115.436, 117.327]","(114.53, 116.407]","(115.262, 117.151]","(4385130.6, 4657496.55]"
2017-07-13,116.04,116.04,115.67,115.82,4113038,"(114.962, 116.847]","(115.436, 117.327]","(114.53, 116.407]","(115.262, 117.151]","(4112764.65, 4385130.6]"
2017-07-14,117.04,117.25,116.64,116.77,5786710,"(116.847, 118.732]","(115.436, 117.327]","(116.407, 118.284]","(115.262, 117.151]","(5746960.35, 6019326.3]"
2017-07-17,117.42,117.53,117.23,117.29,5168086,"(116.847, 118.732]","(117.327, 119.218]","(116.407, 118.284]","(117.151, 119.039]","(4929862.5, 5202228.45]"
2017-07-18,117.99,118.33,117.88,118.11,7157008,"(116.847, 118.732]","(117.327, 119.218]","(116.407, 118.284]","(117.151, 119.039]","(7108790.1, 7381156.05]"
2017-07-19,118.18,118.27,117.836,118.08,3203714,"(116.847, 118.732]","(117.327, 119.218]","(116.407, 118.284]","(117.151, 119.039]","(3023300.85, 3295666.8]"
2017-07-20,117.92,118.62,117.66,118.24,5570453,"(116.847, 118.732]","(117.327, 119.218]","(116.407, 118.284]","(117.151, 119.039]","(5474594.4, 5746960.35]"
2017-07-21,119.0,119.39,118.751,119.26,10135619,"(118.732, 120.617]","(119.218, 121.109]","(118.284, 120.161]","(119.039, 120.927]","(10104815.55, 10377181.5]"
2017-07-24,119.52,119.576,119.18,119.31,3651081,"(118.732, 120.617]","(119.218, 121.109]","(118.284, 120.161]","(119.039, 120.927]","(3568032.75, 3840398.7]"
2017-07-25,118.99,119.32,118.79,118.92,6190203,"(118.732, 120.617]","(119.218, 121.109]","(118.284, 120.161]","(117.151, 119.039]","(6019326.3, 6291692.25]"
2017-07-26,118.57,120.15,118.55,119.88,8527602,"(116.847, 118.732]","(119.218, 121.109]","(118.284, 120.161]","(119.039, 120.927]","(8470619.85, 8742985.8]"
2017-07-27,120.1,120.14,119.28,119.79,6383696,"(118.732, 120.617]","(119.218, 121.109]","(118.284, 120.161]","(119.039, 120.927]","(6291692.25, 6564058.2]"
2017-07-28,120.15,120.856,120.14,120.69,7392937,"(118.732, 120.617]","(119.218, 121.109]","(118.284, 120.161]","(119.039, 120.927]","(7381156.05, 7653522.0]"
2017-07-31,120.5,120.805,120.45,120.75,3940070,"(118.732, 120.617]","(119.218, 121.109]","(120.161, 122.038]","(119.039, 120.927]","(3840398.7, 4112764.65]"
2017-08-01,120.44,121.14,120.44,120.65,7361056,"(118.732, 120.617]","(121.109, 123.0]","(120.161, 122.038]","(119.039, 120.927]","(7108790.1, 7381156.05]"
2017-08-02,120.51,121.02,120.34,120.4,5918341,"(118.732, 120.617]","(119.218, 121.109]","(120.161, 122.038]","(119.039, 120.927]","(5746960.35, 6019326.3]"
2017-08-03,120.31,120.83,120.31,120.59,4274456,"(118.732, 120.617]","(119.218, 121.109]","(120.161, 122.038]","(119.039, 120.927]","(4112764.65, 4385130.6]"
2017-08-04,119.97,120.039,119.22,119.65,8644008,"(118.732, 120.617]","(119.218, 121.109]","(118.284, 120.161]","(119.039, 120.927]","(8470619.85, 8742985.8]"
2017-08-07,119.43,119.79,119.43,119.51,3008338,"(118.732, 120.617]","(119.218, 121.109]","(118.284, 120.161]","(119.039, 120.927]","(2750934.9, 3023300.85]"
2017-08-08,120.02,120.12,118.97,119.86,7220415,"(118.732, 120.617]","(119.218, 121.109]","(118.284, 120.161]","(119.039, 120.927]","(7108790.1, 7381156.05]"
2017-08-09,121.02,121.55,120.76,121.31,9181911,"(120.617, 122.502]","(121.109, 123.0]","(120.161, 122.038]","(120.927, 122.815]","(9015351.75, 9287717.7]"
2017-08-10,122.08,122.44,122.03,122.21,9783464,"(120.617, 122.502]","(121.109, 123.0]","(120.161, 122.038]","(120.927, 122.815]","(9560083.65, 9832449.6]"
2017-08-11,122.24,122.83,122.03,122.79,8010893,"(120.617, 122.502]","(121.109, 123.0]","(120.161, 122.038]","(120.927, 122.815]","(7925887.95, 8198253.9]"
2017-08-14,121.98,122.24,121.685,121.92,6024478,"(120.617, 122.502]","(121.109, 123.0]","(120.161, 122.038]","(120.927, 122.815]","(6019326.3, 6291692.25]"
2017-08-15,120.6,121.23,120.583,120.98,6729194,"(118.732, 120.617]","(121.109, 123.0]","(120.161, 122.038]","(120.927, 122.815]","(6564058.2, 6836424.15]"
2017-08-16,120.66,122.06,120.66,121.87,8261411,"(120.617, 122.502]","(121.109, 123.0]","(120.161, 122.038]","(120.927, 122.815]","(8198253.9, 8470619.85]"
2017-08-17,122.29,122.61,121.76,122.49,8179988,"(120.617, 122.502]","(121.109, 123.0]","(120.161, 122.038]","(120.927, 122.815]","(7925887.95, 8198253.9]"
2017-08-18,123.37,123.54,122.0,122.3,13654124,"(122.502, 124.387]","(123.0, 124.891]","(120.161, 122.038]","(120.927, 122.815]","(13645572.9, 13917938.85]"
2017-08-21,122.54,122.981,122.5,122.76,5549100,"(122.502, 124.387]","(121.109, 123.0]","(122.038, 123.915]","(120.927, 122.815]","(5474594.4, 5746960.35]"
2017-08-22,122.56,122.56,121.85,122.21,6492384,"(122.502, 124.387]","(121.109, 123.0]","(120.161, 122.038]","(120.927, 122.815]","(6291692.25, 6564058.2]"
2017-08-23,122.58,122.69,122.31,122.67,5027832,"(122.502, 124.387]","(121.109, 123.0]","(122.038, 123.915]","(120.927, 122.815]","(4929862.5, 5202228.45]"
2017-08-24,122.39,122.64,122.13,122.29,4193036,"(120.617, 122.502]","(121.109, 123.0]","(122.038, 123.915]","(120.927, 122.815]","(4112764.65, 4385130.6]"
2017-08-25,122.77,123.02,121.29,122.74,12397782,"(122.502, 124.387]","(123.0, 124.891]","(120.161, 122.038]","(120.927, 122.815]","(12283743.15, 12556109.1]"
2017-08-28,123.33,124.73,123.33,124.69,11494307,"(122.502, 124.387]","(123.0, 124.891]","(122.038, 123.915]","(122.815, 124.704]","(11466645.3, 11739011.25]"
2017-08-29,125.81,125.87,124.055,124.42,9852211,"(124.387, 126.272]","(124.891, 126.782]","(123.915, 125.792]","(122.815, 124.704]","(9832449.6, 10104815.55]"
2017-08-30,124.33,124.62,124.16,124.36,6327927,"(122.502, 124.387]","(123.0, 124.891]","(123.915, 125.792]","(122.815, 124.704]","(6291692.25, 6564058.2]"
2017-08-31,124.58,125.84,124.55,125.82,11770513,"(124.387, 126.272]","(124.891, 126.782]","(123.915, 125.792]","(124.704, 126.592]","(11739011.25, 12011377.2]"
2017-09-01,126.01,126.17,125.12,126.06,11561838,"(124.387, 126.272]","(124.891, 126.782]","(123.915, 125.792]","(124.704, 126.592]","(11466645.3, 11739011.25]"
2017-09-05,126.65,127.78,126.57,127.46,11797701,"(126.272, 128.157]","(126.782, 128.673]","(125.792, 127.669]","(126.592, 128.48]","(11739011.25, 12011377.2]"
2017-09-06,127.34,127.44,126.55,126.81,10053694,"(126.272, 128.157]","(126.782, 128.673]","(125.792, 127.669]","(126.592, 128.48]","(9832449.6, 10104815.55]"
2017-09-07,127.56,128.32,127.39,128.13,10204149,"(126.272, 128.157]","(126.782, 128.673]","(125.792, 127.669]","(126.592, 128.48]","(10104815.55, 10377181.5]"
2017-09-08,128.205,128.3,127.59,127.97,9019802,"(128.157, 130.042]","(126.782, 128.673]","(125.792, 127.669]","(126.592, 128.48]","(9015351.75, 9287717.7]"
2017-09-11,126.74,126.94,126.045,126.19,9106786,"(126.272, 128.157]","(126.782, 128.673]","(125.792, 127.669]","(124.704, 126.592]","(9015351.75, 9287717.7]"
2017-09-12,126.03,126.59,125.94,126.56,8338701,"(124.387, 126.272]","(124.891, 126.782]","(125.792, 127.669]","(124.704, 126.592]","(8198253.9, 8470619.85]"
2017-09-13,126.4,126.45,125.5,125.61,8474852,"(126.272, 128.157]","(124.891, 126.782]","(123.915, 125.792]","(124.704, 126.592]","(8470619.85, 8742985.8]"
2017-09-14,125.66,126.44,125.62,126.16,5285917,"(124.387, 126.272]","(124.891, 126.782]","(123.915, 125.792]","(124.704, 126.592]","(5202228.45, 5474594.4]"
2017-09-15,125.99,125.99,125.41,125.53,7689359,"(124.387, 126.272]","(124.891, 126.782]","(123.915, 125.792]","(124.704, 126.592]","(7653522.0, 7925887.95]"
2017-09-18,124.71,124.76,123.965,124.36,8835622,"(124.387, 126.272]","(123.0, 124.891]","(123.915, 125.792]","(122.815, 124.704]","(8742985.8, 9015351.75]"
2017-09-19,124.49,124.65,124.03,124.62,5824242,"(124.387, 126.272]","(123.0, 124.891]","(123.915, 125.792]","(122.815, 124.704]","(5746960.35, 6019326.3]"
2017-09-20,124.68,125.06,123.15,123.62,11402687,"(124.387, 126.272]","(124.891, 126.782]","(122.038, 123.915]","(122.815, 124.704]","(11194279.35, 11466645.3]"
2017-09-21,122.56,123.07,122.49,122.68,7754508,"(122.502, 124.387]","(123.0, 124.891]","(122.038, 123.915]","(120.927, 122.815]","(7653522.0, 7925887.95]"
2017-09-22,123.03,123.39,122.935,123.24,6011635,"(122.502, 124.387]","(123.0, 124.891]","(122.038, 123.915]","(122.815, 124.704]","(5746960.35, 6019326.3]"
2017-09-25,122.78,124.66,122.71,124.53,10235714,"(122.502, 124.387]","(123.0, 124.891]","(122.038, 123.915]","(122.815, 124.704]","(10104815.55, 10377181.5]"
2017-09-26,123.57,123.81,122.9,123.14,8653338,"(122.502, 124.387]","(123.0, 124.891]","(122.038, 123.915]","(122.815, 124.704]","(8470619.85, 8742985.8]"
2017-09-27,122.04,122.51,121.88,121.98,6902000,"(120.617, 122.502]","(121.109, 123.0]","(120.161, 122.038]","(120.927, 122.815]","(6836424.15, 7108790.1]"
2017-09-28,122.04,122.475,121.83,122.21,5952132,"(120.617, 122.502]","(121.109, 123.0]","(120.161, 122.038]","(120.927, 122.815]","(5746960.35, 6019326.3]"
2017-09-29,122.29,122.3,121.55,121.58,10207243,"(120.617, 122.502]","(121.109, 123.0]","(120.161, 122.038]","(120.927, 122.815]","(10104815.55, 10377181.5]"
2017-10-02,121.17,121.34,120.74,120.77,11748449,"(120.617, 122.502]","(121.109, 123.0]","(120.161, 122.038]","(119.039, 120.927]","(11739011.25, 12011377.2]"
2017-10-03,120.72,121.1,120.704,120.83,3727618,"(120.617, 122.502]","(119.218, 121.109]","(120.161, 122.038]","(119.039, 120.927]","(3568032.75, 3840398.7]"
2017-10-04,121.21,121.27,120.71,121.17,6465840,"(120.617, 122.502]","(121.109, 123.0]","(120.161, 122.038]","(120.927, 122.815]","(6291692.25, 6564058.2]"
2017-10-05,121.15,121.24,120.395,120.52,6204168,"(120.617, 122.502]","(121.109, 123.0]","(120.161, 122.038]","(119.039, 120.927]","(6019326.3, 6291692.25]"
2017-10-06,120.26,121.21,119.784,121.09,10010545,"(118.732, 120.617]","(121.109, 123.0]","(118.284, 120.161]","(120.927, 122.815]","(9832449.6, 10104815.55]"
2017-10-09,121.64,122.08,121.551,122.08,5239462,"(120.617, 122.502]","(121.109, 123.0]","(120.161, 122.038]","(120.927, 122.815]","(5202228.45, 5474594.4]"
2017-10-10,122.62,122.739,122.36,122.4,9314834,"(122.502, 124.387]","(121.109, 123.0]","(122.038, 123.915]","(120.927, 122.815]","(9287717.7, 9560083.65]"
2017-10-11,122.57,122.88,122.03,122.79,5645183,"(122.502, 124.387]","(121.109, 123.0]","(120.161, 122.038]","(120.927, 122.815]","(5474594.4, 5746960.35]"
2017-10-12,122.84,123.035,122.5,122.89,3010726,"(122.502, 124.387]","(123.0, 124.891]","(122.038, 123.915]","(122.815, 124.704]","(2750934.9, 3023300.85]"
2017-10-13,123.66,123.86,123.34,123.82,6808619,"(122.502, 124.387]","(123.0, 124.891]","(122.038, 123.915]","(122.815, 124.704]","(6564058.2, 6836424.15]"
2017-10-16,123.82,123.97,122.57,122.97,8199763,"(122.502, 124.387]","(123.0, 124.891]","(122.038, 123.915]","(122.815, 124.704]","(8198253.9, 8470619.85]"
2017-10-17,122.03,122.32,121.73,122.13,7037155,"(120.617, 122.502]","(121.109, 123.0]","(120.161, 122.038]","(120.927, 122.815]","(6836424.15, 7108790.1]"
2017-10-18,121.71,121.94,121.55,121.67,3663554,"(120.617, 122.502]","(121.109, 123.0]","(120.161, 122.038]","(120.927, 122.815]","(3568032.75, 3840398.7]"
2017-10-19,122.2,122.55,122.111,122.39,5562154,"(120.617, 122.502]","(121.109, 123.0]","(122.038, 123.915]","(120.927, 122.815]","(5474594.4, 5746960.35]"
2017-10-20,121.68,121.98,121.39,121.61,8480907,"(120.617, 122.502]","(121.109, 123.0]","(120.161, 122.038]","(120.927, 122.815]","(8470619.85, 8742985.8]"
2017-10-23,120.98,121.9,120.96,121.8,5069100,"(120.617, 122.502]","(121.109, 123.0]","(120.161, 122.038]","(120.927, 122.815]","(4929862.5, 5202228.45]"
2017-10-24,121.255,121.71,120.98,121.33,5080322,"(120.617, 122.502]","(121.109, 123.0]","(120.161, 122.038]","(120.927, 122.815]","(4929862.5, 5202228.45]"
2017-10-25,121.31,121.59,120.84,121.35,4282252,"(120.617, 122.502]","(121.109, 123.0]","(120.161, 122.038]","(120.927, 122.815]","(4112764.65, 4385130.6]"
2017-10-26,121.16,121.16,120.22,120.33,6406357,"(120.617, 122.502]","(121.109, 123.0]","(120.161, 122.038]","(119.039, 120.927]","(6291692.25, 6564058.2]"
2017-10-27,120.38,120.99,120.21,120.9,6663178,"(118.732, 120.617]","(119.218, 121.109]","(120.161, 122.038]","(119.039, 120.927]","(6564058.2, 6836424.15]"
2017-10-30,120.94,121.47,120.8,121.13,5117133,"(120.617, 122.502]","(121.109, 123.0]","(120.161, 122.038]","(120.927, 122.815]","(4929862.5, 5202228.45]"
2017-10-31,120.82,120.84,120.38,120.67,3910495,"(120.617, 122.502]","(119.218, 121.109]","(120.161, 122.038]","(119.039, 120.927]","(3840398.7, 4112764.65]"
2017-11-01,120.98,121.55,120.835,121.11,4647587,"(120.617, 122.502]","(121.109, 123.0]","(120.161, 122.038]","(120.927, 122.815]","(4385130.6, 4657496.55]"
2017-11-02,121.29,121.96,121.05,121.19,5368199,"(120.617, 122.502]","(121.109, 123.0]","(120.161, 122.038]","(120.927, 122.815]","(5202228.45, 5474594.4]"
2017-11-03,121.36,121.43,120.184,120.62,6329542,"(120.617, 122.502]","(121.109, 123.0]","(120.161, 122.038]","(119.039, 120.927]","(6291692.25, 6564058.2]"
2017-11-06,120.72,121.85,120.68,121.65,6952387,"(120.617, 122.502]","(121.109, 123.0]","(120.161, 122.038]","(120.927, 122.815]","(6836424.15, 7108790.1]"
2017-11-07,121.15,121.31,120.93,121.21,4164336,"(120.617, 122.502]","(121.109, 123.0]","(120.161, 122.038]","(120.927, 122.815]","(4112764.65, 4385130.6]"
2017-11-08,121.95,122.25,121.59,121.63,5564212,"(120.617, 122.502]","(121.109, 123.0]","(120.161, 122.038]","(120.927, 122.815]","(5474594.4, 5746960.35]"
2017-11-09,121.85,122.41,121.73,122.13,6072394,"(120.617, 122.502]","(121.109, 123.0]","(120.161, 122.038]","(120.927, 122.815]","(6019326.3, 6291692.25]"
2017-11-10,121.99,122.11,120.935,121.13,7100175,"(120.617, 122.502]","(121.109, 123.0]","(120.161, 122.038]","(120.927, 122.815]","(6836424.15, 7108790.1]"
