Date,Open,High,Low,Close,Volume
2008-06-26,0.3831335392346752,0.37175454496987803,0.3784100070215589,0.37492471654141246,0.008329849563540841
2008-06-27,0.41773543422499093,0.40542197579570294,0.3766416144384054,0.37303935688287226,0.021524497661194547
2008-06-30,0.42383395278228553,0.4116329903502691,0.37887811094062884,0.37395585116132923,0.018043847662546457
2008-07-01,0.3652567659529916,0.36285120221783873,0.3424440225730113,0.3640315274031791,0.05553025056104292
2008-07-02,0.3744961524367899,0.36482379911499696,0.35679920942449217,0.34769174369582867,0.07914085037260737
2008-07-03,0.3570643354446946,0.3445380391320574,0.34969963331859677,0.35070308203933087,0.010385793706751857
2008-07-07,0.3572999005391825,0.34435144212827207,0.3438223285569396,0.3484249391185943,0.0560606155145268
2008-07-08,0.34235460398890216,0.3388601588740203,0.32972719943827544,0.3505197831836393,0.054512157836610155
2008-07-09,0.371145893315186,0.3579730234045957,0.34603281928588137,0.3377150488360523,0.02399017472925389
2008-07-10,0.34669947128723233,0.3330756517566775,0.3393493355524927,0.33601298803320345,0.014244978691808045
2008-07-11,0.3453384285190809,0.3316895025857014,0.33011728603750046,0.3312210322344131,0.01626972489657883
2008-07-14,0.35777103072815775,0.34435144212827207,0.33211973058018895,0.3275812406713976,0.03483769792492112
2008-07-15,0.3186410511437995,0.313029802207176,0.3110290484487558,0.31111052920998206,0.019006824029068156
2008-07-16,0.31366801026016866,0.3194807271951805,0.3165942839310326,0.33279216528319666,0.017725628690456137
2008-07-17,0.34669947128723233,0.3379005171402676,0.3447845421683614,0.34659195056168013,0.020542802531608707
2008-07-18,0.3505732083965868,0.33862024844058225,0.3406496242165761,0.3454921574275316,0.011168861961601577
2008-07-21,0.3598387687797727,0.34645732259956286,0.35461472446883213,0.3488700934824165,0.011053429589372733
2008-07-22,0.3464639061927447,0.3420856213680228,0.34787922918888003,0.35499751237267296,0.024514300095049714
2008-07-23,0.371145893315186,0.3597856800127952,0.36943801523938313,0.3635863730393569,0.04597848174192649
2008-07-24,0.36185415903261264,0.34850988964120067,0.34787922918888003,0.33915525413077074,0.03727113712325889
2008-07-25,0.3397110401507616,0.33078317428160164,0.3464229058851064,0.3438948388279348,0.0
2008-07-28,0.3510705124849499,0.3375273231326972,0.31461784516162583,0.3264552619864358,0.07564148161089515
2008-07-29,0.32929382819452446,0.3236125179932825,0.335708527293059,0.33685092565922115,0.012880588850688745
2008-07-30,0.3498926870125111,0.34256544223489893,0.35503081684133886,0.35499751237267296,0.029413416361446836
2008-07-31,0.3586609433073339,0.34525777043237205,0.3527943203391154,0.3438948388279348,0.006961299997296179
2008-08-01,0.3440035596503167,0.3724742762701927,0.34265206875926457,0.3375055644295477,0.04520269300604616
2008-08-04,0.35258859864942693,0.33907341259263224,0.3309494707825137,0.3216633061876457,0.02203198412648892
2008-08-05,0.35531068418573,0.3427786959535106,0.33417418666944065,0.3479274136531463,0.031278013148891115
2008-08-06,0.35214364235983886,0.3473903076184892,0.3534704704444386,0.35525936788080337,0.01577367767537921
2008-08-07,0.35319059833533994,0.3396865170336407,0.3393493355524927,0.3301212391002646,0.043881980278743175
2008-08-08,0.3317803486363399,0.3319294130191397,0.32738667984292513,0.3443399931917568,0.038099962354487614
2008-08-11,0.3498926870125111,0.34067281548222006,0.34787922918888003,0.3508863808950222,0.03046270702431983
2008-08-12,0.3523792074543265,0.3388601588740203,0.3410917223623645,0.33577731807588584,0.03048142578738397
2008-08-13,0.3328534785112286,0.31897424961347753,0.3236158427170833,0.32381052135431676,0.04227632638035278
2008-08-14,0.3107627074281526,0.3151356826784668,0.3195589420851429,0.3285239205006678,0.0944954357416062
2008-08-15,0.3306810448620635,0.31769472730180737,0.3065300496710269,0.3275812406713976,0.015485616710447772
2008-08-18,0.33853321467832276,0.32475875673082055,0.3188827919798195,0.3097488805677029,0.017516602502906604
2008-08-19,0.31099827252264045,0.2967158927333795,0.30827243648089875,0.3006886799863835,0.01984812843567297
2008-08-20,0.31251635868711725,0.29826198219331457,0.3114451408212623,0.31019403493152464,0.013761410645984512
2008-08-21,0.29901062660315125,0.3071120115157009,0.30788234988167373,0.3182853701327608,0.013956917726876608
2008-08-22,0.32717374234413443,0.3178813243055927,0.32946714170545854,0.32402000576082135,0.016050299396215897
2008-08-25,0.29901062660315125,0.3063922802153862,0.30788234988167373,0.3043808426510253,0.05002069463249868
2008-08-26,0.2996126262890647,0.29602281814789144,0.30767430369542026,0.3097488805677029,0.03476074301010189
2008-08-27,0.30940166466000096,0.3040464893106576,0.31503393753413256,0.31111052920998206,0.02075494851300226
2008-08-28,0.3321991310265403,0.3201471450658422,0.3344082386289756,0.33344680405352345,0.030272399599834438
2008-08-29,0.34261634298277766,0.32891720424374915,0.3323537825397239,0.32381052135431676,0.013292401638099754
2008-09-02,0.3243731351096687,0.31873433918003946,0.3033833511039451,0.29390662232580067,0.023814426342707272
2008-09-03,0.30346018949903153,0.299434877645679,0.3069981535900971,0.2975464138888162,0.0261324331688162
2008-09-04,0.3046903627702454,0.2902916244602014,0.2687696668660443,0.2590536541936159,0.12670522731857878
2008-09-05,0.27184211903889455,0.2568374473529884,0.2512417756741997,0.25248108093953747,0.08018910110419904
2008-09-08,0.31031775113856475,0.29602281814789144,0.2797961147374718,0.280761475817644,0.05510699852953716
2008-09-09,0.2897188923205779,0.2750439835794638,0.2616180792135855,0.25520437822409603,0.040294217358116974
2008-09-10,0.2707428152646182,0.2568374473529884,0.26289236210438727,0.263321898976145,0.04972743401116054
2008-09-11,0.2444642202795373,0.2481207016047342,0.249889475463553,0.26269344575663145,0.07544181480487769
2008-09-12,0.2707428152646182,0.2624087007517193,0.26720932046914414,0.27395323260624793,0.012148477228624733
2008-09-15,0.2582840391561535,0.2533454177107215,0.23839492367305548,0.23210872240697578,0.13828798193015404
2008-09-16,0.22098623252892213,0.23383270245774912,0.21350739864249868,0.24839613501269997,0.14383393545354523
2008-09-17,0.2354342249908391,0.23154022498267302,0.20409330871453468,0.19455864254104593,0.13134124097079664
2008-09-18,0.18164686174946343,0.22919443407794438,0.07526070787714867,0.2441017046793581,0.14446725360388185
2008-09-19,0.31709679107993505,0.3858559471130778,0.2815645073206251,0.3031501217628112,0.08323921955237198
2008-09-22,0.30346018949903153,0.30244708642106954,0.26827555717369267,0.2651810730838724,0.058999461315596254
2008-09-23,0.2801915929435167,0.2845071173428586,0.25844537487322194,0.27175364633795085,0.10314558413980005
2008-09-24,0.31709679107993505,0.3029269072879459,0.24380412451564248,0.2395716043886984,0.04250615119352913
2008-09-25,0.26841333821912794,0.2648611185157541,0.2555587340389567,0.2676425148603001,0.05961822042799412
2008-09-26,0.24357430770036115,0.26952604361038546,0.25280212207109976,0.27738353976275887,0.10006322782190553
2008-09-29,0.2639114275244726,0.2487604627605693,0.1630822042493434,0.21241718819555377,0.11179989226311925
2008-09-30,0.22431031775113863,0.27989550567788024,0.2038592567549996,0.22626934457566317,0.1073344273410413
2008-10-01,0.19470763754384135,0.20685610705336688,0.20424934335422462,0.2119982193825447,0.09781801618549046
2008-10-02,0.20831806522535734,0.1981127045902863,0.17077991314071728,0.16038649873000077,0.17302168672694107
2008-10-03,0.1949432026383291,0.17899984005971104,0.16290016383637174,0.15245227683364326,0.12375182247957053
2008-10-06,0.1497147044966759,0.13245721597270355,0.08605310378904119,0.10948178794940944,0.220520548002188
2008-10-07,0.14115583939695342,0.12374047022444956,0.07861545263048397,0.07017727617900449,0.17531577513357915
2008-10-08,0.07870491545830505,0.06109719038225725,0.05195953501677375,0.057451098483856655,0.13032522810892655
2008-10-09,0.06949170287389417,0.053233459508450154,0.0007021558786051152,0.018958338788656492,0.15967000900580489
2008-10-13,0.11919593781081517,0.10137548648504568,0.039736821574389514,0.09455602398596452,0.433101220671338
2008-10-14,0.1467570538658849,0.129445007197313,0.07167191116427851,0.11238838408965945,0.2730193988781221
2008-10-15,0.06127309846620954,0.049501519432745056,0.004707044963981999,0.008117520752048968,0.15868519408237503
2008-10-17,0.01701303460189496,0.028842565442234958,0.012404753855355888,0.018513184424834406,0.09094407041582692
2008-10-20,0.027665811652620054,0.05416644452737651,0.028138246690765367,0.07216737804079709,0.12579424751612414
2008-10-21,0.06378579280741248,0.04494322119741967,0.029880633500637188,0.021550708319149514,0.1820170923105401
2008-10-30,0.03554415536826683,0.01618062589966407,0.0044729930044470345,0.01764906124800336,0.07421365596161406
2008-11-03,0.03779511071559438,0.01935277496401344,0.010324291992822365,0.01801565895938617,0.08994885617958365
2008-11-04,0.038658849395383,0.04334381830783174,0.04610823602839831,0.05923171593914478,0.12436954166068706
2008-11-05,0.06802596450819243,0.04926160899930687,0.028138246690765367,0.016994422477676907,0.16431122231442946
2008-11-10,0.029393289012197066,0.009916297915444905,0.0,0.0,0.16314961907317163
2009-01-02,0.0,0.00282561177160523,0.008139807037162217,0.019429678703291597,0.23625158849503225
2009-01-05,0.04004606606292216,0.020765580849816057,0.01685174108652121,0.021734007174840864,0.27433179215517434
2009-01-06,0.013767471077841154,0.005811163832169286,0.02233895924895324,0.018958338788656492,0.12189346527981432
2009-01-07,0.019656598440035644,0.0,0.006787506826515521,0.002042472963418751,0.08859174585743373
2009-05-04,0.015887556928231183,0.005331342965292918,0.014615244584297638,0.024195448951268683,0.09184985056187488
2009-05-05,0.025362508506517334,0.005811163832169286,0.02473149039086686,0.019691534211422113,0.08234487865041878
2009-05-06,0.026278594985080894,0.01780668550407849,0.03289730320131068,0.03192018644112171,0.16489878348838707
2009-05-07,0.0495210176412082,0.030415311616996288,0.026109796374795158,0.023017099164680865,0.12231879717388275
2009-05-08,0.039339370779458815,0.034600415844751264,0.04493797623072315,0.050485741967582376,0.24551321648665456
2009-05-11,0.06127309846620954,0.042384176574079,0.03711023847294104,0.027390086150462234,0.1253231586456767
2009-05-12,0.03386902580746487,0.017086954203763938,0.03289730320131068,0.03171070203461723,0.037173383582812844
2009-05-13,0.0302832015913731,0.010822626219544662,0.018048006657477966,0.00900782947969303,0.0415119768885672
2009-05-14,0.008349473904622373,0.0014394626006291045,0.017111798819337887,0.014716279556940437,0.020380573251719526
2009-05-15,0.013767471077841154,0.0019192834675054726,0.018516110576548006,0.010657519180915953,0.034243897163275444
2009-05-18,0.027194681463644566,0.02145865543530412,0.031727043403635635,0.04003770719317079,0.8061651286083015
2009-05-19,0.03598911165785479,0.03113504291731084,0.046550334174186636,0.043153787739925176,0.06701629156345348
2009-05-20,0.043841281474114036,0.04099802740310288,0.05396197955946225,0.042761004477729236,0.08109176145640296
2009-05-21,0.03687902423703082,0.018019939222690184,0.03578394403557583,0.0355076069025112,0.08683946164837428
2009-05-22,0.036669633041930605,0.025803699952017922,0.04470392427118819,0.03820471863625652,0.0667396698426168
2009-05-26,0.03177511385646237,0.03761262462014181,0.031258939484565595,0.05449213124198071,0.09243637180455115
2009-05-27,0.057922839344605626,0.039425281228341436,0.04899487686266357,0.04095420147162798,0.04839632197104415
2009-05-28,0.04454797675757738,0.03641307245295089,0.04881283644969181,0.05360182251433665,0.027436506995617727
2009-05-29,0.06425692299638808,0.04678253452044567,0.06517046784386138,0.06491398046557906,0.032665281478199915
2009-06-01,0.0674239648222793,0.0767446819853922,0.07778326788547063,0.08892613056115639,0.12137661943298786
2009-06-02,0.08705438936292731,0.07378578663965452,0.0867812654409279,0.08751211081725108,0.048837252834332705
2009-06-03,0.0755116997330263,0.060137548648504624,0.07286817673523527,0.07017727617900449,0.02987826564420623
2009-06-04,0.07624456891587716,0.06219011569014232,0.07838140067094901,0.07803294142292283,0.08784715505999363
2009-06-05,0.08817986703659109,0.06978727941568474,0.07838140067094901,0.07397418104689835,0.08655660033984955
2009-06-08,0.0674239648222793,0.05464626539425288,0.0679270798117182,0.07017727617900449,0.030064413343566257
2009-06-09,0.0739936135685495,0.05992429492989282,0.08095597222583417,0.0774044882034094,0.06444350157341602
2009-06-10,0.08072030571114486,0.06682838406994718,0.07861545263048397,0.07483830422372939,0.03217651377596968
2009-06-11,0.08867717112495421,0.0783440848749799,0.08836761761110967,0.0873026264107466,0.11530758047508222
2009-06-12,0.08344239124744801,0.06730820493682355,0.08836761761110967,0.08507685459163639,0.11187164752153178
2009-06-15,0.0827618698633722,0.06426933944660651,0.06452032351181958,0.059703055853779885,0.05420329824605189
2009-06-16,0.07674187300424018,0.05813829503651968,0.05846097833719088,0.04883605226635945,0.12141093716527213
2009-06-17,0.054075276134638584,0.03505357999680114,0.04813668634436841,0.04548430176228757,0.08509549688956554
2009-06-18,0.04567345443124127,0.03481366956336296,0.05396197955946225,0.047291104768388825,0.08350752182295794
2009-06-19,0.04821232267183162,0.039905102095217804,0.05869503029672585,0.049543062138312055,0.19915307996447593
2009-06-22,0.04821232267183162,0.02908247587567303,0.036434088367617634,0.025111943229725875,0.08506949860753202
2009-06-23,0.03779511071559438,0.018473103374740063,0.03869659064312281,0.03343894838827932,0.019904284724865377
2009-06-24,0.04617075851960428,0.03318760995894865,0.04813668634436841,0.040744717065123504,0.04289404556146929
2009-06-25,0.039339370779458815,0.03918537079490325,0.04566613788260998,0.057451098483856655,0.040374292066780226
2009-06-26,0.0603831858870334,0.06317641413872155,0.06407822536603125,0.05792243839849176,0.016018061526494327
2009-06-29,0.06334083651782452,0.04803540011728957,0.06748498166592987,0.06444264055094395,0.03254880917468973
2009-06-30,0.06718839972779145,0.048408594124860094,0.05905911112266926,0.05093089633140435,0.13319647837670887
2009-07-01,0.06441396639271313,0.0519006237671269,0.07463656931838869,0.06514965042289667,0.11257984072412494
2009-07-02,0.05860336072868144,0.03966519166177962,0.05240163316256208,0.04118987142894559,0.053964114051343486
2009-07-06,0.031513374862587096,0.02145865543530412,0.040230931266741266,0.04003770719317079,0.11423541132401971
2009-07-07,0.04187823902004928,0.02263155088766866,0.03414558031883075,0.024195448951268683,0.10453493233167152
2009-07-08,0.023713552845102903,0.009916297915444905,0.021168699451278195,0.022152975987849932,0.06929998065727817
2009-07-09,0.030047636496885355,0.014021431998720524,0.036902192286687674,0.028935033648432862,0.024775322846666288
2009-07-10,0.02329477045490247,0.00647758170283097,0.028138246690765367,0.025321427636230354,0.17340438143847453
2009-07-13,0.027665811652620054,0.02263155088766866,0.027488102358723676,0.0402733771504884,0.2180278327208138
2009-07-14,0.04617075851960428,0.04494322119741967,0.049202923048916825,0.04548430176228757,0.13057481161644838
2009-07-15,0.06221535884416063,0.056378951857973036,0.07078771487270175,0.0726387179554322,0.3268680805572367
2009-07-16,0.06991048526409471,0.06152369781948075,0.07861545263048397,0.07651417947576533,0.17782304945289215
2009-07-17,0.07648013401036491,0.06197686197153063,0.08293241099524096,0.07824242582942731,0.07656078086360053
2009-07-20,0.09139925666125748,0.07647811483712741,0.0961953553688919,0.09384901411401181,0.10874457415853961
2009-07-21,0.10223525100769515,0.08500826358159619,0.09728759784672203,0.09384901411401181,0.10596587777479664
2009-07-22,0.09187038685023297,0.08386202484405814,0.09796374795204532,0.09636282699206578,0.25750674395435946
2009-07-24,0.1130450714547454,0.10020259103268103,0.11598574883624169,0.11738982429495404,0.08840455822679237
2009-07-27,0.11919593781081517,0.10342805352668338,0.12139494967882869,0.12055827594333446,0.03709226894286825
2009-07-28,0.11445846202167198,0.10020259103268103,0.11684393935453674,0.11697085548194508,0.02850139662771084
2009-07-29,0.11537454850023565,0.09748360612038176,0.11465945439887659,0.10764879939249516,0.04964215964609058
2009-07-30,0.12416897869444588,0.11561017220237779,0.13257743218994622,0.12511456178480718,0.07241353491361291
2009-07-31,0.12963932366643993,0.12024844058218265,0.13512599797154967,0.13168713503888552,0.08203809892242321
2009-08-03,0.1488509658168874,0.1354427680332676,0.1529919642160561,0.15069784492916816,0.08706824653026927
2009-08-04,0.1422813170706172,0.13520285759982942,0.15039138688788922,0.14771269213647908,0.10984794124804233
2009-08-05,0.14858922682301212,0.13341685770645628,0.14719267677424386,0.146796197858022,0.12979278329288
2009-08-06,0.15327435481338014,0.1370688276376819,0.14610043429641384,0.1409568200267094,0.05623948369491743
2009-08-07,0.14790870543893642,0.1349896038812176,0.1523938314305776,0.1472675377726571,0.1790948854099721
2009-08-10,0.14790870543893642,0.13061790264967754,0.14633448625594891,0.14163764434784887,0.0740951037955412
2009-08-11,0.13864314505575037,0.12232766433864695,0.13796062725925162,0.13210610385189459,0.08177811610208797
2009-08-12,0.1327540176935561,0.1310710668017273,0.1416274412919668,0.14187331430516648,0.05476902086310136
2009-08-13,0.15918965607496205,0.14210694673988378,0.1529919642160561,0.15287124564665222,0.29362771708045526
2009-08-14,0.1549494843741821,0.13778855893799657,0.1470106363612722,0.14368011731126773,0.057028791537455194
2009-08-17,0.12233680573731875,0.10529402356453588,0.12425558473981224,0.11718033988844967,0.07439356407328604
2009-08-18,0.12537297806627234,0.11457056032414559,0.13192728785790453,0.1289900233051403,0.12988013752051264
2009-08-19,0.11964089410040302,0.12070160473423264,0.11957454554911195,0.13252507266490354,0.06958596175964693
2009-08-20,0.13796262367167467,0.12875193261182505,0.1476347749200323,0.14273743748199752,0.0764203901406195
2009-08-21,0.15327435481338014,0.147225035986565,0.16165188671885167,0.160857838644636,0.14921869962832857
2009-08-24,0.16261843689472866,0.15524870714933103,0.17033781499492884,0.16198381732959755,0.21286457390895608
2009-08-25,0.1727739098570905,0.1575678413392333,0.17439471562686903,0.16444525910602537,0.9346819162189761
2009-08-26,0.16261843689472866,0.147225035986565,0.16656697786908703,0.16151247741496244,0.5395184286222365
2009-08-27,0.15877087368476162,0.15274297595564323,0.1607156788807116,0.16423577469952078,0.20724894498971508
2009-08-28,0.17688321206093294,0.16012688596257407,0.16989571684914062,0.1640262902930163,0.10655551881131695
2009-08-31,0.17167460608281415,0.15482219971210742,0.1597794710425714,0.15522794521982763,0.2539553786285802
2009-09-01,0.15445218028581909,0.1455989763821507,0.14355186851481017,0.13553641100840563,0.36508451521523455
2009-09-02,0.13408888656232,0.12443354480993751,0.14004108912178503,0.13708135850637615,0.044047329352476385
2009-09-03,0.14701879285976016,0.13013808178280117,0.14807687306582074,0.146796197858022,0.08068306846283597
2009-09-04,0.15042139978013924,0.14397291677773638,0.154396275973266,0.15813454136007754,0.0865326819203787
2009-09-08,0.1784798199235723,0.16447193047928776,0.17980391646945626,0.17460525282149308,0.09331199394344021
2009-09-09,0.17167460608281415,0.170443034600416,0.18136426286635632,0.1830108146324858,0.11554676466979061
2009-09-10,0.18455216458147938,0.17689395958842036,0.18742360804098512,0.19272565398413155,0.1104084642086851
2009-09-11,0.1960948542113804,0.18243855627232497,0.19818999817959593,0.19165204640079614,0.07115729792575307
2009-09-14,0.20423493692090244,0.18798315295622958,0.19280680311029053,0.19455864254104593,0.047437505329647814
2009-09-15,0.19517876773281684,0.1852641680439303,0.19733180766130087,0.19861740291707042,0.09198088190332383
2009-09-16,0.21033345547819715,0.20109825665085046,0.21301328895014704,0.21493100107360763,0.15814131002223372
2009-09-17,0.21483536617285237,0.21082795756251016,0.2186305359789873,0.21333368247401086,0.19917907824650946
2009-09-18,0.21664136523059208,0.20200458495495022,0.21951473227056417,0.21377883683783294,0.055050842240344754
2009-09-21,0.20402554572580234,0.19235485418776987,0.20807219202662985,0.2058446149414752,0.12558834112241862
2009-09-22,0.21577762655080357,0.20570986831582883,0.22245338465139264,0.2194349158134542,0.9562147333304214
2009-09-23,0.22431031775113863,0.21082795756251016,0.2159259355576938,0.20728482023619366,0.12879860898791806
2009-09-24,0.21483536617285237,0.19877912246094787,0.19889215405820082,0.19322317944957967,0.05489589247942495
2009-09-25,0.19334659477568972,0.1815588846830516,0.19686370374223083,0.19097122207965644,0.08038772797893515
2009-09-28,0.1940794639585406,0.19280801833981986,0.2024289392245079,0.20498049176464417,0.13637138857864273
2009-09-29,0.20939119510024606,0.19323452577704325,0.20807219202662985,0.203618843122365,0.19187460092637076
2009-09-30,0.21033345547819715,0.1956069733965986,0.2024289392245079,0.2024404933357774,0.06578813272018985
2009-10-01,0.19968067842747206,0.18334488457642473,0.18609731360362003,0.17785226112231278,0.10095652879257738
2009-10-05,0.1752342563995184,0.17230900463826848,0.1819884014251163,0.18599596742517488,0.109026395535783
2009-10-06,0.19792702716850752,0.19051554086474387,0.20224689881153624,0.19746523868129562,0.22756296263942877
2009-10-08,0.21509710516672786,0.20408380871141452,0.21777234546069235,0.21516667103092513,0.11285334265111761
2009-10-09,0.21483536617285237,0.20109825665085046,0.21842248979273404,0.21650213412239128,0.058878829286960706
2009-10-12,0.21849971208710672,0.21541291251266192,0.22788859126726135,0.22147738877687295,0.06983242547332473
2009-10-13,0.22004397215097116,0.2055232713120435,0.22224533846513927,0.2194349158134542,0.07732617028666745
2009-10-14,0.23928178820080626,0.22714186703630634,0.24159363378670062,0.24208541726675215,0.12110935709368326
2009-10-15,0.23839187562163,0.228714613211068,0.2442462226614308,0.24315902485008778,0.11426036967477189
2009-10-16,0.23271213945453595,0.21975795702937562,0.2343900345876785,0.2318992380004714,0.07847945407767455
2009-10-19,0.2386536146155055,0.2326331502905583,0.24471432658050085,0.2457513943805808,0.13743731814201718
2009-10-20,0.24674134952625237,0.23519219491389887,0.2404753855355889,0.2355128440126738,0.27356952252595146
2009-10-21,0.23661205046327805,0.2326331502905583,0.24159363378670062,0.23168975359396682,0.15873615071516073
2009-10-22,0.23362822593309962,0.22895452364450608,0.23282968819077832,0.2416664484537433,0.0913704422411767
2009-10-23,0.24108778725854574,0.22756837447352973,0.23262164200452506,0.2280499620309513,0.12199121882026034
2009-10-26,0.23271213945453595,0.22388974782747773,0.22133513640028102,0.21493100107360763,0.16332952718484361
2009-10-27,0.21373606239857612,0.20200458495495022,0.21441760070735705,0.20681348032155855,0.06505706102940718
2009-10-28,0.20174841647908703,0.18678360078903888,0.18895794866460347,0.180078032941423,0.22995584451779424
2009-10-29,0.1918023347118255,0.19693980913792197,0.200452500455101,0.21241718819555377,0.15192356089109632
2009-10-30,0.20852745642045745,0.19235485418776987,0.18427690947390318,0.17848071434182633,0.1856350132383252
2009-11-02,0.18434277338637906,0.18038598923068727,0.18427690947390318,0.18458194768126945,0.09780657694139572
2009-11-03,0.17643825577134487,0.1718558404862185,0.1826645515304398,0.18665060619550133,0.2138306700693218
2009-11-04,0.19470763754384135,0.187769899237618,0.20224689881153624,0.19272565398413155,0.26149488041830193
2009-11-05,0.20282154635397587,0.19347443621048144,0.20919044027774159,0.20812275786221168,0.5296494807623112
2009-11-06,0.19855520075380828,0.19347443621048144,0.20744805346786976,0.20812275786221168,0.10059047298154537
2009-11-09,0.2273464900800921,0.22202377778962523,0.23121733024731483,0.23663882269763548,0.24818687981098206
2009-11-10,0.22889075014395643,0.2222636882230633,0.23667854263646526,0.23483201969153422,0.10030241201661394
2009-11-11,0.2444642202795373,0.23106040411579665,0.24494837854003582,0.24069758307365996,0.18036152171064534
2009-11-12,0.2363764853687902,0.2245828224129658,0.2341299768548618,0.22647882898216776,0.09797608574025428
2009-11-13,0.23250274825943573,0.22412965826091602,0.23600239253114197,0.23645552384194413,0.07034615152630715
2009-11-16,0.24634874103543947,0.24188303033534164,0.25412841650846485,0.25185262772002415,0.14591899767263378
2009-11-17,0.24108778725854574,0.23519219491389887,0.25009752164980625,0.24954829924847477,0.05305937383657688
2009-11-18,0.3267811338533214,0.3127898917737377,0.2512417756741997,0.2579014899578411,0.0754646932930672
2009-11-19,0.23907239700570593,0.22527589699845385,0.23366187293579177,0.23326088664275058,0.24288739000126872
2009-11-20,0.22593309951316543,0.21285386788932126,0.23035913972901978,0.22674068449029827,0.10258714104171997
2009-11-23,0.24357430770036115,0.23473903076184888,0.249889475463553,0.2429757259943962,0.08672506920742677
2009-11-24,0.24469978537402515,0.22919443407794438,0.24133357605388406,0.23755531697609267,0.8191455508619989
2009-11-25,0.24564204575197612,0.23495228448046057,0.25100772371466473,0.24931262929115716,0.08005287010634338
2009-11-27,0.20559597968905396,0.21493309164578556,0.21506774503939863,0.22349367618947857,0.09314976466355103
2009-11-30,0.23140344448515948,0.2162925841019353,0.2287467817855564,0.22778810652282067,0.08164188510423231
2009-12-01,0.24653195833115216,0.23724476195553668,0.25173588536655145,0.24839613501269997,0.502895168687253
2009-12-02,0.2505889127362194,0.2407367915978036,0.25683301692975835,0.25022912356961424,0.08274629212501639
2009-12-03,0.2607443856985815,0.24553500026656727,0.2532442202168882,0.2434208803582184,0.08947568744657353
2009-12-04,0.2573941265769776,0.24529508983312898,0.2491873195849479,0.2452800544659457,0.0908847943327905
2009-12-07,0.24540648065748827,0.23287306072399638,0.24942137154448296,0.2400429443033335,0.07272447436673385
2009-12-08,0.23472752970737587,0.22412965826091602,0.23366187293579177,0.22692398334598962,0.14176031247855142
2009-12-09,0.2295189237292572,0.21373353947859464,0.22853873559930304,0.22870460080127797,0.052503010601059476
2009-12-10,0.23682144165837837,0.22159727035240184,0.2397992354302655,0.23326088664275058,0.03506752273809746
2009-12-11,0.2386536146155055,0.22303673295303095,0.24070943749512397,0.23483201969153422,0.09082239845591003
2009-12-14,0.24268439512118511,0.22919443407794438,0.24632668452396433,0.2425043860797611,0.8012171355716814
2009-12-15,0.23789457153326699,0.22412965826091602,0.24271188203781235,0.23506768964885172,0.15594393522476035
2009-12-16,0.24469978537402515,0.23106040411579665,0.2485371752529062,0.24095943858179059,0.09352102013098974
2009-12-17,0.22930953253415698,0.21424001706029738,0.2296829896236965,0.22147738877687295,0.2927916123302572
2009-12-18,0.2273464900800921,0.2123740470224451,0.22586014095129126,0.2260598601691588,0.1121212310290536
2009-12-21,0.23318326964351144,0.22117076291517845,0.23839492367305548,0.2312184136793317,0.07109178225502859
2009-12-22,0.23765900643877924,0.22277016580476605,0.24271188203781235,0.23684830710414007,0.13035226632224142
2009-12-23,0.24422865518504955,0.228714613211068,0.24632668452396433,0.24232108722406975,0.15821098541808357
2009-12-24,0.2322933570643354,0.2183451511435731,0.24024133357605393,0.23326088664275058,0.07105018500377495
2009-12-28,0.23928178820080626,0.22367649410886603,0.24271188203781235,0.2355128440126738,0.10146401525787176
2009-12-29,0.2388630058106056,0.22738177746974464,0.24380412451564248,0.23506768964885172,0.10508401604821953
2009-12-30,0.2304873580065958,0.22141067334861653,0.23839492367305548,0.23302521668543308,0.12106775984242962
2009-12-31,0.23993613568549443,0.2450551793996909,0.23667854263646526,0.2280499620309513,0.15212738742223914
2010-01-04,0.24310317751138555,0.23724476195553668,0.24832912906665283,0.25090994789075394,0.4317701086312216
2010-01-06,0.2530754331780348,0.24417550781041752,0.2609159233349805,0.25881798423629854,0.15239776955538778
2010-01-08,0.2555357797204628,0.2469211494375434,0.25844537487322194,0.26151509597004385,0.10032321064224076
2010-01-11,0.26841333821912794,0.25523804446340037,0.2703560190362261,0.26468354761842416,0.1965834097682825
2010-01-12,0.2589383866408418,0.24369568694354116,0.25886146724572856,0.25339757521799466,0.109712750181468
2010-01-13,0.2576296916714652,0.24830729860851952,0.2593295711647986,0.26106994160622166,0.9161867383803277
2010-01-14,0.26166047217714505,0.24974676120914863,0.26785946480118583,0.26379323889078,0.10278784777901877
2010-01-15,0.26050882060409364,0.24766753745268444,0.25620887837099826,0.2527167508968551,0.3523775948885297
2010-01-19,0.2541747369523111,0.24990670149810734,0.25844537487322194,0.26444787766110656,0.3364021705445704
2010-01-20,0.2515049992147831,0.23612517993282522,0.2445062803942476,0.24431118908586247,0.194416192977968
2010-01-22,0.21737423441344295,0.20504345044516714,0.20968454997009345,0.2024404933357774,0.1551785458016934
2010-01-25,0.21281997592001256,0.20085834621741216,0.21709619535536895,0.20972007646180846,0.15775133579173087
2010-01-26,0.20538658849395386,0.196033480833822,0.20807219202662985,0.20498049176464417,0.16832327719784276
2010-01-27,0.200858503899911,0.18752998880417981,0.19954229839024273,0.20160255570975938,0.3259830990368156
2010-01-28,0.2080825001308696,0.1919016900357201,0.19192260681871387,0.1875409149231454,0.29040081031445436
2010-01-29,0.19455059414751608,0.1815588846830516,0.18427690947390318,0.17829741548613476,0.17095846306476067
2010-02-01,0.18816416269695857,0.18134563096444,0.19660364600941416,0.19709864096991292,0.16551234294437822
2010-02-02,0.2024027639637752,0.19627339126726018,0.20724000728161662,0.2115268794679095,0.1497532243069378
2010-02-03,0.21007171648432188,0.19392760036253143,0.20919044027774159,0.20340935871586063,0.08868325981019175
2010-02-04,0.19287546458671412,0.176414138721544,0.1759550620237692,0.16970855481945069,0.20827431723311723
2010-02-05,0.16397947966288018,0.1492776030282028,0.15127558317946588,0.16174814737228005,0.4392732128260964
2010-02-08,0.15853530859027387,0.1515700805032787,0.16355030816841343,0.15593495509178035,0.1331975183079902
2010-02-09,0.17146521488771405,0.1652183184944287,0.171898161391829,0.17533844824425882,0.11426036967477189
2010-02-10,0.1752342563995184,0.15844751292850667,0.17213221335136397,0.17036319358977725,0.13177281245255312
2010-02-11,0.17052295450976285,0.16772404968811638,0.17504485995891095,0.18235617586215924,0.10407944243044419
2010-02-12,0.16939747683609907,0.1612464679852854,0.17439471562686903,0.17670009688653798,0.05277131287164543
2010-02-16,0.18638433753860661,0.1801194220824226,0.191038410527137,0.19565843567519448,0.23919875374635244
2010-02-17,0.200858503899911,0.18702351122247707,0.20495149923282974,0.1992982272382099,0.09303745208516621
2010-02-18,0.1972465057844318,0.1900090632830409,0.20539359737861795,0.2047710073581398,0.14466588047861798
2010-02-19,0.19879076584829602,0.18936930212720582,0.20362520479546453,0.2024404933357774,0.16791146441043175
2010-02-22,0.20559597968905396,0.1919016900357201,0.21010064234260006,0.20340935871586063,0.23013055297305954
2010-02-23,0.20221954666806263,0.18593058591459188,0.19460120146672555,0.18617926628086623,0.1544287553478466
2010-02-24,0.19112181332774958,0.18310497414298654,0.19818999817959593,0.19408730262641072,0.16479271049769031
2010-02-25,0.18164686174946343,0.17622754171775878,0.18490104803266327,0.1920710152138051,0.19368304142462264
2010-02-26,0.19384389886405273,0.1835847950098629,0.19915221179101772,0.19746523868129562,0.1031268653767359
2010-03-01,0.20174841647908703,0.19347443621048144,0.21082880399448678,0.2058446149414752,0.09946318747257181
2010-03-02,0.21439040988326452,0.20363064455936453,0.21977479000338085,0.21401450679515055,0.07555932703966922
2010-03-03,0.22253049259278657,0.21034813669563368,0.22586014095129126,0.21715677289271784,0.18592099434069395
2010-03-04,0.22030571114484643,0.20661619661992858,0.2226874366109277,0.21898976144963211,0.07761735104544291
2010-03-05,0.2277129246715176,0.22277016580476605,0.2334538267495383,0.23621985388462652,0.08840455822679237
2010-03-08,0.23928178820080626,0.22527589699845385,0.24494837854003582,0.23729346146796193,0.09863436224134309
2010-03-09,0.2322933570643354,0.22671535959908296,0.2404753855355889,0.23729346146796193,0.07440604324866212
2010-03-10,0.23928178820080626,0.23039398624513518,0.24632668452396433,0.2419021184110608,0.06451005717542185
2010-03-12,0.2505889127362194,0.23519219491389887,0.2523340181520297,0.2455157244232632,0.07694139571257132
2010-03-15,0.24129717845364607,0.22738177746974464,0.24354406678282592,0.24140459294561267,0.07205683848411297
2010-03-16,0.24634874103543947,0.23772458282241282,0.2515018334070164,0.25248108093953747,0.0416898051376765
2010-03-17,0.2578390828665654,0.24668123900410532,0.2646867604608223,0.2568016968236928,0.12678218223339802
2010-03-18,0.2576296916714652,0.24417550781041752,0.2586534210594752,0.25292623530335967,0.04304691545982641
2010-03-19,0.2537297806627232,0.2407367915978036,0.25100772371466473,0.2455157244232632,0.0742656525256811
2010-03-22,0.2359053551798147,0.23543210534733694,0.24271188203781235,0.24816046505538236,0.08119679451581839
2010-03-23,0.25223786839763385,0.24302926907287947,0.25844537487322194,0.2570373667810104,0.10835252006547408
2010-03-24,0.2480762183950166,0.24302926907287947,0.25345226640314156,0.24886747492733508,0.9558195594435119
2010-03-25,0.2580746479610533,0.24369568694354116,0.2539203703222116,0.2457513943805808,0.07115937778831576
2010-03-26,0.2524472595927342,0.24049688116436552,0.2546225262008165,0.24954829924847477,0.23352280881279364
2010-03-29,0.260090038213893,0.2462813882817083,0.26518087015317415,0.25881798423629854,0.0855291482338847
2010-03-30,0.26346647123488454,0.24990670149810734,0.26564897407224397,0.26127942601272625,0.150513414073598
2010-03-31,0.26050882060409364,0.24924028362744566,0.26518087015317415,0.2603891172850823,0.07544909432384708
2010-04-01,0.2714233366486939,0.2605160739990404,0.27706550854289647,0.27280106837047313,0.13500491887496074
2010-04-05,0.2777312464010887,0.2669936557018715,0.28242269783892027,0.2805258058603264,0.10526184429732884
2010-04-06,0.2765795948280375,0.2672335661353096,0.28203261123969525,0.280761475817644,0.10084733600803658
2010-04-07,0.2795372454588284,0.2646745215119688,0.27865186071307824,0.27280106837047313,0.1004792003344419
2010-04-08,0.26841333821912794,0.2612358052993551,0.27194237120640785,0.2744245725208829,0.058197674297682404
2010-04-09,0.279118463068628,0.2702191181958735,0.28744181208228226,0.2844012673806593,0.10702348788792036
2010-04-12,0.2847458514369471,0.2750439835794638,0.2937092034431644,0.286391369242452,0.2043454568522112
2010-04-13,0.28566193791551064,0.27269819267473494,0.2858294541388188,0.2855534316164341,0.13386411425932973
2010-04-14,0.2940114118201328,0.2842938636242469,0.2991184042857514,0.2979915682526384,0.24584391463412095
2010-04-15,0.3068366225200231,0.29247747507597155,0.30114685460172164,0.2968394040168636,0.0905624156355748
2010-04-16,0.2919960215672931,0.27736311776936606,0.2797961147374718,0.2764932310351149,0.1531860374666442
2010-04-19,0.2666596869601633,0.2616623127365785,0.2716823134735912,0.2753410667993401,0.13412929673607168
2010-04-20,0.28521698162592257,0.2704590286293116,0.2878839102280707,0.2830396187383801,0.07747592039118055
2010-04-21,0.2840653300528714,0.2692861331769474,0.2831248537175254,0.2793998271753648,0.15624447536506786
2010-04-22,0.26959116369156677,0.26331502905581905,0.27194237120640785,0.2762313755269843,0.1446055644643002
2010-04-23,0.27843794168455205,0.2704590286293116,0.2808883572153019,0.2846369373379769,0.10353971809542825
2010-04-26,0.2844841124430718,0.27411099856053744,0.2912386549814058,0.2828039487810625,0.1280727369535421
2010-04-27,0.2740930743862221,0.26331502905581905,0.25844537487322194,0.25090994789075394,0.20856757785445537
2010-04-28,0.2578390828665654,0.2444154182438556,0.2539203703222116,0.25248108093953747,0.1931859542721417
2010-04-29,0.26166047217714505,0.25571786533027674,0.2707721114087328,0.2692398334598969,0.1179677246927523
2010-04-30,0.2720776841333822,0.2570773577864265,0.2649468181936391,0.25591138809604863,0.2143693544730564
2010-05-03,0.26050882060409364,0.25358532814415957,0.26785946480118583,0.2651810730838724,0.08733134914444854
2010-05-04,0.24310317751138555,0.22919443407794438,0.23600239253114197,0.2312184136793317,0.2032431296939898
2010-05-05,0.21261058472491223,0.21328037532654487,0.22047694588198585,0.21854460708581003,0.3742078323464385
2010-05-06,0.21509710516672786,0.20525670416377884,0.16854341663849381,0.18143968158370216,0.43172331172356126
2010-05-07,0.18544207716065542,0.18752998880417981,0.1678412607598887,0.17460525282149308,0.29077934530086247
2010-05-10,0.21959901586138308,0.2262088820173802,0.22677034301614962,0.2271072822016812,0.2476138776749632
2010-05-11,0.20918180390514574,0.21309377832275944,0.2186305359789873,0.21537615543742972,0.24630252432919233
2010-05-12,0.21624875673977917,0.21424001706029738,0.2256520947650379,0.2271072822016812,0.08757053333915694
2010-05-13,0.22548814322357746,0.21309377832275944,0.2247418927001794,0.21626646416507378,0.19841160896087986
2010-05-14,0.20763754384128152,0.19280801833981986,0.19660364600941416,0.19369451936421478,0.1865470329720612
2010-05-17,0.1960948542113804,0.1838513621581277,0.18453696720671986,0.1954751368195029,0.10200997918057575
2010-05-18,0.20329267654295147,0.1902489737164791,0.1853691519517333,0.1796328785776009,0.15845952899432406
2010-05-19,0.1727739098570905,0.16473849762755233,0.17124801705978732,0.17353164523815767,0.16352191447189168
2010-05-20,0.15539444066377006,0.13824172309004634,0.14610043429641384,0.13870486265678594,0.3870957007160966
2010-05-21,0.13120975762969167,0.1418670363064456,0.1348919460120146,0.15813454136007754,0.4643365966376941
2010-05-24,0.15518504946866996,0.14053420056512245,0.15325202194887266,0.1443609416324072,0.10689141661519007
2010-05-25,0.12416897869444588,0.12374047022444956,0.12204509401087038,0.13823352274215084,0.34150927306723566
2010-05-26,0.14607653248180918,0.13656235005597916,0.1422775856240085,0.13276074262222115,0.07289502309687376
2010-05-27,0.15853530859027387,0.15780775177267148,0.16404441786076507,0.17397679960197965,0.0691585500030158
2010-05-28,0.17099408469873845,0.1557018713013808,0.16404441786076507,0.15677289271779837,0.06436342686475278
2010-06-01,0.14947913940218815,0.15023724476195555,0.15616466855641964,0.14567021917306044,0.15398262482815134
2010-06-02,0.14995026959116364,0.15460894599349584,0.15868722856474127,0.17083453350441236,0.022546750110752682
2010-06-03,0.17253834476260277,0.16012688596257407,0.17236626531089905,0.17167247113043016,0.07522446916707744
2010-06-04,0.14814427053342416,0.1387215439569227,0.14378592047434524,0.13708135850637615,0.13987075734035495
2010-06-07,0.14251688216510494,0.12792557445220443,0.1361922346760982,0.12624054046976874,0.07026919661148791
2010-06-08,0.12689106423074914,0.12256757477208524,0.13346162848152288,0.13870486265678594,0.09723669459922088
2010-06-09,0.14654766267078478,0.13656235005597916,0.14245962603698026,0.1364529052868627,0.15500487727770948
2010-06-10,0.15717426582212224,0.14978408060990556,0.16094973084024655,0.16444525910602537,0.07220866845118874
2010-06-11,0.15717426582212224,0.15202324465532868,0.1651886718851584,0.16829453507554537,0.029904263926239752
2010-06-14,0.17711877715542068,0.16633790051714026,0.17819155852599267,0.16784938071172317,0.2617018267432888
2010-06-15,0.17978851489294878,0.1796929146451991,0.18856786206537846,0.1954751368195029,0.06276921221045713
2010-06-16,0.18727425011778254,0.1801194220824226,0.19527735157204906,0.19296132394144916,0.03902654112616238
2010-06-17,0.19748207087891956,0.18110572053100182,0.19597950745065407,0.19345884940689728,0.030573979671423307
2010-06-18,0.1962780715070932,0.1815588846830516,0.20183080643902962,0.19455864254104593,0.04482727781348208
2010-06-21,0.20852745642045745,0.1956069733965986,0.2024289392245079,0.1966273010552777,0.0650373023350617
2010-06-22,0.19677537559545621,0.18502425761049213,0.191038410527137,0.18143968158370216,0.07828394699678246
2010-06-23,0.18614877244411876,0.17324198965719462,0.18653941174940847,0.1827751446751682,0.036191688453227004
2010-06-24,0.1784798199235723,0.16175294556698838,0.1752529061451642,0.16633061876456567,0.08212649308133718
2010-06-25,0.17033973721405027,0.16012688596257407,0.17260031727043412,0.17235329545156985,0.03294086326775526
2010-06-28,0.1727739098570905,0.1594338113770859,0.177307362234416,0.16784938071172317,0.04836928375772929
2010-06-29,0.15374548500235574,0.13656235005597916,0.14378592047434524,0.13799785278483323,0.2051233254506542
2010-06-30,0.1383814060618751,0.12853867889321324,0.14048318726757347,0.13150383618319406,0.03874367981763765
2010-07-01,0.13641836360781034,0.1211814256011089,0.13060099342053932,0.13391290685799573,0.10101372501305114
2010-07-02,0.13953305763492652,0.123473903076185,0.13705042519439303,0.13276074262222115,0.07997799505408683
2010-07-06,0.1522012249384913,0.1412272751506104,0.14745273450706065,0.1441252716750897,0.16916562153572892
2010-07-07,0.14835366172852427,0.15482219971210742,0.15754297454034794,0.17062504909790777,0.055040442927531345
2010-07-08,0.1773281683505208,0.16308578130831153,0.1779575065664577,0.17829741548613476,0.11907525150738038
2010-07-09,0.1773281683505208,0.16860372127738976,0.18586326164408495,0.18458194768126945,0.04455793561161478
2010-07-12,0.17978851489294878,0.16820387055499286,0.1853691519517333,0.18052318730524497,0.05470246526109555
2010-07-13,0.19384389886405273,0.18219864583888679,0.2011546563337061,0.19565843567519448,0.1011041990345278
2010-07-14,0.19564989792179244,0.1835847950098629,0.20001040230931277,0.19589410563251208,0.056269641702076316
2010-07-15,0.1977176359734074,0.1838513621581277,0.19551140353158403,0.1973081253764173,0.10820484982352366
2010-07-16,0.19088624823326183,0.17438822839473267,0.17910176059085126,0.16970855481945069,0.06958492182836558
2010-07-19,0.17957912369784845,0.16401876632723789,0.17980391646945626,0.17580978815889392,0.24531666947448114
2010-07-20,0.16466000104695588,0.17094951218211873,0.17306842118950416,0.18665060619550133,0.02909727725191919
2010-07-21,0.19088624823326183,0.17438822839473267,0.18003796842899134,0.17329597528084018,0.051268612170107794
2010-07-22,0.18860911898654675,0.18678360078903888,0.19818999817959593,0.19861740291707042,0.060761104906187795
2010-07-23,0.19748207087891956,0.19235485418776987,0.20409330871453468,0.20702296472806303,0.05755499676581371
2010-07-26,0.20538658849395386,0.19877912246094787,0.21371544482875193,0.21422399120165492,0.1603366049571444
2010-07-27,0.2222949274982987,0.2063762861864904,0.22047694588198585,0.21493100107360763,0.11784501280155407
2010-07-28,0.21462597497775227,0.20021858506157708,0.2173562530881855,0.21063657074026554,0.054127383262514005
2010-07-29,0.21959901586138308,0.2082155995095164,0.21350739864249868,0.21042708633376106,0.03459747379893136
2010-07-30,0.20174841647908703,0.19877912246094787,0.21082880399448678,0.21220770378904918,0.03499888727352896
2010-08-02,0.23069674920169603,0.22412965826091602,0.23621043871739522,0.23847181125454975,0.13266299362938097
2010-08-03,0.23472752970737587,0.22181052407101354,0.23797883130054864,0.23344418549844204,0.06641105155771307
2010-08-04,0.2363764853687902,0.22412965826091602,0.24133357605388406,0.2380528424415408,0.01783482147499693
2010-08-05,0.23203161807046024,0.2222636882230633,0.24070943749512397,0.23729346146796193,0.06824965006312383
2010-08-06,0.2302779668114956,0.22141067334861653,0.2334538267495383,0.23483201969153422,0.12326305477734031
2010-08-09,0.23839187562163,0.2264487924508185,0.2442462226614308,0.2388907800675587,0.047236798592349014
2010-08-10,0.2281840548604932,0.22071759876312846,0.23212753231217342,0.23210872240697578,0.06490315119976872
2010-08-11,0.2110401507616605,0.19491389881111054,0.2058096897511248,0.1973081253764173,0.04145894039321881
2010-08-12,0.18839972779144643,0.18134563096444,0.19597950745065407,0.19408730262641072,0.07558012566529604
2010-08-13,0.19455059414751608,0.18267846670576315,0.20136270251995947,0.19118070648616103,0.043171707213587325
2010-08-16,0.1918023347118255,0.18243855627232497,0.19660364600941416,0.19502998245568104,0.13269627143038387
2010-08-17,0.20716641365230593,0.1981127045902863,0.212545185031077,0.2083584278195293,0.05492813034914653
2010-08-18,0.20897241271004563,0.1978727941568481,0.212545185031077,0.20972007646180846,0.04413052385498366
2010-08-19,0.20763754384128152,0.19323452577704325,0.20001040230931277,0.19502998245568104,0.026769911044278193
2010-08-20,0.19088624823326183,0.17438822839473267,0.19218266455153044,0.18913823352274217,0.02411392655173346
2010-08-23,0.1918023347118255,0.1801194220824226,0.19527735157204906,0.18528895755322217,0.020662394628962917
2010-08-24,0.17549599539339367,0.16036679639601226,0.1759550620237692,0.17083453350441236,0.17837005330687747
2010-08-25,0.16759147777835937,0.15807431892093615,0.17033781499492884,0.17235329545156985,0.12498518097924088
2010-08-26,0.175705386588494,0.16308578130831153,0.1759550620237692,0.16829453507554537,0.042815010784087386
2010-08-27,0.178663037219285,0.17118942261555692,0.1752529061451642,0.18665060619550133,0.06530560460564766
2010-08-30,0.18141129665497557,0.16860372127738976,0.18313265544950985,0.17282463536620496,0.03700075499011025
2010-08-31,0.1723027796681149,0.16329903502692333,0.17910176059085126,0.17397679960197965,0.09647962462640469
2010-09-01,0.19358215987017746,0.18891613797515594,0.2011546563337061,0.203618843122365,0.13253092235665068
2010-09-02,0.20329267654295147,0.194194167510796,0.21277923699061196,0.20972007646180846,0.025286969037086028
2010-09-03,0.21737423441344295,0.2063762861864904,0.223363586716251,0.2205870800492289,0.0644705397867309
2010-09-07,0.21624875673977917,0.2016047342325532,0.21883858216524066,0.20945822095367783,0.038034446683763136
2010-09-08,0.21394545359367634,0.2059231220344404,0.223363586716251,0.2169996595878394,0.04783683894168273
2010-09-09,0.2277129246715176,0.21424001706029738,0.23056718591527325,0.22331037733378722,0.045064382145627815
2010-09-10,0.22391770926032561,0.21328037532654487,0.2323615842717084,0.2273429521589988,0.08089937416935489
2010-09-13,0.2388630058106056,0.2280481953404061,0.24791303669414622,0.2425043860797611,0.07143807937171512
2010-09-14,0.23928178820080626,0.2344991203284108,0.24741892700179446,0.2455157244232632,0.0722939428162587
2010-09-15,0.24043343977385756,0.23217998613850832,0.24609263256442937,0.24640603315090726,0.044620331488495237
2010-09-16,0.2420038737371094,0.22919443407794438,0.2491873195849479,0.2438660347220405,0.20105095455292313
2010-09-17,0.24674134952625237,0.23175347870128493,0.24791303669414622,0.24116892298829518,0.062074538114521384
2010-09-20,0.24490917656912525,0.24348243322492924,0.2525680701115647,0.2563303569090576,0.11691115451090991
2010-09-21,0.2576296916714652,0.24740097030441977,0.2602657790029388,0.255675718138731,0.13595229627226232
2010-09-22,0.25650421399780143,0.2469211494375434,0.2600057212701219,0.2544973683521434,0.0858338480993176
2010-09-23,0.24401926398994922,0.2381777469744628,0.2512417756741997,0.2441017046793581,0.03850969527933594
2010-09-24,0.25671360519290165,0.25315882070693596,0.26114997529451545,0.2676425148603001,0.12270149188541621
2010-09-27,0.2679945558289273,0.254305059444474,0.2727745559514211,0.26379323889078,0.21635042356401088
2010-09-28,0.2659791655760876,0.2568374473529884,0.2660650664447508,0.2701563277383541,0.06682078448256139
2010-09-29,0.2664764696644505,0.25841019352774963,0.27436090812160285,0.2692398334598969,0.06260802286184929
2010-09-30,0.27566350834947395,0.2644346110785307,0.26962785738433936,0.2665165361753383,0.1457921260563102
2010-10-01,0.2761608124378371,0.2624087007517193,0.2788859126726132,0.2748697268847051,0.12499766015461697
2010-10-04,0.2707428152646182,0.25936983526150237,0.2700959613034094,0.2656262274476944,0.08759445175862779
2010-10-05,0.2765795948280375,0.27760302820280436,0.2855954021792838,0.2893765220351412,0.06251338911524727
2010-10-06,0.2917342825734178,0.27965559524444195,0.2970119366499363,0.29165466495587733,0.07657741976410198
2010-10-07,0.29812071402397533,0.28360078903875885,0.2925909551920526,0.2891408520778236,0.04039301082984436
2010-10-08,0.2897188923205779,0.2842938636242469,0.2965958442774296,0.29526827096807984,0.08897756036281122
2010-10-11,0.2985656703135634,0.2842938636242469,0.30151093542766494,0.29435177668962265,0.20897315105417832
2010-10-12,0.28995445741506576,0.28360078903875885,0.2925909551920526,0.2956872397810888,0.09350126143664426
2010-10-13,0.3027534942155682,0.29826198219331457,0.31056094452968563,0.3069732121815183,0.08857614688821362
2010-10-14,0.3112338376171281,0.2971690568854295,0.31035289834343216,0.3074445520961533,0.09700167012963783
2010-10-15,0.311914359001204,0.29764887775230586,0.30897459235950386,0.3065018722668831,0.046843704568002145
2010-10-18,0.3056064492488092,0.29847523591192626,0.31160117546095234,0.3090942417973763,0.09877579289560545
2010-10-19,0.29327854263728204,0.28360078903875885,0.29144670116765925,0.28665322475058286,0.2055018604370623
2010-10-20,0.29424697691462065,0.2929572959428479,0.3026811952253402,0.30388331718557704,0.03182709686543913
2010-10-21,0.30825001308694977,0.2980220717598763,0.3045015993550567,0.3024169263400456,0.04785763756730955
2010-10-22,0.30730775270899857,0.2929572959428479,0.3110290484487558,0.30482599701484725,0.08160548750938539
2010-10-25,0.31251635868711725,0.303566668443781,0.31732244558291944,0.3095132106103853,0.12308314666566833
2010-10-26,0.3017065382400671,0.29183771392013647,0.30788234988167373,0.3052187802770432,0.16030956674382957
2010-10-27,0.29940323509396427,0.2849069680652556,0.2965958442774296,0.297075073974181,0.10758401084856313
2010-10-28,0.3056064492488092,0.2934371168097245,0.30788234988167373,0.30388331718557704,0.04601487933677342
2010-10-29,0.30031932157252805,0.29183771392013647,0.30897459235950386,0.30503548142135184,0.1178762107399943
2010-11-01,0.3068366225200231,0.29826198219331457,0.30767430369542026,0.3043808426510253,0.07146511758502998
2010-11-02,0.3175417473695231,0.3051660713333688,0.32312173302473146,0.3169760925921077,0.1252472436621388
2010-11-03,0.32241009265560383,0.3091112651276857,0.3193248901256077,0.3226059860169159,0.09886106726067541
2010-11-04,0.33683191121813316,0.33219598016740415,0.3454606922736848,0.345282673021027,0.11905341295047223
2010-11-05,0.34557399361356855,0.3339553233459509,0.34923152939952684,0.3450208175128966,0.20631612663035226
2010-11-08,0.3397110401507616,0.3284107266620462,0.3443164382492915,0.34140721150069386,0.07216811113121645
2010-11-09,0.34779877506150847,0.334195233779389,0.3370608275037058,0.3316400010474221,0.11192780381072419
2010-11-10,0.33518295555671884,0.3227595031188357,0.3313915689283021,0.33415381392547583,0.09956406080686188
2010-11-11,0.32717374234413443,0.31604201098256657,0.3313915689283021,0.32941422922831176,0.07739896547636133
2010-11-12,0.32387583102130557,0.313029802207176,0.3188827919798195,0.31516928958600654,0.10000603160143177
2010-11-15,0.3188504423388997,0.3091112651276857,0.3233557849842664,0.3142789808583626,0.09273691194485868
2010-11-16,0.3057896665445218,0.2931972063762862,0.29617975190492307,0.29270208698839983,0.20505261012352302
2010-11-17,0.297414018740512,0.28607986351762005,0.30218708553298834,0.2956872397810888,0.05845765711801764
2010-11-18,0.3134324451656808,0.30449965346270735,0.3193248901256077,0.3169760925921077,0.08479287688669533
2010-11-19,0.31031775113856475,0.303566668443781,0.3151899721738226,0.3169760925921077,0.06604915547180643
2010-11-22,0.3089305344710255,0.3008743402463079,0.31056094452968563,0.31310063107177477,0.11492696562611143
2010-11-23,0.2964455844631734,0.28189475928986507,0.29443736509505125,0.2879886878420488,0.09051041907150775
2010-11-24,0.29880123540805104,0.2902916244602014,0.30720619977635055,0.3041189871428944,0.0375051216615606
2010-11-26,0.29259802125320633,0.28170816228608,0.2980001560346396,0.2922307470737646,0.025022826491625433
2010-11-29,0.2840653300528714,0.2743775657088019,0.2842951135152004,0.28665322475058286,0.10072462411683836
2010-11-30,0.27252264042297025,0.2688329690248974,0.2815645073206251,0.27714786980544126,0.10209733340820838
2010-12-01,0.2978851489294875,0.2914112064829131,0.3060879515252385,0.3033857917201288,0.07541373666028149
2010-12-02,0.30597288384023436,0.3091112651276857,0.31461784516162583,0.3226059860169159,0.24183913926967707
2010-12-03,0.3207349630948019,0.31486911553020214,0.3289990377863886,0.327816910628715,0.046423572330340404
2010-12-06,0.3245825263047689,0.3134563096443994,0.33011728603750046,0.3249103144884653,0.08397133117443599
2010-12-07,0.3397110401507616,0.32595830889801136,0.33282188645879385,0.32381052135431676,0.1907171574102383
2010-12-08,0.3267811338533214,0.31628192141600464,0.3282708761345018,0.32556495325879187,0.07252376762943505
2010-12-09,0.3311521750510392,0.3199338913472305,0.3325878344992589,0.3285239205006678,0.09184465090546817
2010-12-10,0.32908443699942425,0.321346697233033,0.3350323771877358,0.33300164968970125,0.26151879883777274
2010-12-13,0.3446840810343924,0.3319294130191397,0.34787922918888003,0.34007174840922794,0.1763047497821344
2010-12-14,0.34261634298277766,0.33283574132323945,0.34689100980417653,0.34140721150069386,0.1935676090523938
2010-12-15,0.3354185206512065,0.3268912939169377,0.3379710295685644,0.33103773337872155,0.13276698675751505
2010-12-16,0.33400513008428,0.3240123687156795,0.3370608275037058,0.3370080389640997,0.15327443162555818
2010-12-17,0.33471182536774313,0.32185317481473597,0.3393493355524927,0.33391814396815844,0.05285554730543405
2010-12-20,0.34015599644034966,0.32641147305006135,0.3404415780303228,0.3353583492628769,0.07809259964101573
2010-12-21,0.34128147411401344,0.33240923388601606,0.34988167373156853,0.3446018486998874,0.04720872044775281
2010-12-22,0.32814217662147305,0.3141760409447141,0.3313915689283021,0.32661237529131437,0.21774705127485175
2010-12-23,0.32654556875883356,0.31254998134029965,0.3316256208878371,0.3247008300819607,0.04376238818138897
2010-12-27,0.32290739674396696,0.31188356346963797,0.3282708761345018,0.32532928330147426,0.06383618170511293
2010-12-28,0.33159713134062707,0.31769472730180737,0.33211973058018895,0.3247008300819607,0.06025049864704939
2010-12-29,0.33308904360571645,0.3211067867995947,0.3384131277143526,0.33205896986043104,0.19562355319560482
2010-12-30,0.33471182536774313,0.3225195926853974,0.3365927235846359,0.3312210322344131,0.08695801381444714
2010-12-31,0.330209914673088,0.32265287625952976,0.3386211739006061,0.33472989604336334,0.060431446690002714
2011-01-03,0.34421295084541714,0.33539478594658,0.35071385847658176,0.3443399931917568,0.23053820603534517
2011-01-04,0.34874103543945967,0.33584795009863,0.3443164382492915,0.3425070046348424,0.13742587889792243
2011-01-05,0.33568025964508197,0.33054326384816357,0.3431201726783347,0.3429783445494776,0.1042447915041774
2011-01-06,0.3458357326074438,0.33219598016740415,0.341507814734871,0.3353583492628769,0.5405115629959172
2011-01-07,0.33756478040098414,0.32427893586394396,0.3344082386289756,0.3316400010474221,0.1007027855599302
2011-01-10,0.32717374234413443,0.31486911553020214,0.3292330897459236,0.32708371520594937,0.07174485909971069
2011-01-11,0.3354185206512065,0.3244921895825559,0.34085767040282955,0.33661525570190376,0.06316126630352266
2011-01-12,0.3453384285190809,0.3401663379005171,0.3527943203391154,0.3531121527141323,0.055395059494468595
2011-01-13,0.35622677066429353,0.34435144212827207,0.3588796712870256,0.3524051428421797,0.06816749549189789
2011-01-14,0.3510705124849499,0.3461907554512982,0.35843757314123736,0.3590300871978842,0.11351473894605044
2011-01-18,0.3622991153222007,0.3505624566828385,0.3685538189478065,0.36243420880358235,0.17590749603266215
2011-01-19,0.36546615714809183,0.3521885162872529,0.35978987335188417,0.3526408127994973,0.06969515454418772
2011-01-20,0.3480343401559963,0.33539478594658,0.34738511949652817,0.3468276205189975,0.07868016081497335
2011-01-21,0.3539234675181907,0.3434451138241723,0.3565911632382389,0.34955091780355607,0.060612394732956036
2011-01-24,0.35033764330209916,0.344111531694834,0.35635711127870373,0.35675194427714807,0.1365159390267491
2011-01-25,0.35415903261267856,0.3411526363490964,0.35503081684133886,0.35360967817958056,0.21457422093548056
2011-01-26,0.3600743338742606,0.3501092925307885,0.3660312589394846,0.3604179213909764,0.09273067235717064
2011-01-27,0.3627440716117888,0.3521885162872529,0.36782565729591965,0.36382204299667453,0.22274184121913224
2011-01-28,0.3616447678375124,0.3498693820973502,0.34761917145606314,0.3396004084945927,0.11010792406837756
2011-01-31,0.3452075590221432,0.3389134723036735,0.35336644735131195,0.3498127733116867,0.17007868120074626
2011-02-01,0.3598387687797727,0.35951911286453053,0.36738355915013143,0.3710230694702663,0.07316748509258508
2011-02-02,0.36881641626969597,0.35933251586074544,0.37617351051933523,0.36850925659221256,0.05069041037768224
2011-02-03,0.36727215620583153,0.3575198592525457,0.3675916053363847,0.36992327633611777,0.08384029983298703
2011-02-04,0.3690519813641836,0.35866609799008375,0.37188255792785985,0.37128492497839694,0.0504429067327231
2011-02-07,0.3718264146992619,0.3655435304153116,0.37997035341845875,0.37419152111864684,0.08143493877924547
2011-02-08,0.3767732816835053,0.3674095004531641,0.38088055548331734,0.3798737856450811,0.04201114390361085
2011-02-09,0.37567397790922896,0.3643706349629472,0.3791121629001638,0.37259420251905007,0.07768078685360472
2011-02-10,0.36250850651730093,0.35727994881910763,0.36782565729591965,0.36651915473041985,0.07232722061726161
2011-02-11,0.36250850651730093,0.36237138135096236,0.3707643096767482,0.37303935688287226,0.03582251284835098
2011-02-14,0.37339684866251377,0.3639441275257238,0.3797883130054872,0.3757888397182436,0.04517253499888727
2011-02-15,0.3754645867141285,0.3630377992216238,0.37997035341845875,0.37327502684018965,0.05482621708357511
2011-02-16,0.3774276291681936,0.37066161966199296,0.38491145034197605,0.38165440310036924,0.09217742891549727
2011-02-18,0.3898864052766581,0.3802846937143467,0.3952617481080799,0.3916049124093326,0.0849166287091749
2011-02-22,0.3781081505522693,0.3674095004531641,0.3690219228668764,0.3626436932100867,0.2485487758968887
2011-02-23,0.36659163482175583,0.3549874713440315,0.3606740696434608,0.35952761266333244,0.08404204650156717
2011-02-24,0.3622991153222007,0.35269499386895564,0.360908121602996,0.3610987457121162,0.06846907556348676
2011-02-25,0.3683714599801077,0.3616249933358213,0.3766416144384054,0.3728560580271807,0.06156705164922701
2011-02-28,0.3836046694236507,0.37314069414085416,0.3857956466335527,0.38189007305768663,0.09210775351964742
2011-03-01,0.38739988483484267,0.37500666417870665,0.3757054066002653,0.36672863913692444,0.09827974567440584
2011-03-02,0.36795267758990724,0.3641840379591619,0.3763815567055887,0.3728560580271807,0.062010062375078244
2011-03-03,0.3831335392346752,0.3782321266727089,0.3892284087067329,0.38982429495404447,0.10012042404237928
2011-03-04,0.39014814427053335,0.37732579836860913,0.38220684992068243,0.38120924873654727,0.1574622348955181
2011-03-07,0.38585562477097823,0.37500666417870665,0.3770317010376304,0.37327502684018965,0.0676059325999738
2011-03-08,0.3740773700465895,0.3694620674948019,0.37526330845447686,0.37942863128125914,0.03647454976175174
2011-03-09,0.37949536721980837,0.3678893213200405,0.38197279796114747,0.37756945717353174,0.03853257376752544
2011-03-10,0.36366015809035235,0.3503492029642268,0.3596078329389124,0.352038545130797,0.15839401332359956
2011-03-11,0.34669947128723233,0.3454976808658101,0.3552648688008738,0.35617586215926056,0.11146711425309015
2011-03-14,0.3430612992723655,0.3335288159087273,0.34496658258133317,0.34659195056168013,0.11173541652367612
2011-03-15,0.302596450819243,0.3178813243055927,0.309676748238109,0.32661237529131437,0.3723858727415292
2011-03-16,0.3258912212741455,0.31254998134029965,0.3024211374925233,0.30181465867134505,0.3136089567201399
2011-03-17,0.32479191749986913,0.3158021005491283,0.3289990377863886,0.3251459844457829,0.18884528110382465
2011-03-18,0.3428519080772655,0.3339553233459509,0.3410917223623645,0.3336562884600278,0.14786054937489732
2011-03-21,0.35319059833533994,0.34501785999893375,0.35843757314123736,0.35525936788080337,0.18665934555044603
2011-03-22,0.35889650840182175,0.34645732259956286,0.3596078329389124,0.3526408127994973,0.10559982196376463
2011-03-23,0.35080877349107464,0.34501785999893375,0.3532624242581853,0.35452617245803775,0.0915201923456898
2011-03-24,0.3622991153222007,0.3599989337314069,0.3662653108990196,0.36877111210034297,0.14246226609345655
2011-03-25,0.3663822436266554,0.3599989337314069,0.37258471380646496,0.36672863913692444,0.0936520514724387
2011-03-28,0.36727215620583153,0.35933251586074544,0.37144045978207163,0.3635863730393569,0.088763334518855
2011-03-29,0.36366015809035235,0.35887935170869545,0.36714950719059647,0.3714944093849015,0.10268801437601004
2011-03-30,0.37593571690310423,0.3719677986884897,0.38431331755649756,0.38259708292963945,0.07097219015767438
2011-03-31,0.38069936659163484,0.3723676494108865,0.38693990065794603,0.3812616198381735,0.07530038415061532
2011-04-01,0.3878710150238184,0.3819107533187611,0.3919330091280263,0.39050511927518383,0.09355949758839936
2011-04-04,0.3923729257184735,0.38329690248973725,0.398174394715627,0.39225955117965916,0.08419387646864296
2011-04-05,0.38920588389258215,0.38265714133390216,0.3959378982134035,0.39225955117965916,0.04791171399393927
2011-04-06,0.3973197927027169,0.38785520072506263,0.4026993992666371,0.3979941868077195,0.0683328445656311
2011-04-07,0.3961943150290531,0.38702884256544245,0.3972901984240501,0.39411872528738656,0.04832976636903833
2011-04-08,0.40577396220488937,0.39323985712000864,0.4013210932827088,0.39527088952316114,0.18393368566205145
2011-04-11,0.398759357169031,0.3881217678733273,0.3972901984240501,0.3918405823666502,0.07352002179695966
2011-04-12,0.3880804062189184,0.37521991789731834,0.3844953579694691,0.3803451255597161,0.06963899825499531
2011-04-13,0.39213736062398563,0.37935170869542034,0.38693990065794603,0.38189007305768663,0.11923956064983227
2011-04-14,0.37834371564675695,0.3747667537452686,0.3840532598236809,0.38597501898452435,0.0242751159003413
2011-04-15,0.38289797414018734,0.3763661566348564,0.38959248953267644,0.38642017334834633,0.027035093521020126
2011-04-18,0.3699942417421348,0.36237138135096236,0.3652250799677529,0.36672863913692444,0.13260891720275123
2011-04-19,0.37339684866251377,0.3643706349629472,0.3786440589810939,0.3767053339967006,0.0973032502012267
2011-04-20,0.3951211851541644,0.38905475289225366,0.4006449431773854,0.3982298567650371,0.06929374106959012
2011-04-21,0.4018740511961473,0.3968651703364079,0.4100850388786311,0.40611170755976866,0.11261727825025322
2011-04-25,0.4066377008846779,0.3968651703364079,0.4080305827893792,0.4050119144256199,0.061387143537555026
2011-04-26,0.40891483013139285,0.402889587887189,0.4139598990975998,0.4128937652203515,0.0705052610123523
2011-04-27,0.41747369523111566,0.4121128112171455,0.4170805918913999,0.4226086045719972,0.06768184758351169
2011-04-28,0.41909647699314234,0.4145652289811803,0.427196837697969,0.4253842729581816,0.11056445390088623
2011-04-29,0.42786473328796515,0.42093618382470543,0.43369828101838614,0.4303857131634765,0.18645135929417783
2011-05-02,0.4348793383238235,0.4261075865010395,0.43408836761761116,0.4268768493545263,0.1464202445502401
2011-05-03,0.4223943883159712,0.4121128112171455,0.41926507684706016,0.41810468983215077,0.09049586003356898
2011-05-04,0.4184683034078417,0.406168363810844,0.4096429407328427,0.406740160779282,0.06036385115671556
2011-05-05,0.40281631157409825,0.39132057365250295,0.39370140171118007,0.39050511927518383,0.16012133918190685
2011-05-06,0.40368005025388676,0.3980380657887723,0.3995527006995553,0.3956636727853571,0.0939900291388745
2011-05-09,0.3975553577972045,0.3918003945193793,0.4006449431773854,0.40179109167561355,0.06121659480741513
2011-05-10,0.40776317855834165,0.40326278189475917,0.41416794528385303,0.41425541386263065,0.0906716084201156
2011-05-11,0.40844369994241736,0.3959588420323079,0.3952617481080799,0.393909240880882,0.08439770299978577
2011-05-12,0.3917185782337852,0.38716212613957457,0.3919330091280263,0.3948519207101522,0.1860416263693295
2011-05-13,0.39538292414803966,0.3843898277976223,0.3847034041557226,0.38141873314305186,0.0895536822926741
2011-05-16,0.38242684395121185,0.3777789625206591,0.385379554261046,0.37756945717353174,0.10222316509325063
2011-05-17,0.3749672826257656,0.36876899290931386,0.37747379918341883,0.38094739322841664,0.0654085578025004
2011-05-18,0.3802020625032717,0.37847203710614696,0.3864717967388759,0.39074078923250144,0.032447935840399664
2011-05-19,0.3942050986756006,0.3823905741856375,0.394559592229475,0.39317604545811635,0.03158687273944937
2011-05-20,0.3910380568497095,0.3782321266727089,0.38670584869841107,0.38120924873654727,0.018043847662546457
2011-05-23,0.36413128827932784,0.35245508343551735,0.36579720697994966,0.36175338448244254,0.1205415546140711
2011-05-24,0.37022980683662265,0.35909260542730714,0.37188255792785985,0.3654193615962713,0.061764638592681796
2011-05-25,0.36297963670627664,0.3630377992216238,0.3707643096767482,0.3717038937914059,0.023506606683430353
2011-05-26,0.37473171753127776,0.3696753212134136,0.3779679088757705,0.3798737856450811,0.07069348857427502
2011-05-27,0.38650997225566674,0.37753905208722083,0.3919330091280263,0.38733666762680374,0.06210573605296161
2011-05-31,0.40436057163796246,0.3920403049528176,0.40381764751774896,0.4035978946817147,0.06529312543027158
2011-06-01,0.4014290949065592,0.38948126032947705,0.38670584869841107,0.37942863128125914,0.06492914948180224
2011-06-02,0.38423284300895155,0.37335394785946585,0.38264894806647065,0.38071172327109903,0.1835665899197381
2011-06-03,0.37022980683662265,0.37066161966199296,0.37723974722388365,0.37712430280970977,0.04492711121649081
2011-06-06,0.37358006595822657,0.36138508290238325,0.3707643096767482,0.36175338448244254,0.05256020682153322
2011-06-07,0.3738156310527144,0.3641840379591619,0.3757054066002653,0.36672863913692444,0.02927302563846581
2011-06-08,0.36297963670627664,0.35312150130617903,0.3653811146074427,0.35999895257796743,0.1631766572864865
2011-06-09,0.36140920274302457,0.35909260542730714,0.36670740904480803,0.3690067820576606,0.024095207788669325
2011-06-10,0.36117363764853694,0.3478168150557126,0.35094791043611673,0.34659195056168013,0.07702251035251591
2011-06-13,0.3529550332408523,0.3411526363490964,0.35165006631472184,0.3488700934824165,0.13154610743322082
2011-06-14,0.36297963670627664,0.35426774004371686,0.3680597092554546,0.36557647490114964,0.22871312663659185
2011-06-15,0.3516986860702508,0.3401663379005171,0.3447845421683614,0.3377150488360523,0.1026058598047841
2011-06-16,0.3354185206512065,0.3268912939169377,0.3345902790419474,0.33391814396815844,0.21884417877666643
2011-06-17,0.3428519080772655,0.3356080396651917,0.3461888539255714,0.3407263871795545,0.04989798274130045
2011-06-20,0.3371721719101711,0.3310230847150397,0.3447845421683614,0.3415643248055722,0.2465406685926194
2011-06-21,0.34874103543945967,0.35128218798315314,0.3572933191168438,0.36130823011862057,0.07875607579851124
2011-06-22,0.3572999005391825,0.3494162179453004,0.36244246222661436,0.35384534813689816,0.1830175062031901
2011-06-23,0.3378003454954718,0.33488830836487704,0.33750292564949425,0.3479274136531463,0.07173133999305326
2011-06-24,0.3494215568235356,0.33584795009863,0.34455049020882644,0.33685092565922115,0.025654064779399376
2011-06-27,0.33756478040098414,0.33632777096550637,0.3438223285569396,0.345727827384849,0.0920307986048282
2011-06-28,0.34874103543945967,0.34829663592258897,0.3572933191168438,0.360627405797481,0.03069981135646556
2011-06-29,0.36881641626969597,0.36346430665884744,0.3730268119522534,0.37492471654141246,0.3672298934486409
2011-06-30,0.3809349316861227,0.37807218638374995,0.387173952617481,0.38820079080363445,0.06700589225064008
2011-07-01,0.3883159713134062,0.39156048408594124,0.3925571476867865,0.401136452905287,0.09654514029712917
2011-07-05,0.40025126943412037,0.38905475289225366,0.4046758380360441,0.3987011966796723,0.05369477184947618
2011-07-06,0.39488562005967653,0.3856160366796395,0.39705614646451515,0.39548037392966573,0.1417187152272978
2011-07-07,0.4020834423912475,0.39547902116543177,0.4094088887733077,0.40629500641546,0.6315190692199059
2011-07-08,0.39488562005967653,0.38308364877112555,0.3952617481080799,0.39503521956584353,0.05853669189539954
2011-07-11,0.3774276291681936,0.3655435304153116,0.37258471380646496,0.36827358663489496,0.12758292932003054
2011-07-12,0.3622991153222007,0.35909260542730714,0.3685538189478065,0.35999895257796743,0.0661021919671548
2011-07-13,0.37091032822069836,0.37018179879511637,0.3770317010376304,0.3710230694702663,0.049456011946730556
2011-07-14,0.37834371564675695,0.3674095004531641,0.37053025771721326,0.3626436932100867,0.0611219610608131
2011-07-15,0.3718264146992619,0.35933251586074544,0.3709723558630017,0.3694519364214828,0.037801502076742766
2011-07-18,0.3616447678375124,0.34896305379325043,0.356123059319169,0.35546885228730773,0.04725447742413181
2011-07-19,0.3663822436266554,0.36237138135096236,0.3748212103086884,0.3737201812040116,0.12714823804443
2011-07-20,0.3810396272836728,0.37066161966199296,0.3847034041557226,0.38071172327109903,0.03849721610395985
2011-07-21,0.38624823326179125,0.3883083648771126,0.3939354536707148,0.3991463510434943,0.10705052610123524
2011-07-22,0.3961943150290531,0.38785520072506263,0.4008789951369204,0.3992772787975596,0.09482821375163529
2011-07-25,0.38852536250850644,0.38393666364557255,0.3954958000676151,0.39050511927518383,0.11882982772498393
2011-07-26,0.39328901219703727,0.38513621581276314,0.39843445244844344,0.39225955117965916,0.07138192308252271
2011-07-27,0.38899649269748215,0.3761529029162447,0.3739110082438303,0.3676713189661944,0.16056850963288347
2011-07-28,0.36860702507459553,0.3646105453963855,0.37281876576600015,0.36583833040928004,0.1155207663877571
2011-07-29,0.36140920274302457,0.36095857546515986,0.3643148779028945,0.36382204299667453,0.20037811901389554
2011-08-01,0.38195571376223636,0.3689822466279258,0.35635711127870373,0.35546885228730773,0.26309637459156693
2011-08-02,0.3480343401559963,0.33862024844058225,0.3370608275037058,0.327816910628715,0.1491791822396376
2011-08-03,0.33159713134062707,0.3196939809137922,0.32070319610953646,0.33205896986043104,0.21539472671645857
2011-08-04,0.31052714233366474,0.29623607186650314,0.27662341039710825,0.2682971536306267,0.8660235731622854
2011-08-05,0.28204993980003146,0.2768566401876633,0.2523340181520297,0.2726177695147818,0.32857148799607316
2011-08-08,0.23839187562163,0.2344991203284108,0.20677190336254658,0.19746523868129562,0.9670612165948074
2011-08-09,0.22431031775113863,0.23977714986405085,0.2065118456297299,0.25067427793343644,0.5002724619957113
2011-08-10,0.23203161807046024,0.2183451511435731,0.21171300028606344,0.20202152452276834,0.26100507278479035
2011-08-11,0.2115112809506361,0.24417550781041752,0.2186305359789873,0.247950980648878,0.13148371155634037
2011-08-12,0.259147777835942,0.24900037319400758,0.25774321899461683,0.2570373667810104,0.2137901127493495
2011-08-15,0.26576977438098737,0.2672335661353096,0.2748550178139547,0.2793998271753648,0.08707864584308268
2011-08-16,0.2666596869601633,0.263075118622381,0.26853561490650935,0.26876849354526167,0.12547706847531515
2011-08-17,0.27731246401088827,0.2711254464999733,0.2759472602917846,0.27329859383592137,0.17650961624455855
2011-08-18,0.24375752499607395,0.22823479234419164,0.2273944815749096,0.22778810652282067,0.6108868325981018
2011-08-19,0.21554206145631571,0.22346324039025434,0.22115309598730915,0.21312419806750627,0.08813625595620642
2011-08-22,0.23661205046327805,0.22346324039025434,0.22315554052999753,0.21377883683783294,0.09902745626568996
2011-08-23,0.22253049259278657,0.23217998613850832,0.22494993888643278,0.2470344863704208,0.13178633155921057
2011-08-24,0.24064283096895778,0.23839100069307473,0.24539047668582425,0.25164314331351967,0.6204885181187226
2011-08-25,0.2524472595927342,0.24023031401610062,0.23797883130054864,0.23032810495168765,0.14240402994170145
2011-08-26,0.2275297073758048,0.23473903076184888,0.22518399084596785,0.2457513943805808,0.08546779228828559
2011-08-29,0.25964508192430513,0.2591299248280643,0.2687696668660443,0.2726177695147818,0.07605121453574348
2011-08-30,0.26754959953933943,0.26331502905581905,0.26853561490650935,0.27374374819974334,0.1077639189602351
2011-08-31,0.2829398523792076,0.27760302820280436,0.2882219852807323,0.283301474246511,0.09419489560129866
2011-09-01,0.28547872061979807,0.27965559524444195,0.2842951135152004,0.2759957055696667,0.393307210259546
2011-09-02,0.25726325708003983,0.24641467185584043,0.2576391959014901,0.25292623530335967,0.03570188081971543
2011-09-06,0.21281997592001256,0.21975795702937562,0.21569188359815872,0.23302521668543308,0.15297597134781332
2011-09-07,0.24875673977909218,0.24553500026656727,0.25509063011988653,0.2601534473277647,0.07712026389296195
2011-09-08,0.2499083913521437,0.24577491070000534,0.25280212207109976,0.24431118908586247,0.08103456523592921
2011-09-09,0.23250274825943573,0.21677240496881178,0.2202688996957325,0.21563801094556023,0.17405537842059396
2011-09-12,0.19808407056483268,0.19904568960921265,0.20266299118404285,0.21448584670978565,0.18813396810738744
2011-09-13,0.2159870177459039,0.21034813669563368,0.22245338465139264,0.22349367618947857,0.08060819341057943
2011-09-14,0.22687535989111662,0.2285013594924561,0.22245338465139264,0.234360679776899,0.15424468751104928
2011-09-15,0.24700308852012764,0.23772458282241282,0.24832912906665283,0.25090994789075394,0.7835757413150138
2011-09-16,0.24899230487358004,0.24188303033534164,0.25368631836267663,0.25313571970986415,0.6319558403580691
2011-09-19,0.22865518504946858,0.22412965826091602,0.23165942839310338,0.23391552541307714,0.07074860493218608
2011-09-20,0.23993613568549443,0.23217998613850832,0.2404753855355889,0.23365366990494651,0.03561244672952011
2011-09-21,0.23203161807046024,0.21882497201044948,0.21371544482875193,0.203618843122365,0.26312237287360046
2011-09-23,0.16102182903208928,0.15807431892093615,0.16895950901100043,0.17235329545156985,0.22436101422418006
2011-09-26,0.17688321206093294,0.1759876312843206,0.17306842118950416,0.1918353452564875,0.1463817670928305
2011-09-27,0.2153326702612155,0.21058804712907186,0.2146256468936104,0.20995574641912595,0.118930701059274
2011-09-28,0.2110401507616605,0.20176467452151203,0.19933425220398926,0.18913823352274217,0.09959109902017675
2011-09-29,0.2123750196304245,0.19949885376126242,0.19818999817959593,0.2022048233784598,0.33352884041422537
2011-09-30,0.18641051143799403,0.1766007357253292,0.18308064390294643,0.1727722642645788,0.35720911562163965
2011-10-03,0.1701041721195624,0.16220610971903815,0.15889527475099474,0.14978135065071096,0.5441305238549836
2011-10-04,0.13796262367167467,0.15111691635122892,0.13868878891113823,0.1674042263479013,0.2985309930719778
2011-10-05,0.16824582526304765,0.170443034600416,0.16989571684914062,0.18437246327476497,0.20470527307555517
2011-10-06,0.18499712087106734,0.1919016900357201,0.18989415650274366,0.20702296472806303,0.15256311862912098
2011-10-07,0.210569020572685,0.1981127045902863,0.20471744727329466,0.19882688732357479,0.08451729509713998
2011-10-10,0.21823797309323145,0.21882497201044948,0.22762853353444468,0.23391552541307714,0.0755790857340147
2011-10-11,0.22347275297073754,0.21746547955429973,0.23165942839310338,0.23009243499437015,0.4411201307817579
2011-10-13,0.24064283096895778,0.23087380711201155,0.2418016799729541,0.2438660347220405,0.12801866052691238
2011-10-14,0.2584934303512537,0.24604147784827002,0.2586534210594752,0.2606509727932127,0.13575262946624486
2011-10-17,0.25509082343087475,0.23977714986405085,0.24539047668582425,0.23621985388462652,0.09639747005517875
2011-10-18,0.23451813851227554,0.24553500026656727,0.235768340571607,0.25544004818141364,0.11842841425038633
2011-10-19,0.2524472595927342,0.24121661246467974,0.24765297896132932,0.24048809866715548,0.18661150871150434
2011-10-20,0.24129717845364607,0.2285013594924561,0.235768340571607,0.2391264500248763,0.07831722479778536
2011-10-21,0.2515049992147831,0.2481207016047342,0.2606818713754454,0.26269344575663145,0.0956923966464296
2011-10-24,0.2664764696644505,0.26603401396811854,0.27459496008113804,0.27806436408389845,0.24176114442357646
2011-10-25,0.27527089985866093,0.2603294769952551,0.26762541284165076,0.25968210741312947,0.10734794644769874
2011-10-26,0.2740930743862221,0.26190222317001655,0.26289236210438727,0.27395323260624793,0.20027204602319879
2011-10-27,0.3114432288122285,0.3141760409447141,0.31160117546095234,0.3189661944539004,0.36465606352732205
2011-10-28,0.3122807935926294,0.3026869968545076,0.31773853795542595,0.31564062950064176,0.1533638657157535
2011-10-31,0.2919960215672931,0.2806152369781949,0.28710373702962066,0.2775144675168242,0.06732515115401175
2011-11-01,0.24357430770036115,0.2450551793996909,0.24791303669414622,0.24685118751472945,0.15801235854334744
2011-11-02,0.26367586242998475,0.25382523857759787,0.26518087015317415,0.26444787766110656,0.05098783072414574
2011-11-03,0.2786473328796525,0.27269819267473494,0.27059007099576105,0.28529157610830347,0.11054885493166611
2011-11-04,0.2762655080353872,0.2634483126299516,0.27602527761162976,0.2768336431956848,0.08420739557530038
2011-11-07,0.27707689891640064,0.2690462227435091,0.2777156528749384,0.2814684856895966,0.05140276330540077
2011-11-08,0.28765115426896315,0.28189475928986507,0.28744181208228226,0.29414229228311806,0.1869026894702798
2011-11-09,0.26147725488143225,0.24852055232713122,0.2539203703222116,0.24614417764277674,0.45766751733045474
2011-11-10,0.26097995079306935,0.24740097030441977,0.25683301692975835,0.2565660268663752,0.05055625924238926
2011-11-11,0.2712139454535937,0.2665138348349949,0.2802642186565417,0.278719002854225,0.028413002468796862
2011-11-14,0.27273203161807047,0.25841019352774963,0.2680675109874392,0.263321898976145,0.10845651319360816
2011-11-15,0.26166047217714505,0.2564109399157648,0.26653317036382085,0.26379323889078,0.06927606223780733
2011-11-16,0.25509082343087475,0.2522258356880098,0.2570150573427302,0.24839613501269997,0.7633147601606485
2011-11-17,0.24831178348950433,0.23751132910380135,0.23527423087925514,0.23210872240697578,0.09658985734222683
2011-11-18,0.2420038737371094,0.2264487924508185,0.23839492367305548,0.23302521668543308,0.05018812356879457
2011-11-21,0.21624875673977917,0.20061843578397398,0.21212909265857016,0.21063657074026554,0.19023358936441478
2011-11-22,0.2110401507616605,0.20021858506157708,0.21350739864249868,0.20924873654717335,0.14170311625807766
2011-11-23,0.1972465057844318,0.18289172042437496,0.19324890125607885,0.18418916441907351,0.2866279396257495
2011-11-25,0.18188242684395117,0.17689395958842036,0.1853691519517333,0.1812563827280107,0.1190960501330072
2011-11-28,0.21664136523059208,0.20363064455936453,0.2179803916469456,0.21603079420775617,0.13389219240392594
2011-11-29,0.2180024079987437,0.20917524124326914,0.223363586716251,0.2194349158134542,0.25368187670158754
2011-11-30,0.25221169449824643,0.25094631337633944,0.2590175018854186,0.26384560999240625,0.27592600680947
2011-12-01,0.26147725488143225,0.254305059444474,0.26585702025849745,0.25928932415093353,0.20208880597170137
2011-12-02,0.2711615976548186,0.258436850242576,0.2679894936675943,0.25850375762654165,0.15385367334926509
2011-12-05,0.2747735957702978,0.2644346110785307,0.27436090812160285,0.27083715205949344,0.17494451966614047
2011-12-06,0.26901533790504095,0.2580103428053526,0.27191636543312614,0.2681924114273744,0.13883602571542072
2011-12-07,0.2630476888446841,0.2620088500293223,0.2666371934569475,0.27172746078713783,0.12826512424059017
2011-12-08,0.2588598649426791,0.2471610598709817,0.25170987959326974,0.244127890230171,0.27181931817945465
2011-12-09,0.24935873946500553,0.25094631337633944,0.25782123631446185,0.2627196313074447,0.10457132992651845
2011-12-12,0.24490917656912525,0.23175347870128493,0.24159363378670062,0.2391264500248763,0.13610204637677542
2011-12-13,0.2481809139925666,0.23564535906594886,0.23488414428003013,0.22859985859802556,0.1607598569886502
2011-12-14,0.22506936083337703,0.21200085301487448,0.22242737887811093,0.21684254628296107,0.48515706082142085
2011-12-15,0.22687535989111662,0.21352028575998305,0.22788859126726135,0.2203775956427243,0.3492588409757883
2011-12-16,0.22674449039417888,0.2162925841019353,0.2277325566275713,0.2218963575898819,0.5916876212819856
2011-12-19,0.22454588284562638,0.21064136055872473,0.2182924609263256,0.2101128597240044,0.22796957577043309
2011-12-20,0.22674449039417888,0.22826144905901802,0.2344160403609602,0.24090706748016444,0.5144914424054858
2011-12-21,0.23938648379835625,0.22594231486911553,0.2385249525394637,0.23860273900861517,0.3932292154134454
2011-12-22,0.24310317751138555,0.23609852321799862,0.251215769900918,0.24991489695985747,0.2745460179991306
2011-12-23,0.2528398680835472,0.24340246308044988,0.2594596000312068,0.2559899447484877,0.3220490389995029
2011-12-27,0.2539915196565985,0.24292264221357351,0.26291836787766887,0.25452355390295645,0.30294134163614467
2011-12-28,0.25375595456211064,0.2388708215599511,0.2475229500949211,0.23949304773625923,0.46753646519038017
2011-12-29,0.23985761398733185,0.23796449325585112,0.24910930226510286,0.2510932467464453,0.3536192728384508
2011-12-30,0.24933256556561811,0.2408700751719357,0.25852339219306697,0.25339757521799466,0.22197645179606532
2012-01-03,0.2732031618070462,0.2636882230633897,0.2817725535068786,0.2721464296001468,0.26372137329165285
2012-01-04,0.2679160341307648,0.25896998453910536,0.27402283306894126,0.2721464296001468,0.15733640321047584
2012-01-05,0.2641731665183481,0.2551847310337474,0.26687124541648255,0.2668307627850952,0.0912612494566359
2012-01-06,0.2665549913626132,0.2514527909580422,0.26731334356227077,0.2592369530493075,0.056499466515252665
2012-01-09,0.26393760142386025,0.25046649250946307,0.26614308376459583,0.2627196313074447,0.22943795873968648
2012-01-10,0.2785688111814898,0.2657674468198541,0.28546537331287547,0.278195291837964,0.1424965838257408
2012-01-11,0.27299377061194574,0.2634483126299516,0.2795100512313734,0.2768336431956848,0.09988851936664025
2012-01-12,0.2803748102392295,0.2672335661353096,0.28203261123969525,0.28002828039487815,0.22447540666512755
2012-01-13,0.2695126419934041,0.2573172682198648,0.27121420955452125,0.271020450915185,0.09102310519320883
2012-01-17,0.28273046118410716,0.272138401663379,0.2868696850700855,0.2795831260310562,0.26369121528449396
2012-01-18,0.2822593309951317,0.2797089086740949,0.2912386549814058,0.2932519835554741,0.3637627625566502
2012-01-19,0.29872271370988834,0.2901316841712427,0.3050217148206903,0.3024431118908586,0.24792897685320955
2012-01-20,0.30241323352353044,0.2910913259049954,0.3084284711205888,0.3049045536672863,0.10614994561159398
2012-01-23,0.30793592629429944,0.2980487284747029,0.311861233193769,0.3059257901489958,0.5125717292601304
2012-01-24,0.29804219232581264,0.28959854987471356,0.30387746079629696,0.30202414307784964,0.2566113631211249
2012-01-25,0.3019682772339424,0.30258036999520166,0.30546381296647873,0.31482887742543664,0.1497688232761579
2012-01-26,0.32099670208867714,0.3101508770059178,0.3172444282630743,0.31111052920998206,0.2009687999816972
2012-01-27,0.30934931686122613,0.30140747454283745,0.31792057836839793,0.31218413679331736,0.1176703043462888
2012-01-30,0.30220384232843,0.2938369675321213,0.3059579226588304,0.30574249129330444,0.20821296128751812
2012-01-31,0.31421766214730684,0.30122087753905213,0.310690973396094,0.3080468197648536,0.30027391789950514
2012-02-01,0.32099670208867714,0.3152956229674255,0.3279848126284036,0.3226583571185422,0.30608401396835694
2012-02-02,0.32691200335025916,0.316761742282881,0.3326398460458221,0.3267956741470057,0.34429940869507336
2012-02-03,0.3357849552426321,0.3296635922588902,0.34319818999817964,0.34185236586451606,0.15892749807092746
2012-02-06,0.3357849552426321,0.3261715626166233,0.3429641380386447,0.3391290685799577,0.09395779126915293
2012-02-07,0.3373292153064963,0.33038332355920463,0.3413257743218995,0.34279504569378627,0.13244044833517402
2012-02-08,0.3457310370098937,0.3358212933838036,0.34899747743999165,0.34693236272225003,0.1407942163181857
2012-02-09,0.348453122546197,0.33630111425067977,0.3514940316750318,0.34839875356778127,0.08929577933490154
2012-02-10,0.33431921687693034,0.32171989124060363,0.33888123163342254,0.3337610306632801,0.13210767032514492
2012-02-13,0.3457310370098937,0.33326224876046284,0.34923152939952684,0.3432925711592343,0.18043431690033923
2012-02-14,0.34109825681830086,0.3275843685024258,0.3407016357631395,0.3388933986226401,0.06944141131154054
2012-02-15,0.34594042820499393,0.3327824278935865,0.3450966114477413,0.3367723690067821,0.06502794295352964
2012-02-16,0.33774799769669694,0.33867356187023523,0.3444204613424181,0.3516457618686011,0.07403998743763013
2012-02-17,0.3559126838716432,0.34357839739830465,0.35911372324656077,0.35463091466129004,0.030846441667134634
2012-02-21,0.3579280741244829,0.3471770538998773,0.36135021974878423,0.3551546256775513,0.10031905091711539
2012-02-22,0.35473485839920416,0.34125926320840216,0.3586456193274906,0.3518814318259187,0.10274001094007708
2012-02-23,0.35261477254881435,0.3445113824172308,0.35474475333524047,0.3558616355495037,0.22614865609680512
2012-02-24,0.3603098989687482,0.35208188942794694,0.3685538189478065,0.3620414255413864,0.0882017716269309
2012-02-27,0.35243155525310177,0.35018926267526784,0.35700725561074564,0.35929194270601483,0.22866736966021284
2012-02-28,0.36167094173689984,0.35373460574718774,0.3675916053363847,0.3655241037995234,0.1651379676830955
2012-02-29,0.37025598073601007,0.3598389934424482,0.3653291030608795,0.3583230773259316,0.4242139679409984
2012-03-01,0.3630581584044391,0.3577864264008104,0.37081632122331165,0.3690067820576606,0.16459928327936088
2012-03-02,0.36329372349892697,0.35208188942794694,0.3662132993524564,0.3609154468564246,0.5144352861162934
2012-03-06,0.33528765115426895,0.32145332409233895,0.3326398460458221,0.3267956741470057,0.48892161205987505
2012-03-07,0.3331675653038789,0.3271578610652024,0.3393493355524927,0.3384220587080049,0.22717818806533263
2012-03-08,0.3508349473904623,0.3461907554512982,0.3572413075702806,0.3566995731755218,0.20010565701818422
2012-03-09,0.3564099879600061,0.34765687476675367,0.3625204795464593,0.3558616355495037,0.09254348472652928
2012-03-12,0.355703292676543,0.3445113824172308,0.3598158791251659,0.3539762758909635,0.15676444100573833
2012-03-13,0.35910589959692196,0.3612784560430773,0.3673575533768497,0.37340595459425496,0.13042610144321662
2012-03-14,0.3732398052661884,0.3612784560430773,0.37380698515070365,0.3692424520149782,0.4080388767910216
2012-03-15,0.3714338062084489,0.3645572319667325,0.37721374145060216,0.37591976747230893,0.25563174785410175
2012-03-16,0.38203423546039905,0.37002185850615765,0.3878501027228046,0.37969048678938977,0.1015919268054767
2012-03-19,0.3790242370308329,0.37498000746388005,0.38597768704652424,0.3829113095393961,0.10572877344265091
2012-03-20,0.37229754488823763,0.362744575358533,0.3765896028918422,0.37408677891539455,0.09037106827980806
2012-03-21,0.37439145683924,0.36175827690995366,0.3765896028918422,0.37199193485034954,0.10243739093720687
2012-03-22,0.36054546406323607,0.35018926267526784,0.3653291030608795,0.3587682316897536,0.268623609351894
2012-03-23,0.3603098989687482,0.35493415791437877,0.36514706264790775,0.3673832779072508,0.36501275995682203
2012-03-26,0.376275977595142,0.37188782854401015,0.3837411905443008,0.3838016182670403,0.21329094573430588
2012-03-27,0.38433753860650144,0.3716212613957457,0.38597768704652424,0.3770719317080835,0.1502315926963546
2012-03-28,0.37784641155839405,0.36527696326704695,0.37219462720723995,0.36874492654952995,0.11885166628189209
2012-03-29,0.36167094173689984,0.3542410833288905,0.3636907393441343,0.3669381235434288,0.40884898325918617
2012-03-30,0.3746793697325027,0.36157167990616834,0.37515928536135024,0.3713634816308362,0.552135914858746
2012-04-02,0.3709626760194734,0.37519326118249197,0.3767976490780952,0.3829113095393961,0.3094034746183972
2012-04-03,0.3832382348322253,0.37028842565442255,0.3765896028918422,0.3722014192568541,0.06844931686914128
2012-04-04,0.35957702978589745,0.34765687476675367,0.3602579772709543,0.3551546256775513,0.19704929898232323
2012-04-05,0.3503638172014868,0.3447512928506691,0.3589056770603075,0.35418576029746784,0.1305092959457239
2012-04-09,0.34214521279380217,0.3341419203497362,0.3434582477309963,0.3432925711592343,0.4520986853188741
2012-04-10,0.3415432131078887,0.33017006984059294,0.32850492809403675,0.32148000733195436,0.365784388967577
2012-04-11,0.3379835627911846,0.32494535373460587,0.34155982628143444,0.3337610306632801,0.12482399163063304
2012-04-12,0.33897817096791083,0.3405128751932611,0.34660494629807814,0.352483699494619,0.16055499052622602
2012-04-13,0.3452075590221432,0.3325425174601482,0.3436922996905313,0.33449422608604573,0.12573393150180637
2012-04-16,0.34290425587604034,0.33038332355920463,0.3418198840142511,0.3381602031998745,0.064574532914865
2012-04-17,0.34546929801601844,0.34296529295729594,0.3531063896184953,0.35489277016942045,0.046565002984602775
2012-04-18,0.348453122546197,0.3393133230260703,0.3551868514810289,0.34813689805965087,0.11143695624593127
2012-04-19,0.3501020782076113,0.3400063976115584,0.34709905599043,0.3432925711592343,0.1380706362923538
2012-04-20,0.35148929487515057,0.34104600948979047,0.3558630015863521,0.34674906386655846,0.13496644141755113
2012-04-23,0.3345547819714182,0.3207069360771979,0.3340441578030323,0.3326088664275053,0.8104590048689582
2012-04-24,0.33337695649897936,0.3275843685024258,0.3420279302005046,0.3365366990494645,0.06390897689480679
2012-04-25,0.3489504266345601,0.34125926320840216,0.3554469092138456,0.35117442195396587,0.2366218040311896
2012-04-26,0.3505732083965868,0.34811003891880365,0.3572413075702806,0.36047029249260265,0.5632475805998739
2012-04-27,0.3637386797885148,0.3530415311616997,0.3662132993524564,0.362748435413339,0.3426303189885212
2012-04-30,0.36088572475527403,0.34752359119262133,0.3640028086235144,0.3581659640210533,0.11429676726961882
2012-05-01,0.3564099879600061,0.35706669510049593,0.3649130106883728,0.363691115242609,0.0733255546473489
2012-05-02,0.35614824896613084,0.3469371434664392,0.3615582659350375,0.35952761266333244,0.1747063754027134
2012-05-03,0.3588703345024341,0.34645732259956286,0.35604504199932385,0.3502841132263219,0.29399273296020595
2012-05-04,0.34431764644296703,0.3311297115743457,0.33958338751202766,0.33080206342140417,0.5713330463122996
2012-05-07,0.3292414803957494,0.3241989657194646,0.33724286791667735,0.335489277016942,0.18245698324254733
2012-05-08,0.327356959639847,0.3136162499333581,0.3222635425064363,0.3245699023278954,0.1670025644705398
2012-05-09,0.3105009684342773,0.3072986085194862,0.3138636777364575,0.31435753751080164,0.11624143876572635
2012-05-10,0.32272417944825416,0.30988430985765314,0.3246040621017866,0.317107020346173,0.6040232861412517
2012-05-11,0.30984662094958904,0.308898011409074,0.3172444282630743,0.3136243420880358,0.22702323830441284
2012-05-14,0.3007904517615033,0.2888521618595725,0.30457961667490185,0.2962633218989763,0.33135538403622283
2012-05-15,0.2947704549023714,0.28421389347976755,0.29451538241489617,0.2874126057241615,0.3055099719010567
2012-05-16,0.28969271842119027,0.2787226102255158,0.2882219852807323,0.27932127052292555,0.12900451538162358
2012-05-17,0.2790399413704655,0.2646212080823158,0.2751410813200531,0.26573096965094667,0.1509429056927918
2012-05-18,0.2674187300424017,0.25542464146718546,0.26427066808831556,0.2566707690696275,0.17553416070266076
2012-05-21,0.26069203789980644,0.2615290291624459,0.269809897797311,0.2754196234517794,0.15272638784029152
2012-05-22,0.2776003769041512,0.26957935704003844,0.27763763555509324,0.273534263793239,0.08272445356810822
2012-05-23,0.2657959482803748,0.25614437276750013,0.2613840272540505,0.2701039566367278,0.2629799022880568
2012-05-24,0.2716065539444067,0.2580103428053526,0.26957584583777605,0.26596663960826405,0.08590560335773012
2012-05-25,0.26718316494791383,0.25446499973343273,0.27191636543312614,0.2649977742281808,0.10111875807246656
2012-05-29,0.27644872533109976,0.26766007357253296,0.2804462590695135,0.27890230170991637,0.21388578642723288
2012-05-30,0.26833481652096547,0.2537186117182919,0.2684315918133827,0.25871324203304624,0.39309506427815244
2012-05-31,0.26244568915877087,0.24942688063123097,0.260629859828882,0.25952499410825114,0.09894322183190135
2012-06-01,0.24640108883421452,0.231140374260276,0.24596260369802092,0.23650789494357005,0.5973854047724526
2012-06-04,0.24268439512118511,0.22874126992589439,0.24039736821574387,0.23902170782162413,0.3388772069941618
2012-06-05,0.23826100612469248,0.23068721010822624,0.24728889813538613,0.244127890230171,0.07898798047425026
2012-06-06,0.2556143014186253,0.2570773577864265,0.26224221777234535,0.2712561208725026,0.05494268938708529
2012-06-07,0.2868659372873371,0.272138401663379,0.27904194731230325,0.2712561208725026,0.10371026682556816
2012-06-08,0.26393760142386025,0.25939649197632875,0.2691597534652693,0.2726177695147818,0.21084606729187336
2012-06-11,0.28155263571166833,0.26931278989177376,0.2679894936675943,0.25944643745581186,0.09377268350107425
2012-06-12,0.2657959482803748,0.2598763128432051,0.2684315918133827,0.2742412736651916,0.28599878120053823
2012-06-13,0.2702193372768674,0.2613424321586608,0.272800561724703,0.26596663960826405,0.08356055831830633
2012-06-14,0.2685703816154531,0.2622754171775872,0.2741788677086313,0.273089109429417,0.15907516831287788
2012-06-15,0.28061037533371735,0.27259156581542876,0.2861935349647623,0.2858152871245647,0.12786371076599257
2012-06-18,0.2838821127571586,0.27571040145012526,0.2896002912646608,0.2867317814030217,0.11036478709486877
2012-06-19,0.29568654138093475,0.2930905795169805,0.30434556471536667,0.3016313598156537,0.15375591980881903
2012-06-20,0.3052400146573836,0.295756250999627,0.3047876628611551,0.30320249286443746,0.3381180571587829
2012-06-21,0.30301523320944346,0.28959854987471356,0.2847632174342706,0.27586477781560137,0.06518393264573077
2012-06-22,0.28529550332408526,0.27283147624886706,0.2875718409486906,0.28560580271806013,0.045658182907273484
2012-06-25,0.2734125530021462,0.258436850242576,0.27191636543312614,0.2652072586346854,0.05963277946593288
2012-06-26,0.26901533790504095,0.2601428799914698,0.272800561724703,0.271020450915185,0.08613542817090647
2012-06-27,0.2762655080353872,0.268859625739724,0.283618963409877,0.28097096022414836,0.0611042822290303
2012-06-28,0.27393603098989694,0.26435464093405137,0.2758432371986582,0.2779858074314594,0.06668247362214305
2012-06-29,0.3074124483065487,0.29764887775230586,0.3111590773151639,0.3111367147607951,0.1259689559713894
2012-07-02,0.31327540176935564,0.3023404595617638,0.3157881049593011,0.3150383618319412,0.13998930950642782
2012-07-03,0.3179081819609485,0.3136162499333581,0.3266585181910385,0.32635051978318375,0.07532222270752349
2012-07-05,0.31814374705543635,0.3068987577970892,0.3209112422957897,0.3161905260677158,0.08454641317301753
2012-07-06,0.3076741873004242,0.2938369675321213,0.3078043325618288,0.3046688837099689,0.2321043425450446
2012-07-09,0.302596450819243,0.28834568427786955,0.30522976100694355,0.3018408442221583,0.08569657717018059
2012-07-10,0.3074386222059363,0.29333048995041855,0.3004186929498348,0.2934876535127917,0.08503726073781044
2012-07-11,0.2954509762864471,0.2853068187876526,0.29953449665825815,0.2955563120270235,0.08106784303693212
2012-07-12,0.2868659372873371,0.2752305805832489,0.28777988713494407,0.28516064835423816,0.1357661485729023
2012-07-13,0.2889860231377269,0.29063816175294566,0.29792213871479467,0.3016313598156537,0.14868209508715663
2012-07-16,0.3002931476731404,0.28959854987471356,0.30434556471536667,0.3013956898583361,0.055796472969066195
2012-07-17,0.306731926922473,0.29479660926587425,0.3040855069825502,0.30786352090916225,0.04548659424585223
2012-07-18,0.3041668847824949,0.3019406088393668,0.31300548721816257,0.31341485768153143,0.09397547010093572
2012-07-19,0.3174632256713604,0.308898011409074,0.3246040621017866,0.3199088742831706,0.27703873328050477
2012-07-20,0.3088781866722504,0.295756250999627,0.31261540061893756,0.3046688837099689,0.17709405762467215
2012-07-23,0.28597602470816097,0.27760302820280436,0.28777988713494407,0.28979549084815015,0.0679719884110058
2012-07-24,0.2903470659058788,0.2756837447352989,0.2808883572153019,0.27827384849040304,0.09299377497134989
2012-07-25,0.28555724231796054,0.27144532707789093,0.28569942527241043,0.28167797009610096,0.13013180089059714
2012-07-26,0.30126158195047903,0.2919443407794424,0.3066600785374355,0.3039618738380161,0.09332967277522301
2012-07-27,0.3096110558551014,0.3152956229674255,0.3184146880607496,0.3252245410982222,0.10398376875256082
2012-07-30,0.32225304925927867,0.31313642906648176,0.3305593841832887,0.3226583571185422,0.04867606348572486
2012-07-31,0.32481809139925677,0.31505571253398745,0.32808883572153025,0.31878289559820905,0.24562864885888339
2012-08-01,0.3246610480029316,0.31156368289172054,0.3239019062231815,0.3155097017465762,0.10962851574767939
2012-08-02,0.3086426215777628,0.3007143999573494,0.3071021766832237,0.3049045536672863,0.07673964904399118
2012-08-03,0.3232214835366173,0.32145332409233895,0.3319376901672172,0.33124721778522614,0.0719050085170372
2012-08-06,0.3355493901481442,0.32803753265447577,0.3434582477309963,0.3365366990494645,0.13983227988294533
2012-08-07,0.3431398209705282,0.33606120381724147,0.350141731464385,0.3442352509885047,0.10924166131102056
2012-08-08,0.34015599644034966,0.33368875619768623,0.3487634254804567,0.3432925711592343,0.21110293031836455
2012-08-09,0.34175260430298915,0.33606120381724147,0.35034977765063846,0.3456230851815969,0.05388507927396157
2012-08-10,0.3396848662513742,0.33510156208348896,0.3468650040308948,0.3476393725942024,0.05195496681579281
2012-08-13,0.34709207977804535,0.334595084501786,0.3487634254804567,0.3451779308177749,0.04024430065661261
2012-08-14,0.3508349473904623,0.3372874126992591,0.35263828569942535,0.3456230851815969,0.04610639328953142
2012-08-15,0.34452703763806725,0.334595084501786,0.35263828569942535,0.3463300950535495,0.14215964609058632
2012-08-16,0.3501020782076113,0.3461907554512982,0.35565495540009884,0.357170913090157,0.23220521587933468
2012-08-17,0.35816363921897076,0.34645732259956286,0.36345668738459935,0.358087407368614,0.21152514241858897
2012-08-20,0.3564099879600061,0.34499120328410715,0.36002392531141914,0.3566995731755218,0.11609376852377595
2012-08-21,0.3600743338742606,0.3542410833288905,0.363950797076951,0.3569352431328394,0.10449333508041789
2012-08-22,0.35243155525310177,0.3447512928506691,0.35770941148935076,0.3560973055068213,0.12858646300652452
2012-08-23,0.35517981468879223,0.34171242736045215,0.35630509973214053,0.34860823797428586,0.05027443786514587
2012-08-24,0.3464115583939694,0.340779442341526,0.35125997971549683,0.3505459687344523,0.2068891287663711
2012-08-27,0.35261477254881435,0.34171242736045215,0.3579434634488857,0.35002225771819107,0.13813095230667158
2012-08-28,0.34709207977804535,0.339526576744682,0.35565495540009884,0.3502841132263219,0.10547295034744104
2012-08-29,0.35196042506412606,0.33843365143679693,0.35497880529477543,0.34839875356778127,0.12383813677592184
2012-08-30,0.34431764644296703,0.3306498907074693,0.34486255948820654,0.33742700777710843,0.08889228599774127
2012-08-31,0.3470397319792703,0.33680759183238274,0.3491015005331183,0.34509937416533565,0.08246135095392897
2012-09-04,0.34635921059519437,0.33342218904942156,0.3476971887759083,0.34392102437874783,0.1517987691373354
2012-09-05,0.34374182065644143,0.33342218904942156,0.34793124073544324,0.342245149126712,0.6240752411080676
2012-09-06,0.3505732083965868,0.35466759076611387,0.35911372324656077,0.36735709235643776,0.48023506606683425
2012-09-07,0.3721143275925246,0.36589006770805566,0.3805164746573738,0.37814553929141903,0.4654233248266954
2012-09-10,0.376066586400042,0.3650370528336089,0.3784100070215589,0.3699494618869308,0.2498840476621305
2012-09-11,0.37297806627231334,0.3674628138828171,0.381374665175669,0.3768624473015789,0.12044068127978103
2012-09-12,0.383709365021201,0.3728741269925895,0.3873819988037345,0.3814972897954909,0.07192788700522669
2012-09-13,0.3822698005548867,0.3916937676600736,0.38761605076326944,0.401188824006913,0.3279922462723663
2012-09-14,0.4067685703816154,0.4073945726928614,0.4147660780693313,0.41003954018172784,0.36329583341132815
2012-09-17,0.4096215254148562,0.397398304632937,0.4099290042389411,0.404226347901228,0.12056859282738597
2012-09-18,0.40184787729675964,0.39049421549288277,0.4066002652588875,0.4003508863808951,0.10711708170324105
2012-09-19,0.40349683295817396,0.393373140694141,0.40779653082984424,0.4027599570556968,0.05835886364629025
2012-09-20,0.3960110977333403,0.38596257397238354,0.39703014069123344,0.3971038780800755,0.29841868049359294
2012-09-21,0.4067685703816154,0.39425281228341413,0.4047018438093256,0.3971038780800755,0.17361548748858674
2012-09-24,0.39344605559336243,0.384203230793837,0.3989285621407953,0.39432820969389093,0.07663565591585708
2012-09-25,0.4001989216353451,0.388788185743989,0.3932853093386731,0.3849537825028151,0.23640653825595204
2012-09-26,0.38263623514631206,0.3699418883616783,0.38192078641458405,0.3762601796328786,0.1935540899457364
2012-09-27,0.3849657121918023,0.3796982459881644,0.3882141835487477,0.3903480059703055,0.38667452854715356
2012-09-28,0.3855415379783279,0.3726342165591512,0.3847294099290043,0.3791405902223153,0.2809717533865362
2012-10-01,0.3852274511856778,0.38263048461907556,0.39260915923334994,0.38469192699468446,0.6939399044511138
2012-10-02,0.39344605559336243,0.3821240070373728,0.39354536707149,0.38914347063290466,0.2566061634647182
2012-10-03,0.3899125791760455,0.37828544010236187,0.39195901490130824,0.3877294508889997,0.06792103177822009
2012-10-04,0.3938910118829503,0.38596257397238354,0.39937066028658375,0.39783707350284114,0.11702762681442011
2012-10-05,0.4059048317018269,0.39593218531748153,0.4040516994772839,0.3983345989682894,0.09817575254627174
2012-10-08,0.3908810134533841,0.3813776190222318,0.39916261410033027,0.3931236743564901,0.04500198626874736
2012-10-09,0.3906454483588965,0.3778322759503119,0.38870829324109957,0.38026656890727706,0.3566049155471806
2012-10-10,0.37891954143328255,0.36780935117556113,0.38095857280316225,0.3743748199743382,0.07147551689784339
2012-10-11,0.3836308433230383,0.37519326118249197,0.3884482355082829,0.3798214145434551,0.10790118988937211
2012-10-12,0.3809872794848975,0.36943541077997555,0.38192078641458405,0.3751080153971038,0.0502650784836138
2012-10-15,0.37986180181123375,0.3732473210001599,0.3844953579694691,0.3851894524601327,0.1283420791554094
2012-10-16,0.3932104904988746,0.38780188729540965,0.40121707018958197,0.3996700620597555,0.23314011410126018
2012-10-17,0.4016384861016594,0.39571893159886984,0.40779653082984424,0.40645211972033835,0.23045085180771255
2012-10-18,0.40328744176307396,0.3981180359332517,0.40909681949392784,0.4041739767996022,0.06195182622332316
2012-10-19,0.40140292100717156,0.388788185743989,0.39307726315241986,0.3863416166959073,0.05929168200565307
2012-10-22,0.39109040464848455,0.38017806685504074,0.39195901490130824,0.3910026447406323,0.09530762207233345
2012-10-23,0.3746793697325027,0.36181159033960664,0.37354692741788675,0.3711016261227056,0.1678792265407102
2012-10-24,0.37891954143328255,0.3666097990083701,0.3784100070215589,0.3699756474377438,0.09543657355121973
2012-10-25,0.3803591058995971,0.3709281868102574,0.37984032455205063,0.3769410039540182,0.28212087745241793
2012-10-26,0.3759095430037168,0.36511702297808823,0.3779679088757705,0.373432140145068,0.04219209194656417
2012-10-31,0.37795110715594393,0.36589006770805566,0.3784100070215589,0.3722537903584804,0.2334531334169438
2012-11-01,0.379128932628383,0.37684597750173277,0.38428731178321585,0.38888161512477426,0.4151114494354213
2012-11-02,0.3924776213160236,0.38017806685504074,0.3858476581801159,0.3769410039540182,0.15884846329354554
2012-11-05,0.37842223734491964,0.3682358586127845,0.38257093074662574,0.378590693655241,0.22578468014833578
2012-11-06,0.3833691043291628,0.37735245508343573,0.3898005357189295,0.38796512084631707,0.0887560549998856
2012-11-07,0.379128932628383,0.36610332142666735,0.3702701999843966,0.36688575244180255,0.19248088086339254
2012-11-08,0.3674291996021567,0.35826624726768674,0.3635086989311628,0.3556783366938123,0.25072535206873525
2012-11-09,0.3528503376433022,0.3510955909793676,0.36002392531141914,0.35617586215926056,0.34422037391769145
2012-11-12,0.3613306810448621,0.3479767553446713,0.3642628663563311,0.3570137997852785,0.17867475317231038
2012-11-13,0.34986651311312345,0.3465639494588688,0.35672119210464726,0.3502841132263219,0.3601458815601465
2012-11-15,0.3395539967544364,0.32934371168097254,0.3413257743218995,0.3357249469742596,0.30686708222320663
2012-11-16,0.33654399832487025,0.3279309057951698,0.3367227524510442,0.3392338107832098,0.1295868768991745
2012-11-19,0.35355703292676555,0.3493895612304738,0.36002392531141914,0.3621723532954515,0.3071447438753247
2012-11-20,0.35897503009998444,0.3496561283787387,0.3628325488258394,0.3607845191023593,0.13148579141890304
2012-11-21,0.36203737632832544,0.35181532227968226,0.36912594596000325,0.36455523841944015,0.08971799143512596
2012-11-23,0.3754384128147411,0.3699418883616783,0.3838192078641459,0.38236141297232185,0.0655073512742278
2012-11-26,0.37747997696696844,0.36735618702351136,0.38257093074662574,0.37955955903532423,0.6874548929806718
2012-11-27,0.3772705857718682,0.3682358586127845,0.3814006709489507,0.3727251302731154,0.2082077616311114
2012-11-28,0.36879024237030833,0.37231433598123376,0.3726107195797467,0.38236141297232185,0.5203306565502152
2012-11-29,0.38849918860911903,0.37873860425441186,0.39195901490130824,0.38843646076095206,0.5829927558386941
2012-11-30,0.3909595351515468,0.37953830569920566,0.3945335864561933,0.3894838827934748,0.10790222982065345
2012-12-03,0.3964560540229284,0.38470970837553975,0.395183730788235,0.3866034722040377,0.1945607434260744
2012-12-04,0.38805423231953096,0.3794849922695527,0.3938054248043067,0.38796512084631707,0.15298949045447077
2012-12-05,0.38849918860911903,0.3852161859572427,0.3944555691363484,0.3912645002487629,0.1733170272108419
2012-12-06,0.3936554467884624,0.383750066641787,0.3998127584323722,0.3956898583361701,0.3124816712111663
2012-12-07,0.3958017065382401,0.3871354694247482,0.40171117988193383,0.39809892901097177,0.09509443615965857
2012-12-10,0.3966654452180286,0.3875619768619716,0.4040516994772839,0.39859645447642,0.21281673707001442
2012-12-11,0.40234518138512276,0.39761155835154893,0.41055314279770105,0.4074209851004216,0.34456251130925264
2012-12-12,0.40891483013139285,0.4044889907767766,0.4168205341585832,0.4095420147162796,0.23251719526373696
2012-12-13,0.4096215254148562,0.39878445380391314,0.40891477908095586,0.4023148026918746,0.20984565339922337
2012-12-14,0.40443909333612515,0.3947326331502905,0.40891477908095586,0.40296944146220115,0.15270662914594604
2012-12-17,0.40349683295817396,0.4011835581382952,0.41078719475723624,0.41260572416140784,0.2475546015919268
2012-12-19,0.42642516882165105,0.4167244228821241,0.42964138038644595,0.42171829584435305,0.2344774657290646
2012-12-20,0.4128670889389102,0.4055019459401823,0.41895300756768006,0.41608840241954503,0.39108591704260176
2012-12-21,0.3991257917604566,0.39545236445060516,0.4058721036070009,0.40624263531383376,0.6245681685354231
2012-12-24,0.4069779615767156,0.39545236445060516,0.41055314279770105,0.4044358323077326,0.25629418408031596
2012-12-26,0.4059048317018269,0.3974249613477636,0.4080045770160977,0.4025504726491922,0.4057343890715701
2012-12-27,0.40744909176569133,0.3949458868689024,0.40238732998725724,0.40365026578334073,0.5156884033103092
2012-12-28,0.3988640527665811,0.3897478274777417,0.40215327802772205,0.3966063526146273,0.4670674561824954
2012-12-31,0.39737214050149194,0.4016633790051716,0.4042337398902557,0.41155830212888533,0.32958646092666194
2013-01-02,0.4309270795163064,0.4255211387748574,0.4375991470106363,0.43695828641755474,0.8284050989910586
2013-01-03,0.43045594932733067,0.4259743029269074,0.4368709853587497,0.43041189871428953,0.3936587070326392
2013-01-04,0.4309270795163064,0.4255211387748574,0.4368709853587497,0.43601560658828453,0.43042443755316645
2013-01-09,0.4285714285714287,0.4209894972543584,0.43611681793358115,0.4306213831207941,0.7719971464285639
2013-01-10,0.440087944301942,0.43250519805939125,0.44290432476009667,0.4430857053078112,0.49231074810576514
2013-01-11,0.4423912474480448,0.4317588100442502,0.4456869425012352,0.4423525098850456,0.4639206241251578
2013-01-14,0.44309794273150815,0.43250519805939125,0.446415104153122,0.4430857053078112,0.2521105405354814
2013-01-15,0.4346699471287233,0.43101242202910917,0.4426702728005617,0.4418811699704104,0.22368713875387114
2013-01-16,0.43747055436318905,0.4290931385616037,0.4442826307440252,0.439576841498861,0.498054288572611
2013-01-17,0.4468408103439251,0.4393826304846191,0.4520063454086808,0.447275393437901,0.33349972233834785
2013-01-18,0.4480186358163639,0.4382097350322547,0.45081007983772403,0.44847992877530185,0.43594335286324276
2013-01-23,0.45223263361775634,0.44220824225622457,0.45736353470470437,0.45222446254156945,0.27023654276925374
2013-01-24,0.45385541537978324,0.44775283894012907,0.4578316386237745,0.45455497656393207,0.5786312840447503
2013-01-25,0.46042506412605355,0.45009862984485793,0.46383897225184,0.4611013642671975,0.16918746009263708
2013-01-28,0.4611317594095169,0.45009862984485793,0.4617325046160249,0.45641415067165947,0.2026836466646284
2013-01-29,0.45861906506831385,0.4532974356240338,0.4647751800899801,0.4629867239257377,0.24617253291902472
2013-01-30,0.4662880175888603,0.455323345950845,0.468467999895977,0.4613632197753281,0.19924251405467125
2013-01-31,0.45937810815055224,0.4513514954417017,0.4643850934907551,0.4581685825761346,0.26431413412201715
2013-02-01,0.46652358268334815,0.46014821133443506,0.47106857722414375,0.46932362722249876,0.28788937627001604
2013-02-04,0.4611317594095169,0.45105827157861067,0.45967804852677296,0.45222446254156945,0.8224223743295043
2013-02-05,0.4597445427419776,0.45276430132750445,0.46383897225184,0.4603943543952449,0.20951911497688233
2013-02-06,0.4555305449405854,0.4506051074265609,0.46199256234884156,0.4615988897326455,0.2957034199180118
2013-02-07,0.4616028895984924,0.45009862984485793,0.45593321717421265,0.45523580088507165,0.27971031674226965
2013-02-08,0.46063445532115377,0.4520179133123634,0.46737575741814685,0.4625153840111027,0.257035655083912
2013-02-11,0.4632518452599067,0.4517780028789251,0.4664655553532885,0.4608656943098799,0.3236734116609574
2013-02-12,0.4627545411715438,0.4565762115476888,0.46872805762879366,0.464688784728587,0.21198167225109762
2013-02-13,0.4700832330000523,0.46038812176787336,0.4732270564065223,0.4669407420985101,0.20449936668184965
2013-02-14,0.4627545411715438,0.455323345950845,0.46872805762879366,0.4650553824399697,0.3105484389591535
2013-02-15,0.4674396691619117,0.45604307725115967,0.46737575741814685,0.4620440440964675,0.33184415173845305
2013-02-19,0.4696121028110768,0.4630271365356935,0.47574961641484415,0.47259682107413137,0.45284223618503283
2013-02-20,0.47565827356959633,0.4644132857066696,0.46667360153954174,0.4587970357956481,0.27885237343516334
2013-02-21,0.45317489399570754,0.4415151676707363,0.4500819181858374,0.4463327136086308,0.22331900308027644
2013-02-22,0.4548500235565095,0.447512928506691,0.4585077887290979,0.4585613658383305,0.1426671325558807
2013-02-25,0.4693503638172015,0.4579890174334915,0.4442826307440252,0.43601560658828453,0.34321892009376015
2013-02-26,0.4450348112861854,0.43522418297169074,0.4422021688814918,0.44355704522244643,0.3021603532438576
2013-02-27,0.44212950845416954,0.4488990776776671,0.4484695602423737,0.4566498206289771,0.19812354799594842
2013-02-28,0.4588546301628017,0.45209788345684276,0.46272072400072817,0.4543454921574275,0.5159858236567727
2013-03-01,0.4492488090875778,0.4466332569174176,0.453644709125426,0.45743538715336896,0.41405695911614154
2013-03-04,0.4555305449405854,0.4493788985445435,0.45967804852677296,0.46013249888711427,0.3989748357428541
2013-03-05,0.46728262576558655,0.4631604201098256,0.47507346630952074,0.47152321349079585,0.33896768101563846
2013-03-06,0.4774642726273358,0.4667590766113985,0.47910436116817945,0.4734347587001493,0.4826570660210773
2013-03-07,0.4772287075328482,0.468118569067548,0.48422749850466806,0.47770300348267836,0.16982389803681772
2013-03-08,0.48233261791341675,0.4727301807325266,0.484695602423738,0.48257351593390774,0.46827481640013224
2013-03-11,0.4834319216876929,0.4758490163672229,0.48758224325800337,0.486134750844484,0.07978560776703876
2013-03-12,0.4845835732607445,0.47510262835208183,0.48555379294203316,0.4798764042001624,0.2112308418659695
2013-03-13,0.4810500968434276,0.4711041211281122,0.4833953137596546,0.4791432087773968,0.1321430279887105
2013-03-14,0.48319635659320526,0.4780615236978196,0.4896887108938185,0.48781062609652004,0.20753804588592786
2013-03-15,0.4878029628854107,0.47774164311990197,0.49127506306400026,0.4842493911859438,0.3338013024099367
2013-03-18,0.47262210124064297,0.47155728528016216,0.47811614178347595,0.4763413548403992,0.21580861936643225
2013-03-20,0.4795058367795634,0.47051767340193007,0.4839934465451329,0.4783576422530049,0.2734728089167867
2013-03-21,0.47251740564309264,0.46451991256597536,0.4753335240423374,0.46895702951111584,0.45625737051295645
2013-03-22,0.47442810029838245,0.4667590766113985,0.48027462096585427,0.4772054780172301,0.14829836044434183
2013-03-25,0.48073601005077726,0.47075758383536814,0.47307102176683224,0.4699520804420123,0.2039440433776136
2013-03-26,0.4755274040726588,0.46886495708268927,0.4823290770551062,0.4790122810233315,0.13102406192998767
2013-03-27,0.46945505941475163,0.4683318227861599,0.476061685694224,0.47770300348267836,0.18234155087031848
2013-03-28,0.4788514892948751,0.47342325531801466,0.484695602423738,0.48257351593390774,0.30617032826470825
2013-04-01,0.4818876616238287,0.47097083755397984,0.4772319454918993,0.47202073895624386,0.5303483145833723
2013-04-02,0.4769669685389729,0.47321000159940296,0.484695602423738,0.4792741365314619,0.309698815102298
2013-04-03,0.482594356907292,0.4719571360025592,0.4726029178477623,0.4658671345151746,0.20769299564684765
2013-04-04,0.46945505941475163,0.4642800021325373,0.4753335240423374,0.47270156327738366,0.13686223614343565
2013-04-05,0.45558289273936026,0.4594817934637736,0.4634488856526148,0.4686951740029852,0.24536554624470416
2013-04-08,0.4701879285976024,0.4640667484139256,0.4739292122851272,0.4745869229359241,0.2004301155779626
2013-04-09,0.4764958383499974,0.47299674788079105,0.4806907133383612,0.4783576422530049,0.15105625820245797
2013-04-10,0.48521174684604496,0.4855787172788826,0.4928874210074635,0.49503783812092506,0.3470261085147493
2013-04-11,0.4995288698110244,0.49469531374953357,0.505266169089538,0.5011390714603683,0.2503863344710181
2013-04-12,0.4962833062869706,0.4855787172788826,0.496866304319559,0.4957972190945037,0.17917600004991668
2013-04-15,0.48824791917499877,0.4774750759716373,0.4732790679530855,0.4649768257875304,0.23025534472682044
2013-04-16,0.47976757577343865,0.47507597163725546,0.48282318674745806,0.48472073110057856,0.3507781805778274
2013-04-17,0.4759985342616343,0.46475982299941365,0.4655293475151484,0.46280342507004635,0.5117065064340548
2013-04-18,0.4678061037533371,0.4564162712587301,0.4625386835877566,0.4571735316452381,0.2000110232715822
2013-04-19,0.465031670418259,0.46001492776030295,0.47138064650352385,0.47058053366152564,0.19470113414905543
2013-04-22,0.4729361880332933,0.46574612144799277,0.47138064650352385,0.4745869229359241,0.16385469248192078
2013-04-23,0.482594356907292,0.47822146398677834,0.4874782201648765,0.488255780460342,0.27939625749530467
2013-04-24,0.49060357011987643,0.4863251052940236,0.497100356279094,0.49341433397051504,0.2892444067296033
2013-04-25,0.4995288698110244,0.4954417017646746,0.5061763711543962,0.5004582471392287,0.20506300943633643
2013-04-26,0.4985866094330732,0.4894172842138935,0.5021974878423011,0.4971850532875961,0.06511945690628763
2013-04-29,0.5049206930848557,0.5013861491709763,0.5106493641588433,0.5094137055172956,0.20412811121441093
2013-04-30,0.5114379940323509,0.505437969824599,0.5137700569526434,0.5154625677551128,0.22311829634297764
2013-05-01,0.5119614720201017,0.5050114623873754,0.509895196733675,0.5033124721778524,0.27940041722043
2013-05-02,0.5067790399413704,0.5047982086687637,0.5138740800457701,0.5129487548770588,0.3332834166318289
2013-05-03,0.5225619012720516,0.5205523271312045,0.5299976594804047,0.5265390557490377,0.1732712702344629
2013-05-06,0.5265665078783438,0.5196459988271045,0.5321301328895015,0.5279792610437561,0.29380450539828323
2013-05-07,0.5319583311521751,0.5241509836327771,0.5344186409382882,0.5333996700620598,0.1591926805476694
2013-05-08,0.5364340679474427,0.5334808338220398,0.5425844537487322,0.5423289428893137,0.28915809243325197
2013-05-09,0.5420614563157619,0.5342005651223543,0.5412321535380854,0.5359658540417398,0.207739792554508
2013-05-10,0.5338690258074646,0.5275097297009117,0.5372792759992718,0.536463379507188,0.18122986433056504
2013-05-13,0.5364340679474427,0.5272698192674734,0.5390736743557071,0.5355468852287308,0.436526754312075
2013-05-14,0.5352300685756163,0.5351868635709336,0.5425844537487322,0.5437167770824058,0.20910106260178327
2013-05-15,0.5432654556875883,0.5416377885589381,0.5496060125347827,0.5486920317368877,0.1547688128768451
2013-05-16,0.5472177144951055,0.5403849229620943,0.5484617585103894,0.5418314174238656,0.18268888791828636
2013-05-17,0.5465633670104172,0.5431039078743936,0.5512183704782462,0.5524627510539686,0.2865364256729915
2013-05-20,0.5535256242475005,0.5478221463986779,0.558994096689465,0.5537982141454347,0.3063055193312825
2013-05-21,0.5547819714181018,0.5498214000106627,0.5566535770941149,0.5557621304564142,0.3875979875249843
2013-05-22,0.5599644034968329,0.5593645039185371,0.5460952331417576,0.5425646128466313,0.5521619131407796
2013-05-23,0.5237659006438781,0.5270565655488619,0.5215977947104259,0.5366990494645056,0.4484641254905875
2013-05-24,0.5251792912108045,0.5191661779602281,0.5269549840064495,0.5289481264238394,0.8055609285338424
2013-05-28,0.5385018059990577,0.536359759023298,0.5386315762099186,0.533844824425882,0.3183780815763694
2013-05-29,0.5302570276919855,0.5200191928346751,0.5274490936988011,0.5242870983791144,0.5236646762381941
2013-05-30,0.5274825943569071,0.5241509836327771,0.5330403349543599,0.5303097750661188,0.2448975771681007
2013-05-31,0.5228759880647017,0.5156741483179614,0.5163706342808104,0.5083662834847733,0.2041478699087564
2013-06-03,0.51060042925195,0.5064775817028309,0.5124697682885601,0.5162219487286916,0.6056736570847397
2013-06-04,0.5161754698214941,0.5109825665085035,0.5133019530335735,0.5114038073790883,0.19083986930143657
2013-06-05,0.5069099094383079,0.49722770165804775,0.4982446103034873,0.490350624525387,0.2518245594331126
2013-06-06,0.49222635188190333,0.4905102095217786,0.49392765193873045,0.5007986592997984,0.2373788740040058
2013-06-07,0.5038999110087422,0.5022924774750761,0.5078667464177046,0.5119013328445365,0.10112291779759193
2013-06-10,0.5190284248547349,0.5085834621741216,0.5169427612930072,0.5126868993689284,0.2960933941485146
2013-06-11,0.4986651311312359,0.49408220930852487,0.5001170259797677,0.4960067035010083,0.43558041684605475
2013-06-12,0.5058629534628069,0.4985605373993709,0.49567003874860227,0.4891722747387992,0.2326856641313142
2013-06-13,0.4913364393027272,0.49906701498107386,0.49520193482953234,0.5075021603079422,0.14244770705551776
2013-06-14,0.5057582578652567,0.4982140001066271,0.5022234936155826,0.4967137133729609,0.12072354258830575
2013-06-17,0.5110977333403129,0.5062110145545664,0.5113515200374482,0.5096493754746132,0.22183710100436563
2013-06-18,0.5116997330262262,0.5105027456416271,0.5182690557303723,0.519023802665689,0.371762953904006
2013-06-19,0.5180861644767837,0.5076238204403689,0.5036538111460743,0.4967137133729609,0.28590310752265485
2013-06-20,0.47966288017588854,0.46873167350855693,0.46430707617090994,0.45882322134646114,0.4157322884103818
2013-06-21,0.46707323457048633,0.45956176360825296,0.45866382336878797,0.46115373536882354,0.4022807772862369
2013-06-24,0.44461602889598495,0.44071546622594227,0.4417080591891399,0.442169211029354,0.46612007878519385
2013-06-25,0.45814793487933814,0.4489257343924935,0.45463292851012926,0.4581162114745083,0.3621914263905441
2013-06-26,0.4630686279641941,0.4588953457375913,0.46997633474631384,0.46733352536070605,0.21438703330483921
2013-06-27,0.4784588808040623,0.47265021058804724,0.4853197409824982,0.47990258975097544,0.28630972065365917
2013-06-28,0.4754227084751087,0.47265021058804724,0.4803526382856994,0.47492733509649376,0.34716857910029303
2013-07-01,0.4851593990472701,0.4810204190435572,0.49093698801133867,0.48513969991358774,0.38386671408753303
2013-07-02,0.48607548552583346,0.4803806578877219,0.4819910020024446,0.4782267144989396,0.7087246074779378
2013-07-03,0.47277914463696813,0.47139734499120345,0.47749200322471574,0.48013825970829305,0.22919045509472732
2013-07-05,0.4856305292362456,0.47843471770539003,0.4860218968611033,0.4889366047814816,0.3775002547831639
2013-07-08,0.4941632204365808,0.48688489630537934,0.49938886432788065,0.4936761894786459,0.20398356076630456
2013-07-09,0.5031670418258912,0.49368235858612786,0.5039138688788912,0.501950823535573,0.11684355897762275
2013-07-10,0.5017013034601895,0.49989337314069404,0.5085949080695916,0.5036528843384223,0.1589638956657744
2013-07-11,0.5237920745432655,0.5226315508876687,0.5283592957636595,0.5310953415905104,0.4049721194423472
2013-07-12,0.5256765952991677,0.5202591032681134,0.5326502483551349,0.5280578176961952,0.1184887302647041
2013-07-15,0.5330314610270638,0.5260169536706298,0.5373832990923987,0.5346827620518997,0.1495961946834553
2013-07-16,0.5346542427890907,0.5244975209255212,0.5349387564039217,0.5308596716331928,0.13031170900226913
2013-07-17,0.5386850232947705,0.5306019086207816,0.5422463786960706,0.5361229673466181,0.21149602434271142
2013-07-18,0.538213893105795,0.5349469531374955,0.5446389098379841,0.5427740972531359,0.3053435828960422
2013-07-19,0.5410930220384232,0.5339073412592632,0.5441968116921957,0.5427740972531359,0.13575574926008888
2013-07-22,0.5449144113490029,0.5395052513728209,0.5509843185187112,0.5487182172877008,0.1196825713756835
2013-07-23,0.5507773648118096,0.5433438183078318,0.5554833172964398,0.5493990416088403,0.32038618888063874
2013-07-24,0.5553054494058526,0.545529668923602,0.5490858970691493,0.5451307968263113,0.18584611928843742
2013-07-25,0.5415379783280113,0.5390254305059445,0.5460172158219126,0.5477493519076175,0.29296944057936647
2013-07-26,0.5425064126053499,0.535160206856107,0.5415962343640289,0.5444499725051717,0.5155927296324259
2013-07-29,0.5408574569439356,0.5310550727728316,0.5425064364288871,0.5375108015397105,0.23155629875977796
2013-07-30,0.5425064126053499,0.5334541771072132,0.5413361766312123,0.5365943072612533,0.17259739476415398
2013-07-31,0.5401769355598597,0.5380391320573654,0.5446389098379841,0.5379559559035325,0.1434928379932654
2013-08-01,0.5517719729885359,0.5469957882390575,0.5582919408108599,0.5551074916860876,0.7871011083587596
2013-08-02,0.5558289273936029,0.5496881164365304,0.5595142121550986,0.5589305821047947,0.22591779135234744
2013-08-05,0.5576611003507302,0.5479287732579836,0.5602163680337037,0.5560763570661709,0.1066355935199802
2013-08-06,0.5558289273936029,0.5460628032201311,0.5547551556445532,0.5498180104218493,0.12529924022620584
2013-08-07,0.5463016280165419,0.536359759023298,0.5484097469638259,0.5425384272958182,0.2559780449707883
2013-08-08,0.5527665811652619,0.5460628032201311,0.5528827399682729,0.5541386263060044,0.20326288838833528
2013-08-09,0.5533947547505628,0.5469957882390575,0.5569136348269316,0.5531435753751082,0.0720547586215503
2013-08-12,0.549861278333246,0.545076504771552,0.5552232595636232,0.5525151221555946,0.3381253366777523
2013-08-13,0.5563000575825786,0.5508343551740684,0.557121681013185,0.5586687265966641,0.13272434957498008
2013-08-14,0.5598335339998953,0.5513141760409448,0.5630509973214054,0.5558406871088533,0.16494142067092207
2013-08-15,0.5430037166937131,0.5341739084075279,0.5406340207526071,0.5406268820864648,0.266436633867234
2013-08-16,0.5422446736114747,0.5344404755557925,0.5451070137570541,0.5389771923852418,0.12131630341867009
2013-08-19,0.5389467622886458,0.5288692221570614,0.5364210854809769,0.5285553431616437,0.13393794938030495
2013-08-20,0.5290268544207716,0.5267366849709443,0.5335864561932749,0.5325617324360419,0.11845129273857583
2013-08-21,0.5280322462440453,0.5226315508876687,0.5229761006943542,0.5192594726230066,0.15159182281234856
2013-08-22,0.5240538135371408,0.5230847150397187,0.5314799885574598,0.5306240016758752,0.11706090461542301
2013-08-23,0.5351515468774538,0.5301220877539052,0.5401919226068187,0.5389771923852418,0.12658043556481788
2013-08-26,0.5404125006543473,0.5315082369248814,0.5406340207526071,0.5330330723506771,0.7467236964981353
2013-08-27,0.522588075171439,0.5124486858239592,0.5175668998517672,0.5105396842022574,0.38336026755352004
2013-08-28,0.5104957336543997,0.5073572532921042,0.5133019530335735,0.5123726727591715,0.11946002608147654
2013-08-29,0.5116997330262262,0.5098363277709657,0.5192052635685122,0.5131058681819374,0.554819977495887
2013-08-30,0.5143171229649793,0.5042650743722343,0.5123397394221517,0.5064285527246066,0.193272268568493
2013-09-04,0.5219337276867507,0.52247161059871,0.5269809897797312,0.5309382282856321,0.1282880027287797
2013-09-05,0.5266712034758939,0.5251106253665299,0.5340805658856266,0.5336353400193774,0.21436831454177507
2013-09-06,0.5385541537978328,0.5331609532441224,0.5345746755779782,0.5366990494645056,0.04701113350429803
2013-09-09,0.5449144113490029,0.545529668923602,0.5519725379034147,0.554400481814135,0.15443915466066002
2013-09-10,0.5666910956394283,0.5578983846030816,0.5693704002288508,0.5669957317552174,0.27139398628538625
2013-09-11,0.5657488352614773,0.5619768619715306,0.5698385041479209,0.5707402655214853,0.2994638114313406
2013-09-12,0.5695178767732817,0.5609905635229515,0.571008763945596,0.5638534656576502,0.12556234284038512
2013-09-13,0.5681306601057426,0.5597643546409341,0.5705146542532443,0.5681478959909922,0.17293745229315247
2013-09-16,0.5818719572841963,0.5778909207229301,0.5841936909994018,0.5773913954280028,0.29430783213845224
2013-09-17,0.5778935245772915,0.5726395479021165,0.584973864197852,0.5805598470763833,0.13625075655000718
2013-09-18,0.5836256085431607,0.6003092178919871,0.5859360778092736,0.6065359134829402,0.2312172811620608
2013-09-19,0.6095639428362037,0.6015087700591781,0.6065326502483551,0.6022152975987851,0.23807978768762958
2013-09-20,0.6038580327697219,0.5949778749266941,0.5975086469196161,0.5903270575296551,0.26356642353073306
2013-09-23,0.5879181280427158,0.5833288905475289,0.5916313421579592,0.588127471261358,0.24098535568769616
2013-09-24,0.5897764748992306,0.5847950098629846,0.5911372324656076,0.5857969572389956,0.22688180765015048
2013-09-25,0.5840967387321364,0.5808764727834943,0.5901750188541858,0.5845662363507818,0.4931801306569661
2013-09-26,0.5900120399937182,0.5852481740150346,0.5925675499960993,0.5888868522349369,0.27106640793176384
2013-09-27,0.586949693765377,0.5777576371487978,0.5875744415260188,0.5845662363507818,0.2695585075738195
2013-09-30,0.5683923990996179,0.5702404435677348,0.5755337684966063,0.5764749011495458,0.33027801522875366
2013-10-01,0.5795686541380934,0.5794103534680388,0.5859360778092736,0.5870276781272095,0.3705888714873721
2013-10-02,0.5831283044547978,0.577251159567095,0.5840116505864302,0.585089947367043,0.41184918500585477
2013-10-03,0.5860336072868136,0.5768246521298717,0.5788625074766599,0.5772604676739377,0.8496259367181016
2013-10-04,0.5800136104276815,0.5755451298182013,0.5821652406834318,0.5826808766922413,0.4078901666177899
2013-10-07,0.5722137884101973,0.5690142346857174,0.576417964788183,0.5719971719605124,0.24984557020472084
2013-10-08,0.574569439355075,0.5663752199178973,0.5653134995969106,0.5578831600722722,0.37358387357763395
2013-10-09,0.5655394440663769,0.5564056085727995,0.5603724026733935,0.5605279007043913,0.27064523576282074
2013-10-10,0.5777103072815789,0.5789571893159888,0.5828673965620367,0.5874728324910317,0.32420585647700395
2013-10-11,0.5883630843323037,0.5881804126459456,0.5937118040204926,0.5967425174788552,0.9543938136567934
2013-10-14,0.5890697796157672,0.5930052780295356,0.5947000234051961,0.600041896881301,0.1727814626009513
2013-10-15,0.5989111657854785,0.5903929199765421,0.5972745949600812,0.5907983974442903,0.2607024527819201
2013-10-16,0.5974192535203896,0.5971370688276378,0.6041401191064418,0.605540862552044,0.5612103552197271
2013-10-17,0.6076270742815265,0.6116916351228876,0.6131381166618989,0.6189478645683313,0.4224908018078165
2013-10-18,0.6209495890697797,0.6201684704377033,0.6277533612461969,0.626960643117128,0.424893043067714
2013-10-21,0.6293514107731769,0.6214213360345473,0.6322783657972072,0.6284270339626596,0.4207613960869465
2013-10-22,0.6359472334188346,0.6352028575998294,0.6411203287129742,0.6382466155175577,0.4071622147208512
2013-10-23,0.6310265403339789,0.6226475449165647,0.6301458923881104,0.626044148838671,0.5021713765154397
2013-10-24,0.6333560173794691,0.6266993655701874,0.6356071047772606,0.6334546597187674,0.1372938076251921
2013-10-25,0.6352405381353715,0.6269392760036254,0.636829376121499,0.6348163083610465,0.33008354807914286
2013-10-28,0.6352405381353715,0.6291784400490483,0.6386237744779343,0.6345806384037289,0.33146249695820096
2013-10-29,0.6381720148667748,0.6306712160793306,0.6417184614984527,0.6379847600094268,0.17965020871420817
2013-10-30,0.6405276658116527,0.6332835741323242,0.6344108392063038,0.6326952787451885,0.3421685894996058
2013-10-31,0.6344029733549704,0.6265127685664018,0.6325384235300237,0.6255728089240358,0.3150378223007023
2013-11-01,0.6257655865570854,0.6201684704377033,0.6249967492783398,0.6248396135012702,0.5831934625759929
2013-11-04,0.6308171491388787,0.6247800821026817,0.6313941695056301,0.6326952787451885,0.2906587132722269
2013-11-05,0.6241166308956708,0.6172895452364451,0.6255168647439732,0.6224829139280945,0.18053207044078526
2013-11-06,0.6318902790137676,0.62501999253612,0.6335006371414454,0.6289245594281077,0.21776473010663455
2013-11-07,0.6312097576296917,0.6228341419203498,0.6166488960549242,0.6095734373772552,0.21960332861204532
2013-11-08,0.6090928126472283,0.6138774857386577,0.6152705900709957,0.6214878629971983,0.39949584131480587
2013-11-11,0.6231481966183322,0.615850082635816,0.6270772111408732,0.6224829139280945,0.18478018972506297
2013-11-12,0.6219180233471183,0.6136375753052195,0.6221361142173564,0.6187121946110137,0.13328695239818553
2013-11-13,0.6107679422080302,0.6184890974036361,0.6171430057472761,0.6263060043468016,0.09585254606375611
2013-11-14,0.6283829764958383,0.6263528282774431,0.6327724754895588,0.6326952787451885,0.17288337586652272
2013-11-15,0.6352405381353715,0.6357359918963588,0.6419525134579879,0.6426981591557779,0.3761150663164178
2013-11-18,0.6481180966340364,0.6429599616143309,0.646477518008998,0.6420173348346383,0.384726737257202
2013-11-19,0.6400303617232895,0.6354694247480943,0.6426546693365928,0.6375134200947916,0.2385092793068234
2013-11-20,0.6407894048055279,0.6349629471663913,0.6346188853925571,0.6307837335358351,0.2467517746427316
2013-11-21,0.6326754959953932,0.6323239323985712,0.6375575377733856,0.6401057896252849,0.22187661839305658
2013-11-22,0.6371774066900487,0.6379484992269553,0.6438769406808312,0.6453952708895232,0.1903407022863929
2013-11-25,0.6458147934879338,0.6379484992269553,0.6462954775960262,0.6401057896252849,0.16505477318058823
2013-11-26,0.6414699261896039,0.6357359918963588,0.6443970561464644,0.6405509439891068,0.42251264036472463
2013-11-27,0.6390881013453383,0.6387748573865757,0.6457753621303931,0.6458404252533454,0.316589399772463
2013-11-29,0.6478825315395488,0.6449325585114891,0.6534990767950485,0.6467045484301763,0.2214377673923307
2013-12-02,0.6460503585824217,0.6379484992269553,0.6436168829480146,0.6372777501374742,0.5592864823492463
2013-12-03,0.6348217557451709,0.6265127685664018,0.632044313837672,0.6298934248081909,0.3202177200130615
2013-12-04,0.623881065801183,0.6206749480194063,0.623020310508933,0.6248396135012702,0.3232678384612344
2013-12-05,0.6229126315238444,0.6172895452364451,0.6257509167035081,0.6198381732959755,0.3866017333574597
2013-12-06,0.6314714966235669,0.6301647384976277,0.637063428081034,0.636256513655765,0.22687452813118109
2013-12-09,0.6397947966288017,0.6318174548168685,0.6426546693365928,0.6375134200947916,0.32582606941333314
2013-12-10,0.6354761032298591,0.6306712160793306,0.6408602709801577,0.6353138338264948,0.21034482041426703
2013-12-11,0.6369156676961735,0.6286453057525192,0.6255168647439732,0.6193668333813402,0.24229670903346703
2013-12-12,0.6173899387530754,0.6109985605373993,0.6159727459496008,0.6129251878813271,0.2970490909960669
2013-12-13,0.6157148091922734,0.6072932771765209,0.6159727459496008,0.6124538479666919,0.19100729823773244
2013-12-16,0.6179134167408259,0.6175294556698834,0.6244766338127065,0.6227185838854121,0.3681731111208171
2013-12-17,0.6231481966183322,0.6148371274724105,0.6209398486463996,0.6172196182146692,0.30213331503054275
2013-12-18,0.6229126315238444,0.6306712160793306,0.6173770577068111,0.6360208436984474,0.4947878644179192
2013-12-20,0.6406585353085902,0.6378418723676496,0.6461654487296181,0.6441121788996833,0.4957466810593155
2013-12-23,0.6557608752551954,0.6480513941461854,0.6570878735079188,0.6550839246903559,0.3824316089192826
2013-12-24,0.6562320054441712,0.6514901103587996,0.6615868722856474,0.6584356751944278,0.1586945534639071
2013-12-26,0.6646338271475684,0.6573812443354481,0.6687384599381062,0.6635156720521618,0.2899006033681294
2013-12-27,0.6681934774642727,0.6630058111638322,0.6723272566509767,0.6677839168346908,0.286922240178369
2013-12-30,0.6703920850128252,0.6646851841978996,0.6749538397524252,0.6716331928042107,0.2789906842955817
2013-12-31,0.6754436475946185,0.67124273604521,0.6796868904896888,0.6773678284322713,0.6632234541941467
2014-01-02,0.6681934774642727,0.6617529455669884,0.6599745143421841,0.6562884600277568,0.6528969365704314
2014-01-03,0.6605506988431137,0.656394945886869,0.6628091436298859,0.6577286653224752,0.35689609630595603
2014-01-06,0.6629063497879913,0.6573812443354481,0.6592463526902973,0.6538793893529551,0.2766144413177177
2014-01-07,0.6605506988431137,0.6546089459934958,0.6647075650794477,0.6603734059545945,0.25242771957629034
2014-01-08,0.6624090456996282,0.6561550354534307,0.663277247548956,0.6606352614627249,0.4927225608931761
2014-01-09,0.663927131864105,0.656394945886869,0.6592463526902973,0.6603734059545945,0.326765127360384
2014-01-10,0.6669633041930586,0.6627392440155675,0.6677762463266844,0.6699835031029879,0.31060979490475266
2014-01-13,0.6641626969585929,0.6615130351335503,0.658726237224664,0.6541412448610857,0.4410462956607827
2014-01-14,0.6612312202271894,0.6599669456736152,0.6628091436298859,0.6667888659037944,0.25493811368944735
2014-01-15,0.6696330419305868,0.6668443780988433,0.6746937820196085,0.6711356673387627,0.4701778906449861
2014-01-16,0.6756530387897189,0.6680972436956871,0.6729774009830184,0.6716331928042107,0.21152202262474495
2014-01-17,0.6681934774642727,0.6644186170496349,0.6716511065456531,0.6662913404383461,0.2690125436511155
2014-01-21,0.6715437365858766,0.670043183878019,0.6706888929342315,0.6702453586111183,0.42719857071844686
2014-01-22,0.6708632152018007,0.6683371541291252,0.6761240995501002,0.6737804079708818,0.8338730576683492
2014-01-23,0.667669999476522,0.6605000799701446,0.6615868722856474,0.6608185603184162,0.5361303325076279
2014-01-24,0.6483013139297492,0.6407474542837341,0.6316282214651653,0.624420644688261,0.8904577985486718
2014-01-27,0.6250850651730094,0.6200085301487446,0.6165708787350791,0.6171934326638562,0.3760828284466962
2014-01-28,0.6233837617128198,0.6224876046276058,0.6292096845499701,0.6284532195134727,0.3724545082060977
2014-01-29,0.61914359001204,0.6161166497840806,0.6187553636907394,0.6145748775825499,0.44724012637244925
2014-01-30,0.6250850651730094,0.6227008583462175,0.6272852573271267,0.628217549556155,0.37711860000291175
2014-02-04,0.5939381249018479,0.5919123527216508,0.5965984448547578,0.5980517950195083,0.389103808020366
2014-02-05,0.596267601947338,0.5919123527216508,0.5947260291784776,0.5970567440886121,0.22113410745817916
2014-02-06,0.600848034340156,0.6109985605373993,0.6077809273658753,0.6179789991882481,0.20891075517729787
2014-02-07,0.6277024551117626,0.6268059924294931,0.6279874132057316,0.6332713608630758,0.3339344136139483
2014-02-10,0.63631366801026,0.6280322013115105,0.635893168283359,0.6323286810338056,0.3755732621188391
2014-02-11,0.63631366801026,0.6466119315455565,0.6430187501625361,0.6505014532980702,0.2341166095744393
2014-02-12,0.6540857456943935,0.6495441701764675,0.656671781135412,0.6531985650318155,0.4629191703012264
2014-02-13,0.6440349683295817,0.6519699312256759,0.6496762281226433,0.6582000052371102,0.34367025026986214
2014-02-14,0.6593466994712872,0.6607666471184093,0.6651756689985177,0.6652177328550106,0.265155438528622
2014-02-18,0.6720410406742398,0.6673508556805461,0.6746937820196085,0.6713975228468931,0.3337669846776525
2014-02-19,0.6715437365858766,0.6688169749960016,0.6684784022052895,0.6622325800623217,0.5026944619499543
2014-02-20,0.6631419148824792,0.6648984379165113,0.6661378826099394,0.6702453586111183,0.17976772094899968
2014-02-21,0.6754174736952311,0.6695633630111426,0.6771383247080852,0.6704548430176229,0.5487602979195134
2014-02-24,0.6725121708632152,0.6807591832382578,0.6789847346110837,0.6793055591924377,0.3200534108706096
2014-02-25,0.6820656441396639,0.6766273924401558,0.6804410579148571,0.6757181387310482,0.1842654237407992
2014-02-26,0.6787415589174476,0.6734285866609802,0.6794528385301538,0.6759538086883659,0.15275758577873175
2014-02-27,0.6780348636339842,0.6751612731247003,0.6796868904896888,0.6811909188509779,0.21611331923186514
2014-02-28,0.6864366853373814,0.6856640187663272,0.6844719527735158,0.6850663803713113,0.4102747290459046
2014-03-03,0.6664660001046955,0.6653782587833876,0.6661378826099394,0.6656628872188328,0.4520685273117152
2014-03-04,0.6890540752761346,0.6839579890174337,0.6894650612435961,0.6896226662127838,0.8812866445785261
2014-03-05,0.6882950321938962,0.68489097403636,0.6937560138350715,0.6903296760847366,0.15494976091979842
2014-03-07,0.7001256347170602,0.6954203763928133,0.6942241177541414,0.6922674068449031,0.313163866131726
2014-03-10,0.6895513793644977,0.6822519592685399,0.6863703742230777,0.6857733902432639,0.5128837086445327
2014-03-11,0.6902842485473485,0.6841712427360453,0.6830156294697424,0.6783366938123545,0.3365061636727045
2014-03-12,0.6732188661466786,0.6702564375966307,0.6725873143837932,0.6769226740684491,0.2014159704326738
2014-03-13,0.6815945139506882,0.6746281388281707,0.6611447741398592,0.6577286653224752,0.2570762124038843
2014-03-14,0.6538501805999059,0.6551154235751986,0.6584921852651288,0.6562884600277568,0.36727045076861314
2014-03-17,0.6648955661414436,0.665111691635123,0.6699347255090632,0.6683076278509519,0.4216630165078691
2014-03-18,0.6729833010521907,0.6736684970944182,0.6777884690401271,0.6790960747859331,0.27104664923741834
2014-03-19,0.6801811233837617,0.6727088553606655,0.6651756689985177,0.6652177328550106,0.33799014561117796
2014-03-20,0.6624090456996282,0.6630058111638322,0.663043195589421,0.6677839168346908,0.11355217647217872
2014-03-21,0.6761241689786944,0.6715093031934745,0.6706888929342315,0.6654010317107022,0.18220635980374417
2014-03-24,0.6727215620583155,0.6661246467985287,0.6644735131199128,0.6642226819241144,0.5419695466523572
2014-03-25,0.6736114746374914,0.6689502585701339,0.6730814240761448,0.6729686558956767,0.29338645302318417
2014-03-26,0.6786630372192849,0.6756144372767503,0.6740436376875666,0.6671292780643641,0.3797673049764871
2014-03-27,0.6675391299795842,0.6672442288212403,0.6722492393311316,0.6707952551781926,0.26592706753937695
2014-03-28,0.6796576453960109,0.679053153489364,0.6843939354536707,0.6797245280054467,0.44041297751044606
2014-03-31,0.6893158142700099,0.6871301380817829,0.6951863313655632,0.6920317368875855,0.42028406762881104
2014-04-01,0.6976914620740197,0.6969664658527484,0.7028840402569371,0.7026630705176884,0.4667149194781208
2014-04-02,0.7027953724545882,0.6994188836167832,0.7066808831560606,0.7048364712351727,0.4216973342401534
2014-04-03,0.7039993718264147,0.6986458388868158,0.703118092216472,0.7016680195867921,0.48715892853800213
2014-04-04,0.7098099774904464,0.7037639281334969,0.6942241177541414,0.6891513262981488,0.34204483767712623
2014-04-07,0.6907292048369366,0.6851841978994508,0.6820274100850389,0.6792531880908115,0.15096162445585595
2014-04-08,0.6786630372192849,0.6797728847896787,0.682729565963644,0.6845426693550498,0.20759732196896427
2014-04-09,0.688085640998796,0.6947539585221518,0.6927938002236497,0.7014323496294745,0.3633384705938631
2014-04-10,0.7010678950950112,0.6939809137921844,0.6789067172912387,0.674670716698526,0.23094169937250544
2014-04-11,0.670522954509763,0.6675107959695048,0.6685564195251347,0.6635942287046008,0.537113067568495
2014-04-14,0.6685860859550855,0.6677773631177695,0.6695186331365562,0.6712927806436408,0.7682294753962657
2014-04-15,0.6724336491650525,0.6675107959695048,0.6597404623826489,0.6710309251355102,0.2569857383824076
2014-04-17,0.6854420771606554,0.6876366156634857,0.6913374769198762,0.6917698813794548,0.1803344834973305
2014-04-21,0.6938438988640526,0.688116436530362,0.6961745507502665,0.6939432820969389,0.16926753480130033
2014-04-22,0.6974820708789197,0.6960068241189956,0.702103867058487,0.6992851344628035,0.1957701835062739
2014-04-23,0.7001779825158351,0.6934744362104814,0.7013757054066002,0.6964047238733668,0.16357911069236544
2014-04-24,0.6976914620740197,0.6949938689555899,0.6961745507502665,0.6970855481945064,0.33943772995480453
2014-04-25,0.6921687693032507,0.6851841978994508,0.6899331651626662,0.6857472046924509,0.12349911917820469
2014-04-28,0.6912265089252997,0.6876366156634857,0.6850960913322758,0.690120191678232,0.21551119901996876
2014-04-29,0.6919070303093754,0.6930745854880844,0.697084752815125,0.6972950326010108,0.1011499560109068
2014-05-01,0.705648327487829,0.7016580476622063,0.7076170909942009,0.705517295556312,0.1538495136241397
2014-05-02,0.7039993718264147,0.7042970624300262,0.7102696798689309,0.7060148210217603,0.16112071314327547
2014-05-05,0.7003873737109355,0.7001386149170976,0.701167659220347,0.7062504909790777,0.32970189329889077
2014-05-06,0.7071140658535308,0.7001386149170976,0.7054846175851041,0.6997826599282515,0.2899900374583247
2014-05-07,0.7052295450976286,0.6994188836167832,0.7006735495279953,0.7057791510644427,0.14822244546080396
2014-05-08,0.707323457048631,0.7063229727568374,0.7073570332613842,0.7036057503469586,0.10988225898032658
2014-05-09,0.7039993718264147,0.6979527643013275,0.703118092216472,0.7040509047107808,0.09610732922768464
2014-05-12,0.7129508454169501,0.7117076291517834,0.7174212675213897,0.7168818246091808,0.2598424296122512
2014-05-13,0.7196775375595456,0.7129338380338008,0.7215301796998933,0.716122443635602,0.26585323241840175
2014-05-14,0.7160393655446787,0.7114410620035188,0.7174212675213897,0.7125612087250255,0.11980632319816306
2014-05-15,0.7114589331518609,0.7072826144905902,0.7028840402569371,0.7021393595014271,0.2032452095565525
2014-05-16,0.707323457048631,0.7024044356773471,0.7066808831560606,0.7087119327555056,0.1866687049319781
2014-05-19,0.7064073705700674,0.7042970624300262,0.7107117780147193,0.710099766948598,0.09015268271072648
2014-05-20,0.7088677171124954,0.7030708535480088,0.7037942423217957,0.700411113147765,0.15060804782020004
2014-05-21,0.7061718054755796,0.7048301967265556,0.7121681013184927,0.7102830658042893,0.277939313770146
2014-05-22,0.712453541328587,0.7119741963000481,0.7184354926793749,0.716122443635602,0.17565063300617095
2014-05-23,0.7189970161754698,0.7166124646798528,0.7238706992952436,0.7224069758307368,0.22903550533380754
2014-05-27,0.7245197089462386,0.7262088820173802,0.7306582061217589,0.7291628479405063,0.2112464408351896
2014-05-28,0.7302256190127204,0.724182971690569,0.7306582061217589,0.7264919217575743,0.14543542962681025
2014-05-29,0.7309846620949588,0.7293543743669031,0.7349491587132345,0.7354211945848281,0.29627122239762393
2014-05-30,0.7355389205883892,0.7290878072186384,0.7360934127376279,0.7323312995888869,0.3479745258433322
2014-06-02,0.7362456158718526,0.7323399264274673,0.7383039034665696,0.7380921207677604,0.24000678035195436
2014-06-03,0.735329529393289,0.7300474489523912,0.7380438457337529,0.7358663489486501,0.11402014554878213
2014-06-04,0.7341517039208502,0.7316201951271526,0.7368215743895145,0.7373851108958078,0.13871955341191053
2014-06-05,0.7420823954352719,0.7433491496507971,0.7425428445114816,0.7484615988897327,0.3701333815861447
2014-06-06,0.7541223891535359,0.7514527909580424,0.7579382622942293,0.7566314907434077,0.16937776751712247
2014-06-09,0.7545935193425116,0.754358372874127,0.7605388396223961,0.7583859226478828,0.20514620393884372
2014-06-10,0.7577605611684027,0.7517193581063071,0.7579382622942293,0.7571290162088562,0.1762693921185688
2014-06-11,0.7541223891535359,0.7480140747454285,0.7557537773385693,0.7518395349446176,0.2294691566781267
2014-06-12,0.7486258702821545,0.7470810897265023,0.7495383975242506,0.7460525282149311,0.2923465217418433
2014-06-13,0.7486258702821545,0.7445753585328145,0.7500325072166022,0.7501374741417686,0.1412850638829786
2014-06-16,0.7488352614772548,0.7455616569813937,0.752164980625699,0.7491686087616853,0.09494156626130146
2014-06-17,0.7476050882060409,0.7470810897265023,0.7514368189738122,0.7520752049019352,0.22782086559720133
2014-06-18,0.752447259592734,0.7565708802047237,0.7548175695004292,0.7607426222210585,0.4269521070047691
2014-06-19,0.7657174265822123,0.7615290291624461,0.7670142771695317,0.7634397339548038,0.13318815892645813
2014-06-20,0.7666335130607757,0.7612624620141815,0.7694328140847267,0.7657964335279792,0.1326713130796317
2014-06-23,0.7647228184054861,0.759343178546676,0.7667542194367151,0.7634397339548038,0.631360999665142
2014-06-24,0.76605768727425,0.7626219544703312,0.7612670012742829,0.7559506664222684,0.37026129313374967
2014-06-25,0.7538868240590483,0.7537186117182921,0.7584063662132993,0.7586477781560137,0.41648103893294725
2014-06-26,0.7616604721771448,0.7556912086154504,0.7557277715652876,0.7584121081986961,0.41306382474246095
2014-06-27,0.7567921268910641,0.7583568800980969,0.7627233245780564,0.7635182906072431,0.2029883465300613
2014-07-01,0.7713709888499188,0.7752305805832489,0.7767144306035939,0.7778156013511746,0.2903592130632007
2014-07-02,0.7786996806784273,0.7764567894652663,0.7837099836163629,0.7790201366885754,0.24494541400704242
2014-07-03,0.7839868083547087,0.7814149384229887,0.7851663069201363,0.7858283798999712,0.09866140045465796
2014-07-07,0.781788200806156,0.7761902223170016,0.7800691753569294,0.7760873549975125,0.5456321846252399
2014-07-08,0.772862901115008,0.7697659540438238,0.7665461732504616,0.763911073869439,0.2984301197376877
2014-07-09,0.7672355127466891,0.7661139841125981,0.7701609757366136,0.7702479771661999,0.2570169363208479
2014-07-10,0.7550908234308747,0.7566508503492031,0.7547655579538658,0.7602712823064235,0.3422445044831437
2014-07-11,0.7614249070826572,0.755957775763715,0.7619951629261698,0.7607949933226847,0.12881108816329417
2014-07-14,0.7713709888499188,0.7661139841125981,0.774842014927314,0.7697504517007516,0.11640158818305285
2014-07-15,0.7721300319321572,0.7668603721277389,0.7663121212909266,0.7651941658592789,0.19150438539021342
2014-07-16,0.7752447259592733,0.7695260436103855,0.7745819571944971,0.7717667391133574,0.2881930362041676
2014-07-17,0.7667382086583258,0.7650743722343658,0.757652198788131,0.7530702558328315,0.25220621421336475
2014-07-18,0.7631262105428466,0.7650743722343658,0.761032949314748,0.7688339574222944,0.16124134517191102
2014-07-21,0.7648013401036485,0.7606227008583464,0.7646997633474631,0.7654560213674095,0.19839912978550375
2014-07-22,0.7738051614929592,0.7705123420589648,0.7777286557615791,0.7729712744507582,0.7060915014735826
2014-07-23,0.7779144636968015,0.7727781628192143,0.7800691753569294,0.7768729215219043,0.12377470096776005
2014-07-24,0.781788200806156,0.7761902223170016,0.7830338335110395,0.7780774568593052,0.2085353399847338
2014-07-25,0.776710464324975,0.7717652076558086,0.7735937378097938,0.7717667391133574,0.41202597332368274
2014-07-29,0.774040726587447,0.7712853867889322,0.7706810912022469,0.7649584959019615,0.43812096896637065
2014-07-30,0.7703502067738052,0.7655808498160688,0.7663121212909266,0.7656916913247271,0.12670522731857878
2014-07-31,0.7572632570800398,0.7514794476728688,0.7443892544144802,0.7384849040299564,0.24437553166486756
2014-08-01,0.7386012668167304,0.7341525830356668,0.7325566275713208,0.7333525360705964,0.35140213934663195
2014-08-04,0.7378945715332669,0.7395905528602658,0.737159649442176,0.7428578910157377,0.3766443913386203
2014-08-05,0.7371093545516411,0.7312203444047558,0.728941825085169,0.7277750137474144,0.28025940045881764
2014-08-06,0.7220855363031985,0.7235165538199073,0.7246248667204119,0.7260467673937521,0.2210841907566748
2014-08-07,0.7317960529759725,0.7252758969984541,0.7195537409304865,0.7170651234648722,0.37987857762359056
2014-08-08,0.7159870177459037,0.7223170016527163,0.7207240007281616,0.7280368692555448,0.32393547434385533
2014-08-11,0.7354080510914517,0.7334595084501787,0.7388760304787664,0.7350284113226322,0.25533952716404495
2014-08-12,0.7344919646128879,0.7309537772564909,0.7361714300574728,0.7333525360705964,0.2660404200490431
2014-08-13,0.7381563105271421,0.7376446126779337,0.7439471562686918,0.7421246955929719,0.15583370250893822
2014-08-14,0.7456158718525886,0.7433224929359707,0.751618859386784,0.7491424232108723,0.09995403503736473
2014-08-15,0.7550908234308747,0.7514794476728688,0.7442072140015082,0.7484092277881065,0.1659990307840458
2014-08-18,0.7580484740616656,0.755957775763715,0.7603307934361428,0.7612925187881328,0.14083997329456469
2014-08-19,0.762157776265508,0.7606227008583464,0.7675603984084468,0.7651941658592789,0.2235436282370461
2014-08-20,0.762602732555096,0.7626219544703312,0.7678204561412635,0.7663725156458667,0.11709314248514457
2014-08-21,0.7682301209234151,0.7658474169643334,0.7721374145060204,0.769514781743434,0.7673195355250925
2014-08-22,0.7694341202952414,0.7648078050861014,0.7701609757366136,0.7681007619995288,0.15927795491273936
2014-08-25,0.7752447259592733,0.7725115956709496,0.7789249213325359,0.7751184896174292,0.3175679751082048
2014-08-26,0.7759775951421243,0.7752305805832489,0.7817855563935193,0.7766110660137737,0.46731911955257993
2014-08-27,0.7791446369680154,0.7749640134349844,0.7827737757782228,0.779281992196706,0.1026058598047841
2014-08-28,0.774040726587447,0.7697659540438238,0.7764543728707775,0.774123438686533,0.18923733519689018
2014-08-29,0.7752447259592733,0.7730447299674787,0.7779627077211141,0.7778156013511746,0.2162672290615036
2014-09-02,0.7810815055226926,0.7766966998987046,0.7810573947416327,0.7802246720259762,0.3533052135914858
2014-09-03,0.787703502067738,0.7871194753958524,0.7878188957948665,0.7834454947759826,0.30971025434639277
2014-09-04,0.7866827199916243,0.7836007890387588,0.7822536603125895,0.7786011678755664,0.18433301927408635
2014-09-05,0.7776788986023139,0.7777096550621103,0.7786908693730009,0.7819267328288251,0.22129113708166162
2014-09-08,0.7754802910537612,0.773737804552967,0.7752841130731022,0.7727356044934406,0.4522900326746408
2014-09-09,0.7718944668376694,0.7661139841125981,0.7670662887160952,0.7646966403938307,0.22830651350558753
2014-09-10,0.7631262105428466,0.7648078050861014,0.7663121212909266,0.7697504517007516,0.2851616365190588
2014-09-11,0.7597236036224676,0.7611025217252225,0.7656359711856032,0.7666081856031841,0.25131499310525557
2014-09-12,0.7674710778411767,0.7616089993069255,0.7612670012742829,0.7590929325198357,0.18723962720543424
2014-09-15,0.7590169083390043,0.7534520445700272,0.7593945855980028,0.7559506664222684,0.1840189600271214
2014-09-16,0.752447259592734,0.7626219544703312,0.7564559332171742,0.7659011757312317,0.4182718005994163
2014-09-17,0.76605768727425,0.7631550887668606,0.7644657113879282,0.7602712823064235,0.43547018413023264
2014-09-18,0.7662670784693505,0.7636082529189103,0.7704210334694302,0.7678650920422112,0.9333320854157956
2014-09-19,0.7713709888499188,0.7663538945460362,0.7668062309832783,0.761790044253581,0.12570065370080344
2014-09-22,0.7609014290949064,0.755957775763715,0.7543234598080774,0.7505826285055908,0.33475803918877034
2014-09-23,0.7475789143066532,0.7433224929359707,0.7463136816373236,0.7403440781376835,0.30007321116220637
2014-09-24,0.7453803067581007,0.7478274777416432,0.7456115257587185,0.7523370604100659,0.16739877828873068
2014-09-25,0.7432078731089359,0.7388708215599511,0.7337008815957143,0.7279583126031057,0.3112919898253123
2014-09-26,0.7304611841072083,0.7334328517353523,0.7351572048994878,0.7364424310665376,0.11961081611727098
2014-09-29,0.7236821441658378,0.7249293597057098,0.7257171091982421,0.7291628479405063,0.3719376623592712
2014-09-30,0.7286028372506937,0.7254358372874128,0.7273554729149873,0.7269632616722095,0.317910112499766
2014-10-01,0.7216929278123855,0.7149864050754386,0.7100096221361142,0.704993584540051,0.41166303730649473
2014-10-02,0.703920850128252,0.6978727941568481,0.692923829090058,0.7005420409018306,0.3135943976822011
2014-10-06,0.7183164947913941,0.7130404648931066,0.7140665227680546,0.7125873942758387,0.46932514699428657
2014-10-07,0.7068261529602681,0.7003252119208832,0.6977869086937302,0.6920579224383987,0.34481105488549313
2014-10-08,0.6924566821965136,0.7092818681025752,0.6910774191870596,0.7144989394851922,0.3753975137322925
2014-10-09,0.709783803591059,0.7028575998293971,0.6876186513405976,0.6810338055460998,0.9811408462128821
2014-10-10,0.6799979060880489,0.6750013328357414,0.667516188593868,0.6605567048102858,0.6427981638973296
2014-10-13,0.6685599120556981,0.6665778109505784,0.6570878735079188,0.650789494357014,0.3322486850068947
2014-10-14,0.6563367010417213,0.6585807965026391,0.6564117234025953,0.6527534106679935,0.5747648195407247
2014-10-16,0.619091242213265,0.6441861704963481,0.6224221777234545,0.6417554793265079,0.8309238125544663
2014-10-17,0.6617023504161649,0.6583408860692008,0.6604946298078173,0.6591164995155674,0.47154644021123077
2014-10-20,0.6592681777731247,0.6646052140534202,0.6638753803344343,0.6713189661944541,0.4016329000979615
2014-10-21,0.6792912108045858,0.6864370634962949,0.6842379008139808,0.6917960669302679,0.413619148046697
2014-10-22,0.6921949432026383,0.6886495708268914,0.685954281850571,0.6791222603367464,0.40817822758272126
2014-10-23,0.6946291158456787,0.6959001972596899,0.6975788625074767,0.6942313231558828,0.30048710381218
2014-10-24,0.6970894623881067,0.6959001972596899,0.6975788625074767,0.7017989473408575,0.5066337216436737
2014-10-27,0.6966183321991309,0.6946206749480195,0.697084752815125,0.699887402131504,0.18070989868989457
2014-10-28,0.7060932837774171,0.7123473903076187,0.7120900839986476,0.7187148131660952,0.5771587413503715
2014-10-29,0.7224781447940113,0.7177853601322173,0.7130783033833511,0.7135300741051089,0.37102876241937927
2014-10-30,0.7102549337800347,0.7189582555845819,0.7140665227680546,0.7215690382047186,0.33080630031967484
2014-10-31,0.7404857875726324,0.7358852694993869,0.7395001690375264,0.740841603603132,0.700538268431222
2014-11-03,0.7398052661885567,0.7341259263208402,0.7395001690375264,0.7354735656864542,0.3976978001293674
2014-11-04,0.7322148353661729,0.7259423148691158,0.7281096403401556,0.7300793422189638,0.3641173791235875
2014-11-05,0.736114746374915,0.7296742549448207,0.7337008815957143,0.7335620204771007,0.3924711055093479
2014-11-07,0.7327121394545358,0.7296742549448207,0.733960939328531,0.7354735656864542,0.46761965969288743
2014-11-10,0.7390985709050933,0.7356187023511225,0.7421787636855383,0.7398727382230488,0.2531223936722261
2014-11-11,0.7429461341150604,0.7381510902596364,0.7453514680259018,0.743800570845008,0.34359953494273093
2014-11-12,0.7385750929173428,0.7351122247694195,0.7414245962603697,0.7401084081803662,0.27267310176143555
2014-11-13,0.7424750039260847,0.7401236871567949,0.7419187059527214,0.7396108827149179,0.3832635539443553
2014-11-14,0.7399884834842695,0.7376446126779337,0.7438951447221284,0.7435649008876903,0.3987044536097054
2014-11-17,0.739569701094069,0.7361518366476516,0.7426208618313265,0.740841603603132,0.21166969286669535
2014-11-18,0.7434434382034235,0.7480673881750814,0.7492263282448705,0.7506088140564038,0.20321921127451897
2014-11-19,0.7511909124221327,0.7465746121447994,0.7484981665929836,0.7491686087616853,0.17031266573904796
2014-11-20,0.7424750039260847,0.7421229407687797,0.7460276181312252,0.7472046924507056,0.3063658353456003
2014-11-21,0.765665078783437,0.7609425814362638,0.7617871167399163,0.7599046845950406,0.39907882887098817
2014-11-24,0.7643825577134481,0.758996641253932,0.7657139885054484,0.7628374662861035,0.3273214905959014
2014-11-25,0.7646442967073234,0.7609425814362638,0.7674043637687568,0.7642776715808217,0.22488409965869455
2014-11-26,0.7665811652620006,0.7639547902116546,0.7705250565625569,0.7682055042027809,0.21476452835996596
2014-11-28,0.7641731665183479,0.7597696859838994,0.7647517748940263,0.759669014637723,0.23599784526238504
2014-12-01,0.7555881275192379,0.7497734179239752,0.751618859386784,0.7484354133389197,0.3582199288271031
2014-12-02,0.7500392608490812,0.7495068507757106,0.7547915637271475,0.7538034512555973,0.4623368087836755
2014-12-03,0.7551431712296498,0.7547315668816976,0.7589264816789328,0.759669014637723,0.2054072266904603
2014-12-04,0.7583625608543162,0.7540384922962093,0.7564819389904559,0.7557411820157638,0.6900952785039964
2014-12-05,0.757080039784327,0.755264701178227,0.7613190128208464,0.7579931393856871,0.36125860803118126
2014-12-08,0.7558498665131131,0.7507863730873807,0.7474839414349986,0.7452407761397262,0.6818018265353025
2014-12-09,0.7358530073810395,0.7368982246627926,0.7332067719033627,0.7405797480950012,0.47368661878823043
2014-12-10,0.7398052661885567,0.7361518366476516,0.7237406704288353,0.7191599675299172,0.5753960578284987
2014-12-12,0.7153850180599904,0.7095217785360133,0.7012196707669102,0.6949645185786484,0.3234217482908729
2014-12-15,0.6995236350311468,0.6961667644079543,0.6818453696720673,0.679357930294064,0.48526313381211766
2014-12-16,0.6751295608019682,0.6931812123473904,0.679114763477492,0.6769226740684491,0.4478068889207801
2014-12-17,0.7136837145998011,0.7080556592205578,0.6861883338101059,0.7042342035664722,0.7836911736872426
2014-12-19,0.7299900539182328,0.7334328517353523,0.733960939328531,0.7345308858571842,0.5408911379136067
2014-12-22,0.7333664869392241,0.7371381350962309,0.7394481574909629,0.7430673754222421,0.5112624557769222
2014-12-23,0.7439407422917866,0.7398837767233566,0.7474839414349986,0.7423341799994763,0.4005971285417459
2014-12-24,0.7466366539287023,0.7433758063656235,0.7504485995891089,0.74647149702794,0.32275931206465874
2014-12-26,0.749829869653981,0.7498533880684546,0.7553116791927809,0.7531749980360838,0.48941245962466795
2014-12-29,0.7493325655656179,0.7456149704110466,0.7531011884638389,0.7491947943124984,0.4162262557690187
2014-12-30,0.745642045751976,0.7706456256330971,0.7467297740098301,0.74133912906858,0.933153217235405
2014-12-31,0.7458776108464639,0.7396172095750921,0.7348451356201077,0.7297651156092069,0.4214321517634114
2015-01-02,0.7311678793906716,0.7314069414085409,0.7262372246638754,0.7258372829872477,0.5738496800131446
2015-01-05,0.7186829293828193,0.7121874500186598,0.7013757054066002,0.69737358925345,0.8659123005151819
2015-01-06,0.7014343296864366,0.6961667644079543,0.6848360335994591,0.6828929796538272,0.755885491086749
2015-01-07,0.6987645919489086,0.6956336301114252,0.69653863157621,0.7013014218754092,0.3604339425250779
2015-01-08,0.7117730199445113,0.7186117182918379,0.7118560320391126,0.7231925423551286,0.4000043677113816
2015-01-09,0.7248076218395015,0.7181585541397879,0.7151067536993213,0.7133467752494174,0.7125432351430216
2015-01-12,0.71496623566979,0.7103747934104601,0.7057966868644839,0.7057267799628166,0.4103132065033142
2015-01-13,0.7189446683766948,0.719091539158714,0.7028840402569371,0.7066956453428999,0.696112320897835
2015-01-14,0.6965659844003559,0.6946206749480195,0.6926117598106781,0.7000707009871954,0.3863989467575982
2015-01-15,0.7100455425849342,0.7048835101562085,0.7016357631394169,0.6953834873916573,0.30153639447505304
2015-01-16,0.6935821598701776,0.7073892413498961,0.6997113359165735,0.7131111052920998,0.2697051378844886
2015-01-20,0.7210647542270846,0.7158927333795384,0.7128442514238161,0.7157820314750323,0.8449025688382511
2015-01-21,0.7194157985656703,0.7206376286186493,0.7192416716511064,0.7265966639608266,0.45949467659177073
2015-01-22,0.7316390095796471,0.7388974782747775,0.7277195537409306,0.7435649008876903,0.40292241488682423
2015-01-23,0.7409569177616081,0.7346057471877165,0.738980053571893,0.7325145984445782,0.4982456359283778
2015-01-26,0.7383133539234675,0.7386309111265128,0.7370036148024862,0.7425698499567939,0.37377938065852606
2015-01-27,0.7321363136680102,0.7338593591725757,0.7336228642758694,0.7332477938673443,0.8041570213040321
2015-01-29,0.7189446683766948,0.7226635389454603,0.7153408056588563,0.7268585194689572,0.7301482318048422
2015-01-30,0.7169292781238549,0.716665778109506,0.7114139338933244,0.7057267799628166,0.2598070719486856
2015-02-02,0.7154635397581531,0.7206376286186493,0.7111538761605075,0.7251040875644821,0.6414441733690237
2015-02-03,0.7338899649269749,0.741616463187077,0.7367435570696695,0.74647149702794,0.511777221761186
2015-02-04,0.7439407422917866,0.7443887615290292,0.7451174160663668,0.7398465526722355,0.4338052541488058
2015-02-05,0.7458776108464639,0.7519059551100922,0.7506566457753622,0.757574170572678,0.5746514670310585
2015-02-06,0.754959953933937,0.7493735672015782,0.7462616700907602,0.7435649008876903,0.5279419135983494
2015-02-09,0.7402240485787571,0.7388974782747775,0.7425688502847633,0.7395846971641049,0.2300431987454269
2015-02-10,0.7486258702821545,0.7476675374526844,0.7464957220502951,0.7521537615543743,0.1965958889436586
2015-02-11,0.7458776108464639,0.7456149704110466,0.7467297740098301,0.7487234543978634,0.19675499842970376
2015-02-12,0.7584410825524784,0.7626486111851576,0.7638675786024497,0.7676294220848936,0.48935630333547553
2015-02-13,0.7716850756425692,0.7718984912299409,0.7755441708059191,0.777213333682474,0.29320550498023085
2015-02-17,0.7783070721876143,0.7761102521725223,0.7780147192676775,0.7789153944853231,0.4022662182482981
2015-02-18,0.7792755064649531,0.7791757743775658,0.7829038046446312,0.7838382780381785,0.17955869476145014
2015-02-19,0.7792755064649531,0.780908460841286,0.7833719085637011,0.781848176176386,0.5223876406247074
2015-02-20,0.7810029838245302,0.7903715946046812,0.7813954697942943,0.7941291995077118,0.45595995016649293
2015-02-23,0.7893001099303772,0.7861598336620996,0.7911476347749201,0.7902013668857526,0.29707196948425646
2015-02-24,0.7910799350887295,0.7929306392280215,0.7921618599329051,0.7955955903532432,0.3447673777716768
2015-02-25,0.7959482803748102,0.7931705496614598,0.7982732166540972,0.7953599203959256,0.36700630822315256
2015-02-26,0.7962100193686855,0.7931705496614598,0.7955426104595221,0.7929246641703109,0.29771048729099975
2015-02-27,0.7954509762864471,0.7929306392280215,0.7975190492289289,0.7922176542983583,0.5995744601196752
2015-03-02,0.7937496728262575,0.7931705496614598,0.7975190492289289,0.797611877765849,0.32974037075630036
2015-03-03,0.7935402816311573,0.790878072186384,0.7904714846695967,0.789468171462987,0.5410564869873398
2015-03-04,0.7837250693608332,0.7781628192141601,0.7797050945309859,0.7806436408389852,0.1907088379599876
2015-03-05,0.7871538501805998,0.782401236871568,0.7865446129040646,0.7828694126580953,0.5937196470057258
2015-03-06,0.7812385489190178,0.7766167297542252,0.768002496554235,0.763911073869439,0.4286347158179787
2015-03-09,0.7672355127466891,0.7638748200671752,0.7677684445947001,0.766870041111315,0.25168832843525696
2015-03-10,0.7522640422970214,0.7474276270192461,0.7455855199854368,0.7394013983084136,0.5066898779328661
2015-03-11,0.7439407422917866,0.7376446126779337,0.74282890801758,0.7400822226295531,0.2755245933348724
2015-03-12,0.751504999214783,0.7529189102734981,0.7572101006423425,0.7583073659954438,0.33439718303414506
2015-03-13,0.7520284772025335,0.7471610598709817,0.745819571944972,0.7487234543978634,0.273418732490157
2015-03-16,0.754959953933937,0.7618755664551902,0.7609029204483396,0.766870041111315,0.21399185941792964
2015-03-17,0.7616081243783698,0.7608626112917845,0.7626193014849297,0.7644347848857,0.2302896624591047
2015-03-18,0.7640422970214104,0.7881590872740845,0.765818011598575,0.7897300269711174,0.2276295182414346
2015-03-19,0.7810029838245302,0.7776563416324573,0.780407250409591,0.7779465291052396,0.4084590090286833
2015-03-20,0.790818196094854,0.7974089673188678,0.7921618599329051,0.7990782686113804,0.466331184835306
2015-03-23,0.8028843637125057,0.799888041797729,0.8055808389462461,0.8007279583126032,0.6153398183448037
2015-03-24,0.8010783646547662,0.7984219224822735,0.8008737939822642,0.7958574458613739,0.29304327570034167
2015-03-25,0.7990368005025387,0.7954896838513623,0.7809013601019427,0.7757207572861298,0.9663197455912113
2015-03-26,0.7724179448254201,0.7693661033214267,0.7666762021168702,0.769069627379612,0.3570500061355945
2015-03-27,0.7694341202952414,0.768859625739724,0.7738017839960473,0.773730655424337,0.15341066262341385
2015-03-30,0.7800345495471915,0.7829343711680974,0.7838400124827712,0.784388174605253,0.3859548961004656
2015-03-31,0.7778097680992514,0.7739244015567521,0.7716433048136687,0.7734949854670194,0.5505895370433921
2015-04-01,0.7750876825629481,0.7731780135416113,0.7708891373885004,0.7744638508471027,0.41055239069802263
2015-04-02,0.7793016803643406,0.78170816228608,0.7850882896002914,0.7846238445625704,0.23945457684156232
2015-04-06,0.7852169816259226,0.7985552060564056,0.7909655943619484,0.7979522899264186,0.2943920665722409
2015-04-07,0.7985656703135632,0.800287892520126,0.8007697708891376,0.7949409515829167,0.47756244267378806
2015-04-08,0.8081714913887871,0.8037799221623929,0.803474371310431,0.8038440388593575,0.5724967294161202
2015-04-09,0.8062084489347222,0.8042863997440957,0.805684862039373,0.8078242425829429,0.4510421151370317
2015-04-10,0.8103700989373396,0.8105773844431412,0.8137726575299719,0.8152085679122261,0.5191056175007955
2015-04-13,0.8155525310160706,0.8118302500399852,0.8132525420643383,0.8073005315666817,0.3905867500275581
2015-04-14,0.8096372297544888,0.8105773844431412,0.8130184901048033,0.8139778470240122,0.24397827791539536
2015-04-15,0.8167827042872847,0.8209201897958096,0.8223285569396407,0.8228809343004531,0.2961651494069272
2015-04-16,0.8219913102654034,0.8244122194380765,0.8245910592151459,0.8243735106967975,0.19201187185550778
2015-04-17,0.8128827932785426,0.8093245188462976,0.8054508100798378,0.805336615255702,0.445744705189881
2015-04-20,0.8088781866722504,0.8115903396065471,0.8142667672223235,0.8134803215585642,0.35706040544840795
2015-04-21,0.8239805266188557,0.8201471450658422,0.8220945049801057,0.8174605252821494,0.2898142890717781
2015-04-22,0.8224886143537663,0.8203870554992805,0.8193899045588121,0.8238759852313495,0.2631306923238512
2015-04-23,0.8200020939119509,0.8296902489737166,0.8223285569396407,0.830527115137867,0.4012876429125563
2015-04-24,0.8330890436057162,0.8321959801674041,0.831872675734013,0.8347168032679568,0.20133901551785457
2015-04-27,0.8414646914097262,0.8397664871781203,0.838296101734585,0.8345073188614525,0.3448068951603678
2015-04-28,0.8357587813432444,0.8352348456576213,0.8326268431591813,0.8384351514834116,0.21030738288813874
2015-04-29,0.8316233052400147,0.8289172042437492,0.8294801445920995,0.8285631988268873,0.4282031443362222
2015-04-30,0.8249489608961943,0.8203870554992805,0.8142667672223235,0.8122757862211631,0.4088999398919719
2015-05-01,0.822226875359891,0.8234259209894974,0.8233427820976257,0.8278300034041217,0.21066303938635733
2015-05-04,0.8291367847981991,0.8281974729434345,0.8336410683171663,0.8290607242923356,0.41342156110324224
2015-05-05,0.8274093074386223,0.8231593538412327,0.8142667672223235,0.8105475398675013,0.4108851687080517
2015-05-06,0.8195309637229754,0.8152956229674255,0.8061529659584429,0.8070648616093641,0.3854515693602966
2015-05-07,0.8041930586818825,0.8050594444740631,0.8044625906951343,0.8087669224122129,0.2620086064712843
2015-05-08,0.8190598335339999,0.8296902489737166,0.8245910592151459,0.8320196915342115,0.27519805491253135
2015-05-11,0.8318588703345026,0.838780188729541,0.8275037058226927,0.8226190787923224,0.18209196736279665
2015-05-12,0.8175679212689105,0.8196673241989658,0.8179855928016021,0.821126502395978,0.35297243558145674
2015-05-13,0.8303407841700258,0.8281974729434345,0.8292460926325645,0.8251067061195634,0.21427576065773574
2015-05-14,0.8365178244254828,0.8372074425547797,0.8392323095727253,0.8406085522008957,0.4282031443362222
2015-05-15,0.8414646914097262,0.8397664871781203,0.8421969677268354,0.8436198905443977,0.2307701107110842
2015-05-18,0.8407056483274876,0.8405128751932613,0.843731308350454,0.8429128806724451,0.5162416467519826
2015-05-19,0.842982777574203,0.8397664871781203,0.8444334642290588,0.8408704077090263,0.2688939914850426
2015-05-20,0.8414646914097262,0.8410193527749641,0.8429511351520039,0.8403728822435781,0.46464025657184566
2015-05-21,0.842197560592577,0.8435250839686519,0.8460978337190855,0.846343187828956,0.19036670056842644
2015-05-22,0.8434539077631785,0.8402729647598233,0.8458377759862691,0.8401110267354475,0.2909738124504732
2015-05-26,0.8348426948646809,0.8306765474222957,0.8223285569396407,0.8203671214223993,0.3471280217803207
2015-05-27,0.8234832225304926,0.8306765474222957,0.8257093074662575,0.833983607845191,0.2557825378898962
2015-05-28,0.8274093074386223,0.8244122194380765,0.8252932150937508,0.8285631988268873,0.3507303437388857
2015-05-29,0.8274093074386223,0.8234259209894974,0.8196239565183471,0.8174605252821494,0.35771348229309
2015-06-01,0.8247133958017064,0.8199072346324041,0.8166853041375185,0.8174605252821494,0.36714357915228957
2015-06-02,0.8167827042872847,0.8221197419630006,0.8191558525992771,0.8198434104061381,0.5553181045796494
2015-06-03,0.8242160917133435,0.827184517780029,0.8264894806647075,0.825813715991516,0.7581567010051975
2015-06-04,0.8192692247291001,0.8189209361838248,0.813512599797155,0.8105475398675013,0.26339171507546777
2015-06-05,0.8007381039627285,0.8020472356986725,0.8012378748082075,0.8008588860666683,0.23018774919353327
2015-06-08,0.8014709731455792,0.7962360718665034,0.7992874418120822,0.7942339417109638,0.1966541250954137
2015-06-09,0.7929121080458564,0.7897318334488459,0.7916937560138352,0.7905417790463223,0.34140216014525754
2015-06-10,0.8049521017641207,0.8134029962147467,0.8091436298858347,0.8154704234203567,0.7442819378495469
2015-06-11,0.8200020939119509,0.8163618915604842,0.8196239565183471,0.8182199062557283,0.20049459131740574
2015-06-12,0.8076480134010363,0.8058324892040307,0.8093776818453696,0.8080860980910733,0.2235696265190796
2015-06-15,0.7955556718839972,0.7945300421176096,0.7948664603541987,0.7994448663227633,0.2124278027707929
2015-06-16,0.797073758048474,0.799781414938423,0.7995474995448989,0.8036083689020399,0.1940064600531197
2015-06-17,0.8024917552216929,0.8035666684437812,0.7995474995448989,0.8036083689020399,0.37756993017901375
2015-06-19,0.8209705281892895,0.8160953244122195,0.8179855928016021,0.8122757862211631,0.42147582887722773
2015-06-22,0.8281683505208605,0.8319294130191397,0.8336410683171663,0.8297415486134752,0.2700129575437655
2015-06-23,0.8345809558708056,0.8304366369888576,0.8363196629651782,0.8322815470423421,0.556003419294053
2015-06-24,0.830602523163901,0.8267046969131526,0.8264894806647075,0.8216502134122392,0.27541852034417563
2015-06-25,0.8271475684447468,0.8246787865863412,0.8231087301380907,0.8172248553248318,0.6200423875990274
2015-06-26,0.8198450505156257,0.8185210854614278,0.8199100200244455,0.8185341328654849,0.16220224167587005
2015-06-29,0.7979898445270376,0.7969824598816444,0.7844121394949678,0.7787320956296315,0.7778498796799507
2015-07-02,0.7959744542741977,0.7911712960494748,0.7927859984916651,0.7911702322658358,0.29692013951718066
2015-07-06,0.7724179448254201,0.7777363117769367,0.7750240553402855,0.7747518919060463,0.480377536652378
2015-07-07,0.7676542951368895,0.7706456256330971,0.752789119184459,0.7749875618633639,0.5572638160070382
2015-07-08,0.7601947338114431,0.7557445220451031,0.7478220164876602,0.7429364476681768,0.482897290147067
2015-07-09,0.7579961262628906,0.7658740736791598,0.7602007645697345,0.7546152033308022,0.7352449350146941
2015-07-13,0.7949798460974714,0.7924508183611452,0.7994434764517723,0.7961454869203175,0.4629618074837614
2015-07-14,0.7982515835209129,0.8018339819800611,0.8029022442982344,0.805336615255702,0.6575090318031783
2015-07-16,0.8103962728367272,0.809351175561124,0.8144748134085767,0.8132970227028726,0.4122516384117337
2015-07-17,0.8150814008270951,0.8100975635762648,0.8140327152627883,0.8107832098248189,0.23470729054224096
2015-07-20,0.8134324451656808,0.8100975635762648,0.8130184901048033,0.8103118699101837,0.21674767731348313
2015-07-21,0.8099251426477517,0.8068721010822628,0.8093516760720881,0.8058603262719632,0.7285633765320787
2015-07-22,0.7979898445270376,0.7952231167030976,0.8006657477960107,0.7983974442902408,0.48946757598257906
2015-07-23,0.8016803643406795,0.7975155941781735,0.7954905989129587,0.7916939432820971,0.33865050197482943
2015-07-24,0.7917866303721927,0.7863730873807113,0.7764543728707775,0.7732593155097018,0.6110417823590216
2015-07-27,0.7694341202952414,0.763821506637522,0.7644136998413648,0.7608473644243108,0.45222659686647904
2015-07-28,0.7646966445060984,0.7729647598229994,0.7671183002626584,0.7774751891906049,0.5821254531500558
2015-07-29,0.7793540281631158,0.7853334755024792,0.7838920240293347,0.7872162140930636,0.3742463098038481
2015-07-30,0.7855310684185729,0.7843205203390735,0.7846721972277847,0.7889182748959125,0.2048082262724079
2015-07-31,0.7937496728262575,0.7914378631977397,0.7942423217954385,0.7904108512922572,0.5525550071651265
2015-08-03,0.7912893262838298,0.7878925201258198,0.7841520817621511,0.783969205792244,0.20197129373690986
2015-08-04,0.7855310684185729,0.7838140427573708,0.7863625724910931,0.7842310613003745,0.20261709106262257
2015-08-05,0.7942208030152332,0.7906381617529457,0.7927859984916651,0.7879494095158293,0.15289277684530606
2015-08-06,0.7875726325708005,0.7835474756091061,0.7782487712272125,0.7782607557149965,0.4413749139456864
2015-08-07,0.7763440297335497,0.7714453270778912,0.7759602631784256,0.776768179318652,0.5501444464549782
2015-08-10,0.7825472438883946,0.7924508183611452,0.7883130054872184,0.7958836314121869,0.1510312998517058
2015-08-11,0.780845940428205,0.7759503118835636,0.7767144306035939,0.7762444683023908,0.2669014831499934
2015-08-12,0.7631785583416216,0.7678733272911449,0.7574441526018777,0.7725261200869362,0.2599006657640063
2015-08-13,0.7736219441972464,0.7704057151996588,0.7722934491457104,0.7705098326743303,0.2045898407033263
2015-08-14,0.7696435114903418,0.7698992376179561,0.771851350999922,0.7749875618633639,0.19429348108676978
2015-08-17,0.7686750772130032,0.7721650583782056,0.768808675525967,0.7772395192332873,0.2595730874103839
2015-08-18,0.7728890750143956,0.7686197153062857,0.7740358359555822,0.769514781743434,0.19867471157505912
2015-08-19,0.7617128199759199,0.7598229994135524,0.7540113905286975,0.7560815941763337,0.22167487172447645
2015-08-20,0.7450662199654504,0.7390307618489098,0.7293579174576755,0.7232972845583807,0.6886965709305929
2015-09-02,0.6575930482123228,0.6595137815215653,0.6560216368033703,0.6668150514546074,0.32320648251563533
2015-09-03,0.6720148667748519,0.6765207655808501,0.6725092970639482,0.6688313388672131,0.44653297310113743
2015-09-04,0.6470973145579227,0.6428266780401983,0.6421345538709594,0.641467438267564,0.39199065725736837
2015-09-08,0.6695021724336491,0.6724422882124006,0.6725092970639482,0.6788080337269895,0.2252896728584175
2015-09-09,0.6931372035805893,0.6883830036786267,0.670324812108288,0.6653486606090759,0.471943693960703
2015-09-11,0.6685337381563105,0.6707096017486804,0.671104985306738,0.677289271779832,0.29593428466246946
2015-09-14,0.6759671255823693,0.6684171242736046,0.6725092970639482,0.6703239152635576,0.276109034714986
2015-09-15,0.6729571271528031,0.6797995415045051,0.6759940706836919,0.684987823718872,0.1848727436091023
2015-09-16,0.6935821598701776,0.6972596897158396,0.6976828856006033,0.7032129670847627,0.14829420071921648
2015-09-17,0.6995759828299221,0.7159993602388441,0.7041323173744573,0.7032129670847627,0.4353526718954411
2015-09-18,0.6824320787310892,0.6823319294130192,0.6787506826515487,0.6750896855115349,0.7315209410962122
2015-09-21,0.680154949484374,0.6787865863410996,0.6772163420279301,0.676817931865197,0.7310831300267677
2015-09-22,0.656074962047846,0.6486911553020207,0.6495461992562349,0.652203514100919,0.5872741529239747
2015-09-23,0.6523582683348165,0.6478914538572267,0.6490780953371648,0.6459713530074105,0.7513129132426929
2015-09-24,0.6372035805894362,0.6360558724742764,0.6327724754895588,0.6417292937756947,0.3111765574530835
2015-09-25,0.6561273098466208,0.6499973343285175,0.6446311081059996,0.6426981591557779,0.6578490893321769
2015-09-29,0.6136732450400461,0.6118249186970199,0.6110836605726472,0.6114849825866087,0.3962970126934012
2015-09-30,0.627388368319112,0.629898171349363,0.6289496268171536,0.6352090916232425,0.7856805622284478
2015-10-02,0.6316285400198921,0.6569014234685717,0.6334226198216005,0.6642488674749274,0.7654102216925505
2015-10-05,0.6776160812437838,0.6865970037852536,0.6828075832834889,0.6924507057005946,0.738236817311112
2015-10-06,0.6923519865989635,0.6891827051234205,0.6922216732114531,0.6904606038388019,0.4493699056366355
2015-10-07,0.7033711982411138,0.7046702564375966,0.7026759940706836,0.708450077247375,0.4559464310598355
2015-10-08,0.7031094592472386,0.7153595990830093,0.7073310274881023,0.7208882138835793,0.36916104583809095
2015-10-09,0.722556666492174,0.7201844644665993,0.725014953319637,0.7231925423551286,0.8047508220656778
2015-10-12,0.7233418834738,0.716665778109506,0.7244948378540036,0.7206525439262617,0.294548056264442
2015-10-13,0.7103334554781972,0.7135735991896361,0.711595974306296,0.705936264369321,0.24176530414870187
2015-10-14,0.7093388473014709,0.7074692114943755,0.7093854835773542,0.7051768833957424,0.3456232412162204
2015-10-15,0.7150709312673401,0.7222103747934105,0.7172652328816996,0.7281939825604231,0.17430600185939712
2015-10-16,0.7295712715280324,0.7245295089833128,0.7294879463240841,0.7301578988714028,0.34169958049172106
2015-10-19,0.7250431869339894,0.7212240763448314,0.7269653863157622,0.7266752206132656,0.20358942681067635
2015-10-20,0.7255404910223525,0.7245295089833128,0.7294879463240841,0.7249207887087905,0.3341798373963448
2015-10-21,0.730539705805371,0.7242629418350484,0.7212701219670766,0.7159129592290974,0.4538374504212761
2015-10-22,0.7248337957388892,0.7329263741536494,0.729956050243154,0.7356568645421457,0.3690539329161129
2015-10-23,0.7495419567607181,0.7461214479927494,0.7473279067953086,0.749430464269816,0.5981258358447673
2015-10-26,0.7490446526723552,0.7430825825025325,0.749564403297532,0.7449265495299695,0.3722132441488266
2015-10-27,0.7372925718473536,0.7326864637202113,0.7374197071749929,0.7356568645421457,0.41515096682411223
2015-10-28,0.7412971784536461,0.7458815375593113,0.739136088211583,0.7481735578307891,0.34039134693979417
2015-10-29,0.7398314400879441,0.7377512395372394,0.74360908121603,0.7411558302128887,0.2147395700092138
2015-10-30,0.7430246558132229,0.7397771498640509,0.7423087925519466,0.7358663489486501,0.3202291592571562
2015-11-02,0.7420300476364968,0.7494535373460576,0.7480560684471954,0.7546675744324283,0.683063263179569
2015-11-03,0.7500654347484689,0.7583568800980969,0.7555197253790341,0.759669014637723,0.23433915486864626
2015-11-05,0.7550384756320997,0.7547848803113506,0.7505526226822353,0.75066118515803,0.7027481224040715
2015-11-06,0.7448044809715751,0.7405501945940185,0.7415806309000598,0.7456597449527351,0.33853922932772595
2015-11-09,0.7415327435481339,0.7354321053473372,0.7314383793202092,0.7314148053104299,0.4488800980031239
2015-11-10,0.7270585771868293,0.7252758969984541,0.7292278885912672,0.7306816098876641,0.4825000363975948
2015-11-11,0.7375543108412291,0.7326864637202113,0.7359373780979378,0.7296865589567678,0.3000700913683623
2015-11-12,0.7220593624038109,0.7183984645732262,0.7182794580396848,0.7121946110136428,0.2880817635570641
2015-11-13,0.7058315447835418,0.6995788239057419,0.7009076014875303,0.6959595695095446,0.7414356459325167
2015-11-16,0.6973512013819819,0.7087487338060459,0.7026759940706836,0.7149440938490141,0.6215575674759412
2015-11-17,0.7183164947913941,0.719144852588367,0.7180454060801497,0.7144203828327531,0.7002418880160398
2015-11-18,0.7200439721509709,0.7288478967852003,0.7244948378540036,0.7334310927230356,0.6368154392357752
2015-11-19,0.7372925718473536,0.7351921949138991,0.7430889657503966,0.7384325329283301,0.3928122029696277
2015-11-20,0.7432863948070983,0.7412965826091593,0.7458715834915352,0.7411558302128887,0.5379710108756013
2015-11-23,0.7393079621001938,0.7367116276590073,0.7388760304787664,0.7351331535258845,0.2861194132291738
2015-11-24,0.7280531853635556,0.7344191501839314,0.7311783215873925,0.738694388436461,0.6167634842689594
2015-11-25,0.7390723970057059,0.7359652396438663,0.7415806309000598,0.739191913901909,0.23936930247649232
2015-11-27,0.7385489190179552,0.7346857173321959,0.7413725847138065,0.7381706774201995,0.9723617463358021
2015-12-01,0.7407737004658953,0.7448685823959056,0.7468077913296752,0.7503993296498992,0.5762935185242959
2015-12-02,0.7457990891483012,0.7428426720690944,0.7383819207864147,0.7344785147555579,0.9372214284080107
2015-12-03,0.739569701094069,0.7367116276590073,0.7187995735053182,0.7176673911335725,0.8438116809241245
2015-12-04,0.7177930168036434,0.7344191501839314,0.7232465607364836,0.739191913901909,0.4768344907768494
2015-12-10,0.7068261529602681,0.7049368235858613,0.707591085220919,0.7019560606457358,0.5631446274030212
2015-12-11,0.6868292938281945,0.6820387055499282,0.6771123189348035,0.6726806148367332,0.8571716780955113
2015-12-14,0.6778516463382714,0.6738817508130299,0.6681663329259097,0.677210715127393,0.8301324248493659
2015-12-16,0.7013034601894989,0.7097616889694516,0.7026759940706836,0.7146822383408835,0.8955316232703342
2015-12-22,0.6911741611265246,0.6935544063549608,0.6932358983694379,0.6985257534892249,0.8792473393358166
2016-01-26,0.5797518714338062,0.5865810097563577,0.5846097833719085,0.5941501479483622,0.9552101597126461
2016-01-27,0.5910589959692195,0.5952977555046117,0.5833094947078251,0.5821047945743538,0.7202813638074795
2016-01-28,0.5978642098099775,0.5888734872314336,0.5835695524406418,0.5866087093142005,0.7952947269244448
2016-02-05,0.5961105585510128,0.5906861438396334,0.5816191194445167,0.578334075257273,0.6463474493605462
2016-02-12,0.5387897188923206,0.5453963853494697,0.5426364652952956,0.5536672863913692,0.3380296629998689
2016-02-16,0.5722399623095847,0.577357786426401,0.5713728447715393,0.5776008798345074,0.6830008673026886
2016-02-18,0.6104538554153797,0.6024417550781043,0.6030738824018932,0.5976851973081254,0.7896489399980449
2016-02-19,0.5883369104329162,0.5881804126459456,0.5920994460770291,0.5959307654036505,0.37807637671302674
2016-02-25,0.602915772391771,0.6044943221197419,0.6043221595194134,0.6127680745764488,0.41247210384337796
2016-02-26,0.6182536774328639,0.6144905901796662,0.6158427170831925,0.6110136426719737,0.5636053169606552
2016-02-29,0.6117102025859812,0.6088393666364558,0.6091852391230853,0.6022152975987851,0.6995232955006333
2016-03-01,0.6167094173689994,0.628298768459775,0.6210438717395262,0.6361517714525124,0.8180276247345575
2016-03-02,0.63631366801026,0.637815215652823,0.6387798091176243,0.6455000130927755,0.7769440995339028
2016-03-03,0.648144270533424,0.6495708268912941,0.6513145918393884,0.6570478410013356,0.7281047668370073
2016-03-04,0.6614667853216772,0.6649250946313376,0.664525524666476,0.6653486606090759,0.6341979322006401
2016-03-07,0.6569387007276345,0.6628991843045264,0.6621329935245625,0.6665793814972898,0.7317050089330096
2016-03-09,0.6552112233680573,0.6506104387695262,0.6577900293865239,0.6557909345623085,0.45168167287505634
2016-03-10,0.6614667853216772,0.6615663485632033,0.6480118586326166,0.654272172615151,0.7822519087938669
2016-03-11,0.6718316494791393,0.6774804073146026,0.6777884690401271,0.6844641127026108,0.38324691504385383
2016-03-14,0.6833481652096528,0.6772404968811645,0.683119652562869,0.6811909188509779,0.4823398869802683
2016-03-15,0.6718316494791393,0.6667377512395374,0.6727433490234832,0.6703762863651839,0.23919667388378976
2016-03-16,0.66599486991572,0.679852854934158,0.6725092970639482,0.6852758647778157,0.34070644611804046
2016-03-17,0.6851803381667799,0.6939542570773578,0.6890749746443711,0.6983948257351595,0.601004365631519
2016-03-18,0.7015651991833743,0.6978461374420217,0.7043663693339922,0.7009086386132133,0.3646799819467929
2016-03-21,0.7003088520127728,0.6955270032521195,0.7018438093256704,0.7009086386132133,0.3489998980867344
2016-03-23,0.6960163325132177,0.6888361678306767,0.6895430785634412,0.6840189583387888,0.7890665784804939
2016-03-24,0.6737946919332042,0.6739350642426829,0.6772943593477753,0.6809814344444736,0.3250565202651408
2016-03-29,0.6818824268439511,0.6950205256704165,0.6842899123605443,0.7016942051376052,0.7860518176958866
2016-03-30,0.712453541328587,0.7104814202697662,0.7133643668894495,0.7104925502107939,0.6689846734927756
2016-04-04,0.7083965869235197,0.7045103161486379,0.706108756143864,0.7014323496294745,0.2918567141083317
2016-04-05,0.6862011202428938,0.6803593325158608,0.6878006917535694,0.6822645264343137,0.34406542415677166
2016-04-06,0.6841595560906665,0.692701391480514,0.6878787090734143,0.6989185367514208,0.47512484375032493
2016-04-11,0.7020886771711249,0.7001386149170976,0.6985930876654617,0.6923721490481554,0.4948169824937968
2016-04-12,0.700073286918285,0.7053100175934319,0.6991132031310953,0.7095498703815237,0.4255814775759617
2016-04-13,0.724336491650526,0.7240496881164364,0.7279015941539023,0.7294770745502632,0.6817051129261378
2016-04-14,0.729859184421295,0.7261022551580745,0.733180766130081,0.7282201681112364,0.3957188109009756
2016-04-15,0.7278437941684551,0.7224769419416752,0.730970275401139,0.7261515095970046,0.2528821695462363
2016-04-18,0.7235512746689,0.7307405235378792,0.7276415364210854,0.7359972767027156,0.26617561111561744
2016-04-19,0.7507983039313196,0.7497467612091488,0.7502665591761372,0.7514205661316087,0.4164695996888525
2016-04-21,0.7530754331780348,0.7469478061523698,0.7469638259693653,0.7433554164811857,0.38095802629362246
2016-04-22,0.7432340470083233,0.7399904035826625,0.7434790523496216,0.7425960355076071,0.3859850541076245
2016-04-25,0.7382086583259174,0.7322866129978143,0.7386939900657946,0.7378302652596298,0.3362711392031214
2016-04-26,0.7414280479505836,0.7394839260009596,0.7437391100824383,0.7431197465238681,0.45523095833827293
2016-04-27,0.7409307438622205,0.7419896571946474,0.7429589368839883,0.7451098483856609,0.21731755965565794
2016-04-28,0.7363764853687903,0.7414298661832917,0.7366915455231061,0.7335096493754747,0.2570023772829091
2016-04-29,0.7305920536041458,0.7258623447246362,0.7236626531089901,0.7244494487941555,0.39862645876360486
2016-05-02,0.7293357064335445,0.7302073892413499,0.7334408238628974,0.7347665558145018,0.31261998207158465
2016-05-03,0.724336491650526,0.7181852108546143,0.7174992848412348,0.7155725470685277,0.8313169065788132
2016-05-04,0.7071140658535308,0.7037372714186705,0.7062647907835541,0.702977297127445,0.2869430388039958
2016-05-05,0.70638119667068,0.703017540118356,0.7053545887186955,0.7027154416193144,0.7466904186971324
2016-05-06,0.6972988535832066,0.7014447939435944,0.7020778612852053,0.7074812118672917,0.22050390910168655
2016-05-09,0.7078731089357692,0.702217838673562,0.706108756143864,0.702453586111184,0.1992591529551727
2016-05-10,0.7106475422708475,0.7166124646798528,0.7168751462824748,0.7229045012961848,0.23041237435030293
2016-05-11,0.7177144951054807,0.7158394199498854,0.7184094869060932,0.7118018277514468,0.1576525423200035
2016-05-12,0.7217452756111605,0.7158394199498854,0.7101396510025227,0.7102568802534763,0.3894605044498659
2016-05-13,0.7040778935245772,0.7017113610918593,0.6998153590097002,0.6958810128571054,0.26488297653291065
2016-05-16,0.6985813746531958,0.7084021965133018,0.7048864847996256,0.7120636832595775,0.30203868128394074
2016-05-17,0.7111448463592106,0.7055765847416966,0.7028580344836554,0.699913587682317,0.5270350935210201
2016-05-18,0.696278071507093,0.705150077304473,0.6988531453982784,0.6991803922595512,0.31003575283745244
2016-05-19,0.6927707689891641,0.6872900783707416,0.6900631940290743,0.6913247270156329,0.764655231582297
2016-05-20,0.6983196356593205,0.6992322866129979,0.7046264270668089,0.7034486370420803,0.3161328699399543
2016-05-23,0.7028477202533633,0.6973130031454926,0.7048864847996256,0.6989185367514208,0.3908706512673642
2016-05-24,0.7089200649112705,0.7155728528016208,0.7131563207031962,0.7198669774018698,0.23151158171468028
2016-05-25,0.7250431869339894,0.7272751506104389,0.7311783215873925,0.7309958364974207,0.3874305585886884
2016-05-26,0.7338899649269749,0.7318067921309379,0.7374717187215561,0.7327502684018958,0.2940041722043007
2016-05-27,0.7311155315918966,0.7297009116596471,0.7372116609887395,0.7345308858571842,0.36961029615163027
2016-05-31,0.7389415275087682,0.7353521352028578,0.7358333550048112,0.734033360391736,0.7687338420677161
2016-06-01,0.7295974454274198,0.7315402249826732,0.7326606506644476,0.7367828432271075,0.21839284860056446
2016-06-02,0.731874574674135,0.7343125233246257,0.7351832106727693,0.7402917070360577,0.30192844856811857
2016-06-03,0.7409307438622205,0.7399904035826625,0.739838244090188,0.7451098483856609,0.4375094893729422
2016-06-06,0.7467413495262524,0.7500133283574133,0.7527371076378956,0.7532011835868968,0.5415182164762552
2016-06-07,0.7603517772077683,0.7597963426987258,0.7655579538657583,0.7625232396763466,0.26358410236251584
2016-06-08,0.7659791655760876,0.762728581329637,0.7693027852183186,0.7665296289507451,0.3127967703894126
2016-06-09,0.757080039784327,0.7525990296955805,0.7580162796140743,0.756710047395847,0.4794925551319568
2016-06-10,0.7404334397738576,0.7340726128911874,0.7321665409720958,0.7286915080258713,0.35345288383343626
2016-06-13,0.7202533633460712,0.7207175987631285,0.7193977062907965,0.7142894550786876,0.7197686776857785
2016-06-14,0.70850128252107,0.7041104654262409,0.7025979767508387,0.7037628636518369,0.6831183795374801
2016-06-16,0.6947599853426162,0.7049101668710349,0.6934959561022548,0.7108853334729897,0.9999999999999999
2016-06-17,0.7143380620844894,0.7101082262621956,0.7112058877070709,0.7137133729608003,0.5811811955465982
2016-06-20,0.7400408312830445,0.7380977768299835,0.739760226770343,0.7338238759852316,0.643708103768503
2016-06-21,0.7403025702769198,0.7398837767233566,0.7406704288352016,0.7401607792819922,0.46347865333058785
2016-06-22,0.743364916505261,0.7430026123580531,0.7438171274022832,0.7376469664039385,0.9623503278903329
2016-06-23,0.757080039784327,0.7619022231700165,0.7589784932254963,0.767393752127576,0.7445159223878486
2016-06-28,0.6776946029419463,0.6797728847896787,0.678880711517957,0.6867160700725341,0.7344629066911258
2016-06-29,0.7013558079882741,0.7081356293650372,0.7068629235690324,0.7127183220299038,0.4819135151549185
2016-07-01,0.7329215306496363,0.7348190009063285,0.7390060593451747,0.7380135641153212,0.8972350307091707
2016-07-05,0.7275820551745799,0.7209841659113931,0.7200478506228384,0.7180339888449554,0.5311147439377205
2016-07-06,0.7105166727739097,0.7157861065202327,0.708917379658284,0.7218308937128495,0.6387621905944455
2016-07-07,0.7240485787572631,0.7230633896678573,0.7195537409304865,0.7175102778286941,0.6294402465885054
2016-07-08,0.7298853583206827,0.7362584635069576,0.7359893896445012,0.7409201602555711,0.44269146694786404
2016-07-11,0.7504842171386693,0.7524124326917951,0.7564559332171742,0.7544580900259237,0.5530614536991395
2016-07-12,0.7669737737528136,0.7665404915498215,0.7701089641900501,0.7681793186519679,0.5570932672768982
2016-07-13,0.7710830759566559,0.7665938049794745,0.7693287909916001,0.767393752127576,0.6338245968706387
2016-07-14,0.7766842904255876,0.7766966998987046,0.7819936025797728,0.7783654979182488,0.3436608908883301
2016-07-15,0.7802177668429041,0.7748573865756785,0.7784568174134657,0.7755636439812512,0.22287391249186253
2016-07-18,0.7735957702978588,0.7748573865756785,0.7779367019478326,0.7791510644426407,0.7367268370906049
2016-07-19,0.7738575092917342,0.768113237724583,0.7743999167815255,0.7709811725889655,0.3853777342393214
2016-07-21,0.778725854577815,0.7761635656021753,0.7775726211218891,0.7748042630076724,0.7194421392634374
2016-07-22,0.7779406375961891,0.7751239537239432,0.7801992042233376,0.7801199298227239,0.2759624044043169
2016-07-25,0.779511071559441,0.7743509089939755,0.7778326788547058,0.7755636439812512,0.3485880852993234
2016-07-26,0.7769460294194629,0.7787759236551688,0.7809793774217876,0.7816648773206945,0.35732350806258717
2016-07-27,0.7832801130712453,0.7805885802633683,0.7801992042233376,0.7819267328288251,0.47898610859794377
2016-07-28,0.7817620269067685,0.7803220131151039,0.7827477700049411,0.7837073502841134,0.26961882358813727
2016-07-29,0.7855834162173482,0.7893852961561016,0.7893012248719217,0.792112912095106,0.33174847806056973
2016-08-01,0.7911846306862796,0.7885855947113081,0.79083556549554,0.7867448741784284,0.32275931206465874
2016-08-02,0.7845888080406217,0.7816015354267742,0.7771825345226641,0.7770562203775957,0.5787664751113246
2016-08-03,0.771868292938282,0.7748573865756785,0.7766624190570307,0.7801199298227239,0.5746577066187466
2016-08-04,0.7830445479767575,0.7800554459668392,0.7842561048552777,0.7829217837597215,0.3534882414970018
2016-08-05,0.7873632413757,0.7905315348936399,0.7921098483863417,0.7948885804812906,0.247305018084405
2016-08-08,0.7975448882374497,0.7945833555472623,0.8016799729539957,0.7969310534447092,0.5619736647802313
2016-08-09,0.80008375647804,0.8017006984059285,0.8057368735859362,0.8030846578857787,0.9538447299402455
2016-08-11,0.8077003611998116,0.8103374740097031,0.8124463630926065,0.8137421770666948,0.8042162973870686
2016-08-12,0.8125687064858923,0.8090846084128593,0.813044495878085,0.810442797664249,0.30819611440076033
2016-08-15,0.8155787049154583,0.8159886975529138,0.821054274048839,0.8178271229935323,0.18174359038354745
2016-08-16,0.8161021829032088,0.8111371754544972,0.8171013965100252,0.8116997041032759,0.9913997683033103
2016-08-17,0.8089828822698005,0.8072719518046598,0.8069331391568927,0.8111759930870148,0.5424146372407711
2016-08-18,0.811521750510391,0.8129764887775233,0.8164772579512652,0.8175652674854017,0.22063806023697954
2016-08-19,0.8079621001936869,0.807805086101189,0.8105479416430449,0.8119615596114067,0.21621211270359253
2016-08-22,0.8087473171753127,0.8061523697819482,0.8094036876186516,0.8096834166906701,0.5760709732300889
2016-08-23,0.8163639218970841,0.8158021005491283,0.819936025797727,0.8144753724894604,0.5411126432765322
2016-08-24,0.8140867926503691,0.8090846084128593,0.8097677684445946,0.8061221817800939,0.4119708569657716
2016-08-25,0.8054232319530962,0.8042064295996163,0.809117624112553,0.8055984707638326,0.2525961884438676
2016-08-26,0.8062084489347222,0.8132430559257877,0.797831118508309,0.7987378564508105,0.60406072366738
2016-08-29,0.8003193215725278,0.8041531161699633,0.8057368735859362,0.8070910471601773,0.28796841104739795
2016-08-30,0.8074386222059363,0.8038865490216986,0.8061529659584429,0.8040535232658619,0.30695131665699527
2016-08-31,0.8021253206302675,0.7974356240336942,0.7979351416014356,0.7979522899264186,0.3033697933240571
2016-09-01,0.8010783646547662,0.7990083702084556,0.8004316958364756,0.8032941422922832,0.6326889919114145
2016-09-02,0.8130921844736428,0.8145225782374581,0.8184016851741086,0.8173295975280841,0.48650689162460137
2016-09-06,0.820159137308276,0.8228128165484887,0.8247210880815542,0.8272277357354214,0.31312018901790967
2016-09-07,0.8285871329110611,0.8267046969131526,0.8297922138714796,0.8292702086988399,0.7678935775923926
2016-09-08,0.8270428728471967,0.8238524284267208,0.827711752008946,0.8231689753593967,0.7884925364131937
2016-09-09,0.8109982725226405,0.8059391160633365,0.7905755077627233,0.7844667312576921,0.5874904586304937
2016-09-12,0.7779406375961891,0.799488191075332,0.7791849790653526,0.8022990913613868,0.9592523726032183
2016-09-13,0.7890907187352773,0.7836274457535854,0.7737237666762021,0.7731283877556365,0.7953612825264506
2016-09-14,0.7737266397947965,0.7789358639441277,0.776012274724989,0.7728927177983189,0.6681038516974798
2016-09-15,0.7755588127519236,0.7878125499813404,0.7783267885470576,0.7905417790463223,0.3928194824885971
2016-09-16,0.7819452442024811,0.7763501626059606,0.7795490598912959,0.7779989002068659,0.37078645843082686
2016-09-19,0.7888289797414018,0.7880524604147785,0.7869346995032896,0.7833669381235435,0.31360583692629584
2016-09-20,0.793671151128095,0.7894919230154078,0.7923178945725952,0.7872162140930636,0.4698721508482719
2016-09-21,0.7970475841490864,0.8070853548008745,0.7973890203625206,0.8102594988085574,0.6558430618904703
2016-09-22,0.821572527875203,0.8229727568374474,0.8235508282838792,0.820733719133782,0.9791774559537105
2016-09-23,0.8151599225252576,0.8107106680172738,0.8143707903154501,0.8092120767760351,0.3455941231403428
2016-09-26,0.8016280165419044,0.7969291464519914,0.8006657477960107,0.7951504359894213,0.521321711061333
2016-09-27,0.7941946291158458,0.8008476835314815,0.7979091358281539,0.804865275341067,0.8879442846416707
2016-09-28,0.805999057739622,0.8109772351655382,0.8044885964684162,0.815077640158161,0.3257491144985139
2016-09-29,0.8141653143485316,0.8115103694620676,0.8001456323303774,0.7992615674670718,0.40250644237428784
2016-09-30,0.802151494529655,0.8096443994242151,0.8067510987439211,0.809997643300427,0.425661552284625
2016-10-03,0.8062607967334973,0.8039398624513516,0.8081814162744129,0.8074052737699338,0.36211239161316217
2016-10-05,0.8067581008218604,0.808658100975636,0.8123683457727616,0.8109926942313233,0.9884993999596505
2016-10-06,0.805999057739622,0.8026336834248546,0.805268769666866,0.8064102228390375,0.5351278387524152
2016-10-07,0.8065225357273725,0.8031668177213842,0.7979091358281539,0.8004922883552856,0.3748536296721512
2016-10-10,0.8049521017641207,0.8069254145119156,0.8103138896835097,0.8071434182618031,0.6939326249321444
2016-10-11,0.8005810605664031,0.795596310710668,0.785192312693418,0.7836287936316741,0.6859137148217245
2016-10-12,0.7832277652724703,0.7844271471983792,0.7869346995032896,0.7856974521459061,0.6198718388688875
2016-10-14,0.7890907187352773,0.7859998933731409,0.785192312693418,0.779308177747519,0.5845744913176136
2016-10-17,0.7788828979741401,0.7745108492829345,0.7790809559722259,0.774673335253607,0.29053288158718465
2016-10-18,0.791158456786892,0.7863464306658849,0.7910176059085118,0.7879755950666423,0.33132418609778264
2016-10-19,0.7924409778568812,0.7917310870608307,0.795074506540452,0.7946267249731598,0.8908300939473919
2016-10-20,0.7939328901219703,0.7922375646425337,0.794060281382467,0.7938411584487681,0.6103720666138381
2016-10-21,0.7863162854001989,0.787039505251373,0.7887290978597249,0.7905417790463223,0.33064615090234833
2016-10-24,0.7983039313196879,0.7948232659807006,0.7979091358281539,0.7956479614548693,0.9560202661808107
2016-10-25,0.7960006281735853,0.790664818467772,0.795074506540452,0.7915892010788448,0.2811308628725813
2016-10-26,0.7855310684185729,0.7852001919283469,0.7874548149689232,0.7849118856215143,0.7317757242601408
2016-10-27,0.7906349787991415,0.7867995948179347,0.7874548149689232,0.7821100316845166,0.32920896587153514
2016-10-28,0.7804009841386169,0.7800021325371862,0.7795490598912959,0.7774751891906049,0.442639470383797
2016-10-31,0.7814217662147306,0.7771498640507546,0.7826437469118145,0.779308177747519,0.6608212129342492
2016-11-01,0.7827042872847197,0.7792024310923922,0.7678984734611084,0.7700646783105085,0.5492813034914652
2016-11-03,0.7620007328691828,0.7581169696646586,0.7587444412659611,0.7554793265076332,0.44175656872593855
2016-11-04,0.7522640422970214,0.7513461640987364,0.753647309702754,0.7475451046112758,0.9164716795514152
2016-11-07,0.7689106423074911,0.7721650583782056,0.7745039398746522,0.7774751891906049,0.506616042811891
2016-11-08,0.7758205517457989,0.782854401023618,0.7773125633890724,0.7841525046479354,0.9650021526577522
2016-11-09,0.7691723813013663,0.7878125499813404,0.7739838244090188,0.7866925030768024,0.9303880399583194
2016-11-10,0.7906349787991415,0.790424908034334,0.7803292330897459,0.7828694126580953,0.812819648877602
2016-11-11,0.7760822907396744,0.7776563416324573,0.7729435934777521,0.7744114797454764,0.8773806626858096
2016-11-14,0.7745118567764225,0.7703790584848325,0.7742438821418355,0.7738877687292154,0.39464768168119446
2016-11-15,0.7758205517457989,0.7830943114570561,0.7816295217538293,0.7882112650239599,0.6172678509404098
2016-11-16,0.777835941998639,0.7763501626059606,0.7826437469118145,0.7800413731702849,0.5521400745838715
2016-11-17,0.7845102863424592,0.7854667590766116,0.7889891555925416,0.7884731205320905,0.3602332357877791
2016-11-18,0.7855310684185729,0.782854401023618,0.785192312693418,0.7808007541438635,0.5323408229184214
2016-11-21,0.7857928074124482,0.7898917737378046,0.7915377213741451,0.7948885804812906,0.6177482991923893
2016-11-22,0.7983039313196879,0.7944767286879566,0.7984032455205056,0.7984760009426799,0.7078937023841464
2016-11-23,0.7875726325708005,0.7925041317907981,0.7933061139572987,0.79719290895284,0.34651654218689226
2016-11-25,0.7996126262890645,0.7979954150450499,0.805268769666866,0.802848987928461,0.17639522380361106
2016-11-28,0.80008375647804,0.7972490270299089,0.8014459209944608,0.7966953834873918,0.7061195796181787
2016-11-29,0.7944563681097209,0.7984752359119263,0.7986633032533222,0.7997329073817068,0.8344876570556217
2016-12-02,0.7922054127623933,0.7922375646425337,0.7953345642732687,0.7938411584487681,0.8993481710728555
2016-12-05,0.8008427995602784,0.8011142506797464,0.8044885964684162,0.8051271308491976,0.8491049311461498
2016-12-06,0.8077527089985864,0.8089246681239006,0.8105739474163264,0.8128256827882374,0.5675497763107813
2016-12-07,0.8139297492540439,0.8318227861598337,0.8194939276519387,0.8342978344549479,0.7146969328266788
2016-12-08,0.8333507825995915,0.8364877112544651,0.8369698072972199,0.838644635889916,0.956920846670452
2016-12-12,0.8415170392085013,0.8406994721970467,0.8413127714352587,0.8383827803817854,0.8319179868594282
2016-12-13,0.8458619065068312,0.8511222476941942,0.8512209710555744,0.8511875147293724,0.8320469383383146
2016-12-14,0.8481913835523215,0.8456309644399427,0.8351233973942215,0.8304485584854278,0.8864051863452862
2016-12-16,0.8361513898340575,0.8318227861598337,0.8352014147140666,0.8317316504752679,0.9929170280427869
2016-12-19,0.8338480866879546,0.8344351442128273,0.83650170337815,0.8330147424651078,0.38445531519277204
2016-12-20,0.8371198241113961,0.8349416217945302,0.8399864769978934,0.8391421613553642,0.64021601452576
2016-12-22,0.8337695649897919,0.8299035026923283,0.8335890567706031,0.8303438162821757,0.49825187551606587
2016-12-23,0.8322514788253154,0.8291304579623608,0.8358775648193898,0.8329623713634817,0.46129479763977194
2016-12-28,0.8389519970685232,0.8344084874980007,0.8316646295477595,0.8267302102699732,0.5374749636544016
2017-01-03,0.8373815631052713,0.8369941888361678,0.8374379112162901,0.8383565948309724,0.9522473954921058
2017-01-04,0.8441082552478668,0.8488297702191183,0.8486984110472525,0.8527848333289691,0.7666300610855634
2017-01-05,0.854918075694917,0.8553873220664288,0.8594387954125816,0.8579433868391422,0.5022961682692008
2017-01-06,0.8585300738103961,0.8571999786746283,0.8589186799469483,0.858205242347273,0.6837215396806579
2017-01-09,0.8569596398471443,0.8527483072986086,0.8568902296309783,0.8538060698106786,0.5475290192824057
2017-01-10,0.8541328587132911,0.8560803966519168,0.8594387954125816,0.8553772028594622,0.33870873812658453
2017-01-11,0.8561744228655185,0.8603721277389775,0.8573843393233299,0.8641231768310247,0.501696127919867
2017-01-12,0.8647071140658534,0.8606386948872422,0.8581645125217799,0.8610070962842704,0.5603596914315901
2017-01-13,0.8639218970842274,0.8632243962254094,0.8676306139963071,0.8664275053025743,0.397595886863796
2017-01-17,0.8636601580903521,0.8603721277389775,0.8640678230567186,0.8615308073005317,0.6721793423890549
2017-01-18,0.8605716379626235,0.8582662472676867,0.8625074766598185,0.8597501898452435,0.542810851058962
2017-01-19,0.8605716379626235,0.857466545822893,0.8568902296309783,0.8558485427740974,0.5624520331696481
2017-01-20,0.8598125948803853,0.8587993815642163,0.8614672457285518,0.861268951792401,0.42741695628752846
2017-01-23,0.8621158980264879,0.8590659487124808,0.860739084076665,0.861268951792401,0.5458568097820096
2017-01-24,0.8641836360781029,0.8703417390840755,0.8684107871947574,0.872371625337139,0.520046755310409
2017-01-25,0.8786054546406322,0.8834568427786962,0.8837541934309417,0.886799863835136,0.5032383460100956
2017-01-26,0.8871119719415798,0.8837500666417872,0.8880971575689803,0.8834481133310641,0.4515984783725491
2017-01-27,0.8837617128199758,0.8816441861704964,0.8848724416820534,0.8814056403676451,0.48633114323805476
2017-01-31,0.8680311992880699,0.8698086047875462,0.8707253010168258,0.8726334808452696,0.8281118383697205
2017-02-03,0.8834999738261006,0.8846297382310604,0.8858086495201934,0.8863023383696877,0.778409362709312
2017-02-06,0.8799141496100088,0.8779655595244442,0.8819858008477882,0.8806200738432535,0.6580497960694757
2017-02-07,0.8814584096738732,0.8784453803913206,0.8826099394065484,0.879598837361544,0.35413403882271455
2017-02-09,0.8837617128199758,0.8890014394626007,0.887577042103347,0.8898897588310772,0.6252545231811081
2017-02-10,0.8937863162854002,0.8960654688916139,0.897615270590071,0.8981382073371915,0.7304269333882416
2017-02-13,0.9041250065434748,0.9054752892253559,0.9085897069149352,0.9064128413941188,0.8581107360425623
2017-02-16,0.9188347379992671,0.9186170496348032,0.9195901490130808,0.9197936578595931,0.41089452808958377
2017-02-17,0.9116107417683085,0.9162446020152477,0.9165474735391258,0.9190080913352012,0.8815258287732346
2017-02-21,0.921635345233733,0.9259743029269074,0.9254674537747379,0.9277802508575768,0.499463395458828
2017-02-22,0.926032560330838,0.9257077357786427,0.9276779445036799,0.9275183953494464,0.5863662929153641
2017-02-23,0.9304036015285556,0.9309591085994562,0.9285621407952566,0.9275183953494464,0.899066349695612
2017-02-24,0.9185729990053918,0.9212294076877967,0.920370322211531,0.9239047893372438,0.4048546072075557
2017-03-01,0.9298801235408051,0.9377299141653785,0.932384989467662,0.9365524103799525,0.7897976501712766
2017-03-02,0.934015599644035,0.9312256757477211,0.9290562504876084,0.9241666448453745,0.8799617721260978
2017-03-03,0.923964822279223,0.9288532281281656,0.9272878579044547,0.9303464348372568,0.9873606752065822
2017-03-06,0.9249856043553369,0.9246414671855843,0.9263776558395965,0.9257377778941582,0.35661427492871267
2017-03-07,0.9231796052975972,0.9214959748360614,0.9241931708839363,0.9202911833250413,0.5741023833145105
2017-03-13,0.9285976024708161,0.9296529295729596,0.933165162666112,0.9319175678860405,0.6958710568405639
2017-03-14,0.9257708213369625,0.9228288105773845,0.923829090057993,0.9228835528555344,0.7839282780193884
2017-03-15,0.9257708213369625,0.9434077944234154,0.9306165968845083,0.9432559113880963,0.7633293191985873
2017-03-16,0.9486991572004394,0.9472197046435997,0.9477544014771279,0.9458220953677763,0.9412844399242097
2017-03-17,0.9484374182065644,0.9482593165218318,0.9495748056068448,0.9463458063840375,0.3784070748604932
2017-03-20,0.947390462231063,0.9469264807805087,0.9468441994122695,0.9440414779124879,0.6637787774983829
2017-03-21,0.9510024603465425,0.9511382417230902,0.9311367123501418,0.9272565398413157,0.5419757862400452
2017-03-23,0.9285976024708161,0.9331183025004,0.9309026603906069,0.9288276728900993,0.6256122595418894
2017-03-28,0.9337538606501595,0.9427680332675801,0.9372740748446157,0.9432559113880963,0.7917454414612282
2017-03-29,0.9415536826676437,0.9438876152902917,0.9429953449665828,0.9456387965120847,0.4352819565683099
2017-03-30,0.9441448987070095,0.9461534360505415,0.9478584245702547,0.9448794155385061,0.5240047337671926
2017-03-31,0.9407684656860177,0.9427147198379273,0.943671495071906,0.9407420985100423,0.683066382973413
2017-04-03,0.9428362037376329,0.9410086900890338,0.9339713416378438,0.9391971510120718,0.6859709110421983
2017-04-04,0.9358477726011619,0.9378365410246845,0.9378201960835307,0.9402183874937813,0.3003716714399512
2017-04-05,0.943883159713134,0.9475928986511706,0.9378201960835307,0.9337767419937679,0.8852862202865633
2017-04-06,0.9353242946134114,0.9365303619981875,0.9365199074194469,0.9363429259734479,0.5457195388528725
2017-04-07,0.9345652515311732,0.9359972277016584,0.9373000806178972,0.9342742674592162,0.609761626951691
2017-04-10,0.9355860336072869,0.9359705709868318,0.9365199074194469,0.9350336484327948,0.46071867570990904
2017-04-11,0.9374182065644138,0.9346910486751614,0.9298364236860585,0.9366047814815786,0.329916119142847
2017-04-12,0.936632989582788,0.9338913472303674,0.9337112839050269,0.9327293199612456,0.4883194918479786
2017-04-13,0.9288855153640788,0.9302127205843154,0.9267677424388215,0.9221241718819555,0.5641429614331085
2017-04-17,0.9293828194524417,0.9338913472303674,0.9303565391516918,0.9363429259734479,0.5262790634794852
2017-04-18,0.927315081400827,0.9275737058164955,0.9265076847060049,0.9272827253921287,0.7695949051686664
2017-04-19,0.9309270795163064,0.9307458548808447,0.9267677424388215,0.9239047893372438,0.5071661664597202
2017-04-20,0.933282730461184,0.9381031081729487,0.9366499362858557,0.9378878734714184,0.4200022462515676
2017-04-21,0.9371564675705387,0.9346910486751614,0.9367799651522638,0.9352955039409256,0.5898084654566026
2017-04-24,0.9606868031199286,0.9612944500719733,0.9635139000858192,0.9616905391604913,0.6097772259209111
2017-04-28,0.9730932314296182,0.9710241509836328,0.9718877590825162,0.9681583702113175,0.6033369314955667
2017-05-01,0.9733549704234937,0.974702777629685,0.9749564403297534,0.9717719762235202,0.5242782356941853
2017-05-02,0.978013924514474,0.9768353148158022,0.9791953813746651,0.9785278483332898,0.45696556371554964
2017-05-03,0.9728314924357432,0.9718238524284268,0.973266065066445,0.9725575427479121,0.5068833051511955
2017-05-04,0.9754227084751085,0.974702777629685,0.9750864691961615,0.976433004268245,0.5089330097067185
2017-05-05,0.9785374025022245,0.9873647171722557,0.982264062621902,0.988871140904449,0.5043957895262281
2017-05-08,0.9850023556509447,0.9836860905262039,0.985098691909604,0.9826389798109403,0.7283002739178994
2017-05-09,0.9857875726325706,0.9852321799861385,0.9856188073752373,0.9839482573515934,0.6725235596431787
2017-05-10,0.9842171386693187,0.9857653142826679,0.9871531479988557,0.9870381523475349,0.576181205945911
2017-05-11,0.9831701826938176,0.9829930159407154,0.9805996931318753,0.9844719683678549,0.6023406773280421
2017-05-12,0.9834319216876927,0.9839526576744682,0.9861909343874341,0.9834245463353322,0.3116289275604668
2017-05-15,0.9891378317541745,0.9944820600309221,0.9935765739994279,0.9950771164471448,0.5423761597833615
2017-05-16,0.9999999999999999,0.9986405075438505,0.9998699711335918,0.9984288669512167,0.4363562055819351
2017-05-18,0.9676752342563996,0.9765687476675375,0.9684029854627726,0.9725575427479121,0.5166690585086137
2017-05-22,0.9935350468512799,0.9958148957722452,0.9974254284451151,0.996910105004059,0.8379371091158295
2017-05-23,0.9999999999999999,0.9984272538252388,0.9999999999999999,0.9966482494959281,0.8547569576602377
2017-05-24,0.998429566036748,1.0000000000000002,0.9999999999999999,1.0,0.6861955361989679
