moving_avg_Open,exp_moving_avg_Open,moving_avg_Close,exp_moving_avg_Close,moving_avg_Low,exp_moving_avg_Low,moving_avg_High,exp_moving_avg_High,moving_avg_Volume,exp_moving_avg_Volume,Open,Close,Low,High,Volume
,0.3831335392346752,,0.3749247165414124,,0.3784100070215589,,0.371754544969878,,0.0083298495635408,0.3831335392346752,0.3749247165414124,0.3784100070215589,0.371754544969878,0.0083298495635408
,0.4038946762288646,,0.3737935007462883,,0.37734897147166674,,0.39195500346537293,,0.016246638422133017,0.4177354342249909,0.3730393568828722,0.3766416144384054,0.4054219757957029,0.0215244976611945
,0.41333959670153764,,0.37387040357446555,,0.3780733006938066,,0.40127615514769216,,0.017097948062328828,0.4238339527822855,0.3739558511613292,0.3788781109406288,0.4116329903502691,0.0180438476625464
,0.3933667285444493,,0.3697834857802389,,0.3632734467051686,,0.385315020853753,,0.033062135254102364,0.3652567659529916,0.3640315274031791,0.3424440225730113,0.3628512022178387,0.0555302505610429
0.3928911689263466,0.38612257373534786,0.36672863913692433,0.3613027696246122,0.3666345928796193,0.36078807599552504,0.38329690248973713,0.3774487224611499,0.03651385916418638,0.050751120678741705,0.3744961524367899,0.3476917436958286,0.3567992094244921,0.3648237991149969,0.0791408503726073
0.3876773281683505,0.3755043001945528,0.36188431223650797,0.357429500326532,0.3608925181390269,0.35673620897222647,0.377853601322173,0.3654227133649553,0.03692504799282858,0.03600108390551834,0.3570643354446946,0.3507030820393308,0.3496996333185967,0.3445380391320574,0.0103857937067518
0.3755902214311888,0.36905893479932944,0.35696142868365244,0.3542413871062374,0.35432866096273374,0.35216398030649354,0.36563949458868683,0.3579623167007775,0.04383227156349504,0.04310326872483217,0.3572999005391825,0.3484249391185943,0.3438223285569396,0.344351442128272,0.0560606155145268
0.3592943516725121,0.35979606858483226,0.35227421508811446,0.35295048341413243,0.344498478662263,0.34438138875077695,0.35108492829343707,0.3513363977210602,0.051125933598307784,0.047060642315229995,0.3423546039889021,0.3505197831836393,0.3297271994382754,0.3388601588740203,0.0545121578366101
0.360472177144951,0.36368038343830106,0.3470109193746891,0.34773637427706167,0.34521623800483703,0.3449465671838697,0.3501092925307885,0.35360768774816764,0.04481791843194995,0.039165105419314825,0.371145893315186,0.3377150488360523,0.3460328192858813,0.3579730234045957,0.0239901747292538
0.3549128409150395,0.357920188800309,0.344675168242164,0.34375961578610326,0.34172626323043714,0.3430478974690848,0.3437596630591246,0.3466428955996024,0.0318387440957901,0.03071180331888369,0.3466994712872323,0.3360129880332034,0.3393493355524927,0.3330756517566775,0.014244978691808
0.3525676595299168,0.35367721560887877,0.3407787582811805,0.3395312031729887,0.3378097937742179,0.33868728047856156,0.3411899557498534,0.3416001317684107,0.0330155303337555,0.025841471171020588,0.3453384285190809,0.3312210322344131,0.3301172860375004,0.3316895025857014,0.0162697248965788
0.35266188556771183,0.35505241982421204,0.33661001859174117,0.3355169430448575,0.33546927417886774,0.3364810933300212,0.34118995574985334,0.3425243585579287,0.028770946815834364,0.028863505286776333,0.3577710307281577,0.3275812406713976,0.3321197305801889,0.344351442128272,0.0348376979249211
0.3479191749986913,0.34285261149634555,0.32872816779700964,0.3273394539378291,0.33172964398096383,0.32795326039330625,0.33602388441648456,0.3326420622522639,0.02166988005432596,0.025560975707392464,0.3186410511437995,0.311110529209982,0.3110290484487558,0.313029802207176,0.0190068240290681
0.33642359838768776,0.3330909727137234,0.3277435910864385,0.32916327185155153,0.3258419369099941,0.324153920314348,0.32832542517460145,0.3282398709156541,0.02041697084656642,0.022940215989044208,0.3136680102601686,0.3327921652831966,0.3165942839310326,0.3194807271951805,0.0177256286904561
0.3364235983876878,0.33763752166897154,0.32985938359213385,0.33498612883704915,0.3269289782331678,0.3310465346413302,0.3292903982513195,0.33146745702754454,0.02167653561452656,0.022139249035098257,0.3466994712872323,0.3465919505616801,0.3447845421683614,0.3379005171402676,0.0205428025316087
0.33747055436318896,0.3419559918515802,0.33271360863075755,0.3384934780919423,0.3290354458689829,0.3342524453026551,0.33067654742229563,0.3338553562624325,0.0206563630275311,0.018476877607423406,0.3505732083965868,0.3454921574275316,0.3406496242165761,0.3386202484405822,0.0111688619616015
0.337884101973512,0.347922973737633,0.3369713791929614,0.34195586406936185,0.33353444464671156,0.34104676765153924,0.33109772351655387,0.3380602795338153,0.01589950936042142,0.015999880884060465,0.3598387687797727,0.3488700934824165,0.3546147244688321,0.3464573225995628,0.0110534295893727
0.343448672983301,0.347436288578942,0.3457487758254995,0.346306023660209,0.34090448079473645,0.3433257969118369,0.33690888734872315,0.3394029686616972,0.01700100457361774,0.018839942318762282,0.3464639061927447,0.3549975123726729,0.34787922918888,0.3420856213680228,0.0245143000950497
0.3549442495943045,0.3553430568454265,0.3519076173767316,0.35206873964070556,0.35147322705640655,0.3520337978058435,0.3449698779122461,0.3462002719946125,0.0226515751839118,0.027890204636370364,0.371145893315186,0.3635863730393569,0.3694380152393831,0.3597856800127952,0.0459784817419264
0.35797518714338056,0.3575140771291756,0.3504202780905497,0.3477629495962578,0.3520921644605102,0.3506485250089573,0.34709175241243273,0.3469703761358615,0.02599724210224182,0.031018122786633205,0.3618541590326126,0.3391552541307707,0.34787922918888,0.3485098896412006,0.0372711371232588
0.35580275349421553,0.3515785414792501,0.35010081437063034,0.34647332078792137,0.3532468207942163,0.3492397028522076,0.3455243375806366,0.3415735601996257,0.02376346970992152,0.020676675211308844,0.3397110401507616,0.3438948388279348,0.3464229058851064,0.3307831742816016,0.0
0.35404910223525093,0.3514091758442165,0.3456178480714342,0.33979974254909734,0.34524744493277504,0.3376975409291752,0.3437383376872635,0.3402246342170038,0.036681080114225995,0.03900072648556301,0.3510705124849499,0.3264552619864358,0.3146178451616258,0.3375273231326972,0.0756414816108951
0.3506150866356069,0.3440367363746625,0.34198853072874386,0.3388167159934323,0.3428133045536108,0.33703447730165914,0.3400437170123154,0.33468676869209596,0.0343543378653538,0.03029323806169406,0.3292938281945244,0.3368509256592211,0.335708527293059,0.3236125179932825,0.0128805888506887
0.34636444537507194,0.345988835881554,0.3402707585954071,0.34421063520253126,0.339931864874002,0.34303361351605977,0.33659966945673614,0.33731314922175065,0.031041324789257873,0.02999994673917088,0.3498926870125111,0.3549975123726729,0.3550308168413388,0.3425654422348989,0.0294134163614468
0.34572580223001614,0.3502130389775792,0.3412186755348399,0.34410536557543125,0.34091488310404905,0.34628731131043494,0.3359492456149704,0.33996146117074666,0.024979357364065338,0.02232009368668869,0.3586609433073339,0.3438948388279348,0.3527943203391154,0.345257770432372,0.0069612999972961
0.34658430612992724,0.3481431578873611,0.3399408206551625,0.3419053737772322,0.34016071567888073,0.34507553180067996,0.34428746601268867,0.3507993523395979,0.03401989596527456,0.029947828176153116,0.3440035596503167,0.3375055644295477,0.3426520687592645,0.3724742762701927,0.0452026930060461
0.3468879233628226,0.34962499755649606,0.33898242949540447,0.3351578991521016,0.3434270408030583,0.34036676191582105,0.3445966839046756,0.34689063696018846,0.02329799646839332,0.027309167050000256,0.3525885986494269,0.3216633061876457,0.3309494707825137,0.3390734125926322,0.0220319841264889
0.3520912945610637,0.35152024867171544,0.3411977270941895,0.3394144539320431,0.34312017267833456,0.338302545945592,0.34842991949672125,0.34551997387465144,0.026977481328033803,0.02863213127324493,0.35531068418573,0.3479274136531463,0.3341741866694406,0.3427786959535106,0.0312780131488911
0.3525414856305292,0.351728048193298,0.34125009819581553,0.34469613323165255,0.34280810339895457,0.3433585603299342,0.34939489257343936,0.34614342333295295,0.02424953359082028,0.024345946544665206,0.3521436423598388,0.3552593678808033,0.3534704704444386,0.3473903076184892,0.0157736776753792
0.35144741663613044,0.3522155674497713,0.3384953782502815,0.3398378098512383,0.34011910644163,0.3420221451012546,0.3482806418936931,0.34399111000866367,0.03163366964710968,0.030857991750292562,0.3531905983353399,0.3301212391002646,0.3393493355524927,0.3396865170336407,0.0438819802787431
0.3490027744333351,0.3454038041626321,0.33986226400272335,0.34133854284905457,0.33706602865836216,0.3371436397205652,0.3401716692434825,0.3399705303670191,0.03021312351679798,0.033271990344512316,0.3317803486363399,0.3443399931917568,0.3273866798429251,0.3319294130191397,0.0380999623544876
0.3484635921059519,0.34690010191407394,0.3457068789441986,0.3445211629077843,0.3404519803396354,0.3407221778377441,0.34049154982140006,0.3402046259480108,0.03189926809636416,0.032335560400638744,0.3498926870125111,0.3508863808950222,0.34787922918888,0.34067281548222,0.0304627070243198
0.3478772967596712,0.34872647324962486,0.3432768598287465,0.34160654346010927,0.3418354874782202,0.34084535953629286,0.339707842405502,0.3397564695641834,0.03173995062406272,0.03171751457454113,0.3523792074543265,0.3357773180758858,0.3410917223623645,0.3388601588740203,0.0304814257873839
0.3440192639899492,0.34343546955300636,0.3369870905234492,0.33567452998069414,0.3358645619327491,0.3351021813469326,0.3340246308044996,0.33282905577772665,0.03704048036505742,0.03523712213550804,0.3328534785112286,0.3238105213543167,0.3236158427170833,0.3189742496134775,0.0422763263803527
0.33553368580851173,0.33254454136525174,0.3366676268035299,0.3332909918504298,0.3319064832392792,0.3299210980348342,0.32911446393346483,0.3269312606942615,0.047163171457630035,0.05498990690299261,0.3107627074281526,0.3285239205006678,0.3195589420851429,0.3151356826784668,0.0944954357416062
0.3353138250536564,0.33192337557979384,0.333315876299458,0.3313877405860326,0.32773515720489954,0.3221240783437699,0.3262675267899984,0.3238524148204882,0.04264030232882206,0.04182180414324708,0.3306810448620635,0.3275812406713976,0.3065300496710269,0.3176947273018073,0.0154856167104477
0.33304193058681875,0.33412665595180485,0.32508837623399417,0.32417478504499825,0.3219358697630874,0.3210436492260099,0.3230847150397185,0.32415452888281243,0.04005108142453942,0.03372006779026225,0.3385332146783227,0.3097488805677029,0.3188827919798195,0.3247587567308205,0.0175166025029066
0.32476574360048155,0.3264171932399909,0.3180706486160937,0.31634608176577056,0.31537201258679426,0.3167865774447231,0.31465586181159033,0.3150083149718852,0.03792442195419722,0.029096087064488945,0.3109982725226404,0.3006886799863835,0.3082724364808987,0.2967158927333795,0.0198481284356729
0.3206983196356593,0.32178358109378635,0.3153473513315353,0.31429539920949995,0.31293787220763003,0.31500609832870247,0.3105134083275577,0.3094262032884447,0.032221438807323574,0.023984527564904063,0.3125163586871172,0.3101940349315246,0.3114451408212623,0.2982619821933145,0.0137614106459845
0.318347903470659,0.31419259557706314,0.3132996412579539,0.3156253896375349,0.31060255376693624,0.31263151529827427,0.30890867409500455,0.3086548059611,0.01611373520437766,0.0206419906499368,0.2990106266031512,0.3182853701327608,0.3078823498816737,0.3071120115157009,0.0139569177268766
0.3176464429670732,0.3185196447603059,0.31258739427583865,0.3184235951806726,0.3151899721738225,0.31824339110568584,0.3089459934957616,0.3117303122613588,0.016226671741531282,0.019111426806415994,0.3271737423441344,0.3240200057608213,0.3294671417054585,0.3178813243055927,0.0160502993962158
0.3097419253520389,0.31201663844653565,0.3115137866925031,0.31374267748264284,0.3129898837541934,0.31478971055886273,0.3052726981926748,0.30995096817451473,0.02272749016744968,0.02941451649590487,0.2990106266031512,0.3043808426510253,0.3078823498816737,0.3063922802153862,0.0500206946324986
0.30746479610532373,0.30788196761658454,0.31332582680876697,0.31241141180865645,0.31287025719709766,0.31241790820749293,0.3051340832755771,0.3053082513745657,0.025710013082335458,0.03119659204839033,0.2996126262890647,0.3097488805677029,0.3076743036954202,0.2960228181478914,0.0347607430101018
0.30684185729990043,0.3083885333067728,0.31350912566445843,0.3119777842680186,0.3135880165396717,0.3132899179986173,0.3062909846990457,0.3048876640124162,0.027108720655739,0.027716044141083605,0.3094016646600009,0.311110529209982,0.3150339375341325,0.3040464893106576,0.0207549485130022
0.3134795581845783,0.316325399307886,0.31654141244861095,0.31913412428174864,0.3188931942891321,0.3203293582925729,0.308898011409074,0.3099741577574691,0.03037181703033056,0.02856816263748217,0.3321991310265403,0.3334468040535234,0.3344082386289756,0.3201471450658422,0.0302723995998344
0.31656807831230693,0.32508904726909693,0.3164995155673101,0.3206929233183144,0.3194705224559852,0.3243374997401132,0.31110518739670534,0.31628850663636293,0.02982023747870734,0.023476242263926545,0.3426163429827776,0.3238105213543167,0.3323537825397239,0.3289172042437491,0.0132924016380997
0.3216405800136105,0.3248504098813577,0.31440467150226514,0.3117641562735489,0.31857072270043946,0.31735278349108637,0.31357359918963595,0.31710378415523716,0.024578983820749058,0.023588970290783447,0.3243731351096687,0.2939066223258006,0.3033833511039451,0.3187343391800394,0.0238144263427072
0.32241009265560383,0.31772033639542213,0.31196417816648775,0.3070249087952478,0.3184354926793748,0.313901240178577,0.3142560110891935,0.3112141486312681,0.022853321852491938,0.024436791253119438,0.3034601894990315,0.2975464138888162,0.3069981535900971,0.299434877645679,0.0261324331688162
0.3214678322776527,0.31337701184347894,0.30155280316321453,0.2910344905570865,0.3091826385457572,0.2988573823723422,0.31150503811910224,0.3042399738911725,0.044043377613607236,0.05852627002180111,0.3046903627702454,0.2590536541936159,0.2687696668660443,0.2902916244602014,0.1267052273185787
0.3093964298801235,0.29953204755357066,0.28535965854041734,0.2781833539977487,0.292549345954802,0.2829855134480691,0.29884309857653146,0.2884391316869969,0.054026717914480146,0.06574721372725854,0.2718421190388945,0.2524810809395374,0.2512417756741997,0.2568374473529884,0.080189101104199
0.302936711511281,0.30312728208566103,0.2767498494330828,0.2790427279386123,0.2820378123943516,0.2819223805434251,0.29226422135735997,0.2909670271766048,0.06238963729276763,0.06220047532430976,0.3103177511385647,0.280761475817644,0.2797961147374718,0.2960228181478914,0.0551069985295371
0.29600586295346276,0.29865781882751796,0.26900940061274187,0.27109661136156815,0.2736847580162797,0.27515428009542764,0.28352615023724476,0.2856593459738581,0.06568559549584958,0.054898389330488996,0.2897188923205779,0.255204378224096,0.2616180792135855,0.2750439835794638,0.0402942173581169
0.28946238810658015,0.28935281763556076,0.26216449763020766,0.26850504056522284,0.2648635997191377,0.2710669740965148,0.2750066641787067,0.2760520464291038,0.07040459566431843,0.05317473755657854,0.2707428152646182,0.263321898976145,0.2628923621043872,0.2568374473529884,0.0497274340111605
0.27741715960843855,0.2743899518455842,0.26289245594281074,0.2665678422950922,0.2610875614386394,0.26400780788334066,0.2665724796076132,0.2667415981514296,0.06015191316157822,0.060597096641644296,0.2444642202795373,0.2626934457566314,0.249889475463553,0.2481207016047342,0.0754418148048776
0.27719729885358324,0.2731742396516778,0.2671868862761529,0.2690296390659859,0.2642810703976283,0.26507497874549557,0.26768673028735945,0.26529729901789456,0.04654378838646336,0.04444755683396909,0.2707428152646182,0.2739532326062479,0.2672093204691441,0.2624087007517193,0.0121484772286247
0.26679055645710104,0.26821083948581964,0.2574563355940192,0.2567226668446213,0.256000832184745,0.2561816270534577,0.25915125019992546,0.2613133385816217,0.06317998506658674,0.07572769853700423,0.2582840391561535,0.2321087224069757,0.2383949236730554,0.2533454177107215,0.138287981930154
0.25304402449876984,0.25246930383207555,0.25609468695174,0.25394715623372605,0.2463786960705277,0.24195688424849898,0.2509089939755825,0.25215312653949,0.08388792868567241,0.09842977751126838,0.2209862325289221,0.2483961350126999,0.2135073986424986,0.2338327024577491,0.1438339354535452
0.24598230644401403,0.2467909442179826,0.24234203566472018,0.23415098500162126,0.23461888539255712,0.22933569240307186,0.24584954950151944,0.2452821593534639,0.10021069007759961,0.10940026533178246,0.2354342249908391,0.1945586425410459,0.2040933087145346,0.231540224982673,0.1313412409707966
0.23341883473799924,0.22507625006092366,0.2386236874492655,0.2374678915610022,0.19969313187527626,0.1779773642256689,0.24206429599616142,0.23991958426140528,0.11401577783740047,0.1210892614229591,0.1816468617494634,0.2441017046793581,0.0752607078771486,0.2291944340779443,0.1444672536038818
0.24268962990106263,0.25574976373476166,0.24446306528057815,0.259361968295534,0.20256416924557247,0.21250641192492672,0.2667537452684331,0.28856503854661913,0.1282339263021499,0.10847258079908689,0.317096791079935,0.3031501217628112,0.2815645073206251,0.3858559471130778,0.0832392195523719
0.25172485996963817,0.27165323898980664,0.2510775354159575,0.26130166989168196,0.2085402959456999,0.23109612700818571,0.27657407901050274,0.29319238783818646,0.11237622217923833,0.09198154097095766,0.3034601894990315,0.2651810730838724,0.2682755571736926,0.3024470864210695,0.0589994613155962
0.26356593205255713,0.2744993569744111,0.25574903768100765,0.2647856620404804,0.21752789119184457,0.24021254296330802,0.2867089619875246,0.2902972976730422,0.1042385519164893,0.0957028886939501,0.2801915929435167,0.2717536463379508,0.2584453748732219,0.2845071173428586,0.1031455841398
0.2798984452703763,0.2886985016763668,0.26475163005053814,0.2563809761564853,0.2254700543520661,0.24140973681409578,0.3009862984485792,0.2945071675447107,0.0864715339610358,0.07797064286033355,0.317096791079935,0.2395716043886984,0.2438041245156424,0.3029269072879459,0.0425061511935291
0.29725174056430925,0.2819367805239175,0.26945979208672655,0.2601348223911104,0.26152965958442775,0.2461260692224081,0.3081196353361412,0.2846251512016721,0.06950172732585827,0.07185316871618753,0.2684133382191279,0.2676425148603001,0.2555587340389567,0.2648611185157541,0.0596182204279941
0.2825472438883944,0.26914928958268625,0.26430647568671606,0.2658843948483472,0.25577718253452264,0.24835142017197995,0.28485365463560275,0.2795921153378919,0.07286652897976498,0.08125652175146053,0.2435743077003611,0.2773835397627588,0.2528021220710997,0.2695260436103854,0.1000632278219055
0.27463749149348265,0.26740333556327756,0.25375369870905234,0.2480619926307068,0.23473851194965284,0.2199283481976999,0.27411632990350265,0.26931489781209317,0.0834266151692696,0.09143764525537106,0.2639114275244726,0.2124171881955537,0.1630822042493434,0.2487604627605693,0.1117998922631192
0.263461236455007,0.25303899629254173,0.24465683835659485,0.24079777661234733,0.22382128832600837,0.21457198438345793,0.273194007570507,0.2728417671006944,0.08426438380951784,0.09673657261726958,0.2243103177511386,0.2262693445756631,0.2038592567549996,0.2798955056778802,0.1073344273410413
0.23898340574778829,0.23359521004295428,0.2391421613553641,0.23119792420240295,0.2159103320937248,0.21113110404037652,0.25397984752359115,0.25084654708489523,0.09532675680791011,0.0970970538066769,0.1947076375438413,0.2119982193825447,0.2042493433542246,0.2068561070533668,0.0978180161854904
0.22696435114903418,0.22516949510374934,0.21769095812930422,0.2075941157115855,0.1989545679140769,0.1976807070738139,0.24063016473849758,0.23326859958667984,0.11800745006769948,0.12240526478011617,0.2083180652253573,0.1603864987300007,0.1707799131407172,0.1981127045902863,0.173021686726941
0.2172381301366278,0.21509406428193784,0.1927047055434811,0.18921350275226273,0.1809741762671313,0.1860871926613277,0.22252492402836271,0.2151790130776817,0.12274516899923249,0.12285411734660116,0.1949432026383291,0.1524522768336432,0.1629001638363717,0.178999840059711,0.1237518224795705
0.19439878553106843,0.19330094435351036,0.17211762549425222,0.16263626448463658,0.16556835617507085,0.152742496370555,0.19926427467078955,0.18760508070934698,0.14448930014704625,0.155409594231807,0.1497147044966759,0.1094817879494094,0.0860531037890411,0.1324572159727035,0.220520548002188
0.1777678898602314,0.1759192427013211,0.14089921181492046,0.13181660171608608,0.1405195953501677,0.12803348179052615,0.16803326758010342,0.16631687721437668,0.15808556970555382,0.16204498786573243,0.1411558393969534,0.0701772761790044,0.0786154526304839,0.1237404702244495,0.1753157751335791
0.15456734544312414,0.14351446695364453,0.10998978763518286,0.10702810063867281,0.11006163368267752,0.10267549953260512,0.13888148424588148,0.13124364827033194,0.164587012090241,0.1514717346134623,0.078704915458305,0.0574510984838566,0.0519595350167737,0.0610971903822572,0.1303252281089265
0.12680207297283147,0.1188402122603921,0.081704155646914,0.07767151335533129,0.07604608223025511,0.06868438498126861,0.10990563522951427,0.10524025201636891,0.16191667654601377,0.1542044927442434,0.0694917028738941,0.0189583387886564,0.0007021558786051,0.0532334595084501,0.1596700090058048
0.1116526200073287,0.11895878744386643,0.07012490507737826,0.08329968356554271,0.051413413777858664,0.05903519717897497,0.09438076451458118,0.10395199683926107,0.22378655618436727,0.24717006871994734,0.1191959378108151,0.0945560239859645,0.0397368215743895,0.1013754864850456,0.433101220671338
0.1110610898811705,0.1282248762512063,0.07070622430542825,0.09299591707358199,0.04853717525290614,0.06324743517407633,0.09377832275950308,0.11244966695861207,0.2342863263595541,0.25578651210600595,0.1467570538658849,0.1123883840896594,0.0716719111642785,0.129445007197313,0.2730193988781221
0.0950845416950217,0.10590761698954007,0.05829427322003715,0.06470311829973685,0.033755493719605734,0.043733971770710985,0.07893053260116219,0.0914669511166558,0.23096021014931326,0.2234194060981281,0.0612730984662095,0.0081175207520489,0.0047070449639819,0.049501519432745,0.158685194082375
0.08274616552373969,0.07627608952699115,0.05050669040823271,0.04930647367476909,0.025844537487322156,0.03329089913225907,0.07247960761315772,0.07059215589184846,0.22308397861069337,0.17926096087069354,0.0170130346018949,0.0185131844248344,0.0124047538553558,0.0288425654422349,0.0909440704158269
0.07438098727948486,0.06007266356886724,0.061148498258660845,0.05692677513011182,0.0313317556497542,0.03157334831842779,0.072666204616943,0.06511691877035775,0.21630882631275722,0.16143872308583687,0.02766581165262,0.072167378040797,0.0281382466907653,0.0541664445273765,0.1257942475161241
0.06329895827880434,0.06131037331504897,0.04654743512529784,0.045134752859790954,0.029360518035003717,0.03100911004583089,0.06137975155941781,0.05839235291271165,0.16609200064059765,0.16829817949407133,0.0637857928074124,0.0215507083191495,0.0298806335006371,0.0449432211974196,0.1820170923105401
0.04105637857928072,0.05272163399945486,0.02759957055696662,0.035972855655861696,0.015920734403037422,0.022163737698702883,0.038726875299888,0.044321777241695705,0.12633085205729602,0.13693667164991874,0.0355441553682668,0.0176490612480033,0.004472993004447,0.016180625899664,0.074213655961614
0.036360781029157685,0.047746126238167985,0.02957919819843406,0.029987123423703146,0.0170441838088055,0.018217255796742677,0.03269712640614168,0.03599877648246824,0.11258358447673773,0.1212740664931403,0.0377951107155943,0.0180156589593861,0.0103242919928223,0.0193527749640134,0.0899488561795836
0.040689943987855304,0.04471703395723965,0.03772290450129612,0.039735320928850355,0.023784880243414002,0.027514249207294575,0.03559737697926104,0.0384471237575894,0.11926867872570976,0.12230589154898922,0.038658849395383,0.0592317159391447,0.0461082360283983,0.0433438183078317,0.124369541660687
0.04876197455896978,0.05248667747422391,0.026688313388672096,0.03215502144512586,0.023784880243414,0.027722248368451483,0.0346164098736471,0.04205195217149521,0.12697207368537083,0.13630766847080264,0.0680259645081924,0.0169944224776769,0.0281382466907653,0.0492616089993068,0.1643112223144294
0.0418834737999267,0.044788881320214934,0.0223781717248422,0.02143668096341723,0.017808753543286582,0.01848149891230098,0.027611025217252155,0.03134006741947843,0.12319857903789713,0.14525498533825895,0.029393289012197,0.0,0.0,0.0099162979154449,0.1631496190731716
0.03477464272627334,0.029859254213476617,0.022734295215899834,0.020767680210041987,0.01854211634982962,0.015034268287254718,0.0249400223916404,0.021835248870187347,0.15560616554458076,0.17558718639051674,0.0,0.0194296787032915,0.0081398070371622,0.0028256117716052,0.2362515884950322
0.035224833795738895,0.033254858163291774,0.02347796485899078,0.021089789198308256,0.019847606168569402,0.01564009255367688,0.025222583568800923,0.0214786928633969,0.1924827527396989,0.20850205497873592,0.0400460660629221,0.0217340071748408,0.0168517410865212,0.020765580849816,0.2743317921551743
0.030246558132230518,0.026759062468141546,0.015423289428893119,0.020379305728424307,0.015093750812680379,0.017873048118768987,0.01771605267366842,0.016256183186321,0.19198753746352434,0.17963252507909536,0.0137674710778411,0.0189583387886564,0.0223389592489532,0.0058111638321692,0.1218934652798143
0.02057268491859916,0.024391574458772897,0.01243289952604148,0.014267028140089106,0.01082360283983042,0.014177867688017825,0.00786373087380706,0.010837455457547334,0.17684364217212523,0.14928559867187483,0.0196565984400356,0.0020424729634187,0.0067875068265155,0.0,0.0885917458574337
0.01787153850180598,0.021556901948592295,0.0172719893162952,0.017576501743815604,0.01374665175668994,0.01432365998677775,0.006946739883776661,0.009002084626795857,0.16258368846986587,0.13014034930187482,0.0158875569282311,0.0241954489512686,0.0146152445842976,0.0053313429652929,0.0918498505618748
0.022944040203109438,0.02282543746790063,0.01732436041792132,0.0182815125663511,0.01706498842743086,0.017792936788140767,0.007543850295889461,0.007938444361920304,0.13180234650094316,0.11420852575138944,0.0253625085065173,0.0196915342114221,0.0247314903908668,0.0058111638321692,0.0823448786504187
0.02019054598754118,0.023976489973627352,0.0193615962711775,0.022827737191274632,0.020274100850388742,0.022827725592530712,0.00695207122674194,0.011227858075973004,0.1099157447675857,0.13110527833038862,0.0262785949850808,0.0319201864411217,0.0328973032013106,0.0178066855040784,0.164898783488387
0.0273412553002146,0.03249133252948763,0.02017334834638238,0.022890857849076688,0.02102826827555712,0.02392174918661884,0.01187290078370734,0.017623675922980735,0.11000081114639937,0.12817645127822,0.0495210176412082,0.0230170991646808,0.0261097963747951,0.0304153116169962,0.1223187971738827
0.03127780976809924,0.03477401194614469,0.0298620021472151,0.03208915255524523,0.028658362156398644,0.03092715820132026,0.01879298395265758,0.023282589230237558,0.14138510527224354,0.16728870634769819,0.0393393707794588,0.0504857419675823,0.0449379762307231,0.0346004158447512,0.2455132164866545
0.040354918075694926,0.04360704078616629,0.030500929587053822,0.030522797086984216,0.033157360934127314,0.03298818495852717,0.0262035506744148,0.029649785011518038,0.14807976688900393,0.15330019044702436,0.0612730984662095,0.0273900861504622,0.037110238472941,0.042384176574079,0.1253231586456767
0.04205622153588442,0.0403610357932658,0.03290476315169284,0.03091876540286188,0.034790523496216086,0.032957891039454984,0.02845870874873374,0.02546217474226666,0.13904546787548272,0.1145912548256205,0.0338690258074648,0.0317107020346172,0.0328973032013106,0.0170869542037639,0.0371733835828128
0.042857142857142885,0.03700175772596823,0.0283222917594071,0.023615120095138917,0.03182066418744954,0.027987929578795954,0.027061896891826982,0.02058232523469264,0.1143681065555188,0.09023149551326941,0.0302832015913731,0.009007829479693,0.0180480066574779,0.0108226262195446,0.0415119768885672
0.0346228341098257,0.027450996452186256,0.026662127837859022,0.020648839915739414,0.030021064676358084,0.024362552658976567,0.02126672708855356,0.014201371023338126,0.09398046177108613,0.06694785475941943,0.0083494739046223,0.0147162795569404,0.0171117988193378,0.0014394626006291,0.0203805732517195
0.02950845416950216,0.02288982132740454,0.018696483280525738,0.01731839967079824,0.02473669154552306,0.02241373863150038,0.0147305006131044,0.01010734183806055,0.05172659790641032,0.05604653556070475,0.0137674710778411,0.0106575191809159,0.018516110576548,0.0019192834675054,0.0342438971632754
0.022692770768989158,0.02432477470615119,0.021226007489067437,0.024891502178255726,0.02366005253166198,0.02551817355554545,0.010545396385349421,0.013891113037141732,0.18789499189893527,0.30608606657657034,0.0271946814636445,0.0400377071931707,0.0317270434036356,0.0214586554353041,0.8061651286083015
0.02311678793906714,0.02821288702338569,0.023514624630129023,0.03097893069881218,0.026390658726237182,0.032528893761759166,0.013355014128058802,0.019639089663864753,0.1938635734950634,0.226396141572198,0.0359891116578547,0.0431537877399251,0.0465503341741866,0.0311350429173108,0.0670162915634534
0.025828403915615316,0.03342235184029513,0.030265259629736262,0.034906288625117854,0.03357345330663404,0.039673255694326844,0.01939009436477044,0.0267587355769441,0.20177953040863056,0.1779613482002663,0.043841281474114,0.0427610044777292,0.0539619795594622,0.0409980274031028,0.0810917614564029
0.031534313982097016,0.03457457597254035,0.03442352509885042,0.035106728050915637,0.03730788234988164,0.03837681847474316,0.02270618968918264,0.023845803458859432,0.21507130808796146,0.14758738601630225,0.0368790242370308,0.0355076069025112,0.0357839440355758,0.0180199392226901,0.0868394616483742
0.03611474637491492,0.03527292832900377,0.03993296498991854,0.036139391579362586,0.042545445088809655,0.04048585374022481,0.027483072986085138,0.02449843562324559,0.22157046262382973,0.12063814729174044,0.0366696330419306,0.0382047186362565,0.0447039242711881,0.0258036999520179,0.0667396698426168
0.03703083285347848,0.034106990171489944,0.04282384979968054,0.04225697146690196,0.04245182430499563,0.03741021565500504,0.03071386682305268,0.028869831955544326,0.07882471126307969,0.11123755546267733,0.0317751138564623,0.0544921312419807,0.0312589394845655,0.0376126246201418,0.0924363718045511
0.04141757839082866,0.0420456065625285,0.042383932546021096,0.0418227148018106,0.04294073284269102,0.041271769390891194,0.0323719144852588,0.032388315046476684,0.07510071734459782,0.09029047763213292,0.0579228393446056,0.0409542014716279,0.0489948768626635,0.0394252812283414,0.0483963219710441
0.04155891744752132,0.042879729960878105,0.04455209615334258,0.045749084039319265,0.04191090422073694,0.0437854584104914,0.0314549234952284,0.033729900848634725,0.06436966645244077,0.06933915408662784,0.0445479767575773,0.0536018225143366,0.0488128364496918,0.0364130724529508,0.0274365069956177
0.04703449719939276,0.05000546097271474,0.05043337086595614,0.05213738284807251,0.04778820898239404,0.05091379488828137,0.0372074425547795,0.03808077873923835,0.05353483041840592,0.05711452988381852,0.064256922996388,0.064913980465579,0.0651704678438613,0.0467825345204456,0.0326652814781999
0.05318536355546251,0.0558116289225696,0.060577653250936093,0.06440029875243376,0.05440407770525054,0.05987028588734444,0.047395638961454364,0.050968746487956296,0.06446222033648011,0.07853522640020828,0.0674239648222793,0.0889261305611563,0.0777832678854706,0.0767446819853922,0.1213766194329878
0.0642412186567555,0.06622588240268883,0.06718164916599016,0.07210423610737283,0.06550854289652303,0.0688406124052056,0.0546302713653569,0.05857442653852237,0.05574239654243644,0.06863590187824975,0.0870543893629273,0.087512110817251,0.0867812654409279,0.0737857866396545,0.0488372528343327
0.06775899073443964,0.06932115484613464,0.07302626410746546,0.07146191613125003,0.07028320287103737,0.0701831338485488,0.058772724849389536,0.05909546724184978,0.05203878527706886,0.05571668980023523,0.0755116997330263,0.0701772761790044,0.0728681767352352,0.0601375486485046,0.0298782656442062
0.0740983091660996,0.0716289595360488,0.0779124878891827,0.07365225789514095,0.07619691571528879,0.07291588945601553,0.06392813349682784,0.06012701672461396,0.06412091488994405,0.06642684488682137,0.0762445689158771,0.0780329414229228,0.078381400670949,0.0621901156901423,0.0878471550599936
0.07888289797414019,0.0771459287028962,0.07972452800544656,0.0737595656123934,0.07883910228070634,0.07473772652766002,0.06852908247587566,0.0633471042883042,0.07489917866227395,0.07313676337116408,0.088179867036591,0.0739741810468983,0.078381400670949,0.0697872794156847,0.0865566003398495
0.07888289797414019,0.0739052740760239,0.07597475712901618,0.07256546913459706,0.07686786466595585,0.07246751095567941,0.06410939915764778,0.06044682465695373,0.05663673744438964,0.05877931336196479,0.0674239648222793,0.0701772761790044,0.0679270798117182,0.0546462653942528,0.0300644133435662
0.07627074281526465,0.07393472057353244,0.07395323260624787,0.07417847549086784,0.0757028060229371,0.07529699804573098,0.06133710081569543,0.060272648081266755,0.0597579871922063,0.06066737609911519,0.0739936135685495,0.0774044882034094,0.0809559722258341,0.0599242949298928,0.064443501573416
0.07731246401088834,0.07619658228606989,0.07488543821519285,0.07439841840182165,0.07685226120198684,0.07640314957398196,0.06267526789998394,0.062457893410826866,0.06021763681855898,0.05117042199139999,0.0807203057111448,0.0748383042237293,0.0786154526304839,0.0668283840699471,0.0321765137759696
0.07979898445270375,0.08035677856569799,0.0767393752127576,0.0786998210714633,0.07884950459001897,0.08039130558635783,0.06590606173695146,0.06775329056554454,0.0657097219015767,0.07254947481929407,0.0886771711249542,0.0873026264107466,0.0883676176111096,0.0783440848749799,0.1153075804750822
0.07885148929487515,0.08138531612628132,0.0789599099217052,0.08082549891152097,0.08084674797805108,0.08305007626127509,0.06541024684117921,0.06760492868930419,0.07077273133791315,0.08565686572003994,0.083442391247448,0.0850768545916363,0.0883676176111096,0.0673082049368235,0.1118716475215317
0.08191907030309373,0.08184416737197828,0.07686506585666028,0.07378468455894058,0.08016539671807135,0.07687349201145656,0.06733486165164997,0.06649306560840496,0.07560050831841027,0.07517234322871057,0.0827618698633722,0.0597030558537798,0.0645203235118195,0.0642693394466065,0.0542032982460518
0.08246872219023185,0.08014340258273221,0.07115137866925028,0.06546847379474685,0.07566639794034268,0.07073598745336797,0.06697766167297532,0.06370814208444317,0.08699399543678148,0.09058520787423108,0.0767418730042401,0.0488360522663594,0.0584609783371908,0.0581382950365196,0.1214109371652721
0.0771397162749306,0.0714540271000343,0.06528057817696192,0.058807083117260406,0.06957064468311958,0.06320288708370145,0.060622700858346125,0.054156621388562476,0.09757779205950065,0.0887553042126759,0.0540752761346385,0.0454843017622875,0.0481366863443684,0.0350535799968011,0.0850954968895655
0.068538972936188,0.06286050287710326,0.05727827384849036,0.05496842366763654,0.06268951707279011,0.060122584575621696,0.051916617796022725,0.04770897078016262,0.0912177803290758,0.08700604341610323,0.0456734544312412,0.0472911047683888,0.0539619795594622,0.0348136695633629,0.0835075218229579
0.061492959221064715,0.05797777614201271,0.050171515357825505,0.053159969824528364,0.056754999609913336,0.05964673314932306,0.04643599722770158,0.04510768121851435,0.10867406681766463,0.12438838893222744,0.0482123226718316,0.049543062138312,0.0586950302967258,0.0399051020952178,0.1991530799644759
0.0545830497827566,0.05472262498528568,0.0432532928330147,0.04381062762626084,0.05113775258107296,0.051909184888754574,0.03939862451351488,0.0397659461042339,0.11484730688996067,0.11128209215732897,0.0482123226718316,0.0251119432297258,0.0364340883676176,0.029082475875673,0.085069498607532
0.04679369732502744,0.04908012022872188,0.04017387205739868,0.04035340121360032,0.047184875042259364,0.047504986806877314,0.03146558618115896,0.032668331861069266,0.09454597640187933,0.08082282301317441,0.0377951107155943,0.0334389483882793,0.0386965906431228,0.01847310337474,0.0199042847248653
0.045212793802020576,0.04811033299234932,0.03922595511796588,0.040483839830774714,0.047184875042259364,0.04771555331937435,0.031092392173588456,0.032841424560362376,0.08610568613626006,0.06817989719593934,0.0461707585196042,0.0407447170651235,0.0481366863443684,0.0331876099589486,0.0428940455614692
0.0439459770716641,0.045186678921385816,0.04125795386105944,0.04613959271513535,0.045525706706888894,0.04703241484045286,0.03196673241989652,0.03495607330520931,0.07747904018502452,0.05891136215288629,0.0393393707794588,0.0574510984838566,0.0456661378826099,0.0391853707949032,0.0403742920667802
0.04638014971470446,0.050252181243268336,0.04293382911309538,0.0500672079429208,0.04660234572074998,0.05271435168231231,0.03662099482859726,0.04436285358304671,0.040852036497428204,0.04461359527742229,0.0603831858870334,0.0579224383984917,0.0640782253660312,0.0631764141387215,0.0160180615264943
0.04940585248390304,0.054615066334787056,0.050799968577339,0.05485901881226183,0.052812524380412416,0.05763789501018481,0.040411579676920564,0.04558703576112764,0.030347898610859743,0.040591999909844766,0.0633408365178245,0.0644426405509439,0.0674849816659298,0.0480354001172895,0.0325488091746897
0.05528451028634246,0.058806177465788506,0.054298358165964,0.05354964465197599,0.056885028476321695,0.05811163371434627,0.04639867782694456,0.04652755521570509,0.053006337341228435,0.07146015939879945,0.0671883997277914,0.0509308963314043,0.0590591111226692,0.04840859412486,0.1331964783767088
0.05893315186096424,0.060675440441430036,0.05917934483751861,0.05741631324228286,0.062185005071125746,0.06361994558236038,0.050141280588580216,0.04831857806617903,0.06694349637375958,0.0851667198405746,0.0644139663927131,0.0651496504228966,0.0746365693183886,0.0519006237671269,0.1125798407241249
0.06278594985080876,0.05998474720384716,0.0559270994265364,0.05200749930450374,0.06353210412711616,0.05988050810909425,0.0502372447619555,0.04543411593137922,0.06966146077067223,0.0747658512441642,0.0586033607286814,0.0411898714289455,0.052401633162562,0.0396651916617796,0.0539641140513434
0.057011987645919485,0.05049428975676044,0.05235015318547219,0.04801756860072606,0.05876264530725815,0.053330649161643234,0.041893693021272015,0.037442295766020844,0.08930493073017731,0.08792237127078269,0.031513374862587,0.0400377071931707,0.0402309312667412,0.0214586554353041,0.1142354113240197
0.052719468146364426,0.04762227284452336,0.04430071486553714,0.04007686205090691,0.052094765037838345,0.04693562621403905,0.03681292317534783,0.032505380806570096,0.10370215536157365,0.0934598916244123,0.0418782390200492,0.0241954489512686,0.0341455803188307,0.0226315508876686,0.1045349323316715
0.044024498769826725,0.039652699511383206,0.038545130796826255,0.03410223336322124,0.04451668270356012,0.03834665062645207,0.02911446393346482,0.024975686509528364,0.09092285581768753,0.08540658796870089,0.0237135528451029,0.0221529759878499,0.0211686994512781,0.0099162979154449,0.0692999806572781
0.03715123279066116,0.036451011839883904,0.0313022074419335,0.03237983345829176,0.03696980729721992,0.03786516451319724,0.02153862557978354,0.021324268339259076,0.07336195224219579,0.06519616626135599,0.0300476364968853,0.0289350336484328,0.0369021922866876,0.0140214319987205,0.0247753228466662
0.03008951473590536,0.03206559804489007,0.028128518683390457,0.030027031517604608,0.03211713000286058,0.034622858572386596,0.0149011035879938,0.016375372793783018,0.097250005719622,0.10126557132039549,0.0232947704549024,0.0253214276362303,0.0281382466907653,0.0064775817028309,0.1734043814384745
0.029320002093911963,0.030599002580800047,0.028175652674854,0.033442480061899205,0.02956856422125706,0.0322446065011656,0.0151356826784667,0.018460765491744878,0.11800848999898084,0.14018632512053494,0.02766581165262,0.0402733771504884,0.0274881023587236,0.0226315508876686,0.2180278327208138
0.030178505993822963,0.035789587893734764,0.03243342323705778,0.0374564206286953,0.03258003276727428,0.03789737868374933,0.0195980167404169,0.027288250726969786,0.12321646585593618,0.1369824872858394,0.0461707585196042,0.0454843017622875,0.0492029230489168,0.0449432211974196,0.1305748116164483
0.0378788671936345,0.04459817821054338,0.042530571630574235,0.04918385307094094,0.042503835851559,0.04886082408006679,0.028890547528922516,0.03698515110397086,0.17473008583592792,0.20027768504297183,0.0622153588441606,0.0726387179554322,0.0707877148727017,0.056378951857973,0.3268680805572367
0.04585143694707638,0.053035613895060486,0.05204640079604074,0.05829396187254906,0.05084648792031826,0.0587790335968725,0.038391000693074565,0.04516466667580748,0.20533963115717307,0.19279280651294525,0.0699104852640947,0.0765141794757653,0.0786154526304839,0.0615236978194807,0.1778230494528921
0.05648850965816887,0.06085045393349529,0.06263060043468013,0.06494344985817514,0.06180532078121338,0.06683015939632864,0.049490856746814506,0.05076873177438185,0.18597091104219826,0.15404879796316368,0.0764801340103649,0.0782424258294273,0.0829324109952409,0.0619768619715306,0.0765607808636005
0.06923519865989636,0.07103338817608267,0.07334572782738483,0.07457863794345403,0.07554677138324704,0.07661855805384972,0.06026016953670625,0.059338526128630366,0.1641142593297434,0.138947390028289,0.0913992566612574,0.0938490141140118,0.0961953553688919,0.0764781148371274,0.1087445741585396
0.08044809715751454,0.08143400911995348,0.08301867029772966,0.08100209666697328,0.08516370634280808,0.08350823798480715,0.06827317801354156,0.06789510527961895,0.1591924725614131,0.12795355261045818,0.1022352510076951,0.0938490141140118,0.097287597846722,0.0850082635815961,0.1059658777747966
0.086379102758729,0.08491280169671328,0.08776349210505638,0.08612234010867076,0.09059891295867681,0.08832674130721986,0.07376979261075858,0.07321741180109866,0.14532020524083764,0.17113794972509191,0.0918703868502329,0.0963628269920657,0.0979637479520453,0.0838620248440581,0.2575067439543594
0.09500601999685913,0.09429022494939066,0.09593862106889411,0.09654483483743183,0.09807297219982833,0.09754641048356044,0.08150557125339865,0.08221247154495943,0.12743650699561768,0.14356015255899204,0.1130450714547454,0.117389824294954,0.1159857488362416,0.100202591032681,0.0884045582267923
0.10354918075694919,0.10259212923653215,0.10440179109167554,0.10454931520606603,0.10576547993654588,0.10549592354864983,0.08979580956442917,0.08928433220553406,0.11954280461147122,0.1080708580202841,0.1191959378108151,0.1205582759433344,0.1213949496788286,0.1034280535266833,0.0370922689428682
0.10816102182903206,0.1065475734982454,0.10902615936526217,0.10868982863135901,0.10989519673367484,0.10927859548394546,0.0945407048035399,0.09292375181458305,0.10349416910530547,0.08154770422275966,0.1144584620216719,0.116970855481945,0.1168439393545367,0.100202591032681,0.0285013966277108
0.11078888132754017,0.10948989849890879,0.11178611642095884,0.10834281888507104,0.11336956804410574,0.1110722151222558,0.09703577331129702,0.09444370324984926,0.09222942547956424,0.07091252269720327,0.1153745485002356,0.1076487993924951,0.1146594543988765,0.0974836061203817,0.0496421596460905
0.11724859969638277,0.11438292523075445,0.11753646337950711,0.11393339985164973,0.12029230489168592,0.11824062081148594,0.10338540278296096,0.10149919290069208,0.055210783671414944,0.07141286010267316,0.1241689786944458,0.1251145617848071,0.1325774321899462,0.1156101722023777,0.0724135349136129
0.12056745013872168,0.11946839137598293,0.12039592552829341,0.11985131158072831,0.12412035471874752,0.12386907986484048,0.10739457269286126,0.10774894212785559,0.05393749181054112,0.07495460637592317,0.1296393236664399,0.1316871350388855,0.1351259979715496,0.1202484405821826,0.0820380989224232
0.12649845573993612,0.12926258285628442,0.12642383932546014,0.13013348936354158,0.13043975762619303,0.13357670798191235,0.11379751559417813,0.11698021742965958,0.0639326873280213,0.07899248642737185,0.1488509658168874,0.1506978449291681,0.1529919642160561,0.1354427680332676,0.0870682465302692
0.1320630267497252,0.13360216092772867,0.13257220665636696,0.13599322362118738,0.13714924713286353,0.1391816009505713,0.1207975689076078,0.12305443081971619,0.08020199625208761,0.08927763803426199,0.1422813170706172,0.147712692136479,0.1503913868878892,0.1352028575998294,0.1098479412480423
0.1387059624142805,0.1385978495594898,0.1404016863494723,0.13959421503346559,0.14365589160793696,0.14185195955846214,0.1279842192248227,0.1265085731152962,0.09623212098144553,0.10278268645380133,0.1485892268230121,0.146796197858022,0.1471926767742438,0.1334168577064562,0.12979278329288
0.14452703763806735,0.14349001797745323,0.14357013799785281,0.14004841669788018,0.14636049202923052,0.14326811780444604,0.13227595031188355,0.13002865795609145,0.09299731073770642,0.08726828553417336,0.1532743548133801,0.1409568200267094,0.1461004342964138,0.1370688276376819,0.0562394836949174
0.14818091399256664,0.1449629137979476,0.14668621854460712,0.14245479038947248,0.1498140587210361,0.1463100223464899,0.13522418297169053,0.13168230659780017,0.11240866803521621,0.11787715215943961,0.1479087054389364,0.1472675377726571,0.1523938314305776,0.1349896038812176,0.1790948854099721
0.14799246191697643,0.14594484434494384,0.14487417842834327,0.14218240837559792,0.14848256312901467,0.14631817698297622,0.1342592098949725,0.13132750528175927,0.10981403948827059,0.10328313603814014,0.1479087054389364,0.1416376443478488,0.1463344862559489,0.1306179026496775,0.0740951037955412
0.14726482751400305,0.14351094458187932,0.14175286077142638,0.1388236402010301,0.14599641120328713,0.14353232707506802,0.13168417124273601,0.12832755830072182,0.10420007445907972,0.09611479605945605,0.1386431450557503,0.1321061038518945,0.1379606272592516,0.1223276643386469,0.0817781161020879
0.14409778568811185,0.13992530228577157,0.14076828406085523,0.1398401982357422,0.14488336410683172,0.14289736514736762,0.13121501306179023,0.12924206113439032,0.08919532197312399,0.08233287099400448,0.1327540176935561,0.1418733143051664,0.1416274412919668,0.1310710668017273,0.0547690208631013
0.14528084594042823,0.14634675354883506,0.1431511691848438,0.14418388070604551,0.1462616700907602,0.1462622315035971,0.1322226368822306,0.13353035633622146,0.13667296865023154,0.15276448635615472,0.159189656074962,0.1528712456466522,0.1529919642160561,0.1421069467398837,0.2936277170804552
0.1466890017274774,0.14921433049061741,0.14243368509256593,0.1440159595744529,0.14518503107689912,0.1465116997894888,0.13278242789358638,0.1349497572034798,0.11225974987572815,0.12085258808325484,0.1549494843741821,0.1436801173112677,0.1470106363612722,0.1377885589379965,0.0570287915374551
0.14157462178715383,0.14025515557285118,0.13754222420068607,0.1350707530124518,0.14076925077367178,0.13909299477292994,0.12771765207655805,0.12506451265716512,0.1123194419312771,0.10536624674659856,0.1223368057373187,0.1171803398884496,0.1242555847398122,0.1052940235645358,0.074393564073286
0.13892058838925822,0.1352944297373249,0.13691900809133525,0.13304384311001463,0.13956258289340234,0.13670442580125478,0.12616623127365775,0.12156652854615857,0.12193984621496204,0.11353754367123658,0.1253729780662723,0.1289900233051403,0.1319272878579045,0.1145705603241455,0.1298801375205126
0.1362979636706276,0.1300765845250176,0.13504935976328264,0.1328709196283109,0.13515200374483138,0.13099446571720716,0.12409233886015883,0.12127822060884991,0.12490323439427116,0.09888701636737336,0.119640894100403,0.1325250726649035,0.1195745455491119,0.1207016047342326,0.0695859617596469
0.13205255718997014,0.13270526424056994,0.13302259813035172,0.1361597589128731,0.1340805658856266,0.1365412354514822,0.12142133603454708,0.12376945794317494,0.08146176900630402,0.0913981409584554,0.1379626236716746,0.1427374374819975,0.1476347749200323,0.128751932611825,0.0764203901406195
0.13171753127780975,0.13956162776484,0.1364581423970254,0.14439245215679405,0.13700881595714248,0.14491145254060533,0.12330863144426077,0.1315879839576383,0.0998997506244787,0.11067166051507978,0.1532743548133801,0.160857838644636,0.1616518867188516,0.147225035986565,0.1492186996283285
0.13977385750929172,0.1472472308081362,0.14541883788525495,0.15025624054772854,0.14622526200816582,0.1533869066920465,0.13329956816121982,0.1394748916882025,0.1275939525916127,0.14473596497970517,0.1626184368947286,0.1619838173295975,0.1703378149949288,0.155248707149331,0.212864573908956
0.1492540438674554,0.1557561238244543,0.15250988504543195,0.15498591340049414,0.15471874756195875,0.16038950967032065,0.14189902436423735,0.14550587490521277,0.28855430833130535,0.4080512820594621,0.1727739098570905,0.1644452591060253,0.174394715626869,0.1575678413392333,0.934681916218976
0.1578495524263205,0.15804356151454574,0.15830736599544376,0.1571614347386502,0.16411723402595374,0.1624486657365761,0.14720371061470386,0.14607892859899685,0.3825408017038233,0.4518736642470536,0.1626184368947286,0.1615124774149624,0.166566977869087,0.147225035986565,0.5395184286222365
0.16201120242893788,0.1582859989046177,0.1626070334389484,0.1595195480589404,0.16673341481808962,0.16187100345128794,0.1520019192834675,0.148300277717879,0.4087065126736424,0.370332091161274,0.1587708736847616,0.1642357746995207,0.1607156788807116,0.1527429759556432,0.207248944989715
0.16673297387844843,0.16448506995672277,0.16324072376862445,0.16102179547029902,0.1683821808441474,0.1645459079172388,0.1545822892786693,0.15224248046611066,0.40017387651024017,0.28240656704462164,0.1768832120609329,0.1640262902930163,0.1698957168491406,0.160126885962574,0.1065555188113169
0.16854420771606554,0.16688158199875322,0.16188954934667046,0.1590905120534752,0.1662705120536759,0.162957095625683,0.1544969877912246,0.15310238688144293,0.4083920374541649,0.2729228375726078,0.1716746060828141,0.1552279452198276,0.1597794710425714,0.1548221997121074,0.2539553786285802
0.16487986180181124,0.16273844809444182,0.1561077797271465,0.151239145038452,0.16010194263126415,0.15648868658872536,0.15210321479980807,0.15060125004834551,0.2944725572534166,0.3036433967868167,0.154452180285819,0.1355364110084056,0.1435518685148101,0.1455989763821507,0.3650845152152345
0.15917395173532953,0.1531885942504012,0.15122155594542924,0.14651988286109338,0.15479676488180374,0.15100615409974524,0.14754491656448257,0.14187868163554285,0.19537833739946459,0.21711137430870323,0.13408888656232,0.1370813585063761,0.140041089121785,0.1244335448099375,0.0440473293524763
0.15682353557032921,0.15113199378685419,0.1477336405771295,0.1466119878600696,0.15226900371882554,0.15002972708843706,0.14302393772991412,0.13796514835129559,0.17006516209408876,0.17163527236008078,0.1470187928597601,0.146796197858022,0.1480768730658207,0.1301380817828011,0.0806830684628359
0.15153117311417047,0.1508951291179492,0.14655529079054178,0.1504528390267389,0.14916911554365062,0.15148524338338004,0.1397931438929466,0.13996773782677582,0.16606059471590112,0.14326774221351343,0.1504213997801392,0.1581345413600775,0.154396275973266,0.1439729167777363,0.0865326819203787
0.1528922158823221,0.1600900260531569,0.15043075231087485,0.15850364362499025,0.1531740046290276,0.16092480107873877,0.14172309004638267,0.14813580204427979,0.13393191777887312,0.126615826123489,0.1784798199235723,0.174605252821493,0.1798039164694562,0.1644719304792877,0.0933119939434402
0.15633670104172112,0.1639515527297093,0.1599256330356909,0.16667270062748876,0.16073648349933684,0.1677379550079446,0.1466919016900357,0.15557154622965852,0.08402436766978434,0.1229261389722562,0.1716746060828141,0.1830108146324858,0.1813642628663563,0.170443034600416,0.1155467646697906
0.16642935664555297,0.17081842334696595,0.17105449213124196,0.17535701841303633,0.17021298728317685,0.17429983935229143,0.15718398464573227,0.16267901734924578,0.09729659464102611,0.1187535807177325,0.1845521645814793,0.1927256539841315,0.1874236080409851,0.1768939595884203,0.1104084642086851
0.17624456891587706,0.17924390030177076,0.1800256618397968,0.18078869440895626,0.1802356123059319,0.1822632256280596,0.16764407954363705,0.16926553032360547,0.09539144053360951,0.102888153120406,0.1960948542113804,0.1916520464007961,0.1981899981795959,0.1824385562723249,0.071157297925753
0.1870072763440297,0.1875742458414813,0.18731048207599046,0.1853786771196528,0.1879177177333368,0.1857777514554699,0.1764461267793357,0.17550473786781348,0.08757240521546333,0.08440460385681993,0.2042349369209024,0.1945586425410459,0.1928068031102905,0.1879831529562295,0.0474375053296478
0.1903470659058786,0.19010908647192648,0.19211291209510595,0.18979158571879198,0.1914232959717057,0.18962910352408022,0.1806045742922642,0.1787578812598524,0.08730618280744006,0.08693002987232122,0.1951787677328168,0.1986174029170704,0.1973318076613008,0.1852641680439303,0.0919808819033238
0.1980788357849552,0.19685054280735,0.1984969493833303,0.19817139083706384,0.19775310118846384,0.1974238319994358,0.18673561870235106,0.18620467305685173,0.09582509187792868,0.11066712325562537,0.2103334554781971,0.2149310010736076,0.213013288950147,0.2010982566508504,0.1581413100222337
0.20413547610322982,0.2028454839291841,0.20261855508130616,0.20322548804937948,0.2039944867760643,0.20449273332595297,0.19352241829716904,0.19441243455873783,0.11357921468549355,0.14017110825258672,0.2148353661728523,0.2133336824740108,0.2186305359789873,0.2108279575625101,0.1991790782465094
0.20824477830707208,0.2074441110296534,0.20704391316871354,0.20674327097886394,0.20825943359425794,0.20950006630749,0.19743562403369408,0.19694315135747528,0.11035792354841187,0.11179768624850604,0.216641365230592,0.2137788368378329,0.2195147322705641,0.2020045849549502,0.0550508422403447
0.2082029000680521,0.20630458926170303,0.2093011076487994,0.206443718966401,0.21131251137752577,0.20902410821386994,0.19830996428000217,0.19541371896757345,0.12598809070696604,0.1163945712064769,0.2040255457258023,0.2058446149414752,0.2080721920266298,0.1923548541877698,0.1255883411224186
0.2123226718316494,0.20946226835806983,0.2134646102280761,0.21077411791541875,0.21633682677554417,0.21350053369304414,0.20239910433438185,0.19884576875032522,0.29883486099238554,0.3963346252477917,0.2157776265508035,0.2194349158134542,0.2224533846513926,0.2057098683158288,0.9562147333304214
0.21511804428623776,0.2144116181557594,0.21193537406059332,0.20961101868901036,0.21691935609705354,0.2143090009812607,0.2043450445167138,0.20283983168772016,0.2929663207855224,0.3071559531611672,0.2243103177511386,0.2072848202361936,0.2159259355576938,0.2108279575625101,0.128798608987918
0.2151180442862377,0.21455286749479038,0.20791327345570706,0.2041484056092001,0.2129716797128962,0.20917005200690741,0.20193527749640133,0.2014862619454627,0.2641096836321056,0.2230692662672531,0.2148353661728523,0.1932231794495796,0.1988921540582008,0.1987791224609478,0.0548958924794249
0.21045909019525727,0.2074841099217568,0.20335175050407178,0.19975601109935223,0.20844147400722957,0.2050679359186819,0.19784613744202165,0.19484380285799233,0.26917706077982356,0.17550875350448045,0.1933465947756897,0.1909712220796564,0.1968637037422308,0.1815588846830516,0.0803877279789351
0.20846987384180493,0.20301589460068473,0.20317892586870556,0.20149750465444952,0.20731282344680518,0.20418827035395723,0.19793677027243162,0.1941652080186015,0.2713336702710684,0.16246296519586786,0.1940794639585406,0.2049804917646441,0.2024289392245079,0.1928080183398198,0.1363713885786427
0.20719258755169342,0.20514099476720515,0.20001571133048773,0.20220461747708804,0.20443658492185263,0.20548291091151474,0.19544170176467449,0.1938549806047487,0.11846564379025828,0.17226684377270216,0.209391195100246,0.203618843122365,0.2080721920266298,0.1932345257770432,0.1918746009263707
0.20439721509710512,0.20687181500420246,0.1990468459504045,0.2022832427633178,0.20173718565521542,0.20446492034917915,0.19239750493149219,0.19443897820203201,0.10586354853671265,0.13677394008853136,0.2103334554781971,0.2024404933357774,0.2024289392245079,0.1956069733965986,0.0657881327201898
0.20136627754802908,0.20447476947862564,0.1959726622849511,0.1941395822163161,0.19917821756429926,0.1983423847673261,0.18931065735458757,0.19074094699349622,0.11507567579934312,0.12483480298987999,0.199680678427472,0.1778522611223127,0.18609731360362,0.1833448845764247,0.1009565287925773
0.19774380987279483,0.1947279317855899,0.1949776113540548,0.19142504395260232,0.19620315710087638,0.1928910569865895,0.18746068134563093,0.18459696620842028,0.12080340931071269,0.11956533383851432,0.1752342563995184,0.1859959674251748,0.1819884014251163,0.1723090046382684,0.109026395535783
0.1985133225147882,0.1957942969132291,0.1934745607373851,0.19343844219550008,0.19616674901828204,0.1960096709282384,0.18700218585061573,0.1865698244271948,0.13904172412286991,0.15556454343881912,0.1979270271685075,0.1974652386812956,0.2022468988115362,0.1905155408647438,0.2275629626394287
0.19965450452808456,0.202228566331062,0.1957841263190971,0.20068118514064173,0.19810677970509455,0.2032638957723897,0.18917204243749,0.19240781918860136,0.12323747246781928,0.1413274765095853,0.2150971051667278,0.2151666710309251,0.2177723454606923,0.2040838087114145,0.1128533426511176
0.20055488666701562,0.2064308329449921,0.19859645447641988,0.2059548348012249,0.20130548981873977,0.2083167604458378,0.19027029908834034,0.19530463167601772,0.12185561178117346,0.11384459410204377,0.2148353661728523,0.2165021341223912,0.218422489792734,0.2010982566508504,0.0588788292869607
0.20431869339894254,0.2104537926590303,0.20732148000733192,0.21112901945977422,0.20966374535146803,0.21484070405297895,0.1966839046755878,0.2020073919548991,0.11563079111732295,0.09917387122580408,0.2184997120871067,0.2214773887768729,0.2278885912672613,0.2154129125126619,0.0698324254733247
0.21328063654923307,0.2136505191563439,0.2140092696849878,0.21389765157766752,0.21771513275947257,0.21730891552369902,0.20332675801034278,0.20317935174061388,0.10929074606749982,0.09189130424609186,0.2200439721509711,0.2194349158134542,0.2222453384651392,0.2055232713120435,0.0773261702866674
0.22155158875569284,0.222194275504498,0.2229333054020791,0.22329357347402903,0.22558447975450546,0.2254038216113662,0.21065202324465532,0.21116685683917802,0.08800002495835071,0.10163065519528898,0.2392817882008062,0.2420854172667521,0.2415936337867006,0.2271418670363063,0.1211093570936832
0.22621054284667327,0.227593475543542,0.22853177616591164,0.22991539059938193,0.23087925519465316,0.23168462196138773,0.21557818414458602,0.21701610896314136,0.08828143036308156,0.10584056002178326,0.23839187562163,0.2431590248500877,0.2442462226614308,0.228714613211068,0.1142603696747718
0.22978589750300996,0.22929969684720664,0.23161119694152768,0.23057667306641175,0.23407276415364206,0.23258642617015132,0.21931012422029106,0.21793005831855275,0.09220155532122432,0.096720191373747,0.2327121394545359,0.2318992380004714,0.2343900345876785,0.2197579570293756,0.0784794540776745
0.23381667800868974,0.23241766943663958,0.23646599806226926,0.2356349135044681,0.23743791121628996,0.2366290596402678,0.22275417177587037,0.2228310889758879,0.1057225338549628,0.11029256696317036,0.2386536146155055,0.2457513943805808,0.2447143265805008,0.2326331502905583,0.1374373181420171
0.239156153483746,0.2371922294665105,0.23968158370211318,0.23559422367387003,0.24108392063037992,0.2379111682720415,0.2286879564962414,0.22695145762189153,0.1449712043028196,0.1647182188174307,0.2467413495262523,0.2355128440126738,0.2404753855355889,0.2351921949138988,0.2735695225259514
0.23862220593624034,0.236998836465433,0.2376024509675561,0.2342927336472356,0.24108392063037992,0.2391386567769279,0.2297862131470918,0.22884535517811377,0.1524965630271151,0.16272419611667402,0.236612050463278,0.2316897535939668,0.2415936337867006,0.2326331502905583,0.1587361507151607
0.23766947599853427,0.23587529962132184,0.23730393568828725,0.23675063858273818,0.23880061373624942,0.23703566724821135,0.2298341952337794,0.22888174466691116,0.14791857754039606,0.13893961149150824,0.2336282259330996,0.2416664484537433,0.2328296881907783,0.228954523644506,0.0913704422411767
0.23934460555933618,0.23761279550039646,0.23653408049438324,0.23385041306547585,0.2384469352196187,0.23556432550031592,0.2313962787226102,0.22844395460245068,0.15662093048891323,0.13329014726775892,0.2410877872585457,0.2280499620309513,0.232621642004525,0.2275683744735297,0.1219912188202603
0.2381563105271423,0.2359792434851096,0.23037000183298853,0.22754394240151976,0.23377109718357475,0.23082126246697096,0.2296475982299941,0.22692588567745967,0.16179937229747854,0.14330327390678713,0.2327121394545359,0.2149310010736076,0.221335136400281,0.2238897478274777,0.1633295271848436
0.23155525310160704,0.22856484978959843,0.2246301290947655,0.220633788374866,0.2285595402179284,0.2253533752137663,0.2230100762382044,0.21861878543662316,0.12009687999816968,0.11722120294766046,0.2137360623985761,0.2068134803215585,0.214417600707357,0.2020045849549502,0.0650570610294071
0.22458252630476885,0.21962603868609462,0.21430778496425673,0.207115203230385,0.21803240319350894,0.21322156636404532,0.21384016633790046,0.2080070572207617,0.13434081875869636,0.1547994168043717,0.201748416479087,0.180078032941423,0.1889579486646034,0.1867836007890388,0.2299558445177942
0.21621734806051407,0.21035147069467156,0.20845793291261883,0.2088825315521079,0.21155696564637347,0.2089652110610639,0.20743722343658363,0.2043179745264818,0.1464514424886803,0.15384079816661322,0.1918023347118255,0.2124171881955537,0.200452500455101,0.1969398091379219,0.1519235608910963
0.2097052818928964,0.20974346593660018,0.19854408337479384,0.19874859248201404,0.2018880191402491,0.20073577719867697,0.20039451937943165,0.20033026774691112,0.15918020137229327,0.1644388698571839,0.2085274564204574,0.1784807143418263,0.1842769094739031,0.1923548541877698,0.1856350132383252
0.200031408679265,0.20127656841985977,0.19247427269632617,0.19402637754843247,0.1944763737549735,0.19524948795708566,0.19169376766007357,0.19368217490816983,0.1460756113236037,0.14222810555192117,0.184342773386379,0.1845819476812694,0.1842769094739031,0.1803859892306872,0.0978065769413957
0.19257184735381877,0.19299713087035478,0.18844169787111476,0.1915677870974554,0.18812576391959007,0.19105450914820374,0.18566401876632724,0.18640673010085274,0.17583033313158664,0.16609562705772138,0.1764382557713448,0.1866506061955013,0.1826645515304398,0.1718558404862185,0.2138306700693218
0.1911636915667696,0.19356729976151696,0.19097122207965642,0.19195374272634744,0.19078355394897667,0.19478530570264788,0.18586127845604308,0.18686111981310782,0.18213814031168818,0.1978953781779149,0.1947076375438413,0.1927256539841315,0.2022468988115362,0.187769899237618,0.2614948804183019
0.19336753389519967,0.1966520486256699,0.19011233601298802,0.19734341443830217,0.19253114191350476,0.1995870172276791,0.18516820387055496,0.18906555861223237,0.2576833242859312,0.3084800790393803,0.2028215463539758,0.2081227578622116,0.2091904402777415,0.1934744362104814,0.5296494807623112
0.19137308276186984,0.19728643266838267,0.19604074471706506,0.20093652891293864,0.19716537071229806,0.20220736264107597,0.1853921202750973,0.19053518447831538,0.24067441623457517,0.23918354368676864,0.1985552007538082,0.2081227578622116,0.2074480534678697,0.1934744362104814,0.1005904729815453
0.19997382610061246,0.20730645180561913,0.20645211972033825,0.21283729350783756,0.20655345486698043,0.2118773518431556,0.1937196779868849,0.20103138224875197,0.27075047680849246,0.24218465572817308,0.2273464900800921,0.2366388226976354,0.2312173302473148,0.2220237777896252,0.248186879810982
0.21046432497513473,0.21450121791839824,0.21608840241954486,0.2201688689024031,0.21735625308818549,0.22014441544092547,0.20380124753425388,0.2081088175735224,0.24804482519795087,0.19489057449098668,0.2288907501439564,0.2348320196915342,0.2366785426364652,0.2222636882230633,0.1003024120166139
0.22041564152227394,0.22448888537211129,0.22568278823745053,0.22701177362615535,0.2258965490338854,0.2284124031406289,0.21245934850988957,0.21575934642094716,0.23181815345641957,0.19004755689753958,0.2444642202795373,0.2406975830736599,0.2449483785400358,0.2310604041157966,0.1803615217106453
0.22712662932523683,0.2284514187043376,0.22935400246144177,0.2268341254114928,0.23088445634930946,0.2303182610453732,0.21868102575038645,0.2187005050849534,0.14548347445200813,0.15935706651177778,0.2363764853687902,0.2264788289821677,0.2341299768548618,0.2245828224129658,0.0979760857402542
0.23391613882636234,0.22980186188937032,0.23502055565738825,0.23004125822164323,0.2365953241619639,0.23221297154062945,0.22481207016047336,0.22051022281027424,0.13943461016096048,0.12968676151662087,0.2325027482594357,0.2364555238419441,0.2360023925311419,0.224129658260916,0.0703461515263071
0.2377165890174318,0.23531748827139334,0.23806331666186598,0.23731171472110354,0.2411775414141939,0.23951811986324123,0.22878392066961667,0.2276344919852967,0.11898103373329083,0.13509750690195846,0.2463487410354394,0.2518526277200241,0.2541284165084648,0.2418830303353416,0.1459189976726337
0.24015599644034968,0.2372409212671108,0.2410065725732541,0.24139057623022728,0.2438613372168621,0.24304458712542956,0.23136962200778374,0.23015372629483075,0.10953242609728342,0.10775146254683125,0.2410877872585457,0.2495482992484747,0.2500975216498062,0.2351921949138988,0.0530593738365768
0.25661937915510646,0.26708765879584767,0.24444735395009035,0.2468942141394319,0.24512001664369487,0.24577698330835296,0.24771551953937196,0.2576991147877998,0.08855306041376779,0.09698920612890989,0.3267811338533214,0.2579014899578411,0.2512417756741997,0.3127898917737377,0.0754646932930672
0.25715856148248967,0.25774923819913376,0.2458037654822069,0.2423497716405381,0.24502639585988084,0.24173861318416587,0.2478541344564696,0.24689137552468443,0.1175353212659707,0.14562193408636281,0.2390723970057059,0.2332608866427505,0.2336618729357917,0.2252758969984538,0.2428873900012687
0.2558446317332356,0.2471438586371443,0.2438607976118777,0.23714674259045812,0.2438977452994564,0.23794545536578382,0.2455989763821506,0.23554553964623004,0.12398351916905326,0.13127700307148185,0.2259330995131654,0.2267406844902982,0.2303591397290197,0.2128538678893212,0.1025871410417199
0.2552897450662199,0.24595400832488323,0.24208541726675215,0.2390897370584375,0.24304995709047406,0.24192679539837356,0.24417017646745207,0.23527670335143627,0.11214473347601187,0.11642635845013012,0.2435743077003611,0.2429757259943962,0.249889475463553,0.2347390307618488,0.0867250692074267
0.25601214468931577,0.24553593400793053,0.2396868208122757,0.2385782636976559,0.24129716797128964,0.24172905561687705,0.24297062430026112,0.23324928026027228,0.2653619688810963,0.35066608925408643,0.2446997853740251,0.2375553169760926,0.241333576053884,0.2291944340779443,0.8191455508619989
0.23978432706904673,0.24557130458927903,0.23796904867893892,0.24215638556215632,0.2412503575793826,0.24482194498280627,0.2274031028416057,0.23381694833366837,0.2662796042437515,0.2604616828715054,0.2456420457519761,0.2493126292911571,0.2510077237146647,0.2349522844804605,0.0800528701063433
0.23308904360571633,0.23224619628920398,0.23601560658828452,0.2359354824379304,0.237531532000104,0.2349038783350037,0.22533454177107207,0.22752232943770742,0.23633207917620797,0.20469104346885392,0.2055959796890539,0.2234936761894785,0.2150677450393986,0.2149330916457855,0.093149764663551
0.23418311260011512,0.23196527902118913,0.23622509099478903,0.23321969046622715,0.23720906041141135,0.23285151281852126,0.22602228501359484,0.22377908099245003,0.2321430279887105,0.16367465734731337,0.2314034444851594,0.2277881065228206,0.2287467817855564,0.2162925841019353,0.0816418851042323
0.2347746427262733,0.23682083879117677,0.2373091727984497,0.23827850531505138,0.23757834239201103,0.23914630366786463,0.2265234312523324,0.22826764131347888,0.3153770478846757,0.2767481611272933,0.2465319583311521,0.2483961350126999,0.2517358853665514,0.2372447619555366,0.502895168687253
0.23595246819871218,0.24141019677285766,0.23984393411715405,0.24226204473323898,0.24067823056718587,0.2450418747551625,0.2288319027563043,0.2324240247415871,0.1680971961372792,0.21208087145986762,0.2505889127362194,0.2502291235696142,0.2568330169297583,0.2407367915978036,0.0827462921250163
0.23897293618803328,0.2478549264147656,0.23866558433056628,0.2426483232748988,0.2411255298676306,0.2477759899090711,0.23094844591352565,0.23679434991658047,0.16998175960532522,0.17121247678876958,0.2607443856985815,0.2434208803582184,0.2532442202168882,0.2455350002665672,0.0894756874465735
0.249332565565618,0.2510346598021696,0.24302285998585976,0.24352556700524777,0.24794944477674044,0.24824643313436337,0.23702084555099429,0.23962792988876327,0.16952876553917312,0.14443658263677656,0.2573941265769776,0.2452800544659457,0.2491873195849479,0.2452950898331289,0.0908847943327905
0.2521331728000838,0.24915860008727578,0.24547382754196234,0.24236469277127637,0.25208436272852575,0.24863807927106987,0.2403369408754065,0.23737630683384095,0.16774528339167344,0.1205325465467623,0.2454064806574882,0.2400429443033335,0.2494213715444829,0.2328730607239963,0.0727244743667338
0.2497722870753285,0.24434824329397578,0.24117939720862025,0.23721778962951412,0.2484695602423738,0.2436460104926438,0.2377139201364824,0.2329607573095326,0.09551831214993309,0.12760846852402533,0.2347275297073758,0.2269239833459896,0.2336618729357917,0.224129658260916,0.1417603124785514
0.24555828927393603,0.2394051367724029,0.23687449265495303,0.23438006002010203,0.2428107039762827,0.23861025219486354,0.2323132697126406,0.22655168469921994,0.08946965584514172,0.10257331588303668,0.2295189237292572,0.2287046008012779,0.228538735599303,0.2137335394785946,0.0525030106010594
0.2407737004658954,0.23854390506772805,0.23484249391185946,0.2340070022276515,0.2401217070189582,0.23900657993999752,0.22752572372980753,0.22490021325028056,0.07858802290344649,0.08007138483472359,0.2368214416583783,0.2332608866427505,0.2397992354302655,0.2215972703524018,0.0350675227380974
0.237025598073601,0.2385804749169872,0.23275288695697713,0.23428200804894572,0.23842613060099344,0.23957419912503966,0.2230740523537879,0.22427905315119734,0.07857554372807038,0.08365505604178573,0.2386536146155055,0.2348320196915342,0.2407094374951239,0.2230367329530309,0.09082239845591
0.23648118096634035,0.2399484483183865,0.2332451753122627,0.2370228007258842,0.2378071931968897,0.24182502759134786,0.2223383270245775,0.225917513460113,0.22427407596905988,0.3228424158850843,0.2426843951211851,0.2425043860797611,0.2463266845239643,0.2291944340779443,0.8012171355716814
0.23711458933151858,0.23926382272334665,0.23487391657283507,0.23637109703354,0.23961719501729378,0.24212064574016934,0.2223383270245775,0.22532156172704731,0.2271108005183017,0.26720958899830966,0.2378945715332669,0.2350676896488517,0.2427118820378123,0.224129658260916,0.1559439352247603
0.24015076166047217,0.2410758102735728,0.23732488412893762,0.23790054421629017,0.24361688294801445,0.24425948891108162,0.22580369995201793,0.22723450918996377,0.23531440242428778,0.20931339937586968,0.2446997853740251,0.2409594385817905,0.2485371752529062,0.2310604041157966,0.0935210201309897
0.2386483798356279,0.2371537176937675,0.23496818455576207,0.23242615906981776,0.24159363378670062,0.23940065581528658,0.22433224929359702,0.2229030118134083,0.2868592203427197,0.23713947036066552,0.2293095325341569,0.2214773887768729,0.2296829896236965,0.2142400170602973,0.2927916123302572
0.2363869549285452,0.23388464182254234,0.23321375265128702,0.23030405943626478,0.2386237744779341,0.23488715086062148,0.22219971210747985,0.21939335688308725,0.29111898685734844,0.19546672391679487,0.2273464900800921,0.2260598601691588,0.2258601409512912,0.2123740470224451,0.1121212310290536
0.2344867298330105,0.23365085109619868,0.23095655817120112,0.23060884418395378,0.23703742230775232,0.23605640846476614,0.22059497787492668,0.219985825560451,0.14509391619401785,0.1540084100295394,0.2331832696435114,0.2312184136793317,0.2383949236730554,0.2211707629151784,0.0710917822550285
0.23443961681411296,0.23498690287705884,0.23131268166225877,0.2326886651573492,0.23703742230775232,0.23827489965578152,0.2203230793836967,0.22091393897522268,0.1399755824135141,0.1461230287937734,0.2376590064387792,0.23684830710414,0.2427118820378123,0.222770165804766,0.1303522663222414
0.23434539077631783,0.23806748697972238,0.2315850113907146,0.23589947251292273,0.23659532416196397,0.24095882794517579,0.21985392120275096,0.22351416372050448,0.15291357547093284,0.15015234766854343,0.2442286551850495,0.2423210872240697,0.2463266845239643,0.228714613211068,0.1582109854180835
0.23494215568235352,0.23614277700792674,0.23394171096389016,0.23501994388953198,0.23870699295243542,0.24071966315546847,0.22067494801940613,0.22179115952819403,0.10856529000563638,0.1237849601136206,0.2322933570643354,0.2332608866427505,0.2402413335760539,0.2183451511435731,0.0710501850037749
0.23732921530649637,0.2371891140722199,0.23583230773259314,0.23518424393057927,0.2420773411697396,0.24138373611624975,0.2229354374366903,0.222419604388418,0.1064338468514,0.1163446451617043,0.2392817882008062,0.2355128440126738,0.2427118820378123,0.223676494108866,0.1014640152578717
0.23846516253991518,0.23774707798501513,0.2366021629264971,0.23514539250333674,0.24315918133825704,0.2421905322493806,0.22417764034760354,0.22407366208219356,0.1132322936100382,0.11259110212387603,0.2388630058106056,0.2350676896488517,0.2438041245156424,0.2273817774697446,0.1050840160482195
0.23703083285347853,0.23532717132554204,0.23583754484275574,0.23443866723070217,0.24229578966530566,0.24092532939060554,0.22390574185637363,0.2231859991710012,0.11137539231407582,0.11541665469672722,0.2304873580065958,0.233025216685433,0.2383949236730554,0.2214106733486165,0.1210677598424296
0.2361723289535675,0.2368634927788595,0.23298331980413206,0.2323090988307852,0.24036616128780586,0.2395097338058921,0.2271738550940982,0.23047572591389778,0.11015867271490695,0.1276535656052312,0.2399361356854944,0.2280499620309513,0.2366785426364652,0.2450551793996909,0.1521273874222391
0.23833429304297749,0.2389433876897015,0.23651313205373273,0.23850938185077478,0.24198372038592564,0.24244953222614565,0.2309537772564909,0.23273207126111073,0.1823026574403963,0.22902574661389466,0.2431031775113855,0.2509099478907539,0.2483291290666528,0.2372447619555366,0.4317701086312216
0.24109302203842323,0.24365406951914595,0.24117416009845768,0.24527891597928267,0.24562452864535925,0.24860499592909058,0.2350535799968012,0.23654655011087966,0.19248940829989952,0.20348308759439235,0.2530754331780348,0.2588179842362985,0.2609159233349805,0.2441755078104175,0.1523977695553877
0.24442757682039468,0.2476146395862516,0.24646364136269608,0.25069097597620305,0.24855277871687517,0.251885122243801,0.23896145439036096,0.24000474988643425,0.19153724721870374,0.16909646194367514,0.2555357797204628,0.2615150959700438,0.2584453748732219,0.2469211494375434,0.1003232106422407
0.2520127728629011,0.2545475391305437,0.2527953075492943,0.25535516652361007,0.2549449977895093,0.258042087841276,0.24572692861331777,0.24508251474542295,0.20664037720387435,0.17825877788521094,0.2684133382191279,0.2646835476184241,0.2703560190362261,0.2552380444634003,0.1965834097682825
0.25581322305397053,0.2560111549673097,0.257864830186703,0.2547026360884049,0.25938158271136197,0.2583152143094269,0.24545503012208778,0.24462023881146233,0.19815744975572008,0.1554101019839633,0.2589383866408418,0.2533975752179946,0.2588614672457285,0.2436956869435411,0.109712750181468
0.2587185258859865,0.2565506672020282,0.25989682892979654,0.25682507126101045,0.2615816711309911,0.2586533332612175,0.24766753745268436,0.24584925874381472,0.2950407757055413,0.40900231411608473,0.2576296916714652,0.2610699416062216,0.2593295711647986,0.2483072986085195,0.9161867383803276
0.2604355336858085,0.25825393552706716,0.26089187986069284,0.25914779380426695,0.2629703794242322,0.2617220437745402,0.24878178813243057,0.24714842623225933,0.2851187913502675,0.30693082533706273,0.261660472177145,0.26379323889078,0.2678594648011858,0.2497467612091486,0.1027878477790187
0.2614301418625347,0.259005563886076,0.2591322108460551,0.25700411283512964,0.26252308012378744,0.25988432197335953,0.24893106573545878,0.24732146330573435,0.33552966819952534,0.32207974852088506,0.2605088206040936,0.2527167508968551,0.2562088783709982,0.2476675374526844,0.3523775948885297
0.25858242160917133,0.25739528824148766,0.25908507685459153,0.2594853677771219,0.26014095129118664,0.2594046729399803,0.24786479714240017,0.2481832093698587,0.3634934203547829,0.32685388919544683,0.2541747369523111,0.2644478776611065,0.2584453748732219,0.2499067014981073,0.3364021705445704
0.2570957441239596,0.2554318585659195,0.2572677996281651,0.25442730821336873,0.2572699139208904,0.25443854209140276,0.24635069574025698,0.24416386622418085,0.3804341089140829,0.2827079904562872,0.2515049992147831,0.2443111890858624,0.2445062803942476,0.2361251799328252,0.194416192977968
0.24904465267235515,0.2427459838484273,0.24554190997407624,0.2370983699208383,0.24734090968194938,0.23952054471763295,0.23769792610758653,0.23112372763117628,0.22823247039835604,0.24019817557142262,0.2173742344134429,0.2024404933357774,0.2096845499700934,0.2050434504451671,0.1551785458016934
0.23927655342092863,0.23277064787228904,0.23472727748828195,0.22797227210116167,0.23718825579278596,0.23204576159687829,0.22792024310923922,0.22103526715992153,0.23922516800089846,0.21271589564485868,0.2128199759200125,0.2097200764618084,0.2170961953553689,0.2008583462174121,0.1577513357917308
0.22825210699890067,0.22364262807951063,0.22518002566183978,0.22030834532232246,0.22756091852391233,0.22405457174012877,0.21759343178546672,0.212701338384555,0.20241430446276104,0.19791835616252004,0.2053865884939538,0.2049804917646441,0.2080721920266298,0.196033480833822,0.1683232771978427
0.21758886038842068,0.2160479200196441,0.2126109612715703,0.21407308211813472,0.2157803032273165,0.21588381395683343,0.20511808924668123,0.2043108885244299,0.20033049016121013,0.24060660378728524,0.200858503899911,0.2016025557097593,0.1995422983902427,0.1875299888041798,0.3259830990368156
0.20890436057163794,0.21339278005671924,0.2012569064390269,0.20522902638647164,0.20526356851220973,0.20789674491079355,0.19627339126726023,0.20017448902819332,0.21952741362850733,0.2572046726296749,0.2080825001308696,0.1875409149231454,0.1919226068187138,0.1919016900357201,0.2904008103144543
0.2043396325184526,0.20711205142031816,0.19642829086909838,0.196251822753026,0.20018204041297163,0.20002346643183008,0.1915764781148371,0.19396928757981277,0.22268339708112078,0.2284559361080368,0.194550594147516,0.1782974154861347,0.1842769094739031,0.1815588846830516,0.1709584630647606
0.19940846987384178,0.2007960885125316,0.19390400377071929,0.1965340954919883,0.1960835305437807,0.19888352629102476,0.1876739350642427,0.18976140204135516,0.22423559851165029,0.20747473838681726,0.1881641626969585,0.1970986409699129,0.1966036460094141,0.18134563096444,0.1655123429443782
0.19881170496780604,0.20133164699627948,0.19521328131137236,0.2015316901506287,0.19591709359477807,0.20166901995455536,0.1877219171509303,0.1919320651166568,0.2205215879334693,0.1882342336935241,0.2024027639637752,0.2115268794679095,0.2072400072816166,0.1962733912672601,0.1497532243069378
0.2006543474846882,0.20424500349229358,0.1955746419125926,0.20215757967237266,0.19784672197227782,0.2041761600622841,0.18900143946260065,0.19259724353194832,0.17306162008814452,0.1550505757324133,0.2100717164843218,0.2034093587158606,0.2091904402777415,0.1939276003625314,0.0886832598101917
0.19761294037585714,0.20045515719043375,0.19200816989185365,0.191341238054732,0.19465321301328892,0.1947691273827791,0.18590392919976542,0.18720287526181356,0.1566363214718771,0.1727918228993146,0.1928754645867141,0.1697085548194506,0.1759550620237692,0.176414138721544,0.2082743172331172
0.19149871747892994,0.18829659801458254,0.1886983162690827,0.18147687449391467,0.18805294775440143,0.180271279315008,0.17944767286879565,0.17456111785061,0.21029927142414423,0.2616189528749085,0.1639794796628801,0.16174814737228,0.1512755831794658,0.1492776030282028,0.4392732128260964
0.185572946657593,0.1783761682064796,0.18046557909345623,0.17296290135986989,0.1814422801862013,0.17469762226614313,0.17349256277656339,0.1668974387348329,0.20383630649686663,0.21881180801926906,0.1585353085902738,0.1559349550917803,0.1635503081684134,0.1515700805032787,0.1331975183079902
0.17938543684238076,0.17607251710022442,0.17322789284872606,0.17375475032133283,0.1743739110082438,0.17376446864137174,0.16728154822199712,0.1663377319880315,0.19673773557043348,0.18396132857110328,0.171465214887714,0.1753384482442588,0.171898161391829,0.1652183184944287,0.1142603696747718
0.17241794482542008,0.17579309686665576,0.16661865982350937,0.1726242314108143,0.16696226562296826,0.17322038354470246,0.16018553073519215,0.16370765896818987,0.20535564609890575,0.16656515653158654,0.1752342563995184,0.1703631935897772,0.1721322133513639,0.1584475129285066,0.1317728124525531
0.16794744281002982,0.17403638274769143,0.16914818403205106,0.17586821289459595,0.1667802252099966,0.1738285423494386,0.15844751292850662,0.16504645587483202,0.18451667113837114,0.14573658516453905,0.1705229545097628,0.1823561758621592,0.1750448599589109,0.1677240496881163,0.1040794424304441
0.1690310422446736,0.17249008077716063,0.17213857393490267,0.1761455075585766,0.17140405169947726,0.17401726677524873,0.16084128591992314,0.16377979324498315,0.10721629114748092,0.11474816106690783,0.169397476836099,0.1767000968865379,0.174394715626869,0.1612464679852854,0.0527713128716454
0.17460084803434012,0.1771214996976426,0.18008327005158548,0.18264981693078253,0.17690167217122196,0.1796909813592115,0.16655115423575192,0.1692263361907963,0.12841653823515337,0.156231691960056,0.1863843375386066,0.1956584356751944,0.191038410527137,0.1801194220824226,0.2391987537463524
0.18047950583677955,0.18503383443173207,0.18487522585037572,0.1881992870332583,0.1835123397394221,0.1881111539837509,0.17091219278136158,0.1751587278680232,0.12417195471723223,0.13516694533509274,0.200858503899911,0.1992982272382099,0.2049514992328297,0.187023511222477,0.0930374520851662
0.18488195571376226,0.189104724882632,0.19175678860404824,0.1937231938082188,0.1901646165448729,0.19387196844870655,0.17722450285226846,0.18010883967302913,0.1267505683224452,0.13833325704960112,0.1972465057844318,0.2047710073581398,0.2053935973786179,0.1900090632830409,0.1446658804786179
0.19053551798146887,0.19233340520452,0.1957736520987719,0.19662896031740504,0.19588068551218363,0.1971230472309592,0.18155355334008635,0.183195660491088,0.1395169727184427,0.1481926595032113,0.198790765848296,0.2024404933357774,0.2036252047954645,0.1893693021272058,0.1679114644104317
0.19777521855205987,0.1967542633660313,0.20111550446463639,0.1988890931168902,0.20302187085532983,0.20144891226817277,0.1876845977501733,0.1860976703392987,0.17498882073872554,0.17550529065982737,0.2055959796890539,0.2034093587158606,0.2101006423426,0.1919016900357201,0.2301305529730595
0.20094226037795107,0.1985760244667084,0.19921967058577078,0.19465248417154887,0.2037344290432475,0.19916634200102368,0.18884683051660714,0.18604197553106305,0.1580348210590244,0.16847977888916713,0.2022195466680626,0.1861792662808662,0.1946012014667255,0.1859305859145918,0.1544287553478466
0.19899492226351875,0.19609128742038875,0.19817748566341092,0.19446409032316947,0.2023821288326008,0.19884089406054775,0.188063123100709,0.18506297506837086,0.1723858727415292,0.16725075609200815,0.1911218133277495,0.1940873026264107,0.1981899981795959,0.1831049741429865,0.1647927104976903
0.19587499345652506,0.19127647886341362,0.195637487234544,0.193666398620048,0.19828361896340982,0.19419427871791958,0.1853068187876526,0.1821178306181668,0.18218930493073013,0.1760615178695463,0.1816468617494634,0.1920710152138051,0.1849010480326632,0.1762275417177587,0.1936830414246226
0.1948856200596764,0.1921322855302933,0.19464243630364764,0.19493267864046385,0.19738902036252046,0.19584692307561893,0.184149917364184,0.1826068187487322,0.16923238512399097,0.15174996703860952,0.1938438988640527,0.1974652386812956,0.1991522117910177,0.1835847950098629,0.1031268653767359
0.19411610741768304,0.1953376625132245,0.19512948754877057,0.19856999074080095,0.1975346526928978,0.2008408833819082,0.18446446659913626,0.1862293579026486,0.14309891202389344,0.13432104051659696,0.201748416479087,0.2058446149414752,0.2108288039944867,0.1934744362104814,0.0994631874725718
0.19655028006072342,0.20168857830323783,0.20069653565162743,0.20371816275891744,0.20256937040022885,0.20715218558906576,0.1880044783280908,0.19202978678822058,0.12732502636225795,0.11473380269095439,0.2143904098832645,0.2140145067951505,0.2197747900033808,0.2036306445593645,0.0755593270396692
0.20283201591373082,0.2086358830664207,0.20531042970488883,0.2081976994701842,0.20810339895456792,0.21338817070980756,0.19345311083862024,0.1981359034240249,0.13155068313085866,0.1384628665742009,0.2225304925927865,0.2171567728927178,0.2258601409512912,0.2103481366956336,0.1859209943406939
0.2105637857928074,0.21252582575922926,0.21069417895205422,0.2117950534633335,0.2156606766702208,0.21648792601018094,0.19953084181905417,0.20096266782265945,0.10833754505502276,0.1181810280646149,0.2203057111448464,0.2189897614496321,0.2226874366109277,0.2066161966199285,0.0776173510454429
0.2173375909543004,0.21758819206332536,0.2184451019927204,0.2199366536037645,0.22252099966192493,0.2221432262566334,0.20736791597803478,0.20823183381669497,0.10539308362503401,0.10825553811867404,0.2277129246715176,0.2362198538846265,0.2334538267495383,0.222770165804766,0.0884045582267923
0.22484426529864426,0.224819390775819,0.22473487129801778,0.22572225622516362,0.22934491457103476,0.2297449436844342,0.21372820813562926,0.21391318821061459,0.10522731857878827,0.10504847949289703,0.2392817882008062,0.2372934614679619,0.2449483785400358,0.2252758969984538,0.098634362241343
0.2284248547348584,0.22731071287199112,0.22939066223258003,0.22957932463942973,0.2334850336774764,0.2333217576348191,0.21834515114357295,0.21818057867343735,0.10499666182058684,0.09483433407815205,0.2322933570643354,0.2372934614679619,0.2404753855355889,0.2267153595990829,0.0744060432486621
0.23177511385646238,0.2313010713149295,0.2343397313362486,0.23368692256330678,0.23757834239201098,0.23765673326453418,0.22235432105347325,0.22225171453066994,0.08071447438753243,0.08472624177724197,0.2392817882008062,0.2419021184110608,0.2463266845239643,0.2303939862451351,0.0645100571754218
0.23783175417473695,0.2377303517886928,0.23964492393097486,0.23762985651662558,0.2435076587002314,0.24254916156036602,0.22806952071226733,0.22656520799174626,0.0805792833209581,0.08213129308901841,0.2505889127362194,0.2455157244232632,0.2523340181520297,0.2351921949138988,0.0769413957125713
0.24054860493116265,0.23891929401034387,0.24068187174317207,0.2388881019929546,0.24552570670688892,0.2428807966345193,0.22899184304526304,0.2268373978177457,0.07730973937242222,0.07877314155404991,0.241297178453646,0.2414045929456126,0.2435440667828259,0.2273817774697446,0.0720568384841129
0.24196199549808925,0.24139577635204237,0.24371939563748718,0.24341909497514888,0.24683639768028504,0.245754475558685,0.23148158021005485,0.23046645948596808,0.06592082795168892,0.06641202941525877,0.2463487410354394,0.2524810809395374,0.2515018334070164,0.2377245828224128,0.0416898051376765
0.2470711406585353,0.2468768785235501,0.24762104270863333,0.24787996225799688,0.25167867266533167,0.2520652371927308,0.23547475609105933,0.23587138599201382,0.0763960557486361,0.08653541368797184,0.2578390828665654,0.2568016968236928,0.2646867604608223,0.2466812390041053,0.126782182233398
0.25074072135266706,0.2504611495728551,0.24982586608709312,0.24956205327311778,0.2541440199724339,0.2542612984816456,0.2382310604041158,0.23863942659814838,0.07210342740551703,0.07203924761192336,0.2576296916714652,0.2529262353033596,0.2586534210594752,0.2441755078104175,0.0430469154598264
0.2513688949379678,0.2515506932694778,0.24982586608709312,0.24821327698983295,0.2538787610849609,0.2531767735593186,0.23933997974089677,0.23933854826470013,0.07156827876813898,0.07278138258317594,0.2537297806627232,0.2455157244232632,0.2510077237146647,0.2407367915978036,0.0742656525256811
0.2502905302832016,0.24633558057292346,0.25117704050904704,0.24819567301168274,0.2537123241359581,0.2496884763854832,0.2409500453164152,0.23803640062557907,0.07339626997448005,0.07558651989405672,0.2359053551798147,0.2481604650553823,0.2427118820378123,0.2354321053473369,0.0811967945158183
0.2514683557556404,0.2483030098478269,0.25208829767734164,0.2511429042681253,0.25510103242919924,0.2526074425480627,0.24201098256650852,0.2397006901080125,0.08672881296003956,0.08650851995119581,0.2522378683976338,0.2570373667810104,0.2584453748732219,0.2430292690728794,0.108352520065474
0.24951578286133072,0.2482274126968901,0.2505014532980701,0.2503844278211952,0.2528541336176631,0.25288905049975563,0.24128058858026336,0.24081021642963482,0.2525362884020624,0.37627886644863456,0.2480762183950166,0.248867474927335,0.2534522664031415,0.2430292690728794,0.955819559443512
0.24960477411924833,0.2515098244516112,0.24906648511351434,0.2488400833409904,0.2519075234702104,0.2532328237739076,0.2411846244068881,0.24177203993427024,0.25815878086776023,0.27457237022852826,0.2580746479610533,0.2457513943805808,0.2539203703222116,0.2436956869435411,0.0711593777883157
0.2493482699052505,0.25182230283198553,0.24987300007855665,0.24907615531015181,0.2526304839674408,0.2536960579162106,0.24113664232020046,0.24134698701096866,0.29001021212518274,0.26088918308995007,0.2524472595927342,0.2495482992484747,0.2546225262008165,0.2404968811643655,0.2335228088127936
0.25418520651206616,0.2545782146259547,0.2520045039147399,0.2523234316188674,0.2571242815905131,0.2575243286618651,0.24330649890707473,0.24299178743454855,0.29087668286879603,0.2024358381379283,0.260090038213893,0.2588179842362985,0.2651808701531741,0.2462813882817083,0.0855291482338847
0.2564309270795163,0.2575409668289313,0.252852915761083,0.255308763083487,0.25856500143031746,0.26023254379865807,0.24468198539212033,0.24529675878906812,0.2993088616704208,0.1851283634498182,0.2634664712348845,0.2612794260127262,0.2656489740722439,0.2499067014981073,0.150513414073598
0.2589174475213317,0.25853025142065206,0.25515724423263253,0.2570022144840188,0.260910722180324,0.26188198591683004,0.24592418830303356,0.2466112670685273,0.12323476864648782,0.14856860707449446,0.2605088206040936,0.2603891172850823,0.2651808701531741,0.2492402836274456,0.075449094323847
0.2615871852588598,0.262827946496666,0.26056717903061094,0.26226849911283684,0.265539749824461,0.26694316012551883,0.2492882657141334,0.2512462027120317,0.13600387686381682,0.14404737767464987,0.2714233366486939,0.2728010683704731,0.2770655085428964,0.2605160739990404,0.1350049188749607
0.26664398262053074,0.2677957131314736,0.2667626803529813,0.2683542680286667,0.27109978415208175,0.272103006029986,0.2545876206216346,0.25649535370864496,0.11035168396072384,0.13111886654887617,0.2777312464010887,0.2805258058603264,0.2824226978389202,0.2669936557018715,0.1052618442973288
0.26994189394335966,0.2707236736969949,0.2711513786692504,0.2724900039583258,0.274470132369386,0.27541287443322243,0.25877805619235483,0.2600747578508665,0.1134153215155542,0.12102835636859628,0.2765795948280375,0.280761475817644,0.2820326112396952,0.2672335661353096,0.1008473360080365
0.2731560487881484,0.2736615309509394,0.27345570714079975,0.2725936920957082,0.27707070969755276,0.2764925365265077,0.2617316201951272,0.26160801240456727,0.10340847876772297,0.11417863769054482,0.2795372454588284,0.2728010683704731,0.2786518607130782,0.2646745215119688,0.1004792003344419
0.2747369523111553,0.27191213337366893,0.2762627981879599,0.27320398557076647,0.27842300990819957,0.2749758147531411,0.2641307245295091,0.26148394336949654,0.09995819476249006,0.09551831655959069,0.2684133382191279,0.2744245725208829,0.2719423712064078,0.2612358052993551,0.0581976742976824
0.2762759775951421,0.2743142432719886,0.27858283798999717,0.27693641284073073,0.2804982706160767,0.27913114719618815,0.2660713333688757,0.2643956683116222,0.09436190856508198,0.09935337366903389,0.279118463068628,0.2844012673806593,0.2874418120822822,0.2702191181958735,0.1070234878879203
0.27767889860231376,0.2777914459936414,0.2797559506664223,0.28008806497463784,0.28275557173692556,0.28399049927851355,0.26768139894439413,0.26794510673423605,0.11417863107605845,0.13435073473009299,0.2847458514369471,0.286391369242452,0.2937092034431644,0.2750439835794638,0.2043454568522112
0.2794953672198084,0.28041494330093114,0.28071434182618027,0.2819098538552366,0.2835149403167503,0.28460348423194864,0.2687743242522792,0.2695294687144023,0.1207819867263171,0.13418852790650523,0.2856619379155106,0.2855534316164341,0.2858294541388188,0.2726981926747349,0.1338641142593297
0.28239020049206925,0.2849470994739984,0.28575244180261333,0.2872704253210372,0.2876082490312849,0.2894417909165496,0.27269819267473483,0.27445093368435053,0.14985492958625288,0.1714069901490438,0.2940114118201328,0.2979915682526384,0.2991184042857514,0.2842938636242469,0.2458439146341209
0.2900748573522483,0.2922436071560066,0.2902354081018095,0.29046008488631264,0.29344914571034764,0.29334347881160694,0.27894652663005814,0.2804597808148908,0.15632787785383137,0.14445879864455413,0.3068366225200231,0.2968394040168636,0.3011468546017216,0.2924774750759715,0.0905624156355748
0.29265036905198133,0.2921610786264354,0.2886538008327006,0.2858044669359134,0.2919200062413856,0.28882769078689524,0.28037532654475666,0.27942755979971584,0.16556038776957616,0.14736787825191747,0.2919960215672931,0.2764932310351149,0.2797961147374718,0.277363117769366,0.1531860374666442
0.28903313615662457,0.28366061473767806,0.2864437403440782,0.282316666890389,0.2875146282474709,0.2831125650157939,0.27769899237617957,0.27350581077867003,0.15151715574634825,0.14295501774663552,0.2666596869601633,0.2753410667993401,0.2716823134735912,0.2616623127365785,0.1341292967360716
0.28894414489870696,0.2841794037004262,0.28594097776846744,0.28255765083971934,0.2879255194653213,0.2847030134198862,0.2772511595670949,0.2724902167288839,0.1402395169727184,0.12112865196148385,0.2852169816259225,0.2830396187383801,0.2878839102280707,0.2704590286293116,0.0774759203911805
0.28695492854525473,0.28414137915124127,0.2822226295530127,0.28150504295160117,0.2847268093516761,0.28417696018576594,0.274249613477635,0.2714221888782384,0.12231962911890779,0.1328339264293452,0.2840653300528714,0.2793998271753648,0.2831248537175254,0.2692861331769474,0.1562444753650678
0.2795058367795634,0.2792913073313497,0.2781010238550369,0.2797471538100622,0.2788859126726134,0.28009876385931326,0.2684171242736045,0.26871980227076525,0.13312825888465288,0.1367578057743302,0.2695911636915667,0.2762313755269843,0.2719423712064078,0.263315029055819,0.1446055644643002
0.2767942208030152,0.2790068521157505,0.27972976511560926,0.2813770816527004,0.2791043611681794,0.28036196164464283,0.26703630644559356,0.2692995443902807,0.12319899501040965,0.12568510988136286,0.278437941684552,0.2846369373379769,0.2808883572153019,0.2704590286293116,0.1035397180954282
0.2803591058995969,0.28083260555819095,0.28122234151195374,0.2818527040288211,0.28301562946974235,0.2839875260902305,0.2695260436103854,0.27090336244703295,0.12198768305390377,0.12648098557208928,0.2844841124430718,0.2828039487810625,0.2912386549814058,0.2741109985605374,0.1280727369535421
0.2781343244516568,0.2785860951675347,0.2747964073424285,0.27153845198279875,0.27712792239877254,0.27547347568456093,0.2680972436956869,0.26837391798329496,0.14820601454655874,0.1538431829995446,0.2740930743862221,0.2509099478907539,0.2584453748732219,0.263315029055819,0.2085675778544553
0.2728890750143956,0.27167042440054495,0.269412658095263,0.2651859949683783,0.2712870257197098,0.26828910723044447,0.2631231007090685,0.26038775140348186,0.1555943103279735,0.16695744009041028,0.2578390828665654,0.2524810809395374,0.2539203703222116,0.2444154182438556,0.1931859542721417
0.2713029367115113,0.26833377365941163,0.2680143496818455,0.26653727446555114,0.2710529737601748,0.26911677528987393,0.26160366796396006,0.25883112271241343,0.15026674237366391,0.1506275349578576,0.261660472177145,0.2692398334598969,0.2707721114087328,0.2557178653302767,0.1179677246927523
0.27003088520127727,0.2695817438174018,0.26226923983345984,0.2629953123423836,0.26786466595584224,0.267726789591129,0.2589273337953831,0.2582465344037511,0.17243266964918955,0.17187480812959055,0.2720776841333822,0.2559113880960486,0.2649468181936391,0.2570773577864265,0.2143693544730564
0.2652358268334817,0.2665574360796324,0.2587446646940218,0.2637238992562132,0.2631888279197982,0.2677710146611479,0.25482219971210746,0.25669279898388725,0.16428439208737083,0.1436936551345432,0.2605088206040936,0.2651810730838724,0.2678594648011858,0.2535853281441595,0.0873313491444485
0.2590378474585143,0.2587393498902168,0.2548063578517374,0.2528887373972527,0.2587002314513822,0.25718147395114593,0.2479980807165325,0.24752667734857292,0.16321950245527775,0.16354347998769206,0.2431031775113855,0.2312184136793317,0.2360023925311419,0.2291944340779443,0.2032431296939898
0.2499921478301837,0.24336309483511528,0.2480190630809919,0.24144069396010515,0.25201154656333713,0.2449466312614259,0.24177107213307036,0.23611124334123024,0.19942387807013712,0.2337649307739409,0.2126105847249122,0.21854460708581,0.2204769458819858,0.2132803753265448,0.3742078323464385
0.24067947442810023,0.23394109827898613,0.23045903270575296,0.22144035650130411,0.2315658076092893,0.21947889305378188,0.23167883989977076,0.22582639694874643,0.2621749954762989,0.29975105775714767,0.2150971051667278,0.1814396815837021,0.1685434166384938,0.2052567041637788,0.4317233117235612
0.2233523530335549,0.21777475790620923,0.21419780565084184,0.2058286552747004,0.2121446961225392,0.2022663489558175,0.21776936610332145,0.2130609275672242,0.2774569936418601,0.2967604869383859,0.1854420771606554,0.174605252821493,0.1678412607598887,0.1875299888041798,0.2907793453008624
0.21517039208501276,0.21838284389126716,0.20658304747440362,0.21292153091702734,0.20392687176553195,0.2104343469759282,0.2122940768779656,0.21744357905060951,0.309513499347963,0.28037828385057834,0.219599015861383,0.2271072822016812,0.2267703430161496,0.2262088820173802,0.2476138776749632
0.20838611736376483,0.21531583056256,0.20341459582602323,0.2137397390904948,0.20045250045510105,0.2131664099769479,0.2090739457269286,0.21599364547465946,0.3181253782750035,0.26901969734344966,0.2091818039051457,0.2153761554374297,0.2186305359789873,0.2130937783227594,0.2463025243291923
0.20911375176673822,0.2156268059549664,0.20512713084919745,0.21819558679422357,0.20148753023171145,0.21732830490631125,0.2092658740736791,0.2154091026698721,0.2607979184735472,0.20853664267535207,0.2162487567397791,0.2271072822016812,0.2256520947650379,0.2142400170602973,0.0875705333391569
0.2111919593781081,0.21891391837783672,0.21209248736547176,0.21755254591784026,0.2127272254440486,0.21979950083760066,0.21083328890547523,0.2146373278875012,0.21413557792101093,0.20516163143719465,0.2254881432235774,0.2162664641650737,0.2247418927001794,0.2130937783227594,0.1984116089608798
0.21563105271423338,0.21515512686565164,0.2159103406740161,0.20959987039996508,0.21847970249395368,0.21206754922820514,0.2118888948126032,0.2073608913716074,0.19328911545525068,0.19895676528215014,0.2076375438412815,0.1936945193642147,0.1966036460094141,0.1928080183398198,0.1865470329720612
0.21093022038423284,0.20880170264756123,0.20958391159758044,0.20489162587314436,0.2100330273320677,0.20289068855437672,0.2034173908407527,0.19952438163378083,0.16416833575637318,0.16664116991495867,0.1960948542113804,0.1954751368195029,0.1845369672067198,0.1838513621581277,0.1020099791805757
0.20975239491179395,0.2069653606126913,0.2024352562256147,0.19647204344129654,0.2033807505266169,0.19705017635349562,0.19884842991949667,0.19643257899468025,0.14659973668939952,0.1639139562747471,0.2032926765429514,0.1796328785776009,0.1853691519517333,0.1902489737164791,0.158459528994324
0.20105742553525624,0.19556821036082436,0.19172012883290995,0.18882524404025022,0.19249993498556678,0.18844945658892617,0.18894812603294764,0.1858678852056376,0.16179001291594647,0.16378327567379528,0.1727739098570905,0.1735316452381576,0.1712480170597873,0.1647384976275523,0.1635219144718916
0.18703868502329477,0.18217695379513957,0.1762078085312524,0.1721184502457621,0.17677164330481365,0.17433311582475539,0.17397771498640505,0.16999249783377382,0.19952683126698983,0.23822075068789572,0.15539444066377,0.1387048626567859,0.1461004342964138,0.1382417230900463,0.3870957007160966
0.1717531277809768,0.1651878884066569,0.16909581293042497,0.16745714728386726,0.16442930330533376,0.16118605922050847,0.16378951857973018,0.16061734399133107,0.2550847440001164,0.3135926993378285,0.1312097576296916,0.1581345413600775,0.1348919460120146,0.1418670363064456,0.4643365966376941
0.1635711668324347,0.16185360876066124,0.15887297389300584,0.1597584120667139,0.15817231425376432,0.1585413801299632,0.15512608626112911,0.15392296284926152,0.25606103148703924,0.24469227176361566,0.1551850494686699,0.1443609416324072,0.1532520219488726,0.1405342005651224,0.10689141661519
0.14774642726273354,0.1492920654052561,0.1505931027259158,0.15258344895852619,0.1455075026655917,0.1463759514235989,0.1418243855627232,0.14386213197432418,0.2926709803016216,0.276964605531489,0.1241689786944458,0.1382335227421508,0.1220450940108703,0.1237404702244495,0.3415092730672356
0.1424069517876773,0.14822022109744046,0.1424389222027285,0.14597588017975782,0.13971341637843596,0.14500982949040211,0.1361891560484086,0.14142887133487583,0.27454560202661804,0.20894141138661723,0.1460765324818091,0.1327607426222211,0.1422775856240085,0.1365623500559791,0.0728950230968737
0.14303512537297805,0.15165858359505158,0.14949330959176726,0.15530951998716508,0.14330221309130622,0.1513546922805231,0.1401023617849336,0.14688849814747437,0.21095817188400184,0.1623471242587501,0.1585353085902738,0.1739767996019796,0.164044417860765,0.1578077517726714,0.0691585500030158
0.15099199078678738,0.15810375062961385,0.1492209798633114,0.15579731089737614,0.14913270746105628,0.1555846008072704,0.1428693287839206,0.14982628919877652,0.13096353792941356,0.1296858917940843,0.1709940846987384,0.1567728927177983,0.164044417860765,0.1557018713013808,0.0643634268647527
0.14985080877349105,0.15522888022047193,0.14948283537144202,0.15242161365593757,0.14971523678256568,0.15577795672365347,0.14480993762328725,0.14996327438650284,0.14038177957200584,0.13778480280543995,0.1494791394021881,0.1456702191730604,0.1561646685564196,0.1502372447619555,0.1539826248281513
0.1550070669528346,0.1534693433440358,0.15600303752389433,0.15855925360542913,0.15704366369333989,0.15674771400401605,0.15098363277709653,0.15151183158883383,0.07658927498070922,0.0993721185738775,0.1499502695911636,0.1708345335044123,0.1586872285647412,0.1546089459934958,0.0225467501107526
0.1602994294089933,0.15982567715022478,0.16378538322553612,0.1629303261137628,0.16306139963071797,0.16195389777297703,0.1556965399584155,0.15438351638008055,0.07705516419474998,0.09132290210494413,0.1725383447626027,0.1716724711304301,0.172366265310899,0.160126885962574,0.0752244691670774
0.15822122179762338,0.15593187494462454,0.15640629500641542,0.15431400357796723,0.15900970015343402,0.15589790534009976,0.15187929839526576,0.1491628589056946,0.0911976056622178,0.10750552051674772,0.1481442705334241,0.1370813585063761,0.1437859204743452,0.1387215439569227,0.1398707573403549
0.1525257812908967,0.15146021068478466,0.1502998245568095,0.14495618254190104,0.15343926351650067,0.14932934845209925,0.1463240390254305,0.14208376408786452,0.09237875961156483,0.09509341254832777,0.1425168821651049,0.1262405404697687,0.1361922346760982,0.1279255744522044,0.0702691966114879
0.1480081662566089,0.14327049520010615,0.14890675325355462,0.14287240924686265,0.1488986555015213,0.1440401084619071,0.14079010502745642,0.13557836764927142,0.08102957356577871,0.09580783989862544,0.1268910642307491,0.1387048626567859,0.1334616284815228,0.1225675747720852,0.0972366945992208
0.1473276448725331,0.14436288435699898,0.1420304276100447,0.14073257459352934,0.14565313499596905,0.14351328098693147,0.13718078583995308,0.13590636178484064,0.10752119899917008,0.11554018569165343,0.1465476626707847,0.1364529052868627,0.1424596260369802,0.1365623500559791,0.1550048772777094
0.14425482908443701,0.14863334484537338,0.14058498520516377,0.14863680276436134,0.14336982810183857,0.1493254309380365,0.13511222476941936,0.14053226805986227,0.10691803885599234,0.10109634661149852,0.1571742658221222,0.1644452591060253,0.1609497308402465,0.1497840806099055,0.0722086684511887
0.14606082814217664,0.15148031850428967,0.1468276205189976,0.15518938020142267,0.14765037838400122,0.15461317792041046,0.13777256490910056,0.14436259359168438,0.08492474017316928,0.07736565238307892,0.1571742658221222,0.1682945350755453,0.1651886718851584,0.1520232446553286,0.0299042639262397
0.15298120714023977,0.16002647138799997,0.15514938856738844,0.15940938037152283,0.15605024315398008,0.16247263812227117,0.14545503012208771,0.15168769590016964,0.12321126619952946,0.1388110438364822,0.1771187771554206,0.1678493807117231,0.1781915585259926,0.1663379005171402,0.2617018267432888
0.1635606972726797,0.16661381922298288,0.16650344339993187,0.1714312991875162,0.1670714898707512,0.1711710461033069,0.1568800980967105,0.16102276881517946,0.11631776972177672,0.11346376662780717,0.1797885148929487,0.1954751368195029,0.1885678620653784,0.1796929146451991,0.0627692122104571
0.17170601476207925,0.17350062952124942,0.17780512713084912,0.17860797410549387,0.17763503497776498,0.17920648125955427,0.1655915125019992,0.1673883199042605,0.09312210249146731,0.08865135812725888,0.1872742501177825,0.1929613239414491,0.195277351572049,0.1801194220824226,0.0390265411261623
0.1797675757734387,0.18149444330713946,0.18360784519102352,0.18355826587262833,0.18464099029984649,0.18479748998992085,0.17185584048621844,0.17196078677984095,0.08479516473551424,0.06929223197531369,0.1974820708789195,0.1934588494068972,0.195979507450654,0.1811057205310018,0.0305739796714233
0.18758833691043292,0.1864223193737907,0.18886066668412363,0.1872250580954342,0.19196941721062072,0.19047526213962376,0.17776296849176304,0.17516015274757782,0.08777976751296271,0.061137247254703125,0.1962780715070932,0.1945586425410459,0.2018308064390296,0.1815588846830516,0.044827277813482
0.19387007276344026,0.19379069838934626,0.19461625075283456,0.1903591390820487,0.1968168933503238,0.1944598211679185,0.18361678306765475,0.18197575963058474,0.04844686263131728,0.06243726561482266,0.2085274564204574,0.1966273010552777,0.2024289392245079,0.1956069733965986,0.0650373023350617
0.19726744490394177,0.1947855907913829,0.19180915970567441,0.18738598658259983,0.19731100304267551,0.19331935095432465,0.18468305166071336,0.1829919256238872,0.05154980958858235,0.06771949274214258,0.1967753755954562,0.1814396815837021,0.191038410527137,0.1850242576104921,0.0782839469967824
0.197042349369209,0.19190665134229482,0.1897719238524182,0.18584903928012264,0.1955634150781474,0.19105937121935257,0.18330756517566776,0.179741946968323,0.050982839053995276,0.05721022464583738,0.1861487724441187,0.1827751446751682,0.1865394117494084,0.1732419896571946,0.036191688453227
0.19324189917813955,0.18743104086938733,0.1843462777239519,0.17934289910827028,0.1914180948170494,0.18579054952795646,0.17943701018286504,0.1737456131678781,0.061293341735978044,0.06551564745767062,0.1784798199235723,0.1663306187645656,0.1752529061451642,0.1617529455669883,0.0821264930813371
0.18805423231953097,0.18173393965094164,0.1799052083060567,0.17701303122270348,0.18557199698333032,0.18139380544211567,0.1751506104387695,0.16920603743277673,0.058916058826832686,0.05465738606103215,0.1703397372140502,0.1723532954515698,0.1726003172704341,0.160126885962574,0.0329408632677552
0.18090352300685758,0.17874726305299127,0.17414962423734576,0.17395848105237668,0.18054768158531193,0.18003165770621576,0.16791597803486696,0.16594862874754646,0.05558245511136618,0.05256135195993117,0.1727739098570905,0.1678493807117231,0.177307362234416,0.1594338113770859,0.0483692837577292
0.17229754488823748,0.17041333703611272,0.16546125847757198,0.16197160496319551,0.1710971835747536,0.16794974529559226,0.15822359652396437,0.156153202517024,0.08095033080214054,0.10341534312350552,0.1537454850023557,0.1379978527848332,0.1437859204743452,0.1365623500559791,0.2051233254506542
0.16274407161178878,0.15973602671136686,0.15520699677917713,0.15181568203652834,0.16188593867838658,0.15879422595291928,0.14928293437116807,0.14694836130908706,0.08146072907502266,0.08185812202154955,0.1383814060618751,0.131503836183194,0.1404831872675734,0.1285386788932132,0.0387436798176376
0.15433178034863637,0.15196347234351468,0.14872345439786316,0.14584809031035081,0.15295555613346162,0.14939648177545928,0.1411686303779922,0.138359382739761,0.08523817546136546,0.08824332301871674,0.1364183636078103,0.1339129068579957,0.1306009934205393,0.1211814256011089,0.1010137250130511
0.1481704444328116,0.14782000077398527,0.14080494383199343,0.14148564108097425,0.14584557771825338,0.14528112958177053,0.1338380338007144,0.13339755618523566,0.09464560181863178,0.08548821369717342,0.1395330576349265,0.1327607426222211,0.137050425194393,0.123473903076185,0.0799779950540868
0.14405590744909175,0.14928040882882063,0.13606012202466675,0.1423655179456794,0.1398746521727823,0.14600499789020055,0.1301967265554193,0.13600746250702725,0.11880486937423171,0.1133806829766919,0.1522012249384913,0.1441252716750897,0.1474527345070606,0.1412272751506104,0.1691656215357289
0.14297754279432548,0.14897149312872182,0.14258556128728164,0.15178536166308884,0.14262606298598285,0.14985099010691635,0.13384869648664496,0.1422790415753873,0.08878829286960713,0.09393393629363837,0.1483536617285242,0.1706250490979077,0.1575429745403479,0.1548221997121074,0.0550404429275313
0.1507668952520546,0.1584237182026548,0.1519442771478698,0.16062271293743746,0.1501209268457597,0.15921982892676348,0.14075811696966464,0.14921462148636203,0.10485460720755568,0.10231437469821902,0.1773281683505208,0.1782974154861347,0.1779575065664577,0.1630857813083115,0.1190752515073803
0.15894885620059673,0.1647252015852768,0.16207808531252452,0.16860912451871476,0.1611733804904688,0.1681009731658706,0.1502425761049208,0.15567765475003792,0.0935634493272684,0.08306222833601758,0.1773281683505208,0.1845819476812694,0.1858632616440849,0.1686037212773897,0.0445579356116147
0.16699994765220116,0.16974630602116744,0.17163057424912925,0.17258047878089147,0.17083712584193686,0.17385703276115816,0.15918856960068237,0.15985306001835622,0.08850834336867014,0.07360897397771021,0.1797885148929487,0.1805231873052449,0.1853691519517333,0.1682038705549928,0.0547024652610955
0.17532848243731344,0.17777883696879584,0.18193720704915023,0.18027313107899245,0.18157751020726598,0.18295624061867413,0.16738284373833762,0.16730158862519973,0.07489605886842991,0.0827740489966494,0.1938438988640527,0.1956584356751944,0.2011546563337061,0.1821986458388867,0.1011041990345278
0.18478772967596707,0.18373585728646136,0.18699101835607107,0.1854801225968323,0.19007099576105896,0.18864096118222032,0.17313536279788871,0.17272932408675412,0.07514189862333892,0.07393924656512503,0.1956498979217924,0.195894105632512,0.2000104023093127,0.1835847950098629,0.0562696417020763
0.1888656232005444,0.18839645018211004,0.1907931603341276,0.1894227901900273,0.1935817751540842,0.1909311086320082,0.177288478967852,0.1764366701105453,0.07296781828656758,0.08536111431792455,0.1977176359734074,0.1973081253764173,0.195511403531584,0.1838513621581277,0.1082048498235236
0.1915772391770926,0.1892263828658273,0.18781848176176383,0.1828513783998351,0.19222947494343748,0.18698799261828922,0.17844538039132055,0.1757538562052744,0.07797321552991773,0.08010238348807153,0.1908862482332618,0.1697085548194506,0.1791017605908512,0.1743882283947326,0.0695849218283655
0.19153536093807255,0.18601062980983432,0.18687580193249365,0.18050418165285467,0.19111642784698205,0.1845933005686782,0.17760835954576953,0.1718421595792622,0.11609605637259486,0.13517381215020804,0.1795791236978484,0.1758097881588939,0.1798039164694562,0.1640187663272378,0.2453166694744811
0.18569858137465317,0.1788937535555415,0.185074236036555,0.18255298983373688,0.18549918081814165,0.18075167410895351,0.17535853281441593,0.17154461044688105,0.10169467201607311,0.09981496718411172,0.1646600010469558,0.1866506061955013,0.1730684211895041,0.1709495121821187,0.0290972772519191
0.18474585143694705,0.18289125178144827,0.18055460996622064,0.17946731831610463,0.18150469404207734,0.18051377221563278,0.17351921949138988,0.1724924830961649,0.1006944661096794,0.08363284884611037,0.1908862482332618,0.1732959752808401,0.1800379684289913,0.1743882283947326,0.0512686121701077
0.1829241480395749,0.18479720751648107,0.18081646547435123,0.1858506798497599,0.18204041297167975,0.1864058475369538,0.1741056672175721,0.17725618899378956,0.09120571712621221,0.07600893419946948,0.1886091189865467,0.1986174029170704,0.1981899981795959,0.1867836007890388,0.0607611049061877
0.18424331256870646,0.18902549530396054,0.18827934745607372,0.1929081081425276,0.18703872259641643,0.19230166792948075,0.17769899237617953,0.182289077391783,0.08879973211370186,0.06985762172158422,0.1974820708789195,0.207022964728063,0.2040933087145346,0.1923548541877698,0.0575549967658137
0.18940480552792752,0.1944791930339583,0.19596218806462593,0.20001340249557,0.19382102826827557,0.19943959356257113,0.18465106360292155,0.1877857590815046,0.07180371921023451,0.10001728280010429,0.2053865884939538,0.2142239912016549,0.2137154448287519,0.1987791224609478,0.1603366049571444
0.2009317908181961,0.20375110452207176,0.20161826704024718,0.20498593535491585,0.2033027332067719,0.20645204433570932,0.19173641840379588,0.19398260144983323,0.0895532663201615,0.10595985946725418,0.2222949274982987,0.2149310010736076,0.2204769458819858,0.2063762861864904,0.117845012801554
0.20567973616709417,0.2073760613406319,0.2090863861321323,0.20686948048336573,0.21076639013861076,0.21008678058653474,0.1969024897371648,0.19606126265374782,0.09012502053864276,0.08868236739900746,0.2146259749777522,0.2106365707402655,0.2173562530881855,0.200218585061577,0.054127383262514
0.21187771554206147,0.2114503795142156,0.21144832281547038,0.20805534910016413,0.2138298702311913,0.21122698660518935,0.20118888948126026,0.20011270827233738,0.08489229431719147,0.07065406953231541,0.219599015861383,0.210427086333761,0.2135073986424986,0.2082155995095164,0.0345974737989313
0.21273098466209492,0.2082163918358394,0.21248527062766764,0.20943946732979246,0.21517696928718172,0.21109425906828846,0.2024737431358959,0.19966817966854086,0.08038107241873453,0.058769008779386574,0.201748416479087,0.2122077037890491,0.2108288039944867,0.1987791224609478,0.0349988872735289
0.2177930168036434,0.21570984429112494,0.21733483463824657,0.21911691530471153,0.21967596806491035,0.21946631895132404,0.2075438502958895,0.20782200586599922,0.07484635015318182,0.083400337062718,0.230696749201696,0.2384718112545497,0.2362104387173952,0.224129658260916,0.1326629936293809
0.22027953724545882,0.22204907276320854,0.22103747152321346,0.223892672035955,0.22317634514862292,0.22563715640106555,0.21063069787279415,0.21248484526767064,0.06455955790441362,0.07773724189438301,0.2347275297073758,0.233444185498442,0.2379788313005486,0.2218105240710135,0.066411051557713
0.22462963932366636,0.22682487696506906,0.2265207258634685,0.22861272883781694,0.2279718097417626,0.23086929628533837,0.21541291251266195,0.21636644959875242,0.0573010455469102,0.05776976842125431,0.2363764853687902,0.2380528424415408,0.241333576053884,0.224129658260916,0.0178348214749969
0.22711615976548183,0.22856045733353278,0.2318940008903087,0.2315063063811986,0.2334122175122877,0.2341493433552669,0.2182225302553713,0.21833219580685603,0.0640314807997487,0.061263062301877474,0.2320316180704602,0.2372934614679619,0.2407094374951239,0.2222636882230633,0.0682496500631238
0.23282206983196355,0.22913296049285373,0.23641886407080573,0.2326148774846438,0.23793722206329798,0.2339175044866907,0.22274884043290505,0.21935835498744286,0.08168431430051097,0.08192972646036507,0.2302779668114956,0.2348320196915342,0.2334538267495383,0.2214106733486165,0.1232630547773403
0.23436109511595035,0.23221926553577918,0.23650265783340751,0.2347068450122821,0.23954437885210514,0.2373604105449374,0.22321266727088557,0.22172183414190139,0.0645990752931046,0.07036541717102639,0.23839187562163,0.2388907800675587,0.2442462226614308,0.2264487924508185,0.047236798592349
0.23305240014657383,0.23087419531068387,0.2362355652151143,0.23384080414384664,0.2383741190544301,0.23561611780068273,0.22299408220930853,0.22138708901564375,0.06429749522151575,0.06854466184727383,0.2281840548604932,0.2321087224069757,0.2321275323121734,0.2207175987631284,0.0649031511997687
0.2279851332251479,0.22426284712767608,0.22808662180208955,0.22166324455470354,0.23126934179387826,0.2256806417841634,0.21715093031934743,0.21256269228079935,0.06902231900516012,0.05951608802925548,0.2110401507616605,0.1973081253764173,0.2058096897511248,0.1949138988111105,0.0414589403932188
0.21925875516934515,0.21230847401559952,0.2194453900337793,0.21247126391193927,0.22232335578498424,0.2157802636729936,0.2089673188676228,0.2021570051753462,0.07048841412559456,0.06487076724126899,0.1883997277914464,0.1940873026264107,0.195979507450654,0.18134563096444,0.075580125665296
0.21211328063654925,0.20638918072623835,0.21071512739270468,0.20537441143667987,0.2159051309390685,0.21097440995531555,0.2012208775390521,0.1956641590188185,0.05447014461284396,0.05763774723204176,0.194550594147516,0.191180706486161,0.2013627025199594,0.1826784667057631,0.0431717072135873
0.20279537245458834,0.20152689872143406,0.20194296787032914,0.20192626844301356,0.20637661560866513,0.20618415530668174,0.19241883030335338,0.19125562476998728,0.07156203918045093,0.08265725529815576,0.1918023347118255,0.195029982455681,0.1966036460094141,0.1824385562723249,0.1326962714303838
0.19859184421295087,0.20340673703172465,0.19719290895283986,0.20407032156851881,0.20246014615244587,0.2083044985481468,0.18789785146878496,0.1935413180434203,0.06956703501032648,0.07341421364848601,0.2071664136523059,0.2083584278195293,0.212545185031077,0.1981127045902863,0.0549281303491465
0.1981782966026279,0.20526196225783164,0.19967529916991808,0.20595357319961535,0.2038072452084363,0.20971806070912355,0.1884896305379325,0.19498514341456294,0.07010135170267943,0.06365298371731853,0.2089724127100456,0.2097200764618084,0.212545185031077,0.1978727941568481,0.0441305238549836
0.20202585981259488,0.20605382278564824,0.19986383513577216,0.20231237628497056,0.20461342418016804,0.20648217457585327,0.1908674095004531,0.19440160420205635,0.060339308778475854,0.05135862615963838,0.2076375438412815,0.195029982455681,0.2000104023093127,0.1932345257770432,0.0267699110442781
0.2012929906297441,0.20099796460151942,0.19945534054308836,0.19792099536422772,0.20277741658648224,0.20171567123441234,0.18920936183824702,0.18773047893294845,0.05652775264610508,0.04227705962367006,0.1908862482332618,0.1891382335227421,0.1921826645515304,0.1743882283947326,0.0241139265517334
0.2012929906297441,0.1979327546382881,0.19750713556259658,0.19371031609389253,0.2025121576990092,0.19956956468029122,0.18874553500026656,0.18519345998277315,0.034120977285820905,0.035072171292101,0.1918023347118255,0.1852889575532221,0.195277351572049,0.1801194220824226,0.0206623946289629
0.19495890697796162,0.19045383488998993,0.1900023566995732,0.18608505523073246,0.19519413309754766,0.1916980637947839,0.18119635336141174,0.17691790545385286,0.058809361877367086,0.08283813196369315,0.1754959953933936,0.1708345335044123,0.1759550620237692,0.1603667963960122,0.1783700533068774
0.18668271999162434,0.18283304918611307,0.18252900049752546,0.18150780197101157,0.18675265909031802,0.18457798086149887,0.17323665831422935,0.1706367099428806,0.07498029330221853,0.09688714830220903,0.1675914777783593,0.1723532954515698,0.1703378149949288,0.1580743189209361,0.1249851809792408
0.18029628854106686,0.18045716165357337,0.17718191102149833,0.1771033796725228,0.18194159103320934,0.18170367458225564,0.167206909420483,0.16811973373135758,0.07818931325018036,0.07886310246283512,0.175705386588494,0.1682945350755453,0.1759550620237692,0.1630857813083115,0.0428150107840873
0.1778516463382715,0.17985912017547726,0.17668438555605018,0.18028578851351562,0.17855563935193608,0.1795534184365585,0.16656714826464786,0.16914296335942403,0.08642764886096321,0.07434393651043929,0.178663037219285,0.1866506061955013,0.1752529061451642,0.1711894226155569,0.0653056046056476
0.1757734387269015,0.18037651233531002,0.17419152111864672,0.17779873746441202,0.17612670012742826,0.1807464974408756,0.16426400810364128,0.1689632159987459,0.08969532093319267,0.061896209336996265,0.1814112966549755,0.1728246353662049,0.1831326554495098,0.1686037212773897,0.0370007549901102
0.17513479558184572,0.17768526811291166,0.17481997433816016,0.17652475817693455,0.17675603984084465,0.1801982518242008,0.1648504558298235,0.16707515567480502,0.0733172351970981,0.0734240144334657,0.1723027796681149,0.1739767996019796,0.1791017605908512,0.1632990350269233,0.0964796246264046
0.18033293200020936,0.18298423203200023,0.1810730838723192,0.18555611982541134,0.1829194081086001,0.1871837199940359,0.17101881964066748,0.17435548310825533,0.07482638347258005,0.09312631707452734,0.1935821598701774,0.203618843122365,0.2011546563337061,0.1889161379751559,0.1325309223566506
0.18585038999110087,0.18975371353565063,0.18935819214957184,0.1936107720375437,0.19028424310196862,0.19571555899289458,0.17724049688116436,0.18096837790910222,0.0713207751231798,0.07051320106204689,0.2032926765429514,0.2097200764618084,0.2127792369906119,0.194194167510796,0.025286969037086
0.19359262942993244,0.19896055382824804,0.19614548692031736,0.20260287470810545,0.199906379216186,0.20493156823401337,0.18427786959535106,0.18943768066823163,0.07115376215939646,0.06849898063694156,0.2173742344134429,0.2205870800492289,0.223363586716251,0.2063762861864904,0.0644705397867309
0.20056012144689314,0.20472328813209173,0.20347220403781194,0.20488799012329625,0.20704756455933215,0.20956723954442244,0.19087807218638375,0.19349336518967217,0.07136050049812703,0.05834413598588207,0.2162487567397791,0.2094582209536778,0.2188385821652406,0.2016047342325532,0.0380344466837631
0.20888865623200545,0.20779734328595326,0.2120767760349839,0.20892521327814398,0.21589992978441214,0.21416602193503195,0.19940288958788718,0.1976366174712616,0.06163194336118265,0.05484170363781562,0.2139454535936763,0.2169996595878394,0.223363586716251,0.2059231220344404,0.0478368389416827
0.21571480919227345,0.21443587041447473,0.21601508287726837,0.21372026796335838,0.22178243570072556,0.21963307659511236,0.20446766540491548,0.20317108400094017,0.044138635318978096,0.05158259647375302,0.2277129246715176,0.2233103773337872,0.2305671859152732,0.2142400170602973,0.0450643821456278
0.21983981573574826,0.21759648336309168,0.21953965801670644,0.21826116269523851,0.22569890515694485,0.223875912487311,0.20828490696806523,0.2065408477761417,0.05526111634543186,0.06135485570562028,0.2239177092603256,0.2273429521589988,0.2323615842717084,0.2132803753265448,0.0808993741693548
0.2241375700151808,0.22468532417892964,0.22392311922281288,0.22634223715674606,0.2306087951525239,0.23188828722292273,0.21261928879884837,0.21370996363089648,0.0566546242624287,0.06471593026098522,0.2388630058106056,0.2425043860797611,0.2479130366941462,0.2280481953404061,0.0714380793717151
0.22874417630738625,0.22955081218622184,0.23113461991672996,0.23273339957891845,0.23632486411983464,0.2370651671492133,0.21919816601801986,0.2206396825300679,0.06350652348892782,0.06724193444607639,0.2392817882008062,0.2455157244232632,0.2474189270017944,0.2344991203284108,0.0722939428162587
0.2340417735434225,0.23317835471543372,0.23701589462934347,0.2372909441029147,0.24087067328947026,0.24007432228761863,0.22444953883883345,0.22448645039954804,0.06286322199829034,0.05970140012688266,0.2404334397738575,0.2464060331509072,0.2460926325644293,0.2321799861385083,0.0446203314884952
0.23689996335654087,0.23612019438932563,0.24112702610699416,0.23948264097595665,0.24459470002340522,0.24311198805339504,0.22744042224236286,0.2260557782923468,0.0940605364797494,0.10681791826889614,0.2420038737371094,0.2438660347220405,0.2491873195849479,0.2291944340779443,0.2010509545529231
0.2414646914097262,0.23966057943496785,0.24389222027285343,0.24004473498006948,0.2477049905078928,0.24471233760031208,0.23113504291731085,0.22795501176199284,0.09029556926878268,0.09190345821743785,0.2467413495262523,0.2411689229882951,0.2479130366941462,0.2317534787012849,0.0620745381145213
0.24267392556143014,0.2414101118130203,0.24665741443871272,0.24547327562306553,0.24863599719137647,0.24733091510406294,0.2342218904942155,0.23313081891630497,0.09939018429662165,0.10023935698192854,0.2449091765691252,0.2563303569090576,0.2525680701115647,0.2434824332249292,0.1169111545109099
0.2463435062555619,0.24681663843250193,0.24868941318180626,0.24887408979495404,0.2512053675916054,0.2516425364036882,0.23680226048941727,0.23788753604567656,0.11212185498782237,0.11214367007870646,0.2576296916714652,0.255675718138731,0.2602657790029388,0.2474009703044197,0.1359522962722623
0.24955766110035071,0.25004583028760174,0.2503076802220535,0.2507485159806839,0.2539879853327439,0.25443026469249946,0.2397504931492243,0.2408987405096322,0.12036455830998685,0.10337372941891017,0.2565042139978014,0.2544973683521434,0.2600057212701219,0.2469211494375434,0.0858338480993176
0.2499607391509187,0.2480369748550509,0.2503548142135171,0.2485329122135753,0.2543988765505943,0.25336743501973286,0.24154715572852797,0.23999174266457576,0.0878563064552694,0.08175238470571874,0.2440192639899492,0.2441017046793581,0.2512417756741997,0.2381777469744628,0.0385096952793359
0.2519551902842485,0.2509291849676678,0.25564953258791806,0.2549027797624836,0.25704626427066807,0.25596161511132703,0.24582822412965818,0.24438076867869582,0.09998169720944838,0.09540208709895122,0.2567136051929016,0.2676425148603001,0.2611499752945154,0.2531588207069359,0.1227014918854162
0.256572266136209,0.25661764192142095,0.2571421089842625,0.2578662661385824,0.26108756143863937,0.2615659287246917,0.2479927493735672,0.2476888656006219,0.11986955102006855,0.13571819925397108,0.2679945558289273,0.26379323889078,0.2727745559514211,0.254305059444474,0.2163504235640108
0.2582421609171334,0.2597381498063098,0.2600382309041872,0.2619629533385063,0.26224741892700176,0.2630656412980447,0.2498800447832809,0.2507383928514107,0.10604324866212837,0.11275239433016782,0.2659791655760876,0.2701563277383541,0.2660650664447508,0.2568374473529884,0.0668207844825613
0.2602366120504632,0.26198425642569007,0.26298672392573785,0.2643885800456365,0.26511845629729797,0.26683073023923076,0.2521778536013221,0.25329565974352364,0.10139808361463469,0.09603760384072828,0.2664764696644505,0.2692398334598969,0.2743609081216028,0.2584101935277496,0.0626080228618492
0.26656546092236816,0.26654400706695136,0.26746969022493383,0.2650978987555371,0.2687956726393259,0.26776310595426694,0.2574292264221357,0.2570086435218593,0.12285456977002955,0.11262244457925559,0.2756635083494739,0.2665165361753383,0.2696278573843393,0.2644346110785307,0.1457921260563102
0.2704549023713553,0.2697496088572466,0.2689151326298148,0.2683551747985931,0.27234286011494546,0.2714707081937157,0.25927920243109237,0.2588086625984793,0.12331380342386969,0.11674751643770936,0.2761608124378371,0.2748697268847051,0.2788859126726132,0.2624087007517193,0.1249976601546169
0.27100455425849346,0.2700806776597038,0.2692817303411978,0.2674455256816269,0.2718071411853431,0.2710124592302803,0.26029215759449803,0.2589957201528203,0.09756260906279306,0.10702982821134881,0.2707428152646182,0.2656262274476944,0.2700959613034094,0.2593698352615023,0.0875944517586277
0.27312464010888343,0.2722469833824817,0.2731257692005552,0.274755857799465,0.27571320833224966,0.2758734402132815,0.26444527376446125,0.2651981561694816,0.09670112998933025,0.09219101517931494,0.2765795948280375,0.2893765220351412,0.2855954021792838,0.2776030282028043,0.0625133891152472
0.2781762026906769,0.2787427497794604,0.27760873549975124,0.2803887935182691,0.2802434140379164,0.2829196056921664,0.2686943541077997,0.2700173025278017,0.09949500936978078,0.08698648337424393,0.2917342825734178,0.2916546649558773,0.2970119366499363,0.2796555952444419,0.0765774197641019
0.2826676438255772,0.2852020711942987,0.2821335986802483,0.28330614637145396,0.284836033599459,0.28614338885879514,0.2725275896998453,0.27454513136478736,0.0784151863244876,0.07145532585944404,0.2981207140239753,0.2891408520778236,0.2925909551920526,0.2836007890387588,0.0403930108298443
0.2853792598021253,0.28670767823639176,0.2862133074969232,0.28729352123699586,0.28837801992042233,0.2896275406650066,0.27690462227435086,0.2777947087846072,0.07121116636612645,0.07729607069389977,0.2897188923205779,0.2952682709680798,0.2965958442774296,0.2842938636242469,0.0889775603628112
0.2909438308119144,0.2906603422621156,0.29195841734530886,0.2896462730545381,0.2946610147452734,0.29358867225255936,0.28188942794689975,0.2799610937311538,0.09548690622523658,0.12118843081399261,0.2985656703135634,0.2943517766896226,0.3015109354276649,0.2842938636242469,0.2089731510541783
0.29361880332932,0.290425047313099,0.2932205608944984,0.291659928630055,0.29606012534782716,0.2932560998990571,0.28308898011409067,0.2811743255003554,0.10168448068951597,0.11195937435487646,0.2899544574150657,0.2956872397810888,0.2925909551920526,0.2836007890387588,0.0935012614366442
0.29582264565775007,0.29453452961392207,0.2962842703396266,0.2967643564805428,0.298769926923777,0.2990243814425999,0.28681025750386524,0.2868702110646751,0.10408422611433832,0.10416496519932217,0.3027534942155682,0.3069732121815183,0.3105609445296856,0.2982619821933145,0.0885761468882136
0.29844527037638063,0.3001009656149907,0.2999450103432926,0.3003244216857463,0.302322315554053,0.3028005537428773,0.28952391107319936,0.2903031596715932,0.11540595797429702,0.10177720017609404,0.3112338376171281,0.3074445520961533,0.3103528983434321,0.2971690568854295,0.0970016701296378
0.3028843637125059,0.30403876341039515,0.3021917306030532,0.3023835718794586,0.30479806517046776,0.3048585666150861,0.29219491389881114,0.29275173236516405,0.1069791868153352,0.08346603497339672,0.311914359001204,0.3065018722668831,0.3089745923595038,0.2976488777523058,0.0468437045680021
0.30429251949955505,0.3045613253565332,0.30514022362460397,0.30462046185209785,0.30681611317712526,0.3071061028970415,0.29503118835634695,0.29465956688075146,0.08493971518362062,0.08856928761413295,0.3056064492488092,0.3090942417973763,0.3116011754609523,0.2984752359119262,0.0987757928956054
0.30495733654399826,0.30080039778344947,0.3033334206185027,0.29863138281825946,0.3065872623722466,0.3018863023205807,0.29503118835634695,0.29097330760008727,0.10733983498370425,0.12754681188844275,0.293278542637282,0.2866532247505828,0.2914467011676592,0.2836007890387588,0.2055018604370623
0.3032560330838088,0.2986159241605065,0.30271544161931446,0.30038202760736527,0.3050113125113775,0.30215126662216724,0.29397025110625363,0.2916346370476742,0.09599002497914934,0.0956402402141082,0.2942469769146206,0.303883317185577,0.3026811952253402,0.2929572959428479,0.0318270968654391
0.3026592681777731,0.30182728713598755,0.3017099164680929,0.30106032718492537,0.30384105271370243,0.30293471086646373,0.294140854081143,0.2937637819517415,0.08616121846668369,0.07971270599850865,0.3082500130869497,0.3024169263400456,0.3045015993550567,0.2980220717598763,0.0478576375673095
0.301737946919332,0.3036541089936579,0.3013747414176858,0.302315550461566,0.30425194393155286,0.3056328233938944,0.2932025377192514,0.29349495328211034,0.09311357505496033,0.08034363316880087,0.3073077527089985,0.3048259970148472,0.3110290484487558,0.2929572959428479,0.0816054875093853
0.30311992880699357,0.306608192224811,0.30145853518028753,0.3047147705111724,0.3053961979559462,0.3095293641235694,0.2942208242256224,0.2968521916693339,0.09797504580897291,0.09459013766775669,0.3125163586871172,0.3095132106103853,0.3173224455829194,0.303566668443781,0.1230831466656683
0.3048055279275506,0.3049743075632297,0.3051716462855797,0.30488277376646267,0.3086833276987492,0.30898035937627083,0.29586820920189794,0.29518069908626804,0.08893658707032634,0.11649661402644762,0.3017065382400671,0.3052187802770432,0.3078823498816737,0.2918377139201364,0.1603095667438295
0.3058367795634193,0.3031172834068079,0.30380999764330047,0.3022802071690354,0.307466257509167,0.30485218767665706,0.2942581436263795,0.2917561220792639,0.10408796986695115,0.11352574630048612,0.2994032350939642,0.297075073974181,0.2965958442774296,0.2849069680652556,0.1075840108485631
0.30530806679579126,0.30394700535414165,0.30410327581240676,0.30281457717454924,0.3081424076144904,0.30586224174499593,0.2933411526363491,0.2923164536560841,0.10371941822084392,0.09102212397924854,0.3056064492488092,0.303883317185577,0.3078823498816737,0.2934371168097245,0.0460148793367734
0.3039103805684972,0.3027377774269371,0.3041451726937076,0.30355487859015007,0.30773151639664004,0.3068996919498319,0.2931172362318068,0.29215687374410154,0.11097356286696573,0.09997348623283046,0.300319321572528,0.3050354814213518,0.3089745923595038,0.2918377139201364,0.1178762107399943
0.30277443333507836,0.3041040591246324,0.30311869910183564,0.30383019994377514,0.30580188801914016,0.307157895865028,0.2920562989817135,0.2941919098938392,0.10064995705083804,0.09047069668356361,0.3068366225200231,0.3043808426510253,0.3076743036954202,0.2982619821933145,0.0714651175850299
0.30594147516096953,0.308583288539596,0.3054701615648486,0.308212164159886,0.3088497646477517,0.3124791749182625,0.29472197046435994,0.2978499637070157,0.0936374924344999,0.10206287900975534,0.3175417473695231,0.3169760925921077,0.3231217330247314,0.3051660713333688,0.1252472436621388
0.31054284667329746,0.31319222324493196,0.31057634397339556,0.31301010477889596,0.31339557381738736,0.31476107998737757,0.29956282987684596,0.30160373084723907,0.09189290371692235,0.10099560842672868,0.3224100926556038,0.3226059860169159,0.3193248901256077,0.3091112651276857,0.0988610672606754
0.31678793906716224,0.32107211923599904,0.3188562151404855,0.32376762752627297,0.32091124229578954,0.32499428408281333,0.3073146025483819,0.3118011472872941,0.10650061043966212,0.10701487660130986,0.3368319112181331,0.345282673021027,0.3454606922736848,0.3321959801674041,0.1190534129504722
0.3258388734753703,0.32923941069518886,0.3268532823587945,0.33085202418848086,0.3289626297037942,0.33307336585505115,0.31573812443354476,0.31918587264017967,0.12418859361773368,0.1401152932776573,0.3455739936135685,0.3450208175128966,0.3492315293995268,0.3339553233459509,0.2063161266303522
0.332413757001518,0.33272995384704646,0.33425855612872823,0.3343704199592185,0.33629105661456843,0.3368210566531313,0.3217678733272912,0.32226082398080186,0.124329192326971,0.11746623256217699,0.3397110401507616,0.3414072115006938,0.3443164382492915,0.3284107266620462,0.0721681111312164
0.3384651625399151,0.3377528942518671,0.3371913378197911,0.333460280321953,0.33907887551036336,0.33690098026998944,0.3275737058164952,0.3262389605803309,0.12166530435668806,0.11562008964502603,0.3477987750615084,0.3316400010474221,0.3370608275037058,0.334195233779389,0.1119278038107241
0.3410197351201381,0.336896248020151,0.339500903401503,0.3336914581897939,0.3414922112709022,0.3350645098227603,0.33030335341472516,0.3250791414264992,0.12180590306592534,0.11026808003230461,0.3351829555567188,0.3341538139254758,0.3313915689283021,0.3227595031188357,0.0995640608068618
0.33908810134533834,0.33365541279481215,0.33632721464296,0.33226571520263315,0.33867838660182564,0.33384019619127425,0.32707255957775766,0.32206676461185496,0.11347501357110316,0.09931170851365684,0.3271737423441344,0.3294142292283117,0.3313915689283021,0.3160420109825665,0.0773989654763613
0.3347484688268857,0.33039555220364325,0.3303569090575819,0.3265669066637576,0.3326086391178842,0.328854394787456,0.3228874553500027,0.3190544438102953,0.09221299456531906,0.09954314954291514,0.3238758310213055,0.3151692895860065,0.3188827919798195,0.313029802207176,0.1000060316014317
0.3305763492645134,0.32654718224872875,0.3249312629291158,0.3224709313952926,0.3284165084648792,0.32702152485305946,0.3190275630431306,0.3157400509160921,0.0963267547280475,0.09727440367689628,0.3188504423388997,0.3142789808583626,0.3233557849842664,0.3091112651276857,0.0927369119448586
0.322174527561116,0.3196280103473264,0.31714368011731126,0.31254798325966165,0.32024029334512266,0.3167409338703473,0.31082795756251,0.3082257694028235,0.11495171599060727,0.13320047249243852,0.3057896665445218,0.2927020869883998,0.296179751904923,0.2931972063762862,0.205052610123523
0.31462074019787467,0.3122233464783883,0.30945036528843384,0.3069277354334707,0.31439939666605987,0.3118896510912276,0.3034920296422669,0.3008438007744223,0.10673043525283846,0.10828620070096488,0.297414018740512,0.2956872397810888,0.3021870855329883,0.28607986351762,0.0584576571180176
0.31187248076218393,0.31262637937415244,0.30696273796119306,0.310277187819683,0.311986060905521,0.31436806410268764,0.301183558138295,0.302062418337184,0.10820921753490524,0.10045509276287502,0.3134324451656808,0.3169760925921077,0.3193248901256077,0.3044996534627073,0.0847928768866953
0.30916086478563576,0.3118568366289565,0.3073240985624133,0.3125101560771579,0.31124749694432163,0.31464203345973263,0.299290931385616,0.302563835039383,0.10141784230898017,0.0889864469991855,0.3103177511385647,0.3169760925921077,0.3151899721738226,0.303566668443781,0.0660491554718064
0.30717688321206094,0.31088140257631286,0.3070884286050958,0.3127069810753635,0.3086885288534055,0.3132816704830503,0.29764354640934043,0.30200067010835796,0.10585585304523075,0.09763328654149413,0.3089305344710255,0.3131006310717747,0.3105609445296856,0.3008743402463079,0.1149269656261114
0.30530806679579126,0.30606946320526635,0.30614574877582557,0.3044675499975919,0.30834005149143107,0.3070002353537173,0.29538305699205625,0.295298699835527,0.08294741483482768,0.09525899738483197,0.2964455844631734,0.2879886878420488,0.2944373650950512,0.281894759289865,0.0905104190715077
0.3055855101292991,0.3036467206061946,0.3078320982481867,0.3043513623793594,0.3093438743401035,0.3070688901612617,0.2962254091805725,0.29362967471041845,0.07875690774353629,0.07600770547707485,0.298801235408051,0.3041189871428944,0.3072061997763505,0.2902916244602014,0.0375051216615606
0.3014186253468042,0.2999638208218651,0.30288302914451803,0.30031115727749447,0.3050789275219099,0.304045978785721,0.29166711094524705,0.289655837235639,0.06680289766452231,0.059012745815258366,0.2925980212532063,0.2922307470737646,0.2980001560346396,0.28170816228608,0.0250228264916254
0.2961681411296655,0.2946643238988672,0.2968184555762131,0.29575851310185725,0.29889995579018547,0.2974623570288808,0.2858292903982512,0.2845630800600266,0.07373799139352868,0.07291670524911835,0.2840653300528714,0.2866532247505828,0.2842951135152004,0.2743775657088019,0.1007246241168383
0.28888656232005444,0.28728376274023487,0.28962790332294636,0.2895549653363852,0.29310066834837334,0.29216307379279555,0.27942101615396914,0.27931970971498354,0.07117206494994806,0.08264358130214833,0.2725226404229702,0.2771478698054412,0.2815645073206251,0.2688329690248974,0.1020973334082083
0.2891744752133173,0.2908175581366524,0.29270732409856237,0.29416524079763307,0.29543078563441083,0.29680469970360984,0.28132430559257876,0.2833502086376267,0.06815272846770279,0.08023363308819269,0.2978851489294875,0.3033857917201288,0.3060879515252385,0.2914112064829131,0.0754137366602814
0.2906088048997539,0.2958693333711797,0.29640472387336664,0.3036454892040607,0.29691311471146586,0.30274241485628184,0.2850882337260756,0.2919372274676464,0.10901953198932608,0.13410213514868746,0.3059728838402343,0.3226059860169159,0.3146178451616258,0.3091112651276857,0.241839139269677
0.29623619326807304,0.3041578766123871,0.3035219565843567,0.31170262967894546,0.30311289106181566,0.31149462249965076,0.29172042437490003,0.299581190155165,0.1132996811570691,0.10487594754257178,0.3207349630948019,0.327816910628715,0.3289990377863886,0.3148691155302021,0.0464235723303404
0.3043396325184526,0.31096609317651436,0.3111733745319333,0.3161051912821187,0.3122773255662757,0.3177021770122673,0.2995361731620195,0.3042062299849098,0.1099490225685886,0.09790774208652649,0.3245825263047689,0.3249103144884653,0.3301172860375004,0.3134563096443994,0.0839713311744359
0.3177773124640108,0.3205477421679301,0.3205059048417083,0.31867363463951803,0.32252880139390944,0.32274208016110945,0.3109612411366423,0.3114569229559436,0.12767298736899463,0.1288442138610971,0.3397110401507616,0.3238105213543167,0.3328218864587938,0.3259583088980113,0.1907171574102383
0.3235565094487776,0.3226255393963939,0.32494173714944097,0.3209707408459426,0.3269653863157621,0.3245850121522402,0.3159353841232606,0.31306525577596395,0.12709499356282533,0.11007073178387639,0.3267811338533214,0.3255649532587918,0.3282708761345018,0.3162819214160046,0.072523767629435
0.3285923676909386,0.32546775128127564,0.3261253240461913,0.3234884673975177,0.3305593841832887,0.32725261960124646,0.3180999093671696,0.31535480096638613,0.09709609588998355,0.10399537149107363,0.3311521750510392,0.3285239205006678,0.3325878344992589,0.3199338913472305,0.0918446509054681
0.3302622624718631,0.3266733131873252,0.3271622718583886,0.3266595281615789,0.3317660520635581,0.32984587213007627,0.3193954257077357,0.31735209972193507,0.14011514119147,0.15650318060663998,0.3290844369994242,0.3330016496897012,0.3350323771877358,0.321346697233033,0.2615187988377727
0.3342825734177878,0.3326769024696809,0.3301945586425411,0.33113026824412856,0.33531844069383404,0.33585699114967754,0.3230900463826838,0.32221120415433663,0.1585818249130097,0.16310370366513813,0.3446840810343924,0.3400717484092279,0.34787922918888,0.3319294130191397,0.1763047497821344
0.33486363398419094,0.3359900493073798,0.3337138966718165,0.33455591599631695,0.3381322653629106,0.33953499736784387,0.3244655328677294,0.32575271654397087,0.15915191524144082,0.17325833879422337,0.3426163429827776,0.3414072115006938,0.3468910098041765,0.3328357413232394,0.1935676090523938
0.33659111134376796,0.335799539755322,0.33480845269580245,0.3333831884571185,0.3400722960497231,0.3390136747680841,0.3265874073679161,0.3261322423349598,0.1712005590670568,0.1597612214486539,0.3354185206512065,0.3310377333787215,0.3379710295685644,0.3268912939169377,0.132766986757515
0.33716170235041615,0.335201403198308,0.3365052763884888,0.33459147195944555,0.3409668946506125,0.33836272567995795,0.3274031028416059,0.3254256177951997,0.18348651521107479,0.15759895817428862,0.33400513008428,0.3370080389640997,0.3370608275037058,0.3240123687156795,0.1532744316255581
0.3382871800240799,0.3350382105881197,0.3366885752441803,0.3343670292956831,0.34183028632356394,0.3386915956374696,0.3275043983579465,0.3242348034683784,0.14175386490460706,0.12268448788467042,0.3347118253677431,0.3339181439681584,0.3393493355524927,0.3218531748147359,0.052855547305434
0.33738156310527134,0.3367441392055297,0.33574589541491007,0.33469746928474775,0.34034275609185244,0.339274923101754,0.32640081036413077,0.3249603599956061,0.12211143487638335,0.10782052513678551,0.3401559964403496,0.3353583492628769,0.3404415780303228,0.3264114730500613,0.0780925996410157
0.3371145893315185,0.33825658417502424,0.3363848228547488,0.3379989290897943,0.3409408888773308,0.3428105066450255,0.3263155088766861,0.32744331795907605,0.09283965715545511,0.08761659024044127,0.3412814741140134,0.3446018486998874,0.3498816737315685,0.332409233886016,0.0472087204477528
0.3356593205255718,0.33488511499050716,0.33549975123726733,0.3342034111569676,0.3396249967492784,0.33900419407278437,0.3237724582822413,0.32302089228762204,0.10983567005892245,0.13099341058524475,0.328142176621473,0.3266123752913143,0.3313915689283021,0.3141760409447141,0.2177470512748517
0.3341674082604825,0.33210526624661596,0.3330383094608395,0.33103588413196533,0.33853795542610465,0.3365446696778019,0.3214799808071654,0.3195305886385145,0.08793326137008863,0.10191640311729279,0.3265455687588335,0.3247008300819607,0.3316256208878371,0.3125499813402996,0.0437623881813889
0.3318065225357273,0.3290393097457329,0.33132053732750266,0.3291336838551349,0.33632226354250644,0.3337867384967019,0.31948605853814577,0.31698158024888895,0.0901293882500244,0.08922299597989951,0.3229073967439669,0.3253292833014742,0.3282708761345018,0.3118835634696379,0.0638361817051129
0.33009474951578277,0.3298919169440309,0.32918903349131945,0.32765606593074353,0.3346578940524797,0.33323106919119755,0.3177427093884949,0.31721929593319503,0.08656096805123112,0.07956549686894944,0.331597131340627,0.3247008300819607,0.3321197305801889,0.3176947273018073,0.0602504986470493
0.3284562634141234,0.3309576258312594,0.3266804577234282,0.32912370057397267,0.3323641848490365,0.33495842203224924,0.31548221997121073,0.3185151262219949,0.11624393460080151,0.11825151564450122,0.3330890436057164,0.332058969860431,0.3384131277143526,0.3211067867995947,0.1956235531956048
0.32977019316337736,0.332209025676754,0.32760218911204797,0.3298228111274528,0.3334044157803032,0.33550318921637806,0.31715093031934743,0.3198499483764624,0.09008612710872059,0.10782034836781651,0.3347118253677431,0.3312210322344131,0.3365927235846359,0.3225195926853974,0.0869580138144471
0.3305030623462283,0.3315426553421987,0.32960800230432846,0.331458506099423,0.3348035263828571,0.33654251744445407,0.3191715093031934,0.3207842576708182,0.09341993881044336,0.09202404780854524,0.330209914673088,0.3347298960433633,0.3386211739006061,0.3226528762595297,0.0604314466900027
0.33476417316651835,0.33576608717660483,0.333410144282385,0.3357523351302009,0.339292122851273,0.3412662977884966,0.3238737537985818,0.3256544337627388,0.12676034367648978,0.1381954338841452,0.3442129508454171,0.3443399931917568,0.3507138584765817,0.33539478594658,0.2305382060353451
0.3381929539862848,0.3400910699308897,0.33697137919296133,0.33800389163174804,0.34173146438509355,0.34228301127542826,0.32750439835794637,0.3290522725413692,0.1421954197266644,0.13793891555540427,0.3487410354394596,0.3425070046348424,0.3443164382492915,0.33584795009863,0.1374258788979224
0.338711197194158,0.3386207998356205,0.33915525413077063,0.3396620426043246,0.34267287337789,0.342562065076397,0.3293916937676601,0.32954926964363396,0.12391966738837894,0.126707540871662,0.3356802596450819,0.3429783445494776,0.3431201726783347,0.3305432638481635,0.1042447915041774
0.3409359786420981,0.34102577742622825,0.3399827175364634,0.3382274781571753,0.34365589160793697,0.3422106482958884,0.3313269712640615,0.33043150648489067,0.21463037722467299,0.26464221491308043,0.3458357326074438,0.3353583492628769,0.341507814734871,0.3321959801674041,0.5405115629959172
0.34240695178767727,0.3398721117511469,0.33936473853727517,0.33603165245392425,0.3428133045536109,0.3396098450735841,0.3316521831849443,0.32838064961124175,0.2226846449986585,0.20999573846203035,0.3375647804009841,0.3316400010474221,0.3344082386289756,0.3242789358639439,0.1007027855599302
0.3389991100874208,0.3356393219488094,0.33591348294011364,0.33304900670459925,0.33851715080747924,0.3361509266310306,0.3275470491016687,0.3238768049175618,0.19092597561153157,0.16391211200792377,0.3271737423441344,0.3270837152059493,0.3292330897459236,0.3148691155302021,0.0717448590997106
0.33633460712977015,0.33556572151627506,0.3347351331535259,0.3342377563703674,0.33782539723818694,0.33771984122163023,0.3252758969984539,0.3240819331392265,0.1760730530926516,0.1303284967731234,0.3354185206512065,0.3366152557019037,0.3408576704028295,0.3244921895825559,0.0631612663035226
0.3382662409045699,0.3388232905172104,0.33676189478645685,0.340529221818289,0.339760226770343,0.3427446675941253,0.3272005118089246,0.32944340139299005,0.16630310669070983,0.10535068434690509,0.3453384285190809,0.3531121527141323,0.3527943203391154,0.3401663379005171,0.0553950594944685
0.34034444851593987,0.3446244505662381,0.3401712535023174,0.34448786215958593,0.34323459808077394,0.3481230021584254,0.32963160420109816,0.3344127483047507,0.07183429318990595,0.09295628806190266,0.3562267706642935,0.3524051428421797,0.3588796712870256,0.344351442128272,0.0681674954918978
0.343045594932733,0.3467731378724754,0.3456492707324098,0.34933527050568536,0.34804046498322627,0.35156119248602935,0.33401396811856904,0.33833875068693314,0.07439668386712997,0.09980910502328523,0.3510705124849499,0.3590300871978842,0.3584375731412373,0.3461907554512982,0.1135147389460504
0.3500706695283463,0.3519484636890505,0.35271936945193644,0.353701583271651,0.35590461082360286,0.35722540130662167,0.3411526363490963,0.34241331935223496,0.09522921125372028,0.12517523535974417,0.3622991153222007,0.3624342088035823,0.3685538189478065,0.3505624566828385,0.1759074960326621
0.35608019682772335,0.35645436150873094,0.3559244808714552,0.35334799311426646,0.35969105141341384,0.3580802253217092,0.3466919016900357,0.34567171833057425,0.0965359889018533,0.10668187508789202,0.3654661571480918,0.3526408127994973,0.3597898733518841,0.3521885162872529,0.0696951545441877
0.3566193791551065,0.35364768772448607,0.35466757443242825,0.35117453558251016,0.3586092112448963,0.35451519004664883,0.3457375912992483,0.3422460742025762,0.10119300916595426,0.09734797033025244,0.3480343401559963,0.3468276205189975,0.3473851194965281,0.33539478594658,0.0786801608149733
0.3561587185258859,0.35373961432238765,0.3540967294247035,0.3506333296561921,0.358151509635139,0.3552071811105122,0.34555632563842836,0.34264575407644154,0.09968198901416589,0.08510277846448695,0.3539234675181907,0.349550917803556,0.3565911632382389,0.3434451138241723,0.060612394732956
0.35601214468931575,0.35260562398229145,0.3536411008405563,0.3526728678631774,0.35773541726263225,0.355590491166576,0.34514048088713556,0.34313434661590564,0.10428222903030564,0.10224049865190767,0.3503376433020991,0.356751944277148,0.3563571112787037,0.344111531694834,0.1365159390267491
0.35438412814741127,0.3531234268590871,0.3518761947157559,0.3529851379686451,0.35503081684133875,0.3554039330581636,0.3432585168203871,0.34247377652696925,0.11201557401086933,0.13968507274643194,0.3541590326126785,0.3536096781795805,0.3550308168413388,0.3411526363490964,0.2145742209354805
0.35330576349264503,0.35544039586414494,0.3534316164340517,0.3554627324427555,0.3562790939588588,0.35894637501860394,0.34284267206909425,0.3450189485282424,0.1166226775734659,0.12403360595001149,0.3600743338742606,0.3604179213909764,0.3660312589394846,0.3501092925307885,0.0927306723571706
0.3562477097838035,0.3578749544466929,0.35683050092958707,0.35824916929406186,0.3603672015187371,0.36190613577770914,0.3462014181372288,0.3474088044479126,0.14543501365429767,0.1569363510397184,0.3627440716117888,0.3638220429966745,0.3678256572959196,0.3521885162872529,0.2227418412191322
0.35779196984766787,0.3591315589102994,0.3548403990677944,0.35203291569423883,0.358572803162302,0.3571438143371604,0.3474862717918644,0.3482289969977252,0.15533411952138199,0.14132687538260477,0.3616447678375124,0.3396004084945927,0.3476191714560631,0.3498693820973502,0.1101079240683775
0.35676595299167674,0.3544902256142473,0.35345256487470217,0.35129286823338807,0.35797467037682357,0.3558846920085443,0.3464466599136323,0.34512382209970793,0.1620466679561814,0.15091081065531858,0.3452075590221432,0.3498127733116867,0.3533664473513119,0.3389134723036735,0.1700786812007462
0.35790190022509555,0.3562730733360891,0.3569352431328393,0.3578696019790142,0.3604452188385821,0.35971764772240666,0.3501199552167191,0.3499222523546488,0.1337653207876023,0.12499636880107405,0.3598387687797727,0.3710230694702663,0.3673835591501314,0.3595191128645305,0.073167485092585
0.35965031670418257,0.36045418764729137,0.35855351017308656,0.361416153516747,0.36247366915455226,0.3652029353213828,0.3519645998827105,0.353059006856681,0.12535726839170463,0.10022771599327678,0.3688164162696959,0.3685092565922125,0.3761735105193352,0.3593325158607454,0.0506904103776822
0.3605559336229912,0.3627268438334714,0.3597737568409752,0.3642518611232039,0.36242685876264524,0.3659991586597167,0.35303086847576903,0.35454595765530256,0.09757696011447559,0.09476524393984685,0.3672721562058315,0.3699232763361177,0.3675916053363847,0.3575198592525457,0.083840299832987
0.3620373763283254,0.36483522301037546,0.366110660137736,0.36659621574160156,0.3672795360570046,0.3679602917490978,0.35479021165431573,0.35591933776689627,0.0856439566473447,0.07999113153747227,0.3690519813641836,0.3712849249783969,0.3718825579278598,0.3586660979900837,0.0504429067327231
0.36736114746374915,0.36716562024000426,0.37098640969912805,0.3691279842006166,0.3726003172704339,0.3719636456388848,0.3601162232766434,0.35912740198303467,0.06791520816304454,0.08047240061806331,0.3718264146992619,0.3741915211186468,0.3799703534184587,0.3655435304153116,0.0814349387792454
0.3707480500444956,0.3703681740545046,0.372756552934091,0.3727099180154381,0.37529971653707117,0.3749359489203623,0.3616943007943701,0.36188810147307776,0.061683939925249696,0.06765198171324581,0.3767732816835053,0.3798737856450811,0.3808805554833173,0.3674095004531641,0.0420111439036108
0.37211956237240223,0.3721367753394127,0.3735735421194585,0.3726713461833087,0.37588744701323684,0.37632802024696277,0.36270192461481043,0.36271561263636753,0.0670820152204342,0.07099491676003211,0.3756739779092289,0.37259420251905,0.3791121629001638,0.3643706349629472,0.0776807868536047
0.3711668324346961,0.3689273523987087,0.37289271779831895,0.3706206156990124,0.37593425740514386,0.3734938992632817,0.3626539425281229,0.3609037246972809,0.06477939937728912,0.07143901804577528,0.3625085065173009,0.3665191547304198,0.3678256572959196,0.3572799488191076,0.0723272206172616
0.3698581374653196,0.36678773710490614,0.373243604179214,0.371426862760299,0.37571060775492154,0.3725840360677705,0.3633949992002986,0.3613929435818413,0.06185532060041469,0.059566849646633814,0.3625085065173009,0.3730393568828722,0.3707643096767482,0.3623713813509623,0.0358225128483509
0.37017222425797,0.36899077429077537,0.37356306789913335,0.3728808550796139,0.3756741996723273,0.3749854617136761,0.363075118622381,0.3622433382298021,0.05460283984434304,0.05476874476405161,0.3733968486625137,0.3757888397182436,0.3797883130054872,0.3639441275257238,0.0451725349988872
0.36991048526409454,0.3711487117652264,0.37224331613815503,0.37301224566647245,0.37549215925935553,0.37664709228193693,0.36220077837607295,0.3625081585604093,0.0571658544803359,0.05478790220389277,0.3754645867141285,0.3732750268401896,0.3799703534184587,0.3630377992216238,0.0548262170835751
0.37026121551588753,0.3732416842328821,0.3740553562544189,0.3758929648111047,0.376652016747718,0.37940187830194994,0.36345897531588206,0.36522597892760383,0.0600651828927144,0.06725107777442758,0.3774276291681936,0.3816544031003692,0.384911450341976,0.3706616196619929,0.0921774289154972
0.37573679526775894,0.37878992458080746,0.37907250779020146,0.38113028067718063,0.38213923491015,0.38468850157066,0.3680599242949299,0.3702455505231848,0.06258306451109705,0.07313959475267669,0.3898864052766581,0.3916049124093326,0.3952617481080799,0.3802846937143467,0.0849166287091749
0.3788567240747526,0.3785626665712947,0.37699337505564434,0.37496808485481603,0.38179075754817565,0.3794663086693988,0.36906754811537024,0.3693002004998445,0.10512831712080462,0.13160932180074736,0.3781081505522693,0.3626436932100867,0.3690219228668764,0.3674095004531641,0.2485487758968887
0.37749568130660105,0.37457232265478174,0.3737411296446621,0.36982126079098815,0.3779679088757703,0.3732022289940861,0.36727621687903184,0.36452929078124024,0.1129022194213406,0.11575356336768727,0.3665916348217558,0.3595276126633324,0.3606740696434608,0.3549874713440315,0.0840420465015671
0.3748625870282155,0.3704812535439214,0.3713058734190474,0.3669137557646975,0.37415546251267784,0.36910419319705606,0.3652076558084981,0.360584525143812,0.11563079111732293,0.09999206743295375,0.3622991153222007,0.3610987457121162,0.360908121602996,0.3526949938689556,0.0684690755634867
0.3730513531905983,0.3697779890226502,0.3695462044044097,0.3688945231855252,0.37250149533196375,0.3716166669441725,0.36340033054326387,0.3609313478744818,0.10950871566406888,0.08718372883837816,0.3683714599801077,0.3728560580271807,0.3766416144384054,0.3616249933358213,0.061567051649227
0.3717950060199969,0.37438688248965035,0.3676032365340805,0.37322637314291235,0.37060827503705823,0.3763429935072993,0.36197153062856535,0.36500112996327255,0.11094694062616337,0.08882507039880123,0.3836046694236507,0.3818900730576866,0.3857956466335527,0.3731406941408541,0.0921077535196474
0.37365335287651147,0.37872454993804777,0.36842022571944805,0.371060461807583,0.37194497178373603,0.37613046453828797,0.3634909633736738,0.3683363080350839,0.0808931345816668,0.09197662882400276,0.3873998848348426,0.3667286391369244,0.3757054066002653,0.3750066641787066,0.0982797456744058
0.3739255614301418,0.37513392582200095,0.37108591479221775,0.3716589938807822,0.3750864691961616,0.3762141619273882,0.36533027669669993,0.36695221800977657,0.07648673775636902,0.0819877733410279,0.3679526775899072,0.3728560580271807,0.3763815567055887,0.3641840379591619,0.0620100623750782
0.37809244621263666,0.3778004636262257,0.37683102464060336,0.37771409423853625,0.380750526616909,0.3805522441871698,0.37043770325745057,0.37071218756408736,0.08281700745214753,0.08803199024147834,0.3831335392346752,0.3898242949540444,0.3892284087067329,0.3782321266727089,0.1001204240423792
0.3824477830707218,0.38191635717432826,0.3785016627824766,0.37887914573787324,0.38186357371336443,0.381103779431674,0.37357786426400813,0.37291672449892793,0.10199604410140575,0.11117540512615827,0.3901481442705333,0.3812092487365472,0.3822068499206824,0.3773257983686091,0.1574622348955181
0.3828979741401873,0.38322944637321155,0.37677865353897727,0.377011106105312,0.3801107845941799,0.3797464199669928,0.3739510582715786,0.3736133710588541,0.097095679917471,0.09665224761743012,0.3858556247709782,0.3732750268401896,0.3770317010376304,0.3750066641787066,0.0676059325999738
0.3802334711825367,0.38017875426433756,0.3793186519678442,0.3778169478306277,0.38002236496502223,0.3782520494628208,0.3728421389347977,0.3722296032041701,0.0847346407349402,0.07659301499887065,0.3740773700465895,0.3794286312812591,0.3752633084544768,0.3694620674948019,0.0364745497617517
0.3825420091085169,0.3799509585828278,0.3802613317971144,0.377734450944929,0.381140613216134,0.37949229896226305,0.3735831956069734,0.37078284257612687,0.08003914301342965,0.0639062012550889,0.3794953672198083,0.3775694571735317,0.3819727979611474,0.3678893213200405,0.0385325737675254
0.3786473328796523,0.3745206917520026,0.3727041818324649,0.3691691490068851,0.3752164980625699,0.37286414362114617,0.368006610865277,0.36397162937216015,0.09169386086967371,0.09540213861125911,0.3636601580903523,0.352038545130797,0.3596078329389124,0.3503492029642268,0.1583940133235995
0.3699575982829921,0.36524695159707915,0.36769750451700756,0.3648380533910102,0.36982810183860815,0.3669977186810554,0.36164098736471717,0.3578136465367101,0.0824948367411881,0.10075713049186945,0.3466994712872323,0.3561758621592605,0.3552648688008738,0.3454976808658101,0.1114671142530901
0.3613987331832696,0.3578517341555079,0.36236088926130566,0.35875601911456684,0.36341507814734875,0.35965400664781466,0.3533454177107213,0.34971870299404917,0.09132073352592857,0.10441655916913833,0.3430612992723655,0.3465919505616801,0.3449665825813331,0.3335288159087273,0.1117354165236761
0.34710254933780027,0.33943330637675295,0.3517976380633167,0.34804147117348266,0.35029776610407515,0.3429949205112461,0.34302926907287945,0.33910624343123036,0.15850299812188404,0.1937396636932686,0.302596450819243,0.3266123752913143,0.309676748238109,0.3178813243055927,0.3723858727415292
0.33638172014866774,0.33491927800921717,0.33664667836287937,0.33263253367277007,0.3343874340103503,0.3294703261716718,0.3319614010769313,0.33025415606758673,0.21351827471240697,0.23369609470222566,0.3258912212741455,0.301814658671345,0.3024211374925233,0.3125499813402996,0.3136089567201399
0.3286080720305711,0.33154349117276777,0.33126816622587657,0.33013701726377437,0.32826567497984555,0.3293132300432441,0.3250519805939116,0.32543680422810056,0.21960852826845198,0.21874582350275862,0.3247919174998691,0.3251459844457829,0.3289990377863886,0.3158021005491283,0.1888452811038246
0.32783855938857775,0.33531296347426703,0.32676425148603006,0.3313101076625255,0.3254310456921437,0.33323939414961756,0.32274350908993976,0.3282763106007173,0.22688721529281342,0.19511739879347148,0.3428519080772655,0.3336562884600278,0.3410917223623645,0.3339553233459509,0.1478605493748973
0.3298644192011726,0.34127217509462465,0.3284977349498547,0.33929319440195144,0.32812524380412456,0.3416387871468241,0.3250413179079811,0.33385682706678943,0.24187200109816737,0.19229804771246298,0.3531905983353399,0.3552593678808033,0.3584375731412373,0.3450178599989337,0.186659345550446
0.3411244307176883,0.34714695286369035,0.33370342245149126,0.3437424005344667,0.3381114607442853,0.3476284690775202,0.3307565175667751,0.33805699224438057,0.18851479094261445,0.1633986391295635,0.3588965084018217,0.3526408127994973,0.3596078329389124,0.3464573225995628,0.1055998219637646
0.3461079411610742,0.3483675597394851,0.3442457252088298,0.34733699117565703,0.34827971809741765,0.34950645413774195,0.33725009329850186,0.3403772814958983,0.14409703806772445,0.13943915686827227,0.3508087734910746,0.3545261724580377,0.3532624242581853,0.3450178599989337,0.0915201923456898
0.3536093807255405,0.35301141160039035,0.3529707507397418,0.3544816981505523,0.35573297271994386,0.3550927397248345,0.3460894599349576,0.3469178322410678,0.13482043506565083,0.1404468599433337,0.3622991153222007,0.3687711121003429,0.3662653108990196,0.3599989337314069,0.1424622660934565
0.3583154478354184,0.35746835560914536,0.3595852208751211,0.35856401181267633,0.36203157100876393,0.3609233977520447,0.35129818201204877,0.35127819940451416,0.12397873548515911,0.12484859045303537,0.3663822436266554,0.3667286391369244,0.3725847138064649,0.3599989337314069,0.0936520514724387
0.3611317594095168,0.36073628914137407,0.3612506219068319,0.3602381322215698,0.36463214833693075,0.364429085095387,0.3541611131844111,0.35396297155659123,0.10439953327884091,0.11282017180830857,0.3672721562058315,0.3635863730393569,0.3714404597820716,0.3593325158607454,0.088763334518855
0.3620844893472229,0.36171091212436685,0.36502134122391267,0.3639902246093471,0.36614048318726755,0.36533589246045683,0.3566455190062377,0.35560176494062595,0.10381717176128999,0.10944278599754238,0.3636601580903523,0.3714944093849015,0.3671495071905964,0.3588793517086954,0.10268801437601
0.3671098780296288,0.3664525137172793,0.3706355233182331,0.3701925107161112,0.37235066184693,0.3716617008258037,0.36203550674414886,0.36105710952324727,0.09970757132368689,0.09661925405091969,0.3759357169031042,0.3825970829296394,0.3843133175564975,0.3719677986884897,0.0709721901576743
0.37078992828351565,0.37120146467539783,0.37313362486579915,0.3738822137567987,0.3764855797987153,0.3767544341031845,0.3645092498800448,0.36482728948579374,0.08627519493511866,0.08951296408415155,0.3806993665916348,0.3812616198381735,0.386939900657946,0.3723676494108865,0.0753003841506153
0.3750876825629482,0.37675798145820466,0.377888920893451,0.37942318226292704,0.3803552388630275,0.3818139591114651,0.36889161379751567,0.3705217774301162,0.08625668415831078,0.09086180858556747,0.3878710150238184,0.3905051192751838,0.3919330091280263,0.3819107533187611,0.0935594975883993
0.38010783646547663,0.3819629628782943,0.3836235565215115,0.38370197190183775,0.38570202584973867,0.3872674376461857,0.37368449112331403,0.37478015244998986,0.08534279254826835,0.08863916454659261,0.3923729257184735,0.3922595511796591,0.398174394715627,0.3832969024897372,0.0841938764686429
0.3852169816259226,0.3843772698830569,0.38777658488046296,0.3865544983277782,0.3914597040543001,0.39015759116859167,0.3784400490483553,0.377405815411294,0.0743875324718542,0.07506334769570815,0.3892058838925821,0.3922595511796591,0.3959378982134035,0.3826571413339021,0.0479117139939392
0.3894937967858451,0.38869144415627693,0.390856005656079,0.39036772782109197,0.395136920396328,0.39433819386794017,0.3816175294556699,0.38088894384921684,0.07385966335344556,0.07281984665234913,0.3973197927027169,0.3979941868077195,0.4026993992666371,0.3878552007250626,0.0683328445656311
0.3925927864733288,0.391192401113869,0.39342742674592157,0.39161806030985685,0.3972069799495488,0.3953221953866435,0.3845497680865811,0.38293557675462536,0.06846553979713016,0.06465648655791219,0.3961943150290531,0.3941187252873865,0.3972901984240501,0.3870288425654424,0.0483297663690383
0.396173375909543,0.3960529214775424,0.3943805807955171,0.39283567004762493,0.39908459678048536,0.3973218280186653,0.3868155888468306,0.38637033687641975,0.08654037741186058,0.1044155529259586,0.4057739622048893,0.3952708895231611,0.4013210932827088,0.3932398571200086,0.1839336856620514
0.39745066219965447,0.3969550667080386,0.39429678703291526,0.3925039741539667,0.39890775752216995,0.39731128482046024,0.38778056192354854,0.3869541472087223,0.08440560647752392,0.0941170425496256,0.398759357169031,0.3918405823666502,0.3972901984240501,0.3881217678733273,0.0735200217969596
0.3972255666649217,0.39399684654499856,0.39191390190892667,0.3884510246225498,0.396619249473383,0.3930393092034632,0.38629311723623183,0.3830427374382543,0.08875106332973515,0.0859576944514155,0.3880804062189184,0.3803451255597161,0.3844953579694691,0.3752199178973183,0.0696389982549953
0.3961890802491755,0.3933770179046609,0.3886930791589201,0.3862640407675954,0.3934673497516448,0.3910061730216241,0.3845924188303034,0.38181239452397625,0.09893240654657535,0.09705164985088773,0.3921373606239856,0.3818900730576866,0.386939900657946,0.3793517086954203,0.1192395606498322
0.39261896037271626,0.38836591715202623,0.3870643378983477,0.38616770017323837,0.390819962031571,0.3886885352889764,0.3821400010662686,0.3794638475977403,0.09412147645283594,0.07279280520070558,0.3783437156467569,0.3859750189845243,0.3840532598236809,0.3747667537452686,0.0242751159003413
0.3880437627597758,0.38654326948141327,0.3852941946633847,0.3862518578982743,0.3884742412815645,0.3889898533702097,0.3787652609692382,0.37843128394344566,0.0627417580246297,0.05754023464081042,0.3828979741401873,0.3864201733483463,0.3895924895326764,0.3763661566348564,0.0270350935210201
0.3822907396743966,0.3810269269016538,0.38027180601743954,0.3797441183111577,0.3820612175903051,0.38106826223605744,0.3736151836647652,0.3730779830792845,0.07455953710578803,0.08256312882812401,0.3699942417421348,0.3667286391369244,0.3652250799677529,0.3623713813509623,0.1326089172027512
0.3793540281631157,0.3784835674886071,0.3795438477048364,0.37873119020633866,0.38089095779263,0.3802601944844029,0.37144532707789096,0.3701755337071721,0.0800923874950343,0.08747650261915824,0.3733968486625137,0.3767053339967006,0.3786440589810939,0.3643706349629472,0.0973032502012267
0.3799507930691514,0.3840294400437929,0.3828118044463065,0.3852307457259048,0.3836319662965179,0.38705511071539705,0.3733859359172576,0.3764686067688659,0.07010322357898588,0.08141558210263553,0.3951211851541644,0.3982298567650371,0.4006449431773854,0.3890547528922536,0.0692937410695901
0.38465686017902945,0.38997764376124433,0.3868391421613554,0.39219106633719275,0.3888383221075079,0.3947317534364751,0.3778056192354855,0.38326746129137995,0.08777165604896826,0.09181614748517475,0.4018740511961473,0.4061117075597686,0.4100850388786311,0.3968651703364079,0.1126172782502532
0.3894048055279276,0.3955309961357221,0.39055749037681015,0.39646468236666843,0.3925259407588485,0.3991646965541098,0.3819054219757958,0.3878000309730559,0.09464206605227524,0.0816731461693015,0.4066377008846779,0.4050119144256199,0.4080305827893792,0.3968651703364079,0.061387143537555
0.3971889232057792,0.399992274134279,0.39979051559349554,0.4019410433178961,0.40227290458481785,0.40409643073527307,0.3900090632830411,0.39282988327776697,0.08222133481419545,0.07795051778365177,0.4089148301313928,0.4128937652203515,0.4139598990975998,0.402889587887189,0.0705052610123523
0.40600429251949954,0.40581941449989123,0.40897116970855485,0.4088302304025964,0.4099602111668791,0.408424484453982,0.39955749853388073,0.39925752592422653,0.07629705429065244,0.07452762771693838,0.4174736952311156,0.4226086045719972,0.4170805918913999,0.4121128112171455,0.0676818475835116
0.41079935088729513,0.4102451019976416,0.4144020529471838,0.41434824458779146,0.4152705900709958,0.414681935535311,0.40465959375166605,0.40436009360987785,0.08455119685691166,0.08653990311158766,0.4190964769931423,0.4253842729581816,0.427196837697969,0.4145652289811803,0.1105644539008862
0.4159974873056587,0.41611831242774944,0.4192568540679254,0.4196940674463532,0.4199932384989468,0.4210207173630027,0.40947379644932563,0.4098854570148203,0.09931801306569658,0.11984372183911769,0.4278647332879651,0.4303857131634765,0.4336982810183861,0.4209361838247054,0.1864513592941778
0.4216458147934879,0.42237198772644086,0.4236298410537066,0.42208832808241087,0.4252047954645932,0.4253766007812055,0.41532227968225194,0.4152928335102268,0.11632463326823358,0.12870256274282518,0.4348793383238235,0.4268768493545263,0.4340883676176111,0.4261075865010395,0.1464202445502401
0.4243417264304036,0.4223794545896176,0.42467202597606646,0.4207604486656575,0.42626583101448523,0.4233394261364904,0.4171669243482433,0.4142328260791997,0.12032275307247693,0.11596699517307309,0.4223943883159712,0.4181046898321507,0.4192650768470601,0.4121128112171455,0.0904958600335689
0.4245406480657488,0.42107573752902566,0.4214983372175234,0.41608701937019904,0.42477830078277384,0.41877393100194116,0.4159780348669829,0.4115446719897478,0.11885915378711769,0.09743261383428721,0.4184683034078417,0.406740160779282,0.4096429407328427,0.406168363810844,0.0603638511567155
0.4212846149819399,0.4149892622107165,0.41452250648092387,0.40755971933852725,0.418079213585416,0.4104164212383541,0.41132910380124754,0.4048033058773328,0.12877053084332185,0.11832885561682709,0.4028163115740982,0.3905051192751838,0.39370140171118,0.3913205736525029,0.1601213391819068
0.4164476783751242,0.4112195248917732,0.4075780984053,0.4035943704874705,0.41125009752164987,0.40679518105875445,0.4067494801940608,0.40254822584781264,0.11027826481226115,0.11021591345750954,0.4036800502538867,0.3956636727853571,0.3995527006995553,0.3980380657887723,0.0939900291388745
0.40898288226980045,0.406664802526917,0.40256094686951743,0.4029932775501848,0.4045614126336047,0.40474510176496475,0.3998880417977288,0.3989656154050015,0.09323753486369615,0.0938828072408114,0.3975553577972045,0.4017910916756135,0.4006449431773854,0.3918003945193793,0.0612165948074151
0.40605664031827454,0.4070309278707252,0.4017910916756134,0.40674732298766675,0.4035419863209633,0.4078860496045942,0.39811803593325157,0.40039800423492067,0.0932726845410055,0.0928124076339128,0.4077631785583416,0.4142554138626306,0.414167945283853,0.4032627818947591,0.0906716084201156
0.4040517196251896,0.40750185189462257,0.3992249076959334,0.4024679622854051,0.4006657477960108,0.4036779491057561,0.39607613157754434,0.3989182835007164,0.09807945490961953,0.09000750608920377,0.4084436999424173,0.393909240880882,0.3952617481080799,0.3959588420323079,0.0843977029997857
0.40183217295712703,0.40224076067434344,0.400094267982927,0.3999292817603208,0.40031206927938,0.3997629691131795,0.3952444420749586,0.39499956438033573,0.1032635123471041,0.12201887951591235,0.3917185782337852,0.3948519207101522,0.3919330091280263,0.3871621261395745,0.1860416263693295
0.4001727477359577,0.39995481516557546,0.397245280054466,0.3937590988878978,0.3973422099706134,0.3947431141273605,0.39251479447672866,0.3914629855194313,0.102376242977864,0.11119714710816626,0.3953829241480396,0.3814187331430518,0.3847034041557226,0.3843898277976223,0.0895536822926741
0.3971470449667591,0.3941121580941209,0.39240095315404966,0.38836255164977573,0.39428913218734557,0.39162192750525565,0.3897105080769846,0.38690164451984055,0.1105775570350311,0.10820581976986104,0.3824268439512118,0.3775694571735317,0.385379554261046,0.3777789625206591,0.1022231650932506
0.39058786578024385,0.3877305329380025,0.38573934902720686,0.38589083217598935,0.3869503029672587,0.38690588473131005,0.3828117502798955,0.38085742731633165,0.10552494691150807,0.09394006578074084,0.3749672826257656,0.3809473932284166,0.3774737991834188,0.3687689929093138,0.0654085578025004
0.3849395382924148,0.3852210427930922,0.3851056586975307,0.38750748452816003,0.3851923126934179,0.38676118873383203,0.3793143892946633,0.3800622972462701,0.09513499347963085,0.07344268913396042,0.3802020625032717,0.3907407892325014,0.3864717967388759,0.3784720371061469,0.0324479358403996
0.3854368423807778,0.3882157280872616,0.3847704836471236,0.38939700483814543,0.3857176293137076,0.389360656565713,0.3783600789038759,0.38083838955939253,0.0642440427536548,0.059490750335790044,0.3942050986756006,0.3931760454581163,0.394559592229475,0.3823905741856375,0.0315868727394493
0.38456786892111183,0.3891565043414109,0.38472858676582267,0.3866677528042794,0.38611811822224534,0.3884757206099457,0.37712853867889323,0.3799696352638313,0.04994207582762926,0.0456751161113755,0.3910380568497095,0.3812092487365472,0.386705848698411,0.3782321266727089,0.0180438476625464
0.38090875778673505,0.38081476565404987,0.3815653722276048,0.3783629633636671,0.382201648766026,0.3809162160666137,0.37206376286186493,0.37079811798772666,0.05360575373179336,0.07063059561227403,0.3641312882793278,0.3617533844824425,0.3657972069799496,0.3524550834355173,0.1205415546140711
0.3799612626289064,0.3772864460482408,0.37845976590117575,0.37404842944120187,0.3810834005149143,0.3779049966870291,0.3701284853654635,0.3668962804675868,0.052876969889829616,0.06767527660574325,0.3702298068366226,0.3654193615962713,0.3718825579278598,0.3590926054273071,0.0617646385926817
0.3765167774695074,0.3725175096009194,0.37465238681295665,0.37326691755793656,0.37794190310248876,0.37552476768360216,0.3670416377885589,0.36561012005226584,0.05108870405843576,0.05295238663163893,0.3629796367062766,0.3717038937914059,0.3707643096767482,0.3630377992216238,0.0235066066834303
0.3726221012406429,0.37325557891103883,0.3719919348503496,0.37546920692031804,0.3746235664317478,0.3763391480809916,0.36449858719411415,0.3669651871059818,0.058910027225400896,0.05886608727918429,0.3747317175312777,0.3798737856450811,0.3779679088757705,0.3696753212134136,0.070693488574275
0.37171648432183424,0.3776737100259148,0.37321741862840085,0.3794250271558133,0.3756689985176709,0.3815371017633365,0.3643599722770165,0.3704898087663948,0.06772240490348394,0.05994597020377673,0.3865099722556667,0.3873366676268037,0.3919330091280263,0.3775390520872208,0.0621057360529616
0.3797623409935612,0.38656933056326404,0.3815863206682554,0.38748264966444707,0.3832730866252307,0.38896395034814063,0.37227701658047657,0.3776733074952024,0.05667271906672402,0.061728355279274984,0.4043605716379624,0.4035978946817147,0.4038176475177489,0.3920403049528176,0.0652931254302715
0.38600219860754853,0.39152258534436246,0.38438817460525293,0.3847979768700511,0.386237744779341,0.3882112497982308,0.37835474756091053,0.3816092917732939,0.05730562124454812,0.0627952866801174,0.4014290949065592,0.3794286312812591,0.386705848698411,0.389481260329477,0.0649291494818022
0.39025283986808346,0.3890926712325588,0.38618974050119154,0.38343589233706704,0.3886146724572855,0.3863571492209774,0.3804179772884789,0.3788575104686845,0.08931761789180968,0.10305238775999097,0.3842328430089515,0.380711723271099,0.3826489480664706,0.3733539478594658,0.1835665899197381
0.3893524577291525,0.3828050497672468,0.3856398439341172,0.3813320291612812,0.3884690401269081,0.38331801522194614,0.3806152369781948,0.37612554686645394,0.08416434242025285,0.08367729557882425,0.3702298068366226,0.3771243028097097,0.3772397472238836,0.3706616196619929,0.0449271112164908
0.38676647646966444,0.37973005516424,0.380523187305245,0.374805814268335,0.3842353002366525,0.37913344670688015,0.3773844431412273,0.3712120588784304,0.08225523657396717,0.07330493265972723,0.3735800659582265,0.3617533844824425,0.3707643096767482,0.3613850829023832,0.0525602068215332
0.3806574883526148,0.3777585804603982,0.37314933619628693,0.3721134225578648,0.37861285205315576,0.37799076667134185,0.37181318974249616,0.36886938523867424,0.07505121661560601,0.058627630319306755,0.3738156310527144,0.3667286391369244,0.3757054066002653,0.3641840379591619,0.0292730256384658
0.37296759671255836,0.372832265875691,0.3692634004556286,0.36807526589789896,0.3743479052349621,0.3737875493167088,0.36454123793783655,0.3636200905945091,0.09470071817654288,0.09347730597503334,0.3629796367062766,0.3599989525779674,0.3653811146074427,0.353121501306179,0.1631766572864865
0.36840286865937294,0.3690245781648022,0.366922412212941,0.3683857712844862,0.37115959743062954,0.37142750255940854,0.36168896945140483,0.36211092887210844,0.06280644175032912,0.070349939912912,0.3614092027430245,0.3690067820576606,0.366707409044808,0.3590926054273071,0.0240952077886693
0.3665916348217558,0.3664075979927138,0.360815941763335,0.36112116437688413,0.3659012300730762,0.3646009718516446,0.3571200085301488,0.3573462242666432,0.06922552157753414,0.07257413005944663,0.3611736376485369,0.3465919505616801,0.3509479104361167,0.3478168150557126,0.0770225103525159
0.3624666282782809,0.3619234097420933,0.3582392835633298,0.35703747407872827,0.36207838140067083,0.360284003339337,0.3530735192194914,0.35194836162746096,0.08502270169987165,0.09223145585070469,0.3529550332408523,0.3488700934824165,0.3516500663147218,0.3411526363490964,0.1315461074332208
0.3602994294089934,0.3622754853968211,0.35800885071617483,0.35988380768620204,0.3605492419317088,0.3628759053113762,0.3510902596364024,0.35272148776621287,0.12491072189949685,0.13772534611266707,0.3629796367062766,0.3655764749011496,0.3680597092554546,0.3542677400437168,0.2287131266365918
0.3580432392817882,0.3587498856212976,0.3535520699677918,0.35249422140281883,0.3564299274438925,0.3568454509303713,0.34849922695527,0.348536437810981,0.11279656240315639,0.12601885067670607,0.3516986860702508,0.3377150488360523,0.3447845421683614,0.3401663379005171,0.1026058598047841
0.35284510286342463,0.35097276396460053,0.3465343423498914,0.34630219559126535,0.35000650144332035,0.34942706030089665,0.3420589646531961,0.3413213898462999,0.1517463566007558,0.15696062671002617,0.3354185206512065,0.3339181439681584,0.3345902790419474,0.3268912939169377,0.2188441787766664
0.34918075694917033,0.3482658120021555,0.3453612296734663,0.34444359278736175,0.3490546901412113,0.3483476581757882,0.3396172095750919,0.3394169397859305,0.1463214510785127,0.12127307872045091,0.3428519080772655,0.3407263871795545,0.3461888539255714,0.3356080396651917,0.0498979827413004
0.3460241846830341,0.34456793197149405,0.3439000759380974,0.34348383679343186,0.3476815853119392,0.3471599528399793,0.3375912992482806,0.33661898809563356,0.1693203633103924,0.16302894201117374,0.3371721719101711,0.3415643248055722,0.3447845421683614,0.3310230847150397,0.2465406685926194
0.3431764644296707,0.34595896646081586,0.3430464269815916,0.3494253012351614,0.34552830728421713,0.35053774159893414,0.3369941888361679,0.34150672139147337,0.1393289531427763,0.1349379866069529,0.3487410354394596,0.3613082301186205,0.3572933191168438,0.3512821879831531,0.0787560757985112
0.3442967073234571,0.3497392778202714,0.3462724868417607,0.35089865020240696,0.3490598912958677,0.35450598180816084,0.33884416484512453,0.34414322024274907,0.15541128242245747,0.15096449313903196,0.3572999005391825,0.3538453481368981,0.3624424622266143,0.3494162179453004,0.1830175062031901
0.3447730722923101,0.34575963371200485,0.3490743407787583,0.3499082380193201,0.34964242061737705,0.3488382964219386,0.34044356773471235,0.3410582496167917,0.12598871466573486,0.12455344209037238,0.3378003454954718,0.3479274136531463,0.3375029256494942,0.334888308364877,0.0717313399930532
0.3460870020415642,0.34698027474918175,0.3482992484746916,0.34555580056595375,0.349314747874028,0.34740902768423454,0.3404915498214,0.3393214831107378,0.12113993107335466,0.09158698298671468,0.3494215568235356,0.3368509256592211,0.3445504902088264,0.33584795009863,0.0256540647793993
0.3461655237397267,0.3438417766331159,0.349131948990547,0.3456131428389188,0.3491223051517437,0.3462134613084696,0.3415524870714933,0.3383235790623273,0.0902379570757964,0.09173492152608585,0.3375647804009841,0.345727827384849,0.3438223285569396,0.3363277709655063,0.0920307986048282
0.3461655237397267,0.3454748629018971,0.3489957841263191,0.35061789715843955,0.3491223051517437,0.3499067472445943,0.3409553766593805,0.34164793134908117,0.08062670418738727,0.07138988480287907,0.3487410354394596,0.360627405797481,0.3572933191168438,0.3482966359225889,0.0306998113564655
0.3484688268858294,0.35325538069116336,0.35321165780722197,0.35872017028609715,0.35123917509687147,0.3576134354804807,0.3437649944020899,0.34892005645233654,0.11746918163647742,0.170003221018133,0.3688164162696959,0.3749247165414124,0.3730268119522534,0.3634643066588474,0.3672298934486409
0.3570957441239596,0.3624818976894832,0.3612663332373196,0.3685470437919429,0.3611733804904688,0.36746694119281414,0.3524017700058645,0.358637433096141,0.11652409208799477,0.13567077809563535,0.3809349316861227,0.3882007908036344,0.387173952617481,0.3780721863837499,0.06700589225064
0.3648746270219337,0.3710932555641242,0.37412343868653275,0.3794101801630576,0.3707747119860609,0.3758303433574716,0.36354427680332674,0.36961178342607437,0.13070230719154075,0.12262889882946659,0.3883159713134062,0.401136452905287,0.3925571476867865,0.3915604840859412,0.0965451402971291
0.37741192482856095,0.38081259352078956,0.3847181125454974,0.38584051900192917,0.38294541388188175,0.38544550825032914,0.3740896731886762,0.3760927732481341,0.12303510184047031,0.0996508565028031,0.4002512694341203,0.3987011966796723,0.4046758380360441,0.3890547528922536,0.0536947718494761
0.3866408417526043,0.3855036023670852,0.39168870617193435,0.38905380397784134,0.39089797935141607,0.3893157209883911,0.38155355334008634,0.3792671943919692,0.14523888261463677,0.11367347607763467,0.3948856200596765,0.3954803739296657,0.3970561464645151,0.3856160366796395,0.1417187152272978
0.3932942469769146,0.39103021570847263,0.39796276414674386,0.3948008714570476,0.3981743947156269,0.3960134435833633,0.38795649624140316,0.3846711366497901,0.19809671776888976,0.28628867379172507,0.4020834423912475,0.40629500641546,0.4094088887733077,0.3954790211654317,0.6315190692199059
0.39608438465162543,0.3923153504922072,0.39932964989918573,0.3948789874933129,0.39979195381374666,0.39576287842493557,0.3889587887188783,0.38414197402356853,0.19640287769784165,0.21037134649294986,0.3948856200596765,0.3950352195658435,0.3952617481080799,0.3830836487711255,0.0585366918953995
0.3939067162225829,0.387352776717536,0.3927570766451073,0.3860105205405069,0.39579746703768237,0.38803682355211205,0.3837553979847524,0.3779424928208162,0.20261043550242194,0.1827752074353101,0.3774276291681936,0.3682735866348949,0.3725847138064649,0.3655435304153116,0.1275829293200305
0.386316285400199,0.37900155625242427,0.3850166278247663,0.37733999788632705,0.3885730632200348,0.3815424886840102,0.37776296849176305,0.37165919702297984,0.20509191952595768,0.14388420227925833,0.3622991153222007,0.3599989525779674,0.3685538189478065,0.3590926054273071,0.0661021919671548
0.3815212270324033,0.3763044802418489,0.3801251669328864,0.3752343550809735,0.38456817413465794,0.3800388928018836,0.37467612091485847,0.3711667309470253,0.18663937886984422,0.11240813883508238,0.3709103282206983,0.3710230694702663,0.3770317010376304,0.3701817987951163,0.0494560119467305
0.3767732816835052,0.37698422537681825,0.37139490429181177,0.37103746779067787,0.37679244792343897,0.37686934777366016,0.3690622167724049,0.3699143207824049,0.07255995723802569,0.09531274624365928,0.3783437156467569,0.3626436932100867,0.3705302577172132,0.3674095004531641,0.0611219610608131
0.3721614406114223,0.37526495515096614,0.36627824766293965,0.37050895733427947,0.3719345694744233,0.3749036838034407,0.3643119901903289,0.36638705247518505,0.06841291927429433,0.07614233152135376,0.3718264146992619,0.3694519364214828,0.3709723558630017,0.3593325158607454,0.0378015020767427
0.36900486834528606,0.3707248927131482,0.3637173007934221,0.3654955889852889,0.36864223857696415,0.36864347564201677,0.36099589486591666,0.3605790529145401,0.05234722889511458,0.06651304682227978,0.3616447678375124,0.3554688522873077,0.356123059319169,0.3489630537932504,0.0472544774241318
0.369821494006177,0.3692773430176506,0.366461546518631,0.3682371197248631,0.3698957168491406,0.3707027205309073,0.3616516500506477,0.3611764957266808,0.06455643811056963,0.0867247772296632,0.3663822436266554,0.3737201812040116,0.3748212103086884,0.3623713813509623,0.12714823804443
0.3718473538187719,0.373198104439658,0.3683992772787975,0.3723953209069417,0.371430057472759,0.3753696150725124,0.361747614224023,0.36433820370511816,0.062364678942015486,0.0706489235210954,0.3810396272836728,0.380711723271099,0.3847034041557226,0.3706616196619929,0.0384972161039598
0.37342825734177876,0.37754814738036907,0.37569980884547904,0.38131233095245926,0.3761110966634593,0.38155822793857985,0.3659273871088127,0.3723282574291163,0.0715503919500999,0.08278279104780867,0.3862482332617912,0.3991463510434943,0.3939354536707148,0.3883083648771126,0.1070505261012352
0.378301837407737,0.38376353659659707,0.38166487732069443,0.387300646900826,0.382092424518243,0.3879984836713601,0.37163192408167617,0.3775039051944317,0.08295573428507841,0.08679793194908418,0.3961943150290531,0.3992772787975596,0.4008789951369204,0.3878552007250626,0.0948282137516352
0.3836779563419358,0.38535081190056686,0.38867213071826967,0.3883688043589453,0.38996697266793223,0.3904975891367784,0.3786266460521406,0.3796481580114786,0.09727080434524883,0.09747523054105074,0.3885253625085064,0.3905051192751838,0.3954958000676151,0.3839366636455725,0.1188298277249839
0.38905931005601213,0.387996878666057,0.3923800047133992,0.3896657199658499,0.39468962109588324,0.39314321024066673,0.38317961294450076,0.38147751061190677,0.08611754135286735,0.08877746138820806,0.3932890121970372,0.3922595511796591,0.3984344524484434,0.3851362158127631,0.0713819230825227
0.39065068313877405,0.3883300833431987,0.3897719238524182,0.3823342529659648,0.3925311419135048,0.38673247624172125,0.3842778695953511,0.37970264138001947,0.11053180005865208,0.11270781080309984,0.3889964926974821,0.3676713189661944,0.3739110082438303,0.3761529029162447,0.1605685096328834
0.3871224415013349,0.38175573058699763,0.38311031972557535,0.37683561211373656,0.3883078043325618,0.3820945727498142,0.3795383056992057,0.3746719427188081,0.11222584811595646,0.11364546266465225,0.3686070250745955,0.36583833040928,0.3728187657660001,0.3646105453963855,0.1155207663877571
0.38016541904412915,0.37497355463900656,0.37601927256539835,0.3724977557413825,0.3809949808857567,0.376168007800841,0.3741589806472251,0.37010082030092534,0.13333582916840853,0.1425563481144,0.3614092027430245,0.3638220429966745,0.3643148779028945,0.3609585754651598,0.2003781190138955
0.3788514892948751,0.3773009410134165,0.3690120191678231,0.3668214545900242,0.3731672431279744,0.3695643756267952,0.3711680972436958,0.3697279624099255,0.16218913854172512,0.18273635694012227,0.3819557137622363,0.3554688522873077,0.3563571112787037,0.3689822466279258,0.2630963745915669
0.36980055488666697,0.3675454073942765,0.3561234910576343,0.35381993993625444,0.3608925181390269,0.35872985958576536,0.36186490376925956,0.3593587244201444,0.17774859037314808,0.1715506320399607,0.3480343401559963,0.327816910628715,0.3370608275037058,0.3386202484405822,0.1491791822396376
0.3583206826152959,0.3555626487097267,0.34900102123648163,0.34656628324431327,0.35025095571216813,0.34605430509368906,0.35057311936876906,0.3461371432513603,0.18871383378986312,0.18616533026545998,0.331597131340627,0.332058969860431,0.3207031961095364,0.3196939809137922,0.2153947267164585
0.34670470606710974,0.34055081325103936,0.329492785880751,0.3204765733730844,0.3310118846383897,0.3229106735281621,0.3368982246627926,0.3295034527897412,0.33881439514476874,0.4127847445644018,0.3105271423336647,0.2682971536306267,0.2766234103971082,0.2962360718665031,0.8660235731622854
0.33083285347851116,0.3210505221007034,0.3112519311843724,0.3045236387536502,0.30861571268821675,0.299385121736118,0.32007783760729336,0.3119545152557152,0.3644530689412043,0.3847136590416256,0.2820499398000314,0.2726177695147818,0.2523340181520297,0.2768566401876633,0.3285714879960731
0.3021200858503899,0.29349763994101224,0.27965120846317,0.26883750539619866,0.27869867110498536,0.2685140489449275,0.2931812123473903,0.2861360502799471,0.5052460373418525,0.5788295115593528,0.23839187562163,0.1974652386812956,0.2067719033625465,0.2344991203284108,0.9670612165948074
0.2773752813694183,0.27043519921105436,0.26422268192411424,0.26278309624194457,0.25258887473019015,0.24784664783986163,0.27341259263208406,0.2706830834746483,0.575464693293067,0.5526438283714723,0.2243103177511386,0.2506742779334364,0.2065118456297299,0.2397771498640508,0.5002724619957113
0.25746217871538496,0.25763400549752297,0.23821519285658174,0.24252923900221915,0.23079083556549557,0.23580209865526222,0.2531428266780402,0.25323710603095656,0.5845867625067335,0.45543090984257834,0.2320316180704602,0.2020215245227683,0.2117130002860634,0.2183451511435731,0.2610050727847903
0.23765900643877927,0.242259763981894,0.23414595826023202,0.24433648621777207,0.2191922606818714,0.23007824442983726,0.2427307138668231,0.2502165732907769,0.43767879018554445,0.34744851041383235,0.2115112809506361,0.247950980648878,0.2186305359789873,0.2441755078104175,0.1314837115563403
0.23307857404596138,0.24788910193324334,0.23102987771347774,0.24857011307218482,0.2202741008503888,0.23929990261809708,0.23715946046809194,0.24981117325852042,0.41472251513619973,0.30289571119233805,0.259147777835942,0.2570373667810104,0.2577432189946168,0.2490003731940075,0.2137901127493495
0.23855415379783285,0.25384932608249133,0.24741679541229158,0.2588466844399115,0.23389072374067038,0.25115160768338296,0.2437063496294717,0.25561863755078346,0.2387260009858548,0.23095668940925287,0.2657697743809873,0.2793998271753648,0.2748550178139547,0.2672335661353096,0.0870786458430826
0.24702402763963777,0.25811944637504863,0.25103563853465666,0.26215395414169484,0.2462954775960263,0.2569462767577584,0.24836594338113774,0.258104131241316,0.16376692228177556,0.19579681576460695,0.2666596869601633,0.2687684935452616,0.2685356149065093,0.263075118622381,0.1254770684753151
0.25608019682772337,0.26451711892032853,0.26529105239728723,0.26586883403977035,0.25914232959717054,0.26327993793576715,0.2589220024524178,0.26244456966086843,0.14686783097372919,0.18936774925792413,0.2773124640108882,0.2732985938359213,0.2759472602917846,0.2711254464999733,0.1765096162445585
0.2625294456368109,0.2575972542789103,0.26125847757207576,0.2531752582007871,0.26089511871635496,0.25131811914881463,0.2557338593591726,0.2510413105553095,0.2427484551820815,0.3298741103713167,0.2437575249960739,0.2277881065228206,0.2273944815749096,0.2282347923441916,0.6108868325981018
0.2538083023608857,0.24357885667137877,0.25247584382937494,0.23982490482302685,0.2535770941148935,0.2412631114283128,0.2506264327984219,0.2418486205002911,0.21761768382345287,0.24929482556627994,0.2155420614563157,0.2131241980675062,0.2211530959873091,0.2234632403902543,0.0881362559562064
0.2479767575773438,0.24125658793534518,0.23935164576186851,0.23114288216129553,0.24323719865810203,0.2352272544622077,0.24187236764941086,0.2357201604636122,0.22000744590797433,0.19920570246608327,0.236612050463278,0.2137788368378329,0.2231555405299975,0.2234632403902543,0.0990274562656899
0.23915091870386845,0.2350145561544923,0.23500484432690033,0.2364400835643373,0.2345200634540867,0.23180148260361602,0.23569334115263635,0.23454010235524422,0.22126929852475344,0.176732578830459,0.2225304925927865,0.2470344863704208,0.2249499388864327,0.2321799861385083,0.1317863315592105
0.23181699209548237,0.2368906477593141,0.23067375422242004,0.24150777014739808,0.2284087067328946,0.23633114729768542,0.22914645199125663,0.23582373513452104,0.31006507889958623,0.3246512252598802,0.2406428309689577,0.2516431433135196,0.2453904766858242,0.2383910006930747,0.6204885181187226
0.2335549390148144,0.24207618503712078,0.23118175390819343,0.23778121508216124,0.2305255766780224,0.2368803752986398,0.23154555632563847,0.23729259476171424,0.21636851836830617,0.2639021601538206,0.2524472595927342,0.2303281049516876,0.2379788313005486,0.2402303140161006,0.1424040299417014
0.23595246819871224,0.23722735915001544,0.23770719317080835,0.24043794151496778,0.23133175564975414,0.2329815804810825,0.23380071439995734,0.2364414067617591,0.21583482563472195,0.20442403753197558,0.2275297073758048,0.2457513943805808,0.2251839908459678,0.2347390307618488,0.0854677922882855
0.24055907449091762,0.244699933408112,0.24947497970619814,0.25116455084823913,0.2404545809169635,0.24491094260940308,0.24093405128751932,0.24400424611719415,0.2112395772887327,0.16163309653323152,0.2596450819243051,0.2726177695147818,0.2687696668660443,0.2591299248280643,0.0760512145357434
0.24956289588022823,0.2523164887851878,0.2548168320720626,0.25869094996540715,0.24917171612097883,0.25278583337510513,0.24716105987098147,0.2504411737634024,0.2064350947689376,0.1436767040088994,0.2675495995393394,0.2737437481997433,0.2685356149065093,0.263315029055819,0.1077639189602351
0.25802230016227823,0.26252427664986105,0.2611484982586608,0.26689445805910844,0.2577380178399605,0.2645978840103142,0.2550034653729274,0.259495125243203,0.10117637026545281,0.12718276787303248,0.2829398523792076,0.283301474246511,0.2882219852807323,0.2776030282028043,0.0941948956012986
0.264628592367691,0.2701757579731734,0.2702820183822567,0.2699282072292945,0.26700127428289083,0.2711636271786096,0.26288852161859566,0.2662152819102826,0.15135700632902171,0.21589091533520366,0.285478720619798,0.2759957055696667,0.2842951135152004,0.2796555952444419,0.393307210259546
0.270575302308538,0.2658715910087955,0.2717169865668124,0.26426088325398284,0.27349231529399526,0.26665548341956974,0.265223649837394,0.2596150785588019,0.14140382403530768,0.1558279038300409,0.2572632570800398,0.2529262353033596,0.2576391959014901,0.2464146718558404,0.0357018808197154
0.2612102811076794,0.2481877193125345,0.2637984760009427,0.25384899439779957,0.26287675864041815,0.24966761681243274,0.25734925627765626,0.24632937138232647,0.15678877539772168,0.15487725966929836,0.2128199759200125,0.233025216685433,0.2156918835981587,0.2197579570293756,0.1529759713478133
0.25745170915563,0.24837739280138704,0.261080415826547,0.2559504787077879,0.26018776168309354,0.2514752879149173,0.2537932505198059,0.2460645810104067,0.15066004438426703,0.1289582610771862,0.2487567397790921,0.2601534473277647,0.2550906301198865,0.2455350002665672,0.0771202638929619
0.2508454169502172,0.24888772565163927,0.2532823587944173,0.2520707155004794,0.25310378904116704,0.2519175659669781,0.24742762701924606,0.2459680242402729,0.14802797831119316,0.11298369579676719,0.2499083913521437,0.2443111890858624,0.2528021220710997,0.2457749107000053,0.0810345652359292
0.2402502224781448,0.24342606652090473,0.241210819869596,0.23992648064883967,0.24029854627727348,0.24136801054322957,0.23485098896412002,0.23623615114978583,0.10417761194340273,0.13334092333804276,0.2325027482594357,0.2156380109455602,0.2202688996957325,0.2167724049688117,0.1740553784205939
0.22841438517510335,0.2283120678688807,0.23352274215088115,0.23144626933582166,0.229303305333784,0.22846633742350064,0.2253771925147945,0.2238393306362614,0.13466402940093714,0.15160527159449097,0.1980840705648326,0.2144858467097856,0.2026629911840428,0.1990456896092126,0.1881339681073874
0.22904779354028162,0.22420371782788842,0.23161643405169027,0.2287954049537073,0.2306556055444308,0.22646201983279798,0.2234952284480461,0.21934226598938547,0.12019047381349035,0.12793957886652044,0.2159870177459039,0.2234936761894785,0.2224533846513926,0.2103481366956336,0.0806081934105794
0.2246715175626865,0.2250942651822978,0.2264578805415171,0.23065049656143785,0.22412815645073203,0.22512580810566285,0.22008850029322385,0.22239529715707565,0.1356153585371078,0.1367079484146967,0.2268753598911166,0.234360679776899,0.2224533846513926,0.2285013594924561,0.1542446875110492
0.2240904569962833,0.2323972062949077,0.22777763230249543,0.2374036470045432,0.2232335578498427,0.23286024842599284,0.21847843471770534,0.22750505904552135,0.2761235937529247,0.3523305460481357,0.2470030885201276,0.2509099478907539,0.2483291290666528,0.2377245828224128,0.7835757413150138
0.22738836831911216,0.2379289058211318,0.23527717405535623,0.24264767123965014,0.2299170415832315,0.23980227173822075,0.22350055979101136,0.2322977161421281,0.36770368614041976,0.44553897748478016,0.24899230487358,0.2531357197098641,0.2536863183626766,0.2418830303353416,0.6319558403580691
0.23350259121603933,0.2348376655639107,0.23916310979601452,0.2397369559641258,0.2357163290250436,0.23708799062318162,0.228517353521352,0.22957503018172407,0.3442266135053795,0.32060885330058214,0.2286551850494685,0.2339155254130771,0.2316594283931033,0.224129658260916,0.070748604932186
0.23829241480395744,0.23653715560443858,0.2411951085391081,0.23770919394439938,0.23932072920188285,0.2382171222606507,0.23288372340992694,0.23044334883398546,0.33522746416916765,0.22561005111022814,0.2399361356854944,0.2336536699049465,0.2404753855355889,0.2321799861385083,0.0356124467295201
0.2393236664398261,0.23503530975977913,0.2350467412082013,0.22634574367038793,0.23757314123735468,0.23004989645001775,0.2309484459135256,0.22657055655947345,0.3570030012416779,0.23811415836468555,0.2320316180704602,0.203618843122365,0.2137154448287519,0.2188249720104494,0.2631223728736004
0.22212741454221846,0.21036414951721583,0.2193354107203645,0.20834826093078188,0.2216992172262242,0.20968643397034528,0.21501839313323026,0.20373847734662767,0.24516005582351114,0.23352977698451705,0.1610218290320892,0.1723532954515698,0.1689595090110004,0.1580743189209361,0.22436101422418
0.20770559597968904,0.1992038370317882,0.20707533582968915,0.2028439557060171,0.20557563779158974,0.19748042971006488,0.20183931332302607,0.19448819532585868,0.14804524117046342,0.20448044035395485,0.1768832120609329,0.1918353452564875,0.1730684211895041,0.1759876312843206,0.1463817670928305
0.20504109302203846,0.20458011477493065,0.2022833800308989,0.2052145526103867,0.20216888149169115,0.20319550210458007,0.19913099109665724,0.1998548125935964,0.157681660395881,0.17596386058906122,0.2153326702612155,0.2099557464191259,0.2146256468936104,0.2105880471290718,0.118930701059274
0.19926189603727168,0.2067334601038406,0.19338029275445806,0.19985577958117184,0.1939406548253712,0.20190841880438312,0.193047928773258,0.20049143323623494,0.1704773908540123,0.15050627339943304,0.2110401507616605,0.1891382335227421,0.1993342522039892,0.201764674521512,0.0995910990201767
0.1953305763492645,0.20861397994603523,0.193097488805677,0.20063879418026784,0.19083556549553998,0.20066894526278736,0.18918270512342056,0.20016057341124407,0.18455868436213732,0.21151379573769713,0.2123750196304245,0.2022048233784598,0.1981899981795959,0.1994988537612624,0.3335288404142253
0.20040831283044547,0.20121282377668814,0.19318128256827882,0.19134995087503817,0.1936597924739292,0.19480617814284037,0.1928879884842992,0.19230729418260575,0.21112830464162924,0.26007890236567793,0.186410511437994,0.1727722642645788,0.1830806439029464,0.1766007357253292,0.3572091156216396
0.19905250484217135,0.1908432732243129,0.1847704836471235,0.17749375080026242,0.19082516318622733,0.18283587701222515,0.1901316841712427,0.1822735660280832,0.2906780559940598,0.35476277619544644,0.1701041721195624,0.1497813506507109,0.1588952747509947,0.1622061097190381,0.5441305238549836
0.1835784955242632,0.17321639004010014,0.1762601796328786,0.1741305759828087,0.1756377915897329,0.16812018097852952,0.17823745801567412,0.17188801613579843,0.32659811439660064,0.3360188484876236,0.1379626236716746,0.1674042263479013,0.1386887889111382,0.1511169163512289,0.2985309930719778
0.1750196304245406,0.171559535114416,0.17530702558328315,0.17754453841346077,0.16975008451876317,0.1687120262687332,0.17197313003145492,0.17140635562400428,0.3476209492076763,0.29224765668360075,0.1682458252630476,0.1843724632747649,0.1698957168491406,0.170443034600416,0.2047052730755551
0.16954405067266917,0.1760387303666331,0.17627065385320378,0.18737068051832817,0.16809091618339272,0.17577273634673665,0.17045369728634646,0.17823813376124287,0.3114278048506554,0.24568614399877411,0.1849971208710673,0.207022964728063,0.1898941565027436,0.1919016900357201,0.1525631186291209
0.1743757524996074,0.18754882710198373,0.18148157846500296,0.191189416120077,0.17241827685746233,0.18542097332225596,0.1747560910593379,0.18486299070425735,0.2568894407457555,0.19196319436489606,0.210569020572685,0.1988268873235747,0.2047174472732946,0.1981127045902863,0.0845172950971399
0.18400251269434115,0.1977785424323996,0.1983084134174762,0.20543145255107706,0.18616492861415232,0.19949016005965217,0.18607986351762013,0.19618365113965472,0.16317915312156167,0.15316849148793563,0.2182379730932314,0.2339155254130771,0.2276285335344446,0.2188249720104494,0.0755790857340147
0.20110453855415375,0.20634327927851223,0.21084605514676996,0.21365178003217475,0.20475905651054535,0.2102132495041359,0.1993495761582343,0.20327759394453637,0.19169698066351767,0.24915237125254305,0.2234727529707375,0.2300924349943701,0.2316594283931033,0.2174654795542997,0.4411201307817579
0.21558393969533576,0.2177764631753274,0.22274476943622507,0.22372319826213002,0.219140249135308,0.22074272632707528,0.21143573066055338,0.2124763316670281,0.17635965815378912,0.2087744676773328,0.2406428309689577,0.2438660347220405,0.2418016799729541,0.2308738071120115,0.1280186605269123
0.23028320159137303,0.23134878556730284,0.23347037104925503,0.2360324564391576,0.23289210204665434,0.23337962457120862,0.2222636882230634,0.22366471372744204,0.1729975603212139,0.18443385494030348,0.2584934303512537,0.2606509727932127,0.2586534210594752,0.24604147784827,0.1357526294662448
0.23918756216301099,0.23926279818849347,0.24094896436146537,0.23609492225431392,0.24102670792916028,0.23738324194274715,0.2305965772778163,0.22903552577297828,0.17537359531282165,0.15508839331192856,0.2550908234308747,0.2362198538846265,0.2453904766858242,0.2397771498640508,0.0963974700551787
0.24244359524681985,0.23768124496308748,0.24525386891513268,0.24254329756334714,0.24265466933659274,0.23684494148570043,0.23593858292903983,0.2345353506041746,0.183943461016096,0.14286840029141448,0.2345181385122755,0.2554400481814136,0.235768340571607,0.2455350002665672,0.1184284142503863
0.24823849657121916,0.24260324983963635,0.24733300164968974,0.24185823126461656,0.24585337945023794,0.24044762064424338,0.24068880951111585,0.23676243789100962,0.13304173660204527,0.1574494364314444,0.2524472595927342,0.2404880986671554,0.2476529789613293,0.2412166124646797,0.1866115087115043
0.24836936606815682,0.24216789271097292,0.24638508471025689,0.24094763751803647,0.24464671156996856,0.23888786062003123,0.24021431998720474,0.23400874509149175,0.12310144945621988,0.13107203255355804,0.241297178453646,0.2391264500248763,0.235768340571607,0.2285013594924561,0.0783172247977853
0.24697167984086268,0.24528026154557633,0.24679357930294063,0.24819624026423479,0.24505240163316255,0.24615253087183597,0.24063016473849758,0.2387127305959059,0.11508940289225685,0.11927882058451522,0.2515049992147831,0.2626934457566314,0.2606818713754454,0.2481207016047342,0.0956923966464296
0.24924880908757788,0.2523456642518677,0.255162481342795,0.258152281537456,0.25089329831222534,0.25563334060827,0.24588153755931116,0.2478198250533101,0.1441621377659364,0.1601062618642023,0.2664764696644505,0.2780643640838984,0.274594960081138,0.2660340139681185,0.2417611444235764
0.2573993613568549,0.2599874094541321,0.25601089318913817,0.2586622234960138,0.2572647127662341,0.2596306980193969,0.24884043290504873,0.25198970903395845,0.14194604420539886,0.14252015672536775,0.2752708998586609,0.2596821074131294,0.2676254128416507,0.2603294769952551,0.1073479464476987
0.2617285243155525,0.2646892977648288,0.26270391997695663,0.26375922653275846,0.26031258939484564,0.2607179193810603,0.2529775550461161,0.2552938804126445,0.14467815166773773,0.1617707864913114,0.2740930743862221,0.2739532326062479,0.2628923621043872,0.2619022231700165,0.2002720460231987
0.275757734387269,0.2802739414472954,0.2786718688627615,0.2821615491731391,0.2754791563727147,0.2776790047410243,0.2701124913365677,0.2749212672566677,0.2019459194136451,0.2293992121699816,0.3114432288122285,0.3189661944539004,0.3116011754609523,0.3141760409447141,0.364656063527322
0.2879128932628383,0.2909428921624067,0.28926130561156355,0.29332124261563997,0.28689048968871084,0.2910321824791582,0.28102575038652233,0.28417651045594766,0.21348021322750985,0.20405409668523888,0.3122807935926294,0.3156406295006417,0.3177385379554259,0.3026869968545076,0.1533638657157535
0.29301680364340676,0.29129393529736886,0.2891513262981487,0.2880523175827014,0.28939224507840733,0.28972270066264566,0.2839419949885376,0.28298941929669674,0.17859301457359691,0.15847778150816316,0.2919960215672931,0.2775144675168242,0.2871037370296206,0.2806152369781949,0.0673251511540117
0.28667748521174685,0.27538739276503293,0.28658514231846877,0.27431860756004406,0.2854497698489064,0.27578614600647916,0.2808871354694248,0.27034467266436146,0.18872589699272665,0.15832264051989123,0.2435743077003611,0.2468511875147294,0.2479130366941462,0.2450551793996909,0.1580123585433474
0.2845940428204993,0.2714835493200169,0.2846840713294404,0.27102836426039817,0.2859074714586638,0.2722510540553775,0.27927173855094106,0.2648381946354403,0.15886905393291606,0.12254437058797606,0.2636758624299847,0.2644478776611065,0.2651808701531741,0.2538252385775978,0.0509878307241457
0.2780348636339841,0.27387147717322874,0.277949147660321,0.2757827682096999,0.27770525056562556,0.27169739303550533,0.27097616889694526,0.2674581939818718,0.10804761221378487,0.11854586536920607,0.2786473328796525,0.2852915761083034,0.270590070995761,0.2726981926747349,0.1105488549316661
0.27083180652253575,0.27466948746061487,0.27018775039932963,0.27613305987169484,0.2693625984968663,0.27314002122754677,0.26312843205203407,0.26612156686456506,0.09421631818569423,0.10709970877123748,0.2762655080353872,0.2768336431956848,0.2760252776116297,0.2634483126299516,0.0842073955753003
0.2678479819923572,0.2754719579458768,0.27097855403388416,0.27791153514432876,0.2674849816659299,0.2746652317766773,0.2608146292050969,0.2670964521575464,0.09103184061597204,0.08853406028262523,0.2770768989164006,0.2814684856895966,0.2777156528749384,0.2690462227435091,0.0514027633054007
0.27666335130607755,0.27953169005357226,0.28043677498756187,0.2833217875239252,0.2753907367435571,0.2789240918785456,0.2681825451831317,0.2720292212016526,0.09680990680135852,0.12132360334517674,0.2876511542689631,0.294142292283118,0.2874418120822822,0.281894759289865,0.1869026894702798
0.2762236297963671,0.27351354499619224,0.27677603498389586,0.2709292508968757,0.2731386367773646,0.2705895180264343,0.26712160793303835,0.2641929982434788,0.1781458441226203,0.2334382413402694,0.2614772548814322,0.2461441776427767,0.2539203703222116,0.2485205523271312,0.4576675173304547
0.27269015337905045,0.2693356802618179,0.27103092513551025,0.2661415095533755,0.27038722596416404,0.2660040176608756,0.2620621634589753,0.2585956555971258,0.16614732498476492,0.17247758064097599,0.2609799507930693,0.2565660268663752,0.2568330169297583,0.2474009703044197,0.0505562592423892
0.2716798408626918,0.2699617686590765,0.27140799706721835,0.27033400732032536,0.27123501417314644,0.2707574179927643,0.26267526789998397,0.2612350486764155,0.15498844636346423,0.12445605458358293,0.2712139454535937,0.278719002854225,0.2802642186565417,0.2665138348349949,0.0284130024687968
0.27081086740302573,0.2708851896454078,0.26777867972452796,0.26799663787226524,0.26930538579564656,0.2698607823243226,0.26054806205683206,0.26029343029352686,0.16639919634110573,0.11912287412025797,0.2727320316180704,0.263321898976145,0.2680675109874392,0.2584101935277496,0.1084565131936081
0.2656127309846621,0.26781028382265354,0.2617088690460604,0.2665955048784368,0.2651236574519543,0.2687515783374887,0.25545129818201207,0.2589992668342728,0.1428738708946112,0.1025072701594411,0.261660472177145,0.26379323889078,0.2665331703638208,0.2564109399157648,0.0692760622378073
0.2643354446945506,0.2635704636920606,0.262159260520045,0.2605290482565245,0.265742594856058,0.2648394046725692,0.2561923548541878,0.25674145645218516,0.20400331946065,0.3227764334931769,0.2550908234308747,0.2483961350126999,0.2570150573427302,0.2522258356880098,0.7633147601606485
0.2618018112338376,0.2584842369578752,0.25726779962816515,0.2510556063066749,0.2614308376459574,0.25498434674146453,0.25421442661406407,0.2503314140027239,0.21321003908061753,0.24738090810952687,0.2483117834895043,0.2321087224069757,0.2352742308792551,0.2375113291038013,0.0965898573422268
0.2559597968905408,0.25299078255095325,0.24812904239440675,0.2450454764329276,0.25305697864926013,0.2494545390519948,0.2462014181372288,0.24237054015208878,0.21756506330061706,0.18164997992928275,0.2420038737371094,0.233025216685433,0.2383949236730554,0.2264487924508185,0.0501881235687945
0.2446631419148825,0.24074344061389522,0.23759197674723082,0.23357584120204022,0.24186929498348633,0.2370127235875199,0.23464306658847364,0.22845317202938384,0.23392047853477838,0.18451118307432676,0.2162487567397791,0.2106365707402655,0.2121290926585701,0.2006184357839739,0.1902335893644147
0.23453907763178558,0.23084234399648365,0.22668307627850948,0.2254668063170846,0.23126414063922188,0.2291776152725128,0.2234045956176361,0.2190416430401149,0.24840588933883243,0.17024182746891037,0.2110401507616605,0.2092487365471733,0.2135073986424986,0.200218585061577,0.1417031162580776
0.22297021410249704,0.21964373125913306,0.21384168215978422,0.21170759235108091,0.2185109094218916,0.21720137726703478,0.2095377725649091,0.20699166883486822,0.1530685252318526,0.20903719818785674,0.1972465057844318,0.1841891644190735,0.1932489012560788,0.1828917204243749,0.2866279396257495
0.2096843427733864,0.20705662978740572,0.2036712142239912,0.20155718914339085,0.20852989363638724,0.20659063549526765,0.19741429866183294,0.19695909908605225,0.1575697637900087,0.1790568155029069,0.1818824268439511,0.1812563827280107,0.1853691519517333,0.1768939595884203,0.1190960501330072
0.2046118410720829,0.21025154160180115,0.20027232972845582,0.20638172416484593,0.2044469872311653,0.2103872208791603,0.19285066908354212,0.19918294757715635,0.17431057755703497,0.1640019411365799,0.216641365230592,0.2160307942077561,0.2179803916469456,0.2036306445593645,0.1338921924039259
0.2049625713238758,0.21283516373411535,0.20203199874309355,0.21073278804771536,0.20669388604270145,0.21471267615819056,0.19456203017540116,0.20251371213252725,0.18700023502446952,0.19389525299158242,0.2180024079987437,0.2194349158134542,0.223363586716251,0.2091752412432691,0.2536818767015875
0.21319688007119303,0.2259606739888257,0.21295137343214013,0.22843706202927896,0.21579590669128548,0.2294809514005999,0.20470757583835364,0.2186579125471313,0.21384481313474799,0.22123883759754492,0.2522116944982464,0.2638456099924062,0.2590175018854186,0.2509463133763394,0.27592600680947
0.22604302989059305,0.23779953428636116,0.22797140537851215,0.2387211494031638,0.2303175304917692,0.24160630768656574,0.21899024364237346,0.23054029484624552,0.19693698640393836,0.21485549372226373,0.2614772548814322,0.2592893241509335,0.2658570202584974,0.254305059444474,0.2020888059717013
0.24389886405276656,0.248920222075847,0.2434208803582183,0.24531535214428976,0.24684159883494142,0.25040070301357525,0.2352988217732046,0.23983914664502234,0.2038885110471899,0.1945215535979308,0.2711615976548186,0.2585037576265416,0.2679894936675943,0.258436850242576,0.153853673349265
0.25552531016070773,0.2575380133073306,0.2543821519285658,0.25382261878269097,0.25811770212987284,0.2583874380495845,0.24745961507703784,0.24803763478952515,0.21209897649963283,0.18799587562066733,0.2747735957702978,0.2708371520594934,0.2743609081216028,0.2644346110785307,0.1749445196661404
0.2657278961419672,0.261363788173234,0.2641336510513498,0.2586125496642521,0.2678282578732478,0.26289708051076505,0.25722663538945456,0.25136187079480093,0.18912980630239948,0.1716092589855851,0.2690153379050409,0.2681924114273744,0.2719163654331261,0.2580103428053526,0.1388360257154207
0.26789509501125475,0.2619250883970507,0.26571002121029613,0.262984186705214,0.2693521961875536,0.2641437848261592,0.25943914272005114,0.25491086387297474,0.15959762978862352,0.15716121407058678,0.2630476888446841,0.2717274607871378,0.2666371934569475,0.2620088500293223,0.1282651242405901
0.2673716170235041,0.2609033472455935,0.2626777344261436,0.25669875454686636,0.26652276805450803,0.2599991497485294,0.2580103428053527,0.2523275958723104,0.17354373223017416,0.19538058210687606,0.2588598649426791,0.244127890230171,0.2517098795932697,0.2471610598709817,0.2718193181794546
0.2630110453855415,0.2570551446520642,0.26352090916232424,0.2587057134670591,0.2644891165838815,0.2592731786038402,0.25651223543210533,0.25186716837365336,0.16368726354562485,0.16511083138009017,0.2493587394650055,0.2627196313074447,0.2578212363144618,0.2509463133763394,0.1045713299265184
0.25703816154530695,0.2530064886244179,0.25717876875540086,0.25217929231966485,0.25793566171690113,0.253379996998127,0.2499760089566562,0.24516260514953056,0.15591876888775186,0.15544123637898524,0.2449091765691252,0.2391264500248763,0.2415936337867006,0.2317534787012849,0.1361020463767754
0.2528712767628121,0.25139796374713413,0.24926025818953104,0.2443194810791184,0.25052921748628193,0.2472147127587614,0.24550301220877543,0.24199018978833664,0.16030353514239773,0.15721410991554022,0.2481809139925666,0.2285998585980255,0.2348841442800301,0.2356453590659488,0.1607598569886502
0.2452756111605507,0.24262176277588177,0.2382832752886957,0.2351605028137326,0.2416872545705146,0.2389522681318779,0.23550141280588582,0.23199374419718255,0.23168192245856387,0.26652842688416706,0.225069360833377,0.216842546282961,0.2224273788781109,0.2120008530148744,0.4851570608214208
0.23887871015023818,0.23737296181429338,0.23353321637120636,0.23023286709006316,0.2369229969053129,0.23526437584367235,0.22877325798368614,0.225835924718116,0.24716982701783063,0.29410523158137414,0.2268753598911166,0.2203775956427243,0.2278885912672613,0.213520285759983,0.3492588409757883
0.23435586033607284,0.23383013800758853,0.22536856162769384,0.22745403059000271,0.23090526096793482,0.23275376943830536,0.2218425121288053,0.22265481117938912,0.3445930852889241,0.393299361481578,0.2267444903941788,0.2218963575898819,0.2277325566275713,0.2162925841019353,0.5916876212819856
0.23028320159137308,0.23073538628693446,0.2195658435675194,0.22167364030133663,0.22624502639585983,0.22793333326764542,0.21762008850029324,0.21865032763916767,0.36296659116765556,0.33818943291119635,0.2245458828456263,0.2101128597240044,0.2182924609263256,0.2106413605587247,0.227969575770433
0.22599591687169548,0.2294050876560159,0.2220272853439472,0.22808478269427923,0.22615140561204586,0.23009423563208367,0.21614330649890706,0.22185403477911778,0.4337129082510227,0.39695676940929286,0.2267444903941788,0.2409070674801644,0.2344160403609602,0.228261449059018,0.5144914424054858
0.22885934146469133,0.23273221970346267,0.22637932388907803,0.23159076813239118,0.22937092034431644,0.23290447460121033,0.21893159886975527,0.22321679480911702,0.41532733916942766,0.39571425141067706,0.2393864837983562,0.2386027390086151,0.2385249525394637,0.2259423148691155,0.3932292154134454
0.2321049049887451,0.23618920563943693,0.23228678415250464,0.23769881107487992,0.23403635607104775,0.23900823970111287,0.22344724636135843,0.2275107042787442,0.4003847745740961,0.3553248402734949,0.2431031775113855,0.2499148969598574,0.251215769900918,0.2360985232179986,0.2745460179991306
0.2373239805266188,0.24173942645414037,0.23910550158422578,0.24379585563274916,0.2403817647517749,0.24582535981114417,0.22886922215706132,0.23280795721264605,0.3464570581175995,0.3442329065154976,0.2528398680835472,0.2559899447484877,0.2594596000312068,0.2434024630804498,0.3220490389995029
0.24321310788881326,0.2458234575216264,0.24798764042001617,0.24737175505615158,0.2493069461420435,0.25152302916665237,0.23532547848803106,0.23617951887962185,0.3614514112907419,0.33046905155571327,0.2539915196565985,0.2545235539029564,0.2629183678776688,0.2429226422135735,0.3029413416361446
0.24861540072239957,0.2484676232017878,0.24770483647123517,0.24474551928285412,0.2519283280888357,0.2501896694760753,0.23744735298821767,0.23707661977306493,0.3520604158477207,0.3761581894339356,0.2537559545621106,0.2394930477362592,0.2475229500949211,0.2388708215599511,0.4675364651903801
0.2487096267601947,0.24559762013030248,0.2502029380188012,0.24686142843738454,0.2540451980339635,0.2498295470724178,0.2398517886655648,0.23737257760066033,0.3441384273327218,0.36864521723544064,0.2398576139873318,0.2510932467464453,0.2491093022651028,0.2379644932558511,0.3536192728384508
0.24995550437104125,0.24684260194207433,0.2508994736704286,0.24904014403092123,0.2555067224923933,0.2527274954459675,0.24080609905635222,0.2385384101244188,0.33362451409210875,0.31975562875564884,0.2493325655656181,0.2533975752179946,0.2585233921930669,0.2408700751719357,0.2219764517960653
0.254028163115741,0.2556294552303983,0.25413077064076045,0.2567422392206631,0.25996931318752764,0.2624091814662712,0.2448632510529402,0.24692168110407575,0.3219589809505387,0.3010775436009835,0.2732031618070462,0.2721464296001468,0.2817725535068786,0.2636882230633897,0.2637213732916528
0.25681306601057424,0.2597249815305205,0.25765534578019855,0.26187696934715765,0.26219020622578215,0.2662803986671612,0.2480727195180466,0.25093778224908564,0.29283799326540494,0.25316383013748095,0.2679160341307648,0.2721464296001468,0.2740228330689412,0.2589699845391053,0.1573364032104758
0.25889650840182177,0.26120770985979636,0.26312288878996576,0.26352823382647017,0.2660598652900944,0.2664773475836016,0.25133550141280586,0.2523534318439729,0.21758295011865608,0.19919630324386595,0.2641731665183481,0.2668307627850952,0.2668712454164825,0.2551847310337474,0.0912612494566359
0.2642359838768781,0.262990137027402,0.2647516300505382,0.2620978069007493,0.269700673549528,0.2667560129098246,0.2540331609532441,0.25205321821532933,0.15815898885401647,0.15163069100099483,0.2665549913626132,0.2592369530493075,0.2673133435622707,0.2514527909580422,0.0564994665152526
0.26715699104852647,0.26330595849288807,0.2666160412684282,0.2623050817029811,0.27122461186383373,0.26655170319474836,0.25595244442074955,0.25152430964670724,0.15965129024274072,0.177566446913892,0.2639376014238602,0.2627196313074447,0.2661430837645958,0.250466492509463,0.2294379587396864
0.2682301209234152,0.2683935760557553,0.2678258137159916,0.2676018184146421,0.27196317582503315,0.2728562599007907,0.25636828917204235,0.2562720220377562,0.1354063323495583,0.16587649255117495,0.2785688111814898,0.278195291837964,0.2854653733128754,0.2657674468198541,0.1424965838257408
0.26924566821965146,0.2699269742411521,0.26876325643509924,0.27067909334165635,0.2730606194575195,0.2750741903443183,0.25726395479021164,0.25866411890182134,0.12391675558079118,0.14388050148966336,0.2729937706119457,0.2768336431956848,0.2795100512313734,0.2634483126299516,0.0998885193666402
0.2724859969638277,0.2734095862405112,0.2714027599570558,0.2737954890260636,0.2760928926221621,0.2773936639761106,0.25967372181052406,0.2615206013129841,0.15055958702248948,0.17074546988148476,0.2803748102392295,0.2800282803948781,0.2820326112396952,0.2672335661353096,0.2244754066651275
0.27307752708998584,0.2721106048248088,0.2737594595302313,0.2728704763224374,0.2768730658206122,0.2753338458355808,0.2608466172628886,0.2601194902819443,0.15746431475808073,0.1441713483187261,0.2695126419934041,0.271020450915185,0.2712142095545212,0.2573172682198648,0.0910231051932088
0.2768360990420352,0.2756505569445749,0.27713215847495365,0.27510802622531033,0.28101838608171015,0.2791791255804157,0.2651809990936719,0.26412579407575587,0.16431496606704227,0.18401130397398205,0.2827304611841071,0.2795831260310562,0.2868696850700855,0.272138401663379,0.2636912152844939
0.2775742030047636,0.2778534816280938,0.28014349681845563,0.2811560120020316,0.2821730424154162,0.28319896871407907,0.26796929146452,0.26932016560853556,0.20856820181322414,0.2439284568348714,0.2822593309951317,0.2932519835554741,0.2912386549814058,0.2797089086740949,0.3637627625566502
0.28271999162435213,0.2848098923220253,0.2852653905574904,0.28825171196497396,0.2872753751332796,0.2904732174162828,0.27330596577277816,0.2762573384627713,0.23817629331053797,0.24526196350765075,0.2987227137098883,0.3024431118908586,0.3050217148206903,0.2901316841712427,0.2479289768532095
0.28712767628121233,0.29067767272252704,0.290240645211972,0.29380265919907805,0.29255454710945833,0.2964583019843848,0.2780775177267154,0.28120200094351266,0.21451120109983127,0.19889129087563182,0.3024132335235304,0.3049045536672863,0.3084284711205888,0.2910913259049954,0.1061499456115939
0.2948123331413913,0.29643042391311786,0.29722171305873424,0.29784370284905065,0.30068395183730784,0.30159261238751284,0.28622380977768297,0.28681757678724273,0.29882092591321563,0.303451437003798,0.3079359262942994,0.3059257901489958,0.311861233193769,0.2980487284747029,0.5125717292601304
0.29787467936973244,0.2969676800506828,0.30170991646809286,0.2992371829253169,0.30408550698255016,0.3023542285237742,0.2897158394199498,0.2877445678163997,0.2974049554805418,0.287838079042907,0.2980421923258126,0.3020241430778496,0.3038774607962969,0.2895985498747135,0.2566113631211249
0.3018164686174946,0.298634545778436,0.3060252952420853,0.3044344144253568,0.3069305385795647,0.30339075667134235,0.29429013168417123,0.29268983520933367,0.2546061676244433,0.24181499378732396,0.3019682772339424,0.3148288774254366,0.3054638129664787,0.3025803699952016,0.1497688232761579
0.30627126629325235,0.3060885978818497,0.30775877870591006,0.30665978602023186,0.30937508126804153,0.30800864720191967,0.29829397025110627,0.2985101824748617,0.24521413225014083,0.22819959585211502,0.3209967020886771,0.311110529209982,0.3172444282630743,0.3101508770059178,0.2009687999816972
0.30765848296079146,0.30717550420830847,0.3092146953311163,0.30850123627792697,0.31127350271760335,0.3113126242574124,0.3003571999786746,0.2994759464975203,0.24751820399707986,0.19135649868350627,0.3093493168612261,0.3121841367933173,0.3179205783683979,0.3014074745428374,0.1176703043462888
0.3065120661676176,0.3055182835816823,0.30917803555997797,0.3075816546163861,0.31009284061061565,0.30952772372455173,0.29951484779015836,0.2975962868423873,0.1866464504025574,0.19697531955151018,0.30220384232843,0.3057424912933044,0.3059579226588304,0.2938369675321213,0.2082129612875181
0.3097471601319165,0.30841807643689045,0.31038257089737875,0.30773670966587524,0.31145554313057505,0.30991547361506583,0.30183931332302605,0.29880448374127555,0.19537896135823343,0.23140818566750845,0.3142176621473068,0.3080468197648536,0.310690973396094,0.3012208775390521,0.3002739178995051
0.3135528451028634,0.31261095165415265,0.31194846683599986,0.31271059215009755,0.31595974306296004,0.31593858661951174,0.30438236391747087,0.3043015301499922,0.2266419994966732,0.25630012843445793,0.3209967020886771,0.3226583571185422,0.3279848126284036,0.3152956229674255,0.3060840139683569
0.3147359053551798,0.31737796888618813,0.3150854958234046,0.31740561948240026,0.31903882661950955,0.32150567309494854,0.3057045369728635,0.3084549341942885,0.25530812123934843,0.28563322185466306,0.3269120033502591,0.3267956741470057,0.3326398460458221,0.316761742282881,0.3442994086950733
0.320023033031461,0.3235136310050028,0.3210191416376444,0.3255545349431055,0.32409434894546596,0.3287365120626922,0.31135576051607405,0.3155244868824891,0.26355955998427616,0.24339798059341786,0.3357849552426321,0.341852365864516,0.3431981899981796,0.3296635922588902,0.1589274980709274
0.32673925561430145,0.3276040724175459,0.3276964570949751,0.3300793794887229,0.33149559202142875,0.33347905405467637,0.3178226795329744,0.3190735121272005,0.24070852598060313,0.1935845841519962,0.3357849552426321,0.3391290685799577,0.3429641380386447,0.3261715626166233,0.0939577912691529
0.3313615662461393,0.3308457867138627,0.3346461022807616,0.3343179348904107,0.3376225522065899,0.336094627477084,0.32365516873700495,0.32284344927120184,0.2071418320677369,0.1732032055463888,0.3373292153064963,0.3427950456937862,0.3413257743218995,0.3303833235592046,0.132440448335174
0.3363084332303827,0.3358075368125397,0.3395009034015032,0.3385227441676904,0.34182508516890747,0.3403955774647199,0.32776030282028057,0.3271693973087358,0.17408387253770266,0.16240020913698774,0.3457310370098937,0.34693236272225,0.3489974774399916,0.3358212933838036,0.1407942163181857
0.34061665706957023,0.3400227320570921,0.34382151928565824,0.341814747301054,0.34559592229474945,0.3440950622014905,0.3316681772138403,0.3302133029560504,0.1230831466656683,0.13803206586962566,0.348453122546197,0.3483987535677812,0.3514940316750318,0.3363011142506797,0.0892957793349015
0.34032350939642986,0.3381215603303715,0.34220325224541104,0.3391301750884627,0.344732530621798,0.3423571186788012,0.33007943701018294,0.3273821657175681,0.11771918111651178,0.13605726735479873,0.3343192168769303,0.3337610306632801,0.3388812316334225,0.3217198912406036,0.1321076703251449
0.3423127257498822,0.3406580525568789,0.34303595276126636,0.3405176404453865,0.34598600889397446,0.3446485889190431,0.3314975742389509,0.329342193398533,0.13501448624274906,0.15084961720331222,0.3457310370098937,0.3432925711592343,0.3492315293995268,0.3332622487604628,0.1804343169003392
0.3430665340522431,0.34080478731068625,0.34225562334703713,0.33997622650447107,0.3458611811822224,0.34333293786707525,0.3309377832275951,0.32875625176649725,0.12241467883802234,0.12371354857272165,0.3410982568183008,0.3388933986226401,0.3407016357631395,0.3275843685024258,0.0694414113115405
0.34310841229126315,0.3425166676087888,0.34022362460394356,0.33890827400524143,0.3450810079837724,0.3439208290606306,0.3303300101295517,0.330098310475527,0.10726142416509114,0.10415168003299097,0.3459404282049939,0.3367723690067821,0.3450966114477413,0.3327824278935865,0.0650279429535296
0.3409673873213631,0.34092711097142486,0.34087302626410754,0.3431541032930279,0.3436662939172496,0.34408737315455973,0.33080449965346276,0.3329567276070964,0.10421026578563686,0.09411444916787066,0.3377479976966969,0.3516457618686011,0.3444204613424181,0.3386735618702352,0.0740399874376301
0.3452860807203057,0.3459223019381643,0.3450470030637095,0.3469797070824486,0.3477127922398773,0.34909615651856,0.33517620088500294,0.3364972842041658,0.0839580200540348,0.07302511333429197,0.3559126838716432,0.35463091466129,0.3591137232465607,0.3435783973983046,0.0308464416671346
0.3477254881432235,0.34992422600027046,0.3474194139673729,0.3497046799474828,0.35013653030972874,0.3531808442619681,0.3379591619128859,0.34005720743606965,0.06793496685739002,0.08212309252856641,0.3579280741244829,0.3551546256775513,0.3613502197487842,0.3471770538998773,0.1003190509171153
0.3504528084594042,0.3515277701332484,0.35001702060802864,0.3504302639069614,0.35372532702259896,0.3550024359504756,0.3406941408540812,0.3404578926935138,0.07459468678309732,0.0889953986657366,0.3547348583992041,0.3518814318259187,0.3586456193274906,0.3412592632084021,0.102740010940077
0.3517876773281683,0.35189010427177037,0.353834873916573,0.3522407211211422,0.3556549554000988,0.3549165417453972,0.34303993175881,0.3418090559347528,0.10681882941175243,0.13471315114275942,0.3526147725488143,0.3558616355495037,0.3547447533352404,0.3445113824172308,0.2261486560968051
0.3563000575825786,0.35469670250409635,0.35591400665113004,0.35550762259455687,0.36048162692117647,0.35946230081286695,0.34572159727035234,0.3452333337658175,0.10965118624961259,0.11920935797081657,0.3603098989687482,0.3620414255413864,0.3685538189478065,0.3520818894279469,0.0882017716269309
0.35560383185887023,0.35394165342043143,0.35684621226007496,0.3567690626317095,0.36006033339401344,0.35864395241215985,0.34704377032574496,0.34688531006896756,0.14921537184822822,0.15569536186728197,0.3524315552531017,0.3592919427060148,0.3570072556107456,0.3501892626752678,0.2286673696602128
0.3563524053813536,0.35651808285925424,0.3589201078844694,0.35968740968764745,0.36130861051153357,0.36162650338690144,0.34835528069520705,0.3491684086283742,0.16217915520142426,0.1588428971392198,0.3616709417368998,0.3655241037995234,0.3675916053363847,0.3537346057471877,0.1651379676830955
0.3594566298487148,0.36109738215150616,0.36020843698447197,0.3592326322337422,0.3626453072582113,0.36286070327822745,0.35207122674201624,0.3527252702330655,0.22647394660160852,0.2472999207398127,0.37025598073601,0.3583230773259316,0.3653291030608795,0.3598389934424482,0.4242139679409984
0.3615453070198398,0.36175097423581715,0.36283746628610336,0.3624906821750484,0.3658596208358255,0.36551257592658887,0.35472623553873217,0.3544123222889805,0.21416407203811966,0.2197330415863287,0.3630581584044391,0.3690067820576606,0.3708163212233116,0.3577864264008104,0.1645992832793608
0.3621420719258755,0.36226522399018707,0.362612270549111,0.3619656037355072,0.36539151691675553,0.365746150401878,0.3547262355387322,0.35363551133530263,0.29941077493599216,0.317967123096317,0.3632937234989269,0.3609154468564246,0.3662132993524564,0.3520818894279469,0.5144352861162934
0.35871329110610894,0.3532726997115477,0.35611301683730917,0.3502422938726733,0.3605180350037709,0.35471071561652606,0.34897904782214645,0.34290811558764805,0.3514616234159246,0.3749519527508363,0.3352876511542689,0.3267956741470057,0.3326398460458221,0.3214533240923389,0.488921612059875
0.35301261581950477,0.34657098824232474,0.35069260781900546,0.34630221548445056,0.35486958104699245,0.3495902555951816,0.3436636988857494,0.33765803074683287,0.36386966749237204,0.32569403118900175,0.3331675653038789,0.3384220587080049,0.3393493355524927,0.3271578610652024,0.2271781880653326
0.3491284091503952,0.3479923079583706,0.3503679069889235,0.3497680013814743,0.3532520219488727,0.3521406062535479,0.3409340512875193,0.340502272314988,0.3190480053078092,0.2838312397987292,0.3508349473904623,0.3566995731755218,0.3572413075702806,0.3461907554512982,0.2001056570181842
0.34779877506150864,0.3507982012922491,0.34773887768729217,0.35179921277081744,0.35159285361350223,0.35560056401785173,0.338908140960708,0.3428871397989099,0.3046368455972429,0.22006865477466253,0.3564099879600061,0.3558616355495037,0.3625204795464593,0.3476568747667536,0.0925434847265292
0.34628068889703184,0.3524332317536804,0.34635104349419993,0.3525249004775328,0.35031336956804415,0.35700566905362313,0.33739403955856473,0.3434285540050168,0.2331026765751319,0.19896725018502112,0.355703292676543,0.3539762758909635,0.3598158791251659,0.3445113824172308,0.1567644410057383
0.35104433858556244,0.35465745436809426,0.3556730995836498,0.35948525184977353,0.3572569110342496,0.36045629716136535,0.3453590659487124,0.349378521351037,0.16140357445180017,0.1761202006044196,0.3591058995969219,0.3734059545942549,0.3673575533768497,0.3612784560430773,0.1304261014432166
0.3590587865780243,0.3608515713341256,0.36183717824504436,0.36273765190484175,0.3641484409538918,0.3649065264911448,0.35218318494428746,0.35334516624838375,0.19757571219693798,0.25342642599995363,0.3732398052661884,0.3692424520149782,0.3738069851507036,0.3612784560430773,0.4080388767910216
0.36317855834162166,0.3643789829589001,0.3656812171044018,0.3671316904273308,0.36814292772995605,0.3690089314776306,0.3558564802473743,0.3570825214878333,0.20868093036412144,0.25416153328466967,0.3714338062084489,0.3759197674723089,0.3772137414506021,0.3645572319667325,0.2556317478541017
0.36830340784170024,0.3702640671260664,0.370446987352379,0.3713179558813504,0.37320885236522516,0.37528932189268865,0.3603294769952551,0.36139563382727474,0.210490618779911,0.20330499779160535,0.382034235460399,0.3796904867893897,0.3878501027228046,0.3700218585061576,0.1015919268054767
0.3729675967125582,0.3731841237609886,0.37623399408206554,0.375182407100699,0.3784412139494968,0.37885211027730054,0.36642320200458495,0.3659237583728098,0.2002834852672935,0.1707795896752872,0.3790242370308329,0.3829113095393961,0.3859776870465242,0.37498000746388,0.1057287734426509
0.37560592577082136,0.3728885974700716,0.37637015894629344,0.37481719770559746,0.38028762385249537,0.3780979411488144,0.3667164258676761,0.36486403070138423,0.19227247863461178,0.14397674921012746,0.3722975448882376,0.3740867789153945,0.3765896028918422,0.362744575358533,0.090371068279808
0.3758362560854317,0.37338955059312773,0.3769200555133677,0.37387544342051476,0.38084414740072303,0.37759516172982366,0.3668123900410514,0.363828779437574,0.13115218146384883,0.13013029645248722,0.37439145683924,0.3719919348503495,0.3765896028918422,0.3617582769099536,0.1024373909372068
0.37365858765638904,0.3691081884164971,0.37348974835685667,0.3688397061769277,0.3784672197227785,0.37350647550684224,0.3639387961827584,0.3592822738501386,0.13375055376340728,0.17629473408562282,0.360545464063236,0.3587682316897536,0.3653291030608795,0.3501892626752678,0.268623609351894
0.36931372035805893,0.3661754252672475,0.37102830658042885,0.36835423008703544,0.3739266117077992,0.37072000455386406,0.3609212560644026,0.357832901871552,0.18643472039367634,0.23920074270935587,0.3603098989687482,0.3673832779072508,0.3651470626479077,0.3549341579143787,0.365012759956822
0.36876406847092075,0.3695422760432123,0.37120636832595777,0.37350335948037044,0.3734793124073545,0.37506039988400963,0.36030282028042865,0.362517877429038,0.20794715485200732,0.2305641437176725,0.376275977595142,0.3838016182670403,0.3837411905443008,0.3718878285440101,0.2132909457343058
0.3711720672145735,0.3744740302309753,0.37180339888449554,0.37469288355627484,0.3753569292382909,0.3786994956048478,0.3620781574878712,0.36555233875127396,0.21991925973531665,0.20378662671056655,0.3843375386065014,0.3770719317080835,0.3859776870465242,0.3716212613957457,0.1502315926963546
0.3718630581584043,0.37559815734011487,0.37115399722433157,0.3727102312206932,0.3744779341013704,0.3765312061389785,0.3627818947592898,0.36546054692319824,0.2232021148042537,0.1754749732343417,0.377846411558394,0.3687449265495299,0.3721946272072399,0.3652769632670469,0.118851666281892
0.3720881536931371,0.3709557521390432,0.37278797559506666,0.3707861953282718,0.3741502613580214,0.3722510505406971,0.36359225889001434,0.3617207257250956,0.2512471895857121,0.25326630990928983,0.3616709417368998,0.3669381235434288,0.3636907393441343,0.3542410833288905,0.4088489832591861
0.374962047845888,0.37219695800352975,0.3735840163397837,0.3709786240957933,0.37615270590070987,0.3732204621475815,0.3649197632883723,0.3616710437854532,0.2886718205660969,0.3528895115591086,0.3746793697325027,0.3713634816308362,0.3751592853613502,0.3615716799061683,0.552135914858746
0.37389938753075425,0.37178553067551096,0.37340595459425485,0.3749561859103276,0.3747639976074687,0.3744128577910861,0.36558084981606864,0.36617844958446605,0.3078943263429152,0.3383941659122048,0.3709626760194734,0.3829113095393961,0.3767976490780952,0.3751932611824919,0.3094034746183972
0.373679526775899,0.37560309872774905,0.37243185210400903,0.3740379303591698,0.37288638077653236,0.3751384394913381,0.365314282667804,0.3675484416077848,0.2915378711774725,0.24841254956451694,0.3832382348322253,0.3722014192568541,0.3765896028918422,0.3702884256544225,0.0684493168691412
0.37002565042139973,0.37026107574713185,0.3697137919296133,0.367743495465297,0.37049905078927525,0.37017828541787684,0.3617902649677453,0.36091791932744105,0.30717739771755875,0.23129146603711903,0.3595770297858974,0.3551546256775513,0.3602579772709543,0.3476568747667536,0.1970492989823232
0.3677642255143171,0.3636286562319168,0.3671633192804211,0.3632242504093539,0.36954203833250987,0.36642074929868707,0.35989230687210105,0.3555290438351837,0.2515094602548663,0.19769740933998733,0.3503638172014868,0.3541857602974678,0.3589056770603075,0.3447512928506691,0.1305092959457239
0.361257394126577,0.35646750841921193,0.3615491371861007,0.3565803573259807,0.3632018308064391,0.3587665821094568,0.3544063549608147,0.34840000267336785,0.2315020143468919,0.2824978346662829,0.3421452127938021,0.3432925711592343,0.3434582477309963,0.3341419203497362,0.4520986853188741
0.35537350154426006,0.35149274331543756,0.34926287674461237,0.34488024066130524,0.3535432866096274,0.3486793641043167,0.34540171669243486,0.34232335839577616,0.24277819721672786,0.31026001943338094,0.3415432131078887,0.3214800073319543,0.3285049280940367,0.3301700698405929,0.365784388967577
0.346322567136052,0.3469896831406866,0.3415747990258976,0.3411738373286302,0.3465373312875458,0.3463061848300226,0.3363331023084715,0.336530690175386,0.2540531321690262,0.2484480101657983,0.3379835627911846,0.3337610306632801,0.3415598262814344,0.3249453537346058,0.124823991630633
0.34220279537245457,0.3443191790830947,0.3410406137893111,0.34494379138395975,0.3438067250929706,0.3464057719860411,0.33490430239377306,0.3378580851813444,0.2467542704778068,0.21915033695260752,0.3389781709679108,0.352483699494619,0.3466049462980781,0.3405128751932611,0.160554990526226
0.34117154373658587,0.34461530572944415,0.3371023069470267,0.3414606029513217,0.34076404961901535,0.34550128122087115,0.3324625473156688,0.336086229274279,0.24579919758902324,0.18801153513567379,0.3452075590221432,0.3344942260860457,0.3436922996905313,0.3325425174601482,0.1257339315018063
0.34132335235303346,0.34404495577830957,0.3360758333551547,0.3403604697008393,0.3404363768756663,0.34427414881866447,0.3317108279575625,0.3341852607025875,0.16829436710822146,0.14686586772873753,0.3429042558760403,0.3381602031998745,0.3418198840142511,0.3303833235592046,0.064574532914865
0.34210856933465944,0.3445197365242125,0.3427583859226479,0.34520456985703296,0.345356669180558,0.3472182290852747,0.3342698725809031,0.33711193812082363,0.1044504899116266,0.11343224614735925,0.3454692980160184,0.3548927701694204,0.3531063896184953,0.3429652929572959,0.0465650029846027
0.34420248128566194,0.3458308651982073,0.3456335594019221,0.34618201259123893,0.34808207422047693,0.34987443655052614,0.337143466439196,0.3378457330892392,0.10177308283468622,0.1127671495135499,0.348453122546197,0.3481368980596508,0.3551868514810289,0.3393133230260703,0.1114369562459312
0.346427262733602,0.34725460286800863,0.3437953337348451,0.3452188654472374,0.3481808961589473,0.34894930969716076,0.33704217092285543,0.3385659545966789,0.0972762119879118,0.12120164510648453,0.3501020782076113,0.3432925711592343,0.34709905599043,0.3400063976115584,0.1380706362923538
0.3476836099042035,0.34866616687038926,0.3462463012909477,0.34572893158701107,0.35061503653811144,0.3512538736602246,0.3387428693287839,0.33939263956104937,0.09912271397106076,0.12578991054350672,0.3514892948751505,0.3467490638665584,0.3558630015863521,0.3410460094897904,0.1349664414175511
0.34601371512327905,0.3439623719040656,0.34513603393647385,0.3413555765338425,0.3490598912958677,0.3455173017078272,0.33680759183238257,0.33316407173309887,0.24829960836187936,0.3540129419853239,0.3345547819714182,0.3326088664275053,0.3340441578030323,0.3207069360771979,0.8104590048689582
0.34359524681987125,0.3404339001023702,0.34146481971248266,0.33974928403904986,0.3468441994122696,0.34435417787205297,0.3337314069414085,0.3313041706562078,0.2517684031439202,0.2573116202884848,0.3333769564989793,0.3365366990494645,0.3420279302005046,0.3275843685024258,0.0639089768948067
0.3436947076375439,0.3432727422797668,0.3420723244913456,0.3435576633440218,0.3468962109588329,0.34805175498598384,0.33412059497787494,0.33462253484027255,0.27680537270097183,0.2504150148693864,0.3489504266345601,0.3511744219539658,0.3554469092138456,0.3412592632084021,0.2366218040311896
0.34378893367533897,0.3457062309853735,0.3455078687580193,0.3491952063935488,0.34892466127480304,0.3511149391807494,0.33574132323932393,0.3391183695331162,0.36184076156247585,0.3546925367795489,0.3505732083965868,0.3604702924926026,0.3572413075702806,0.3481100389188036,0.5632475805998739
0.3462388106580118,0.3517170472530873,0.3487077430673754,0.3537129494001456,0.35099472082802385,0.3561477259046517,0.3381404275737058,0.34375942340931065,0.4033735370766699,0.350671797515873,0.3637386797885148,0.362748435413339,0.3662132993524564,0.3530415311616997,0.3426303189885212
0.351504999214783,0.3547732730871495,0.35381916258608503,0.35519728760711483,0.3569864509921203,0.3587660868109393,0.3435037585967905,0.3450141460037475,0.26414108955680204,0.2718801207671216,0.360885724755274,0.3581659640210533,0.3640028086235144,0.3475235911926213,0.1142967672696188
0.35611160550698834,0.35531884471143504,0.3592500458247139,0.35802856348561285,0.361563467089694,0.36081506143675046,0.3494002239164045,0.3490316623693303,0.26602440510731046,0.20569526539386404,0.3564099879600061,0.363691115242609,0.3649130106883728,0.3570666951004959,0.0733255546473489
0.3575511699733025,0.3555953127963336,0.3609206839665872,0.3585282465448527,0.3627857384339323,0.3610627962695128,0.35053579996801193,0.3483334894017,0.2536413193816152,0.19536563539681384,0.3561482489661308,0.3595276126633324,0.3615582659350375,0.3469371434664392,0.1747063754027134
0.35921059519447196,0.3566869866983671,0.3588834481133311,0.35578020210534245,0.362546485319741,0.35939021151278316,0.35020525670416375,0.34770810046765427,0.19979034985368163,0.22824133458461118,0.3588703345024341,0.3502841132263219,0.3560450419993238,0.3464573225995628,0.2939927329602059
0.3553263885253624,0.3525638732799004,0.3524941737149442,0.347454155877363,0.3572205029516552,0.3527879368458646,0.345822892786693,0.3421819708365514,0.24553089531843733,0.34260523849384067,0.344317646442967,0.3308020634214041,0.3395833875120276,0.3311297115743457,0.5713330463122996
0.34899753965345753,0.3447897423185167,0.3479588363141219,0.34346586292388936,0.3518685148102878,0.34760624720280214,0.34115796769206164,0.3361876357975224,0.259162938513023,0.28922248674340956,0.3292414803957494,0.335489277016942,0.3372428679166773,0.3241989657194646,0.1824569832425473
0.3431869339894257,0.33897881475896013,0.34013459373117916,0.3371672093918914,0.34333862117390046,0.3391586789706802,0.3324678786586341,0.3286638405094677,0.2778983404776612,0.24848251265245294,0.327356959639847,0.3245699023278954,0.3222635425064363,0.3136162499333581,0.1670025644705398
0.33405747788305495,0.3294861993173992,0.331100578700673,0.32956398543152815,0.33379970353418453,0.33072701189260595,0.3245401716692435,0.3215420965128072,0.2662053531502638,0.20440215469021072,0.3105009684342773,0.3143575375108016,0.3138636777364575,0.3072986085194862,0.1162414387657263
0.32682824687221895,0.32723219269435083,0.3244651601246432,0.3254116637364098,0.32751150755467706,0.3286860286289995,0.31722556912086153,0.31765616762775584,0.3282114637864729,0.3376091985072243,0.3227241794482541,0.317107020346173,0.3246040621017866,0.3098843098576531,0.6040232861412517
0.31993404177354334,0.32143700211276355,0.3210296158579696,0.3214825565202851,0.3230437157048864,0.3248721618403578,0.3127792290878072,0.31473678222152857,0.2593495021848956,0.30074721177295377,0.309846620949589,0.3136243420880358,0.3172444282630743,0.308898011409074,0.2270232383044128
0.3142438360466942,0.31455481866234347,0.3131844248343764,0.31307614497984887,0.3165110654565313,0.31810798011853914,0.3057098683158288,0.3061085754342099,0.28912918234363066,0.3109499358607101,0.3007904517615033,0.2962633218989763,0.3045796166749018,0.2888521618595725,0.3313553840362228
0.307726535099199,0.3079600307423528,0.3057529655136296,0.3045216318946197,0.31096143343822324,0.31024378088399146,0.29982939702511063,0.29881034811606244,0.31683066382973407,0.30913661454082564,0.2947704549023714,0.2874126057241615,0.2945153824148961,0.2842138934797675,0.3055099719010567
0.30356488509658164,0.3018709266352986,0.29874571211605444,0.2961215114373883,0.3058330949470782,0.30290318234957175,0.2941141973663166,0.29211443548588023,0.31938327915291354,0.24909258148775826,0.2896927184211902,0.2793212705229255,0.2882219852807323,0.2787226102255158,0.1290045153816235
0.2948280374810239,0.29426059821368755,0.2884705019770092,0.28599133084190775,0.29594049879073153,0.2936491486730655,0.2850615770112491,0.28295002635135874,0.2287672030632215,0.2163760228894361,0.2790399413704655,0.2657309696509466,0.2751410813200531,0.2646212080823158,0.1509429056927918
0.2863424592995864,0.28531330882325895,0.27707978737332745,0.27621781025114767,0.28534574675577973,0.2838563218114822,0.27436690302287137,0.2737748980566343,0.2184693875428711,0.20276206882717762,0.2674187300424017,0.2566707690696275,0.2642706680883155,0.2554246414671854,0.1755341607026607
0.278322776527247,0.2771062185154414,0.2729110476838881,0.2759517479846916,0.2783918029802616,0.2791741804734251,0.26890227648344606,0.2696929417585715,0.18274358830368484,0.18608350849821556,0.2606920378998064,0.2754196234517794,0.269809897797311,0.2615290291624459,0.1527263878402915
0.274888760927603,0.2772709379783447,0.2701353792977036,0.27514591992087406,0.27501625360830106,0.27866199883398113,0.26597536919550024,0.26965508018572715,0.13818648463709512,0.15163049018817978,0.2776003769041512,0.273534263793239,0.2776376355550932,0.2695793570400384,0.0827244535681082
0.2701094068994399,0.27344594141235473,0.2682919165204641,0.2734652654928253,0.26964866200296467,0.2729026749740043,0.2614597217038971,0.2651515110463181,0.1649815620183818,0.18874696088813878,0.2657959482803748,0.2701039566367278,0.2613840272540505,0.2561443727675001,0.2629799022880568
0.26862272941422816,0.27283281225637207,0.2683390505119275,0.2709657235313048,0.26853561490650923,0.27179373192859485,0.2601375486485045,0.262771121632663,0.15197410155136945,0.15446650837800255,0.2716065539444067,0.265966639608264,0.269575845837776,0.2580103428053526,0.0859056033577301
0.26857561639533056,0.270949596486886,0.2700044515436382,0.26897640709693016,0.2700647543754714,0.2718346097634386,0.25994562030175394,0.26000241433291954,0.1370910210253306,0.13668392494282386,0.2671831649479138,0.2649977742281808,0.2719163654331261,0.2544649997334327,0.1011187580724665
0.27172695388158924,0.27278263943495723,0.2707009871952656,0.27228503863459225,0.2721920266299119,0.2747051595321302,0.26117182918377135,0.26255496741279066,0.14932290074271887,0.16241787877096017,0.2764487253310997,0.2789023017099163,0.2804462590695135,0.2676600735725329,0.2138857864272328
0.2698738418049521,0.27130003179696,0.267736782843227,0.26776110643407686,0.2703508178815698,0.2726139702925477,0.25799968011942204,0.2596095155146244,0.21139702288472773,0.23931027394002424,0.2683348165209654,0.2587132420330462,0.2684315918133827,0.2537186117182919,0.3930950642781524
0.26920378998063127,0.26834858425089697,0.26562099033753167,0.2650157356588016,0.27019998439653603,0.26861926680465914,0.2566561816921682,0.25621530388682656,0.1785896867934966,0.19252125657064992,0.2624456891587708,0.2595249941082511,0.260629859828882,0.2494268806312309,0.0989432218319013
0.26416269695859285,0.26103275244533614,0.25972924140459286,0.25551312208705773,0.265477335968585,0.26106704576911305,0.2512821879831529,0.2478569940113097,0.2808856470764411,0.3274759726379175,0.2464010888342145,0.23650789494357,0.2459626036980209,0.231140374260276,0.5973854047724526
0.2592629429932471,0.2549166333372858,0.2545340281232815,0.2500159839985799,0.25917353652510855,0.2541771532513233,0.2461374420216452,0.2414850859828379,0.32843733686078014,0.33127638408999893,0.2426843951211851,0.2390217078216241,0.2403973682157438,0.2287412699258943,0.3388772069941618
0.25162539915196563,0.24936475759975466,0.24757914582733248,0.24805328607577692,0.2525420643382831,0.2518810682126776,0.23874286932878386,0.23788579402463403,0.3014577756701836,0.24718024955141601,0.2382610061246924,0.244127890230171,0.2472888981353861,0.2306872101082262,0.0789879804742502
0.2490812961314976,0.25144793887271155,0.25008772159522374,0.25578756434135214,0.2513041895300756,0.2553347847325668,0.2394146185424108,0.24428298194523154,0.23382730069197022,0.1831010628299724,0.2556143014186253,0.2712561208725026,0.2622422177723453,0.2570773577864265,0.0549426893870852
0.25396534575721086,0.2632539383442534,0.2524339469480741,0.26094374985173563,0.25498660702675985,0.2632371722591456,0.24395692274884037,0.2535681218512807,0.23478070969070358,0.15663746416183763,0.2868659372873371,0.2712561208725026,0.2790419473123032,0.272138401663379,0.1037102668255681
0.25747264827514005,0.2634818260374557,0.2596559218623164,0.26483508973941766,0.2596260369802096,0.26521136599452017,0.24960814629205091,0.2555109118929633,0.15747284219458774,0.1747069985385162,0.2639376014238602,0.2726177695147818,0.2691597534652693,0.2593964919763287,0.2108460672918733
0.26524629639323666,0.26950542926219323,0.26374086778915395,0.26303887231154904,0.2651444620705796,0.2661374085522115,0.2577224502852268,0.26011153789256675,0.1084519374959702,0.14772889352603555,0.2815526357116683,0.2594464374558118,0.2679894936675943,0.2693127898917737,0.0937726835010742
0.27075328482437316,0.2682689356015871,0.269763544476158,0.26677300609609655,0.269373000806179,0.26690213630593523,0.2635602708322226,0.2600331295427795,0.14985409764122778,0.1938188560842031,0.2657959482803748,0.2742412736651916,0.2684315918133827,0.2598763128432051,0.2859987812005382
0.27367429199602156,0.2689190694933472,0.2687056482233104,0.26650421726681905,0.2714846695966505,0.26886827811219116,0.2644132857066695,0.2604695637480733,0.155577671427472,0.1570660901622375,0.2702193372768674,0.265966639608264,0.272800561724703,0.2613424321586608,0.0835605583183063
0.2700151808616448,0.2688028402007158,0.26907224593469325,0.2686991813210184,0.27051205367591613,0.2706384746443379,0.2624406888095111,0.2610715148912446,0.16665065172493393,0.1577357828791176,0.2685703816154531,0.273089109429417,0.2741788677086313,0.2622754171775872,0.1590751683128778
0.2733497356436162,0.2727386852450497,0.27171174945664983,0.2744045499222005,0.2739188099758147,0.27582349475114604,0.2650797035773311,0.26491153186597266,0.1500541804197578,0.1477784255080759,0.2806103753337173,0.2858152871245647,0.2861935349647623,0.2725915658154287,0.1278637107659925
0.2738156310527142,0.2764531610824193,0.2771688182460918,0.27851362708247424,0.27824096949522803,0.28041576025565096,0.2663592258890014,0.2685111550606902,0.15337260113851672,0.1353072127036735,0.2838821127571586,0.2867317814030217,0.2896002912646608,0.2757104014501252,0.1103647870948687
0.2797937496728262,0.28286428784859113,0.28264683547618424,0.28621953799353406,0.2854237640756248,0.2883923617422228,0.2730020792237565,0.2767042965461203,0.12692402886017287,0.141456781738722,0.2956865413809347,0.3016313598156537,0.3043455647153666,0.2930905795169805,0.153755919808819
0.28679788514892945,0.290322863451522,0.2900940061274189,0.2918805229505019,0.29182118430291526,0.29385746211520025,0.2798848429919497,0.28305494803062253,0.17783552862826818,0.20701054021207566,0.3052400146573836,0.3032024928644374,0.3047876628611551,0.295756250999627,0.3381180571587829
0.2936868554677275,0.2945536533708291,0.29064913980465573,0.28654194123886834,0.2939380542480431,0.290826047221557,0.28534946953137497,0.2852361486453195,0.15905728149483878,0.15973500435662732,0.3030152332094434,0.2758647778156013,0.2847632174342706,0.2895985498747135,0.0651839326457307
0.2946238810658011,0.29146760335524785,0.2906072429233548,0.2862298950652656,0.29421371544482877,0.2897413117972682,0.2853974516180626,0.281101257846502,0.14261617592309495,0.12170939720684269,0.2852955033240852,0.2856058027180601,0.2875718409486906,0.272831476248867,0.0456581829072734
0.2925299691147986,0.2854492532375473,0.28630233836968755,0.2792223495884055,0.2906769302785218,0.2837996630092208,0.2819427413765528,0.27354645531186,0.13246977439730775,0.10101719129320606,0.2734125530021462,0.2652072586346854,0.2719163654331261,0.258436850242576,0.0596327794659328
0.2871957284196198,0.2799712814600452,0.28018015658959383,0.27648838336399867,0.28436792968038904,0.2801332959143816,0.27535320147145065,0.2690785968717299,0.11894567606972524,0.09605660358577284,0.2690153379050409,0.271020450915185,0.272800561724703,0.2601428799914698,0.0861354281709064
0.2814008270952206,0.27873602365182587,0.275733850061536,0.2779825756507152,0.2801341897901335,0.2812951850795467,0.26997387641947,0.2690056064943946,0.06354292108377471,0.084405829800192,0.2762655080353872,0.2809709602241483,0.283618963409877,0.268859625739724,0.0611042822290303
0.27558498665131126,0.27713602609784954,0.2761580559847076,0.2779836529109633,0.27835019374301095,0.27947786911925054,0.2649250946313376,0.2674552846409468,0.06384262927905718,0.078498044407509,0.2739360309898969,0.2779858074314594,0.2758432371986582,0.2643546409340513,0.066682473622143
0.2800083756478039,0.2872281668340826,0.28126423839325465,0.2890346735275739,0.28306764101630566,0.29003827185122166,0.26988857493202534,0.2775198156780665,0.07990478389188038,0.09432168159546912,0.3074124483065487,0.3111367147607951,0.3111590773151639,0.2976488777523058,0.1259689559713894
0.28798094540124586,0.29591057847917357,0.29123045903270584,0.2977025696290297,0.2918419889215406,0.2986215495539148,0.27866929679586294,0.2857933636392989,0.09597608989997938,0.10954422423245536,0.3132754017693556,0.3150383618319412,0.3157881049593011,0.3023404595617638,0.1399893095064278
0.29775951421242736,0.3032431129730985,0.30229647280630556,0.307251886347081,0.3026135802148078,0.3079672057662894,0.28936397078424064,0.29506765907065197,0.09381344880730277,0.09813689039081137,0.3179081819609485,0.3263505197831837,0.3266585181910385,0.3136162499333581,0.0753222227075234
0.30613516201643715,0.30820999100054447,0.30934038597501906,0.31023143292062594,0.3100720359919903,0.31228188460945616,0.29697179719571365,0.29901135864613104,0.09850187499610022,0.09360673131821341,0.3181437470554363,0.3161905260677158,0.3209112422957897,0.3068987577970892,0.0845464131730175
0.3128827932785426,0.30803138976717104,0.31467700123072095,0.30837724985040693,0.31646425506462444,0.31078936726024703,0.30286826251532767,0.2972865616081278,0.13158624878068054,0.13977260172715714,0.3076741873004242,0.3046688837099689,0.3078043325618288,0.2938369675321213,0.2321043425450446
0.31191959378108153,0.306219743451195,0.3128178271229936,0.30619844797432405,0.31527839180298034,0.3089361651758125,0.3010076238204404,0.2943062691647083,0.12353177302043879,0.12174726020816491,0.302596450819243,0.3018408442221583,0.3052297610069435,0.2883456842778695,0.0856965771701805
0.3107522378683977,0.30662603636944213,0.3085076854591637,0.3019615164871466,0.3122045094010871,0.30609700776715326,0.2992056298981713,0.2939810094266117,0.1125413632667153,0.10951059371804674,0.3074386222059363,0.2934876535127917,0.3004186929498348,0.2933304899504185,0.0850372607378104
0.3062607967334974,0.30290101634177713,0.30234884390793165,0.2998264483337722,0.306779705094531,0.3039095040641882,0.2935437436690302,0.2910896125469587,0.11369048733259701,0.10002967682434187,0.2954509762864471,0.2955563120270235,0.2995344966582581,0.2853068187876526,0.0810678430369321
0.30000523477987756,0.29755598999029714,0.2961428683652361,0.29493784834059417,0.30015343406236183,0.2985329650877735,0.2872101082262622,0.2858032685590554,0.12393443441257398,0.111941834073862,0.2868659372873371,0.2851606483542381,0.287779887134944,0.2752305805832489,0.1357661485729023
0.29626760194733814,0.29469933437277374,0.295535363586373,0.2971690188322807,0.298176995292955,0.29832935629678053,0.286570347070427,0.28741489962368544,0.10724998492099638,0.12418858774496021,0.2889860231377269,0.3016313598156537,0.2979221387147946,0.2906381617529456,0.1486820950871566
0.2958069413181176,0.2965639388062293,0.2954463327136086,0.29857790917429916,0.29800015603463964,0.3003347591029759,0.2868209201897958,0.2881427830406948,0.10126996408077352,0.10139121615299551,0.3002931476731404,0.3013956898583361,0.3043455647153666,0.2895985498747135,0.0557964729690661
0.2956656022614249,0.29995326817831053,0.29832150619288267,0.3016731130859202,0.2987335188411827,0.30158500839616736,0.28711414405288693,0.29036072511575456,0.09335983078238187,0.08275634218394774,0.306731926922473,0.3078635209091622,0.3040855069825502,0.2947966092658742,0.0454865942458522
0.29740878396063447,0.301357807046372,0.30189321532378427,0.3055870279511239,0.30142771695316356,0.3053918346701658,0.2904409020632298,0.29422068635695864,0.09594135619518258,0.08649605148961038,0.3041668847824949,0.3134148576815314,0.3130054872181625,0.3019406088393668,0.0939754701009357
0.30352824163743913,0.30672627992136814,0.3088428605095708,0.3103609767284728,0.3087925519465321,0.31179591048070604,0.2971743882283948,0.2991131280409971,0.12419587313670306,0.15001027875324183,0.3174632256713604,0.3199088742831706,0.3246040621017866,0.308898011409074,0.2770387332805047
0.30750667434434387,0.30744358217166223,0.30945036528843384,0.3084636123889715,0.3117312043273607,0.31206907386011656,0.29819800607773106,0.29799416902720705,0.12987826564420618,0.15903820504371857,0.3088781866722504,0.3046688837099689,0.3126154006189375,0.295756250999627,0.1770940576246721
0.30464324975134793,0.30028772968382844,0.3071303254863966,0.3022409052086977,0.3084180688112762,0.3039726782850591,0.2957989017433493,0.29119712208573945,0.13231336873259408,0.128682799499481,0.2859760247081609,0.2897954908481501,0.287779887134944,0.2776030282028043,0.0679719884110058
0.30136627754802914,0.29697417509117857,0.3012123910026448,0.2942518863025994,0.3037786388578265,0.29627790459514003,0.29197632883723423,0.2860259963022593,0.14181480487769363,0.11678645799010394,0.2903470659058788,0.278273848490403,0.2808883572153019,0.2756837447352989,0.0929937749713498
0.2976443490551222,0.29316853083343924,0.2948650134855587,0.29006058090043324,0.2983174264686761,0.2927517448208968,0.28587727248493905,0.2811657732274698,0.1490460710356259,0.12123490562360166,0.2855572423179605,0.2816779700961009,0.2856994252724104,0.2714453270778909,0.1301318008905971
0.29440402031094587,0.29586621453911915,0.2916756133965278,0.29469434521296084,0.2947286297558058,0.297387856059743,0.2824865383590127,0.2847586290781273,0.11230425893456955,0.11193316134080877,0.301261581950479,0.3039618738380161,0.3066600785374355,0.2919443407794424,0.093329672775223
0.2945505941475161,0.3004478283111132,0.29578674487417844,0.3048710771747146,0.2958884872441683,0.3043968000600785,0.28639441275257244,0.2949376270412267,0.09768220116014728,0.10928336381139277,0.3096110558551014,0.3252245410982222,0.3184146880607496,0.3152956229674255,0.1039837687525608
0.30180599905773964,0.307716235293835,0.30235931812825684,0.3108001704893238,0.3044443866538372,0.3131176614344819,0.2935010929253079,0.3010038943829784,0.09382301617509109,0.08908093036950344,0.3222530492592786,0.3226583571185422,0.3305593841832887,0.3131364290664817,0.0486760634857248
0.3087002041564152,0.3134168539956423,0.3104611275498181,0.3134610788589522,0.31388448235508287,0.318108052863498,0.3013754864850456,0.30568783376664804,0.1243499909525978,0.14126350319929673,0.3248180913992567,0.318782895598209,0.3280888357215302,0.3150557125339874,0.2456286488588833
0.31652096529340945,0.3171649186647387,0.3172274738799131,0.31414395315482685,0.3215249785452371,0.32003933731672585,0.3093991576478115,0.3076464501416722,0.12024933392401424,0.13071850738209093,0.3246610480029316,0.3155097017465762,0.3239019062231815,0.3115636828917205,0.1096285157476793
0.3179971732188662,0.31432415296908006,0.3174160098457672,0.3110641533256467,0.3216133981743947,0.3157269504388918,0.3111531694833929,0.30533576674689794,0.11693132917776787,0.11272555460272432,0.3086426215777628,0.3049045536672863,0.3071021766832237,0.3007143999573494,0.0767396490439911
0.3207192587551694,0.3172899298249258,0.31862054518316796,0.3177918414788398,0.3243179985956882,0.3211305303483336,0.31238470970837556,0.3107082858620449,0.11051557713066314,0.09911870590749527,0.3232214835366173,0.3312472177852261,0.3319376901672172,0.3214533240923389,0.0719050085170372
0.3233785269329425,0.323376416599332,0.32139621356935244,0.3240401273357147,0.3268977713052298,0.3285731028092212,0.3153649304259744,0.31648470145952184,0.12874682041010724,0.11268989723264529,0.3355493901481442,0.3365366990494645,0.3434582477309963,0.3280375326544757,0.1398322798829453
0.32704287284719685,0.32996421805639736,0.3264866846474116,0.33077183521997805,0.3313083504538007,0.3357626456942758,0.3195660286826252,0.32301020224542837,0.10146942290053469,0.11154048525877036,0.3431398209705282,0.3442352509885047,0.350141731464385,0.3360612038172414,0.1092416613110205
0.3301418625346804,0.3333614775177148,0.3320432585299432,0.3349454138663968,0.3362806543052558,0.34009623895633606,0.32399104334381834,0.3265697202295143,0.12176430581467172,0.14472796694530174,0.3401559964403496,0.3432925711592343,0.3487634254804567,0.3336887561976862,0.2111029303183645
0.33676385907972567,0.3361585197794729,0.3401869648328053,0.3385046376381302,0.3449301744987387,0.3435140851877702,0.33106040411579674,0.32973354809209,0.1171933918606658,0.11444700438818833,0.3417526043029891,0.3456230851815969,0.3503497776506384,0.3360612038172414,0.0538850792739615
0.34005653562267707,0.33733396860344,0.34346539579460056,0.3415495492901543,0.34791563727147423,0.3446310581354784,0.3337900517140267,0.331522886089223,0.11320338352041692,0.09361632519738983,0.3396848662513742,0.3476393725942024,0.3468650040308948,0.3351015620834889,0.0519549668157928
0.3423650735486573,0.3405866723283084,0.34519364214826265,0.3427590097993612,0.3489766728213663,0.3460085139171378,0.3351015620834888,0.33254695222674396,0.09328578767515038,0.07582565035046408,0.3470920797780453,0.3451779308177749,0.3487634254804567,0.334595084501786,0.0402443006566126
0.34390409883264406,0.3440027640156931,0.3454712089868811,0.3437137015934398,0.3494759836683744,0.34821843784456696,0.33534680385989235,0.3341271057175823,0.08065873407085257,0.06591923133015319,0.3508349473904623,0.3456230851815969,0.3526382856994253,0.3372874126992591,0.0461063932895314
0.3447783070721876,0.34417752188981776,0.3460787137657441,0.34458583274680965,0.35025095571216813,0.3496917204628531,0.33552806952071224,0.3342830986456502,0.06687007722529692,0.09133270291696423,0.3445270376380672,0.3463300950535495,0.3526382856994253,0.334595084501786,0.1421596460905863
0.34644820185311204,0.3461523739957489,0.34838827934745614,0.3487808595279254,0.3513119912620602,0.351679465441935,0.3375539798475236,0.3382523175808662,0.10253410454637153,0.13829020723775434,0.3501020782076113,0.357170913090157,0.3556549554000988,0.3461907554512982,0.2322052158793346
0.3501439564466313,0.3501561290701562,0.35047788630233845,0.3518830421414883,0.354630327932801,0.3556052060894898,0.3398251319507384,0.3409873192537651,0.13444813966693075,0.16270185229803255,0.3581636392189707,0.358087407368614,0.3634566873845993,0.3464573225995628,0.2115251424185889
0.35200753808302354,0.3522407487001062,0.3527822147738878,0.3534885524861662,0.35688242789899355,0.3570781124967996,0.3419043557072026,0.34232194726387905,0.14961803324036343,0.14716582437328032,0.3564099879600061,0.3566995731755218,0.3600239253114191,0.3449912032841071,0.1160937685237759
0.35385541537978316,0.35485194375815765,0.35504464636413635,0.3546374493683906,0.3591449301744987,0.35936900735685007,0.3452950898331289,0.3462949926188828,0.1612954215985407,0.13294166127565948,0.3600743338742606,0.3569352431328394,0.363950797076951,0.3542410833288905,0.1044933350804178
0.3554363189027901,0.35404514758980565,0.3569980884547907,0.35512406808120084,0.36015915533248377,0.35881580873435026,0.34732633150290554,0.34578042602947817,0.15858078498172834,0.13148992851928115,0.3524315552531017,0.3560973055068213,0.3577094114893507,0.3447512928506691,0.1285864630065245
0.35645186619902625,0.3544233699561345,0.3552855534316165,0.35295212471222914,0.3602891841988921,0.35797890573361363,0.3464306658847363,0.34442442647313615,0.12219462937889058,0.10441809830123604,0.3551798146887922,0.3486082379742858,0.3563050997321405,0.3417124273604521,0.0502744378651458
0.35410145003402604,0.35175276610207945,0.3537772657047841,0.3521500727196369,0.35784984266507164,0.3557392637275747,0.34529508983312895,0.3432094317625995,0.12126742664844703,0.13857510845628107,0.3464115583939694,0.3505459687344523,0.3512599797154968,0.340779442341526,0.2068891287663711
0.35334240695178765,0.3520401015843244,0.3524418026133179,0.35144080105248826,0.35743375029256497,0.3564739969680117,0.34463933464839797,0.34271043029521703,0.12567486340502615,0.1384270564064112,0.3526147725488143,0.350022257718191,0.3579434634488857,0.3417124273604521,0.1381309523066715
0.3507459561325446,0.3503907609822314,0.3511115766320144,0.3510552384437662,0.35577458195719447,0.35620098311204074,0.3416964333315563,0.3416491457783721,0.12587078645843078,0.12744235438675447,0.3470920797780453,0.3502841132263219,0.3556549554000988,0.339526576744682,0.105472950347441
0.3506517300947494,0.3509139823428629,0.34957186624420644,0.35016974348510455,0.3552284607182794,0.3557935905062856,0.3404329050487818,0.3405773143311803,0.12492112121231025,0.1262409485164769,0.351960425064126,0.3483987535677812,0.3549788052947754,0.3384336514367969,0.1238381367759218
0.3484792964455844,0.34871520370956427,0.34733562020477093,0.3459221649157725,0.35293995266949263,0.35214991350025926,0.33822039771818524,0.33726817312327667,0.13264469083882932,0.113791394343565,0.344317646442967,0.3374270077771084,0.3448625594882065,0.3306498907074693,0.0888922859977412
0.34860493116264457,0.3481567131327996,0.3462463012909476,0.3456479013322935,0.3525082568330169,0.3511337758445456,0.3374260276163566,0.33711464602631197,0.10775913527634087,0.10334804654701964,0.3470397319792703,0.3450993741653356,0.3491015005331183,0.3368075918323827,0.0824613509539289
0.34735381877192056,0.3475575456202645,0.34502605462305896,0.3450722756811116,0.35045900189842144,0.34998824682166646,0.33576797995415053,0.33588382703401515,0.11049269864247366,0.11949828741045822,0.3463592105951943,0.3439210243787478,0.3476971887759083,0.3334221890494215,0.1517987691373354
0.34668376694759984,0.34628563729899015,0.343418261803137,0.34412990016297834,0.34891425896549033,0.3493025781262587,0.33454710241509844,0.33506328103915056,0.21421315679459899,0.28769060530966134,0.3437418206564414,0.342245149126712,0.3479312407354432,0.3334221890494215,0.6240752411080676
0.34640632361409196,0.3477148276648557,0.34720992956086827,0.35187229756079813,0.3497412425558474,0.35257295983302606,0.33779389028096174,0.3415980509481383,0.28549254265278146,0.3518720922287189,0.3505732083965868,0.3673570923564377,0.3591137232465607,0.3546675907661138,0.4802350660668342
0.35196565984400346,0.355847994307412,0.3553536358637304,0.3606300448043384,0.35687202558968084,0.36188746477447536,0.344841925681079,0.3496953898681107,0.3607987504185723,0.38972250309471107,0.3721143275925246,0.378145539291419,0.3805164746573738,0.3658900677080556,0.4654233248266954
0.3577710307281578,0.36258752500495534,0.3603236534080495,0.3637365171652025,0.362733726887369,0.36739497885683653,0.35048781788132427,0.35480927752327673,0.3942832897602126,0.3431096846171842,0.376066586400042,0.3699494618869308,0.3784100070215589,0.3650370528336089,0.2498840476621305
0.3630948018635816,0.36605103876074135,0.3669119379926157,0.3681118272106613,0.36946922216732114,0.37205487429644735,0.35729594284800337,0.35902712297645684,0.38801167218870175,0.2688866835047165,0.3729780662723133,0.3768624473015789,0.381374665175669,0.3674628138828171,0.120440681279781
0.3710883107365336,0.3719371475142279,0.3747623661263715,0.37257364807227117,0.3773593737809794,0.37716391579887637,0.36518633043663695,0.36364279098183444,0.27758220136813355,0.20323375133821986,0.383709365021201,0.3814972897954909,0.3873819988037345,0.3728741269925895,0.0719278870052266
0.3774276291681935,0.37538136519444754,0.3815287124564665,0.3821120400504851,0.38305983928432114,0.3806479607870074,0.37259156581542896,0.37299311654124745,0.24713363740923996,0.24481991631626868,0.3822698005548867,0.401188824006913,0.3876160507632694,0.3916937676600736,0.3279922462723663
0.3843584777260117,0.3858437669235035,0.3879075126345283,0.3914212067608993,0.3899097599667126,0.39202066654778206,0.3808924668123901,0.38446026859178545,0.2267081391261665,0.2843118886812885,0.4067685703816154,0.4100395401817278,0.4147660780693313,0.4073945726928614,0.3632958334113281
0.3910694655289745,0.39376968642062105,0.3947628898373877,0.3956895871410089,0.39621355941018904,0.39799011244483506,0.38736471717225573,0.3887729472721693,0.20084504815921758,0.22973079006332095,0.4096215254148562,0.404226347901228,0.4099290042389411,0.397398304632937,0.1205685928273859
0.3968434277338638,0.3964624167126672,0.39946057765325094,0.3972433535543043,0.40125867942683274,0.4008601633828525,0.39197099749426884,0.38934670334574045,0.19818032824390958,0.18885955394329432,0.4018478772967596,0.4003508863808951,0.4066002652588875,0.3904942154928827,0.107117081703241
0.40080092132125833,0.3988072221278361,0.4037131111052921,0.3990822213881018,0.4053415858320547,0.4031722858651831,0.39607080023457913,0.39068884912854057,0.1954665235721223,0.14535932384429295,0.4034968329581739,0.4027599570556968,0.4077965308298442,0.393373140694141,0.0583588636462902
0.40354918075694907,0.39787518066300415,0.40289612191992463,0.3984227736187597,0.40722440381764746,0.4011249041405332,0.3949245614970411,0.3891134240764882,0.1895518104163676,0.1963791093940596,0.3960110977333403,0.3971038780800755,0.3970301406912334,0.3859625739723835,0.2984186804935929
0.40354918075694907,0.40083964390254123,0.40030898949959426,0.39798314177253163,0.4052115569656463,0.402317217363464,0.39229620941515164,0.39082655347879686,0.15161574123181934,0.18879123542556864,0.4067685703816154,0.3971038780800755,0.4047018438093256,0.3942528122834141,0.1736154874885867
0.40031408679265035,0.39837511446614826,0.39832936185812673,0.3967648310796514,0.40301146854601716,0.4011876656225744,0.3896571946473316,0.3886187792504769,0.14282915384951356,0.15140604225566476,0.3934460555933624,0.3943282096938909,0.3989285621407953,0.384203230793837,0.076635655915857
0.39998429566036736,0.3989830501892138,0.3952499410825107,0.39282781488737256,0.40034847736197426,0.398553546861274,0.3893159886975529,0.3886752480816476,0.16868704516005578,0.17973954092242717,0.4001989216353451,0.3849537825028151,0.3932853093386731,0.388788185743989,0.236406538255952
0.395812176097995,0.3935341118415799,0.3899499855979471,0.3873052698025412,0.3951733284789223,0.39300929337904394,0.38462973823106034,0.3824307948416578,0.19572609041994501,0.18434439059686358,0.382636235146312,0.3762601796328786,0.381920786414584,0.3699418883616783,0.1935540899457364
0.3936030989896874,0.3906779786249874,0.38859881117599315,0.38831951519179597,0.39341013705042516,0.39141092343561185,0.3833768726342165,0.3815199452238267,0.2133772600306571,0.2517877699136269,0.3849657121918023,0.3903480059703055,0.3882141835487477,0.3796982459881644,0.3866745285471535
0.38935769250902996,0.38896583174276755,0.385006153604441,0.3852598735353024,0.38941565027436087,0.3891837522667427,0.37905315348936397,0.37855803566893487,0.234848513210247,0.2615157644045967,0.3855415379783279,0.3791405902223153,0.3847294099290043,0.3726342165591512,0.2809717533865362
0.387713971627493,0.38771970489040425,0.3830788970645998,0.38507055802176304,0.3881517696928718,0.3903255545889451,0.3787386042544117,0.3799155186523151,0.35830936291729837,0.4056571444201024,0.3852274511856778,0.3846919269946844,0.3926091592333499,0.3826304846190755,0.6939399044511138
0.38636339841909645,0.389628488458057,0.3839168346906177,0.38642819555881025,0.38820378123943516,0.39139882541646004,0.37740576851308844,0.38065168144733436,0.36234928795905164,0.35597348410164104,0.3934460555933624,0.3891434706329046,0.39354536707149,0.3821240070373728,0.2566061634647182
0.38781866722504316,0.3897231853640532,0.3862106889418419,0.3868619473355401,0.39021142693678,0.39158555524474276,0.37907447886122514,0.37986293433234347,0.33722267632554837,0.259955999993834,0.3899125791760455,0.3877294508889997,0.3919590149013082,0.3782854401023618,0.06792103177822
0.38960372716327274,0.39111246087035223,0.387708502448349,0.3905203227246404,0.39244272228434723,0.39418059025868973,0.38032734445806893,0.3818961475456901,0.28329329597900166,0.21231320893402938,0.3938910118829503,0.3978370735028411,0.3993706602865837,0.3859625739723835,0.1170276268144201
0.39367638590797255,0.3960432511475105,0.39154730419754386,0.39312508147252334,0.39630718019400313,0.39747095999822113,0.384986938209735,0.3865748268029539,0.2467340958109488,0.17426739013811013,0.4059048317018269,0.3983345989682894,0.4040516994772839,0.3959321853174815,0.0981757525462717
0.39480709836151384,0.3943225052494683,0.393233653669905,0.3931246124338456,0.39761787116739916,0.39803484469892414,0.38473636509036624,0.3848424242093798,0.11694651217447546,0.13117892218165586,0.3908810134533841,0.3931236743564901,0.3991626141003302,0.3813776190222318,0.0450019862687473
0.3942469769146207,0.39309681961927767,0.39145827332477945,0.38883859792498937,0.39665045640132107,0.3949259942129826,0.3838780188729541,0.38250570812302387,0.13694626259096793,0.2063209199701641,0.3906454483588965,0.380266568907277,0.3887082932410995,0.3778322759503119,0.3566049155471806
0.392048369366068,0.3883710602239459,0.38878734714184715,0.3840173386081056,0.3944503679816919,0.3902701870763758,0.38178280108759394,0.3776069224738696,0.1376571596148926,0.1613724522793905,0.3789195414332825,0.3743748199743382,0.3809585728031622,0.3678093511755611,0.0714755168978433
0.38999633565408565,0.38679098792364336,0.38518421534996994,0.3826186972532221,0.3922658830260317,0.3896628698870115,0.37962893852961566,0.37680236871007705,0.135831872229883,0.14354869814938437,0.3836308433230383,0.3798214145434551,0.3884482355082829,0.3751932611824919,0.1079011898893721
0.3850128252106998,0.38485641844406143,0.38053889863573287,0.38011513663451596,0.3878397004134918,0.3870821753962023,0.37432958362211444,0.37434671606670983,0.1262497374173514,0.11245415826079418,0.3809872794848975,0.3751080153971038,0.381920786414584,0.3694354107799755,0.0502650784836138
0.3828089828822697,0.38319154623311885,0.3789520542564614,0.3818065752430549,0.3849062491873195,0.3862199029206246,0.37270352401770007,0.3739802510445265,0.14291775599468384,0.11775013189233259,0.3798618018112337,0.3851894524601327,0.3844953579694691,0.3732473210001599,0.1283420791554094
0.38332199131026534,0.3865311943217041,0.38283275288695706,0.3877610708486217,0.38740800457701596,0.3912189586769437,0.3746974462867196,0.3785874631281542,0.11822479570549974,0.15621345929530842,0.3932104904988746,0.3996700620597555,0.4012170701895819,0.3878018872954096,0.2331401141012601
0.3878657802439407,0.39156695824835586,0.38924821283615707,0.3939914204725272,0.3927755961823524,0.39674481606124384,0.3802793623713813,0.3842979526183927,0.15001986268747358,0.1809592567994431,0.4016384861016594,0.4064521197203383,0.4077965308298442,0.3957189315988698,0.2304508518077125
0.39179709993194783,0.39547378608659517,0.3941187252873865,0.39738560591488553,0.3969053129794814,0.4008621505388052,0.38486431732153326,0.38890464705667904,0.14082998995426377,0.1412901132740698,0.4032874417630739,0.4041739767996022,0.4090968194939278,0.3981180359332517,0.0619518262233231
0.3958802282364026,0.397450164393454,0.3963654455471472,0.39370427617522613,0.39913660832704856,0.39826718807667677,0.38873487231433596,0.3888658266191157,0.1426353106586716,0.1139573028512642,0.4014029210071715,0.3863416166959073,0.3930772631524198,0.388788185743989,0.059291682005653
0.39812594880385277,0.39533024447846415,0.39752808400324713,0.3928037323636948,0.4006293397134164,0.3961644636848873,0.39012102148531214,0.3859699066977573,0.1360284192420564,0.10774074259162059,0.3910904046484845,0.3910026447406323,0.3919590149013082,0.3801780668550407,0.0953076220723334
0.3944197246505784,0.3884466195631437,0.39181439681583713,0.38556969695003174,0.3950953111590773,0.38862528492922044,0.38492296209415156,0.3779171345783738,0.12297624172994644,0.12778690390798378,0.3746793697325027,0.3711016261227056,0.3735469274178867,0.3618115903396066,0.1678792265407102
0.38987593571690304,0.38527092685319,0.38451910235931824,0.3803716804459358,0.38921800639742027,0.3852201922933333,0.37910113557605163,0.37414802272170594,0.09597338607864787,0.11700346045572908,0.3789195414332825,0.3699756474377438,0.3784100070215589,0.3666097990083701,0.0954365735512197
0.38529026854420767,0.38363365320199233,0.3790725077902014,0.37922812161529657,0.3833667074090448,0.3834269030462391,0.37366316575145275,0.3730747440845564,0.14000719632446684,0.17204259945462533,0.3803591058995971,0.3769410039540182,0.3798403245520506,0.3709281868102574,0.2821208774524179
0.38019159294351673,0.38105894980256716,0.37649061248003357,0.377296127791887,0.380344836553715,0.38160723832274956,0.3689289331982726,0.3704221703824003,0.13658727831264905,0.12875909695193824,0.3759095430037168,0.373432140145068,0.3779679088757705,0.3651170229780882,0.0421920919465641
0.3775637334450086,0.38002300225369273,0.3727408416036032,0.37561534864741813,0.3776350349777651,0.38054149455568603,0.36607133336887554,0.36891146949095205,0.16421638058157112,0.1636571091069401,0.3779511071559439,0.3722537903584804,0.3784100070215589,0.3658900677080556,0.2334531334169438
0.37845364602418463,0.37972497904525615,0.3762968394040169,0.38003743747320345,0.3797831118508309,0.381790100298196,0.36907821080130077,0.3715563054945456,0.21366282516051335,0.24747522254976717,0.379128932628383,0.3888816151247742,0.3842873117832158,0.3768459775017327,0.4151114494354213
0.38116526200073286,0.3839758598021786,0.3776899107072718,0.3790052929668084,0.38127064208254235,0.3831426195921693,0.3717918643706349,0.3744302259480439,0.2263452031089785,0.21793296946435994,0.3924776213160236,0.3769410039540182,0.3858476581801159,0.3801780668550407,0.1588484632935455
0.3807778882897974,0.3821246523164256,0.37801984864751637,0.3788670931962859,0.38181676332145736,0.3829520566436548,0.3712533987311404,0.3723654368362908,0.21507796364816206,0.22055020635901854,0.3784222373449196,0.378590693655241,0.3825709307466257,0.3682358586127845,0.2257846801483357
0.3822698005548866,0.3825394696540047,0.38092644478776616,0.3818997690796296,0.38418328869008916,0.3852348830020797,0.3737004851522098,0.37402777625200573,0.22439075625882637,0.17661882257264092,0.3833691043291628,0.387965120846317,0.3898005357189295,0.3773524550834357,0.0887560549998856
0.38250536564937443,0.3814026239787975,0.3798528372044306,0.37689509686702055,0.3825553272826567,0.3802466553295187,0.37374313589593217,0.3713862913102262,0.21619630574811613,0.18190617533622477,0.379128932628383,0.3668857524418025,0.3702701999843966,0.3661033214266673,0.1924808808633925
0.38016541904412915,0.37674481585325054,0.3732121815182382,0.3698228434759511,0.3783996047122461,0.37466733653006673,0.370027189849123,0.36701294329604633,0.1833190862747789,0.20484590091372823,0.3674291996021567,0.3556783366938123,0.3635086989311628,0.3582662472676867,0.2507253520687352
0.3722399623095849,0.36877998978326776,0.36905915315928667,0.3652738497037209,0.3732348581385067,0.3697861994571842,0.36421069467398837,0.36170715919048674,0.2203934683996081,0.25130405858171595,0.3528503376433022,0.3561758621592605,0.3600239253114191,0.3510955909793676,0.3442203739176914
0.3688216510495733,0.36629688687046585,0.36474377438529415,0.3625204997309068,0.36957324526044777,0.3679450884235665,0.3601588740203657,0.3571303579085483,0.210971483004403,0.22709429011191407,0.3613306810448621,0.3570137997852785,0.3642628663563311,0.3479767553446713,0.1786747531723103
0.3621211328063655,0.36082009561801837,0.3572075728612951,0.35844170422937854,0.36295737653759136,0.3642037896505934,0.35400117289545235,0.35360822175865514,0.2652494483164552,0.2714448205946582,0.3498665131131234,0.3502841132263219,0.3567211921046472,0.3465639494588688,0.3601458815601465
0.3542061456315762,0.3537313959968244,0.35097541176778657,0.35086945181100554,0.35716849140509194,0.35657778454102873,0.3466492509463134,0.34552005173276096,0.288126688588418,0.28325224113750763,0.3395539967544364,0.3357249469742596,0.3413257743218995,0.3293437116809725,0.3068670822232066
0.34802910537611886,0.34800226343950635,0.3476865065856661,0.3469909048017403,0.3518113021090682,0.34995944051103384,0.34058218265180995,0.3396570030868973,0.26389899355450586,0.23203045305806325,0.3365439983248702,0.3392338107832098,0.3367227524510442,0.3279309057951698,0.1295868768991745
0.3481704444328115,0.3498538532685927,0.34888580481290427,0.35205138763297733,0.3518113021090682,0.35331426877782895,0.34024097670203124,0.34290118913475615,0.2564838675460325,0.2570685499971504,0.3535570329267655,0.3621723532954515,0.3600239253114191,0.3493895612304738,0.3071447438753247
0.347699314243836,0.3528942455457233,0.3496399486763204,0.3549624314561046,0.3515252386029699,0.35648702879383243,0.34057685130884474,0.34515283554941706,0.24704607519535107,0.21520763047106795,0.3589750300999844,0.3607845191023593,0.3628325488258394,0.3496561283787387,0.131485791418903
0.3501334868868764,0.35594195580659066,0.35249417371494407,0.35816003377721645,0.35400618937404105,0.360700001182556,0.34162712587300736,0.3473736644595054,0.1929604971703469,0.1733777507924206,0.3620373763283254,0.3645552384194401,0.3691259459600032,0.3518153222796822,0.0897179914351259
0.3573103700989373,0.3624407748093075,0.36182146691455647,0.3662271601755849,0.3625048760824904,0.36840640340975267,0.34974676120914855,0.3548964057602297,0.14468855098055117,0.137420950953023,0.3754384128147411,0.3823614129723218,0.3838192078641459,0.3699418883616783,0.0655073512742278
0.36549756582735693,0.36745384219519445,0.36988661656497934,0.37067129312883135,0.37167451174160665,0.3731279125220437,0.35763181745481687,0.35904966618132356,0.2562621541968506,0.3207655982955726,0.3774799769669684,0.3795595590353242,0.3825709307466257,0.3673561870235113,0.6874548929806718
0.3702402763963775,0.3707260900540857,0.37199717196051213,0.3713559055102594,0.375949860869113,0.37588549866434606,0.36140107693127904,0.3621117303251438,0.23647475774800797,0.2832463194074189,0.3772705857718682,0.3727251302731154,0.3814006709489507,0.3682358586127845,0.2082077616311114
0.3722033188504423,0.37008080749282657,0.37631255073450465,0.3750244079976135,0.37790549501989446,0.3747939056361463,0.365932718451778,0.36551259887717374,0.3142437307742704,0.362274431788351,0.3687902423703083,0.3823614129723218,0.3726107195797467,0.3723143359812337,0.5203306565502152
0.37749568130660094,0.376220267864924,0.38108879520280703,0.3794950922520597,0.3824721088081554,0.3805156087245336,0.37131737484672395,0.3699212673362531,0.41289868365498406,0.4358472064717987,0.388499188609119,0.388436460760952,0.3919590149013082,0.3787386042544118,0.5829927558386941
0.38059990577396213,0.3811333569604649,0.38251328916703764,0.38282468909919803,0.3846149845265649,0.3851882679684202,0.37323665831422936,0.3731269467905706,0.4213776593642692,0.32653221425475026,0.3909595351515468,0.3894838827934748,0.3945335864561933,0.3795383056992056,0.1079022298206534
0.3843951211851541,0.3862409226479528,0.38392207180078036,0.38408428346747786,0.38713754453488675,0.3885200889083585,0.37670736258463505,0.3769878673188936,0.3227988294533497,0.282541723978525,0.3964560540229284,0.3866034722040377,0.395183730788235,0.3847097083755397,0.1945607434260744
0.38655185049468666,0.3868453592051455,0.38697006991542066,0.3853778959270909,0.38961849530595793,0.3902818675403412,0.3789571893159887,0.37782024230244665,0.31175517521802154,0.23935764613717359,0.3880542323195309,0.387965120846317,0.3938054248043067,0.3794849922695527,0.1529894904544707
0.39049363974244883,0.38739663567313665,0.3887506873707089,0.3873400973676482,0.3939874652172783,0.39167310140567696,0.3815375593111905,0.3802855568540453,0.24235244935014694,0.21734410649506306,0.388499188609119,0.3912645002487629,0.3944555691363484,0.3852161859572427,0.1733170272108419
0.39152489137831753,0.3894829060449119,0.3902013668857525,0.3901233510238222,0.3955582139234911,0.3943863204145754,0.38253985178866556,0.3814403934499592,0.18825023242464134,0.24905662806709747,0.3936554467884624,0.3956898583361701,0.3998127584323722,0.383750066641787,0.3124816712111663
0.39249332565565614,0.3915891728760213,0.39192437612925185,0.39278187701953865,0.39699373260863924,0.3968279402370282,0.3840592845337741,0.38333875210822227,0.18568867369244238,0.19773589743128447,0.3958017065382401,0.3980989290109717,0.4017111798819338,0.3871354694247482,0.0950944361596585
0.3925352038946762,0.3932812636566904,0.39432297258372834,0.39472006950516575,0.39876732634644896,0.39923585998378014,0.38462973823106045,0.3847464936928054,0.18933987242123035,0.20276284397752778,0.3966654452180286,0.39859645447642,0.4040516994772839,0.3875619768619716,0.2128167370700144
0.3953933937077946,0.3963025695661679,0.39821414543454925,0.39895370803691765,0.40211686994512785,0.40300828758842044,0.3882550514474597,0.3890348485790532,0.2276544765921867,0.2500293997547694,0.4023451813851227,0.4074209851004216,0.410553142797701,0.3976115583515489,0.3445625113092526
0.3994765220122493,0.4005066564212429,0.4018696483280526,0.40248314359670495,0.4065898629495748,0.40761236977847465,0.39210961241136644,0.39418622931162767,0.23949451020276574,0.24419199825775859,0.4089148301313928,0.4095420147162796,0.4168205341585832,0.4044889907767766,0.2325171952637369
0.40266973773752807,0.4035449460857807,0.40319463719919346,0.40242702996176155,0.4084102670792916,0.40804650621263505,0.39511648984379166,0.3957189708090561,0.21896730664037714,0.23274321663824682,0.4096215254148562,0.4023148026918746,0.4089147790809558,0.3987844538039131,0.2098456533992233
0.4043972150971051,0.40384299516922884,0.40416873968943945,0.4026078337952414,0.40985098691909594,0.4083359305020753,0.3966359225889001,0.3953901915894676,0.2304897452376346,0.20606435414081323,0.4044390933361251,0.4029694414622011,0.4089147790809558,0.3947326331502905,0.152706629145946
0.40576349264513406,0.40372760776554384,0.4069705936264369,0.4059404639172968,0.41119808597508645,0.4091530185871289,0.3993602388441649,0.3973213137724101,0.23743731814201713,0.21989443662451777,0.4034968329581739,0.4126057241614078,0.4107871947572362,0.4011835581382952,0.2475546015919268
0.4105794901324398,0.4112934614509129,0.4098300557752232,0.41119974122631553,0.4150157334928354,0.41598247252023457,0.40318281175027987,0.40378901680898144,0.2154203090259795,0.2247554463260334,0.426425168821651,0.421718295844353,0.4296413803864459,0.4167244228821241,0.2344774657290646
0.41136994189394327,0.411818003946912,0.4111393333158763,0.412829294957392,0.4154422281746547,0.416972650869383,0.40338540278296103,0.4043599931860484,0.24713405338175248,0.28019893656488953,0.4128670889389102,0.416088402419545,0.41895300756768,0.4055019459401823,0.3910859170426017
0.40927079516306336,0.40758726655142685,0.41192489984026814,0.41063374174287254,0.4148336930798638,0.41327246844858895,0.4027189849122994,0.40139078360756736,0.3300785564089924,0.39498868055506736,0.3991257917604566,0.4062426353138337,0.4058721036070009,0.3954523644506051,0.6245681685354231
0.40977856881118147,0.40738416489318974,0.4122181780093744,0.4085677719311593,0.4151613658232128,0.41236602656495963,0.4028629311723623,0.3994113105552466,0.35079606739586644,0.3487571817301502,0.4069779615767156,0.4044358323077326,0.410553142797701,0.3954523644506051,0.2562941840803159
0.41026016855991204,0.40689105382940216,0.4102071277069313,0.40656200550383687,0.4146048422749852,0.41091221004867234,0.40211121181425613,0.3987491941527523,0.38243202489179506,0.36774958417729015,0.4059048317018269,0.4025504726491922,0.4080045770160977,0.3974249613477636,0.4057343890715701
0.4064649531487201,0.40707706647483183,0.40659352169472884,0.4055914255970048,0.40915403219514734,0.40807058336153396,0.3977555046116117,0.3974814250581356,0.438674212408044,0.4170625238882965,0.4074490917656913,0.4036502657833407,0.4023873299872572,0.3949458868689024,0.5156884033103092
0.40366434591425426,0.40433939523874823,0.40269711173374534,0.4025964012695456,0.40579408628715574,0.4060981482502633,0.3946046809191236,0.3949035591980043,0.45387052023602276,0.4337308346530295,0.3988640527665811,0.3966063526146273,0.402153278027722,0.3897478274777417,0.4670674561824954
0.4033136156624614,0.40201697699299616,0.4037602450967556,0.40558370155599216,0.40546641354380675,0.40547667879692745,0.3958468838300369,0.39715683246706,0.3948741787142705,0.3990160434109069,0.3973721405014919,0.4115583021288853,0.4042337398902557,0.4016633790051716,0.3295864609266619
0.40810343925037945,0.41165367783409956,0.41026473591872004,0.4160418965098463,0.41087561438639375,0.41618416820149706,0.4018606386948873,0.40661160123632584,0.5092963616964191,0.5421457286042908,0.4309270795163064,0.4369582864175547,0.4375991470106363,0.4255211387748574,0.8284050989910586
0.4130136627754803,0.41792110166517654,0.41583702113173954,0.4208318972446607,0.4166488960549242,0.4230797739205812,0.4075705070107161,0.41306583513318634,0.5068812252886328,0.4926500547470736,0.4304559493273306,0.4304118987142895,0.4368709853587497,0.4259743029269074,0.3936587070326392
0.4177092603256033,0.42225642761555315,0.4223100892927282,0.4258931336925353,0.4235456271292227,0.4276768443999707,0.4136855573919071,0.41721760301374333,0.4898284321372043,0.47190818234910453,0.4309270795163064,0.4360156065882845,0.4368709853587497,0.4255211387748574,0.4304244375531664
0.4236507354865727,0.42436142793417836,0.4291130953939616,0.42746921683528827,0.43033833511039443,0.4304901689111742,0.41993389134723047,0.41847490109394836,0.550814370186418,0.5719378370422576,0.4285714285714287,0.4306213831207941,0.4361168179335811,0.4209894972543584,0.7719971464285639
0.4321938962466628,0.42960360005676623,0.43541857602974676,0.4326747129927959,0.4380724520843627,0.434628220860815,0.4261022551580743,0.423151666749096,0.5833592276222386,0.5453954740634268,0.440087944301942,0.4430857053078112,0.4429043247600966,0.4325051980593912,0.4923107481057651
0.43448672983301045,0.43386614918719246,0.436497420723245,0.4359006452902125,0.43969001118248247,0.4383144614076217,0.42734978941195295,0.4260207145141474,0.5104623326490585,0.5182371907506704,0.4423912474480448,0.4423525098850456,0.4456869425012352,0.4317588100442502,0.4639206241251578
0.43701512851384605,0.4369434137019643,0.4390321820419493,0.4382956652960788,0.441598834941357,0.4410146756561218,0.4286559684384497,0.42818220902922866,0.4821526993496269,0.4295283073456074,0.4430979427315081,0.4430857053078112,0.446415104153122,0.4325051980593912,0.2521105405354814
0.4377637020363293,0.43618559151088404,0.4402052947183745,0.439490833520856,0.4427586924297193,0.4415665413709351,0.42975422508930006,0.42912561336252214,0.4408052395897678,0.3609145844816953,0.4346699471287233,0.4418811699704104,0.4426702728005617,0.4310124220291091,0.2236871387538711
0.4395435271946814,0.4366139124616524,0.44199638639398786,0.4395195028468577,0.44439185499180817,0.4424719044952985,0.4313749533507491,0.4291147884288827,0.3860166680185773,0.4066278191786672,0.437470554363189,0.439576841498861,0.4442826307440252,0.4290931385616037,0.498054288572611
0.4408941004030781,0.44002287842241,0.4428343240200058,0.4421047997105388,0.446212259121525,0.4456500514664259,0.4327504398357947,0.4325374024474615,0.35425446286509377,0.3822517868985607,0.4468408103439251,0.447275393437901,0.4520063454086808,0.4393826304846191,0.3334997223383478
0.44201957807674186,0.4426881308870613,0.4440598077980571,0.44422984273212646,0.4472368865888227,0.4473700609235252,0.43404062483339556,0.4344281799757259,0.3486590086127108,0.4001489755534547,0.4480186358163639,0.4484799287753018,0.450810079837724,0.4382097350322547,0.4359433528632427
0.4438465162539916,0.445869631797293,0.4458875592448087,0.44689471600194075,0.4494265726991392,0.45070121885058495,0.43598123367276226,0.43702153406922545,0.3522842090594652,0.3568448312920543,0.4522326336177563,0.4522244625415694,0.4573635347047043,0.4422082422562245,0.2702365427692537
0.44768360990420347,0.448531559658123,0.44842232056351305,0.4494481361892712,0.4524588458637817,0.45307802544164816,0.43932931705496625,0.44059863569285995,0.42327303811764116,0.43077364887628633,0.4538554153797832,0.454554976563932,0.4578316386237745,0.447752838940129,0.5786312840447503
0.4522745118567764,0.4524960611474332,0.45272722511718033,0.45333254554858,0.45637011416534473,0.4566650077117121,0.4435304153116171,0.44376530041019263,0.3574996724216463,0.3435782526150699,0.4604250641260535,0.4611013642671975,0.46383897225184,0.4500986298448579,0.169187460092637
0.4551327016698948,0.45537462723479444,0.454554976563932,0.4543597472562731,0.4583153460068135,0.45835417334648304,0.44567361518366483,0.4458764102217477,0.33133645728690236,0.29661338396492276,0.4611317594095169,0.4564141506716594,0.4617325046160249,0.4500986298448579,0.2026836466646284
0.4572527875202847,0.45645610651263424,0.45745633559401916,0.45723540614609465,0.4611083660572648,0.4604945089276487,0.44869115530202064,0.44835008535584303,0.2933822932980588,0.27979976694962344,0.4586190650683138,0.4629867239257377,0.4647751800899801,0.4532974356240338,0.2461725329190247
0.4600638643145055,0.45973341020470954,0.45928408704077095,0.45861134402250575,0.4633292590955193,0.4631523392504248,0.45131417604094476,0.450674505554177,0.27918348755514233,0.2529473493179727,0.4662880175888603,0.4613632197753281,0.468467999895977,0.455323345950845,0.1992425140546712
0.4611684028686593,0.4596149761866571,0.4600068082432115,0.4584637568737153,0.4646399500689154,0.4635632573305349,0.45203390734125926,0.45090016885001855,0.21632005757059564,0.2567362775859875,0.4593781081505522,0.4581685825761346,0.4643850934907551,0.4513514954417017,0.2643141341220171
0.4623881065801182,0.46191784501888744,0.46165126083427166,0.46208371365664314,0.4660858710633762,0.4660650306284045,0.4540438236391747,0.45398284967815733,0.24006044080607145,0.26712064381399697,0.4665235826833481,0.4693236272224987,0.4710685772241437,0.460148211334435,0.287889376270016
0.4623881065801182,0.46165581648243065,0.4608133232082537,0.4587972966182852,0.4656749798455257,0.4639360365945273,0.45423575198592525,0.45300799031164174,0.36400818633904664,0.4522212206524994,0.4611317594095169,0.4522244625415694,0.4596780485267729,0.4510582715786106,0.8224223743295043
0.46261320211485096,0.461018725235613,0.46029484930215514,0.45932964921060515,0.46548773827789774,0.4639036818136315,0.4541291251266194,0.45292676065026266,0.35667750275061816,0.37132051876062705,0.4597445427419776,0.4603943543952449,0.46383897225184,0.4527643013275044,0.2095191149768823
0.46046170758519606,0.4591893318039371,0.46034198329361864,0.46008606271795194,0.46419265076847066,0.4632666419920348,0.4531854774217625,0.4521528762423621,0.3759696839232863,0.346114819146422,0.4555305449405854,0.4615988897326455,0.4619925623488415,0.4506051074265609,0.2957034199180118
0.4609066638747841,0.4599938510687889,0.45975542695540594,0.4584693087736585,0.46250227550516215,0.46082216705276074,0.4529349043023938,0.45146812744319403,0.3790489204473368,0.3239799850117045,0.4616028895984924,0.4552358008850716,0.4559332171742126,0.4500986298448579,0.2797103167422696
0.4597288384023452,0.46020738581957715,0.4583937783131269,0.4598180005194732,0.4617637115439628,0.4630066971745561,0.45130884469797944,0.4516513893995839,0.372878176210116,0.301665208369107,0.4606344553211537,0.4625153840111027,0.4673757574181468,0.4520179133123634,0.257035655083912
0.4601528555724232,0.46122220563302035,0.4601220246667889,0.4601672317829421,0.4631212129092659,0.4641596499008003,0.45145279095804236,0.45169359389269764,0.27312838367640657,0.3090012761330571,0.4632518452599067,0.4608656943098799,0.4664655553532885,0.4517780028789251,0.3236734116609574
0.46075485525833637,0.4617329841458615,0.46098091073345737,0.461674416098157,0.4640990299846566,0.465682452476798,0.45221517300207925,0.453321133111028,0.27362089513124965,0.2766614081724039,0.4627545411715438,0.464688784728587,0.4687280576287936,0.4565762115476888,0.2119816722510976
0.4636653928702298,0.4645164004305918,0.46204928120663025,0.46342985809827475,0.46634592879619274,0.46819732045337276,0.4541717758703417,0.45567679599664307,0.2553800844840172,0.2526073943422191,0.4700832330000523,0.4669407420985101,0.4732270564065223,0.4603881217678733,0.2044993666818496
0.46389572318484007,0.46392911401090914,0.46401319751760983,0.4639716995455064,0.46890489688710896,0.4683742328451797,0.4552167190915391,0.4555589793147104,0.261547708927394,0.27192107588119724,0.4627545411715438,0.4650553824399697,0.4687280576287936,0.455323345950845,0.3105484389591535
0.46525676595299165,0.4650992990612433,0.4639189295346828,0.46332914772916006,0.46890489688710896,0.4680414077028354,0.45602175187929833,0.4557203452935268,0.2765094082583023,0.2918954345002825,0.4674396691619117,0.4620440440964675,0.4673757574181468,0.4560430772511596,0.331844151738453
0.46652881746322566,0.4666035669778545,0.4662651548875331,0.4664183721774838,0.47076170909942006,0.4706108106068383,0.45827157861065204,0.458155942374249,0.3023431731631173,0.34554436839519925,0.4696121028110768,0.4725968210741313,0.4757496164148441,0.4630271365356935,0.4528422361850328
0.46910956394283615,0.4696218025084351,0.46508680510094536,0.46387792671687195,0.4703508178815697,0.46929840758440605,0.45983899344244816,0.46024172348505593,0.3157173133999304,0.32331370340852056,0.4756582735695963,0.4587970357956481,0.4666736015395417,0.4644132857066696,0.2788523734351633
0.46572789614196725,0.4641394996708592,0.4609651994029694,0.45802952234745825,0.46572179023743276,0.4628929111182165,0.45606440262302084,0.4539995382136161,0.3194812406796158,0.28998213663243916,0.4531748939957075,0.4463327136086308,0.4500819181858374,0.4415151676707363,0.2233190030802764
0.4641469926189603,0.4610430076327427,0.4596663960826416,0.4582068035110824,0.4636777364574936,0.46143120365517704,0.45450231913419004,0.45183733497797435,0.28590497939896126,0.24087713527358634,0.4548500235565095,0.4585613658383305,0.4585077887290979,0.447512928506691,0.1426671325558807
0.46452913155001835,0.46381212636089564,0.45446070858100507,0.4508097378701497,0.4590591111226693,0.4557150126847931,0.45489150717065635,0.45388789579648003,0.28817993307002265,0.2749910635469776,0.4693503638172015,0.4360156065882845,0.4442826307440252,0.4579890174334915,0.3432189200937601
0.45961367324504004,0.45755302133599224,0.448652753410668,0.4483921736542486,0.45234962161599884,0.451210731417026,0.4493309164578558,0.44766665818821694,0.2580435564817877,0.2840474934459376,0.4450348112861854,0.4435570452224464,0.4422021688814918,0.4352241829716907,0.3021603532438576
0.4529079202219547,0.45241185037538467,0.4482233103773338,0.4511447226458247,0.4487088133565652,0.4502970076921419,0.4462280748520553,0.44807746468470033,0.24189779139394463,0.2554061782959412,0.4421295084541695,0.4566498206289771,0.4484695602423737,0.4488990776776671,0.1981235479959484
0.45404386745537356,0.454559443637857,0.4498258660870932,0.452211645816359,0.45123657451954335,0.4544382464616707,0.4483446180092766,0.4494176042754145,0.30043115550924393,0.342266060082885,0.4588546301628017,0.4543454921574275,0.4627207240007281,0.4520978834568427,0.5159858236567727
0.4529236245615872,0.4527892321210973,0.4496006703501008,0.4539528929286956,0.45026395859880897,0.45417373401625577,0.44816868369142193,0.4484894884894155,0.354709120821296,0.3661963597606372,0.4492488090875778,0.4574353871533689,0.453644709125426,0.4466332569174176,0.4140569591161415
0.45015966078626396,0.45370300306092665,0.45442404880986687,0.4560127615815018,0.4533430421553585,0.4560085055197615,0.44644665991363236,0.4487859585077915,0.36586030395111485,0.3771225184213762,0.4555305449405854,0.4601324988871142,0.4596780485267729,0.4493788985445435,0.3989748357428541
0.4546092236821441,0.45822954396247995,0.4600172824635367,0.4611829122179331,0.4599173016409643,0.4623634924496813,0.4520339073412593,0.45357744570846953,0.37322176950547103,0.36440423928613025,0.4672826257655865,0.4715232134907958,0.4750734663095207,0.4631604201098256,0.3389676810156384
0.4616761765167775,0.46464112018409853,0.4633742700777711,0.4652668610453385,0.46604426182612546,0.467943782022514,0.4556059071280056,0.45797132267611246,0.43012847311049673,0.4038218481977793,0.4774642726273358,0.4734347587001493,0.4791043611681794,0.4667590766113985,0.4826570660210773
0.4653509919907868,0.46883698263368173,0.4680457723428213,0.4694122418577851,0.4703456167269134,0.4733716875165654,0.45881004425014665,0.46135373813992436,0.3608960879865058,0.32582253147745877,0.4772287075328482,0.4777030034826783,0.484227498504668,0.468118569067548,0.1698238980368177
0.4719677537559545,0.4733355277269267,0.47307339809892907,0.47379933321649265,0.4765557953865757,0.4771463258189563,0.46402942901316846,0.4651458856707918,0.3717396594433039,0.3733066264516833,0.4823326179134167,0.4825735159339077,0.484695602423738,0.4727301807325266,0.4682748164001322
0.47754802910537597,0.47670099238051544,0.478273848490403,0.4779111390924897,0.48213663433282183,0.4806249649653053,0.46932345257770436,0.46871359590293543,0.3079018138481408,0.2754662868901351,0.4834319216876929,0.486134750844484,0.4875822432580033,0.4758490163672229,0.0797856077670387
0.48100821860440757,0.4793285193405918,0.4799444866322764,0.47856622746171396,0.48423269965932436,0.4822679076242146,0.4717118942261555,0.4708432733859842,0.2823544460182071,0.2540544718820799,0.4845835732607445,0.4798764042001624,0.4855537929420331,0.4751026283520818,0.2112308418659695
0.48172538344762594,0.4799023785082037,0.4810861766477258,0.47875855456694155,0.48509089017761936,0.48264370966936126,0.47258090312949824,0.4709302226333602,0.21225163841173367,0.21341732391762344,0.4810500968434276,0.4791432087773968,0.4833953137596546,0.4711041211281122,0.1321430279887105
0.4829189132596974,0.4810003712032042,0.4831077011704942,0.4817759117434677,0.4861831326554495,0.484992043410847,0.4745694940555526,0.47330732298818007,0.21979446798155572,0.2114575645737249,0.4831963565932052,0.48781062609652,0.4896887108938185,0.4780615236978196,0.2075380458859278
0.48401298225409617,0.4832679017639397,0.48344287622090143,0.48260040489095973,0.48749902478350193,0.4870863832952314,0.4755717865330277,0.474785429698754,0.19289976518351662,0.25223881051912883,0.4878029628854107,0.4842493911859438,0.4912750630640002,0.4777416431199019,0.3338013024099367
0.4818510181646862,0.47971930158950743,0.48148419702008444,0.4805140548741062,0.4856058044885964,0.48409630279131294,0.4747134403156156,0.4737093815592233,0.2201043675033953,0.24009541346822996,0.4726221012406429,0.4763413548403992,0.4781161417834759,0.4715572852801621,0.2158086193664322
0.4808354708684499,0.47964814665285943,0.4811804446306529,0.47979525066707246,0.4852937352092164,0.4840620173759196,0.4737964493255852,0.47264547884012553,0.23255276091355878,0.2512212119510822,0.4795058367795634,0.4783576422530049,0.4839934465451329,0.47051767340193,0.2734728089167867
0.4791289326283829,0.47727123298293717,0.4791432087773967,0.47618251028175357,0.483681377265753,0.4811525195980589,0.47247960761315777,0.46993695674874214,0.29737562941840795,0.31956659813837357,0.4725174056430926,0.4689570295111158,0.4753335240423374,0.4645199125659753,0.4562573705129564
0.4773752813694184,0.47632352208808554,0.4770221791615388,0.47652349952691236,0.4817985592801601,0.4808598867206573,0.47021911819587353,0.4688776633696276,0.2855276923300908,0.2624771855736963,0.4744281002983824,0.4772054780172301,0.4802746209658542,0.4667590766113985,0.1482983604443418
0.47596189080249174,0.4777943514089828,0.4741627170127525,0.4743330264986123,0.47815775102072655,0.47826359840271565,0.46882230633896677,0.46950430352487443,0.25955624052362614,0.2429661381750021,0.4807360100507772,0.4699520804420123,0.4730710217668322,0.4707575838353681,0.2039440433776136
0.4765429513688949,0.4770387022968748,0.4746969022493389,0.47589277800685204,0.4790003380750526,0.4796187579535125,0.46828384069947226,0.469291188044146,0.2425993290363372,0.20565211275999729,0.4755274040726588,0.4790122810233315,0.4823290770551062,0.4688649570826892,0.1310240619299876
0.4745327958959325,0.47451082133616707,0.4745659744952736,0.47649618649879416,0.47741398590487083,0.4784330672004164,0.46784667057631824,0.4689713996248173,0.22437307742704354,0.19788192546343764,0.4694550594147516,0.4777030034826783,0.476061685694224,0.4683318227861599,0.1823415508703184
0.475799612626289,0.4759577106557364,0.47728927177983194,0.4785219629771653,0.47928640158115093,0.4805205789415236,0.4696273391267261,0.47045535152254975,0.1943556689773939,0.2339780597305278,0.4788514892948751,0.4825735159339077,0.484695602423738,0.4734232553180146,0.3061703282647082
0.4772915248913782,0.47793436097843384,0.4762523239676347,0.47635488830352485,0.47867786648635996,0.4794243677916488,0.4704696913152423,0.4706271801996931,0.2707656598052,0.3327681446814759,0.4818876616238287,0.4720207389562438,0.4772319454918993,0.4709708375539798,0.5303483145833723
0.47653771658901733,0.4776118968319469,0.4781167351855246,0.4773279710461706,0.4810027826177411,0.4811814460023452,0.4709601748680493,0.47148812066626306,0.29191661415013687,0.3250783681550833,0.4769669685389729,0.4792741365314619,0.484695602423738,0.4732100015994029,0.309698815102298
0.477951107155944,0.4792727168570619,0.4754877058838932,0.4735076922025052,0.4790575507762723,0.47832193661748423,0.47157861065202333,0.4716444591116951,0.30725040089350886,0.28594991065233805,0.482594356907292,0.4658671345151746,0.4726029178477623,0.4719571360025592,0.2076929956468476
0.477951107155944,0.47600016437629183,0.4744874178428343,0.47323898256079805,0.478911918445895,0.47732579909243533,0.4707682465212987,0.46918964011864245,0.29815453794813235,0.23625401914937058,0.4694550594147516,0.4727015632773836,0.4753335240423374,0.4642800021325373,0.1368622361434356
0.47329738784484104,0.4691944071639813,0.4717117494566498,0.4717243797081938,0.47466257509167037,0.47270016127916187,0.4679799541504505,0.46595369123368613,0.2859935815441315,0.2392911948478151,0.4555828927393602,0.4686951740029852,0.4634488856526148,0.4594817934637736,0.2453655462447041
0.4709574412395958,0.4695255809751884,0.47222498625258585,0.4726785607841039,0.474002028450316,0.473109844947817,0.4665991363224397,0.46532471029376593,0.22000994174304958,0.22633750175786427,0.4701879285976024,0.4745869229359241,0.4739292122851272,0.4640667484139256,0.2004301155779626
0.4708632152018007,0.4718490001001247,0.47204168739689445,0.47457158794040427,0.4732010506332406,0.4756368010779984,0.4665564855787173,0.4678820561561076,0.18828143036308154,0.20124375390606217,0.4764958383499974,0.4783576422530049,0.4806907133383612,0.472996747880791,0.1510562582024579
0.4713866931895513,0.4763032490154315,0.4778758281180446,0.48139367133391114,0.4772579512651808,0.48138700772115345,0.46928080183398196,0.47378094319703257,0.21614805293666187,0.2498378721089579,0.4852117468460449,0.495037838120925,0.4928874210074635,0.4855787172788826,0.3470261085147493
0.47740145526880584,0.48404512261396243,0.48356332975464145,0.48797547137606356,0.48324448027462097,0.48934672817728164,0.47536386415738124,0.48075240004786624,0.2388528726021784,0.2500206928963113,0.4995288698110244,0.5011390714603683,0.505266169089538,0.4946953137495335,0.2503863344710181
0.48554153797832794,0.4881245171716318,0.4889837387729452,0.4905827206155436,0.48992796400800975,0.4918532535580408,0.48058324892040305,0.48236117245820503,0.22561496336322087,0.2264057952808464,0.4962833062869706,0.4957972190945037,0.496866304319559,0.4855787172788826,0.1791760000499166
0.4891535360938072,0.4881656511727541,0.4870617193432665,0.4820474223395392,0.48979793514160147,0.48566185835638903,0.4832649144319454,0.48073247362934907,0.23158000919299243,0.22768897842950442,0.4882479191749987,0.4649768257875304,0.4732790679530855,0.4774750759716373,0.2302553447268204
0.4898078835784954,0.4853662927063156,0.4883343371127811,0.4829385252598856,0.49022442982342074,0.4847156344867454,0.4836807591832383,0.4788469729653178,0.27152439366806636,0.2687187124789454,0.4797675757734386,0.4847207311005785,0.482823186747458,0.4750759716372554,0.3507781805778274
0.4879652410616133,0.48224370655808846,0.48188745450260545,0.4762268251966058,0.48475281512495777,0.478320205496213,0.47951698032734447,0.47415125631001637,0.30446047325192743,0.34971464379731526,0.4759985342616343,0.4628034250700463,0.4655293475151484,0.4647598229994136,0.5117065064340548
0.48162068785007583,0.47743117228983795,0.4730943465395794,0.46987572734614985,0.4762073180246015,0.47305969819339416,0.47186117182918375,0.46823959462625425,0.29438541101204024,0.29981343695540424,0.4678061037533371,0.4571735316452381,0.4625386835877566,0.4564162712587301,0.2000110232715822
0.47537036067633354,0.47329800499931163,0.46805100945298383,0.4701106627846084,0.4711101864613944,0.47250001429677074,0.4667484139254679,0.46549803900427045,0.297490437831868,0.2647760026866213,0.465031670418259,0.4705805336615256,0.4713806465035238,0.4600149277603029,0.1947011341490554
0.4723080144479924,0.4731773993439721,0.46997302888266257,0.4716027495017136,0.4707305021714821,0.4721268916990218,0.4644026230207389,0.4655807331521779,0.28421030738288805,0.23113556595172113,0.4729361880332933,0.4745869229359241,0.4713806465035238,0.4657461214479927,0.1638546924819207
0.4728733706747631,0.4763163851984121,0.47068003875461517,0.47715375982125635,0.4716615088549658,0.47724400118764,0.46503172149064353,0.4697943100970447,0.2699339227663835,0.24722246313291563,0.482594356907292,0.488255780460342,0.4874782201648765,0.4782214639867783,0.2793962574953046
0.47579437784641154,0.48107878017223354,0.4768022205347089,0.48257395120434254,0.47797571060775496,0.4838627862181246,0.4693447779495655,0.47530457516270436,0.22544150282549325,0.2612297776651448,0.4906035701198764,0.493414333970515,0.497100356279094,0.4863251052940236,0.2892444067296033
0.482138931057949,0.4872288100518305,0.4854591636335071,0.48853538318263795,0.48670324812108284,0.49130064786354843,0.47714986405075444,0.4820169506966945,0.2264519000584441,0.24250752158887534,0.4995288698110244,0.5004582471392287,0.5061763711543962,0.4954417017646746,0.2050630094363364
0.4888499188609119,0.4910147431789114,0.49078006755872117,0.49141860655095737,0.49286661638883833,0.494932927856466,0.48303033534147255,0.4844837285357608,0.20053556460989053,0.18337816669467943,0.4985866094330732,0.4971850532875961,0.5021974878423011,0.4894172842138935,0.0651194569062876
0.49524681987122426,0.49565005981422616,0.4977454240749955,0.49741697287307013,0.5007203599199023,0.5001717399572584,0.49015834088606935,0.49011786874749935,0.20859024835638854,0.19029481486792324,0.5049206930848557,0.5094137055172956,0.5106493641588433,0.5013861491709763,0.2041281112144109
0.5010155472962361,0.5009127045536012,0.5031867815339496,0.5034321711670843,0.5059787272774556,0.5047045122890533,0.49560164205363344,0.4952245691065326,0.19733465612592313,0.20123597535960802,0.5114379940323509,0.5154625677551128,0.5137700569526434,0.505437969824599,0.2231182963429776
0.5052871276762811,0.5045956270424347,0.5051664091754171,0.503392271504007,0.5085376953683718,0.5064347404372606,0.49933891347230375,0.4984868668668135,0.1953658582240885,0.22729078931321536,0.5119614720201017,0.5033124721778524,0.509895196733675,0.5050114623873754,0.27940041722043
0.5067371617023503,0.5053234313420799,0.5076645107229831,0.5065777659616909,0.5100772371466465,0.5089145203067638,0.5012102148531216,0.5005906474674635,0.221009939663187,0.2626216650860866,0.5067790399413704,0.5129487548770588,0.5138740800457701,0.5047982086687637,0.3332834166318289
0.5115322200701461,0.5110695879854038,0.5135353112152714,0.5132315292241398,0.5156372714742673,0.5159422333646441,0.5074372234365837,0.5072445406887105,0.24264030232882208,0.23283820013554535,0.5225619012720516,0.5265390557490377,0.5299976594804047,0.5205523271312045,0.1732712702344629
0.5158613830288437,0.5162352279497172,0.5172484223205636,0.5181474398306786,0.519933425220399,0.5213381998729298,0.5110891933678094,0.5113783600681752,0.2605755811655965,0.2531603018897913,0.5265665078783438,0.5279792610437561,0.5321301328895015,0.5196459988271045,0.2938045053982832
0.5199654504528086,0.5214762623505366,0.5208358427819529,0.5232315165744723,0.5240631420175278,0.525698346894716,0.514831796129445,0.5156359012563758,0.24779045800653487,0.22183776144241732,0.5319583311521751,0.5333996700620598,0.5344186409382882,0.5241509836327771,0.1591926805476694
0.5248599696382767,0.5264621975495053,0.5286391369242451,0.5295973253460861,0.5306009934205393,0.5313270491793881,0.5205256704163779,0.5215842121115971,0.24974199304909925,0.24427787177269553,0.5364340679474427,0.5423289428893137,0.5425844537487322,0.5334808338220398,0.2891580924332519
0.531916452913155,0.5316619504715908,0.5332425567571815,0.5317201682446373,0.5360726081190024,0.5346287506322872,0.5264061417070961,0.5257896631151828,0.22463326823363503,0.23209851203329968,0.5420614563157619,0.5359658540417398,0.5412321535380854,0.5342005651223543,0.207739792554508
0.5341778778202376,0.5323976422502154,0.5352274215088114,0.5333012386654875,0.5375289314227758,0.5355122590879487,0.5277976222210375,0.5263630186437591,0.2262249870528555,0.2151422961323881,0.5338690258074646,0.536463379507188,0.5372792759992718,0.5275097297009117,0.181229864330565
0.5361513898340574,0.5337431174826245,0.5367409463458065,0.534049787519902,0.5389176397160169,0.5366993975105349,0.5293223863091112,0.5266652855183306,0.2547694368356138,0.28893711552561707,0.5364340679474427,0.5355468852287308,0.5390736743557071,0.5272698192674734,0.436526754312075
0.5368057373187456,0.5342387678469551,0.5388043677498755,0.5372721173740699,0.5405508022781058,0.5386610829232673,0.5315295622967426,0.529505811535865,0.26475111324643663,0.2623250978843391,0.5352300685756163,0.5437167770824058,0.5425844537487322,0.5351868635709336,0.2091010626017832
0.5381720148667748,0.5372476637938329,0.5400769855193903,0.5410787554950092,0.5419551140353158,0.5423093927937724,0.5331609532441222,0.5335498038768893,0.23787325733515524,0.2264730028818411,0.5432654556875883,0.5486920317368877,0.5496060125347827,0.5416377885589381,0.1547688128768451
0.5392032665026435,0.5405710140275904,0.5412500981958156,0.541329642804628,0.5434010350297767,0.5443601813659781,0.5343978248120702,0.5358281769052909,0.23286307640791087,0.2118782978939895,0.5472177144951055,0.5418314174238656,0.5484617585103894,0.5403849229620943,0.1826888879182863
0.541742134743234,0.5425684650218661,0.5444499725051717,0.5450406788877415,0.5461888539255716,0.5466462444034007,0.5375166604467665,0.5382534205616585,0.25392438867639616,0.23676434048699013,0.5465633670104172,0.5524627510539686,0.5512183704782462,0.5431039078743936,0.2865364256729915
0.5451604460032455,0.5462208514304109,0.5481002382885125,0.5479598573069726,0.5501729383923231,0.5507621951654221,0.5416271258730074,0.5414429958406649,0.2278801416802377,0.25994473343508756,0.5535256242475005,0.5537982141454347,0.558994096689465,0.5478221463986779,0.3063055193312825
0.5490708265717427,0.5490745580929746,0.5505093089633142,0.5505606150234531,0.5529867630613996,0.552725989141653,0.5445540331609532,0.5442357972306642,0.26357952666487794,0.30249581813171983,0.5547819714181018,0.5557621304564142,0.5566535770941149,0.5498214000106627,0.3875979875249843
0.5524106161335915,0.5527045065609273,0.549283825185263,0.5478952809645125,0.5522846071827946,0.5505157371416879,0.5480993762328732,0.5492786994599551,0.3430581467176648,0.3857178498014064,0.5599644034968329,0.5425646128466313,0.5460952331417576,0.5593645039185371,0.5521619131407796
0.5477202533633461,0.5430583045885776,0.548257351593391,0.5441632037978436,0.5469118144228019,0.5408764229979339,0.5454337047502266,0.5418713214895907,0.3962131942321251,0.40663327503113345,0.5237659006438781,0.5366990494645056,0.5215977947104259,0.5270565655488619,0.4484641254905875
0.5434434382034234,0.5370986334626533,0.5435544266673651,0.5390915113398421,0.5420591371284426,0.5362359433341058,0.5406461587673934,0.5343029403131365,0.5000180948042953,0.5396091595320365,0.5251792912108045,0.5289481264238394,0.5269549840064495,0.5191661779602281,0.8055609285338424
0.540438674553735,0.5375663576414548,0.5395637487234545,0.5373426157018554,0.5379866330325334,0.5370344876260434,0.5383536812923175,0.5349885465498571,0.5024326072533126,0.4658654668801474,0.5385018059990577,0.533844824425882,0.5386315762099186,0.536359759023298,0.3183780815763694
0.5355336858085117,0.535129914324965,0.5332687423079945,0.5329907765942751,0.5321457363534705,0.5338393563169627,0.5323932398571201,0.5299987619781298,0.5296459449959545,0.48513186999949626,0.5302570276919855,0.5242870983791144,0.5274490936988011,0.5200191928346751,0.5236646762381941
0.5290373239805266,0.5325808076689458,0.5308177747518921,0.532097109418223,0.5295347567159909,0.5335730158627617,0.5253505357999682,0.5280495025296789,0.4681930778014188,0.40505377238903106,0.5274825943569071,0.5303097750661188,0.5330403349543599,0.5241509836327771,0.2448975771681007
0.5288593414646913,0.5293458678008643,0.5251512215559455,0.5241868341070731,0.5284893246300679,0.527838888668778,0.5230740523537879,0.5239243844591064,0.4193298266850526,0.33808513822893954,0.5228759880647017,0.5083662834847733,0.5163706342808104,0.5156741483179614,0.2041478699087564
0.5259435690729204,0.5230973882845595,0.522605986016916,0.5215318723142793,0.52559228148649,0.5227158485420387,0.5205363331023085,0.5181087835403478,0.37935237239523206,0.4272813111808729,0.51060042925195,0.5162219487286916,0.5124697682885601,0.5064775817028309,0.6056736570847397
0.5214783018374077,0.5207900821302044,0.5181177826075573,0.5181558506692157,0.5205263568512211,0.5195778833725503,0.5154608945993496,0.5157333778630664,0.3538447299402455,0.3484674972210608,0.5161754698214941,0.5114038073790883,0.5133019530335735,0.5109825665085035,0.1908398693014365
0.5168088781866722,0.5161633578995722,0.5113304878368118,0.5088874419546061,0.5146854601721582,0.5124667923495293,0.5109025963640241,0.5095648191280602,0.2994767065792292,0.31625318462507807,0.5069099094383079,0.490350624525387,0.4982446103034873,0.4972277016580477,0.2518245594331126
0.5097576296916715,0.5081843558936826,0.5054282646835477,0.5061911810696702,0.5068629235690324,0.5062870788792629,0.5041744415418244,0.503213282592633,0.2979729659464102,0.28996174775138733,0.4922263518819033,0.5007986592997984,0.4939276519387304,0.4905102095217786,0.2373788740040058
0.5059624142804795,0.5067562075987024,0.5061352745555003,0.5080945649946257,0.5051621459964112,0.5068136347254102,0.5014981073732473,0.5029063475534473,0.2773679755241773,0.22701547110012218,0.5038999110087422,0.5119013328445365,0.5078667464177046,0.5022924774750761,0.1011229177975919
0.5076480134010365,0.5108469466840466,0.5054282646835477,0.5096253431193932,0.5060567445973005,0.5101900102479425,0.5019192834675055,0.5047987190936721,0.21545192293693233,0.25004144544958634,0.5190284248547349,0.5126868993689284,0.5169427612930072,0.5085834621741216,0.2960933941485146
0.5041459456629849,0.5067863414997764,0.5023488439079318,0.5050857965799316,0.5034197591865395,0.5068323488252177,0.4985392120275097,0.5012265491652897,0.2644000324458559,0.31188776924840916,0.4986651311312359,0.4960067035010083,0.5001170259797677,0.4940822093085248,0.4355804168460547
0.5039365544678847,0.5064785454874533,0.5021131739506142,0.4997812892995541,0.5029048448755624,0.5031115787996792,0.4988057791757744,0.5003378785766501,0.2605722533854963,0.28548706754271086,0.5058629534628069,0.4891722747387992,0.4956700387486022,0.4985605373993709,0.2326856641313142
0.5037585719520494,0.5014311767592113,0.5034538741522429,0.5023549129690168,0.5031597014537228,0.5004750308096302,0.5005171402676335,0.4999142573781247,0.2415860199957986,0.23780728071364646,0.4913364393027272,0.5075021603079422,0.4952019348295323,0.4990670149810738,0.1424477070555177
0.5041302413233523,0.5028735371278931,0.5004163502579277,0.5004745131036649,0.5020310508932984,0.5010578517449477,0.4997014447939437,0.4993475049542922,0.24550614495394138,0.19877936800519955,0.5057582578652567,0.4967137133729609,0.5022234936155826,0.4982140001066271,0.1207235425883057
0.5025441030204679,0.5056149358653664,0.4998088454790647,0.5035328005606476,0.5009128026421866,0.5044890745091145,0.4992269552700326,0.5016353414877169,0.23065488632511158,0.2064652790049216,0.5110977333403129,0.5096493754746132,0.5113515200374482,0.5062110145545664,0.2218371010043656
0.5051510233994659,0.507643201585653,0.5044122653120009,0.5086964679289948,0.5045432085923075,0.5090824015828671,0.5025110625366531,0.5045911428723536,0.21789139373670183,0.26156450397128306,0.5116997330262262,0.519023802665689,0.5182690557303723,0.5105027456416271,0.371762953904006
0.5075956656022613,0.51112418921603,0.5059205530388332,0.5047022164103169,0.5061399630718019,0.5072728714372695,0.5043237191448526,0.5056020353950254,0.22853488241496994,0.2696773718217403,0.5180861644767837,0.4967137133729609,0.5036538111460743,0.5076238204403689,0.2859031075226548
0.5052609537768936,0.5006370862026495,0.49618476524653693,0.4894092180556983,0.49996099134007743,0.4929509396818163,0.4982566508503493,0.49331191476620256,0.2831917986859428,0.3183623440179541,0.4796628801758885,0.4588232213464611,0.4643070761709099,0.4687316735085569,0.4157322884103818
0.4975239491179395,0.48944913565859505,0.48907276964570956,0.47999072382674,0.4912490572907185,0.4815219009108069,0.49052620355067444,0.4820618643802193,0.339503245625529,0.3463351551073817,0.4670732345704863,0.4611537353688235,0.4586638233687879,0.4595617636082529,0.4022807772862369
0.48422760822907385,0.47450476673772496,0.4755767367566577,0.467383552894278,0.47732036512105686,0.4682506203369179,0.47742709388494964,0.46827973166212694,0.3883598411816947,0.38626346299998576,0.4446160288959849,0.442169211029354,0.4417080591891399,0.4407154662259422,0.4661200787851938
0.4735172485996963,0.469052489451596,0.4633952185184215,0.46429443908768814,0.46459313967700827,0.4637113897279883,0.4651116916351229,0.46182839923891583,0.3864455356790023,0.3782394507968385,0.4581479348793381,0.4581162114745083,0.4546329285101292,0.4489257343924935,0.3621914263905441
0.46251374129717837,0.4670578689557954,0.45751918091597055,0.46530746784536076,0.4578576443970562,0.46579970473409676,0.45536599669456734,0.46085071473847433,0.37214232083543913,0.3236219782995054,0.4630686279641941,0.467333525360706,0.4699763347463138,0.4588953457375913,0.2143870333048392
0.46227294142281317,0.47085820623855107,0.4617350545968734,0.47017250848056563,0.4620601773593738,0.4723063834835639,0.4561497041104654,0.46478388002166526,0.3462578072840946,0.3111845590842233,0.4784588808040623,0.4799025897509754,0.4853197409824982,0.4726502105880472,0.2863097206536591
0.46394283620373766,0.4723797069840703,0.4644897745424075,0.471757450685875,0.4663979403427561,0.47498846841760906,0.45876739350642426,0.46740599021045925,0.33523536764690587,0.3231792324229132,0.4754227084751087,0.4749273350964937,0.4803526382856994,0.4726502105880472,0.347168579100293
0.4720515102339947,0.47663960433847025,0.47308387231925425,0.47621820042844587,0.4762437261071958,0.48030464161551895,0.46682838406994726,0.47194413315482525,0.31878469470737364,0.34340839297778647,0.4851593990472701,0.4851396999135877,0.4909369880113386,0.4810204190435572,0.383866714087533
0.4776370203632937,0.47978489806759134,0.4771059729241404,0.47688770511861045,0.48171534080565886,0.48086676174449416,0.4731193687689929,0.47475630806579083,0.38809133092485243,0.46518046447783695,0.4860754855258334,0.4782267144989396,0.4819910020024446,0.4803806578877219,0.7087246074779378
0.4795791236978485,0.4774496469240503,0.4796669197936579,0.47797122331517133,0.4832184745013393,0.47974184223790134,0.47561976861971533,0.47363665370759506,0.39105201528283,0.38651712801680044,0.4727791446369681,0.480138259708293,0.4774920032247157,0.4713973449912034,0.2291904550947273
0.48101345338428525,0.48017660769478204,0.48147372279975914,0.48162635047060814,0.4833589056770603,0.48183519377896866,0.47677667004318386,0.4752360083735267,0.40929012210873095,0.3835115036055883,0.4856305292362456,0.4889366047814816,0.4860218968611033,0.47843471770539,0.3775002547831639
0.48476155577657953,0.4848388119420483,0.48522349367618955,0.48564296347328745,0.4871661508854966,0.4876864172952726,0.4796236071866503,0.4791189710174775,0.3806531184419333,0.3236688559924937,0.4941632204365808,0.4936761894786459,0.4993888643278806,0.4868848963053793,0.2039835607663045
0.4883630843323038,0.49094822190332926,0.4885857184005866,0.49107891682738264,0.4897615270590071,0.4930955678231455,0.4821559950951645,0.48397343354036093,0.3272484874199513,0.25472709032087,0.5031670418258912,0.501950823535573,0.5039138688788912,0.4936823585861278,0.1168435589776227
0.49148824791917506,0.49453258242228265,0.49367095236848313,0.49527023933106246,0.4950823082724365,0.4982620145719609,0.48605853814575894,0.4892800800738053,0.21729634505751855,0.22280602543583813,0.5017013034601895,0.5036528843384223,0.5085949080695916,0.499893373140694,0.1589638956657744
0.5016908339004346,0.5042857464626103,0.5038623687449266,0.5072119400842118,0.5052557667802253,0.5082944416358605,0.496305379325052,0.5003972370117598,0.2524526779270425,0.28352805677134113,0.5237920745432655,0.5310953415905104,0.5283592957636595,0.5226315508876687,0.4049721194423472
0.509700047113019,0.5114160294081294,0.5116866113278693,0.5141605659548729,0.5145814370790316,0.5164130438756186,0.5046702564375967,0.507017859097211,0.20065037302335056,0.22851494793579544,0.5256765952991677,0.5280578176961952,0.5326502483551349,0.5202591032681134,0.1184887302647041
0.5174736952311155,0.5186211732811076,0.5198879258425201,0.5210012979872152,0.5221803240319352,0.5234031289478787,0.5124966679106467,0.5133508906216839,0.18977289980678075,0.20220869685168208,0.5330314610270638,0.5346827620518997,0.5373832990923987,0.5260169536706298,0.1495961946834553
0.5237711354237554,0.5239655297837685,0.5256696954620441,0.5242874225358743,0.5283853015369413,0.527248338099893,0.5186597003785254,0.5170664340562964,0.19246652981171003,0.17824303423521107,0.5346542427890907,0.5308596716331928,0.5349387564039217,0.5244975209255212,0.1303117090022691
0.5311678793906716,0.5288720276207691,0.5321637120636833,0.5282326041394556,0.5351155956622371,0.5322476849652856,0.5248014074745428,0.5215782589111247,0.20297295554709743,0.1893273642710445,0.5386850232947705,0.5361229673466181,0.5422463786960706,0.5306019086207816,0.2114960243427114
0.5340522431031774,0.5319859827824445,0.5344994631962084,0.5330797685106824,0.538371518477102,0.5363780932561851,0.5272644879245083,0.526034490319915,0.1830472482378364,0.22799943714604373,0.538213893105795,0.5427740972531359,0.5446389098379841,0.5349469531374955,0.3053435828960422
0.5371355284510286,0.5350216625344374,0.5374427191075964,0.5363112114248335,0.5406808311445142,0.5389843327348554,0.5299941355227383,0.5286587739663644,0.18650065203691335,0.19725154118405874,0.5410930220384232,0.5427740972531359,0.5441968116921957,0.5339073412592632,0.1357557492600888
0.5395121185154165,0.5383192454726259,0.5402498101547566,0.5404468800457892,0.5434010350297767,0.5429843279961406,0.5326917950631764,0.5322742664351833,0.180517927375359,0.17139521791460033,0.5449144113490029,0.5487182172877008,0.5509843185187112,0.5395052513728209,0.1196825713756835
0.5427367429199602,0.5424719519190204,0.5439576841498861,0.5434309339001396,0.5475099472082803,0.5471506577629071,0.5364610545396385,0.5359641170593995,0.2185328233510329,0.2210588749032798,0.5507773648118096,0.5493990416088403,0.5554833172964398,0.5433438183078318,0.3203861888806387
0.5460608281421766,0.5467497844146312,0.5457592500458247,0.5439975548755301,0.548877850882896,0.5477957375316546,0.5394466066002026,0.539152634347467,0.2134028423401781,0.20932128969833233,0.5553054494058526,0.5451307968263113,0.5490858970691493,0.545529668923602,0.1858461192884374
0.5467256451866199,0.5450125157190913,0.5467543009767211,0.5452481538862259,0.5491535120796818,0.5472028969617405,0.5402623020738926,0.5391102330669595,0.21092801387684296,0.23720400665867702,0.5415379783280113,0.5477493519076175,0.5460172158219126,0.5390254305059445,0.2929694405793664
0.5470083233000053,0.5441771480145108,0.5470894760271283,0.5449820934258746,0.5486333966140483,0.54533400942917,0.5405128751932613,0.537793557663342,0.28689540995131035,0.33000024764992664,0.5425064126053499,0.5444499725051717,0.5415962343640289,0.535160206856107,0.5155927296324259
0.5461969324189917,0.543070584324319,0.5448479928775303,0.5424916627971532,0.5469378201960835,0.5443914850957423,0.5388228394732634,0.5355473960331719,0.30927015542812925,0.29718559801987704,0.5408574569439356,0.5375108015397105,0.5425064364288871,0.5310550727728316,0.2315562987597779
0.5445427419776999,0.5428825270846627,0.5422870460080128,0.5405258776185199,0.544108392063038,0.5433730489408989,0.5368449112331397,0.5348496563911856,0.2797123966048323,0.255656196934636,0.5425064126053499,0.5365943072612533,0.5413361766312123,0.5334541771072132,0.1725973947641539
0.5415170392085014,0.5419806632430616,0.5408520778234571,0.5396692370468574,0.543218994616805,0.5437950025732606,0.5353468038598923,0.5359128149465789,0.2712417403457979,0.2182684106208458,0.5401769355598597,0.5379559559035325,0.5446389098379841,0.5380391320573654,0.1434928379932654
0.5435638381406063,0.5452444331582197,0.5423237057791511,0.5448153219266009,0.5456739396145944,0.548627315319127,0.5369408754065149,0.5396071393774051,0.3700680739016765,0.40787930986681703,0.5517719729885359,0.5551074916860876,0.5582919408108599,0.5469957882390575,0.7871011083587596
0.5462283410982568,0.5487725979033474,0.5452198276990757,0.5495204086526655,0.5492575351728084,0.5522562809311174,0.5398464573225996,0.5429674650637802,0.31213308624566083,0.34722547036199386,0.5558289273936029,0.5589305821047947,0.5595142121550986,0.5496881164365304,0.2259177913523474
0.5495890697796157,0.551735432052475,0.5489329388043678,0.5517057247905006,0.5527995214937718,0.5549096432986462,0.54322119741963,0.5446212344618481,0.2871489451977013,0.2670288447479893,0.5576611003507302,0.5560763570661709,0.5602163680337037,0.5479287732579836,0.1066355935199802
0.5522535727372663,0.5530999304995176,0.551577679436487,0.5510764866676169,0.5554833172964398,0.5548581474139486,0.5457429226422136,0.5451017573812758,0.2776893142901117,0.21978564324072813,0.5558289273936029,0.5498180104218493,0.5547551556445532,0.5460628032201311,0.1252992402262058
0.5534785112286028,0.550833829671859,0.5524941737149441,0.5482304668770174,0.5562374847216083,0.5527086805972411,0.5454070480354002,0.5421877579286165,0.30018635568561625,0.23184977715074817,0.5463016280165419,0.5425384272958182,0.5484097469638259,0.536359759023298,0.2559780449707883
0.553677432863948,0.55147808016966,0.5523004006389275,0.5501998533533464,0.5551556445530909,0.552766700387585,0.5452204510316149,0.5434794396924547,0.1834187116915314,0.22232081422994385,0.5527665811652619,0.5541386263060044,0.5528827399682729,0.5460628032201311,0.2032628883883352
0.55319059833534,0.5521169716966275,0.5511429992929902,0.551181094027267,0.5546355290874575,0.5541490118673672,0.5446819853921203,0.5446515558746556,0.15264610514537197,0.172232129027146,0.5533947547505628,0.5531435753751082,0.5569136348269316,0.5469957882390575,0.0720547586215503
0.5516306339318431,0.5513650739088337,0.550430752310875,0.5516257700700429,0.5536369073934413,0.5545070944327858,0.544111531694834,0.5447932055069544,0.19894405377692637,0.22752986491068142,0.549861278333246,0.5525151221555946,0.5552232595636232,0.545076504771552,0.3381253366777523
0.5517248599696383,0.5530100684667487,0.5522008955458378,0.5539734222455833,0.5541102124671677,0.5553786232929189,0.5450658420856214,0.5468069220626591,0.2004290756466812,0.1959280264654476,0.5563000575825786,0.5586687265966641,0.557121681013185,0.5508343551740684,0.13272434957498
0.5544312411663089,0.5552845569777975,0.554861347508445,0.5545958438666733,0.5570384625386836,0.5579360813024143,0.5480567254891507,0.548309340055421,0.18222175078670796,0.1855991578672724,0.5598335339998953,0.5558406871088533,0.5630509973214054,0.5513141760409448,0.164941420670922
0.5524786682719991,0.5511909435497694,0.552158998664537,0.5499395232732704,0.5545887186955505,0.5521687277858119,0.5456789465266301,0.5435975295061233,0.1948564998824877,0.21254498320059292,0.5430037166937131,0.5406268820864648,0.5406340207526071,0.5341739084075279,0.266436633867234
0.5502486520441815,0.5482088535703378,0.5493257220665637,0.5462854129772609,0.552227394481575,0.5498148231095593,0.5431678839899771,0.5405451781893463,0.20470880884191164,0.18213542327328527,0.5422446736114747,0.5389771923852418,0.5451070137570541,0.5344404755557925,0.12131630341867
0.5480657488352614,0.5451214898097737,0.5445337662677735,0.5403753897053885,0.5484669596650458,0.5453502439000318,0.539926427467079,0.5366531928452514,0.1638713313824222,0.16606959864229182,0.5389467622886458,0.5285553431616437,0.5364210854809769,0.5288692221570614,0.1339379493803049
0.5426111082029001,0.539756611346773,0.5393123674356491,0.5377708372822729,0.5437599147010637,0.541428981331113,0.5351068934264542,0.5333476902204823,0.16101672001514133,0.1501968300077198,0.5290268544207716,0.5325617324360419,0.5335864561932749,0.5267366849709443,0.1184512927385758
0.5362508506517301,0.5358484896458638,0.5319961245384798,0.5316003823958508,0.5357449353756534,0.53527802111886,0.529370368395799,0.5297756437762111,0.1583468004434266,0.1506618276092627,0.5280322462440453,0.5192594726230066,0.5229761006943542,0.5226315508876687,0.1515918228123485
0.5324608700204156,0.5319169309429562,0.5299955484563619,0.5312749221558589,0.5339141289366239,0.53401201026506,0.5271525297222371,0.5275453341973803,0.12847165459306445,0.13946151994464948,0.5240538135371408,0.5306240016758752,0.5314799885574598,0.5230847150397187,0.117060904615423
0.5310422446736115,0.5329951362544554,0.5299955484563619,0.5338423455656532,0.532931110706577,0.5360719810456462,0.5262888521618596,0.5284042520495552,0.129524481022294,0.13516782515137224,0.5351515468774538,0.5389771923852418,0.5401919226068187,0.5301220877539052,0.1265804355648178
0.5313353923467518,0.5354675910544193,0.5308910942941685,0.5335725878273279,0.533773697760903,0.5375926609479665,0.5268166551154236,0.5294389136746639,0.25208163044586007,0.3390197822669599,0.5404125006543473,0.5330330723506771,0.5406340207526071,0.5315082369248814,0.7467236964981353
0.5300476364968852,0.5311744190934259,0.5264866846474116,0.5258949532856377,0.5305697864926014,0.5309174072492334,0.5239590552860266,0.5237755043910957,0.30506342540884895,0.3537999440291466,0.522588075171439,0.5105396842022574,0.5175668998517672,0.5124486858239592,0.38336026755352
0.526540333978956,0.5242815239470838,0.5251093246746447,0.5213875264434823,0.5286349569604452,0.5250455891773468,0.5209041957669138,0.5183027540247652,0.29863706606267454,0.27568663804658994,0.5104957336543997,0.5123726727591715,0.5133019530335735,0.5073572532921042,0.1194600260814765
0.5240695178767731,0.5200875936401314,0.5216056979758571,0.518626973689634,0.5261800119626556,0.5230988139744018,0.5182545183131632,0.5154806119401654,0.38618888063876733,0.36873108452968895,0.5116997330262262,0.5131058681819374,0.5192052635685122,0.5098363277709657,0.554819977495887
0.5199026330942782,0.5181641034150807,0.51509597004373,0.5145608333679582,0.5206095753257223,0.5195124557903185,0.513083115636829,0.5117420994175217,0.39952724723950234,0.31024481254262365,0.5143171229649793,0.5064285527246066,0.5123397394221517,0.5042650743722343,0.193272268568493
0.516206878500759,0.5194206448389708,0.5146770012307209,0.5200199650071828,0.5178789691311472,0.5220019671201227,0.5112757903715947,0.5153186031445844,0.2758401084856312,0.24959254260467567,0.5219337276867507,0.5309382282856321,0.5269809897797312,0.52247161059871,0.1282880027287797
0.51702350416165,0.5218374977179452,0.519296132394145,0.524558423344581,0.521181702337919,0.526028166708624,0.5138081782801087,0.5185826105518996,0.2420417178832822,0.23785113325037543,0.5266712034758939,0.5336353400193774,0.5340805658856266,0.5251106253665299,0.214368314541775
0.5226351881903366,0.527409716411241,0.5241614077352118,0.5286052987178892,0.5254362468468,0.5288770029984087,0.5189689182705124,0.5234420581159739,0.22755193936784654,0.17423780000168296,0.5385541537978328,0.5366990494645056,0.5345746755779782,0.5331609532441224,0.047011133504298
0.5292781238548919,0.5332446147238282,0.5324203304616513,0.5372036930833045,0.5319897017137805,0.5365755146334107,0.5261075865010397,0.53080459505185,0.14747577480080115,0.1676382515546753,0.5449144113490029,0.554400481814135,0.5519725379034147,0.545529668923602,0.15443915466066
0.5397529183897817,0.5443934416956949,0.5445337662677735,0.5471343726406088,0.5433958338751202,0.5475071431652241,0.5368342485472091,0.5398358582355939,0.16310011834417976,0.20222349646491225,0.5666910956394283,0.5669957317552174,0.5693704002288508,0.5578983846030816,0.2713939862853862
0.548515939904727,0.5515119062176224,0.5524941737149441,0.5550030036009009,0.5519673367487583,0.5549509301594564,0.5447352988217733,0.5472161928142395,0.19733528008469195,0.23463693478705502,0.5657488352614773,0.5707402655214853,0.5698385041479209,0.5619768619715306,0.2994638114313406
0.5570852745642046,0.5575138964028422,0.5585377988425988,0.5579531576198173,0.5593529763607521,0.560303541421503,0.5519112864530576,0.5518076497171435,0.17957408574441397,0.19827873747149838,0.5695178767732817,0.5638534656576502,0.571008763945596,0.5609905635229515,0.1255623428403851
0.5630005758257866,0.5610528176371424,0.564827568147896,0.5613514037435423,0.5665409720958053,0.5637072456987501,0.5572319667324199,0.5544598846917403,0.20475934950218483,0.18983164241204972,0.5681306601057426,0.5681478959909922,0.5705146542532443,0.5597643546409341,0.1729374522931524
0.5703920850128252,0.567992530852827,0.5694257508706696,0.5666980676383625,0.5729852027150028,0.5705360607989673,0.5637042170922856,0.5622702300354703,0.23273308499774328,0.2246570389875172,0.5818719572841963,0.5773913954280028,0.5841936909994018,0.5778909207229301,0.2943078321384522
0.5726325708003979,0.5712928620943152,0.5721385739349027,0.5713186607843694,0.576105895508803,0.5753486619319289,0.5666524497520926,0.5657266693243523,0.2057044390506675,0.19518827817501383,0.5778935245772915,0.5805598470763833,0.584973864197852,0.5726395479021165,0.1362507565500071
0.5762079254567346,0.5754037775772637,0.5792977035271937,0.5830577450172264,0.5793254102410735,0.5788778005577105,0.5743189209361839,0.5772541855135639,0.1920551329968115,0.2071979458373628,0.5836256085431607,0.6065359134829402,0.5859360778092736,0.6003092178919871,0.2312172811620608
0.584217138669319,0.5867904993302436,0.5869700699154208,0.589443595877746,0.5864301875016253,0.5880960837879253,0.5824225622434293,0.5853390470287686,0.21455862196626038,0.21749189312078507,0.6095639428362037,0.6022152975987851,0.6065326502483551,0.6015087700591781,0.2380797876876295
0.5913626132021148,0.5924796771434031,0.5914059022231533,0.589738083095049,0.5918289860348998,0.5912336048318223,0.5894652663005812,0.5885519896614104,0.2326844162137765,0.23285006992410104,0.6038580327697219,0.5903270575296551,0.5975086469196161,0.5949778749266941,0.263566423530733
0.5925718473538187,0.5909591607765073,0.5935531173898243,0.5892012124838187,0.5933165162666112,0.5913661839405346,0.5905528602655009,0.58681095662345,0.22201992092362532,0.2355618318452994,0.5879181280427158,0.588127471261358,0.5916313421579592,0.5833288905475289,0.2409853556876961
0.5949484374182066,0.5905649321507483,0.5946005394223468,0.5880664607355444,0.5945491899201623,0.5912898667822256,0.5929839526576746,0.5861389743699615,0.240146131143654,0.2326684904469164,0.5897764748992306,0.5857969572389956,0.5911372324656076,0.5847950098629846,0.2268818076501504
0.5950426634560018,0.5884088676778777,0.5902066039959152,0.5868997192739568,0.5953969781291448,0.5909182508062124,0.589097403635976,0.5843848071744725,0.292538701042635,0.3195057038502663,0.5840967387321364,0.5845662363507818,0.5901750188541858,0.5808764727834943,0.4931801306569661
0.5911322828875046,0.5889432584498245,0.5875409149231455,0.5875620969276169,0.5926039580786936,0.5914680172028414,0.5858452844271472,0.5846725961213265,0.29913602509146187,0.3033592718774321,0.5900120399937182,0.5888868522349369,0.5925675499960993,0.5852481740150346,0.2710664079317638
0.5877506150866356,0.5882787368883421,0.5863887506873707,0.5865634767353385,0.5906171169999741,0.5901701586439004,0.582401236871568,0.5823676097971503,0.3003344419000792,0.29209235044289455,0.586949693765377,0.5845662363507818,0.5875744415260188,0.5777576371487978,0.2695585075738195
0.583845469298016,0.581649957625434,0.5840582366650084,0.583200618206741,0.5873976022677035,0.5852913619281357,0.5797835474756092,0.5783252210540119,0.3181929738082907,0.30482090537151424,0.5683923990996179,0.5764749011495458,0.5755337684966063,0.5702404435677348,0.3302780152287536
0.5818039051457886,0.5809561897963205,0.5843043808426511,0.5844763048468972,0.5863573713364367,0.5855062672218483,0.5787066161966201,0.5786869318586875,0.346934386575735,0.32674356074346683,0.5795686541380934,0.5870276781272095,0.5859360778092736,0.5794103534680388,0.3705888714873721
0.5816102182903208,0.5816802280158129,0.5844091230459034,0.5846808523536124,0.5851246976828856,0.5850080616767089,0.5779815535533401,0.5782083410948233,0.33066819744551273,0.35511210216426276,0.5831283044547978,0.585089947367043,0.5840116505864302,0.577251159567095,0.4118491850058547
0.5808145317489399,0.5831313544394798,0.5820838461337035,0.5822073907937209,0.5823836891789977,0.582959543610026,0.5762968491763077,0.5777471114398395,0.44638010320278027,0.5199500470155424,0.5860336072868136,0.5772604676739377,0.5788625074766599,0.5768246521298717,0.8496259367181016
0.5794273150814008,0.582092106435547,0.5817067742019955,0.582365219426561,0.5813018490104804,0.5826947759678279,0.5758543477101884,0.5770131175659601,0.4740464350115744,0.4825967535496249,0.5800136104276815,0.5826808766922413,0.5821652406834318,0.5755451298182013,0.4078901666177899
0.5801915929435169,0.5787993337604305,0.5808112283641887,0.5789092036045448,0.5814786882687957,0.580602505574613,0.5756091059337848,0.5743468232725458,0.4579599460067678,0.4050130257679902,0.5722137884101973,0.5719971719605124,0.576417964788183,0.5690142346857174,0.2498455702047208
0.579191749986913,0.5773893689586452,0.5749823247532013,0.5719005224271206,0.5773541726263232,0.5755061702487122,0.5730020792237565,0.5716896221543296,0.4585589464248202,0.3945366417045381,0.574569439355075,0.5578831600722722,0.5653134995969106,0.5663752199178973,0.3735838735776339
0.5756739779092289,0.5734393939945558,0.570069915420671,0.5681096485195442,0.5726263230437157,0.5704615810569393,0.5688329690248974,0.5665949509604863,0.43031815657621336,0.35323950639063234,0.5655394440663769,0.5605279007043913,0.5603724026733935,0.5564056085727995,0.2706452357628207
0.574009317908182,0.5748630317568968,0.5721123883840897,0.5745640431767066,0.5734273008607911,0.5745968528919718,0.5692594764621208,0.5707156970789872,0.3252341405279938,0.34356162308608956,0.5777103072815789,0.5874728324910317,0.5828673965620367,0.5789571893159888,0.3242058564770039
0.5756792126891064,0.5793630492820324,0.5749247165414125,0.5819568679440895,0.5757366135282032,0.5809685032681454,0.5717865330276697,0.57653726893464,0.43453486993579454,0.5471723532763242,0.5883630843323037,0.5967425174788552,0.5937118040204926,0.5881804126459456,0.9543938136567934
0.5790504109302204,0.582598626059944,0.5805336615255703,0.58798521092316,0.579393025251606,0.5855456766471624,0.5765847416964334,0.5820266052996051,0.41912204841504064,0.4223753897178666,0.5890697796157672,0.600041896881301,0.5947000234051961,0.5930052780295356,0.1727814626009513
0.5839187562163011,0.5880361393017889,0.5871167089999739,0.5889229397635368,0.5857852443242401,0.589455316084802,0.5813882817081624,0.5848153768585841,0.39654576425589794,0.3684844107392178,0.5989111657854785,0.5907983974442903,0.5972745949600812,0.5903929199765421,0.2607024527819201
0.5902947181071035,0.5911638440413225,0.5961193013695044,0.5944622473597059,0.5945387876108497,0.5943502504253485,0.58953457375913,0.5889226075149353,0.4546587881472791,0.43272639223272086,0.5974192535203896,0.605540862552044,0.6041401191064418,0.5971370688276378,0.5612103552197271
0.5962780715070931,0.5966515874547239,0.6024143077849644,0.602624119762581,0.6005929316308221,0.6006128725041986,0.5960814629205097,0.5965122833842528,0.4743157772134417,0.4293145287577527,0.6076270742815265,0.6189478645683313,0.6131381166618989,0.6116916351228876,0.4224908018078165
0.6027953724545883,0.6047509213264092,0.608457932912619,0.6107362942140967,0.607401243075963,0.6096597020848646,0.6024790744788613,0.6043976790687363,0.3684156230956258,0.4278407001944065,0.6209495890697797,0.626960643117128,0.6277533612461969,0.6201684704377033,0.424893043067714
0.6108516986860703,0.6129510844753318,0.6141349603288907,0.6166332074636177,0.6149169115543651,0.6171992566556455,0.6081622860798637,0.6100722313906733,0.41801160979282487,0.42548093215858646,0.6293514107731769,0.6284270339626596,0.6322783657972072,0.6214213360345473,0.4207613960869465
0.6182589122127415,0.6206164674564993,0.6236246039435441,0.6238376768149311,0.6236860583049438,0.6251729473414217,0.617124273604521,0.6184491067937253,0.447303562180611,0.4193746930126747,0.6359472334188346,0.6382466155175577,0.6411203287129742,0.6352028575998294,0.4071622147208512
0.6249803695754593,0.6240864917489924,0.6277252612008695,0.6245731674895111,0.6288872129612775,0.626830595690318,0.6222263688223064,0.6198485861680051,0.4354957664397536,0.44697358751359645,0.6310265403339789,0.626044148838671,0.6301458923881104,0.6226475449165647,0.5021713765154397
0.6301261581950478,0.627176333625818,0.6306266202309567,0.6275336648992632,0.6333810105843498,0.6297560987192988,0.6252279149117663,0.6221321793020659,0.37845636760322876,0.34374699421746163,0.6333560173794691,0.6334546597187674,0.6356071047772606,0.6266993655701874,0.1372938076251921
0.6329843480081662,0.6298644017956692,0.6321977532797405,0.6299612127198576,0.6351962135594102,0.6321138578533656,0.6265820760249508,0.6237345448692524,0.35949446860551443,0.3391925121713553,0.6352405381353715,0.6348163083610465,0.636829376121499,0.6269392760036254,0.3300835480791428
0.6341621734806051,0.6316564472422366,0.6334284741679543,0.631501021281148,0.6364652952955556,0.6342838300615551,0.6281334968278511,0.6255491765958511,0.3416346887797653,0.3366158404336372,0.6352405381353715,0.6345806384037289,0.6386237744779343,0.6291784400490483,0.3314624969582009
0.6346071297701931,0.6338283031170827,0.6333761030663281,0.6336622675239076,0.6365849218526514,0.6367620405405209,0.6272271685237513,0.6272565230903443,0.29613228757843674,0.2842939631938275,0.6381720148667748,0.6379847600094268,0.6417184614984527,0.6306712160793306,0.1796502087142081
0.636507354865728,0.6360614240152728,0.6347063290476316,0.6333399379310013,0.6374379112162901,0.6359783067624485,0.6293543743669032,0.6292655401043376,0.2641317301752699,0.3035855052957536,0.6405276658116527,0.6326952787451885,0.6344108392063038,0.6332835741323242,0.3421685894996058
0.6367167460608283,0.6355086071285053,0.6331299588886853,0.6307508949286794,0.6368241749668426,0.634831679018307,0.6293170549661461,0.6283479495916923,0.29968053311037196,0.30740294429740317,0.6344029733549704,0.6255728089240358,0.6325384235300237,0.6265127685664018,0.3150378223007023
0.634821755745171,0.6322609336046986,0.63113461991673,0.6287804677862097,0.6344576495982108,0.6315533691049846,0.6279628938529618,0.6256214565403626,0.35030251600974205,0.39933311705693314,0.6257655865570854,0.6248396135012702,0.6249967492783398,0.6201684704377033,0.5831934625759929
0.6339370779458724,0.631779672116092,0.630757547985022,0.6300854047725359,0.6330117286037501,0.6315003025718665,0.6270832222636884,0.625340998394469,0.3421417592725472,0.36310831579536434,0.6308171491388787,0.6326952787451885,0.6313941695056301,0.6247800821026817,0.2906587132722269
0.6311260011516516,0.6292253250426182,0.6276571787687555,0.6275512411577221,0.6297714092528541,0.6295058232959021,0.6244068880951111,0.6226571806751277,0.3423181316178626,0.30224956734383795,0.6241166308956708,0.6224829139280945,0.6255168647439732,0.6172895452364451,0.1805320704407852
0.6293985237920745,0.6301136430330013,0.6269030349053393,0.6280090139145172,0.6295893688398824,0.6308374279110832,0.6227541717758702,0.6234447846287917,0.3174373597392684,0.2740879549314368,0.6318902790137676,0.6289245594281077,0.6335006371414454,0.62501999253612,0.2177647301066345
0.6287598806470187,0.6304790145652315,0.6237031605959832,0.6218638217354299,0.6264114633448625,0.6261079172923636,0.62201844644666,0.6232412370593111,0.29835046100153695,0.25592641282497297,0.6312097576296917,0.6095734373772552,0.6166488960549242,0.6228341419203498,0.2196033286120453
0.6254253258650474,0.6233502805925637,0.6230328104951688,0.6217385021560193,0.6244662315033936,0.622495474885241,0.6207602495068508,0.6201199866190933,0.2616109367492995,0.30378288898825057,0.6090928126472283,0.6214878629971983,0.6152705900709957,0.6138774857386577,0.3994958413148058
0.6238915353609381,0.6232829192678199,0.62099033753175,0.6219866394133777,0.6236028398304423,0.6240227203037851,0.6189742496134777,0.6186966852913341,0.24043523203986675,0.264115322567188,0.6231481966183322,0.6224829139280945,0.6270772111408732,0.615850082635816,0.1847801897250629
0.6234518138512276,0.6228279539609193,0.6202361936683338,0.6208951578125897,0.622926689725119,0.6233938516083088,0.6182438556272326,0.6170103152959626,0.23098620843134682,0.2205058658441872,0.6219180233471183,0.6187121946110137,0.6221361142173564,0.6136375753052195,0.1332869523981855
0.6192273464900802,0.6188079500432896,0.6197124826520726,0.6226987733239937,0.6196551634462851,0.6213102363212979,0.6169376766007357,0.6175032426651871,0.2066037716227711,0.17895475925071014,0.6107679422080302,0.6263060043468016,0.6171430057472761,0.6184890974036361,0.0958525460637561
0.6186619902633095,0.6219996255274726,0.6243368509256593,0.6260309417977253,0.622879879333212,0.6251309827107182,0.6176414138721544,0.620453104535939,0.1972597810736666,0.17693096478931433,0.6283829764958383,0.6326952787451885,0.6327724754895588,0.6263528282774431,0.1728833758665227
0.623891535360938,0.6264132630634389,0.6285789101573751,0.6315866809170761,0.6282162640106105,0.6307381596264747,0.6220131151036947,0.6255474003227456,0.192583626073989,0.2433256652983488,0.6352405381353715,0.6426981591557779,0.6419525134579879,0.6357359918963588,0.3761150663164178
0.628885515364079,0.6336482075869715,0.632485794338684,0.6350635655562635,0.6320963253842354,0.6359846124206491,0.6274350908993978,0.6313515874199407,0.23257293558041683,0.29045935595129985,0.6481180966340364,0.6420173348346383,0.646477518008998,0.6429599616143309,0.384726737257202
0.6325079830393132,0.6357755922990775,0.6362460394354394,0.6358801837357729,0.6362000364080826,0.6382079647259636,0.6318014607879727,0.6327241998626586,0.2536174009621444,0.2731426637364744,0.6400303617232895,0.6375134200947916,0.6426546693365928,0.6354694247480943,0.2385092793068234
0.6385122755588127,0.637446863134561,0.6371415852732463,0.6341813670024603,0.6396952123371389,0.6370116049481614,0.6350962307405237,0.6334704489639028,0.28379724667793954,0.2643457007052268,0.6407894048055279,0.6307837335358351,0.6346188853925571,0.6349629471663913,0.2467517746427316
0.6393707794587237,0.6358564074215051,0.6386236874492656,0.6361561745434018,0.6406522247939043,0.6371935825565695,0.6362904515647493,0.633088276775459,0.2935958951832463,0.2501893399345034,0.6326754959953932,0.6401057896252849,0.6375575377733856,0.6323239323985712,0.2218766183930565
0.6397581531696591,0.6362967405110197,0.6391631097960145,0.6392358733254423,0.641037110238473,0.63942136859799,0.6367329530308685,0.6347083509259578,0.25644102237724126,0.23023979405179987,0.6371774066900487,0.6453952708895232,0.6438769406808312,0.6379484992269553,0.1903407022863929
0.6392974925404387,0.6394694248366578,0.6387808007541439,0.6395258454253898,0.6410007021558786,0.6417127382640021,0.6357306605533936,0.6357884003596236,0.21250662956191851,0.208511453761396,0.6458147934879338,0.6401057896252849,0.6462954775960262,0.6379484992269553,0.1650547731805882
0.6395854054337015,0.6401362586209731,0.639388305533007,0.6398675449466288,0.641349179517853,0.6426075108914895,0.6357839739830464,0.6357709308718686,0.24930730177349875,0.2798451826291722,0.6414699261896039,0.6405509439891068,0.6443970561464644,0.6357359918963588,0.4225126403647246
0.6392451447416636,0.6397868728624282,0.642399643876509,0.6418585050488677,0.6435804748654201,0.6436634613044574,0.6365463560270832,0.6367722397101043,0.263274826799445,0.2920932550102691,0.6390881013453383,0.6458404252533454,0.6457753621303931,0.6387748573865757,0.316589399772463
0.6422865518504948,0.6424854257548017,0.6437193956374874,0.6434738528426373,0.6467687826697527,0.6469419998013212,0.6390680812496669,0.6394923459772326,0.26318705659929986,0.26854142580428964,0.6478825315395488,0.6467045484301763,0.6534990767950485,0.6449325585114891,0.2214377673923307
0.6440611422289693,0.6436737366973416,0.6420958914870776,0.6414084852742495,0.6467167711231894,0.6458336275168857,0.6390680812496669,0.6389777303938068,0.33697621261187055,0.3654564446526085,0.6460503585824217,0.6372777501374742,0.6436168829480146,0.6379484992269553,0.5592864823492463
0.6418625346804167,0.6407230763799513,0.6400534185236587,0.6375701317855633,0.6438665383715184,0.6412371896238144,0.6367809351175561,0.6348227431180051,0.3680088019783652,0.35037686977275956,0.6348217557451709,0.6298934248081909,0.632044313837672,0.6265127685664018,0.3202177200130615
0.6383447626027324,0.6351090728536951,0.6369111524260914,0.6333266256907989,0.6395911892440123,0.6351648965855206,0.6337687263421656,0.6301068114184721,0.34815984159766716,0.3413405260022511,0.623881065801183,0.6248396135012702,0.623020310508933,0.6206749480194063,0.3232678384612344
0.6351096686384338,0.6310435924104115,0.6317107020346174,0.6288304748925244,0.6355863001586353,0.6320269032915165,0.6294716639121395,0.6258343893577965,0.3621623083146665,0.356427595120654,0.6229126315238444,0.6198381732959755,0.6257509167035081,0.6172895452364451,0.3866017333574597
0.6318274616552373,0.63118622714813,0.6296210950797352,0.6313058211469379,0.6322991704158324,0.6337057448880223,0.6265180999093672,0.6272778390710735,0.36324966046243656,0.3132432394574963,0.6314714966235669,0.636256513655765,0.637063428081034,0.6301647384976277,0.226874528131181
0.6305763492645133,0.6340557503083538,0.6296682290711986,0.6333750207962224,0.632106727693548,0.6366887197042125,0.6252918910273498,0.6287910443196718,0.31655757787525396,0.3174375161094419,0.6397947966288017,0.6375134200947916,0.6426546693365928,0.6318174548168685,0.3258260694133331
0.6307072187614511,0.6345292012821889,0.6307523108748594,0.6340212918063132,0.6338699191220452,0.6380792367961942,0.6261235805299357,0.6294177682395581,0.29458299795549503,0.2817399508777169,0.6354761032298591,0.6353138338264948,0.6408602709801577,0.6306712160793306,0.210344820414267
0.6333141391404491,0.6353246900868504,0.6296577548508735,0.6291364723313222,0.6343692299690532,0.6338917794454538,0.6277176520765583,0.6291602807438784,0.27838877206994156,0.26859220359630026,0.6369156676961735,0.6193668333813402,0.6255168647439732,0.6286453057525192,0.242296709033467
0.6322096005862953,0.6293464396422587,0.6282751577679437,0.6237327108479905,0.6324135958182717,0.6279187682801695,0.626459455136749,0.6231063740083854,0.26047824359766303,0.27807783272955583,0.6173899387530754,0.6129251878813271,0.6159727459496008,0.6109985605373993,0.2970490909960669
0.6290582631000367,0.624802562825597,0.6235146246301291,0.6199730898875576,0.6281954593919851,0.6239367608366466,0.6218851628725277,0.6178353417310972,0.2533047976189733,0.24905432123228136,0.6157148091922734,0.6124538479666919,0.6159727459496008,0.6072932771765209,0.1910072982377324
0.6246819871224415,0.6225061807973399,0.6205556573882532,0.6208882545535092,0.6245598522872078,0.6241167184953332,0.6190275630431307,0.6177333797106926,0.2617742059604701,0.28876058452845993,0.6179134167408259,0.6227185838854121,0.6244766338127065,0.6175294556698834,0.3681731111208171
0.6222164058001362,0.622720186071004,0.6169368142658881,0.6196653757738958,0.6205757678204561,0.623057761879022,0.6158607453217467,0.616767962297932,0.2801319048837252,0.2932181613624875,0.6231481966183322,0.6172196182146692,0.6209398486463996,0.6148371274724105,0.3021333150305427
0.6194157985656703,0.6227843345552841,0.6202676163293095,0.625117198415413,0.6189478064130237,0.6211641938216182,0.616265927387109,0.6214023802250649,0.3306301359606157,0.36040806238096473,0.6229126315238444,0.6360208436984474,0.6173770577068111,0.6306712160793306,0.4947878644179192
0.6240695178767732,0.6287424014730528,0.6265050145329807,0.6314488585768364,0.6249863469690272,0.6294979454576182,0.621634589753159,0.6268822109392598,0.3703696539732654,0.40552093527374833,0.6406585353085902,0.6441121788996833,0.6461654487296181,0.6378418723676496,0.4957466810593155
0.6320787310893576,0.6377485594004337,0.6350310298777135,0.6393272139480096,0.6332093724806908,0.6386945881410516,0.6297862131470919,0.6339386053415683,0.40865451610957537,0.39782449315559304,0.6557608752551954,0.6550839246903559,0.6570878735079188,0.6480513941461854,0.3824316089192826
0.6397424488300267,0.6439097080816795,0.6421744481395167,0.645696701030149,0.640631420175279,0.6463253495225835,0.6365783440848751,0.6397891070139787,0.36675880457819343,0.31811451325836443,0.6562320054441712,0.6584356751944278,0.6615868722856474,0.6514901103587996,0.1586945534639071
0.6480395749358739,0.6508177477703091,0.6514336589070153,0.6516363580374865,0.6501911424336202,0.6537963863277577,0.6450871674574825,0.6456531527878019,0.3643122622457108,0.3087098766282861,0.6646338271475684,0.6635156720521618,0.6687384599381062,0.6573812443354481,0.2899006033681294
0.6570957441239595,0.656609657668297,0.657786273534264,0.6570188776365546,0.6611811822224535,0.659973343102164,0.651554086474383,0.6514373722464787,0.3227391373978007,0.3014473311449804,0.6681934774642727,0.6677839168346908,0.6723272566509767,0.6630058111638322,0.286922240178369
0.6630424540648066,0.6612038001164731,0.6632904763151695,0.6618903160257733,0.6669388604270148,0.6649668419855844,0.656922748840433,0.655853309563619,0.27938793804505396,0.2939617821951808,0.6703920850128252,0.6716331928042107,0.6749538397524252,0.6646851841978996,0.2789906842955817
0.6669790085326912,0.6659504159425215,0.6677472570635525,0.6670494868279393,0.6714586638233688,0.6698735248202858,0.6615610172202379,0.660983118390816,0.33554630710002675,0.41704900619483615,0.6754436475946185,0.6773678284322713,0.6796868904896888,0.67124273604521,0.6632234541941467
0.6693713029367114,0.6666981031164386,0.6673178140302183,0.6634624778945452,0.6711361922346761,0.6665738546609186,0.6636135842618757,0.6612397274495402,0.43438678372133166,0.4956649829867012,0.6681934774642727,0.6562884600277568,0.6599745143421841,0.6617529455669884,0.6528969365704314
0.6685546772758206,0.6646489683586636,0.6661604126842808,0.6615512070371885,0.6699503289730322,0.6653189509839077,0.6634163245721598,0.6596248002619831,0.447785882308897,0.44940868742645285,0.6605506988431137,0.6577286653224752,0.6628091436298859,0.656394945886869,0.356896096305956
0.6674972517405642,0.6640680955017729,0.6633795071879337,0.6589939344757774,0.6673341481808962,0.6632947515527042,0.662291411206483,0.6588769482864715,0.4457243225367667,0.3918106053902078,0.6629063497879913,0.6538793893529551,0.6592463526902973,0.6573812443354481,0.2766144413177177
0.665528974506622,0.6628956299488865,0.6611275498180105,0.6594537583020498,0.6652848932463008,0.6637656893949521,0.6602761635656023,0.6574542808554796,0.4404117295929084,0.34534964345223534,0.6605506988431137,0.6603734059545945,0.6647075650794477,0.6546089459934958,0.2524277195762903
0.662922054127624,0.6627334351991337,0.6577810364241012,0.6598475926889414,0.6620029646581542,0.6636028754462867,0.6572586234472464,0.6570211990547966,0.4063115509327143,0.39447394926588225,0.6624090456996282,0.6606352614627249,0.663277247548956,0.6561550354534307,0.4927225608931761
0.6620687850075904,0.6631313340874575,0.6585980256094688,0.6600228637774924,0.6618573323277769,0.6621507011942902,0.6561870235112226,0.6568124479988208,0.34108518909070484,0.3719043419640495,0.663927131864105,0.6603734059545945,0.6592463526902973,0.656394945886869,0.326765127360384
0.6633513060775793,0.6644086574559912,0.6610489931655714,0.6633430768859909,0.6628507528671366,0.6640258829050882,0.6574558831369621,0.6587880466710697,0.33182792881046413,0.3514728262776172,0.6669633041930586,0.6699835031029879,0.6677762463266844,0.6627392440155675,0.3106097949047526
0.6636025755116997,0.6643266706235251,0.6611013642671976,0.6602757995443559,0.6627467297740098,0.6622593343449469,0.6582822412965827,0.6596963761585632,0.36471429967907715,0.381330649405339,0.6641626969585929,0.6541412448610857,0.658726237224664,0.6615130351335503,0.4410462956607827
0.6637386797885149,0.6632948538247465,0.6623844562570375,0.6624468216641687,0.6623670454840975,0.6624426041065932,0.6593538412326065,0.6597865659969139,0.3652163785017085,0.3391998041667084,0.6612312202271894,0.6667888659037944,0.6628091436298859,0.6599669456736152,0.2549381136894473
0.6651834790347065,0.6654075831933599,0.664484537432245,0.6653431035557,0.6646503523782281,0.6665263300775983,0.661491709761689,0.6621391700308904,0.36070744445207054,0.3828591663261343,0.6696330419305868,0.6711356673387627,0.6746937820196085,0.6668443780988433,0.4701778906449861
0.6675286604198294,0.668822735058813,0.6667364948021683,0.6674397999718703,0.6673965620367722,0.6686766870460716,0.6638321693234527,0.6641251945858226,0.3376588235049427,0.32574678509233784,0.6756530387897189,0.6716331928042107,0.6729774009830184,0.6680972436956871,0.2115220226247449
0.6677746950740722,0.6686129825272995,0.66599806226924,0.6670569801273624,0.668171534080566,0.6696681602125988,0.6641680439302661,0.6642230020737601,0.32933937325421525,0.30683537127859706,0.6681934774642727,0.6662913404383461,0.6716511065456531,0.6644186170496349,0.2690125436511155
0.6692509029995289,0.6695899005468252,0.6692188850192464,0.668119772955281,0.6705640652224795,0.670008404453143,0.66587407367916,0.6661630626751797,0.32656982826574815,0.34695643775854695,0.6715437365858766,0.6702453586111183,0.6706888929342315,0.670043183878019,0.4271985707184468
0.6711773019944511,0.6700143387651504,0.6706171934326639,0.6700066512938146,0.6732270564065223,0.672046969485462,0.6675481153702619,0.6668877598264947,0.4423568170615285,0.509261977728481,0.6708632152018007,0.6737804079708818,0.6761240995501002,0.6683371541291252,0.8338730576683492
0.6707846935036381,0.6692328923356076,0.6685537720285947,0.6669439543020151,0.6706056744597301,0.6685602704188572,0.6662792557445221,0.6647585332077114,0.45554730543405686,0.5182180959881967,0.667669999476522,0.6608185603184162,0.6615868722856474,0.6605000799701446,0.5361303325076279
0.6653143485316442,0.6622556995336547,0.6591112624054046,0.6527695177640971,0.6623358385561595,0.6562495874342932,0.6608092978621316,0.6567548402330523,0.5913344606188422,0.6422979968416884,0.6483013139297492,0.624420644688261,0.6316282214651653,0.6407474542837341,0.8904577985486718
0.6566926660733916,0.6498654880801062,0.6492916808505067,0.6409108227306834,0.6513197929940447,0.6430233512012218,0.6519272804819536,0.6445060702049498,0.6127485175779583,0.553559607376691,0.6250850651730094,0.6171934326638562,0.6165708787350791,0.6200085301487446,0.3760828284466962
0.6470606710987802,0.6410382459576774,0.6409332530309776,0.6367582883249465,0.6430239513171924,0.6384187956508045,0.6424161646318709,0.6371665816791684,0.6017997050754886,0.4931912409864932,0.6233837617128198,0.6284532195134727,0.6292096845499701,0.6224876046276058,0.3724545082060977
0.6367167460608281,0.6337400273091317,0.6290921469533112,0.629363818077481,0.6315502041453203,0.6318643183307828,0.631972063762862,0.6301499377141392,0.5244731188163085,0.47787420278181186,0.61914359001204,0.6145748775825499,0.6187553636907394,0.6161166497840806,0.4472401263724492
0.6281997592001256,0.6308550399304242,0.622571944800859,0.6289817285703724,0.6246898811536161,0.6303379646628975,0.6244122194380765,0.6276669112581653,0.49267077231536527,0.44428900185551184,0.6250850651730094,0.628217549556155,0.6272852573271267,0.6227008583462175,0.3771186000029117
0.6173271213945453,0.6185494015875656,0.6172981748671085,0.6186717507200844,0.6176839258315346,0.6190914580601842,0.6146451991256597,0.6157487250793271,0.3923999742097041,0.4258939372437966,0.5939381249018479,0.5980517950195083,0.5965984448547578,0.5919123527216508,0.389103808020366
0.6115636287494111,0.611122135040823,0.6132708371520597,0.6114667485095936,0.6133149559202142,0.6109696484329487,0.6090259636402411,0.6078032676267683,0.36141023001200073,0.35764066064859074,0.596267601947338,0.5970567440886121,0.5947260291784776,0.5919123527216508,0.2211341074581791
0.6070564832748783,0.6076974348072673,0.6111759930870148,0.6136374987358117,0.6090292044833954,0.6099067414105909,0.6067281548221998,0.6088683652636453,0.3287014794062407,0.3080640254914931,0.600848034340156,0.6179789991882481,0.6077809273658753,0.6109985605373993,0.2089107551772978
0.6087682562948228,0.6143657749087658,0.6149152897431198,0.6201821194448998,0.6108756143863937,0.6159336320089711,0.6088660233512823,0.6148475743189279,0.3060403368545406,0.31668748819897813,0.6277024551117626,0.6332713608630758,0.6279874132057316,0.6268059924294931,0.3339344136139483
0.6110139768622729,0.6216817392759305,0.61573751603865,0.6242309733078684,0.6125971965776402,0.6225868107671003,0.609932291944341,0.6192424499831221,0.30573126927772604,0.33631607950559844,0.63631366801026,0.6323286810338056,0.635893168283359,0.6280322013115105,0.3755732621188391
0.6194890854839553,0.6265590488540403,0.6262274476943623,0.632987799971269,0.6218812576391959,0.6293974572322455,0.620872207709122,0.6283656105039336,0.27473382958854076,0.30224958952854536,0.63631366801026,0.6505014532980702,0.6430187501625361,0.6466119315455565,0.2341166095744393
0.6310527142333664,0.6357346144674914,0.637455811883003,0.6397247216581178,0.6342704080305828,0.6384888985333009,0.6323985712000855,0.6354251303947782,0.32309084215715017,0.3558061164527724,0.6540857456943935,0.6531985650318155,0.656671781135412,0.6495441701764675,0.4629191703012264
0.6396901010312516,0.6385013990881881,0.6455000130927754,0.6458831495177819,0.6426494681819364,0.642218008396415,0.6405928453377407,0.6409400640050774,0.35004274117566303,0.3517608277251356,0.6440349683295817,0.6582000052371102,0.6496762281226433,0.6519699312256759,0.3436702502698621
0.6460189499031566,0.6454498325492212,0.6518892874911624,0.6523280106301915,0.6500871193404936,0.6498705619304492,0.6473849762755239,0.6475489250428547,0.3362869461585978,0.32289236465963106,0.6593466994712872,0.6652177328550106,0.6651756689985177,0.6607666471184093,0.265155438528622
0.6531644244359525,0.6543135685908941,0.65970305585378,0.6586845147024254,0.6578472420877436,0.6581449686268357,0.655248707149331,0.6541495685887518,0.3279256906703605,0.32651723799897153,0.6720410406742398,0.6713975228468931,0.6746937820196085,0.6673508556805461,0.3337669846776525
0.6602104381510758,0.6600569579225549,0.6620492812066303,0.6598672031557241,0.6629391724962942,0.6615894464863202,0.6596897158394202,0.659038704057835,0.38164126114546343,0.3852429793159658,0.6715437365858766,0.6622325800623217,0.6684784022052895,0.6688169749960016,0.5026944619499543
0.662021671988693,0.6610852769091964,0.6654586399224908,0.6633265883075222,0.6648323927911997,0.66310559186086,0.6627605693874289,0.6609919486773937,0.3250109712750181,0.31675122652697707,0.6631419148824792,0.6702453586111183,0.6661378826099394,0.6648984379165113,0.1797677209489996
0.6682981730618228,0.6658626758378746,0.6679096074785933,0.6657026732108892,0.670324812108288,0.6677831694766018,0.6662792557445222,0.6638490867886434,0.3660289808049484,0.39408758365782254,0.6754174736952311,0.6704548430176229,0.6771383247080852,0.6695633630111426,0.5487602979195134
0.6709312673402084,0.6680791741796548,0.6707271727460787,0.670236968538072,0.6730866252308012,0.671517024521429,0.6702777629684918,0.6694857856051816,0.37700857527334586,0.3694095260620849,0.6725121708632152,0.6793055591924377,0.6789847346110837,0.6807591832382578,0.3200534108706096
0.6729361880332931,0.6727413308329911,0.6715912959229098,0.6720640252690641,0.6742360804098511,0.6744917023192384,0.6721330703204138,0.6718663212168398,0.3471082630859752,0.307694825288323,0.6820656441396639,0.6757181387310482,0.6804410579148571,0.6766273924401558,0.1842654237407992
0.6743757524996074,0.6747414068611434,0.6743355416481187,0.6733606197421645,0.6764309676748239,0.6761454143895436,0.6730553926534095,0.6723870763648865,0.2771208878517307,0.2560490787851259,0.6787415589174476,0.6759538086883659,0.6794528385301538,0.6734285866609802,0.1527575857787317
0.6773543422499084,0.6758392257854237,0.6765246536960905,0.6759707194451025,0.6791407692507737,0.6773259064229253,0.6751079596950473,0.6733118086181578,0.2843900075083038,0.24273715893403894,0.6780348636339842,0.6811909188509779,0.6796868904896888,0.6751612731247003,0.2161133192318651
0.6795581845783385,0.6793717123027428,0.6794469611668281,0.6790026064205055,0.6806074948638599,0.6797079218731222,0.6783280908460843,0.6774292120008809,0.25669289373358206,0.29858301563799416,0.6864366853373814,0.6850663803713113,0.6844719527735158,0.6856640187663272,0.4102747290459046
0.6783489504266345,0.675069808236727,0.6767184267721073,0.6745560333532813,0.678038124463631,0.6751845754520613,0.6752519059551102,0.6734122275950498,0.28309591702180315,0.3497448528625678,0.6664660001046955,0.6656628872188328,0.6661378826099394,0.6653782587833876,0.4520685273117152
0.6797466366539286,0.6797312305831963,0.6794993322684544,0.6795782443064488,0.6798429251293788,0.679944737382573,0.6767180252705658,0.6769274814025111,0.4225001611893486,0.5269254501012206,0.6890540752761346,0.6896226662127838,0.6894650612435961,0.6839579890174337,0.8812866445785261
0.6816573313092185,0.6825858311200963,0.6823745057477285,0.6831620548992113,0.6827035601903623,0.6845484962000725,0.6790105027456418,0.6795819789471275,0.4229385962175619,0.40293355370741324,0.6882950321938962,0.6903296760847366,0.6937560138350715,0.68489097403636,0.1549497609197984
0.6860754855258335,0.6884324323190842,0.6845898033465134,0.6861971722144419,0.685611005643253,0.6877737033847621,0.6830623233992643,0.6848614447623561,0.44234870559753403,0.37301032451551747,0.7001256347170602,0.6922674068449031,0.6942241177541414,0.6954203763928133,0.313163866131726
0.6866984243312568,0.6888054146675554,0.684731205320904,0.6860559115573825,0.6859906899331653,0.687305926997534,0.6823799114997069,0.6839916162644174,0.4628705015172597,0.4196347858918559,0.6895513793644977,0.6857733902432639,0.6863703742230777,0.6822519592685399,0.5128837086445327
0.6914620740197874,0.6892983592941531,0.6872659666396084,0.6834828389757065,0.6893662393051259,0.6858758278216035,0.6861385082902384,0.68405149175496,0.4397580287894575,0.3919252451521387,0.6902842485473485,0.6783366938123545,0.6830156294697424,0.6841712427360453,0.3365061636727045
0.6882950321938963,0.6839385282449949,0.6847259682107415,0.681296117339954,0.6859906899331653,0.6814463233423335,0.6833981980060779,0.6794531403688503,0.3037838939602871,0.32842215357898374,0.6732188661466786,0.6769226740684491,0.6725873143837932,0.6702564375966307,0.2014159704326738
0.6869549285452546,0.6831571901468926,0.6782057660582892,0.6734403000007944,0.6794684419941228,0.6746791402748421,0.6813456309644399,0.6778448065219571,0.32420918425710427,0.3046401731872839,0.6815945139506882,0.6577286653224752,0.6611447741398592,0.6746281388281707,0.2570762124038843
0.6776998377218237,0.6733881869645636,0.67100997669486,0.6677230200097819,0.6723220554963203,0.6692834886049376,0.673284640400917,0.6702683455397042,0.33503050118448174,0.32551693238106033,0.6538501805999059,0.6562884600277568,0.6584921852651288,0.6551154235751986,0.3672704507686131
0.6727686750772129,0.670557313356857,0.6675168242163976,0.6679178892901719,0.6690349257535173,0.6695005675729795,0.6698565868742337,0.6685494609048437,0.31678636275714894,0.35756562708999656,0.6648955661414436,0.6683076278509519,0.6699347255090632,0.665111691635123,0.4216630165078691
0.6693084855781815,0.6713659759219682,0.6676687004111133,0.6716439511220923,0.6679894936675943,0.6722632013953621,0.6677560377459082,0.6702558063013685,0.30369445987009175,0.3287259678058038,0.6729833010521907,0.6790960747859331,0.6777884690401271,0.6736684970944182,0.2710466492374183
0.670700937025598,0.6743043584092328,0.6653277121684255,0.6695018783663983,0.6665071645905392,0.669900690596414,0.6682465212987152,0.6710734893211342,0.3310092949057925,0.33181402707426183,0.6801811233837617,0.6652177328550106,0.6651756689985177,0.6727088553606655,0.3379901456111779
0.6668638433753861,0.6703392541726979,0.6673387624708687,0.6689292245224957,0.6668868488804516,0.6676148589274163,0.6659220557658475,0.6683842632687002,0.30230448771945145,0.25906007687356747,0.6624090456996282,0.6677839168346908,0.663043195589421,0.6630058111638322,0.1135521764721787
0.6713186410511438,0.6722675591080302,0.6691612768074577,0.6677531602518979,0.6693261904142721,0.668639536929688,0.6692008316895027,0.6694259432436249,0.2652916695264776,0.23344217118362634,0.6761241689786944,0.6654010317107022,0.6706888929342315,0.6715093031934745,0.1822063598037441
0.6728838402345181,0.6724188934247919,0.6683442876220902,0.6665763341426367,0.668233947936442,0.6672508623264296,0.6694034227221838,0.6683255110952594,0.28935297555537526,0.33628462967320333,0.6727215620583155,0.6642226819241144,0.6644735131199128,0.6661246467985287,0.5419695466523572
0.6730094749515783,0.6728164204956917,0.667118803844039,0.6687071080603166,0.6672925389436456,0.669194382909668,0.6684597750173269,0.6685337602535508,0.2938209363125284,0.32198523745653024,0.6736114746374914,0.6729686558956767,0.6730814240761448,0.6689502585701339,0.2933864530231841
0.6727058577186829,0.6747652927368893,0.6675011128859096,0.6681811647283324,0.6690661326814553,0.6708108011689675,0.6690408914005438,0.6708939859279507,0.30217636818559024,0.34124592662984915,0.6786630372192849,0.6671292780643641,0.6740436376875666,0.6756144372767503,0.3797673049764871
0.6737318745746741,0.6723565718177876,0.66810338055461,0.6690525282116191,0.6709073414297974,0.6712902805563555,0.6698885749320255,0.669677400225714,0.3326513463990299,0.3161396402663584,0.6675391299795842,0.6707952551781926,0.6722492393311316,0.6672442288212403,0.2659270675393769
0.6744385698581373,0.6747902630105287,0.6709680798135589,0.6726098614762283,0.6736483499336853,0.6756581655221273,0.6713973449912034,0.6728026513135973,0.38429266994037026,0.3575640860143876,0.6796576453960109,0.6797245280054467,0.6843939354536707,0.679053153489364,0.440412977510446
0.6777574203004763,0.6796321134303557,0.6765298908062531,0.6790838199466807,0.6797909135828154,0.682167554136606,0.6755984432478543,0.6775784802363258,0.35995557413566104,0.37847074655252877,0.6893158142700099,0.6920317368875855,0.6951863313655632,0.6871301380817829,0.420284067628811
0.6825734177877819,0.685651896311577,0.6824687737306554,0.6869435701370166,0.6857514368189738,0.6890730495100498,0.6812016847043771,0.6840411421084666,0.3946212674266484,0.4078854708610595,0.6976914620740197,0.7026630705176884,0.7028840402569371,0.6969664658527484,0.4667149194781208
0.6873998848348426,0.6913663883592474,0.6900102123648171,0.6929078705030687,0.6922788859126726,0.6949423273920533,0.6859625739723838,0.6891670559445721,0.40300727327938163,0.41248942532075744,0.7027953724545882,0.7048364712351727,0.7066808831560606,0.6994188836167832,0.4216973342401534
0.6946919332042087,0.6955773828483031,0.6961847652465372,0.6958279201976433,0.6984526564897406,0.6976675823335262,0.6922428959854988,0.6923266502586533,0.4472536454791067,0.43737925972650565,0.7039993718264147,0.7016680195867921,0.703118092216472,0.6986458388868158,0.4871589285380021
0.7007223996230958,0.7003215810623509,0.6980701249050776,0.6936023888978117,0.7004186929498348,0.6965197608070647,0.6971850509143254,0.6961390762169345,0.42758001751244273,0.4056011190433792,0.7098099774904464,0.6891513262981488,0.6942241177541414,0.7037639281334969,0.3420448376771262
0.7010050777364811,0.6971241223205461,0.6955144151457227,0.6888193219621449,0.6977869086937301,0.691688977233056,0.696795862877859,0.6924874501111066,0.37371552887785164,0.32072128751420476,0.6907292048369366,0.6792531880908115,0.6820274100850389,0.6851841978994508,0.1509616244558559
0.6971993927655342,0.6909704272867924,0.6918903349131951,0.6873937710931132,0.6937560138350714,0.6887025068099186,0.6933571466652451,0.6882492616706305,0.32189200937602036,0.2830132989991246,0.6786630372192849,0.6845426693550498,0.682729565963644,0.6797728847896787,0.2075973219689642
0.6942574464743758,0.6900088318574603,0.6912095105920553,0.6920732972719003,0.6909785972485892,0.6900662712811623,0.6924241616463188,0.6904174939544708,0.31022023664676224,0.3097883561973707,0.688085640998796,0.7014323496294745,0.6927938002236497,0.6947539585221518,0.3633384705938631
0.693671151128095,0.6936951862699773,0.6858100500144021,0.6862724370807755,0.6861363222635426,0.6863464199511878,0.6914911766273925,0.6916053005670421,0.258976790813663,0.28350613725574897,0.7010678950950112,0.674670716698526,0.6789067172912387,0.6939809137921844,0.2309416993725054
0.6858137465319583,0.6859711090165725,0.6806986304956926,0.6787130342887172,0.6810027826177412,0.6804164198091701,0.6842405501945941,0.6835737990345296,0.2979904367919367,0.368041780693331,0.670522954509763,0.6635942287046008,0.6685564195251347,0.6675107959695048,0.537113067568495
0.6813851227555882,0.6801761013294102,0.6791065490062584,0.6762396164070251,0.6785010272280447,0.6767838242516322,0.6807591832382579,0.6783083203956096,0.42144400698001866,0.5014376789276426,0.6685860859550855,0.6712927806436408,0.6695186331365562,0.6677773631177695,0.7682294753962657
0.6801392451447417,0.677595283941291,0.6764042001623505,0.6745033859831868,0.6739032065118457,0.6711027036286378,0.6783067654742231,0.674709145586908,0.43132169026270734,0.4199536987458976,0.6724336491650525,0.6710309251355102,0.6597404623826489,0.6675107959695048,0.2569857383824076
0.6796105323771136,0.6802108816810791,0.6744717065123466,0.6802588844486094,0.673611941851091,0.6778476280590505,0.6768832969024899,0.6790183022791005,0.39472089284340084,0.3400806269963752,0.6854420771606554,0.6917698813794548,0.6913374769198762,0.6876366156634857,0.1803344834973305
0.6781657331309219,0.6847552207420703,0.678326219592029,0.6848203503313859,0.6770655085428966,0.6839566022894559,0.6757104014501254,0.6820510136961877,0.38238605992915986,0.2831429295980169,0.6938438988640526,0.6939432820969389,0.6961745507502665,0.688116436530362,0.1692675348013003
0.6835575564047531,0.6889975041210201,0.6854644007436697,0.6896419450418584,0.683774998049567,0.6900056905457995,0.6814096070800235,0.6867029505037904,0.3141174831167156,0.25401868090076923,0.6974820708789197,0.6992851344628035,0.702103867058487,0.6960068241189956,0.1957701835062739
0.6898759357169031,0.692724330252625,0.6904867893896148,0.6918962046523612,0.6901464125035759,0.6937956954993997,0.6865490216985659,0.6889601124060207,0.19318741017593555,0.22387215749796796,0.7001779825158351,0.6964047238733668,0.7013757054066002,0.6934744362104814,0.1635791106923654
0.6949274982986965,0.6943800408597566,0.6956977140014141,0.6936259858330763,0.6974332301770992,0.6945886472496886,0.6920456362957829,0.6909713645892105,0.2096778084904149,0.2623940149835801,0.6976914620740197,0.6970855481945064,0.6961745507502665,0.6949938689555899,0.3394377299548045
0.6962728367272155,0.6936429503409213,0.6944931786640133,0.6909997254528678,0.6971523678256573,0.6930368198873479,0.691555152742976,0.6890423090259573,0.1983107356265897,0.21609571638178826,0.6921687693032507,0.6857472046924509,0.6899331651626662,0.6851841978994508,0.1234991191782046
0.695749358739465,0.6928374698690475,0.6937285605802719,0.6907065475279892,0.6949366759420592,0.6903899103689906,0.6914591885696006,0.6885737445718001,0.20755946847032342,0.21590087726118176,0.6912265089252997,0.690120191678232,0.6850960913322758,0.6876366156634857,0.2155111990199687
0.6946343506255561,0.6925273233491568,0.6933305402079133,0.6929027092189964,0.6939328530933867,0.6926215245177021,0.6908727408434185,0.6900740248772282,0.18863542297125,0.17765057017775676,0.6919070303093754,0.6972950326010108,0.697084752815125,0.6930745854880844,0.1011499560109068
0.6957284196199549,0.6969009913953809,0.6951530545445024,0.697107571331435,0.6951811302109069,0.6976200466765351,0.6925094631337634,0.6939353658055541,0.18668950355760486,0.1697168846598844,0.705648327487829,0.705517295556312,0.7076170909942009,0.7016580476622063,0.1538495136241397
0.6969900015704339,0.6992671182057255,0.6969389091099533,0.7000766545615434,0.6980001560346397,0.7018365910740004,0.6943701018286507,0.6973892646803782,0.15102610019529902,0.16685149415434808,0.7039993718264147,0.7060148210217603,0.7102696798689309,0.7042970624300262,0.1611207131432754
0.6986337224519709,0.6996405367074622,0.7010395663672785,0.7021346000340548,0.7002470548461759,0.7016136137894492,0.69736098523218,0.6983057147592847,0.19226665501943627,0.22113496053586226,0.7003873737109355,0.7062504909790777,0.701167659220347,0.7001386149170976,0.3297018932988907
0.7018112338376171,0.702131713089485,0.7029720600172824,0.7013506199987871,0.7043247600967415,0.7029039483880007,0.6998613850829024,0.6989166814785556,0.20716242270710747,0.24408665284334974,0.7071140658535308,0.6997826599282515,0.7054846175851041,0.7001386149170976,0.2899900374583247
0.7044757367952676,0.7031643237588662,0.7046688837099688,0.7028267970206722,0.7050425194393156,0.7021604821013323,0.7011302447086422,0.6990840821912981,0.21657692059708689,0.21213191704916778,0.7052295450976286,0.7057791510644427,0.7006735495279953,0.6994188836167832,0.1482224454608039
0.7048107627074282,0.7045507015221211,0.7042865746680981,0.7030864481294343,0.7049905078927523,0.7038926658213497,0.7020632297275684,0.7014970457131445,0.20778346966832423,0.17804869769288736,0.707323457048631,0.7036057503469586,0.7073570332613842,0.7063229727568374,0.1098822589803265
0.704810762707428,0.7043669249568856,0.7038937914059022,0.7034079336565497,0.7035601903622606,0.7036344746197237,0.7007943701018287,0.7003156185758721,0.19478079288520608,0.15073490820448646,0.7039993718264147,0.7040509047107808,0.703118092216472,0.6979527643013275,0.0961073292276846
0.7073234570486311,0.7072282317769071,0.7060200581319229,0.7078992306407601,0.706810912022469,0.7082300722536123,0.7031081729487658,0.7041129554345092,0.18080890014787818,0.1871040820070747,0.7129508454169501,0.7168818246091808,0.7174212675213897,0.7117076291517834,0.2598424296122512
0.7098361513898339,0.7113780003711199,0.709288014873393,0.7106403016390407,0.7100200244454269,0.7126634414023726,0.7056672175721065,0.7070532496342731,0.1759815391398936,0.21335379881085037,0.7196775375595456,0.716122443635602,0.7215301796998933,0.7129338380338008,0.2658532324184017
0.7119981154792441,0.7129317887623062,0.7106444264055096,0.7112806040010357,0.7133695680441058,0.7142493834420449,0.7080716532494536,0.7085158537573549,0.1702983146873654,0.18217130693995456,0.7160393655446787,0.7125612087250255,0.7174212675213897,0.7114410620035188,0.119806323198163
0.71282521069989,0.7124408368921578,0.7103511482364032,0.7082335225011661,0.7124749694432163,0.7104609357136756,0.7082635815962041,0.7081047740017666,0.1889709048026106,0.1891959411454872,0.7114589331518609,0.7021393595014271,0.7028840402569371,0.7072826144905902,0.2032452095565525
0.7134900277443333,0.7107350436109822,0.7112833538453482,0.7083929925859459,0.7131875276311341,0.7092009181944706,0.7091539158714081,0.7062046612269602,0.20708317994346928,0.1883535290743175,0.707323457048631,0.7087119327555056,0.7066808831560606,0.7024044356773471,0.1866687049319781
0.7121813327749568,0.7092924859306772,0.7099269423132316,0.7089619173734967,0.7118456297297999,0.7097045381345536,0.7076718025270565,0.7055687949613155,0.17314523056316433,0.15561991361978714,0.7064073705700674,0.710099766948598,0.7107117780147193,0.7042970624300262,0.0901526827107264
0.7100193686855467,0.7091508963246166,0.7067846762156643,0.7061116492982528,0.7082984422541804,0.7077344395303009,0.7056992056298982,0.7047361478235467,0.150096193643524,0.1539492916865914,0.7088677171124954,0.700411113147765,0.7037942423217957,0.7030708535480088,0.1506080478202
0.7080458566717269,0.7081578660416042,0.7063290476315169,0.7075021214669316,0.7072478090136011,0.7092123267930316,0.7043770325745056,0.7047674974578829,0.1817227917579206,0.1952792990477763,0.7061718054755796,0.7102830658042893,0.7121681013184927,0.7048301967265556,0.277939313770146
0.708244778307072,0.7095897578039319,0.7091256644583519,0.7103755621898218,0.7103580994980886,0.7122867154218127,0.7053153489363971,0.7071697304052713,0.17620387644784427,0.18873641036724118,0.712453541328587,0.716122443635602,0.7184354926793749,0.7119741963000481,0.1756506330061709
0.7105794901324398,0.7127255105944444,0.7118646730733982,0.7143860334034601,0.7137960627259252,0.716148043379623,0.7081569547368983,0.7103173084967985,0.18467723652821016,0.2021694420227633,0.7189970161754698,0.7224069758307368,0.7238706992952436,0.7166124646798528,0.2290355053338075
0.714201957807674,0.7166569100450425,0.7156772892717799,0.7193116382491421,0.7177853483473332,0.7209847642936683,0.712539318654369,0.7156144996703256,0.2088959881531028,0.20519510829357204,0.7245197089462386,0.7291628479405063,0.7306582061217589,0.7262088820173802,0.2112464408351896
0.7184735381877191,0.7211798130342685,0.7208934509937418,0.7217050660852862,0.7231581411073258,0.7242092449030318,0.7167617422828811,0.7184706570104068,0.20786146451442483,0.18527521540465142,0.7302256190127204,0.7264919217575743,0.7306582061217589,0.724182971690569,0.1454354296268102
0.723436109511595,0.7244480960544987,0.7259210767498494,0.7262771089184668,0.7277143525862741,0.7277892161730994,0.7216665778109507,0.7220985627959055,0.21152784623992044,0.22227388440230889,0.7309846620949588,0.7354211945848281,0.7349491587132345,0.7293543743669031,0.2962712223976239
0.7280531853635555,0.7281450375657955,0.7291628479405065,0.7282951724752734,0.7312459365979247,0.730557281694609,0.7250892999946688,0.7244283109368164,0.24599262480735268,0.2641740982159833,0.7355389205883892,0.7323312995888869,0.7360934127376279,0.7290878072186384,0.3479745258433322
0.7315029053028319,0.7308452303344812,0.7322998769279112,0.7315608219061024,0.73413257743219,0.7331394889519292,0.7282347923441916,0.7270655161003666,0.24818687981098203,0.2561183255946403,0.7362456158718526,0.7380921207677604,0.7383039034665696,0.7323399264274673,0.2400067803519543
0.7336648693922421,0.7323399966874171,0.73364057712954,0.7329959975869516,0.7356097053545888,0.7347742745458704,0.7290025057311939,0.7280594937177082,0.22874162075370053,0.20875226557935425,0.735329529393289,0.7358663489486501,0.7380438457337529,0.7300474489523912,0.1140201455487821
0.734450086373868,0.7329438990985615,0.7358192149571867,0.7344590353565703,0.7368423790081399,0.735456707827085,0.7304899504185105,0.729246394187523,0.2273984455107206,0.18540802819020633,0.7341517039208502,0.7373851108958078,0.7368215743895145,0.7316201951271526,0.1387195534119105
0.7366696330419306,0.7359900645441316,0.7384272958181677,0.7391265565342912,0.7383611161677892,0.7378187533885505,0.7332889054752892,0.733947312675281,0.2421708773484248,0.24698314598885243,0.7420823954352719,0.7484615988897327,0.7425428445114816,0.7433491496507971,0.3701333815861447
0.7403863267549599,0.7420341727472665,0.7432873340490718,0.7449615346039966,0.7427300860791096,0.7445252563571101,0.7377619022231702,0.7397824721028682,0.20645152568318284,0.22111468649827573,0.7541223891535359,0.7566314907434077,0.7579382622942293,0.7514527909580424,0.1693777675171224
0.7440559074490917,0.7462206216123483,0.7473460944250963,0.7494363306186255,0.7471770733102748,0.7498631174455387,0.742165591512502,0.7446411056932879,0.1994794104005607,0.21579185897846506,0.7545935193425116,0.7583859226478828,0.7605388396223961,0.754358372874127,0.2051462039388437
0.7485421138041144,0.7500672681310331,0.7515986278771375,0.7520005591487023,0.7511559566223701,0.7525548323951022,0.7464999733432853,0.7470005231642943,0.211929259714518,0.20261770335849963,0.7577605611684027,0.7571290162088562,0.7579382622942293,0.7517193581063071,0.1762693921185688
0.7525362508506517,0.7514189751385341,0.7544895126868993,0.7519468844140075,0.7549423972121811,0.7536211473762578,0.7497787492669403,0.7473383736913389,0.23007918036776126,0.2115681877983753,0.7541223891535359,0.7518395349446176,0.7557537773385693,0.7480140747454285,0.2294691566781267
0.7538449458200281,0.7504879401864075,0.7540076985519392,0.7499820990143155,0.756341507814735,0.752260230758922,0.7505251372820815,0.7472526123697266,0.21452180839890095,0.2384942991128646,0.7486258702821545,0.7460525282149311,0.7495383975242506,0.7470810897265023,0.2923465217418433
0.7527456420457519,0.7498672502183231,0.7527088952316113,0.7500338907234664,0.7547603567992095,0.7515176562448155,0.7491496507970359,0.7463601944240893,0.2089032676720722,0.20609122070290262,0.7486258702821545,0.7501374741417686,0.7500325072166022,0.7445753585328145,0.1412850638829786
0.7515939904727005,0.7495232539713004,0.7508654324543718,0.7497454634028727,0.7530855849998701,0.7517334310384434,0.7473903076184893,0.746094015276524,0.18686234013656375,0.16904133588903555,0.7488352614772548,0.7491686087616853,0.752164980625699,0.7455616569813937,0.0949415662613014
0.7495628958802281,0.7488838653828805,0.7498546701929876,0.7505220439025603,0.7517852963357867,0.751634560350233,0.7464626539425282,0.7464230400931834,0.19717263483229025,0.18863451245842414,0.7476050882060409,0.7520752049019352,0.7514368189738122,0.7470810897265023,0.2278208655972013
0.7492278699680678,0.7500716634528316,0.7516352876482757,0.7539289033420596,0.7515980547681587,0.7526955634002984,0.7481740150343873,0.7498056534636968,0.2366692248976187,0.26807371064053914,0.752447259592734,0.7607426222210585,0.7548175695004292,0.7565708802047237,0.4269521070047691
0.7526461812280794,0.7552869178292919,0.7551127287962502,0.7570991802129744,0.7550932306972149,0.7574684679900429,0.751063602921576,0.7537134453632799,0.20483755233454168,0.2231118600691788,0.7657174265822123,0.7634397339548038,0.7670142771695317,0.7615290291624461,0.1331881589264581
0.7562477097838036,0.7590691162397865,0.7582445206734925,0.7599982646513093,0.7589732920708399,0.7614565833549375,0.7544010236178496,0.7562297842469138,0.20311480217387232,0.1929650110726631,0.7666335130607757,0.7657964335279792,0.7694328140847267,0.7612624620141815,0.1326713130796317
0.7594252211694498,0.7609536836283529,0.7610987457121161,0.7611454210858074,0.761891139833043,0.7632224620488633,0.7571573279309058,0.7572675823468344,0.31039868885464045,0.33909700727015607,0.7647228184054861,0.7634397339548038,0.7667542194367151,0.759343178546676,0.631360999665142
0.7631157409830915,0.7626550181769853,0.7618738380161827,0.759413836197961,0.7638571762931371,0.7625706417906698,0.7602655008796717,0.7590523730546668,0.3388867743619501,0.34948510255802057,0.76605768727425,0.7559506664222684,0.7612670012742829,0.7626219544703312,0.3702612931337496
0.7634036538763544,0.7597322868043396,0.7614548692031737,0.7591584835173119,0.7645749356357111,0.7611825499315463,0.7596950471823855,0.7572744526092086,0.33679256074758573,0.3718170813496628,0.7538868240590483,0.7586477781560137,0.7584063662132993,0.7537186117182921,0.4164810389329472
0.762592262995341,0.7603750152619413,0.7604493440519523,0.7589096917444399,0.7623176345148623,0.7593642904761267,0.7585274830729862,0.7567467046112891,0.39276769391078625,0.3855659958139288,0.7616604721771448,0.7584121081986961,0.7557277715652876,0.7556912086154504,0.4130638247424609
0.7606239857613987,0.7591807191383156,0.7599937154678049,0.7604458913653742,0.7609757366135282,0.7604839685101034,0.7579463666897693,0.7572834297735583,0.4068311006008722,0.324706779385973,0.7567921268910641,0.7635182906072431,0.7627233245780564,0.7583568800980969,0.2029883465300613
0.7619536198502852,0.7632441423755166,0.7628688889470792,0.7662357946939743,0.762967778846904,0.7658941225412669,0.7611238470970838,0.7632658133767886,0.3386307432804839,0.3132575906117156,0.7713709888499188,0.7778156013511746,0.7767144306035939,0.7752305805832489,0.2903592130632007
0.7644820185311207,0.7683959884764868,0.7674827830003406,0.770497242025508,0.7674563753153201,0.7718327428996322,0.7638908140960708,0.7676628054062812,0.31356756745514247,0.29048686507682453,0.7786996806784273,0.7790201366885754,0.7837099836163629,0.7764567894652663,0.2449454140070424
0.7705020153902529,0.7735929284358941,0.772918903349132,0.7756076213169957,0.7728083634566875,0.7762772642398003,0.7694300794370103,0.7722468497451836,0.25000363975948464,0.2265450435361023,0.7839868083547087,0.7858283798999712,0.7851663069201363,0.7814149384229887,0.0986614004546579
0.774527561116055,0.7763246858926481,0.7764539527088953,0.7757675325438346,0.7776766442150158,0.7775412346121766,0.7735298821773204,0.773561307269123,0.27651731173604044,0.3329074238991481,0.781788200806156,0.7760873549975125,0.7800691753569294,0.7761902223170016,0.5456321846252399
0.7777417159608437,0.7751707576334348,0.7765325093613346,0.7718153796523693,0.7784412139494968,0.7738762141582716,0.7758116969664659,0.7722961895273567,0.29560566637756575,0.3214149891786613,0.772862901115008,0.763911073869439,0.7665461732504616,0.7697659540438238,0.2984301197376877
0.7769146207401978,0.7725256760045195,0.7750189845243396,0.7712929121569795,0.7771305229761009,0.7726378013510522,0.7739883776723356,0.7702354543891038,0.2889372110290952,0.29994897155939015,0.7672355127466891,0.7702479771661999,0.7701609757366136,0.7661139841125981,0.2570169363208479
0.7721928492906873,0.7667140584799713,0.7712692136479092,0.7676190355401274,0.7713416378436013,0.7666803868853234,0.7700271898491231,0.7657072530424701,0.3083970291243154,0.3140474825339747,0.7550908234308747,0.7602712823064235,0.7547655579538658,0.7566508503492031,0.3422445044831437
0.7676804690362771,0.7649510080141999,0.7662625363324519,0.7653443548009798,0.766707409044808,0.7651186455656055,0.7649357573172683,0.762457427282885,0.31442696666604264,0.25230201774374783,0.7614249070826572,0.7607949933226847,0.7619951629261698,0.755957775763715,0.1288110881632941
0.7655970266450296,0.7670910016261062,0.7649951556730997,0.7668130537675705,0.7656619769588849,0.768359768686175,0.7629205096763876,0.7636762795594562,0.22858084737760526,0.20700187455684949,0.7713709888499188,0.7697504517007516,0.774842014927314,0.7661139841125981,0.1164015881830528
0.7654504528084594,0.76877067839479,0.7652517740710677,0.7662734244648067,0.765615166566978,0.7676772195544256,0.7623393932931707,0.7647376437488838,0.20719570050811037,0.20183604483463746,0.7721300319321572,0.7651941658592789,0.7663121212909266,0.7668603721277389,0.1915043853902134
0.7670522954509763,0.7709286942496177,0.7655555264604992,0.7681045293476569,0.7664993628585546,0.7699787987677827,0.7630218051927281,0.766333777036051,0.21343092048477433,0.23062170862448084,0.7752447259592733,0.7717667391133574,0.7745819571944971,0.7695260436103855,0.2881930362041676
0.7693817724964664,0.7695318657191871,0.7641153211657808,0.7630931048427151,0.7670766910254077,0.7658699321078988,0.7647065095697606,0.7659139754354892,0.19542326243081848,0.23781654382077547,0.7667382086583258,0.7530702558328315,0.757652198788131,0.7650743722343658,0.2522062142133647
0.7697220331885043,0.7673966473270736,0.7657231139857028,0.7650067223692415,0.7668842483031233,0.7642576045101818,0.7665298288638909,0.7656341077017815,0.2019093138325419,0.2122914776044873,0.7631262105428466,0.7688339574222944,0.761032949314748,0.7650743722343658,0.161241345171911
0.7684081034392503,0.7665315449192652,0.7648642279190343,0.7651564887019641,0.7648557979871532,0.7644049907892755,0.7654315722130405,0.7639636387539698,0.2183088221530321,0.20766069499815942,0.7648013401036485,0.7654560213674095,0.7646997633474631,0.7606227008583464,0.1983991297855037
0.7687431293514106,0.7689560837771632,0.7664196496373302,0.7677614172848953,0.7671391048812837,0.76884621244671,0.7661619661992856,0.7661465398556349,0.3212262453697059,0.37380429715663377,0.7738051614929592,0.7729712744507582,0.7777286557615791,0.7705123420589648,0.7060915014735826
0.7692770768989163,0.7719422104170426,0.7674408861190395,0.7707985853638983,0.7682365485137701,0.7725872000834498,0.7668123900410515,0.7683570808434946,0.2883425783224244,0.2904610984270092,0.7779144636968015,0.7768729215219043,0.7800691753569294,0.7727781628192143,0.12377470096776
0.7722870753284823,0.7752242072134137,0.7724423263243343,0.7732248758623673,0.7733128754583518,0.7760694112259797,0.7690355600575787,0.7709681280013303,0.2796084034766982,0.2631525122795841,0.781788200806156,0.7780774568593052,0.7830338335110395,0.7761902223170016,0.2085353399847338
0.775003926084908,0.7757196262506008,0.7730288826625469,0.772738830279364,0.775825033157361,0.7752441867539178,0.7703737271418671,0.7712338212194897,0.32976532910705253,0.31277699929428365,0.776710464324975,0.7717667391133574,0.7735937378097938,0.7717652076558086,0.4120259733236827
0.7768518033816678,0.7751599930295495,0.7729293775694573,0.7701453854868965,0.7770212987283178,0.7737231549033609,0.7725062643279843,0.7712510097426373,0.3777096969432259,0.35455832251831265,0.774040726587447,0.7649584959019615,0.7706810912022469,0.7712853867889322,0.4381209689663706
0.776160812437837,0.7735567309443013,0.7714734609442511,0.7686608207661734,0.7747379918341872,0.7712528103658828,0.7715199658794051,0.7693609564337812,0.26183244211222517,0.278607290785068,0.7703502067738052,0.7656916913247271,0.7663121212909266,0.7655808498160688,0.1267052273185787
0.7720305711144846,0.7681255729895474,0.7637958574458615,0.758602181854101,0.7676020076456974,0.7622982917154153,0.767260222850136,0.763400453513477,0.28595260825164664,0.2671967044116678,0.7572632570800398,0.7384849040299564,0.7443892544144802,0.7514794476728688,0.2443755316648675
0.7633931843165995,0.7582841375986084,0.7548508732881197,0.7501856332595995,0.7575065664577536,0.7523844036673838,0.758852694993869,0.7536511633542068,0.3145259681240263,0.29526518272332253,0.7386012668167304,0.7333525360705964,0.7325566275713208,0.7341525830356668,0.3514021393466319
0.7556300057582579,0.7514876155768279,0.7490691036685958,0.7477430525116455,0.7502197487842301,0.7473094855923145,0.7524177640347605,0.7489642931895597,0.3074496517270138,0.32239158559508846,0.7378945715332669,0.7428578910157377,0.737159649442176,0.7395905528602658,0.3766443913386203
0.7482437313510967,0.7466948619017656,0.7416324072376863,0.741087039590235,0.7418718955608146,0.7411869320899327,0.7444047555579252,0.7430496435946251,0.2758773380255032,0.3083475238829982,0.7371093545516411,0.7277750137474144,0.728941825085169,0.7312203444047558,0.2802594004588176
0.7385907972569753,0.7384917533689098,0.7337034224514914,0.7360736155247407,0.7335344446467116,0.7356662436334257,0.7359918963586928,0.7365386136697193,0.2947531307131224,0.2792597461742237,0.7220855363031985,0.7260467673937521,0.7246248667204119,0.7235165538199073,0.2210841907566748
0.7334973564361619,0.7362598532379306,0.7294194663384745,0.7297374515047844,0.7285673419499129,0.7302954093991126,0.73075118622381,0.7327843747792976,0.321853739904867,0.312799356657346,0.7317960529759725,0.7170651234648722,0.7195537409304865,0.7252758969984541,0.3798785776235905
0.7289745066219966,0.7295022414072551,0.7283563329754642,0.729170590755038,0.726200816581281,0.7271049398421289,0.7283840699472199,0.7292952504037705,0.3163604069043117,0.31651139588618243,0.7159870177459037,0.7280368692555448,0.7207240007281616,0.7223170016527163,0.3239354743438553
0.7284772025336335,0.7314708446353206,0.7267904370368431,0.7311231976109026,0.726544092788599,0.731028636721008,0.7271578610652025,0.73068333641924,0.29209943406939665,0.2961207729788033,0.7354080510914517,0.7350284113226322,0.7388760304787664,0.7334595084501787,0.2553395271640449
0.7279537245458829,0.7324778846278431,0.7279059415014796,0.7318663104308006,0.7279900137830598,0.7327429011664962,0.7271045476355494,0.7307734833649903,0.2892556379874417,0.2860939886688832,0.7344919646128879,0.7333525360705964,0.7361714300574728,0.7309537772564909,0.2660404200490431
0.7311678793906715,0.7343706932609427,0.7311215271413235,0.7352857721515244,0.7318544716927159,0.7364776528672281,0.7299301594071548,0.7330638598026381,0.27620554033789435,0.24267389328223485,0.7381563105271421,0.7421246955929719,0.7439471562686918,0.7376446126779337,0.1558337025089382
0.7339318431659948,0.7381190861248247,0.7375369870905235,0.7399046558379737,0.7382674953839753,0.7415247217070801,0.7335394785946582,0.7364834041804157,0.22022063182064927,0.19510060720061148,0.7456158718525886,0.7491424232108723,0.751618859386784,0.7433224929359707,0.0999540350373647
0.741752604302989,0.7437763318935081,0.7416114587970359,0.7427395131546847,0.7429641380386446,0.7424188858052228,0.7393719677986885,0.7414820853445668,0.18863334310868735,0.18540008172842293,0.7550908234308747,0.7484092277881065,0.7442072140015082,0.7514794476728688,0.1659990307840458
0.7462806888970318,0.7485337126162274,0.7468642802901359,0.748923848365834,0.7472550906301199,0.7483895216821961,0.7438716212613958,0.746307315484283,0.16573343233479126,0.17054671225047016,0.7580484740616656,0.7612925187881328,0.7603307934361428,0.755957775763715,0.1408399732945646
0.7518138512275557,0.7530750671659875,0.7532326062478726,0.7543472875303157,0.7535328843003148,0.7547798139242796,0.7498054059817669,0.7510791106089707,0.1572340739723919,0.18821235091266217,0.762157776265508,0.7651941658592789,0.7675603984084468,0.7606227008583464,0.2235436282370461
0.7567031356331466,0.7562509556290237,0.7580821702584515,0.7583556969021661,0.7583075442748292,0.7591266946632742,0.7548008743402465,0.7549267252294243,0.14948596196763314,0.16450594810348962,0.762602732555096,0.7663725156458667,0.7678204561412635,0.7626219544703312,0.1170931424851445
0.761225985447312,0.7602440107271541,0.7621566419649638,0.7620753918492554,0.7624112552986764,0.763463601277523,0.759305859145919,0.7585669558077273,0.2829590620651787,0.3654438105773572,0.7682301209234151,0.769514781743434,0.7721374145060204,0.7658474169643334,0.7673195355250925
0.7640946448201853,0.7633073805831833,0.7660949488072483,0.7640838485660133,0.7676020076456974,0.7656960594305532,0.7619715306285654,0.7606472389005186,0.28161484689091737,0.29672185868915124,0.7694341202952414,0.7681007619995288,0.7701609757366136,0.7648078050861014,0.1592779549127393
0.7675338951997068,0.7672864957085466,0.7688601429731076,0.7677620622498186,0.771320833224976,0.7701056800645474,0.7652822946100123,0.7646020244906623,0.3169604472536454,0.3036705641621691,0.7752447259592733,0.7751184896174292,0.7789249213325359,0.7725115956709496,0.3175679751082048
0.77029785897503,0.7701835288530724,0.7711435230040065,0.7707117301711369,0.7741658648219905,0.7739989721742048,0.768203870554993,0.7681448765215245,0.36571554551675217,0.35822008262563937,0.7759775951421243,0.7766110660137737,0.7817855563935193,0.7752305805832489,0.4673191195525799
0.7736062398576139,0.7731705648913868,0.7737254183141744,0.77356848417966,0.7771565287493823,0.7769239067088775,0.7706722823479236,0.7704179221593446,0.36281808898068013,0.2730153416853543,0.7791446369680154,0.779281992196706,0.7827737757782228,0.7749640134349844,0.1026058598047841
0.7747683609904203,0.7734606187900736,0.7746471497027942,0.7737534690152842,0.7780199204223337,0.7767673954295108,0.7714559897638216,0.7702005994541711,0.24720164891503962,0.2450893395225329,0.774040726587447,0.774123438686533,0.7764543728707775,0.7697659540438238,0.1892373351968901
0.7759304821232267,0.7740553211798068,0.7765901175731234,0.7751075131272476,0.7795802668192339,0.7771658328600451,0.7731033747400972,0.771148642958607,0.2585995037447925,0.23548196936885646,0.7752447259592733,0.7778156013511746,0.7779627077211141,0.7730447299674787,0.2162672290615036
0.7770978380359106,0.7763973826274354,0.7776113540548326,0.7768132327601571,0.7800067615010533,0.7784630201539077,0.7739403955856481,0.7729979952719729,0.26574695144144866,0.2747563841097329,0.7810815055226926,0.7802246720259762,0.7810573947416327,0.7766966998987046,0.3533052135914858
0.7794430194210332,0.7801660891075363,0.7789782398072744,0.7790239867654322,0.7812134293813228,0.7815816453675607,0.7763181745481689,0.777705155313266,0.23422517840021126,0.2864076741886195,0.787703502067738,0.7834454947759826,0.7878188957948665,0.7871194753958524,0.3097102543463927
0.7809506360257551,0.7823382994022322,0.7788420749430466,0.778883047135477,0.781109406288196,0.781805650349237,0.7780455296689237,0.7796703665550969,0.25057061029407174,0.25238278921710844,0.7866827199916243,0.7786011678755664,0.7822536603125895,0.7836007890387588,0.1843330192740863
0.7816782704287284,0.7807851658022594,0.7804027337715049,0.7798976090332598,0.7815567055886408,0.7807673900238249,0.7796342698725809,0.7790167960574347,0.256981370671026,0.24201890517195948,0.7776788986023139,0.7819267328288251,0.7786908693730009,0.7777096550621103,0.2212911370816616
0.781725383447626,0.7790168742194267,0.7793867343999582,0.7775102741866533,0.7810209866590384,0.7789396310402507,0.7797728847896787,0.7772571322226121,0.30418593139365346,0.31210928100618657,0.7754802910537612,0.7727356044934406,0.7752841130731022,0.773737804552967,0.4522900326746408
0.7798879757106214,0.7766427384255076,0.7762811280735291,0.7732390629223791,0.7782227654539309,0.7749818502655321,0.7776563416324573,0.7735427495192742,0.2791861913764738,0.28417502517265353,0.7718944668376694,0.7646966403938307,0.7670662887160952,0.7661139841125981,0.2283065135055875
0.774972517405643,0.7721372291312872,0.7735421194584828,0.7720761925151699,0.7739214105531429,0.7720919406073303,0.773194007570507,0.7706311013748831,0.274276467811007,0.2845038956214553,0.7631262105428466,0.7697504517007516,0.7663121212909266,0.7648078050861014,0.2851616365190588
0.7695806941318117,0.7679993539616806,0.7711435230040065,0.7702535235445079,0.7705978727277456,0.7699399508000879,0.7686943541077998,0.7674549081583296,0.28767286257724084,0.27344092811605536,0.7597236036224676,0.7666081856031841,0.7656359711856032,0.7611025217252225,0.2513149931052555
0.7675391299795843,0.7678232619215127,0.7665767629422084,0.7665333265362838,0.767113099108002,0.7670489676248197,0.7654742229567628,0.7655062718745281,0.2808625606019953,0.2447071611458483,0.7674710778411767,0.7590929325198357,0.7612670012742829,0.7616089993069255,0.1872396272054342
0.7642464534366329,0.7648878107273432,0.763219775327974,0.7630057731649454,0.7639351936129821,0.764497506949214,0.761417070960175,0.7614881961063612,0.22720834607249146,0.22447776077293935,0.7590169083390043,0.7559506664222684,0.7593945855980028,0.7534520445700272,0.1840189600271214
0.7603570119876458,0.7607409603491401,0.7634606823954544,0.7639709073537077,0.761813122513198,0.7618169823718675,0.7607186650317216,0.7618661155610179,0.2652014034912572,0.2890757740484317,0.752447259592734,0.7659011757312317,0.7564559332171742,0.7626219544703312,0.4182718005994163
0.7609433073339266,0.7625132026575101,0.7615648485165887,0.7627376990046129,0.7614438405325983,0.7626998920438877,0.7603881217678735,0.7622957732962988,0.295263113013492,0.33787391074236534,0.76605768727425,0.7602712823064235,0.7644657113879282,0.7631550887668606,0.4354701841302326
0.7622520023033031,0.7637644945947902,0.7618162298043941,0.7644468300171456,0.7624008529893637,0.7652736058524018,0.7608892680066109,0.7627332665038361,0.4316665314756,0.536359968966842,0.7662670784693505,0.7678650920422112,0.7704210334694302,0.7636082529189103,0.9333320854157956
0.7630319845050515,0.7662999926798331,0.7623556521511432,0.763561234762624,0.7635086989311628,0.7657844808960274,0.7618382470544331,0.7639401425179028,0.4193587367746739,0.39947353054482915,0.7713709888499188,0.761790044253581,0.7668062309832783,0.7663538945460362,0.1257006537008034
0.763408888656232,0.7645004714848574,0.7612820445678076,0.7592350326769463,0.7624944737731776,0.7619641405333774,0.7623393932931707,0.7612793535998401,0.4495065526070037,0.37790170009280954,0.7609014290949064,0.7505826285055908,0.7543234598080774,0.755957775763715,0.3347580391887703
0.7624352195990157,0.758859952425456,0.756170625049098,0.7529380478305253,0.7604660234572076,0.7567473209013594,0.7584795009862986,0.7552937333785503,0.42586683471956166,0.3519588704492751,0.7475789143066532,0.7403440781376835,0.7463136816373236,0.7433224929359707,0.3000732111622063
0.758299743495786,0.7543667372030042,0.7545837806698265,0.7527377186903722,0.7566951863313657,0.7530353891871457,0.7554139787812552,0.7528049814995813,0.37225255355126124,0.2904388397290936,0.7453803067581007,0.7523370604100659,0.7456115257587185,0.7478274777416432,0.1673987782887306
0.753687902423703,0.7506471158383148,0.7466024247820054,0.7444779166612833,0.7493511559566224,0.7465905533233353,0.7504664925094632,0.7481602615197046,0.24784453443316457,0.2973898897611665,0.7432078731089359,0.7279583126031057,0.7337008815957143,0.7388708215599511,0.3112919898253123
0.7455059414751608,0.7439184719279459,0.7415329021445967,0.7417994214630347,0.7430213507398643,0.7427794371820529,0.7438822839473265,0.7432511249249205,0.2466265669164581,0.2381301985465346,0.7304611841072083,0.7364424310665376,0.7351572048994878,0.7334328517353523,0.1196108161172709
0.7380620844893471,0.7371730293405765,0.7372489460315798,0.7375872302888586,0.7373000806178973,0.7370919945207826,0.7376766007357254,0.7371438698518503,0.25406249155055827,0.2827326864841135,0.7236821441658378,0.7291628479405063,0.7257171091982421,0.7249293597057098,0.3719376623592712
0.7342668690781553,0.7343162986439489,0.734572782738485,0.7340459074166423,0.73350843887343,0.7338464873188508,0.7340992696060138,0.7332411923303711,0.2576298718180702,0.29445849515599765,0.7286028372506937,0.7269632616722095,0.7273554729149873,0.7254358372874128,0.317910112499766
0.7295293932890121,0.7301085083667611,0.7251040875644821,0.7243617997911119,0.726388058148909,0.7259008655912719,0.7275310550727729,0.7271562632453937,0.306482723621623,0.33352667587282997,0.7216929278123855,0.704993584540051,0.7100096221361142,0.7149864050754386,0.4116630373064947
0.7216719886928755,0.7213792889539247,0.719620833224227,0.7164218801613514,0.7182326476477778,0.7149085200908672,0.7193314495921523,0.7173951068825453,0.3069432051930008,0.32688258314262036,0.703920850128252,0.7005420409018306,0.692923829090058,0.6978727941568481,0.3135943976822011
0.7192430508297127,0.7203583575664144,0.7148498258660873,0.7151437181995138,0.7140145112214912,0.7146278543165964,0.7152529722237032,0.7159435595527324,0.3768860713684039,0.3743634377598424,0.7183164947913941,0.7125873942758387,0.7140665227680546,0.7130404648931066,0.4693251469942865
0.7158718525885988,0.715847622697699,0.7074288407656656,0.7074484529458088,0.7084284711205888,0.7090142057756409,0.7103321426667378,0.7107374436754492,0.3714607498736483,0.36451264346839257,0.7068261529602681,0.6920579224383987,0.6977869086937302,0.7003252119208832,0.3448110548854931
0.7086426215777626,0.7080506425306372,0.7049359763282622,0.7097986151256034,0.7011728603750033,0.7030352769127804,0.7071013488297704,0.7102522518178246,0.38295823012015356,0.36814093355635924,0.6924566821965136,0.7144989394851922,0.6910774191870596,0.7092818681025752,0.3753975137322925
0.7062607967334974,0.7086283628841111,0.700144020529472,0.7002103452657688,0.6966946662158999,0.6978964017220529,0.704675587780562,0.7077873678216822,0.49685379190143103,0.5724742377752001,0.709783803591059,0.6810338055460998,0.6876186513405976,0.7028575998293971,0.981140846212882
0.7014762079254566,0.6990848772854238,0.6921469533111629,0.6869924651139412,0.691613138116662,0.6877696640126579,0.7001012955163407,0.6968586894930352,0.5626945451444568,0.5959155464825766,0.6799979060880489,0.6605567048102858,0.667516188593868,0.6750013328357414,0.6427981638973296
0.6915248913783174,0.6889098888755152,0.6797873733273981,0.6749248081949655,0.6802174082646348,0.6775424005110783,0.690808764727835,0.6867650633122162,0.5352792527469784,0.5080265926573493,0.6685599120556981,0.650789494357014,0.6570878735079188,0.6665778109505784,0.3322486850068947
0.6814270009946082,0.6780521595975838,0.671926470973317,0.6675343423526415,0.6719423712064079,0.6704988414749172,0.6824598816441864,0.6773703077090238,0.5812700056780248,0.5302726682851411,0.6563367010417213,0.6527534106679935,0.6564117234025953,0.6585807965026391,0.5747648195407247
0.6667539129979584,0.6583985204694774,0.6573777789415802,0.658941388010597,0.6582113229136868,0.6544732868910964,0.6694407421229409,0.666308928638132,0.6723752654424595,0.6304897163749161,0.619091242213265,0.6417554793265079,0.6224221777234545,0.6441861704963481,0.8309238125544663
0.6571376223629797,0.6594997971183733,0.6529943177354738,0.6589997585122538,0.6527865186071308,0.65648040119667,0.6605373993709016,0.6636529144484883,0.5704563842421292,0.5775086243203543,0.6617023504161649,0.6591164995155674,0.6604946298078173,0.6583408860692008,0.4715464402112307
0.6529916766999947,0.6594225906699571,0.6551467700123073,0.6631061610729873,0.6520583569552441,0.6589453942425915,0.6584581756144374,0.6639703476501323,0.5222233314822556,0.51888338291289,0.6592681777731247,0.6713189661944541,0.6638753803344343,0.6646052140534202,0.4016329000979615
0.6551379364497724,0.6660454640481667,0.6633480845269581,0.6726694630254141,0.6574883624164565,0.667376229766388,0.6624300261235806,0.6714592529321864,0.5384974240902161,0.48379530462415904,0.6792912108045858,0.6917960669302679,0.6842379008139808,0.6864370634962949,0.413619148046697
0.6623095848819558,0.6747619570996571,0.6686218544607087,0.6748203954625248,0.6633968741060515,0.6735689137944489,0.6684437809884312,0.677189358897088,0.5051801056986154,0.45858961227701306,0.6921949432026383,0.6791222603367464,0.685954281850571,0.6886495708268914,0.4081782275827212
0.6774171596084384,0.681384343348331,0.6791170232265837,0.6812907046936442,0.678428211062856,0.6815722300321249,0.6787865863410995,0.6834263050179553,0.3990927639501581,0.4058887761220687,0.6946291158456787,0.6942313231558828,0.6975788625074767,0.6959001972596899,0.30048710381218
0.6844945820028269,0.6866193830282562,0.6876535127916418,0.6881267855760486,0.6858450576027879,0.6869077741905755,0.6862984485791973,0.6875842690985335,0.40611022023664667,0.4394704246292704,0.6970894623881067,0.7017989473408575,0.6975788625074767,0.6959001972596899,0.5066337216436737
0.6919646128880281,0.6899523660852145,0.6933671999790516,0.6920469910945336,0.6924869320989261,0.6903001003987587,0.6923015407581171,0.6899297377150289,0.36192561995503325,0.35321691598281174,0.6966183321991309,0.699887402131504,0.697084752815125,0.6946206749480195,0.1807098986898945
0.6973250274825944,0.6953326719826154,0.6987509492262172,0.7009362651183876,0.6980573687358593,0.6975634282653883,0.6974836061203818,0.6974022885792254,0.39463353861576816,0.42786419110533164,0.7060932837774171,0.7187148131660952,0.7120900839986476,0.7123473903076187,0.5771587413503715
0.7033816678008689,0.7043811629197473,0.7056325119798897,0.7051342014472947,0.7034821730424154,0.7027350533047092,0.7033107639814471,0.704196645763556,0.3872036455830997,0.4089190482100142,0.7224781447940113,0.7135300741051089,0.7130783033833511,0.7177853601322173,0.3710287624193792
0.7065068313877401,0.7063390865398431,0.7111000549896568,0.7106124803664361,0.706779705094531,0.706512209792491,0.7079223756464254,0.7091171823705645,0.39326748488459873,0.38288146557990105,0.7102549337800347,0.7215690382047186,0.7140665227680546,0.7189582555845819,0.3308063003196748
0.7151860964246453,0.7177213202174396,0.7189085862421118,0.720688854778668,0.7151639664005409,0.7175081962075027,0.7159193900943649,0.7180398780801719,0.4320483942421084,0.4887670665303414,0.7404857875726324,0.740841603603132,0.7395001690375264,0.7358852694993869,0.700538268431222
0.7238234832225304,0.7250826355411454,0.7260258189531018,0.72561709174793,0.7236470496450212,0.7248388538175106,0.723820440368929,0.7234018941603946,0.47544597453000303,0.4584106443966834,0.7398052661885567,0.7354735656864542,0.7395001690375264,0.7341259263208402,0.3976978001293674
0.7290477935402816,0.7274600354828212,0.7282987247636755,0.727104508571608,0.7268509609133227,0.7259291159917255,0.7265394252812285,0.7242487010633015,0.4328377020846462,0.4269795559723181,0.7322148353661729,0.7300793422189638,0.7281096403401556,0.7259423148691158,0.3641173791235875
0.7317751138564623,0.7303449391135192,0.732305114038074,0.7292570125401056,0.7309754765557954,0.7285197045263884,0.7289172042437491,0.7260572190238079,0.43712617070263987,0.41547673915132805,0.736114746374915,0.7335620204771007,0.7337008815957143,0.7296742549448207,0.3924711055093479
0.7362665549913625,0.7311340058938581,0.7350860195344209,0.7313291969222218,0.7349543598678907,0.7303334494604359,0.7310604041157969,0.7272628976641456,0.4644888425772824,0.43285771266518114,0.7327121394545358,0.7354735656864542,0.733960939328531,0.7296742549448207,0.4676196596928874
0.7359891116578547,0.7337888608976032,0.7348922464584045,0.7341770440224975,0.7354900787974932,0.7342818875354701,0.7310070906861441,0.7300481658931379,0.37500566762548326,0.3729459396675295,0.7390985709050933,0.7398727382230488,0.7421787636855383,0.7356187023511225,0.2531223936722261
0.7366172852431555,0.7368412853034223,0.736557647490115,0.7373848862966677,0.7366603385951682,0.7379717476989472,0.7318121234739033,0.7327491406819707,0.36418601458815597,0.3631638047592633,0.7429461341150604,0.743800570845008,0.7453514680259018,0.7381510902596364,0.3435995349427309
0.7378893367533894,0.7374192211747291,0.7385634606823956,0.7382927269245672,0.739323329779211,0.7391226972194214,0.733646105453964,0.733536835377787,0.34589715911572555,0.3330002370933207,0.7385750929173428,0.7401084081803662,0.7414245962603697,0.7351122247694195,0.2726731017614355
0.7391613882636234,0.7391044820918476,0.739773233129959,0.7387321121880174,0.7409668946506125,0.7400547001305213,0.7357359918963587,0.7357324526374563,0.344055648802727,0.34975467604366556,0.7424750039260847,0.7396108827149179,0.7419187059527214,0.7401236871567949,0.3832635539443553
0.7406166570695701,0.7393991492226549,0.7413915001702062,0.7403430417545751,0.7429537357293319,0.7413348483277237,0.7373300634429814,0.7363698393176156,0.3302726075860906,0.36607126856567884,0.7399884834842695,0.7435649008876903,0.7438951447221284,0.7376446126779337,0.3987044536097054
0.7407108831073652,0.7394559998464597,0.7415852732462229,0.7405092290374274,0.7430421553584895,0.7417635194955913,0.7374366903022872,0.7362971717609609,0.3219820674249845,0.31460407666601764,0.739569701094069,0.740841603603132,0.7426208618313265,0.7361518366476516,0.2116696928666953
0.7408103439250379,0.7407851459654476,0.742946921888502,0.7438757573770861,0.7438171274022833,0.7442511224120176,0.7394199498853762,0.7402205772323344,0.2939060026913421,0.2774757882021847,0.7434434382034235,0.7506088140564038,0.7492263282448705,0.7480673881750814,0.2032192112745189
0.7433335078259959,0.7442537347843426,0.7447589620047659,0.7456400411719525,0.745231841468806,0.745666803805673,0.7417124273604522,0.7423385888698227,0.2734339154868646,0.2417547473811391,0.7511909124221327,0.7491686087616853,0.7484981665929836,0.7465746121447994,0.1703126657390479
0.7433335078259959,0.7436608244982567,0.7462777239519234,0.7461615915982035,0.7460536239045068,0.7457870752475237,0.7421122780828492,0.7422667061694751,0.25805437176711354,0.26329177670262616,0.7424750039260847,0.7472046924507056,0.7460276181312252,0.7421229407687797,0.3063658353456003
0.7484688268858294,0.7509955759266501,0.7495456806933936,0.7507426225971492,0.7496320183080644,0.7511204224116547,0.7467718718345152,0.7484919979250714,0.2581292468193701,0.3085541274254135,0.765665078783437,0.7599046845950406,0.7617871167399163,0.7609425814362638,0.3990788288709881
0.7534313982097052,0.755457903188916,0.7539448532299877,0.7547742371601339,0.7542506436428889,0.7559849444429192,0.7513408327557712,0.7519935457013581,0.28125960636521136,0.31480991514890944,0.7643825577134481,0.7628374662861035,0.7657139885054484,0.758996641253932,0.3273214905959014
0.7576715699104852,0.7585200343617186,0.7566786247348715,0.7579420486336965,0.757886250747666,0.7597914175515318,0.7539158714080078,0.7549765576129933,0.28559258404204646,0.2848346433188378,0.7646442967073234,0.7642776715808217,0.7674043637687568,0.7609425814362638,0.2248840996586945
0.7607496204784587,0.761207077995146,0.7604860038230905,0.761363200490058,0.7622916287415806,0.7633692972218734,0.7573919070213788,0.7579693018125471,0.29448295656623,0.2614779383325472,0.7665811652620006,0.7682055042027809,0.7705250565625569,0.7639547902116546,0.2147645283599659
0.7650892529969114,0.7621957741695465,0.7629788682604939,0.760798471872613,0.766036460094141,0.7638301231125911,0.7609212560644026,0.7585694298696645,0.28040935854958693,0.25298457397582647,0.7641731665183479,0.759669014637723,0.7647517748940263,0.7597696859838994,0.235997845262385
0.7630738627440716,0.7599932252861104,0.7606850140092697,0.756677452361382,0.7640028086235144,0.7597597018706553,0.758687423361945,0.7556374258877682,0.27223757854081,0.2880630255929187,0.7555881275192379,0.7484354133389197,0.751618859386784,0.7497734179239752,0.3582199288271031
0.7602052033711982,0.7566752371404339,0.7588782110031685,0.7557194519927871,0.7618183236678543,0.7581036558228194,0.7567894652663008,0.7535939008504157,0.29924064217836477,0.34615428665650433,0.7500392608490812,0.7538034512555973,0.7547915637271475,0.7495068507757106,0.4623368087836755
0.7583049782756635,0.7561645485035059,0.7579564796145487,0.7570359728744324,0.7601227472498895,0.7583779311081905,0.7555472623553875,0.753973122860843,0.29534526758471796,0.2992386000011563,0.7551431712296498,0.759669014637723,0.7589264816789328,0.7547315668816976,0.2054072266904603
0.7566612573941265,0.7568972192871093,0.7554636151771452,0.7566043759215427,0.7573141237354694,0.7577459337356123,0.7535640027722984,0.7539949126726317,0.3904114176135241,0.42952415950210304,0.7583625608543162,0.7557411820157638,0.7564819389904559,0.7540384922962093,0.6900952785039964
0.7552426320473223,0.7569581594528486,0.7551284401267382,0.7570672970762575,0.7566275713208332,0.758936960097357,0.7526630058111639,0.7544181755078302,0.41546357016728336,0.40676897567846243,0.757080039784327,0.7579931393856871,0.7613190128208464,0.755264701178227,0.3612586080311812
0.7552949798460975,0.7565887284729368,0.7544895126868995,0.7531251234307471,0.7558005877304763,0.7551192872099043,0.752865596843845,0.7532075747010136,0.4801799497089232,0.4984465926307425,0.7558498665131131,0.7452407761397262,0.7474839414349986,0.7507863730873807,0.6818018265353025
0.7524577291524891,0.7496768214423044,0.7518447720547803,0.7489433316521651,0.7514836293657192,0.7478151154410572,0.7503438716212615,0.7477711246882732,0.4824499117098342,0.49019326801657176,0.7358530073810395,0.7405797480950012,0.7332067719033627,0.7368982246627926,0.4736866187882304
0.7493901481442705,0.7463863030243885,0.7437429626332192,0.7390155436114157,0.7444464671156997,0.7397903004369831,0.7466279255744522,0.7438980286747326,0.5564476779374419,0.5185941979538807,0.7398052661885567,0.7191599675299172,0.7237406704288353,0.7361518366476516,0.5753960578284987
0.7407946395854055,0.7360525413695891,0.731587629945796,0.7243318686004933,0.7333940134709906,0.7269334238802921,0.7377245828224129,0.7324392786284929,0.48311297189481717,0.4535367147328781,0.7153850180599904,0.6949645185786484,0.7012196707669102,0.7095217785360133,0.3234217482908729
0.7292833586347693,0.723876239256775,0.7158605881274713,0.7093405558316835,0.7174992848412348,0.7119040724775506,0.7259049954683585,0.72034844055498,0.5079138770510044,0.4641121877592913,0.6995236350311468,0.679357930294064,0.6818453696720673,0.6961667644079543,0.4852631338121176
0.7131392974925403,0.707627346438506,0.7021969677132159,0.6985345952439387,0.7038254492497334,0.7009743028108644,0.7143839633203605,0.7112926978191169,0.4611148895281,0.4586770881464542,0.6751295608019682,0.6769226740684491,0.679114763477492,0.6931812123473904,0.4478068889207801
0.7087054389362926,0.7096461358256043,0.6949278588075102,0.7004344646847832,0.6944217616310822,0.6960456464772782,0.7086154502319134,0.7102136849529305,0.5231158005079024,0.5670151166600503,0.7136837145998011,0.7042342035664722,0.6861883338101059,0.7080556592205578,0.7836911736872426
0.7067423964822278,0.7164274418564806,0.6980020424729636,0.7117999384089169,0.6964658154110213,0.7086840774276958,0.7080716532494536,0.7179534072137378,0.516214816524924,0.558307123744569,0.7299900539182328,0.7345308858571842,0.733960939328531,0.7334328517353523,0.5408911379136067
0.7103386902580746,0.722073790217395,0.7076226138416823,0.7222224174133586,0.704111512755832,0.7189387707821182,0.7135949245614972,0.7243483165079022,0.5537829580221338,0.5426255677553534,0.7333664869392241,0.7430673754222421,0.7394481574909629,0.7371381350962309,0.5112624557769222
0.7192221117102026,0.7293627742421922,0.7202178637827646,0.7289263382753978,0.7172392271084181,0.7284538276664118,0.7223383270245776,0.729526803246387,0.5368497569680595,0.4952827546841509,0.7439407422917866,0.7423341799994763,0.7474839414349986,0.7398837767233566,0.4005971285417459
0.7335235303355494,0.7351207341376956,0.7341276283746629,0.7347747245262451,0.7315059943307415,0.7357854183073108,0.7323772458282243,0.7341431376194659,0.5118402415968352,0.4377749404776535,0.7466366539287023,0.74647149702794,0.7504485995891089,0.7433758063656235,0.3227593120646587
0.7407527613463853,0.7400237793097908,0.7439157872685852,0.7409081490295247,0.7453306634072765,0.7422941719358008,0.7407367915978036,0.7393798877691289,0.45298449878432023,0.45498744685999165,0.749829869653981,0.7531749980360838,0.7553116791927809,0.7498533880684546,0.4894124596246679
0.7446212636758623,0.7431267080617331,0.746848568959648,0.7436703641238492,0.749158713234338,0.7458965107784802,0.7431732153329424,0.7414582486497681,0.4280515223554027,0.4420670498296673,0.7493325655656179,0.7491947943124984,0.7531011884638389,0.7456149704110466,0.4162262557690187
0.7470763754384128,0.7439651539584807,0.7465029196889157,0.7428932857720928,0.7506150365381115,0.7461742651889302,0.7498747134403156,0.7511873743108778,0.5124296746470993,0.6057624389649132,0.745642045751976,0.74133912906858,0.7467297740098301,0.7706456256330971,0.933153217235405
0.7474637491493482,0.7446026395878085,0.7439891068108618,0.7385172290511308,0.7480872753751333,0.7423978886659893,0.7498214000106629,0.7473306527322826,0.5165966792914324,0.544319009897746,0.7458776108464639,0.7297651156092069,0.7348451356201077,0.7396172095750921,0.4214321517634114
0.7443699942417421,0.7401243861887629,0.7398622640027234,0.7342905803631697,0.7432450003900866,0.7370110006652847,0.7474276270192463,0.742022748957702,0.5668147528811296,0.5541625666028788,0.7311678793906716,0.7258372829872477,0.7262372246638754,0.7314069414085409,0.5738496800131446
0.7381406061875098,0.7329772339201149,0.7287019822461966,0.7219849166599298,0.7324578056328505,0.7251325689123899,0.7398944394092873,0.7320776493113547,0.6421147210592324,0.6580791445736465,0.7186829293828193,0.69737358925345,0.7013757054066002,0.7121874500186598,0.8659123005151819
0.7285609590116734,0.7224629325088888,0.7154416193144624,0.7089542709912289,0.7188047746599745,0.7117003904747463,0.7300047982086688,0.7201073543435546,0.7100465681227783,0.6906812600780139,0.7014343296864366,0.6828929796538272,0.6848360335994591,0.6961667644079543,0.755885491086749
0.71918546825106,0.714563485655562,0.7074340778758282,0.7064033212859556,0.7087665461732504,0.7066464708419008,0.7150023991043344,0.7119494462661781,0.595502713180713,0.580598820893702,0.6987645919489086,0.7013014218754092,0.69653863157621,0.6956336301114252,0.3604339425250779
0.7123645500706695,0.7136333304185452,0.7061195632250126,0.7119997283090133,0.7041687254570514,0.7083829912409714,0.7108013008476836,0.7141702036080647,0.5912171563703069,0.5204006698329285,0.7117730199445113,0.7231925423551286,0.7118560320391126,0.7186117182918379,0.4000043677113816
0.7110924985604354,0.7173580942255305,0.7036214616774465,0.7124487439558146,0.7019426312641407,0.7106242453937547,0.7081516233939331,0.7154996537853058,0.6189558673962823,0.5844481916029596,0.7248076218395015,0.7133467752494174,0.7151067536993213,0.7181585541397879,0.7125432351430216
0.7103491598178296,0.7165608080402838,0.7052920998193197,0.7102080892914819,0.7028268275557175,0.7090150592173311,0.7077890920722931,0.7137913669936905,0.5278360485939089,0.5264031965697444,0.71496623566979,0.7057267799628166,0.7057966868644839,0.7103747934104601,0.4103132065033142
0.7138512275558813,0.7173554281524207,0.7100526329571343,0.7090372746419545,0.706436428887213,0.7069713862305331,0.7123740470224449,0.7155580910486984,0.515881414556126,0.582972904679108,0.7189446683766948,0.7066956453428999,0.7028840402569371,0.719091539158714,0.696112320897835
0.7134115060461708,0.7104256135683991,0.7098064887794916,0.7060484167570348,0.7056510545341067,0.7021848440905815,0.7121714559897638,0.7085789523484721,0.5210744154026301,0.5174482520386047,0.6965659844003559,0.7000707009871954,0.6926117598106781,0.6946206749480195,0.3863989467575982
0.7130660105742553,0.7102989232405775,0.7042446777867972,0.7024934403019089,0.7036070007541675,0.7020018171068599,0.709425814362638,0.7073471382843843,0.5013808207553645,0.4454776328507541,0.7100455425849342,0.6953834873916573,0.7016357631394169,0.7048835101562085,0.301536394475053
0.7068209181803905,0.7047266687837775,0.7041975437953338,0.7060326619653058,0.700527917197618,0.7012383233767645,0.7072719518046596,0.7073611726395549,0.4128132013036578,0.3868868011953322,0.6935821598701776,0.7131111052920998,0.6997113359165735,0.7073892413498961,0.2697051378844886
0.7080406218918494,0.71017269726488,0.7062085940977769,0.7092824518018812,0.7019374301094843,0.705106966059115,0.7083755397984752,0.7102050262195494,0.4997310737706452,0.5395587237429719,0.7210647542270846,0.7157820314750323,0.7128442514238161,0.7158927333795384,0.8449025688382511
0.7081348479296445,0.7132537310318101,0.7101887978213622,0.715053855854863,0.7052089563883183,0.7098185345897788,0.7086847576904625,0.7136825603525828,0.45240754490943236,0.5128707080259048,0.7194157985656703,0.7265966639608266,0.7192416716511064,0.7206376286186493,0.4594946765917707
0.7151494529655027,0.7193821572144224,0.7188876378014613,0.7245575375324721,0.7122305151743686,0.7157855409734961,0.717540118355814,0.7220875329933144,0.45571223853527754,0.47622127697954464,0.7316390095796471,0.7435649008876903,0.7277195537409306,0.7388974782747775,0.4029224148868242
0.7213317280008374,0.7265737440634843,0.7263138600120455,0.7272098911698408,0.7196993732608639,0.7235170451729617,0.7234845657621156,0.7262602710581151,0.49505408682594243,0.483562729962489,0.7409569177616081,0.7325145984445782,0.738980053571893,0.7346057471877165,0.4982456359283778
0.7302779668114956,0.7304869473501454,0.7322056089449843,0.7323298774321585,0.7271578290380465,0.7280125683828031,0.7297328997174389,0.730383817747581,0.51586893538075,0.44696828019450136,0.7383133539234675,0.7425698499567939,0.7370036148024862,0.7386309111265128,0.373779380658526
0.7324922786996806,0.7310367361227671,0.7356987614234466,0.7326358495772204,0.7313135516084571,0.7298826670138253,0.7333262248760464,0.7315423315559126,0.5077198258739062,0.5660311938976782,0.7321363136680102,0.7332477938673443,0.7336228642758694,0.7338593591725757,0.8041570213040321
0.7323980526618856,0.7270060468740763,0.7357511325250728,0.7307100728744661,0.7305333784100071,0.7250353798955023,0.7337314069414086,0.7285827340190952,0.5618505369165205,0.6207368732000662,0.7189446683766948,0.7268585194689572,0.7153408056588563,0.7226635389454603,0.7301482318048422
0.7294561063707271,0.7236471239573358,0.728183508340098,0.7223823085705829,0.7272722544404859,0.7204948978947763,0.7292850669083542,0.7246104153825655,0.5332274683288928,0.500426939449606,0.7169292781238549,0.7057267799628166,0.7114139338933244,0.716665778109506,0.2598070719486856
0.7243574307700362,0.7209192625576083,0.7267014061640789,0.723289568235216,0.7217070189582089,0.7173812239833534,0.7264914431945408,0.7232861531279268,0.561867175817022,0.5474326840894119,0.7154635397581531,0.7251040875644821,0.7111538761605075,0.7206376286186493,0.6414441733690237
0.7234727529707377,0.7252428300140639,0.727481735578308,0.7310168778327907,0.7216550074116455,0.7238353350121254,0.7270885536066537,0.7293962564809768,0.589466744037554,0.5355475299800033,0.7338899649269749,0.74647149702794,0.7367435570696695,0.741616463187077,0.511777221761186
0.7258336386954929,0.7314754674399714,0.7288014873392863,0.7339601027792723,0.7239539177697448,0.7309293620302059,0.7291944340779444,0.7343937581636609,0.5153963906065087,0.5016334380362708,0.7439407422917866,0.7398465526722355,0.7451174160663668,0.7443887615290292,0.4338052541488058
0.7312202271894466,0.7362761819088023,0.7349446175600305,0.7418314587104075,0.731017085793046,0.7375051232785913,0.7350429173108708,0.7402311571458048,0.48429703765175186,0.5259727810345334,0.7458776108464639,0.757574170572678,0.7506566457753622,0.7519059551100922,0.5746514670310585
0.7388263623514632,0.7425041059171805,0.7425122417450052,0.7424092727695019,0.7379866330325332,0.7404239722159809,0.7415844751292852,0.743278627164396,0.5379240059816847,0.5266291585558054,0.754959953933937,0.7435649008876903,0.7462616700907602,0.7493735672015782,0.5279419135983494
0.7437784641155839,0.7417440868043728,0.7454083636649298,0.741467747567703,0.7442696278573844,0.7411389315722418,0.7452364450605108,0.7418182442011898,0.4556438110569654,0.4277671719523459,0.7402240485787571,0.7395846971641049,0.7425688502847633,0.7388974782747775,0.2300431987454269
0.7467256451866199,0.7440380146303,0.7465448165702167,0.7450297522299266,0.7462200608535096,0.7429245283982596,0.7464466599136323,0.7437680086183547,0.39260754449345986,0.3507100776161168,0.7486258702821545,0.7521537615543743,0.7464957220502951,0.7476675374526844,0.1965958889436586
0.7471130188975553,0.7446512133690213,0.7483201969153421,0.7462609862859054,0.7465425324422023,0.7441929436021164,0.7466919016900357,0.7443836625492519,0.34519749334963945,0.2993917178873124,0.7458776108464639,0.7487234543978634,0.7467297740098301,0.7456149704110466,0.1967549984297037
0.7496257132387582,0.7492478364301737,0.7503312472177853,0.7533837982189014,0.7491847190076196,0.7507511552688942,0.7488404329050489,0.7504719787612205,0.3281384606105228,0.3627132463700334,0.7584410825524784,0.7676294220848936,0.7638675786024497,0.7626486111851576,0.4893563033354755
0.7529707375804846,0.7567269161676388,0.757060933776742,0.761326976706759,0.7550412191506515,0.7590154937812358,0.7533454177107213,0.7576141495841272,0.2811911788868991,0.3395439992400992,0.7716850756425692,0.777213333682474,0.7755441708059191,0.7718984912299409,0.2932055049802308
0.7605873423022561,0.7639203015076306,0.7649270732409856,0.767189782632947,0.7621303929472343,0.765348568943383,0.7607879724902704,0.7637795171135923,0.3156357827874733,0.36045140557616556,0.7783070721876143,0.7789153944853231,0.7780147192676775,0.7761102521725223,0.4022662182482981
0.7667172695388158,0.7690387031600715,0.7712639765377466,0.7727392811013575,0.7694120094661014,0.7712003141771323,0.7670896198752466,0.7689116028682501,0.3122283439510316,0.3001538353045938,0.7792755064649531,0.7838382780381785,0.7829038046446312,0.7791757743775658,0.1795586947614501
0.7733968486625136,0.7724509709283653,0.777888920893451,0.7757755794597004,0.7767404363768756,0.7752575123059886,0.7741483179612946,0.7729105555259288,0.37735487239003235,0.3742317704112983,0.7792755064649531,0.781848176176386,0.7833719085637011,0.780908460841286,0.5223876406247074
0.777909228916924,0.7753016418937536,0.7831888763780147,0.7818934528090375,0.7802460146152446,0.7773034981354239,0.7796929146451992,0.778730901885513,0.3706756017562359,0.4014744969963631,0.7810029838245302,0.7941291995077118,0.7813954697942943,0.7903715946046812,0.4559599501664929
0.7814322357744856,0.7799677979059615,0.7857864830186705,0.7846627575012759,0.7833667074090449,0.7819182103485893,0.782545183131631,0.7812072124777085,0.371448894657041,0.3666736544923275,0.7893001099303772,0.7902013668857526,0.7911476347749201,0.7861598336620996,0.2970719694842564
0.7839868083547087,0.7836718436335509,0.7891225221922544,0.7883070351185983,0.7861961355420903,0.7853327602100278,0.7859092605427309,0.7851150213944796,0.3599491265617167,0.3593715622521106,0.7910799350887295,0.7955955903532432,0.7921618599329051,0.7929306392280215,0.3447673777716768
0.78732136313668,0.7877639892139707,0.7914268506638039,0.7906579968777074,0.7892700179439835,0.7896462456913843,0.7887082155995095,0.787800197483473,0.3974386492540572,0.36191647757579126,0.7959482803748102,0.7953599203959256,0.7982732166540972,0.7931705496614598,0.3670063082231525
0.7907082657174266,0.7905793325988757,0.7936421482625888,0.7914135526419086,0.7917041583231479,0.7916117006140969,0.7911606333635444,0.7895903148761353,0.35250321858731565,0.34051448081419405,0.7962100193686855,0.7929246641703109,0.7955426104595221,0.7931705496614598,0.2977104872909997
0.7935978642098099,0.7922032138280661,0.7932598392207181,0.791681586527392,0.7949288742100747,0.7935808168190409,0.7916724422882124,0.790703756326764,0.38122612057795213,0.4268678072493544,0.7954509762864471,0.7922176542983583,0.7975190492289289,0.7929306392280215,0.5995744601196752
0.794487776788986,0.7927187001607966,0.7947419413967374,0.7936583502735443,0.7962031571008764,0.7948935609556703,0.7930745854880845,0.7915260207716627,0.3877598008323609,0.39449199508500304,0.7937496728262575,0.797611877765849,0.7975190492289289,0.7931705496614598,0.3297403707563003
0.7949798460974715,0.7929925606509168,0.7935164576186862,0.7922616240033585,0.7958650820482148,0.7934195355269792,0.792664072079757,0.7913100379099031,0.4270176226754934,0.4433468257191153,0.7935402816311573,0.789468171462987,0.7904714846695967,0.790878072186384,0.5410564869873398
0.7925352038946761,0.7899033968875556,0.7905732017072981,0.7883889629485674,0.7921514576235925,0.7888480551949814,0.7896625259902971,0.7869276316779888,0.3917581286228605,0.3591341631327394,0.7837250693608332,0.7806436408389852,0.7797050945309859,0.7781628192141601,0.1907088379599876
0.790723970057059,0.7889868813185704,0.788562151404855,0.7865491128517433,0.790351858112501,0.7880802410980091,0.7875086634323186,0.785418833409182,0.4509599605658057,0.43732932442373484,0.7871538501805998,0.7828694126580953,0.7865446129040646,0.782401236871568,0.5937196470057258
0.7878814845835731,0.7864041038520528,0.7829008353190711,0.7790030998576419,0.7844485475775622,0.7813876595834177,0.7842458815375595,0.7824847988575296,0.4167720117054664,0.43443112155514946,0.7812385489190178,0.763911073869439,0.768002496554235,0.7766167297542252,0.4286347158179787
0.7825786525676595,0.7800145734835983,0.7767524679881642,0.7749587469421996,0.7784984266507164,0.7768479212538452,0.7783867356187025,0.7762814725940782,0.40116160324125777,0.37351685718185196,0.7672355127466891,0.766870041111315,0.7677684445947001,0.7638748200671752,0.2516883284352569
0.7743234047008322,0.770764396421406,0.7667391133572495,0.7631062973976043,0.7695212337138845,0.7664271208310424,0.7696966465852749,0.7666635240691342,0.39428828143036304,0.41790786409885666,0.7522640422970214,0.7394013983084136,0.7455855199854368,0.7474276270192461,0.5066898779328661
0.7663665392870229,0.7618231783781996,0.7586268297153632,0.755431605808254,0.7621459964112033,0.7585610498932215,0.7615930052780296,0.7569905536054007,0.4112514325053399,0.3704467738441952,0.7439407422917866,0.7400822226295531,0.74282890801758,0.7376446126779337,0.2755245933348724
0.7592367690938595,0.7583837853237273,0.753714420382833,0.7563901925373173,0.7562790939588588,0.7581107334762618,0.7556965399584157,0.7556333391614332,0.35938693971102387,0.35843024357417846,0.751504999214783,0.7583073659954438,0.7572101006423425,0.7529189102734981,0.334397183034145
0.7533947547505627,0.7562653492833293,0.7506768964885178,0.7538346131574993,0.7518425090370062,0.7540136796324984,0.7498054059817669,0.752809246064616,0.3283437430454595,0.330093073212838,0.7520284772025335,0.7487234543978634,0.745819571944972,0.7471610598709817,0.273418732490157
0.7509396429880123,0.7558302175001986,0.7506768964885178,0.7581797558087713,0.7504694042077342,0.7563100932377789,0.74940555525937,0.755831352861474,0.320804449241994,0.29139266861453517,0.754959953933937,0.766870041111315,0.7609029204483396,0.7618755664551902,0.2139918594179296
0.752808459404282,0.7577561864595891,0.7556835738039751,0.7602647655010809,0.7538761605076327,0.7584131626534959,0.7520925521138777,0.7575084390049108,0.26552440614724176,0.2710249998960583,0.7616081243783698,0.7644347848857,0.7626193014849297,0.7608626112917845,0.2302896624591047
0.7568287703502068,0.7598515566468628,0.7656131346722879,0.7700865193244265,0.7584739812238318,0.760881445635189,0.7621954470331078,0.767725321761302,0.2559453911285542,0.2565598393445171,0.7640422970214104,0.7897300269711174,0.765818011598575,0.7881590872740845,0.2276295182414346
0.7627283672721562,0.7669020323727519,0.7695409672942471,0.7727065225846976,0.7631134111772815,0.7673900472266563,0.7671429333048996,0.7710356617183538,0.27075775632746185,0.3071928959059058,0.7810029838245302,0.7779465291052396,0.780407250409591,0.7776563416324573,0.4084590090286833
0.7704863110506203,0.774874086946786,0.7796119301369505,0.7814971045935919,0.772381868774868,0.7756473181287392,0.7771925147944769,0.7798267635851918,0.3093402467964917,0.3602389922157059,0.790818196094854,0.7990782686113804,0.7921618599329051,0.7974089673188678,0.466331184835306
0.780071193006334,0.7842108458686926,0.7863835135772081,0.7879073891665956,0.7813174524744493,0.7856251584012415,0.7847950098629847,0.7865138563227042,0.38960983858186643,0.4452726009254051,0.8028843637125057,0.8007279583126032,0.8055808389462461,0.799888041797729,0.6153398183448037
0.7879652410616134,0.7898333521307171,0.792668045772343,0.7905574080648551,0.7889683509739164,0.790708036928249,0.7923068721010823,0.7904832117092274,0.4021605612301139,0.3945294925170506,0.8010783646547662,0.7958574458613739,0.8008737939822642,0.7984219224822735,0.2930432757003416
0.7949641417578389,0.7929011682546577,0.7898661918353455,0.78561185780528,0.7919850206745898,0.7874391446528136,0.793772991416538,0.7921520357566058,0.5498986067000692,0.5851262435417709,0.7990368005025387,0.7757207572861298,0.7809013601019427,0.7954896838513623,0.9663197455912113
0.7932471339580169,0.7860734271115786,0.7880908114902199,0.7800977809967241,0.7892388110160458,0.780518163807499,0.7921149437543319,0.7845567249448795,0.5396168061214515,0.5091008310730455,0.7724179448254201,0.769069627379612,0.7666762021168702,0.7693661033214267,0.3570500061355945
0.7889703187980943,0.7805269915061328,0.7830212888528112,0.7779754058059284,0.7855667958286741,0.7782793705370151,0.7864050754385031,0.779324358543161,0.47703270167907297,0.3905374415898349,0.7694341202952414,0.773730655424337,0.7738017839960473,0.768859625739724,0.1534106626234138
0.7844003559650317,0.7803628441864857,0.7797533321113411,0.7801129954057032,0.7812186305359792,0.7801329178522671,0.7830143413125767,0.7805276960848064,0.4311557172302054,0.3890099264267118,0.7800345495471915,0.784388174605253,0.7838400124827712,0.7829343711680974,0.3859548961004656
0.7797466366539286,0.7795118188240743,0.7752808400324703,0.7779069920928086,0.77537253270226,0.777303046839401,0.7781148371274724,0.7783265979087884,0.4826649694988155,0.4428697966322719,0.7778097680992514,0.7734949854670194,0.7716433048136687,0.7739244015567521,0.5505895370433921
0.7749568130660105,0.7780371067370323,0.7750294587446649,0.77675927834424,0.7733700881595715,0.7751650770224341,0.7736525030655222,0.7766104031197294,0.3715114985201777,0.43209732798752215,0.7750876825629481,0.7744638508471027,0.7708891373885004,0.7731780135416113,0.4105523906980226
0.7763335601737946,0.7784586312794683,0.7781403021812565,0.7793808004170169,0.7770525056562558,0.7784728145483865,0.7761209148584529,0.7783096561751796,0.34799241266137126,0.3678830776055355,0.7793016803643406,0.7846238445625704,0.7850882896002914,0.78170816228608,0.2394545768415623
0.7794901324399308,0.7807114147282864,0.7829846290816729,0.7855712969201507,0.7804852677294359,0.7826370744862404,0.7820600309217893,0.7850581728022549,0.37618869345113665,0.3433860739277706,0.7852169816259226,0.7979522899264186,0.7909655943619484,0.7985552060564056,0.2943920665722409
0.7831963565932052,0.7866628332567119,0.7850951844772056,0.7886945151410728,0.7838712194107094,0.7886813066205395,0.7855307351921951,0.7901347460415452,0.3945102027658012,0.38811153017644306,0.7985656703135632,0.7949409515829167,0.8007697708891376,0.800287892520126,0.477562442673788
0.7892687012511124,0.7938323859674036,0.7911649951556731,0.793744356380501,0.7902374327100616,0.7936123281838366,0.7915018393133232,0.7946831380818278,0.39889164124034676,0.4495732632563354,0.8081714913887871,0.8038440388593575,0.803474371310431,0.8037799221623929,0.5724967294161202
0.7954928545254671,0.7979577402898431,0.7978370735028413,0.798437651781315,0.7971965776402363,0.797636506135682,0.79772351655382,0.7978842253025838,0.4069895861281486,0.4500628805499008,0.8062084489347222,0.8078242425829429,0.805684862039373,0.8042863997440957,0.4510421151370317
0.801706538240067,0.802095193172342,0.8039540181727723,0.8040279571582852,0.8029334512261723,0.803015223267112,0.8034973609852323,0.8021152783494362,0.46291979425999524,0.473077126200199,0.8103700989373396,0.8152085679122261,0.8137726575299719,0.8105773844431412,0.5191056175007955
0.8077736481180965,0.806580972453585,0.805823666500825,0.8051188152944174,0.8073908407666505,0.8064276628661875,0.8061523697819482,0.8053536022462859,0.4821587309510587,0.445580334142652,0.8155525310160706,0.8073005315666817,0.8132525420643383,0.8118302500399852,0.3905867500275581
0.8099879600062817,0.8075997248872196,0.8096310455890441,0.8080718258709491,0.8098405846097835,0.8086246052790594,0.8082102681665513,0.807094862978571,0.43544189799938016,0.37837964873356644,0.8096372297544888,0.8139778470240122,0.8130184901048033,0.8105773844431412,0.2439782779153953
0.8117102025859811,0.8106607180205746,0.8134384246772633,0.8130081953474505,0.8136114217356255,0.8131925891659199,0.8116383216932345,0.8117033052509838,0.38017558199754153,0.35097481562468663,0.8167827042872847,0.8228809343004531,0.8223285569396407,0.8209201897958096,0.2961651494069272
0.8148667748521173,0.8144375821021842,0.8167482783000342,0.8167966337972329,0.81739266117078,0.8169920791823285,0.8156634856320307,0.8159396099800147,0.32836953334123675,0.297987167701627,0.8219913102654034,0.8243735106967975,0.8245910592151459,0.8244122194380765,0.1920118718555077
0.815369313720358,0.8139193191609704,0.8147738877687294,0.8129766276167226,0.8157282916807531,0.8131449894814983,0.8154129125126621,0.813734579602109,0.31369735087905387,0.3472396801977116,0.8128827932785426,0.805336615255702,0.8054508100798378,0.8093245188462976,0.445744705189881
0.8140344448515939,0.8122389416647304,0.8160098457671058,0.8131445255973365,0.8159311367123502,0.8135189153951067,0.8153649304259745,0.8130198329369218,0.3069920819632238,0.350513255281277,0.8088781866722504,0.8134803215585642,0.8142667672223235,0.8115903396065471,0.3570604054484079
0.8169031042244674,0.8161528033161055,0.8167063814187333,0.8145831921589407,0.8177463396874106,0.816377445256773,0.8172788825505147,0.815395603646562,0.3161592841945004,0.3302802665447774,0.8239805266188557,0.8174605252821494,0.8220945049801057,0.8201471450658422,0.2898142890717781
0.8180442862377637,0.818264740328659,0.8169053916049126,0.8176807898497437,0.8171586092112448,0.8173815983574527,0.8171722556912087,0.8170594209308014,0.3095523927778852,0.307897075137802,0.8224886143537663,0.8238759852313495,0.8193899045588121,0.8203870554992805,0.2631306923238512
0.8176464429670732,0.8188438581897564,0.8181361124931265,0.8219628982791182,0.8167061087561439,0.8190305845515153,0.8182278615983367,0.8212696969451064,0.3514075469892949,0.33902726439605346,0.8200020939119509,0.830527115137867,0.8223285569396407,0.8296902489737166,0.4012876429125563
0.8216876930325079,0.8235922533284096,0.8240121500955775,0.8262141999420644,0.821990481886979,0.8233112816123479,0.8228021538625582,0.8249117913525389,0.30252640905488964,0.2931311814366538,0.8330890436057162,0.8347168032679568,0.831872675734013,0.8321959801674041,0.2013390155178545
0.828204993980003,0.8295497326888485,0.828217549556155,0.8289785729151937,0.8267963487894313,0.8283062216530936,0.8284373833768728,0.8298633566277327,0.3000757069972816,0.31035641934455843,0.8414646914097262,0.8345073188614525,0.838296101734585,0.8397664871781203,0.3448068951603678
0.8305606449248808,0.831619415573647,0.8324124747964075,0.8321307657712663,0.8289028164252464,0.8297464288217896,0.8314549234952284,0.8316538529710288,0.2841743257605537,0.27700674052575186,0.8357587813432444,0.8384351514834116,0.8326268431591813,0.8352348456576213,0.2103073828881387
0.8323875831021305,0.8316207121291029,0.833349917515515,0.8309415767898066,0.8309208644319039,0.829657667411893,0.8331609532441224,0.8307416367286024,0.3171888161630279,0.32740554179590864,0.8316233052400147,0.8285631988268873,0.8294801445920995,0.8289172042437492,0.4282031443362222
0.8333769564989792,0.8293967950514668,0.8296996517321743,0.8247196466002588,0.8293085064884405,0.8245273673487031,0.831300314549235,0.8272901096521617,0.318711275558911,0.35457034116126307,0.8249489608961943,0.8122757862211631,0.8142667672223235,0.8203870554992805,0.4088999398919719
0.831204522849814,0.8270068218209415,0.8283222917594074,0.8257564322015464,0.827602527761163,0.8241325055983441,0.8295463027136538,0.8260020467646069,0.32057608033261153,0.30660124056962784,0.822226875359891,0.8278300034041217,0.8233427820976257,0.8234259209894974,0.2106630393863573
0.8287389415275086,0.8277168094800275,0.8272329728455838,0.8268578628984761,0.8266715210776793,0.8273020265046181,0.8272324998667167,0.8267338554908829,0.3342990135211864,0.3422080140808326,0.8291367847981991,0.8290607242923356,0.8336410683171663,0.8281974729434345,0.4134215611032422
0.8270690467465842,0.827614308799559,0.8216554505224017,0.8214210885548178,0.8229995058903077,0.8229569400771867,0.8248174015034389,0.8255423549409994,0.37441457068516903,0.36510039895657237,0.8274093074386223,0.8105475398675013,0.8142667672223235,0.8231593538412327,0.4108851687080517
0.8246505784431765,0.8249198604406978,0.8173557830788972,0.8166356795729999,0.8183340701635764,0.8173556153709387,0.8220930852481741,0.8221267776164748,0.36586425568998393,0.37188412242448043,0.8195309637229754,0.8070648616093641,0.8061529659584429,0.8152956229674255,0.3854515693602966
0.8204993980003141,0.8180109265210928,0.8166540103171072,0.8140127605194042,0.8163732348581385,0.8130579404790038,0.8190275630431307,0.8164376665690042,0.3364859890058464,0.33525895044008175,0.8041930586818825,0.8087669224122129,0.8044625906951343,0.8050594444740631,0.2620086064712843
0.8198659896351359,0.8183605621920619,0.8174919479431251,0.8200150708576732,0.8166228902816425,0.8169023133910511,0.8202804286399745,0.8208551940372416,0.3493929921110812,0.3152386519308983,0.8190598335339999,0.8320196915342115,0.8245910592151459,0.8296902489737166,0.2751980549125313
0.8204104067423966,0.822859998239542,0.8162036188431225,0.8208830735025563,0.8153954177827478,0.8204361108682651,0.8223969717971957,0.826830192268008,0.30312707336299216,0.270856423741531,0.8318588703345026,0.8226190787923224,0.8275037058226927,0.838780188729541,0.1820919673627966
0.8184421295084542,0.8210959725826649,0.8183194113488177,0.8209642164670301,0.8161391828986035,0.8196192715127107,0.8216985658687423,0.8244425695783274,0.29154452673767306,0.29822842768817287,0.8175679212689105,0.821126502395978,0.8179855928016021,0.8196673241989658,0.3529724355814567
0.8206040935978642,0.8241775764451185,0.8219277802508577,0.822345046351208,0.8207578082334279,0.8228282118859953,0.8242789358639442,0.825694204033363,0.25730936499716095,0.2702442053446938,0.8303407841700258,0.8251067061195634,0.8292460926325645,0.8281974729434345,0.2142757606577357
0.8270690467465844,0.8282909924385732,0.8282961062085942,0.8284328816344372,0.8277117520089462,0.8282962444482386,0.8307085354800876,0.8295319502071686,0.2905482725701485,0.3228971850085366,0.8365178244254828,0.8406085522008957,0.8392323095727253,0.8372074425547797,0.4282031443362222
0.8315500183217296,0.8326822254289575,0.8306161460106314,0.8334952179377574,0.8312329337112839,0.8329298188744375,0.8327237831209683,0.8329434625308192,0.28166268372985903,0.29218816024271915,0.8414646914097262,0.8436198905443977,0.8421969677268354,0.8397664871781203,0.2307701107110842
0.8333193739203265,0.8353566997284676,0.8346749063866559,0.83663443884932,0.8344784542168362,0.836530315366443,0.8330703204137123,0.8354666000849665,0.34849261960769623,0.366872655745807,0.8407056483274876,0.8429128806724451,0.843731308350454,0.8405128751932613,0.5162416467519826
0.8384023451813851,0.837898725677046,0.8386236874492656,0.8380464284692222,0.8397680285023277,0.8391646983206482,0.8370901530095433,0.8368998957826844,0.3316769307884135,0.3342131009922189,0.842982777574203,0.8408704077090263,0.8444334642290588,0.8397664871781203,0.2688939914850426
0.8406271266293253,0.8390873809212728,0.8416769226740686,0.8388219130606741,0.8425090370062154,0.8404268439311001,0.8396545289758492,0.8382730481134443,0.3817498299712354,0.37768881951876115,0.8414646914097262,0.8403728822435781,0.8429511351520039,0.8410193527749641,0.4646402565718456
0.8417630738627441,0.8401241074783742,0.8428238497996807,0.8413290046501013,0.8438821418354875,0.8423171738604286,0.8409180572586236,0.8400237267318468,0.3341825412176763,0.3152481132019829,0.842197560592577,0.846343187828956,0.8460978337190855,0.8435250839686519,0.1903667005684264
0.8421609171334346,0.8412340409066422,0.8421220770378905,0.8409230120118835,0.8446103034873742,0.8434907079023755,0.8410193527749643,0.8401068060745057,0.3462232815655541,0.30715667961814636,0.8434539077631785,0.8401110267354475,0.8458377759862691,0.8402729647598233,0.2909738124504732
0.8409883264408731,0.8391035922259884,0.8376129251878816,0.8340710484820555,0.8403297532052116,0.8364366575814639,0.8390520872207711,0.836963386523769,0.3124005565712217,0.3204804603388711,0.8348426948646809,0.8203671214223993,0.8223285569396407,0.8306765474222957,0.3471280217803207
0.837088415432131,0.8338968023274899,0.8362355652151144,0.8340419016031007,0.8365849218526513,0.8328608742097284,0.8372340992696061,0.8348677734899446,0.3097782658521924,0.2989144861892128,0.8234832225304926,0.833983607845191,0.8257093074662575,0.8306765474222957,0.2557825378898962
0.8342773386379102,0.8317343040312006,0.8338736285317762,0.8322156673443629,0.8330533378410007,0.8303383211710692,0.8339126726022286,0.8313825888059885,0.28699628328560045,0.3161864387057704,0.8274093074386223,0.8285631988268873,0.8252932150937508,0.8244122194380765,0.3507303437388857
0.8313196880071192,0.8302926385003412,0.8280970960224149,0.8272972866569583,0.827758562400853,0.8267668662868285,0.8298928400063976,0.8287303662004915,0.32046563963053315,0.3300287865682103,0.8274093074386223,0.8174605252821494,0.8196239565183471,0.8234259209894974,0.35771348229309
0.8275715856148249,0.8284328909341295,0.8235669957317553,0.8240183661986887,0.8219280680311029,0.8234063455703918,0.8258196939809139,0.8257893223444622,0.33569959297089647,0.3424003840962367,0.8247133958017064,0.8174605252821494,0.8166853041375185,0.8199072346324041,0.3671435791522895
0.8239595874993457,0.8245494953851812,0.823462253528503,0.8226267142678386,0.8212935271630302,0.8219895145800202,0.8241083328890548,0.8245661288839751,0.3773376095307621,0.41337295759070763,0.8167827042872847,0.8198434104061381,0.8191558525992771,0.8221197419630006,0.5553181045796494
0.8241061613359157,0.824438360827902,0.821828275157768,0.8236890481757312,0.8214495618027202,0.823489503274916,0.8234099269606017,0.8254389251826598,0.4778124421538224,0.5283008720622043,0.8242160917133435,0.825813715991516,0.8264894806647075,0.827184517780029,0.7581567010051975
0.8224781447940114,0.8227153154616347,0.8182251433658909,0.8193085454063213,0.819093438743401,0.820163868782329,0.8223116703097512,0.8232662621830481,0.4603447164211388,0.4399978197332921,0.8192692247291001,0.8105475398675013,0.813512599797155,0.8189209361838248,0.2633917150754677
0.8171439040988326,0.8153895782953327,0.8149048155227947,0.8131586589597702,0.8154162224013731,0.8138552041242885,0.8180359332515863,0.816193253354923,0.43483956980122745,0.37006112955337245,0.8007381039627285,0.8008588860666683,0.8012378748082075,0.8020472356986725,0.2301877491935332
0.8124954195676072,0.8107500432454149,0.8102594988085574,0.8068504198768348,0.811936649936286,0.8089992833535531,0.8133017006984062,0.8095408595254497,0.40074167898985225,0.3122587947340529,0.8014709731455792,0.7942339417109638,0.7992874418120822,0.7962360718665034,0.1966541250954137
0.8077213003193215,0.8048040648455621,0.8043991725365943,0.8014142062666639,0.8064442306191975,0.8032307742403137,0.8068241189955752,0.8029378508332484,0.3579584901029739,0.3219732498711211,0.7929121080458564,0.7905417790463223,0.7916937560138352,0.7897318334488459,0.3414021601452575
0.8038685023294769,0.8048534104850816,0.8023305140223626,0.8060996119845615,0.8029750604634229,0.8052017261221541,0.8040678146825186,0.8064262326270812,0.35518353747184384,0.46274281253059635,0.8049521017641207,0.8154704234203567,0.8091436298858347,0.8134029962147467,0.7442819378495469
0.8040150761660472,0.8099029716273715,0.8038649873000079,0.8101397100749503,0.8041973318076614,0.8100091362542184,0.8035560057578506,0.8097381189382156,0.3426041127202314,0.3753267387928661,0.8200020939119509,0.8182199062557283,0.8196239565183471,0.8163618915604842,0.2004945913174057
0.8053970580537086,0.8091513188852598,0.805310429704889,0.8094551727469913,0.8058252932150938,0.8097986514512688,0.8043130564589221,0.808436242360154,0.3412804881853407,0.3247410347016039,0.8076480134010363,0.8080860980910733,0.8093776818453696,0.8058324892040307,0.2235696265190796
0.8042139978013922,0.8046194365515057,0.8063526146272487,0.8061184039389153,0.804941096923517,0.8048212544189122,0.8039718505091434,0.8038008422793058,0.3444352237204165,0.2873032907246669,0.7955556718839972,0.7994448663227633,0.7948664603541987,0.7945300421176096,0.2124278027707929
0.8050463278019159,0.8021042103838285,0.8089659325983923,0.8052817255932903,0.8065118456297299,0.8030633361275744,0.805981766807059,0.8024610331656783,0.31495608370198896,0.2562043471674845,0.797073758048474,0.8036083689020399,0.7995474995448989,0.799781414938423,0.1940064600531197
0.8045542584934303,0.80223339199645,0.8065935216947289,0.8047239400295402,0.8045926195615426,0.8018913906000159,0.8040145012528658,0.8028295782583793,0.24161368216788234,0.2966595415046609,0.8024917552216929,0.8036083689020399,0.7995474995448989,0.8035666684437812,0.3775699301790137
0.804747945348898,0.8084791040607299,0.8054046976878159,0.8072412220934145,0.8042649468181937,0.8072561246672113,0.8039611878232129,0.8072514936429928,0.28580992967984675,0.33826497062884986,0.8209705281892895,0.8122757862211631,0.8179855928016021,0.8160953244122195,0.4214758288772277
0.8088520127728629,0.8150421862141067,0.8097357877922964,0.8147413309334347,0.8091176241125531,0.816051105883863,0.8091805725862347,0.8154774667683751,0.29509859588478393,0.31551429960048843,0.8281683505208605,0.8297415486134752,0.8336410683171663,0.8319294130191397,0.2700129575437655
0.8166570695702244,0.8215551094330064,0.816303123936212,0.8205880696364037,0.8174082646347488,0.8228072915776347,0.8163618915604843,0.8204638568418693,0.3638137191894359,0.3956773394983433,0.8345809558708056,0.8322815470423421,0.8363196629651782,0.8304366369888576,0.556003419294053
0.82336282259331,0.8245709140099713,0.8199114928382519,0.8209421175616822,0.8227966608587106,0.8240346879399922,0.8217465479554301,0.8225441368656304,0.3800961312476471,0.355591066446954,0.830602523163901,0.8216502134122392,0.8264894806647075,0.8267046969131526,0.2754185203441756
0.8282939852379206,0.8254297988215632,0.8226347901228103,0.8197030301493987,0.8275089069773489,0.8237260353393584,0.8259689715839421,0.823255686772534,0.4285906227316499,0.44374150683097846,0.8271475684447468,0.8172248553248318,0.8231087301380907,0.8246787865863412,0.6200423875990274
0.8280688897031879,0.8235682160529173,0.8238864594516746,0.8193133977214275,0.8278937924219176,0.8224540302343875,0.8264541237937838,0.8216774863354986,0.37673590529137824,0.349895085112609,0.8198450505156257,0.8185341328654849,0.8199100200244455,0.8185210854614278,0.16220224167587
0.8220331885044233,0.8150420922109575,0.8136845688549059,0.8057862970241622,0.8180480066574779,0.8097733999879142,0.8194647331662848,0.8134458108508805,0.47830328971861535,0.49254668330172285,0.7979898445270376,0.7787320956296315,0.7844121394949678,0.7969824598816444,0.7778498796799507
0.8143118881851017,0.8086862128987042,0.8054623058996047,0.8009142754380534,0.8093412737627753,0.8041109328224979,0.8116116649784082,0.8060209725837453,0.42648663376324086,0.42733783537354214,0.7959744542741977,0.7911702322658358,0.7927859984916651,0.7911712960494748,0.2969201395171806
0.8026749725174056,0.7965967902076095,0.7960826415983661,0.7921934809273843,0.7990481886978908,0.7944153069950938,0.8018179879511649,0.7965927523148091,0.46747843702488134,0.4450177357998208,0.7724179448254201,0.7747518919060463,0.7750240553402855,0.7777363117769367,0.480377536652378
0.790776317855834,0.786949291850703,0.7876351829060726,0.7864581745727109,0.7849842665071647,0.7805399110582155,0.7910113557605161,0.7879437100875718,0.4549227227064835,0.4824330958688933,0.7676542951368895,0.7749875618633639,0.752789119184459,0.7706456256330971,0.5572638160070382
0.7788462545149977,0.7780311058376164,0.7725156458666108,0.7719509322711996,0.7705666657998076,0.7696339462013637,0.7784560430772511,0.7772106474067488,0.5190617324007228,0.48258782729495125,0.7601947338114431,0.7429364476681768,0.7478220164876602,0.7557445220451031,0.482897290147067
0.7708475108621682,0.7713527793127078,0.767692267406845,0.7661723559577339,0.7657243908147608,0.7664895523241539,0.7722343658367542,0.7734317894975525,0.5105407434676715,0.5668068632015322,0.7579961262628906,0.7546152033308022,0.7602007645697345,0.7658740736791598,0.7352449350146941
0.770648589226823,0.7792284682409624,0.7686873183377413,0.7761633996119285,0.7670558864067824,0.7774741937000268,0.7724902702990883,0.7797714657854167,0.5437490770609877,0.5321918446289419,0.7949798460974714,0.7961454869203175,0.7994434764517723,0.7924508183611452,0.4629618074837614
0.7758153169659214,0.7855695066676125,0.7748042630076725,0.7858878048265195,0.7726315241983721,0.7859502105660959,0.7773098043397132,0.7871256378502981,0.5791753760911479,0.5739642403536873,0.7982515835209129,0.805336615255702,0.8029022442982344,0.8018339819800611,0.6575090318031783
0.7843637125058891,0.7938450953906507,0.7824661551755743,0.7950242107853039,0.7849686630431956,0.7954584115135895,0.7850509143253186,0.7945341504205734,0.550172940572087,0.5200600397063694,0.8103962728367272,0.8132970227028726,0.8144748134085767,0.809351175561124,0.4122516384117337
0.7953410459090194,0.8009238638694655,0.7960355076069027,0.8002772104651422,0.7982108027982212,0.8016498460966558,0.7959215226315509,0.7997219548058038,0.5005349406511217,0.4249424566516599,0.8150814008270951,0.8107832098248189,0.8140327152627883,0.8100975635762648,0.2347072905422409
0.8064283096895775,0.8050933909682039,0.807174840922779,0.8036220969468227,0.808774347905235,0.8054393940993716,0.804766220610972,0.8031804910626241,0.3968354891108795,0.3555441968722676,0.8134324451656808,0.8103118699101837,0.8130184901048033,0.8100975635762648,0.2167476773134831
0.8094173689996336,0.8067039748613865,0.809117808793108,0.8043681733885363,0.8107559878292981,0.8067434880902771,0.8076504771551957,0.8044110277358371,0.44995580292054294,0.47988392342553804,0.8099251426477517,0.8058603262719632,0.8093516760720881,0.8068721010822628,0.7285633765320787
0.8093650212008585,0.8037992647499368,0.8077299746000159,0.8023779303557711,0.8103086885288535,0.804717574658855,0.8063283040998028,0.8013483907249239,0.41634751175642304,0.48307847427788503,0.7979898445270376,0.7983974442902408,0.8006657477960107,0.7952231167030976,0.489467575982579
0.807621839501649,0.8030929646135178,0.8034093587158608,0.7988166013312131,0.8065118456297299,0.8016419160768895,0.8039611878232128,0.8000707918760072,0.4016272844690422,0.4349358168435331,0.8016803643406795,0.7916939432820971,0.7954905989129587,0.7975155941781735,0.3386505019748294
0.8029628854106685,0.799324186533076,0.7959045798528374,0.7902975060573759,0.7989961771513276,0.7932460683415189,0.799216292584102,0.7955048903775751,0.4768941828323984,0.493637805348696,0.7917866303721927,0.7732593155097018,0.7764543728707775,0.7863730873807113,0.6110417823590216
0.7941632204365805,0.7893608311204644,0.7860116787556628,0.7804807921796876,0.78927521909864,0.7836352788414676,0.7899610811963534,0.784943762464224,0.5239899667429975,0.479834069187957,0.7694341202952414,0.7608473644243108,0.7644136998413648,0.763821506637522,0.452226596866479
0.7851175208082499,0.7811394355823423,0.7803346513393911,0.7794789245166601,0.7808285439367539,0.7781296193151978,0.7831796129445008,0.7809507615838158,0.49470238206659295,0.5139311971753232,0.7646966445060984,0.7774751891906049,0.7671183002626584,0.7729647598229994,0.5821254531500558
0.7813903575354656,0.7805442997759334,0.7780984052999556,0.7820580210421278,0.7774737991834189,0.7800504208865767,0.781201684704377,0.7824116662233703,0.47165812883084673,0.46736956805149815,0.7793540281631158,0.7872162140930636,0.7838920240293347,0.7853334755024792,0.3742463098038481
0.7781604983510443,0.7822065559901467,0.7775432716227187,0.7843447723267228,0.775310118846384,0.7815910130003126,0.7785626699365571,0.7830479509286047,0.4448896736903626,0.3798491207918014,0.7855310684185729,0.7889182748959125,0.7846721972277847,0.7843205203390735,0.2048082262724079
0.7785531068418572,0.7860542616021836,0.7809735787792298,0.7863667986485675,0.7788677086313162,0.7858081159320213,0.7795756250999628,0.7858445883516497,0.4331923186515835,0.43741774958290974,0.7937496728262575,0.7904108512922572,0.7942423217954385,0.7914378631977397,0.5525550071651265
0.7829241480395749,0.7877992831627324,0.7855979470528165,0.7855676010297931,0.7828153850154734,0.7852561045420646,0.7843898277976222,0.7865272322763731,0.3831412580256696,0.35893559763424304,0.7912893262838298,0.783969205792244,0.7841520817621511,0.7878925201258198,0.2019712937369098
0.7870910328220697,0.7870432115813459,0.7869491214747704,0.7851220877866535,0.7866642394611605,0.7856249271917407,0.7865596843844966,0.785622835770039,0.307239585608183,0.3068294287770362,0.7855310684185729,0.7842310613003745,0.7863625724910931,0.7838140427573708,0.2026170910626225
0.7900643877924932,0.7894357420593083,0.7870957605593235,0.7860645283630454,0.7884430343536265,0.7880119509583822,0.7876206216345899,0.7872946110976745,0.2629688790164745,0.25551721146645945,0.7942208030152332,0.7879494095158293,0.7927859984916651,0.7906381617529457,0.152892776845306
0.7904727006229388,0.788814705563139,0.7849642567231403,0.7834632708136958,0.787158349153512,0.7847575577146589,0.7874660126885964,0.7860455659348183,0.3102822165511302,0.3174697789595351,0.7875726325708005,0.7782607557149965,0.7782487712272125,0.7835474756091061,0.4413749139456864
0.7869915720043972,0.7846578136199426,0.7822357223284193,0.7812315736486811,0.7835019374301095,0.7818251262025812,0.7834675054646267,0.7811788196491759,0.30980010440910055,0.39502800145801614,0.7763440297335497,0.776768179318652,0.7759602631784256,0.7714453270778912,0.5501444464549782
0.7852431555253101,0.7839542903760933,0.7846186074524079,0.7861155929031831,0.784334122175123,0.7839877526307936,0.7843791651116917,0.7849361525531657,0.29961210563205976,0.31369576758924606,0.7825472438883946,0.7958836314121869,0.7883130054872184,0.7924508183611452,0.1510312998517058
0.7843061299272367,0.7829181737267973,0.7830212888528111,0.7828252180362524,0.7824044937976231,0.7815633119550603,0.7828064189369304,0.7819408723299649,0.312468984049534,0.29809767277616184,0.780845940428205,0.7762444683023908,0.7767144306035939,0.7759503118835636,0.2669014831499934
0.7780976809925143,0.7763383019317387,0.7799366309670325,0.7793921853864804,0.7753361246196656,0.7735235921706661,0.7782534520445702,0.7772516906503583,0.333870561833274,0.2853653371054433,0.7631785583416216,0.7725261200869362,0.7574441526018777,0.7678733272911449,0.2599006657640063
0.7753075433178035,0.7754328493535746,0.7783864463588992,0.776431401149097,0.7741450602033652,0.7731135444956809,0.7756250999626808,0.7749696988334586,0.286513547184802,0.258440171638071,0.7736219441972464,0.7705098326743303,0.7722934491457104,0.7704057151996588,0.2045898407033263
0.7739674396691619,0.7735030700658303,0.7780303228678417,0.775950121387186,0.7733232777676644,0.7726928133304279,0.7753158820706937,0.7732795450949578,0.21534335411116032,0.2370579414543039,0.7696435114903418,0.7749875618633639,0.771851350999922,0.7698992376179561,0.1942934810867697
0.7711930063340835,0.7718937391148879,0.7743015004320617,0.7763799206692198,0.7694224117754142,0.7713981007289409,0.7712587300741058,0.772908049522707,0.23705171162289593,0.24456299010633056,0.7686750772130032,0.7772395192332873,0.768808675525967,0.7721650583782056,0.2595730874103839
0.7696016332513217,0.7722255177480571,0.7729555631202703,0.7740915410272912,0.7688866928458118,0.772277345804488,0.7697926107586502,0.7714786047838998,0.22340635730790903,0.2292668972625734,0.7728890750143956,0.769514781743434,0.7740358359555822,0.7686197153062857,0.1986747115750591
0.7693084855781813,0.7687212851573447,0.7696666579381498,0.7680882254103053,0.7682001404311758,0.7661886940458912,0.7681825451831317,0.767593402993784,0.21576119850000305,0.22673622208320773,0.7617128199759199,0.7560815941763337,0.7540113905286975,0.7598229994135524,0.2216748717244764
0.7635973407318222,0.7608362634267133,0.76022414831496,0.7531579117929971,0.759613034093569,0.753911768516486,0.7619075545129819,0.7580725226121592,0.31258254454545636,0.3807230050323361,0.7450662199654504,0.7232972845583807,0.7293579174576755,0.7390307618489098,0.6886965709305929
0.7411872480762184,0.7264218583552497,0.7385896462332087,0.7243769583468671,0.7364470912542584,0.7212817246121142,0.7398304632937037,0.7252196089152946,0.33836514483122954,0.3615508308601025,0.6575930482123228,0.6668150514546074,0.6560216368033703,0.6595137815215653,0.3232064825156353
0.7218552059885882,0.7082861944951171,0.7169080101599938,0.7058617518536492,0.7171872155618548,0.7050242487627255,0.7207016047342327,0.7089866611371464,0.3757571219693802,0.38987821160711417,0.6720148667748519,0.6688313388672131,0.6725092970639482,0.6765207655808501,0.4465329731011374
0.6966968538972935,0.687889901182719,0.6912985414648197,0.6843969806582875,0.6908069591449302,0.6840610171321369,0.6955429972810152,0.6869333334381637,0.41442031110584204,0.3905823601571989,0.6470973145579227,0.641467438267564,0.6421345538709594,0.6428266780401983,0.3919906572573683
0.6782547243888394,0.6817606582663623,0.6758438293749509,0.6825339983478548,0.6745065404519803,0.680210443776074,0.6780668550407848,0.682102985029576,0.4151432713326303,0.3354847977242718,0.6695021724336491,0.6788080337269895,0.6725092970639482,0.6724422882124006,0.2252896728584175
0.6678689211118672,0.6855528400377713,0.6642541045850899,0.6768055524349285,0.6626999193821028,0.6769152332201452,0.6679373034067282,0.6841963245792595,0.37179269593865233,0.38097109646974886,0.6931372035805893,0.6653486606090759,0.670324812108288,0.6883830036786267,0.471943693960703
0.6700570591006647,0.6798798060772843,0.6663489486501349,0.6769667922165631,0.6657165890827764,0.6749784839156762,0.6701764674521512,0.6797007503023998,0.36633825636801914,0.35262549253398906,0.6685337381563105,0.677289271779832,0.671104985306738,0.6707096017486804,0.2959342846624694
0.6708475108621682,0.6785755792456459,0.6666474639294038,0.6747524998988945,0.6657165890827763,0.6741554216317668,0.6685557391907022,0.6759395416261347,0.33225346869078887,0.3271200065943214,0.6759671255823693,0.6703239152635576,0.6725092970639482,0.6684171242736046,0.276109034714986
0.6760194733811442,0.6767027618813649,0.6753515410196653,0.6781642745055537,0.6724884924453229,0.6747683046490751,0.6759503118835635,0.6772262082522582,0.2908298859611357,0.27970425226591505,0.6729571271528031,0.684987823718872,0.6759940706836919,0.6797995415045051,0.1848727436091023
0.6808354708684499,0.6823292278776357,0.68023252769122,0.6865138386986235,0.6775232101526539,0.6824064982995846,0.6809137921842512,0.6839040354067855,0.2754307915332954,0.23590090175034883,0.6935821598701776,0.7032129670847627,0.6976828856006033,0.6972596897158396,0.1482942007192164
0.6821232267183165,0.6880781461950645,0.6878053889863573,0.6920802148273365,0.6842847112058876,0.6896484379912088,0.6864370634962947,0.6946024770174718,0.2681125871202431,0.30238482513204623,0.6995759828299221,0.7032129670847627,0.7041323173744573,0.7159993602388441,0.4353526718954411
0.6849028948332723,0.6861961237070727,0.6873654717326979,0.6864167050554025,0.6858138506748499,0.6860158528779888,0.6887615290291625,0.6905122944826543,0.35522991840699164,0.44543019712010157,0.6824320787310892,0.6750896855115349,0.6787506826515487,0.6823319294130192,0.7315209410962122
0.6857404596136731,0.6841823989661732,0.6886642750530259,0.6832171139920007,0.6867552596676463,0.683082682594636,0.6908354214426615,0.6866037251021361,0.44622473746934793,0.5406478414223236,0.680154949484374,0.676817931865197,0.6772163420279301,0.6787865863410996,0.7310831300267677
0.6823640265926818,0.6748132533267307,0.6821074131294352,0.6728792473616402,0.6814656853821549,0.6719038548151689,0.6846137442021647,0.673966201835431,0.5267050193323224,0.5561899452562072,0.656074962047846,0.652203514100919,0.6495461992562349,0.6486911553020207,0.5872741529239747
0.6741192482856097,0.6673282583294259,0.6706590903139649,0.6639099492435636,0.6717447273294671,0.6642952683225009,0.674740097030442,0.6652746191760296,0.6473087618370178,0.6212309345850358,0.6523582683348165,0.6459713530074105,0.6490780953371648,0.6478914538572267,0.7513129132426929
0.6616447678375124,0.6572866990827627,0.6583623556521513,0.6565163974209406,0.6574727589524875,0.6537876707115201,0.6587513994775286,0.6555350369421119,0.6224735389485462,0.5178794755410516,0.6372035805894362,0.6417292937756947,0.6327724754895588,0.6360558724742764,0.3111765574530835
0.6563838140606186,0.6569002360040487,0.6518840503809998,0.6519103179992197,0.6506488440433775,0.6507354831763466,0.6522844804606283,0.6536891360709137,0.6077391685957391,0.5645360134714267,0.6561273098466208,0.6426981591557779,0.6446311081059996,0.6499973343285175,0.6578490893321769
0.6430874731717531,0.6424912390160479,0.6388174605252821,0.638435206195016,0.6374223077523211,0.6375182089751134,0.6388921469318122,0.6397343969462824,0.5407819451290659,0.5084563465454182,0.6136732450400461,0.6114849825866087,0.6110836605726472,0.6118249186970199,0.3962970126934012
0.6373501544260063,0.6374569487837359,0.6354185760297468,0.6373598346710915,0.6333029932645047,0.6346620149224601,0.6351335501412807,0.6364556550806426,0.5804632269899604,0.6008644184397615,0.627388368319112,0.6352090916232425,0.6289496268171536,0.629898171349363,0.7856805622284478
0.6332042087630214,0.6355141458624547,0.6390740789232503,0.6463228456057034,0.630171898161392,0.6342488832221735,0.6369355440635497,0.6432709112099523,0.5832826886799319,0.6557130195240245,0.6316285400198921,0.6642488674749274,0.6334226198216005,0.6569014234685717,0.7654102216925505
0.6412867088938909,0.6495481243228977,0.6492183613082302,0.6616987989706672,0.6401789197201779,0.6504351165759453,0.6470437703257451,0.657712942068386,0.6686947406515377,0.6832209521197203,0.6776160812437838,0.6924507057005946,0.6828075832834889,0.6865970037852536,0.738236817311112
0.6485316442443595,0.6638160784149196,0.6587708502448351,0.6712860672600455,0.6496970327412688,0.6643639687877813,0.6548808444847257,0.6682028630867309,0.6269989039124294,0.6052706032920253,0.6923519865989635,0.6904606038388019,0.6922216732114531,0.6891827051234205,0.4493699056366355
0.666471234884573,0.6770011183569844,0.6781638691769883,0.6836740705891553,0.668015499440876,0.677134643882082,0.673449912032841,0.6803586608703528,0.6389287875857164,0.5554958792146287,0.7033711982411138,0.708450077247375,0.7026759940706836,0.7046702564375966,0.4559464310598355
0.6816154530701983,0.6857038986537357,0.6952996936290556,0.6960787850206299,0.6836917795750657,0.6872001050840888,0.6905421975795702,0.6920256402745716,0.5556248843076449,0.4933842680891161,0.7031094592472386,0.7208882138835793,0.7073310274881023,0.7153595990830093,0.3691610458380909
0.6998010783646548,0.6979881545998818,0.7070884286050958,0.7051167041321295,0.7020102462746729,0.6998050544959381,0.7031988057791758,0.7014119150052475,0.5634930043822705,0.5971731194146367,0.722556666492174,0.7231925423551286,0.725014953319637,0.7201844644665993,0.8047508220656778
0.708946238810658,0.7064393975578546,0.7127287962502292,0.7102953173968402,0.7103476971887759,0.7080349822819599,0.7092125606440264,0.7064965360400004,0.47475525217293635,0.4962980983645718,0.7233418834738,0.7206525439262617,0.7244948378540036,0.716665778109506,0.294548056264442
0.7125425325865047,0.7077374168646354,0.7158239283563331,0.7088422997210003,0.7142225574077445,0.7092219796234053,0.7140907394572695,0.7088555570898789,0.43323433187534965,0.4114538336259484,0.7103334554781972,0.705936264369321,0.711595974306296,0.7135735991896361,0.2417653041487018
0.7137360623985761,0.7082712270102473,0.7151692895860066,0.7076204942792477,0.7155644553090785,0.7092764809413882,0.7146505304686253,0.7083934418913778,0.4111696939066266,0.38951030282270577,0.7093388473014709,0.7051768833957424,0.7093854835773542,0.7074692114943755,0.3456232412162204
0.7161283568025965,0.710537795095945,0.7166304433213753,0.7144783237063063,0.7175512963877981,0.7119393982548253,0.7160206856107056,0.7129990861920553,0.37219868511088783,0.3177755358349362,0.7150709312673401,0.7281939825604231,0.7172652328816996,0.7222103747934105,0.1743060018593971
0.7175312778097681,0.716882287239974,0.7180235146246302,0.7197048487613383,0.7184458949886874,0.7177889142779116,0.7168896945140482,0.7168425604558077,0.27958843679609646,0.3257502173871978,0.7295712715280324,0.7301578988714028,0.7294879463240841,0.7245295089833128,0.341699580491721
0.7178715385018061,0.7196025871379792,0.7192280499620309,0.722028306045314,0.7189400046810392,0.7208477382905284,0.7178013541611132,0.7183030657521489,0.26139671090534333,0.2850299538616906,0.7250431869339894,0.7266752206132656,0.7269653863157622,0.7212240763448314,0.2035894268106763
0.720912945610637,0.7215818884327704,0.7230249548299249,0.7229924669331395,0.7225183990845969,0.723727807635047,0.7199925361198487,0.7203785468292034,0.2798796175548719,0.301413248373242,0.7255404910223525,0.7249207887087905,0.7294879463240841,0.7245295089833128,0.3341798373963448
0.725153117311417,0.7245678275569706,0.7251721699965958,0.720632631031792,0.7248953267625413,0.7229085790790569,0.7233512821879833,0.7216733451644851,0.30152245939588307,0.3522213157225867,0.730539705805371,0.7159129592290974,0.7212701219670766,0.7242629418350484,0.4538374504212761
0.7271056902057269,0.72465648361761,0.7266647463929404,0.7256407088685766,0.7274334902348322,0.7252577361337559,0.725494482060031,0.7254243548275398,0.3404720456072262,0.3578321881204287,0.7248337957388892,0.7356568645421457,0.729956050243154,0.7329263741536494,0.3690539329161129
0.7310998272522641,0.7329516413319794,0.7305192594726231,0.7335706273356563,0.7310014823290771,0.7326144596876069,0.7298128698619182,0.7323233858826096,0.39175729667783543,0.43793007069520823,0.7495419567607181,0.749430464269816,0.7473279067953086,0.7461214479927494,0.5981258358447673
0.7359001203999371,0.7383159784454381,0.7341695252559639,0.7373559347337606,0.7355212857254311,0.7382644408909153,0.7341845710934585,0.7359097847559172,0.4254820601454655,0.41602446184641434,0.7490446526723552,0.7449265495299695,0.749564403297532,0.7430825825025325,0.3722132441488266
0.7382505365649374,0.7379748429127432,0.736316740422635,0.7367895780032224,0.7371076378956128,0.7379828629856079,0.7358159620408381,0.734835344410682,0.44167628603101894,0.41573329683898025,0.7372925718473536,0.7356568645421457,0.7374197071749929,0.7326864637202113,0.4151509668241122
0.7404020310945925,0.7390822880930442,0.7427688601429733,0.7405842379457447,0.7406808311445141,0.7383672713942663,0.7401396811856907,0.7385174087935584,0.41898706533472263,0.3906193135392515,0.7412971784536461,0.7481735578307891,0.739136088211583,0.7458815375593113,0.3403913469397941
0.7434015599644035,0.7393320054246776,0.7438686532771218,0.7407747687014593,0.7434114373390892,0.7401145413348541,0.7411046542624087,0.7382620190414521,0.3881241927533428,0.33199273236257226,0.7398314400879441,0.7411558302128887,0.74360908121603,0.7377512395372394,0.2147395700092138
0.7420980997749044,0.740562888887526,0.7411558302128887,0.7391386287838563,0.7424076144904169,0.7408459584072182,0.739835794636669,0.738767062648985,0.33254485743582063,0.3280715413274336,0.7430246558132229,0.7358663489486501,0.7423087925519466,0.7397771498640509,0.3202291592571562
0.7406951787677327,0.7410519418038496,0.7431040351933804,0.7443149440000468,0.7421059475203495,0.743249328420544,0.741109985605374,0.7423292208813425,0.39471486124196903,0.4464021152781454,0.7420300476364968,0.7546675744324283,0.7480560684471954,0.7494535373460576,0.683063263179569
0.7432497513479558,0.744056439452056,0.7479064652124958,0.7494329675459389,0.7457259511611578,0.7473394607400407,0.7462440688809513,0.747671773953594,0.35855249885087587,0.37571446180831236,0.7500654347484689,0.759669014637723,0.7555197253790341,0.7583568800980969,0.2343391548686462
0.7459980107836465,0.7477171181787372,0.748403990677944,0.749842373416636,0.7480092580552883,0.7484105147207721,0.748024737431359,0.7500428094061795,0.4310238539437313,0.48472568200689875,0.7550384756320997,0.75066118515803,0.7505526226822353,0.7547848803113506,0.7027481224040715
0.7469926189603726,0.7467462391096832,0.7493047736259133,0.748448163928669,0.7476035679920943,0.7461338867805347,0.748584528442715,0.7468786044687925,0.45578378580743373,0.4359968644471745,0.7448044809715751,0.7456597449527351,0.7415806309000598,0.7405501945940185,0.3385392293277259
0.7466942365073549,0.7450084072558334,0.7484144648982692,0.7427703777225894,0.7454294853457467,0.7412353842937596,0.7477155195393721,0.7430631047616408,0.4815139735566273,0.440291275632491,0.7415327435481339,0.7314148053104299,0.7314383793202092,0.7354321053473372,0.4488800980031239
0.7436999424174214,0.7390251305661654,0.7436172719893164,0.7387407884442809,0.7416638493745611,0.7372328857262621,0.7428799914698514,0.7371340355072453,0.4414013282002324,0.4543608625541922,0.7270585771868293,0.7306816098876641,0.7292278885912672,0.7252758969984541,0.4825000363975948
0.7411977176359734,0.73853485732452,0.7376207808531253,0.7357227119484433,0.7377473799183418,0.736801049850154,0.7377459081942743,0.7356515115782339,0.4545475155001757,0.40293060549224896,0.7375543108412291,0.7296865589567678,0.7359373780979378,0.7326864637202113,0.3000700913683623
0.7346018949903156,0.7330430256842836,0.7299274660242479,0.727880011636843,0.7312927469898317,0.730627185913331,0.7304686250466494,0.7299004959098981,0.3716142437307742,0.3646476581805207,0.7220593624038109,0.7121946110136428,0.7182794580396848,0.7183984645732262,0.2880817635570641
0.726807307752709,0.723972532050703,0.7199874309356098,0.7172398642610768,0.7231581411073258,0.7207206577713974,0.7222743509089942,0.7197932719085127,0.4521935270517323,0.4902436540978527,0.7058315447835418,0.6959595695095446,0.7009076014875303,0.6995788239057419,0.7414356459325167
0.7179709993194786,0.7150987551611293,0.7166932886433267,0.7164746074570559,0.7174056640574207,0.7147057698711595,0.7169376766007358,0.7161117592076905,0.4867290209462958,0.5340149585572155,0.6973512013819819,0.7149440938490141,0.7026759940706836,0.7087487338060459,0.6215575674759412
0.7162225828403915,0.7161713350378842,0.7134410432323446,0.7157898659156215,0.7151691675551972,0.7158189819408229,0.7157114677187184,0.7171227903345828,0.5302773912699849,0.5894239350434902,0.7183164947913941,0.7144203828327531,0.7180454060801497,0.719144852588367,0.7002418880160398
0.7127205151023399,0.7174622140755798,0.714189949985598,0.7216702748514262,0.7128806595064103,0.7187109339118831,0.7149437543317163,0.7210311591514552,0.5976264608434674,0.6052211031075853,0.7200439721509709,0.7334310927230356,0.7244948378540036,0.7288478967852003,0.6368154392357752
0.7157671569910485,0.7240723333328377,0.7194375343685355,0.7272576942103942,0.7178425610485528,0.726836944524721,0.7183025003998509,0.7257515044056032,0.6185725487259801,0.5344181363949327,0.7372925718473536,0.7384325329283301,0.7430889657503966,0.7351921949138991,0.3928122029696277
0.7232581269957599,0.7304770204909246,0.7284767865092043,0.7318904062112258,0.7268353574493538,0.7331818241803257,0.7266460521405345,0.730933197140122,0.5778796217145971,0.5356024278884889,0.7432863948070983,0.7411558302128887,0.7458715834915352,0.7412965826091593,0.5379710108756013
0.7316494791394021,0.7334206676940144,0.7325145984445784,0.7329713219827787,0.7340753647309702,0.7350798929464726,0.7322386309111266,0.7328593406464171,0.5107919908652436,0.45244142300205054,0.7393079621001938,0.7351331535258845,0.7388760304787664,0.7367116276590073,0.2861194132291738
0.7335968172538345,0.7316315069171947,0.7373693995653199,0.7348790108006727,0.7367019478324188,0.7337793691601125,0.7352934904302395,0.7333792771589218,0.49409631011582744,0.5072154434243535,0.7280531853635556,0.738694388436461,0.7311783215873925,0.7344191501839314,0.6167634842689594
0.7374025022247814,0.7341118036133651,0.7385215638010946,0.7363166451677515,0.74011910644163,0.736379789740095,0.7367169590019726,0.7342412646539033,0.41460708276397085,0.4179333964417331,0.7390723970057059,0.739191913901909,0.7415806309000598,0.7359652396438663,0.2393693024764923
0.7376537716589018,0.7355908420815619,0.7384691926994684,0.7369346559185675,0.739775830234312,0.7380440547313322,0.736615663485632,0.7343894155466675,0.5305169914372059,0.6027428464064227,0.7385489190179552,0.7381706774201995,0.7413725847138065,0.7346857173321959,0.972361746335802
0.7371512327906611,0.7373184615430063,0.7403178925868706,0.7414228804956782,0.7399630718019401,0.7409653002641132,0.7373300634429812,0.7378824711630801,0.5381814929669446,0.5939264037790472,0.7407737004658953,0.7503993296498992,0.7468077913296752,0.7448685823959056,0.5762935185242959
0.7384494582002826,0.740145337411438,0.7401869648328053,0.7391080919156381,0.7398642498634697,0.740104173771547,0.7385562723249988,0.7395358714650849,0.668401896002712,0.7083580786553684,0.7457990891483012,0.7344785147555579,0.7383819207864147,0.7428426720690944,0.9372214284080108
0.7407527613463853,0.7399534586389817,0.7359815653722276,0.7319611916549494,0.7373885002470549,0.7330026403494707,0.7390147678200139,0.738594456863059,0.7138115353337451,0.7535092794116204,0.739569701094069,0.7176673911335725,0.7187995735053182,0.7367116276590073,0.8438116809241245
0.7364968853059728,0.7325666446938689,0.7359815653722277,0.734371432403936,0.7337216862143396,0.7297506138118083,0.7387055499280268,0.7372026879700165,0.7613045729938166,0.6612843498666967,0.7177930168036434,0.739191913901909,0.7232465607364836,0.7344191501839314,0.4768344907768494
0.7301523320944353,0.7239864807826687,0.7287386420173348,0.723566308484536,0.7269653863157621,0.7223641042815118,0.73275577117876,0.7264473998419648,0.6794611492072604,0.6285711090454715,0.7068261529602681,0.7019560606457358,0.707591085220919,0.7049368235858613,0.5631446274030212
0.7193634507668952,0.7116007517978439,0.7131948990547017,0.7066044106019351,0.7130262918367878,0.7072801758326089,0.7201897958095647,0.7116445017446192,0.7356367811215034,0.7047712987288182,0.6868292938281945,0.6726806148367332,0.6771123189348035,0.6820387055499282,0.8571716780955113
0.7057739622048892,0.7003510499779865,0.7017413391290687,0.6968065121104211,0.6989831742646868,0.6942422281970425,0.7063976115583517,0.6990569181007561,0.7142189804097745,0.7465583407690007,0.6778516463382714,0.677210715127393,0.6681663329259097,0.6738817508130299,0.8301324248493659
0.6981207140239752,0.7006685200484907,0.7011443085705309,0.7027650875205752,0.69575845837776,0.6970534834882561,0.7010076238204406,0.7026251750569878,0.7245629688790165,0.7962161016027786,0.7013034601894989,0.7146822383408835,0.7026759940706836,0.7097616889694516,0.8955316232703342
0.6927969428885514,0.6975037337411686,0.6930110764879941,0.7013519761767917,0.6897563259043507,0.6957809551153167,0.6928346750546464,0.6996015854896456,0.8050455385908097,0.8238931808471245,0.6911741611265246,0.6985257534892249,0.6932358983694379,0.6935544063549608,0.8792473393358166
0.6673820865832591,0.6582531129720478,0.6714498939485193,0.6656180334339818,0.6651600655345485,0.658723897867514,0.6691635122887456,0.6619280602452163,0.8834586450527346,0.8676655071356317,0.5797518714338062,0.5941501479483622,0.5846097833719085,0.5865810097563577,0.955210159712646
0.6482280270114641,0.6358550739711051,0.6533347298960435,0.6377802871474392,0.646399500689153,0.633585763480951,0.6518153222796824,0.6397179586650148,0.8560805821951284,0.818537459359581,0.5910589959692195,0.5821047945743538,0.5833094947078251,0.5952977555046117,0.7202813638074795
0.6322305397058054,0.6231914525840625,0.635214328733405,0.6207230945363597,0.6294801445920994,0.6169136931341813,0.634813669563363,0.6227698015204878,0.8491130426101442,0.8107898818812022,0.5978642098099775,0.5866087093142005,0.5835695524406418,0.5888734872314336,0.7952947269244448
0.6111919593781081,0.6141644879063793,0.6079446961166829,0.6065934214433307,0.6052687696668659,0.6051488352376264,0.6109985605373994,0.6120752489602029,0.7992762078281866,0.7559757377076503,0.5961105585510128,0.578334075257273,0.5816191194445167,0.5906861438396334,0.6463474493605462
0.5807150709312673,0.5890395649016931,0.5789730026971117,0.5889513764260103,0.5751488830520375,0.5843113785901828,0.5813669563363012,0.5898489610899585,0.6910326725609972,0.6166603794717231,0.5387897188923206,0.5536672863913692,0.5426364652952956,0.5453963853494697,0.3380296629998689
0.579212689106423,0.5834396973709902,0.5756631490743408,0.5851678775621759,0.5725014953319637,0.5799985339839683,0.5795223116703099,0.585685236202106,0.6365908140790056,0.6387738754153783,0.5722399623095847,0.5776008798345074,0.5713728447715393,0.577357786426401,0.6830008673026886
0.5830916609956551,0.5924444167191201,0.5787792296210951,0.5893403174774924,0.5764543728707773,0.5876903167899433,0.5809511115850083,0.5912707424941054,0.6504643293171187,0.6890655636096005,0.6104538554153797,0.5976851973081254,0.6030738824018932,0.6024417550781043,0.7896489399980449
0.5811862011202428,0.5910752479570521,0.5806436408389851,0.5915371334528784,0.5781603515980548,0.5891600265523053,0.5808124966679108,0.5902406325447188,0.5670206592748351,0.5854025013107426,0.5883369104329162,0.5959307654036505,0.5920994460770291,0.5881804126459456,0.3780763767130267
0.5825472438883945,0.5950220894352918,0.5875304407028203,0.5986141138274018,0.5827009596130341,0.5942140708746746,0.5835741323239325,0.5949918624030598,0.5202455901714014,0.5277590354882876,0.602915772391771,0.6127680745764488,0.6043221595194134,0.6044943221197419,0.4124721038433779
0.598440035596503,0.6027659521011491,0.5989997119589411,0.6027472901089258,0.5973422099706134,0.6014236196108472,0.5973929732899718,0.6014914383285953,0.5653607209635586,0.5397077959790768,0.6182536774328639,0.6110136426719737,0.6158427170831925,0.6144905901796662,0.5636053169606552
0.6063340836517824,0.6057473689294265,0.6039225955117967,0.6025699592722122,0.6049046888409226,0.6040108261149265,0.6036892893319827,0.6039407477645488,0.5686652066031476,0.592979629152929,0.6117102025859812,0.6022152975987851,0.6091852391230853,0.6088393666364558,0.6995232955006333
0.6075851960425063,0.6094013850759508,0.6116159103406741,0.6137638966656457,0.6084986867084494,0.6096885079897931,0.6088606920083169,0.6120600879962909,0.5743409435504501,0.6679956276801384,0.6167094173689994,0.6361517714525124,0.6210438717395262,0.628298768459775,0.8180276247345575
0.617180547557975,0.6183721460540538,0.6215297598784991,0.6243426021413556,0.6178347593165683,0.6193856083657369,0.6187876526096924,0.6206451305484683,0.6541144881146252,0.7043117849647266,0.63631366801026,0.6455000130927755,0.6387798091176243,0.637815215652823,0.7769440995339028
0.6262262471863057,0.6282961875471772,0.6303857131634765,0.6352443484280156,0.6272332457805634,0.6300286028569541,0.6278029535640028,0.6302870293294102,0.7172410207133512,0.7122427789221536,0.648144270533424,0.6570478410013356,0.6513145918393884,0.6495708268912941,0.7281047668370073
0.6348688687640685,0.6393530534720105,0.6412527167508969,0.6452791191550357,0.6369698072972201,0.6415275767934614,0.6378898544543372,0.6418330510967193,0.7313595437613482,0.6862278300149823,0.6614667853216772,0.6653486606090759,0.664525524666476,0.6649250946313376,0.6341979322006401
0.6439145683923991,0.6452149358905519,0.6541255335305978,0.6523792066024537,0.6475593581775155,0.6483960490371617,0.6487018179879512,0.6488550954993216,0.7377958864478235,0.7013868896543247,0.6569387007276345,0.6665793814972898,0.6621329935245625,0.6628991843045264,0.7317050089330096
0.6516149295922106,0.6485470317163871,0.6580533661525572,0.6535164492557387,0.6549085897069149,0.6515273758202825,0.6531641520499015,0.6494402099227231,0.6645266960759233,0.6181518173945686,0.6552112233680573,0.6557909345623085,0.6577900293865239,0.6506104387695262,0.4516816728750563
0.6566455530544941,0.6528536162514839,0.6598077980570322,0.6537683570422095,0.6567549996099136,0.6503555367577273,0.6579143786319775,0.6534822561362165,0.6655882579279161,0.6728518478610014,0.6614667853216772,0.654272172615151,0.6480118586326166,0.6615663485632033,0.7822519087938669
0.6613830288436371,0.659179627327369,0.6652910523972873,0.6640002755956765,0.6620497750500612,0.6594998475185272,0.6634962947166393,0.6614816398623452,0.5966166875692853,0.5763168702552856,0.6718316494791393,0.6844641127026108,0.6777884690401271,0.6774804073146026,0.3832469150438538
0.6657593048212322,0.6672358066214636,0.6684595040456676,0.6697304900141102,0.6657686006293397,0.6673731158666412,0.6659593751666046,0.6667345922019517,0.566245078525211,0.5449912091636131,0.6833481652096528,0.6811909188509779,0.683119652562869,0.6772404968811645,0.4823398869802683
0.6687378945715332,0.6687677542406889,0.6692188850192464,0.6699457554644681,0.667890671729124,0.6691631935855885,0.6667270885536067,0.6667356452144803,0.46774341151536697,0.44305969740367196,0.6718316494791393,0.6703762863651839,0.6727433490234832,0.6667377512395374,0.2391966738837897
0.6708946238810658,0.6678434594656992,0.6751158710623478,0.6750557919022505,0.6708345252646088,0.6702785614117084,0.6725755717865332,0.6711080484543729,0.4455483661639638,0.4089419469751281,0.66599486991572,0.6852758647778157,0.6725092970639482,0.679852854934158,0.3407064461180404
0.6756373344500862,0.6736224190327261,0.6839404016863495,0.6828354698465535,0.6790471484669597,0.6765440324892626,0.6790531534893641,0.6787234513287013,0.40929885753149425,0.47296275319392506,0.6851803381667799,0.6983948257351595,0.6890749746443711,0.6939542570773578,0.601004365631519
0.6815840443909332,0.6829366790829422,0.68722930686847,0.68885985943544,0.6843627285257328,0.6858181447708391,0.6831262995148478,0.6850976800331413,0.4055854709120821,0.43686849611154766,0.7015651991833743,0.7009086386132133,0.7043663693339922,0.6978461374420217,0.3646799819467929
0.6849761817515573,0.6887274033928857,0.6911728508209172,0.6928761191613644,0.688107559878293,0.6911600329557829,0.6867836007890389,0.688574121106134,0.37891747313337526,0.4075789634366099,0.7003088520127728,0.7009086386132133,0.7018438093256704,0.6955270032521195,0.3489998980867344
0.6898131183583729,0.6911570464329965,0.6939013852156382,0.6899237322205058,0.6914675057862846,0.6906210481583357,0.6912032841072667,0.6886614700143149,0.48889145405271606,0.5347415017845712,0.6960163325132177,0.6840189583387888,0.6895430785634412,0.6888361678306767,0.7890665784804939
0.6913730827618698,0.6853695949330657,0.6930424991489696,0.6869429662951617,0.69242451824305,0.6861788185548156,0.6900197259689718,0.6837526680904377,0.4857614688821362,0.46484650794476107,0.6737946919332042,0.6809814344444736,0.6772943593477753,0.6739350642426829,0.3250565202651408
0.6907135004973041,0.6842072055700275,0.6937023750294589,0.6918600459093095,0.6914675057862846,0.6855491831567252,0.6902329796875835,0.6875086206170972,0.5227709592950097,0.5719149445284696,0.6818824268439511,0.7016942051376052,0.6842899123605443,0.6950205256704165,0.7860518176958866
0.6928911689263466,0.6936226508228805,0.6956191573489748,0.6980708806764709,0.6932671052973761,0.6948209110676333,0.6927600362531324,0.6951662205013202,0.5836318976042062,0.6042715208499049,0.712453541328587,0.7104925502107939,0.7133643668894495,0.7104814202697662,0.6689846734927756
0.6945087159084959,0.6985472961897603,0.6957238995522272,0.6991913703274721,0.6941200946610149,0.6985835260930435,0.6945566988324361,0.6982809190504261,0.5722032608085257,0.5001332519360472,0.7083965869235197,0.7014323496294745,0.706108756143864,0.7045103161486379,0.2918567141083317
0.6925456734544311,0.6944319042074715,0.6953730131713322,0.6935490890297528,0.6937716172990405,0.6949892479798855,0.6928613317694728,0.6923070568722377,0.4832030299437813,0.44811064267628864,0.6862011202428938,0.6822645264343137,0.6878006917535694,0.6803593325158608,0.3440654241567716
0.6946186462859236,0.6910077881685365,0.6989604336327216,0.6953389049369755,0.6958884872441683,0.6926190683443951,0.6966145972170391,0.6924385017416631,0.5132166946408181,0.45711537636763405,0.6841595560906665,0.6989185367514208,0.6878787090734143,0.692701391480514,0.4751248437503249
0.6986598963513584,0.694701417836066,0.6970960224148317,0.6943499863073687,0.6987491223051518,0.694610408118084,0.6976382150663752,0.6950052061334745,0.4549697276004001,0.4696825784096883,0.7020886771711249,0.6923721490481554,0.6985930876654617,0.7001386149170976,0.4948169824937968
0.6961838454692979,0.6964920408634723,0.6969074864489776,0.6994166143320871,0.6958988895534809,0.6961113397890878,0.6966039345311085,0.6984401432867937,0.40628908841703737,0.45498221146511275,0.700073286918285,0.7095498703815237,0.6991132031310953,0.7053100175934319,0.4255814775759617
0.6993718264146993,0.7057735244591569,0.7025164314331354,0.7094367677381458,0.7002574571554886,0.706708091244026,0.7005118089246681,0.706976658230008,0.4842587681805986,0.5305565119521211,0.724336491650526,0.7294770745502632,0.7279015941539023,0.7240496881164364,0.6817051129261378
0.7081034392503794,0.7138020777798696,0.7117075597685198,0.7156979011958425,0.709333472030791,0.7155323162060444,0.7096603934531108,0.7133518572060301,0.49458944552943934,0.4856106116017392,0.729859184421295,0.7282201681112364,0.733180766130081,0.7261022551580745,0.3957188109009756
0.7168402868659371,0.7184826499093981,0.7171541543376366,0.7191824373295632,0.7179517852963359,0.7206783026044093,0.7156155035453431,0.7163935521179118,0.4501409106886216,0.4080344642499049,0.7278437941684551,0.7261515095970046,0.730970275401139,0.7224769419416752,0.2528821695462363
0.7211328063654923,0.7201721914958988,0.7258791798685487,0.7247873837872807,0.7237614750474606,0.7229993805433014,0.7217358852694995,0.7211758759245676,0.40441263641298575,0.36074817987180907,0.7235512746689,0.7359972767027156,0.7276415364210854,0.7307405235378792,0.2661756111156174
0.7312778097680992,0.730380895641039,0.7342533190185657,0.73366511123539,0.7339921462564689,0.7320884400875799,0.7306232339926428,0.7306995043527613,0.40259026083556393,0.3793219864774902,0.7507983039313196,0.7514205661316087,0.7502665591761372,0.7497467612091488,0.4164695996888525
0.7370255980736009,0.7379457414867043,0.7370289874047502,0.7368952129839886,0.7378045926195616,0.737046902048175,0.7352028575998295,0.7361156049526308,0.34244084350906084,0.37986733308286763,0.7530754331780348,0.7433554164811857,0.7469638259693653,0.7469478061523698,0.3809580262936224
0.7397005705910066,0.7397085099939106,0.7399041608840244,0.7387954871585282,0.7398642498634698,0.7391909521486572,0.7379804872847472,0.7374072044959746,0.3404940921503906,0.3819065734244533,0.7432340470083233,0.7425960355076071,0.7434790523496216,0.7399904035826625,0.3859850541076245
0.741773543422499,0.7392085594379129,0.7422399120165494,0.7384737465255621,0.7414089927964008,0.7390252981210362,0.7399424214959749,0.7357003406632545,0.35717188608176764,0.36669476201734263,0.7382086583259174,0.7378302652596298,0.7386939900657946,0.7322866129978143,0.3362711392031214
0.7453488980788358,0.7399483889421364,0.7436644059807799,0.7400224131916641,0.7446285075286714,0.7405965687748369,0.741691101988591,0.7369615357758228,0.3949829555262988,0.39620682745765273,0.7414280479505836,0.7431197465238681,0.7437391100824383,0.7394839260009596,0.4552309583382729
0.7433753860650159,0.7402758405821644,0.7424022624315902,0.7417182249229963,0.7431669830702416,0.7413840248112207,0.7401396811856907,0.7386375762487644,0.35515254751965986,0.33657707152365446,0.7409307438622205,0.7451098483856609,0.7429589368839883,0.7419896571946474,0.2173175596556579
0.740035596503167,0.7389760555110397,0.7404331090104481,0.7389820330738225,0.7411125269809898,0.7398198650485158,0.7390360931918751,0.7395683395602735,0.33036141771751715,0.310052173443406,0.7363764853687903,0.7335096493754747,0.7366915455231061,0.7414298661832917,0.2570023772829091
0.7375071978223315,0.7361813882087418,0.7368037916677578,0.7341378383139334,0.7371492471328634,0.7344341277353407,0.7362104814202699,0.734999674615061,0.3328896986487132,0.3395769352168056,0.7305920536041458,0.7244494487941555,0.7236626531089901,0.7258623447246362,0.3986264587636048
0.7357326074438569,0.733899494283676,0.7361910497787323,0.7343474108141228,0.736098613892284,0.7341030264445263,0.7357946366689768,0.7334022461571573,0.32815946722240585,0.3305912841683986,0.7293357064335445,0.7347665558145018,0.7334408238628974,0.7302073892413499,0.3126199820715846
0.7323142961838455,0.7307118267392926,0.7306816098876642,0.7280891228989245,0.7308506488440434,0.7285684459100957,0.7315348936397079,0.7283299010563097,0.4033766568705139,0.4974998249718701,0.724336491650526,0.7155725470685277,0.7174992848412348,0.7181852108546143,0.8313169065788132
0.7255509605821076,0.7228459064440386,0.7222550996360211,0.7197185143084314,0.7235118196239565,0.7211338942012485,0.7238844164845124,0.7201323578437634,0.41730175270018155,0.4273142295825787,0.7071140658535308,0.702977297127445,0.7062647907835541,0.7037372714186705,0.2869430388039958
0.7195519028424855,0.717357669852919,0.7160962580847888,0.7140508234120592,0.7172444282630744,0.7158741257070642,0.7162019512715254,0.7144274186019609,0.5152393609830261,0.53377295928743,0.70638119667068,0.7027154416193144,0.7053545887186955,0.703017540118356,0.7466904186971324
0.7128932628382977,0.7106713977630149,0.7127026106994162,0.7118609528971366,0.7129274698983175,0.711275370899778,0.711318441115317,0.7100998770491721,0.47961485105064244,0.4293499425588488,0.6972988535832066,0.7074812118672917,0.7020778612852053,0.7014447939435944,0.2205039091016865
0.7086007433387425,0.7097386348205997,0.7062400167587526,0.7087251639684857,0.7074610563545107,0.70955316598114,0.7057205310017594,0.7074725309239688,0.4569426852273601,0.3526530126909568,0.7078731089357692,0.702453586111184,0.706108756143864,0.702217838673562,0.1992591529551727
0.7058629534628068,0.7100416039706823,0.7077064076042839,0.7134516097443854,0.7073362286427587,0.711993826081585,0.7054059817668072,0.7105191755092634,0.336761778781658,0.3119061332440722,0.7106475422708475,0.7229045012961848,0.7168751462824748,0.7166124646798528,0.2304123743503029
0.7079830393131968,0.7125992343489483,0.7094713137290843,0.7129016824134059,0.7097651678672665,0.7141323796897544,0.7078264114730501,0.712292590322804,0.3109036794848596,0.2604882696027159,0.7177144951054807,0.7118018277514468,0.7184094869060932,0.7158394199498854,0.1576525423200035
0.7110558551012929,0.7156479147696858,0.7109796014559168,0.7120200816934293,0.710722180324032,0.7128014701273439,0.710390787439356,0.7134748668651646,0.23945769663540634,0.3034790145517659,0.7217452756111605,0.7102568802534763,0.7101396510025227,0.7158394199498854,0.3894605044498659
0.7124116630895669,0.7117912410213162,0.7086595616538796,0.7066403920813213,0.710269679868931,0.7084727664214626,0.710444100869009,0.7095536982740628,0.2483335101216511,0.2906136685454808,0.7040778935245772,0.6958810128571054,0.6998153590097002,0.7017113610918593,0.2648829765329106
0.7105533162330524,0.7073879522319427,0.7105815810835582,0.7084481558074067,0.7100252256000832,0.7072773392141837,0.711680972436957,0.7091698643538091,0.2688894157874048,0.29442200612496744,0.6985813746531958,0.7120636832595775,0.7048864847996256,0.7084021965133018,0.3020386812839407
0.7106527770507249,0.7086402502743653,0.7059833983607846,0.7056032997657101,0.7072218032403195,0.7058042376373409,0.7094737964493257,0.707972104483105,0.32821395962154815,0.37195970192365163,0.7111448463592106,0.699913587682317,0.7028580344836554,0.7055765847416966,0.5270350935210201
0.7063654923310474,0.7045195240186078,0.7034591112624055,0.7034623305969904,0.7033105349387564,0.7034872068909866,0.7073359279202431,0.7070314287568943,0.3586906017250379,0.3513183855615852,0.696278071507093,0.6991803922595512,0.6988531453982784,0.705150077304473,0.3100357528374524
0.7005705910066482,0.7006032723421266,0.6996726806148368,0.6994164627365379,0.6992952435440667,0.6990125359370158,0.7016260596044145,0.7004509786281767,0.43372954715152423,0.48909733423515583,0.6927707689891641,0.6913247270156329,0.6900631940290743,0.6872900783707416,0.764655231582297
0.6994189394335968,0.6998420601145247,0.7011862054518317,0.7007605208383852,0.7002574571554885,0.7008838329802801,0.7011302447086422,0.7000447479564503,0.4439795258329329,0.431442512803422,0.6983196356593205,0.7034486370420803,0.7046264270668089,0.6992322866129979,0.3161328699399543
0.7002722085536303,0.7008439468274709,0.6985571761502005,0.7001465261427304,0.7002574571554885,0.7022180502533953,0.6989124060350803,0.6991341663527978,0.4617459198296176,0.4179185589580694,0.7028477202533633,0.6989185367514208,0.7048864847996256,0.6973130031454926,0.3908706512673642
0.6998272522640423,0.7035359861887374,0.702547854094111,0.7067200098957769,0.7023171143993967,0.705864140403329,0.7009116596470653,0.7046137285024056,0.4026412174683497,0.3557828998769397,0.7089200649112705,0.7198669774018698,0.7131563207031962,0.7155728528016208,0.2315115817146802
0.7055802753494216,0.7107050531038214,0.7089109429416849,0.7148119520963249,0.7087821496372195,0.7143022007980169,0.7053366743082583,0.71216753587175,0.41812017861859685,0.3663321194475226,0.7250431869339894,0.7309958364974207,0.7311783215873925,0.7272751506104389,0.3874305585886884
0.7138041145369838,0.7184333570448725,0.7171960512189375,0.7207913908648486,0.718263854575716,0.7220253734391967,0.7142400170602976,0.7187139546248126,0.32398996674299757,0.3422228036997819,0.7338899649269749,0.7327502684018958,0.7374717187215561,0.7318067921309379,0.2940041722043007
0.7203632937234989,0.7226607485605472,0.7234125009819582,0.7253712225289605,0.7247809013601019,0.7270874692890442,0.7203337420696274,0.722376273636424,0.3346854519853327,0.351351967850398,0.7311155315918966,0.7345308858571842,0.7372116609887395,0.7297009116596471,0.3696102961516302
0.7275820551745799,0.7280876748766208,0.7304354657100213,0.7282586018165523,0.7309702754011391,0.7300027645276331,0.7279415684811005,0.7267015608252353,0.4102580901454031,0.4904792592561707,0.7389415275087682,0.734033360391736,0.7358333550048112,0.7353521352028578,0.7687338420677161
0.7317175312778097,0.7285909317268872,0.7338186388750689,0.7311000156200708,0.7348711413933894,0.7308887265732379,0.731135042917311,0.7283144488777147,0.40763434352258,0.3997837890376353,0.7295974454274198,0.7367828432271075,0.7326606506644476,0.7315402249826732,0.2183928486005644
0.7330838088258388,0.7296854793759698,0.7356778129827963,0.7341639127587332,0.7356721192104647,0.7323202212730817,0.7325425174601483,0.7303138070266849,0.390533921518466,0.367165342214463,0.731874574674135,0.7402917070360577,0.7351832106727693,0.7343125233246257,0.3019284485681185
0.7344919646128879,0.7334339008713867,0.7381497289795492,0.737812557967709,0.736145424284191,0.7348262288787838,0.7341792397504933,0.7335393392120109,0.41923498495219425,0.3906133912672894,0.7409307438622205,0.7451098483856609,0.739838244090188,0.7399904035826625,0.4375094893729422
0.7376171281997591,0.7378697170896752,0.7418837885254917,0.7429420998407715,0.7392505136140223,0.7407965217984877,0.7382417230900465,0.739030668927145,0.4536165690171193,0.440914999670278,0.7467413495262524,0.7532011835868968,0.7527371076378956,0.7500133283574133,0.5415182164762552
0.7418991781395592,0.7453637371290395,0.7475817643824139,0.74946914645263,0.7451954333862117,0.7490503324875779,0.7431305645892202,0.7459525601843385,0.3525866210760792,0.38180470056769056,0.7603517772077683,0.7625232396763466,0.7655579538657583,0.7597963426987258,0.2635841023625158
0.7491755221692927,0.7522355466113888,0.7535311215271414,0.7551559739520016,0.7525238602969859,0.7558011500644914,0.7493682358586129,0.7515445672327713,0.3714674054338489,0.35880205717493124,0.7659791655760876,0.7665296289507451,0.7693027852183186,0.762728581329637,0.3127967703894126
0.7542166151913312,0.753850377669035,0.7568147895990993,0.7556739984332834,0.757090474085247,0.756539526581019,0.7530255371328038,0.7518960547203744,0.4069802267466166,0.39903222316060644,0.757080039784327,0.756710047395847,0.7580162796140743,0.7525990296955805,0.4794925551319568
0.7541171543736586,0.7493780650373091,0.7535311215271414,0.7466798349641461,0.7555561334616285,0.7484151980447112,0.7518419789945088,0.7459549074439787,0.3901689056387153,0.3838391100515497,0.7404334397738576,0.7286915080258713,0.7321665409720958,0.7340726128911874,0.3534528838334362
0.7488195571376224,0.7396698311402298,0.7457487758254995,0.7358830416689933,0.7488882531922088,0.7387427007934063,0.7459828330756518,0.7375424712170288,0.42581899788061994,0.4958156325962926,0.7202533633460712,0.7142894550786876,0.7193977062907965,0.7207175987631285,0.7197686776857785
0.7384494582002826,0.7292803149338432,0.7339967006205976,0.7251763156632745,0.7362962577692248,0.7266944594458837,0.7348456576211548,0.7263984692867661,0.5097258533156128,0.5582498815766884,0.70850128252107,0.7037628636518369,0.7025979767508387,0.7041104654262409,0.6831183795374801
0.7242056221535884,0.7177735384034342,0.7228678415250466,0.7204126549331796,0.721134891946012,0.715628291664674,0.7232819747294345,0.7192357018148557,0.6471664992377303,0.7054999210511257,0.6947599853426162,0.7108853334729897,0.6934959561022548,0.7049101668710349,1.0
0.7156572266136209,0.7166283796304526,0.7142685066380372,0.7181795609423866,0.7117728135646113,0.7141541570121396,0.7147838140427575,0.7161932099639691,0.6675042273206586,0.6640603458829498,0.7143380620844894,0.7137133729608003,0.7112058877070709,0.7101082262621956,0.5811811955465982
0.7155787049154583,0.7244325301813165,0.7152949802299092,0.723394332623335,0.7132915507242608,0.7226895135982074,0.7155888468305166,0.7234947322526405,0.725555271307672,0.6572762651781342,0.7400408312830445,0.7338238759852316,0.739760226770343,0.7380977768299835,0.643708103768503
0.719588546301628,0.7297225435465177,0.7204692450705702,0.7289831481762207,0.7175460952331418,0.7286831520105389,0.7194220824225622,0.7289577470762124,0.6742972664366338,0.5926770612289521,0.7403025702769198,0.7401607792819922,0.7406704288352016,0.7398837767233566,0.4634786533305878
0.7265612730984662,0.7342700011994321,0.7272460656209905,0.73187108758546,0.7257899253634307,0.7337278104744537,0.7272005118089248,0.733639368836826,0.7301436561072043,0.7159014834494123,0.743364916505261,0.7376469664039385,0.7438171274022832,0.7430026123580531,0.9623503278903328
0.7390252839868083,0.7418733473943971,0.7385477493519076,0.7437119757661653,0.738886432788079,0.7421447047248012,0.738598923068721,0.7430603202812228,0.679046840584774,0.7254396297622243,0.757080039784327,0.767393752127576,0.7589784932254963,0.7619022231700165,0.7445159223878486
0.7316965921582999,0.7204804325769135,0.7331482887742544,0.724713340534955,0.7324213975502563,0.7210567069891866,0.7325318547742177,0.721964508450708,0.7097031828136796,0.7284473887385249,0.6776946029419463,0.6867160700725341,0.678880711517957,0.6797728847896787,0.7344629066911258
0.7239595874993456,0.7141055577140337,0.728927177983189,0.7207150010332711,0.7258419369099941,0.7163254458491352,0.7265394252812285,0.7173548820888177,0.6773442650909627,0.6462694308773228,0.7013558079882741,0.7127183220299038,0.7068629235690324,0.7081356293650372,0.4819135151549185
0.722483379573889,0.7203775486925679,0.7284977349498547,0.7264811887272877,0.7255090630119887,0.7238856503478149,0.7255264701178227,0.723176255027988,0.7640955405666793,0.7299246308212721,0.7329215306496363,0.7380135641153212,0.7390060593451747,0.7348190009063285,0.8972350307091707
0.7193268073077527,0.7227790508532386,0.724575139438058,0.723665455433177,0.7207552076560998,0.7226063837728227,0.7211227808284908,0.7224455586557896,0.6778484237761567,0.6636546685267549,0.7275820551745799,0.7180339888449554,0.7200478506228384,0.7209841659113931,0.5311147439377205
0.7100141339056693,0.7186915914934623,0.7154625677551129,0.7230539348597343,0.7107429849426573,0.7180433824013098,0.711899557498534,0.7202257412772707,0.6566976774174762,0.6553571758826519,0.7105166727739097,0.7218308937128495,0.708917379658284,0.7157861065202327,0.6387621905944455
0.7192849290687326,0.7204772539147292,0.7216214093063448,0.7212060491827209,0.7188775908251632,0.7185468352443687,0.7205576584741697,0.7211716240741328,0.6356931453969521,0.6467181994512697,0.7240485787572631,0.7175102778286941,0.7195537409304865,0.7230633896678573,0.6294402465885054
0.7249908391352143,0.7236132887167136,0.7272617769514782,0.7277774195403376,0.724702884040257,0.7243610200444128,0.7261822253025538,0.726200570551741,0.6278487357555412,0.5787092886168012,0.7298853583206827,0.7409201602555711,0.7359893896445012,0.7362584635069576,0.442691466947864
0.7285033764330209,0.7325702648573654,0.7305506821335987,0.7366709763688662,0.7281928588146569,0.7350593244353333,0.7297009116596472,0.734937857931759,0.559014020353535,0.5701600103109139,0.7504842171386693,0.7544580900259237,0.7564559332171742,0.7524124326917951,0.5530614536991395
0.7363817201486678,0.7440381011558482,0.7405797480950012,0.7471737571299002,0.7382050815280993,0.7467425376869056,0.7388121767873328,0.7454720691377799,0.5642097250213706,0.5658044292995753,0.7669737737528136,0.7681793186519679,0.7701089641900501,0.7665404915498215,0.5570932672768982
0.748495000785217,0.7530530927561174,0.7496923197779466,0.7539137554624588,0.7502873637947625,0.7542712887884705,0.7489737164791812,0.752512647751678,0.5632222062766091,0.5884778184899297,0.7710830759566559,0.767393752127576,0.7693287909916001,0.7665938049794745,0.6338245968706387
0.7590221431188818,0.7609301586459408,0.7618633637958575,0.7620643362810554,0.7627753361246197,0.7635120600522379,0.7597003785253506,0.7605739984673535,0.5060663351365742,0.5068721759560632,0.7766842904255876,0.7783654979182488,0.7819936025797728,0.7766966998987046,0.3436608908883301
0.7690886248233262,0.7673593613782619,0.7687920605409936,0.766564105514454,0.7712688216784126,0.7684936458393139,0.7674201631390949,0.7653351278367951,0.4621028242453738,0.412206088134663,0.7802177668429041,0.7755636439812512,0.7784568174134657,0.7748573865756785,0.2228739124918625
0.773710935455164,0.7694381643514608,0.7737306554243369,0.7707597584905163,0.7755649754245443,0.7716413312088202,0.7719091539158714,0.7685092140830895,0.4988359009236669,0.520379671119977,0.7735957702978588,0.7791510644426407,0.7779367019478326,0.7748573865756785,0.7367268370906049
0.7750876825629481,0.770911279331552,0.7742910262117364,0.7708335631899993,0.7764231659428394,0.7725608597330553,0.7722237031508239,0.7683772219635873,0.46449279431615154,0.4753790254930918,0.7738575092917342,0.7709811725889655,0.7743999167815255,0.768113237724583,0.3853777342393214
0.77661623828718,0.7735161377469729,0.7757731283877558,0.7721571297958904,0.7780719319688971,0.7742314468626667,0.7741376552753639,0.7709726698431165,0.48161630279471124,0.5567333967498737,0.778725854577815,0.7748042630076724,0.7775726211218891,0.7761635656021753,0.7194421392634374
0.7768675077213002,0.774990971030045,0.7761240147686508,0.7748113964715015,0.7777130522976101,0.7762206993162236,0.7738231060404116,0.7723564311367254,0.46807660549790864,0.4631430659680214,0.7779406375961891,0.7801199298227239,0.7801992042233376,0.7751239537239432,0.2759624044043169
0.7767261686646076,0.7764976712065104,0.7761240147686508,0.7750621456414182,0.7775882245858581,0.776758025829051,0.7737218105240711,0.773021257089142,0.49321944005940077,0.42495807241178873,0.779511071559441,0.7755636439812512,0.7778326788547058,0.7743509089939755,0.3485880852993234
0.7773962204889284,0.7766471239441612,0.7766267773442616,0.777263056201177,0.7781967596806492,0.7781651430266298,0.774505517939969,0.7749394792778176,0.41733877425379723,0.40241321762872156,0.7769460294194629,0.7816648773206945,0.7809793774217876,0.7787759236551688,0.3573235080625871
0.7792807412448306,0.7788581203198559,0.7788158893922335,0.7788176150770596,0.7793566171690115,0.7788431634255324,0.7770005864477263,0.7768225129396678,0.4360604491255217,0.4279375146184623,0.7832801130712453,0.7819267328288251,0.7801992042233376,0.7805885802633683,0.4789861085979437
0.7798879757106214,0.7798260891821601,0.7805965068475217,0.7804475268127442,0.7803916469456219,0.780144698952002,0.7778322759503119,0.7779890129981464,0.34609578599046165,0.3751646176083539,0.7817620269067685,0.7837073502841134,0.7827477700049411,0.7803220131151039,0.2696188235881372
0.7814165314348532,0.7817451981938895,0.7829951033019981,0.7843359885735315,0.7822120510753388,0.7831968742586418,0.7806845444367436,0.7817877740507981,0.35725300072171223,0.3606925710924258,0.7855834162173482,0.792112912095106,0.7893012248719217,0.7893852961561016,0.3317484780605697
0.7837512432602208,0.784891675691353,0.7852313493414333,0.7851389504418305,0.7848126284035056,0.7857431046709412,0.7835314815802101,0.7840537142709681,0.35208724607477926,0.3480481514165034,0.7911846306862796,0.7867448741784284,0.79083556549554,0.7885855947113081,0.3227593120646587
0.7852797989844527,0.7847907198077758,0.7843096179528137,0.7824447070870856,0.7840532598236809,0.7828895812881821,0.7840966039345313,0.7832363213229036,0.39637583948452676,0.4249542593147771,0.7845888080406217,0.7770562203775957,0.7771825345226641,0.7816015354267742,0.5787664751113246
0.7829974349578601,0.7804832441846111,0.7839482573515936,0.7816697813322984,0.7833459027904195,0.7808138605444649,0.7829503651969932,0.7804433430738286,0.4155101590886874,0.4748554084161003,0.771868292938282,0.7801199298227239,0.7766624190570307,0.7748573865756785,0.5746577066187466
0.7832539391718578,0.7813370121153266,0.7837911440467151,0.7820871154747727,0.7836475697604868,0.7819612753147358,0.7828970517673403,0.7803140440381654,0.4322840426704603,0.4343996861097341,0.7830445479767575,0.7829217837597215,0.7842561048552777,0.7800554459668392,0.3534882414970018
0.7836099042035282,0.7833457552021178,0.7843462777239522,0.7863542704769454,0.7842092944633708,0.7853441330052711,0.783126299514848,0.7837198743233236,0.41539535067522737,0.37203479676795775,0.7873632413757,0.7948885804812906,0.7921098483863417,0.7905315348936399,0.247305018084405
0.7848819557137622,0.7880787995472285,0.7863835135772081,0.7898798647995333,0.7863781759550619,0.7907894129881793,0.7843258516820388,0.7873410347313031,0.4632382212183419,0.4353477527720489,0.7975448882374497,0.7969310534447092,0.8016799729539957,0.7945833555472623,0.5619736647802313
0.7879809454012459,0.792080451857499,0.7915892010788449,0.7942814624949485,0.7920890437677164,0.7957718998540982,0.7883456842778698,0.7921275892895115,0.5382538721841261,0.6081800784947812,0.80008375647804,0.8030846578857787,0.8057368735859362,0.8017006984059285,0.9538447299402456
0.7951473590535517,0.7972870883049366,0.7983136505276389,0.8007683673521973,0.7992458325748316,0.8013300542669343,0.7954417017646745,0.7981975508629088,0.5841655903377905,0.6735254847922102,0.8077003611998116,0.8137421770666948,0.8124463630926065,0.8103374740097031,0.8042162973870686
0.8010521907553787,0.8023809610319218,0.8038178533085445,0.8039931774562145,0.8050035107793929,0.8052348681373179,0.8012475342538785,0.8018265700462256,0.5751071649185422,0.5517490279950602,0.8125687064858923,0.810442797664249,0.813044495878085,0.8090846084128593,0.3081961144007603
0.8066952834633303,0.8067802089931005,0.8084055618109927,0.8086044926353204,0.8107923959118924,0.8105080034411584,0.8063389667857335,0.8065472792151217,0.5619948793783707,0.42841388212455594,0.8155787049154583,0.8178271229935323,0.821054274048839,0.8159886975529138,0.1817435903835474
0.8104067423964821,0.8098875336298033,0.8113592919427062,0.8096362297913057,0.8138766806230985,0.8127058011307806,0.8096497307671804,0.8080772446282468,0.6478801000829865,0.6160758441841407,0.8161021829032088,0.8116997041032759,0.8171013965100252,0.8111371754544972,0.9913997683033104
0.8121865675548342,0.809585983176469,0.8129775589829533,0.8101494842232088,0.8141159337372897,0.8107815804728179,0.8107639814469266,0.8078088136870512,0.5655940815430915,0.5915221085363509,0.8089828822698005,0.8111759930870148,0.8069331391568927,0.8072719518046598,0.5424146372407711
0.8129508454169502,0.8102312389544429,0.8137421770666947,0.8126214119772731,0.8149221127090215,0.8126801396323003,0.8112917844004907,0.8095313720505418,0.4488784341130737,0.46789409243656044,0.811521750510391,0.8175652674854017,0.8164772579512652,0.8129764887775233,0.2206380602369795
0.812029524158509,0.8094748593675242,0.8140459294561262,0.8124014611886509,0.8144228018620133,0.8119694069692152,0.8110358799381565,0.8089559434007576,0.43048163377364024,0.3840000991922378,0.8079621001936869,0.8119615596114067,0.8105479416430449,0.807805086101189,0.2162121127035925
0.8106632466104801,0.8092323453034537,0.8124171881955539,0.8114954463559906,0.8120926845759759,0.811114167185694,0.8090686143839634,0.8080214188611544,0.5093471103429484,0.4480237238715215,0.8087473171753127,0.8096834166906701,0.8094036876186516,0.8061523697819482,0.5760709732300889
0.810715594409255,0.8116095375013305,0.8129723218727907,0.8124887550671472,0.8126596104335162,0.8140547867230383,0.8100015994028897,0.8106149794238124,0.4192896853375928,0.47905336367319173,0.8163639218970841,0.8144753724894604,0.819936025797727,0.8158021005491283,0.5411126432765322
0.8117363764853687,0.8124352892176767,0.8119615596114066,0.8103665639714629,0.8132265362910566,0.8126257806302237,0.8103641307245295,0.8101048557534947,0.393200929282593,0.4566925281040517,0.8140867926503691,0.8061221817800939,0.8097677684445946,0.8090846084128593,0.4119708569657716
0.8105166727739098,0.8100979367961498,0.8095682002670926,0.8087771995689194,0.8117546095233141,0.8114563951243334,0.8086101188889483,0.8081387137022018,0.39959255492397056,0.38866041488399033,0.8054232319530962,0.8055984707638326,0.809117624112553,0.8042064295996163,0.2525961884438676
0.8101659425221168,0.8088014408423406,0.8069234596349736,0.805430751862883,0.809211244896367,0.8069146362523253,0.8096977128538679,0.8098401611100637,0.477162277116728,0.4604605178117869,0.8062084489347222,0.7987378564508105,0.797831118508309,0.8132430559257877,0.60406072366738
0.8084803434015599,0.8059740677524031,0.8064049857288751,0.8059841836286479,0.808477882089824,0.8065220486968623,0.809297862131471,0.8079444794633636,0.41954176468018983,0.40296314889032386,0.8003193215725278,0.8070910471601773,0.8057368735859362,0.8041531161699633,0.2879684110473979
0.8066952834633303,0.8064622525702475,0.8043206158841553,0.8053406301743858,0.8057212701219673,0.8063990211173891,0.806914751825985,0.8065918359828087,0.3727094993562825,0.3709592048125476,0.8074386222059363,0.8040535232658619,0.8061529659584429,0.8038865490216986,0.3069513166569952
0.8043029890593101,0.8050166085902543,0.8026866375134201,0.8028778500917301,0.8033547447533353,0.8035777279454046,0.804584954950152,0.8035397653331039,0.35098928662793955,0.3484294009830508,0.8021253206302675,0.7979522899264186,0.7979351416014356,0.7974356240336942,0.3033697933240571
0.8034340155996441,0.8037038606117582,0.8022257718191103,0.8030166141585812,0.8016175590981198,0.8025290505757616,0.8035453430719199,0.8020293002915544,0.427007847321449,0.443182597959172,0.8010783646547662,0.8032941422922832,0.8004316958364756,0.7990083702084556,0.6326889919114145
0.8048107627074282,0.8068333018990531,0.8059441200345651,0.8077876086150821,0.8057316724312799,0.8078199287752107,0.8038012475342541,0.8061937262735223,0.4034970809128932,0.4576240291809817,0.8130921844736428,0.8173295975280841,0.8184016851741086,0.8145225782374581,0.4865068916246013
0.8087787258545779,0.8112752470354607,0.8099714577496139,0.8142676509885286,0.8095285153304033,0.8134536485439918,0.807533187609959,0.8117334230318445,0.4085274365069956,0.40945608245995774,0.820159137308276,0.8272277357354214,0.8247210880815542,0.8228128165484887,0.3131201890179096
0.8130084279956028,0.8170458756606608,0.8150147948362095,0.8192685035586323,0.8142563649130107,0.8188998369864877,0.8120968171882499,0.8167238476589471,0.500715888694075,0.5289352475041027,0.8285871329110611,0.8292702086988399,0.8297922138714796,0.8267046969131526,0.7678935775923926
0.8179919384389887,0.8203782080561727,0.8200581319228052,0.8205686608255537,0.8202116869945127,0.8218371419939738,0.8173801780668551,0.819100041248205,0.5977404373119024,0.615454343807133,0.8270428728471967,0.8231689753593967,0.827711752008946,0.8238524284267208,0.7884925364131937
0.8199759200125634,0.8172515628783286,0.8162926497158868,0.8085346843029332,0.8182404493797624,0.8114165972502237,0.8187663272378313,0.8147130661865821,0.5887007306557182,0.6061330487482532,0.8109982725226405,0.7844667312576921,0.7905755077627233,0.8059391160633365,0.5874904586304937
0.8129456106370727,0.8041479211176155,0.8132865484825474,0.8064561533224177,0.8103971081580111,0.8006727245219333,0.8157594498054059,0.8096381078161654,0.6832498268514415,0.7238394900332416,0.7779406375961891,0.8022990913613868,0.7791849790653526,0.799488191075332,0.9592523726032184
0.8067319269224729,0.7991288536568361,0.8024666788865904,0.7953468981334906,0.8001976438769407,0.7916897385733562,0.8079223756464256,0.8009678871286386,0.7796980455531498,0.7476800875309779,0.7890907187352773,0.7731283877556365,0.7737237666762021,0.7836274457535854,0.7953612825264506
0.79575982829922,0.7906614490361562,0.7911911807064863,0.7878621713551001,0.7894416560476426,0.7864639172905671,0.7983686090526205,0.7936238794004683,0.7597401003741673,0.7211546755864786,0.7737266397947965,0.7728927177983189,0.776012274724989,0.7789358639441277,0.6681038516974798
0.7854630162801655,0.785627236941412,0.7846657414438714,0.7887553739188409,0.779564663355265,0.7837515410427306,0.7911606333635444,0.7916867695940923,0.6806054895892479,0.6117096112205181,0.7755588127519236,0.7905417790463223,0.7783267885470576,0.7878125499813404,0.3928194824885971
0.7796524106161336,0.784399906028435,0.7833721752337061,0.7851698826815158,0.7773593737809794,0.7823507139922524,0.7852428426720692,0.7865745672647151,0.6372646895493146,0.5314018936239543,0.7819452442024811,0.7779989002068659,0.7795490598912959,0.7763501626059606,0.3707864584308268
0.781830079045176,0.7858762639327573,0.7795857445861374,0.7845689011621917,0.7789093178685669,0.7838787091625982,0.7829556965399586,0.7870671983147363,0.50813538241393,0.4588032080580681,0.7888289797414018,0.7833669381235435,0.7869346995032896,0.7880524604147785,0.3136058369262958
0.7827461655237395,0.7884745596645365,0.7824033098536228,0.7854513388058156,0.7826281434478455,0.7866917709659305,0.784128591992323,0.7878754398816268,0.44303755607829426,0.4624928556548027,0.793671151128095,0.7872162140930636,0.7923178945725952,0.7894919230154078,0.4698721508482719
0.7874103543945976,0.7913322344927197,0.7898766660556704,0.7937207254733961,0.7869034925753517,0.7902575207647938,0.7897584901636724,0.7942787448547094,0.44058539811689246,0.5269429244000252,0.7970475841490864,0.8102594988085574,0.7973890203625206,0.8070853548008745,0.6558430618904703
0.7966130974192535,0.8014123322868808,0.7959150540731625,0.8027250566935248,0.795948300522716,0.8013552899378222,0.7967905315348938,0.8038434155156221,0.5578569928099151,0.6776877682512535,0.821572527875203,0.820733719133782,0.8235508282838792,0.8229727568374474,0.9791774559537104
0.8032560330838088,0.8059948623663398,0.8021576893869963,0.8048873967210283,0.8029126466075469,0.8056937900636982,0.8036626326171564,0.8061324996828393,0.5528185257518181,0.5669898865476166,0.8151599225252576,0.8092120767760351,0.8143707903154501,0.8107106680172738,0.3455941231403428
0.8058158404439093,0.8045392470915279,0.804514388960172,0.801641743143826,0.8056588562660911,0.8040177759744691,0.805437969824599,0.8030647152725567,0.5943617005788256,0.5517671613855221,0.8016280165419044,0.7951504359894213,0.8006657477960107,0.7969291464519914,0.521321711061333
0.8059205360414594,0.8010910410996339,0.8080442012097725,0.8027162538762397,0.8067771045172029,0.801981562592364,0.8077091219278136,0.8023257046921982,0.6779761273375055,0.663826202470905,0.7941946291158458,0.804865275341067,0.7979091358281539,0.8008476835314815,0.8879442846416707
0.8077108307595665,0.8027270466462966,0.8090078294796932,0.8068367159702134,0.808197019738382,0.8028172405510481,0.8084874980007465,0.8052095481833116,0.6119573378591141,0.5511338398134412,0.805999057739622,0.815077640158161,0.8044885964684162,0.8109772351655382,0.3257491144985139
0.8062293880542324,0.8065398025470416,0.8047133991463513,0.8043116664691663,0.8035159805476816,0.8019267044774913,0.8061950205256705,0.8073098219428969,0.49662313514322964,0.5015913740003901,0.8141653143485316,0.7992615674670718,0.8001456323303774,0.8115103694620676,0.4025064423742878
0.8036277024551118,0.8050770332079127,0.8048705124512295,0.8062069920795866,0.801992042233376,0.8035348358996345,0.8059817668070588,0.8080880144366697,0.5126366209720861,0.4762814334284684,0.802151494529655,0.809997643300427,0.8067510987439211,0.8096443994242151,0.425661552284625
0.8045542584934303,0.8054716210497742,0.8073214800073322,0.8066064193097023,0.8034951759290564,0.8050836960245605,0.8073839100069307,0.8067052971082304,0.4807947570824519,0.43822508615669964,0.8062607967334973,0.8074052737699338,0.8081814162744129,0.8039398624513516,0.3621123916131621
0.8070669528346333,0.8059004476404695,0.8085469637853834,0.8080685109502426,0.8063870179179778,0.8075119126072942,0.8089459934957617,0.8073562317306989,0.5009057801460479,0.6216498574243499,0.8067581008218604,0.8109926942313233,0.8123683457727616,0.808658100975636,0.9884993999596504
0.8070669528346333,0.8059333176735204,0.8068134803215588,0.8075157482465075,0.8065430525576678,0.8067641982938181,0.807277283147625,0.8057820489620843,0.5427815249968282,0.592809184533705,0.805999057739622,0.8064102228390375,0.805268769666866,0.8026336834248546,0.5351278387524152
0.8055383971104014,0.8061297236914711,0.8070596244992014,0.8051745949494334,0.8060957532572232,0.8038125108052633,0.8056085727994884,0.8049103052151843,0.5372509624564008,0.5201573329131871,0.8065225357273725,0.8004922883552856,0.7979091358281539,0.8031668177213842,0.3748536296721512
0.8060985185572946,0.805737183049021,0.8064887794914766,0.80583086938689,0.8068083114451408,0.805979637098012,0.8050647758170285,0.8055820083140947,0.5909051769859046,0.5780824302528395,0.8049521017641207,0.8071434182618031,0.8103138896835097,0.8069254145119156,0.6939326249321444
0.8049625713238757,0.8040184755548151,0.8017334834638248,0.7984301774684847,0.8022104907289419,0.7990505289631473,0.8033960654688916,0.8022534424462858,0.6556654416276172,0.6140261917758011,0.8005810605664031,0.7836287936316741,0.785192312693418,0.795596310710668,0.6859137148217245
0.8002565042139977,0.7970882387940335,0.7966744350467414,0.7941859356942919,0.7971237614750475,0.7950119191431947,0.7985498747134403,0.796311344030317,0.5819399294094645,0.6159747408068299,0.7832277652724703,0.7856974521459061,0.7869346995032896,0.7844271471983792,0.6198718388688875
0.7968748364131287,0.7944223987744481,0.7912540260284376,0.7892266830453676,0.7931084700803578,0.7917387169932691,0.7952231167030976,0.7928741938112583,0.5918292599225043,0.6055079909770912,0.7890907187352773,0.779308177747519,0.785192312693418,0.7859998933731409,0.5845744913176136
0.7913469088624823,0.7892425651743454,0.7860902354081019,0.7843755671147807,0.7893428341091722,0.7875194633195881,0.7894919230154077,0.7867530789684837,0.5749651103055109,0.5005162878471223,0.7788828979741401,0.774673335253607,0.7790809559722259,0.7745108492829345,0.2905328815871846
0.7885881798670366,0.7898811957118609,0.7822566707690697,0.785575576432068,0.7854835773541726,0.7886855108492293,0.7853761262462016,0.7866175295342841,0.5024434225386386,0.44411892059734237,0.791158456786892,0.7879755950666423,0.7910176059085118,0.7863464306658849,0.3313241860977826
0.7869601633251321,0.7907344564268676,0.7844562570373668,0.7885926259457653,0.7874600161235795,0.7908151760796369,0.784603081516234,0.7883220487097997,0.543426698363772,0.5930226450473589,0.7924409778568812,0.7946267249731598,0.795074506540452,0.7917310870608307,0.8908300939473919
0.7891011882950322,0.7918006009919019,0.7860849982979392,0.7903421367800996,0.7888851324994149,0.7918968778472469,0.786165165005065,0.7896272206873777,0.5415267439127621,0.5988057855695187,0.7939328901219703,0.7938411584487681,0.794060281382467,0.7922375646425337,0.6103720666138381
0.7885463016280165,0.7899724957946676,0.7883317185576999,0.7904086842021738,0.7895924895326762,0.7908409511847396,0.7863730873807113,0.7887646488753761,0.49074107582970905,0.509419240680462,0.7863162854001989,0.7905417790463223,0.7887290978597249,0.787039505251373,0.3306461509023483
0.792430508297126,0.7927496409696744,0.7925266437979523,0.7921551099530723,0.7933581255038619,0.7931970127325444,0.7904355707202646,0.7907841879104843,0.6238385527484344,0.6582862491805782,0.7983039313196879,0.7956479614548693,0.7979091358281539,0.7948232659807006,0.9560202661808108
0.7933989425744647,0.793833303370978,0.7932493650003928,0.7919664736616632,0.79416950563025,0.793822844001847,0.791299248280642,0.7907443980962469,0.613799888103394,0.5325677870779125,0.7960006281735853,0.7915892010788448,0.795074506540452,0.790664818467772,0.2811308628725813
0.792016960686803,0.7910658917201764,0.7913063971300638,0.7896149443149468,0.7926455673159443,0.791700167657539,0.7899930692541453,0.7888963293736135,0.5819890141659438,0.5989704328053219,0.7855310684185729,0.7849118856215143,0.7874548149689232,0.7852001919283469,0.7317757242601408
0.7913573784222373,0.7909222540798314,0.7889601717772134,0.7871133067714702,0.7913244740332355,0.7902850500946671,0.7889054752892255,0.7881974178550539,0.5257563940174832,0.509049943827393,0.7906349787991415,0.7821100316845166,0.7874548149689232,0.7867995948179347,0.3292089658715351
0.7901743181699209,0.7874151640994266,0.78634685380607,0.7839006009111817,0.7894884664395497,0.7867063866935434,0.7874980007463881,0.7854656560824314,0.5481550579137731,0.48691311934619436,0.7804009841386169,0.7774751891906049,0.7795490598912959,0.7800021325371862,0.442639470383797
0.7867978851489295,0.7854173648045278,0.7830788970645999,0.7823697931899609,0.7864353886562817,0.7853521734329671,0.7839633203603988,0.7826937254052058,0.4891152472644607,0.544882483875546,0.7814217662147306,0.779308177747519,0.7826437469118145,0.7771498640507546,0.6608212129342492
0.7841386169711563,0.7845130056312585,0.7787739925109326,0.7782680882301435,0.781000182040413,0.7795342734423475,0.781670842885323,0.7815299606342679,0.5427453353882374,0.5463487570808524,0.7827042872847197,0.7700646783105085,0.7678984734611084,0.7792024310923922,0.5492813034914652
0.7794325498612784,0.7770089147105667,0.7728874806881565,0.7706718343226401,0.7752581072998206,0.772604329383552,0.7762541984325853,0.7737256303110648,0.484741504281397,0.5114846942958811,0.7620007328691828,0.7554793265076332,0.7587444412659611,0.7581169696646586,0.4417565687259385
0.7717583625608543,0.7687606239060516,0.7659744952735084,0.7629629244188519,0.7684966062465868,0.7662853228232859,0.7691635122887457,0.7662658082402887,0.602194047017373,0.6464803560477258,0.7522640422970214,0.7475451046112758,0.753647309702754,0.7513461640987364,0.9164716795514152
0.7694602941946291,0.7688106300398648,0.7659744952735081,0.7678003460094361,0.767487582243258,0.769024861840408,0.7675960974569496,0.7682322249529276,0.6149893615029918,0.5998589183024475,0.7689106423074911,0.7774751891906049,0.7745039398746522,0.7721650583782056,0.506616042811891
0.7683400513008427,0.7711472706085095,0.7669433606535916,0.7732510655556025,0.7664213455387097,0.7717874290232961,0.7687370048515222,0.7731062836431578,0.6758255494476924,0.7215733297542157,0.7758205517457989,0.7841525046479354,0.7773125633890724,0.782854401023618,0.9650021526577522
0.7656336701041722,0.7704889741727952,0.7702689256068503,0.7777315447293359,0.7676384157282917,0.772519560818537,0.7704590286293118,0.778008372422552,0.7520468967410633,0.7911782331555837,0.7691723813013663,0.7866925030768024,0.7739838244090188,0.7878125499813404,0.9303880399583194
0.7713605192901638,0.777204309048244,0.7757469428369428,0.7794441673722557,0.7719553740930486,0.77512278490894,0.7769206163032469,0.7821472176264793,0.826259512771396,0.7983920383962565,0.7906349787991415,0.7828694126580953,0.7803292330897459,0.790424908034334,0.812819648877602
0.7761241689786944,0.7768303029453875,0.7811202178637829,0.7777666048299959,0.7758146308480482,0.7743963877652108,0.782182651809991,0.7806502589618054,0.8184413093982748,0.8247215798261075,0.7760822907396744,0.7744114797454764,0.7729435934777521,0.7776563416324573,0.8773806626858096
0.7772444118724808,0.7760574875557325,0.7804027337715049,0.7764736594630691,0.7757626193014849,0.7743455525574191,0.7818254518313165,0.777226525469481,0.7960476371721354,0.6813636137778031,0.7745118567764225,0.7738877687292154,0.7742438821418355,0.7703790584848325,0.3946476816811944
0.7772444118724807,0.7759785089524213,0.7812144858467098,0.7803861946500327,0.7766260109744363,0.7767735422895559,0.781873433918004,0.7791824541320059,0.7265007768286671,0.659998359498672,0.7758205517457989,0.7882112650239599,0.7816295217538293,0.7830943114570561,0.6172678509404098
0.7789771240119353,0.7765976533011605,0.7798842598654063,0.7802712541567834,0.7783579954749954,0.7787302771636421,0.779580956442928,0.7782383569566574,0.6508511837537775,0.6240455978604053,0.777835941998639,0.7800413731702849,0.7826437469118145,0.7763501626059606,0.5521400745838715
0.7777521855205988,0.77923519764826,0.7810050014402055,0.7830052096152191,0.7800899799755546,0.7821499033066086,0.7785893266513837,0.7806478243299755,0.5603339011358128,0.5361081438361965,0.7845102863424592,0.7884731205320905,0.7889891555925416,0.7854667590766116,0.3602332357877791
0.7796419410563785,0.7813338212383644,0.7822828563198827,0.7822703911247673,0.7825397238186877,0.7831640397688785,0.7796289385296158,0.7813833498945231,0.4913259331823352,0.5348523701969382,0.7855310684185729,0.7808007541438635,0.785192312693418,0.782854401023618,0.5323408229184214
0.7818981311835836,0.7828201499630589,0.7864830186702979,0.7864764542436085,0.7859984916651497,0.785955266970634,0.7835314815802101,0.7842194911756168,0.5359460566845742,0.5624843465287552,0.7857928074124482,0.7948885804812906,0.7915377213741451,0.7898917737378046,0.6177482991923893
0.7863948070983614,0.7879814104152686,0.7885359658540418,0.7904763031432989,0.789353236418485,0.7901045931539246,0.7858079650263903,0.7876385703463967,0.5540712269733217,0.6109541318138856,0.7983039313196879,0.7984760009426799,0.7984032455205056,0.7944767286879566,0.7078937023841464
0.7883421452127937,0.7878451511337792,0.7919662730105529,0.7927151717464792,0.7914857098275818,0.7911717667550492,0.7890387588633578,0.7892604241611972,0.5129465204939258,0.5228082686048877,0.7875726325708005,0.79719290895284,0.7933061139572987,0.7925041317907981,0.3465165421868922
0.7913626132021148,0.7917676428522076,0.794841446489827,0.7960931104738065,0.7947416326424467,0.7958707677256548,0.7915444900570454,0.7921720877891482,0.4761789180970921,0.40733725367112883,0.7996126262890645,0.802848987928461,0.805268769666866,0.7979954150450499,0.176395223803611
0.7942731508140082,0.794539680727485,0.7980203723585326,0.7962938681450016,0.7979923543026552,0.7977291521485901,0.7944234152583036,0.7938644008694018,0.5109346694370436,0.5069313623201455,0.80008375647804,0.7966953834873918,0.8014459209944608,0.7972490270299089,0.7061195796181787
0.7960058629534628,0.7945119098548971,0.7989892377386159,0.7974402145572367,0.7994174706784907,0.7980405358501675,0.7961401076931279,0.7954013458835766,0.55428254100969,0.6161167938986375,0.7944563681097209,0.7997329073817068,0.7986633032533222,0.7984752359119263,0.8344876570556217
0.7947861592420038,0.7937430774907291,0.7980622692398336,0.7962405291877471,0.7988037344290433,0.7971385453245347,0.7956922748840434,0.7943467521365623,0.5925734347474318,0.7105272529567102,0.7922054127623933,0.7938411584487681,0.7953345642732687,0.7922375646425337,0.8993481710728555
0.7974401926398994,0.7961096515139122,0.7996491136191051,0.7992027297415639,0.8010402309312668,0.7995885623724952,0.7974142986618331,0.7966025849842904,0.6930911125392833,0.7567198123531901,0.8008427995602784,0.8051271308491976,0.8044885964684162,0.8011142506797464,0.8491049311461498
0.7990682091818038,0.7999906706754704,0.8016444525910604,0.8037437140904551,0.8021012664811588,0.8032503573871056,0.7996001492776031,0.800709946030827,0.7713220230407174,0.6936631336723872,0.8077527089985864,0.8128256827882374,0.8105739474163264,0.8089246681239006,0.5675497763107813
0.8018374077370046,0.8046370302016616,0.8091649427845716,0.8139284208786194,0.8057108678126544,0.8086648808087166,0.8065149011035881,0.8110808927404959,0.7730374936824174,0.7006744000571511,0.8139297492540439,0.8342978344549479,0.8194939276519387,0.8318227861598337,0.7146969328266788
0.8096162906349788,0.8142082810009715,0.8169472884862135,0.8221671592157183,0.813372168621434,0.8180998563048844,0.8141173961720959,0.8195498322451522,0.7975241316053834,0.7860898822615847,0.8333507825995915,0.838644635889916,0.8369698072972199,0.8364877112544651,0.956920846670452
0.8194786159242003,0.8233112004034814,0.8258556128728168,0.8275723662710739,0.8225678100538321,0.8258374946816759,0.8238097776829985,0.826599712229117,0.7840380947626981,0.8013659171275326,0.8415170392085013,0.8383827803817854,0.8413127714352587,0.8406994721970467,0.8319179868594282
0.8284824373135109,0.8308281024379314,0.8350676896488519,0.83544408242384,0.8319142849712635,0.8342986534729754,0.833811377085888,0.834773890717476,0.7806264962011309,0.8115929241977932,0.8458619065068312,0.8511875147293724,0.8512209710555744,0.8511222476941942,0.8320469383383146
0.8365701722242578,0.8366158628093947,0.8385922647882899,0.8337789077777026,0.8368241749668426,0.8345735681133908,0.8411526363490964,0.8383929152916316,0.8443975782080321,0.8365303449136242,0.8481913835523215,0.8304485584854278,0.8351233973942215,0.8456309644399427,0.8864051863452862
0.8410145003402606,0.8364610384842823,0.8380790279923538,0.8330964886768909,0.8399656723792683,0.8347828503136161,0.8411526363490964,0.8362028722476991,0.9000415972512534,0.8886592392900118,0.8361513898340575,0.8317316504752679,0.8352014147140666,0.8318227861598337,0.9929170280427868
0.8411139611579331,0.8355900545521732,0.8369530493073922,0.8330692399396299,0.8398720515954542,0.8353558013351274,0.8407421229407689,0.8356136295694085,0.7855484909557175,0.7205912645909319,0.8338480866879546,0.8330147424651078,0.83650170337815,0.8344351442128273,0.384455315192772
0.8402345181385122,0.8360999777385808,0.8371049255021081,0.835093547078208,0.8396067927079812,0.8368993598893827,0.8395905528602656,0.8353896269777824,0.7472080964889839,0.693799514569208,0.8371198241113961,0.8391421613553642,0.8399864769978934,0.8349416217945302,0.64021601452576
0.8378160498351044,0.8353231734889844,0.8329361858126687,0.8335103034795305,0.8360804098509871,0.8357959255164561,0.8353468038598925,0.8335609188826311,0.6804490839245342,0.6286169682181606,0.8337695649897919,0.8303438162821757,0.8335890567706031,0.8299035026923283,0.4982518755160658
0.834628068889703,0.8342992752677615,0.8334389483882795,0.8333276594408475,0.8362312433360206,0.835823138617434,0.8320467025643762,0.8320840985758743,0.5954270061834313,0.5728429113586977,0.8322514788253154,0.8329623713634817,0.8358775648193898,0.8291304579623608,0.4612947976397719
0.8351881903365962,0.8358501825346821,0.8324386603472206,0.8311285097172227,0.8355238863027592,0.8344369689275425,0.8325638428320093,0.8328588948832497,0.5043385933057543,0.5610535954572656,0.8389519970685232,0.8267302102699732,0.8316646295477595,0.8344084874980007,0.5374749636544016
0.8358948856200596,0.8363606427248785,0.8335070308203936,0.8335378714218059,0.8357111278703873,0.8354372830237917,0.8330756517566776,0.834237326200889,0.6178970093656211,0.6914515288022124,0.8373815631052713,0.8383565948309724,0.8374379112162901,0.8369941888361678,0.9522473954921058
0.8372925718473537,0.8389431802325413,0.8362355652151144,0.8399535253908604,0.8374535146802591,0.8398576590316119,0.8358532814415952,0.8391014742069655,0.6431798186775817,0.7165110395633295,0.8441082552478668,0.8527848333289691,0.8486984110472525,0.8488297702191183,0.7666300610855634
0.8415222739883788,0.8442681453866666,0.8417554793265077,0.8459501458736209,0.8426234624086547,0.8463847044919351,0.8409500453164153,0.8445300901601199,0.6439886772282086,0.6451060824652867,0.854918075694917,0.8579433868391422,0.8594387954125816,0.8553873220664288,0.5022961682692008
0.8467779929853949,0.8490221215279098,0.846804053523266,0.8500351780315049,0.8472316854341664,0.8505626963102729,0.8465639494588688,0.8487533863316227,0.6884740256363859,0.6579779015370771,0.8585300738103961,0.858205242347273,0.8589186799469483,0.8571999786746283,0.6837215396806579
0.8503795215411192,0.8516679609676546,0.852219225431407,0.851292141957896,0.8522768054508102,0.8526718740838414,0.8502319134189904,0.8500850266539514,0.6904848367619867,0.6211616074521866,0.8569596398471443,0.8538060698106786,0.8568902296309783,0.8527483072986086,0.5475290192824057
0.853729780662723,0.8524895935495335,0.8556233470371051,0.8526538289250848,0.8566769822900685,0.8549275145267549,0.8540491549821401,0.8520834833199399,0.5677771052888825,0.5270106510103193,0.8541328587132911,0.8553772028594622,0.8594387954125816,0.8560803966519168,0.3387087381265845
0.8561430141862534,0.8537178699881952,0.8578910157375162,0.8564769448937314,0.8584141679452839,0.8557464561256132,0.8563576264861119,0.8548463647929525,0.5147903186557432,0.5185724766468351,0.8561744228655185,0.8641231768310247,0.8573843393233299,0.8603721277389775,0.501696127919867
0.8581008218604408,0.8573809513474147,0.8585037576265417,0.8579869953572444,0.8581593113671235,0.8565524749243355,0.8574079010502746,0.8567771414910491,0.5264030232882211,0.5325015482417536,0.8647071140658534,0.8610070962842704,0.8581645125217799,0.8606386948872422,0.5603596914315901
0.859179186515207,0.8595612665930189,0.8601482102176021,0.8608004986723543,0.8599016981769954,0.860245187948326,0.858612784560431,0.8589262264025025,0.4691778927248487,0.487532994449101,0.8639218970842274,0.8664275053025743,0.8676306139963071,0.8632243962254094,0.397595886863796
0.8605192901638485,0.8609275637587966,0.8616931577155726,0.8610439348817467,0.8613372168621435,0.8615193996511236,0.8601375486485047,0.8594081935146608,0.4941079573461785,0.5490817770957522,0.8636601580903521,0.8615308073005317,0.8640678230567186,0.8603721277389775,0.6721793423890549
0.8618070460137149,0.860808921826739,0.8625677551127289,0.8606126865362457,0.861950953111591,0.8618487586540219,0.8605747187716586,0.8590275447656696,0.534928379932654,0.5469914684168221,0.8605716379626235,0.8597501898452435,0.8625074766598185,0.8582662472676867,0.542810851058962
0.862686489033136,0.8607298272053671,0.8609128283013433,0.8590246386155296,0.8618521311731205,0.8601959156463407,0.8599936023884418,0.858507211784744,0.5470795609826102,0.5521449900010974,0.8605716379626235,0.8558485427740974,0.8568902296309783,0.857466545822893,0.5624520331696481
0.8617075851960424,0.8604240830970399,0.8609651994029696,0.8597727430078201,0.8625126778144748,0.860619692340411,0.8596257397238366,0.8586046017112348,0.5204910139537978,0.5105689787632411,0.8598125948803853,0.861268951792401,0.8614672457285518,0.8587993815642163,0.4274169562875284
0.8613463853844945,0.8609880214068558,0.8599334887009349,0.8602714792693472,0.8611343718305464,0.8606594895858289,0.8587940502212508,0.8587583840449834,0.5501431985374405,0.5223315891028306,0.8621158980264879,0.861268951792401,0.860739084076665,0.8590659487124808,0.5458568097820096
0.8614510809820446,0.8620532262972715,0.8621016523082565,0.8643048612919445,0.8620029646581543,0.8632432554554718,0.8607879724902704,0.8626195023913473,0.5197166811217114,0.5215699778386901,0.8641836360781029,0.872371625337139,0.8684107871947574,0.8703417390840755,0.520046755310409
0.8650578443176464,0.8675706357450584,0.8675115871062349,0.8718031954730083,0.8662523080123788,0.8700802347806285,0.8658260915924723,0.8695652825204636,0.5118021801119381,0.5154594338958253,0.8786054546406322,0.886799863835136,0.8837541934309417,0.8834568427786962,0.5032383460100956
0.8703659111134376,0.8740844144772323,0.8730315012176282,0.8756848347590269,0.8724936935999793,0.876085875710079,0.8710827957562511,0.8742935438942382,0.4896314691525183,0.49417244872139987,0.8871119719415798,0.8834481133310641,0.8880971575689803,0.8837500666417872,0.4515984783725491
0.8751557347013558,0.8773101805914801,0.877058838932677,0.8775917699618997,0.8771747327906796,0.8790147310340705,0.8756517566775074,0.8767437579863243,0.5014143065426235,0.4915586802269514,0.8837617128199758,0.8814056403676451,0.8848724416820534,0.8816441861704964,0.4863311432380547
0.8763387949536721,0.8742171868236768,0.8793317447432507,0.875939006923023,0.8791719761787118,0.8762515876949889,0.8778002878925204,0.8744320402533982,0.5578653122601658,0.6037430662745411,0.8680311992880699,0.8726334808452696,0.8707253010168258,0.8698086047875462,0.8281118383697205
0.8802020625032716,0.8773114491578181,0.8821178873497605,0.8793934507385779,0.8826515486437989,0.8794372749700571,0.8806578877219172,0.8778312729126189,0.6095378337399463,0.6619651650861315,0.8834999738261006,0.8863023383696877,0.8858086495201934,0.8846297382310604,0.778409362709312
0.880463801497147,0.8781790159752151,0.8808819293513841,0.8798023251068031,0.8822978701271682,0.8802867835959675,0.8795596310710669,0.8778760351165605,0.6405001237518223,0.6606600420805795,0.8799141496100088,0.8806200738432535,0.8819858008477882,0.8779655595244442,0.6580497960694757
0.8793330890436056,0.8792721472081011,0.8801120741574799,0.8797344958583834,0.8812004264946818,0.881061168866161,0.8784986938209736,0.8780658168748139,0.6210072358418555,0.5584847076612912,0.8814584096738732,0.879598837361544,0.8826099394065484,0.8784453803913206,0.3541340388227145
0.8793330890436056,0.880768669078726,0.8818088978501664,0.8831195835159479,0.8817413465789405,0.8832331266118897,0.8799701444793945,0.8817110244040762,0.6487919118304661,0.5807413128345634,0.8837617128199758,0.8898897588310772,0.887577042103347,0.8890014394626007,0.6252545231811081
0.8844841124430717,0.885107884814284,0.8869098431485508,0.8881257914563624,0.8871193404935896,0.8880271746046168,0.8852215173002079,0.8864958392332554,0.6292549308341704,0.6306365196857895,0.8937863162854002,0.8981382073371915,0.897615270590071,0.8960654688916139,0.7304269333882416
0.8886091189865466,0.891446925390681,0.890931943753437,0.894221474768948,0.8916755519725379,0.8948813520413896,0.8893906274990669,0.8928223225639557,0.6451952055008203,0.7064612584713804,0.9041250065434748,0.9064128413941188,0.9085897069149352,0.905475289225356,0.8581107360425623
0.8963932366643983,0.9005761962602098,0.898766660556705,0.9027455357991631,0.8991964216055963,0.9031176176986201,0.8975209255211387,0.9014205649209049,0.5957641519048421,0.6079390150107815,0.9188347379992672,0.9197936578595932,0.9195901490130808,0.9186170496348032,0.4108945280895837
0.9024237030832852,0.9042543780962427,0.9066485113514364,0.9081663876445091,0.905983928432112,0.907594236312122,0.9050807698459243,0.9063619106190192,0.7012425098949461,0.699134619598266,0.9116107417683084,0.9190080913352012,0.9165474735391258,0.9162446020152476,0.8815258287732346
0.9099984295660366,0.9100480338087394,0.9142266097567363,0.9147043420488649,0.9135620107663902,0.9135519754663273,0.9124753425387855,0.9128993747216486,0.67608428435049,0.63257754488512,0.921635345233733,0.9277802508575768,0.925467453774738,0.9259743029269074,0.499463395458828
0.9164476783751244,0.9153762093161056,0.9201026473591873,0.9189756931490587,0.9195745455491119,0.9182606318121115,0.9184037959161915,0.9171688284073133,0.6472721562559145,0.6171737942285347,0.926032560330838,0.9275183953494464,0.92767794450368,0.9257077357786428,0.5863662929153641
0.9217033973721405,0.920385340053589,0.9243237581502527,0.921823260549188,0.9235690323251763,0.9216944681398265,0.9235005597910113,0.9217655884713608,0.6554632789865245,0.7111379793842271,0.9304036015285556,0.9275183953494464,0.9285621407952566,0.9309591085994562,0.899066349695612
0.9216510495733654,0.9197812263708566,0.9251459844457829,0.9225171034785399,0.9237250669648663,0.9212530861637279,0.9240230314016102,0.9215868615435062,0.6542552948101188,0.6090435219920033,0.9185729990053918,0.9239047893372438,0.920370322211531,0.9212294076877968,0.4048546072075557
0.9253049259278647,0.9231475254275061,0.9286548482547332,0.927195539112344,0.9268925701505735,0.9249637205983726,0.9283200938316364,0.9269678790841303,0.6359096590897273,0.6692948980517611,0.9298801235408052,0.9365524103799524,0.932384989467662,0.9377299141653784,0.7897976501712766
0.9277809768099251,0.9267702168330157,0.9279321270522927,0.9261859076900207,0.9276103294931476,0.9263278972281178,0.9293703683957991,0.9283871446386606,0.7120093344231813,0.7395171894098733,0.934015599644035,0.9241666448453744,0.9290562504876084,0.9312256757477212,0.8799617721260978
0.9273674291996021,0.9258350853150848,0.9284977349498547,0.9275727500724328,0.9275323121733026,0.92664788412023,0.9299994668657036,0.928542505801829,0.7922082108814249,0.8221316846754428,0.923964822279223,0.9303464348372568,0.9272878579044548,0.9288532281281656,0.9873606752065822
0.9262838297649584,0.9255519249951689,0.9281416114587971,0.9269610926796746,0.9270954151821705,0.9265578080266854,0.9287359385829292,0.9272421595964141,0.683717795928045,0.6669592147598661,0.9249856043553368,0.9257377778941582,0.9263776558395964,0.9246414671855844,0.3566142749287126
0.9272051510233995,0.924761151762645,0.9274188902563566,0.9247377895614636,0.9278599849166514,0.925769595645769,0.9287892520125822,0.9253267646762966,0.7175673511494359,0.6360069376114142,0.9231796052975972,0.9202911833250412,0.9241931708839364,0.9214959748360614,0.5741023833145105
0.9269486468094017,0.9260399686653686,0.9264919217575743,0.9271310490029893,0.9280160195563416,0.9282347846525499,0.9271738550940984,0.926768819641851,0.6987820324832933,0.6559616440211308,0.928597602470816,0.9319175678860404,0.933165162666112,0.9296529295729596,0.6958710568405639
0.925299691147987,0.9259502528892333,0.9262353033596062,0.9257152169538377,0.9269705874704185,0.9267662197876976,0.9254944820600312,0.9254554832870289,0.6795753336619516,0.6986171886872166,0.9257708213369624,0.9228835528555344,0.923829090057993,0.9228288105773844,0.7839282780193884
0.925660890959535,0.9258904423718096,0.9288171986697741,0.9315621150985907,0.9276363352664292,0.9280496788199679,0.928405395319081,0.9314395869991577,0.6347690624603525,0.7201878988576734,0.9257708213369624,0.9432559113880964,0.9306165968845084,0.9434077944234154,0.7633293191985873
0.9304036015285554,0.9334933473146863,0.9328340621644978,0.9363154418549859,0.9319116843939355,0.9346179197056879,0.932921042810684,0.9366996262139717,0.7517030954594519,0.7938867458798522,0.9486991572004394,0.9458220953677764,0.947754401477128,0.9472197046435996,0.9412844399242096
0.9354551641103489,0.9384747042786455,0.938044986776297,0.9396588966980032,0.9369880113385172,0.9396035483394068,0.9382737111478383,0.9405528563165918,0.7125640337686485,0.6553935222067325,0.9484374182065644,0.9463458063840376,0.9495748056068448,0.9482593165218318,0.3784070748604932
0.9392137360623984,0.941446623596118,0.9404697687815865,0.9411197571028315,0.9397238186877488,0.9420170986970278,0.941728421389348,0.9426773978045642,0.7061455779002122,0.6581886073039493,0.947390462231063,0.944041477912488,0.9468441994122696,0.9469264807805088,0.6637787774983829
0.9442600638643144,0.9446319025129261,0.941344366178743,0.9364986846823262,0.9411853431461786,0.9383903032480658,0.9473903076184891,0.9454976791107396,0.6577550795443436,0.619451000282648,0.9510024603465425,0.9272565398413156,0.9311367123501418,0.9511382417230902,0.5419757862400452
0.944825420091085,0.9392871358322227,0.9384587184791433,0.9339416807515839,0.941242555847398,0.9358944222955795,0.9453324092338861,0.9413712202406264,0.630211667613004,0.6215047533690617,0.928597602470816,0.9288276728900992,0.9309026603906068,0.9331183025004,0.6256122595418894
0.9418363607810291,0.937442710771535,0.9379454816832073,0.9370464242970881,0.9391464905208957,0.9363543064785915,0.9444420749586822,0.9418368245829442,0.6003038679204077,0.6782516493997838,0.9337538606501596,0.9432559113880964,0.9372740748446156,0.94276803326758,0.7917454414612282
0.9404596136732449,0.9388130347369046,0.9378040797088169,0.9399105483687537,0.9378305983928433,0.9385679859745886,0.9435677347123741,0.9425204214853933,0.6116788442619712,0.5972617517892925,0.9415536826676436,0.9456387965120848,0.9429953449665828,0.9438876152902916,0.4352819565683099
0.9398105009684343,0.9405903227269397,0.9379716672340204,0.9415668374253378,0.9380334434244404,0.9416647988398106,0.9434131257663806,0.9437314263404427,0.583724035515733,0.572842745781926,0.9441448987070096,0.944879415538506,0.9478584245702548,0.9461534360505416,0.5240047337671926
0.9377637020363293,0.9406497037132989,0.9406687789677658,0.9412919244535726,0.9405403999687932,0.9423336975838423,0.9417284213893481,0.9433925241729376,0.6119421548624067,0.6095839581790883,0.9407684656860176,0.9407420985100424,0.943671495071906,0.9427147198379272,0.683066382973413
0.9406114222896926,0.9413785370547435,0.9427426745921602,0.9405936666397391,0.9411541362182406,0.9395462456018429,0.9433064989070749,0.9425979128116363,0.6240138851624685,0.635046275800125,0.9428362037376328,0.9391971510120718,0.9339713416378438,0.9410086900890338,0.6859709110421983
0.9410302046798931,0.9395349489035496,0.9421351698132974,0.9404685735910864,0.9412633604660237,0.9389708957624056,0.9423202004584958,0.9410107888826523,0.525739131158213,0.5234880743467337,0.935847772601162,0.9402183874937812,0.9378201960835308,0.9378365410246844,0.3003716714399512
0.9414961000889912,0.9409843525067444,0.9397627589096338,0.9382379630586469,0.9402283306894132,0.9385873292027807,0.9430612571306716,0.9432048254721584,0.6157399839018637,0.6440874563266769,0.943883159713134,0.933776741993768,0.9378201960835308,0.9475928986511706,0.8852862202865633
0.9397319792702715,0.9390976665423,0.9380554609966222,0.9376062840302474,0.9379606272592517,0.9378981886083361,0.9411366423202008,0.9409800043141682,0.6200829449189997,0.6112981505020754,0.9353242946134114,0.936342925973448,0.9365199074194468,0.9365303619981876,0.5457195388528725
0.9384913364393027,0.937586861538591,0.9367618947864571,0.9364956118399036,0.9366863443684498,0.9376988192781898,0.9397931438929469,0.9393190787766649,0.6054219937146552,0.6107859759852806,0.9345652515311732,0.9342742674592162,0.9373000806178972,0.9359972277016584,0.609761626951691
0.9370413024132335,0.936919918894823,0.9359291942706017,0.9360082907042008,0.9371960575247705,0.9373058486586089,0.9387855200725065,0.9382029095133871,0.5603715466481974,0.5607635425601568,0.9355860336072868,0.9350336484327948,0.9365199074194468,0.9359705709868318,0.460718675709909
0.9373553892058839,0.9370860147846866,0.9352064730681612,0.9362071209633266,0.935599303045276,0.9348160403344253,0.9381564216026019,0.9370322892339785,0.5662804361887765,0.48381440142105353,0.9374182065644138,0.9366047814815786,0.9298364236860585,0.9346910486751614,0.329916119142847
0.9359053551798147,0.9369350063840537,0.9349969886616567,0.935047853962633,0.9347775206095752,0.9344477881912926,0.9354161113184414,0.9359853085661082,0.48688709050105966,0.4853160982300286,0.936632989582788,0.9327293199612456,0.9337112839050268,0.9338913472303674,0.4883194918479786
0.934617599329948,0.9342518427107288,0.9321532378433581,0.9307399599357405,0.9328270876134501,0.931887772940469,0.934152583035667,0.9340611125721772,0.49057177501710675,0.5115917192977218,0.9288855153640788,0.9221241718819556,0.9267677424388217,0.9302127205843154,0.5641429614331085
0.9335811129142018,0.9326288349579664,0.9325669695462047,0.932607615281643,0.931438379320209,0.9313773616775433,0.9337314069414087,0.9340045241249072,0.4738752623226657,0.516487500691643,0.9293828194524416,0.936342925973448,0.9303565391516918,0.9338913472303674,0.5262790634794852
0.9319269224729098,0.9308575837722532,0.9310167849380713,0.9308326519851383,0.9294359347775206,0.9297541360203638,0.9320520339073415,0.9318609180221032,0.5356505082144171,0.6008566355173174,0.927315081400827,0.9272827253921287,0.9265076847060048,0.9275737058164956,0.7695949051686664
0.9306286970632884,0.930880749020271,0.9284767865092045,0.9285233644358403,0.9288221985280734,0.928758671493183,0.931262995148478,0.9314892303083505,0.5711005176777918,0.569626479164785,0.9309270795163064,0.9239047893372438,0.9267677424388217,0.9307458548808448,0.5071661664597202
0.9299586452389675,0.9316814095005753,0.9295084972112388,0.9316448674476997,0.9294099290042391,0.9313890930907406,0.9321053473369943,0.9336938562632167,0.5574370685585096,0.5197517348603792,0.933282730461184,0.9378878734714184,0.9366499362858556,0.9381031081729488,0.4200022462515676
0.9316128356802595,0.9335064288572298,0.9321427636230328,0.932861746278775,0.9314123735469275,0.9331860504445816,0.9330010129551637,0.9340262537338649,0.5625701693632085,0.5431039783924536,0.9371564675705388,0.9352955039409256,0.9367799651522638,0.9346910486751614,0.5898084654566026
0.937873632413757,0.9425665536114627,0.9372122862604415,0.9424713439060137,0.938043845733753,0.9432953336583275,0.9384816335234849,0.9431156525132344,0.5792698018514935,0.5653283942352728,0.9606868031199286,0.9616905391604912,0.9635139000858192,0.9612944500719732,0.6097772259209111
0.9470292624195153,0.9527421128841812,0.9453874152242794,0.9510336860077816,0.9471198606090553,0.9528261421330572,0.9471717225569123,0.9524184853367005,0.5460182071168738,0.5779979066553708,0.9730932314296182,0.9681583702113176,0.9718877590825162,0.9710241509836328,0.6033369314955667
0.9555148406009527,0.9596130653972853,0.9549608526015346,0.9579464494130278,0.9567576001872418,0.9602029081986226,0.9559631071066802,0.9598465827676953,0.5494406209637667,0.560091349668309,0.9733549704234936,0.9717719762235202,0.9749564403297534,0.974702777629685,0.5242782356941853
0.9644610794116106,0.9657466851030149,0.9630888475739088,0.9648069157197817,0.9652666892050036,0.9665337325906368,0.9637095484352509,0.9655094934503975,0.5568332844565631,0.5257160876840559,0.978013924514474,0.9785278483332898,0.9791953813746652,0.9768353148158022,0.4569655637155496
0.9715960843846515,0.9681082875472576,0.9705412553353062,0.9673904580624918,0.9725639091878397,0.9687778434159062,0.971136109185904,0.9676142797764072,0.5402482523954817,0.5194384935064358,0.9728314924357432,0.972557542747912,0.973266065066445,0.9718238524284268,0.5068833051511955
0.9745432654556876,0.9705464278565413,0.9734897483568569,0.9704046401310761,0.9748784230099083,0.9708807186759913,0.9738177746974465,0.9699771123941665,0.5200794091526431,0.5159366655731966,0.9754227084751084,0.976433004268245,0.9750864691961616,0.974702777629685,0.5089330097067185
0.9756320996702087,0.9732100860717691,0.9776323024954833,0.9765601403888672,0.9769536837177855,0.9746751666579616,0.977085887935171,0.9757729806535296,0.5002911807587754,0.5120897068908737,0.9785374025022244,0.988871140904449,0.982264062621902,0.9873647171722556,0.5043957895262281
0.977961576715699,0.977140842598161,0.9798057032129673,0.9785864201962249,0.9789821340337556,0.9781496750751758,0.9788825505144748,0.978410683944421,0.5410955884035182,0.5841598958998823,0.9850023556509448,0.9826389798109404,0.985098691909604,0.983686090526204,0.7283002739178994
0.9795163063393183,0.9800230859429643,0.9808897850166278,0.9803736992480143,0.98026681923387,0.9806393858418629,0.980561923548542,0.9806845159583268,0.584207187589044,0.6136144504809811,0.9857875726325706,0.9839482573515934,0.9856188073752372,0.9852321799861384,0.6725235596431787
0.9817934355860334,0.9814211035184158,0.9837859069365524,0.9825951836145211,0.9830442358203519,0.9828106398941938,0.9833502159193902,0.9823781153997739,0.5980667677479872,0.6011367023026244,0.9842171386693188,0.9870381523475348,0.9871531479988556,0.985765314282668,0.576181205945911
0.9833429304297752,0.9820041299102164,0.9853936997564745,0.983220778532299,0.9841468806074948,0.9820736576400876,0.9850082635815964,0.9825830822467544,0.6167483012722519,0.601538027311097,0.9831701826938176,0.9844719683678548,0.9805996931318752,0.9829930159407154,0.6023406773280421
0.9843218342668688,0.9824800605027084,0.9843043808426511,0.98328870113331,0.9849322549606011,0.9834460832225363,0.9843258516820388,0.9830396073893256,0.5781949288790995,0.5049016607275535,0.9834319216876928,0.9834245463353322,0.986190934387434,0.9839526576744682,0.3116289275604668
0.9851489294875148,0.9846993175865304,0.986792008169892,0.9872181729045882,0.986627831378566,0.9868229134815003,0.9864850455829824,0.9868537582698577,0.541010106052192,0.5173931604128228,0.9891378317541744,0.9950771164471448,0.993576573999428,0.994482060030922,0.5423761597833615
0.9879914149610007,0.989799545057687,0.9896881300898167,0.9909550709201311,0.9894780641302369,0.991171932698864,0.9891667110945248,0.9907826746945219,0.4937766352399433,0.4903808421358602,1.0,0.9984288669512168,0.9998699711335918,0.9986405075438504,0.4363562055819351
0.984683034078417,0.9824247747905912,0.9867920081698921,0.9848225615293914,0.9857280316230203,0.983582283620167,0.9873273977714987,0.9860446990188604,0.48187420575248385,0.4991435809267781,0.9676752342563996,0.972557542747912,0.9684029854627726,0.9765687476675377,0.5166690585086137
0.9867560069099094,0.9861281988108207,0.9892796354971329,0.988851742687614,0.9890931786856683,0.9881966652284829,0.9898917737378048,0.9893014312699887,0.5289934921100413,0.6120747569897952,0.99353504685128,0.996910105004059,0.9974254284451152,0.9958148957722452,0.8379371091158295
0.9900696225723709,0.9907521325405471,0.9919243761292522,0.9914505782903853,0.9918549918081816,0.9921311101523219,0.9927866929679589,0.9923433721217387,0.6376190981299954,0.6929688238799426,1.0,0.996648249495928,1.0,0.9984272538252388,0.8547569576602377
0.9919279694288855,0.9933112770392807,0.9929089528398232,0.9943003855269236,0.9931396770082959,0.9947540734348813,0.9938902809617745,0.9948955814144925,0.6663829734131167,0.6907110613196177,0.998429566036748,1.0,1.0,1.0000000000000002,0.6861955361989679
